time,global_track_id,x,y,vx,vy,prob
10.95,GT-0012,-79654.53543701205,26966.878856677282,-37.49544747228908,27.27973515030903,0.929
20.61,GT-0039,64343.47823336995,-35134.22346320499,-0.006671258859546593,0.5642397757974176,0.852
20.61,GT-0070,370476.8660525967,27819.99319678114,41.354557789647494,28.263394088018213,0.853
25.91,GT-0107,-80709.31862431699,27525.629115609234,-41.739538892027326,29.733466591697507,0.927
28.79,GT-0007,5353.481230419155,-70473.6151052231,0.8087202288579698,2.5079473408034745,0.889
28.79,GT-0039,64341.12322289041,-35145.6688262554,0.5780304434094401,0.6539310340257032,0.898
28.79,GT-0072,-3734.561480928267,-40124.05869691165,-0.9817721064345918,-1.2825664932645857,0.915
28.79,GT-0107,-80821.91581246638,27620.17673795125,-41.26052883546875,30.128450432518065,0.858
39.85,GT-0171,-81552.07979355098,28458.887324967913,-51.94354070363494,41.24298566490309,0.912
44.58,GT-0069,-77656.04662955349,-59308.23134078869,-0.2302337256577532,-0.2075041988875959,0.854
44.58,GT-0171,-81896.49146215642,28704.293152954382,-56.103634088645165,44.083913581638114,0.869
49.03,GT-0007,5344.567797342689,-70454.38731795448,0.7533849503226162,4.69012679956038,0.899
49.03,GT-0037,-69205.90784172616,9285.334973090448,0.09770497559329269,0.027596021349250016,0.867
49.03,GT-0039,64398.26809550519,-35061.37959674705,1.5422407801869173,2.082955466642762,0.895
49.03,GT-0041,55957.64721699899,-15487.222920315966,-0.28835823098417734,-0.0012464938718756875,0.861
49.03,GT-0068,57214.28463920881,19243.305316112397,-0.5142332277306331,0.18488035947898324,0.852
49.03,GT-0069,-77657.12045557807,-59311.104563303175,-0.21267094132840805,-0.2357910377377444,0.854
49.03,GT-0072,-3394.822343168249,-40166.997520163866,-1.962417712908489,-1.597515153283084,0.916
49.03,GT-0171,-82174.83864232345,28910.98780855538,-59.46159572172548,46.30806494736575,0.951
54.6,GT-0037,-69212.32132575348,9280.47360219452,-0.053230776855670764,-0.061752865988757996,0.863
54.6,GT-0072,-3382.489556027767,-40096.49461593996,-1.3240575084990427,-0.5126579254275802,0.864
54.6,GT-0171,-82594.98191687446,29159.712097731273,-69.44872273779175,51.32190595542416,0.885
59.44,GT-0039,64391.49570408008,-35085.398812543244,1.2297175008673509,1.799131741700438,0.854
59.44,GT-0072,-3346.0751418598406,-39957.445454768276,-0.7239913420594695,-1.1983345870691573,0.86
59.44,GT-0171,-82921.45438250837,29410.676630998467,-73.78606399909846,51.64267021768978,0.914
64.91,GT-0070,373199.31765763444,29667.80730549196,70.21001284924856,55.131542835062305,0.906
64.91,GT-0171,-83336.69398177063,29727.93395830649,-74.00183922773707,54.203596906354555,0.867
69.51,GT-0007,5234.810122360236,-71066.10209036242,2.9908348055530523,15.901502363822829,0.861
69.51,GT-0039,64331.574354925404,-35171.56992864329,0.7249122346056721,1.5084496098017697,0.879
69.51,GT-0068,57220.964346214474,19236.912041135987,-0.4463995199992747,0.2977921193112584,0.85
69.51,GT-0072,-3248.391583267242,-40001.882036202085,-2.7744270258732637,-3.7339319029884503,0.896
69.51,GT-0171,-83695.78499384188,29962.878757657396,-74.9119452826347,52.94189210145126,0.917
75.55,GT-0070,373822.9293704881,30212.461999650375,72.20503603275405,56.078313476349045,0.876
81.6,GT-0039,64319.25798848434,-35197.737614483594,1.3204850495998526,2.3006072526367576,0.87
81.6,GT-0072,-3200.75629273581,-39838.8305059505,-3.4225367077770676,-6.347074524457645,0.862
88.19,GT-0422,375038.4254101781,30322.17711744176,75.85204311029466,60.6131573970332,0.863
91.27,GT-0037,-69203.32763265025,9246.672797144645,-0.3975883349930876,0.2756845762734292,0.872
91.27,GT-0039,64255.44051801621,-35295.66642442796,1.430054581453345,2.5889866580083822,0.925
91.27,GT-0041,55964.1013270702,-15483.840578350162,-0.10180553580967766,0.20213933866384057,0.864
91.27,GT-0068,57225.49450676428,19217.59927101742,-0.4456722732933712,0.4565027924311027,0.859
91.27,GT-0069,-77635.65162508709,-59303.01740458553,0.02821368667845682,-0.15555140867920283,0.861
91.27,GT-0072,-2739.997946098409,-39337.03585435977,-12.764131493230387,-14.648307838682651,0.951
91.27,GT-0171,-85351.40097119877,31174.820165056906,-78.36627548164623,56.85896467913759,0.881
91.27,GT-0367,5548.13684061732,-69370.91794958916,0.8472415406903179,1.9095939224583753,0.92
103.89,GT-0068,-84764.62761603035,32076.79360864446,-237.5187859223991,78.23009519534958,0.862
109.26,GT-0524,-87022.27435410155,32671.07825765967,-85.58691095805608,66.25552796207054,0.892
113.62,GT-0457,-37832.00199393535,-13660.487774159834,-1.0528418492560947,-1.2706963630316166,0.855
113.62,GT-0524,-87434.86422437144,32956.71028577589,-88.79517937600995,66.73714647527338,0.917
119.44,GT-0524,-87958.60193600236,33366.22495024178,-91.51512955169983,72.35505678606572,0.929
123.34,GT-0457,-37645.69178009519,-13726.640283510176,-2.3595403665469115,-1.5846965164744848,0.881
123.34,GT-0472,378578.61219636,33492.99510079389,92.33698190790984,73.39488733849726,0.874
128.69,GT-0524,-88914.3755729496,34208.72536348577,-97.15192776116197,83.9620436567015,0.88
132.89,GT-0524,-89290.62867741592,34632.35846174278,-93.48620002088872,88.70611911557907,0.87
147.18,GT-0529,64705.172094964124,-34608.86646546672,-1.066744677219786,-1.5497665384243238,0.852
147.18,GT-0744,-90224.26760828959,36346.484876803625,-51.205419770170366,120.18678056567741,0.925
150.56,GT-0490,-2503.9049572232143,-39650.42188436406,-18.88885635002054,-5.141828392908416,0.947
167.81,GT-0548,-69228.49863162162,9273.531000167102,0.3823354597083336,0.010068852732727604,0.928
167.81,GT-0835,-3754.1315704137814,-40059.70324635607,0.495463184786907,0.263757705270645,0.923
167.81,GT-0862,-77670.48150414208,-59313.46331390972,0.15273175379443638,-0.013758914914586818,0.905
171.35,GT-0529,64750.42616509031,-34531.30212184354,-2.9063493496756,-3.9841511648146186,0.902
171.35,GT-0835,-3925.5954653070094,-40030.098460233174,-0.8187125080693521,-0.08339080306671653,0.895
171.35,GT-0931,-89739.2800691394,39475.7452461982,63.507725057727455,128.06813384401795,0.921
193.95,GT-1044,-87262.01311035534,41579.41896916628,131.85399326498626,76.46904445393066,0.922
196.71,GT-0835,-3477.5081734800806,-39947.16886258696,-1.0725818656152484,0.5516480603957968,0.919
204.64,GT-0917,57217.02209941094,19246.49232340176,0.22573116737052715,0.27498921127151243,0.896
204.64,GT-1082,5585.016227964633,-69140.81958114846,-0.6752015854812948,-2.248705593568648,0.885
204.64,GT-1108,375282.9804110412,41876.58998413269,-141.2663310578771,27.462019010315387,0.916
207.65,GT-0835,-3377.0881043749914,-39941.526655940856,-4.967671342126322,0.5090553025679849,0.917
207.65,GT-1082,5633.216951053878,-68828.69570490578,0.07124589355010896,-0.21901267254922585,0.937
207.65,GT-1110,64470.15615961314,-34992.16364809797,0.5144333720506078,0.5364001351951182,0.926
213.94,GT-0835,-3269.7613190793654,-39948.093541118404,-3.9135324483266873,0.8793185373862565,0.898
213.94,GT-0917,57209.105268124935,19245.407628511715,0.19415849083794856,0.22910355577091546,0.874
213.94,GT-1082,5548.947696438541,-69337.30556428707,-0.2379430964806078,-2.497185661384778,0.904
213.94,GT-1114,-69220.03900438054,9311.296504452295,0.42699421485488115,-0.005112237617770077,0.896
217.0,GT-0835,-2996.802435932701,-39764.03286144432,-8.537106747176452,-4.871979144824799,0.957
217.0,GT-1082,5506.287777647763,-69585.70050341389,-0.14925587166872278,-2.0446049245620497,0.923
217.0,GT-1137,-41359.16289848841,7018.231853979398,0.011668705646028954,0.9085197940284111,0.861
224.59,GT-0917,57219.731950824935,19247.79379165764,0.274814683159734,0.2868249874659302,0.869
224.59,GT-1110,64540.60185053878,-34849.49169054059,0.2615464204726212,0.20832713389718996,0.854
224.59,GT-1200,372152.5165256792,41107.01004158071,-153.75373205371278,-54.03751938971184,0.878
229.44,GT-1110,64567.2037689213,-34801.3273592895,0.7493970811183714,1.1172159048491102,0.878
229.44,GT-1215,-81851.33840946571,40947.42099832756,136.61720608709325,-66.64850582573251,0.898
236.24,GT-0862,-77666.62161798647,-59298.166799797524,0.15288101599385948,0.13991285113465102,0.861
236.24,GT-1082,5442.860024430692,-69801.68048284404,-0.11507753444516709,-4.607359517880265,0.878
236.24,GT-1114,-69219.35343534208,9303.015833844107,0.21790243763325692,-0.04056701597967985,0.869
236.24,GT-1232,-3711.7933284638357,-40679.773764369595,0.17032064181131668,1.0691510050535147,0.859
241.31,GT-1110,64523.09718405781,-34844.455963780165,0.12532028019087527,0.522221580504947,0.887
244.78,GT-0862,-77669.34150778834,-59296.64495572324,0.07992209875083064,0.15252352330686325,0.873
244.78,GT-0917,57204.03618593364,19213.566444747223,0.20711949170366878,0.4456119629116202,0.851
244.78,GT-1082,5458.222396150985,-69667.1153273952,0.3491628359967411,-2.4869988147811704,0.854
244.78,GT-1110,64527.796744282416,-34852.499552506015,-0.5368372429382979,-0.8125447487694033,0.863
244.78,GT-1121,55965.814911161455,-15450.541772247683,0.15474333511378394,-0.513483079916572,0.868
244.78,GT-1232,-3763.469687073296,-40180.29334270518,0.0822358159141578,0.49400565137206703,0.88
253.18,GT-1262,-78661.51579496899,38909.590658461035,134.34704556729451,-78.83515941902513,0.935
257.1,GT-0862,-77672.95434134957,-59298.09798497485,0.1122874355178083,0.11763829110971463,0.881
257.1,GT-1082,5481.826953274784,-69386.66501293247,1.0116936342321283,0.26875024861535124,0.879
257.1,GT-1110,64455.529867593956,-34966.0167168841,-2.0151679347755556,-3.1049269492703298,0.9
257.1,GT-1115,73805.03737440542,30519.42278158244,0.11725401270194931,0.41461834571002115,0.861
257.1,GT-1121,55958.05996737531,-15462.166028204068,0.010702985507539153,-0.5436277956063851,0.854
257.1,GT-1232,-3581.1789232300785,-40004.40829359174,0.7209516675772042,-0.6420761249052291,0.891
257.1,GT-1300,368111.98212631256,37848.136683560144,-131.49564401420236,-82.21000376733096,0.886
262.36,GT-0862,-77671.8299835038,-59296.68810765773,0.13868524556165074,0.09449818891651812,0.851
262.36,GT-0911,30558.451444597915,-2696.5386419624742,6337.162734703676,707.9716519078288,0.861
262.36,GT-1262,-77429.70622517515,38197.9445291666,139.58605509870245,-79.19049069604253,0.908
267.19,GT-1262,-76719.11596468085,37886.84054273777,146.31776440917432,-77.79381381368009,0.881
272.97,GT-1115,-325954.0069115936,-872.1578520412398,2617.5659668748726,205.26844760679063,0.865
272.97,GT-1262,-75818.58495517274,37469.86358689774,154.543778830419,-74.53030387187869,0.909
276.86,GT-1406,365140.066699422,36980.70432458337,-157.14162265516615,-73.92230395700346,0.876
283.06,GT-1262,-74230.01353526053,36823.254987902365,159.97319188788006,-68.35750765285498,0.902
285.91,GT-1262,-73781.69195713593,36631.34686942243,159.9745427671247,-68.39589418990583,0.853
295.37,GT-1445,5676.028884947039,-68620.52364346017,-0.47786495510371996,-1.8172938207527314,0.865
300.92,GT-1262,-71364.98886220125,35650.87283278697,160.24857417428046,-66.10865613178471,0.914
300.92,GT-1447,73789.45312432366,30498.04482206393,-0.256001272232332,-0.18945699894225637,0.881
300.92,GT-1485,64413.6009117162,-35012.23957218498,-0.5883198533567422,-1.2215238648820195,0.897
300.92,GT-1502,55966.45502317069,-15484.94313627166,0.23998981181406145,0.09173768159247273,0.88
300.92,GT-1558,-3715.579069345765,-40262.62595561787,0.4020071843524554,0.19809626335617786,0.85
303.81,GT-1445,5644.167327770627,-68717.57985387192,-0.6447124288834749,-2.1465989332615063,0.901
303.81,GT-1558,-3483.087704869949,-40089.552734701276,0.48119814655533794,0.42329955868516045,0.877
303.81,GT-1587,360411.74562859576,34721.07941206928,-159.4608727235142,-67.41266805219949,0.879
307.88,GT-1485,64578.77185043102,-34753.442933138664,-0.16061401758339128,-0.4198484465857346,0.871
307.88,GT-1502,55951.47185226402,-15478.116697040998,-0.1933677028645617,0.1559019726358764,0.863
307.88,GT-1531,-70274.10223732532,34950.23107110404,158.95948366472527,-66.2540153626269,0.929
307.88,GT-1558,-3435.3651694959067,-40023.310488070616,0.2432837028142509,0.5212128886571632,0.864
314.07,GT-1531,-69280.77617356148,34523.876920074574,158.1382385463943,-65.04018935546715,0.935
314.07,GT-1558,-3433.63239485602,-40264.30899590555,-0.14997051020640573,-1.665574847527624,0.892
316.55,GT-1446,57209.82097521361,19251.503098393103,0.10480344117723327,0.019248987441724257,0.875
316.55,GT-1447,73801.88570329851,30493.284986770035,-0.02474618442588622,-0.25426660774570675,0.887
316.55,GT-1531,-68865.5992227511,34343.87677659795,158.0772310124939,-65.58256603202827,0.928
323.12,GT-1531,-67776.88478382748,33906.437922652316,159.51060479742543,-65.9431723385505,0.984
327.98,GT-1406,357052.27065826964,33536.005321339115,-158.7656949345175,-63.73754735870768,0.853
327.98,GT-1445,5633.418410640437,-68812.2977575919,-0.13322240752046377,-0.04708608705304229,0.896
327.98,GT-1485,64540.630336458285,-34822.4111116865,-0.20558948797827914,-0.8648755415371148,0.894
327.98,GT-1558,-3352.6012244741687,-40358.762971223114,-1.4087994550158682,-3.6406344418932544,0.896
333.54,GT-1445,5673.163267961516,-68607.76712224113,-1.510319244567642,-7.715057196422792,0.892
333.54,GT-1446,57214.451741355086,19246.64363569054,0.03650938602630304,-0.04207360807605528,0.883
333.54,GT-1485,64495.07539941566,-34899.44391814328,-1.2438134516448405,-2.5949482210258843,0.886
333.54,GT-1502,55960.06908056884,-15480.410268183281,-0.03825651005487318,0.1618838949469431,0.883
333.54,GT-1531,-66092.96475261472,33197.26071299758,160.20489240291633,-66.25445172929237,0.934
333.54,GT-1580,-77657.92288801413,-59290.212843637535,0.04774877519655513,0.5652903717567658,0.871
333.54,GT-1691,-69226.34211550995,9280.293071833465,-0.2641744868368433,0.29483496368473455,0.883
335.94,GT-1393,280025.54415899306,22916.957427174082,1140.74859368458,103.64371276475373,0.897
335.94,GT-1445,5682.924655934794,-68554.39703681636,-2.276937339957864,-11.389356371103556,0.904
335.94,GT-1446,57197.35187185882,19271.414966028806,-1.0850613684375918,0.7364781903318779,0.947
335.94,GT-1447,73789.98586408747,30502.019085034506,0.03137563132786701,-0.13865830414379166,0.862
335.94,GT-1485,64457.11427555532,-34948.59964893704,-0.9723237137359985,-2.044049307574144,0.913
335.94,GT-1691,-69225.7365320706,9274.195150683403,-0.17858759225142623,0.06428912028039213,0.858
343.24,GT-1485,64527.24804060507,-34834.66678624571,0.5836627121521245,0.5611367533137632,0.893
343.24,GT-1531,-64498.33248770126,32545.456773542584,161.0137618055865,-66.06354438833738,0.929
343.24,GT-1558,-3242.2710284898967,-40263.69523880314,-5.241924883340195,-4.994269001265183,0.866
347.18,GT-1446,57195.86045724324,19270.6613448917,-1.0346549596447003,0.4840442313890811,0.859
347.18,GT-1485,64549.94248703589,-34801.66201375102,0.2637192874963372,0.039466231341634905,0.869
347.18,GT-1502,55966.302104708026,-15494.437575135871,-0.005445554404031605,0.01095266339076336,0.87
347.18,GT-1531,-63848.85846034246,32286.475534254907,161.92450172026227,-65.7584858572195,0.886
347.18,GT-1558,-3152.8364695706937,-40135.610162714154,-10.440656593875168,-2.1321743770009793,0.884
347.18,GT-1580,-77661.64728651683,-59310.41300399016,-0.08822304555377483,0.0001893541586073244,0.875
354.18,GT-1447,73790.71364122428,30504.375741489297,0.14026521024542976,-0.17639229805119974,0.867
354.18,GT-1531,-62705.586970169206,31831.29988753308,163.21033077491902,-65.27950675095899,0.885
354.18,GT-1558,-3011.141568958447,-40095.24840766236,-9.266383837551732,-0.44345323947250836,0.856
354.18,GT-1580,-77660.52528362501,-59313.18172022318,-0.00024498945961256256,-0.062495916630407274,0.871
354.18,GT-1789,5356.150734573529,-70353.61613576858,0.06924382536156415,-0.19179378900604355,0.858
358.79,GT-1531,-61943.75910123691,31514.137983487468,162.7924639639492,-66.47740140291184,0.937
358.79,GT-1558,-2725.523588168185,-39921.96041950721,-15.603062265689609,-2.7851780665270733,0.92
364.96,GT-1531,-60950.71356287724,31089.96587347705,165.2424912862963,-66.73772990583025,0.939
369.56,GT-1531,-60199.68054864289,30783.077339689793,165.00554732897052,-67.41798285672097,0.89
369.56,GT-1869,349542.1846894035,30756.5392591776,-162.84033708015613,-64.52956059931827,0.863
376.02,GT-1531,-59138.17141013559,30366.804847185027,165.57604546553833,-66.00407692506869,0.865
376.02,GT-1691,-69216.46361785702,9267.636876574965,-0.14779086378162848,0.12202403855012109,0.867
376.02,GT-1789,5358.510959891672,-70421.53491051073,0.21127535885836643,0.1130857300022973,0.854
376.02,GT-1915,-3335.2866784782045,-39886.478094170714,-0.033008768755612,0.5582531565458138,0.853
378.59,GT-1502,31629.59332434912,86531.76489651685,57.77012483754832,-240.51989446204422,0.957
378.59,GT-1531,-58726.84999544861,30195.24405340395,164.37810143442033,-66.22605588943969,0.907
378.59,GT-1915,-3415.104725893311,-39896.59576440163,-1.0647591347500427,0.3472538335748061,0.901
385.4,GT-1531,-57583.88752210755,29750.61783900416,166.4457950027587,-66.34308556491969,0.863
387.91,GT-1691,-69203.51852491486,9262.162495522107,-0.011225773711981413,0.0997625069961724,0.878
387.91,GT-1789,5342.993507754648,-70436.33181287197,-0.16778111374652527,-0.31768577896751005,0.876
387.91,GT-1945,57215.97027805534,19245.75883073931,0.28531661075255965,0.1159843047070993,0.862
391.33,GT-1915,-3346.970194075644,-39888.28489400867,-1.8421675492486982,0.01952907261766465,0.902
391.33,GT-1983,64751.03202674084,-34577.93123092825,-0.34477269227783597,-0.17154692632767676,0.919
397.14,GT-1691,233235.06623286748,23061.252706461142,2893.5592742285044,100.74373047862274,0.961
406.31,GT-1760,-40452.678626543144,-8025.018871608457,1.2894788901346879,-4.2720673438577625,0.877
406.31,GT-2082,-53802.74134519286,28268.64588036196,167.42443596353903,-66.27924459880319,0.863
411.17,GT-1945,57204.696059166774,19245.27669598705,-0.0011517696582480919,0.14459343418890475,0.856
411.17,GT-1983,64463.37366485512,-34997.084117821,-1.1260303631350679,-1.2352762663731485,0.932
411.17,GT-2082,-52942.77883463957,28013.237727440905,169.44240480113598,-65.47502408459029,0.887
411.17,GT-2104,73814.95952307506,30494.055676612672,-0.12633715750190905,-0.2908078268795987,0.854
416.46,GT-2082,-51989.872496426644,27673.58629424233,170.9127484058878,-65.85296818542858,0.93
420.56,GT-1945,57219.409824926326,19236.53881688028,0.269333493811352,0.09212252500643775,0.868
420.56,GT-1983,64578.25616735405,-34839.293637924915,0.15706678162237087,0.8840088691458412,0.912
420.56,GT-2082,-51291.02307808791,27408.077151940226,169.8879760738674,-65.74974045194588,0.921
420.56,GT-2104,73803.33203184581,30504.066612090377,-0.10050022764048339,-0.059597170225396096,0.873
426.85,GT-1915,-3020.382924492941,-39869.17591050932,-12.23327029210924,-0.37378116081975693,0.855
426.85,GT-1983,64596.99573351817,-34826.55072400422,-0.478648308507788,-0.025740152987122816,0.862
426.85,GT-2082,-50241.82199818026,26961.386794688973,171.06297496703226,-65.59997491529617,0.882
437.47,GT-2082,-48413.44139300884,26274.877433207494,173.22640973118246,-65.8877376855894,0.893
437.47,GT-2146,338271.9402106591,26006.01000067212,-175.10736367303153,-65.01308870932228,0.911
443.46,GT-1983,-31068.87940672358,17298.77678256959,-209.26758690577313,137.89924119622293,0.935
447.28,GT-1954,-44166.262550104904,22059.20978992294,121.321094533941,21.08742534407053,0.885
452.72,GT-2082,-45749.5165342819,25304.54356410777,174.8668490556926,-63.54989430380503,0.934
458.11,GT-1750,-303721.1171733068,-90457.91691178695,11043.242269571912,1962.1680484100664,0.876
458.11,GT-2266,334431.5179546275,25296.53910359634,-177.29982561706643,-63.22655397117055,0.87
458.11,GT-2284,-4717.300764664798,-39923.19541165514,5.177866476285877,-2.0788750666781532,0.875
458.11,GT-2337,64657.65757630686,-34654.48920343723,-0.5725970920590115,-0.3234264056155707,0.856
462.81,GT-2234,-39830.084508594904,-13922.893000087526,20.69595849795666,4.1946901644196375,0.896
462.81,GT-2266,333608.07324840577,25018.55952730826,-177.63542500149188,-61.98490273570298,0.904
467.35,GT-2284,-4570.2992718578735,-39831.982821134596,6.61248167800742,-5.024602445923562,0.86
467.35,GT-2415,-43112.529155415556,24572.389295931454,177.53288988051108,-62.10894691778429,0.952
471.67,GT-2082,-42398.604368224514,24107.75113525118,178.82885798491955,-63.5913665749428,0.886
478.21,GT-1945,268204.6505778098,21966.958562234217,1138.7733923569256,-29.782348462420956,0.881
478.21,GT-2352,331279.4673959559,23786.341213456577,-182.65186869529657,-64.36938281395983,0.875
478.21,GT-2415,-41127.65207805794,23851.964442105134,181.18594797587477,-62.153189084123085,0.969
481.53,GT-2142,55945.667200516575,-15490.457620181767,-0.04238017054350995,0.035926043712413605,0.862
481.53,GT-2415,-40528.130630286985,23645.26588783551,180.57678506459584,-62.40644576031353,0.915
485.48,GT-2284,-4617.388216371657,-39748.71202383693,5.110041232771128,-3.3953774007028095,0.905
485.48,GT-2405,5633.273711822909,-68763.03319850429,0.32292056072008957,1.176182514474145,0.896
485.48,GT-2415,-39804.757256619785,23375.875421103316,179.70609433523947,-64.66117442936167,0.882
485.48,GT-2438,-40599.43800803708,9201.848514743913,-2.7410375715288646,-4.8264275981598725,0.873
491.55,GT-2415,-38694.02888419168,22980.23751041741,182.7342642615582,-63.70777368252523,0.907
503.79,GT-2105,-69220.12198171552,9276.913973578905,0.15122867889490088,-0.10248423979738162,0.856
503.79,GT-2284,-4904.647534700069,-39644.47342598084,14.611846152152093,-5.257364287766382,0.854
503.79,GT-2337,64515.84828982041,-34845.74660734617,-1.9079410446569103,-2.709722197112669,0.855
503.79,GT-2405,5626.389039381332,-68723.8246020621,-0.5492104932234876,-3.6038057669568353,0.869
503.79,GT-2415,-36455.27948658672,22190.270372942974,183.30252578208845,-64.69111855635516,0.883
508.83,GT-2352,325557.8869918215,21768.32338813514,-185.26286415240307,-65.74459723130224,0.852
508.83,GT-2415,-35512.629116107346,21830.097182896912,186.8809200697084,-67.64376849899945,0.872
512.19,GT-2337,64595.99612850965,-34763.00591484473,-2.7133232876498914,-4.425484534644059,0.933
512.19,GT-2405,5677.927491072449,-68457.2485586916,-0.3504850822387524,-3.555890220286247,0.926
512.19,GT-2415,-34888.41560208441,21613.63819108941,184.00534163883313,-65.54741374105853,0.889
512.19,GT-2668,-3919.903707098618,-39221.24055276471,-1.883341450819585,-0.03884979960218027,0.914
518.66,GT-2415,-33679.312511725824,21186.53760202545,185.86334425138406,-66.55576997905494,0.889
523.15,GT-2337,64701.64824299158,-34607.06712363644,-5.183345682733687,-7.9541569264345355,0.876
523.15,GT-2405,5699.402669937702,-68296.29172177865,-1.4587077467442757,-9.214579989054792,0.887
523.15,GT-2668,-3544.0412618365435,-39661.28827892221,-0.4100877981835905,-1.6457868075563815,0.879
528.2,GT-2415,-31882.867374506106,20563.687360605145,187.13396037343878,-67.60590197713579,0.933
532.39,GT-2405,5754.603702900307,-67952.46455001635,-2.8583389604580933,-19.45989908749684,0.874
532.39,GT-2415,-31097.621342006238,20274.57900606403,186.4059298666904,-69.03183012548136,0.888
532.39,GT-2668,-3355.991865622429,-39696.292804148325,-1.1961740731243917,-1.7473087700880008,0.855
537.18,GT-2352,320214.3882974987,19860.092777328144,-186.80517378943165,-66.23882698509436,0.88
542.32,GT-2415,-29227.033419311334,19617.626456165955,187.87006063371103,-66.93309827990916,0.887
542.32,GT-2715,-37691.28006002851,-13774.243113132634,-0.29541770508716414,0.9527856131547683,0.894
548.93,GT-2415,-27975.667143226234,19177.43360945474,187.05856657983105,-68.5489480220339,0.875
551.81,GT-2352,317408.4567913829,18902.25643986433,-187.45615841879254,-69.24840248668666,0.862
551.81,GT-2438,85224.21456582667,53177.445204916454,-1315.6842812504767,-450.52957321609586,0.888
560.27,GT-2634,73783.38394355461,30494.4779041109,-0.06260422889428216,0.14218678986999103,0.883
560.27,GT-2649,57214.03223734758,19252.980978647654,-0.08284645379418147,-0.2681874197151752,0.893
560.27,GT-2668,-2940.0620190818663,-39602.55716986978,-7.533382604536772,-4.496363267565723,0.902
560.27,GT-2708,55960.59502295141,-15496.964401078145,0.02523529022120962,0.18296202019649555,0.886
560.27,GT-2710,-77661.95509146478,-59303.18590086954,-0.17215110184163065,-0.08685530416946274,0.883
560.27,GT-2773,64644.675975817845,-34641.78238503843,-1.2582147147533878,-1.9983982027284275,0.912
560.27,GT-2870,-25866.449137348285,18254.743847184087,188.61325241105638,-67.81958698874078,0.929
565.41,GT-2668,-2854.7002897763955,-39414.42550706427,-9.665706411095545,-10.846220587197944,0.875
565.41,GT-2773,64638.868701861706,-34647.71383219296,-1.1547862117025436,-1.8471789528643425,0.877
570.2,GT-2870,-24001.22050038783,17577.810888567175,191.42633277969642,-69.65268152191024,0.968
576.48,GT-2634,-85583.17713785941,10765.610157144054,314.3580245640575,-57.642204040761115,0.896
576.48,GT-2773,64717.231977287425,-34519.28948532587,-0.7344166237245864,-1.258471484352425,0.869
579.89,GT-2870,-22182.300398681557,16934.625680473844,191.27943885413407,-69.18417391787173,0.864
587.72,GT-2649,-37577.824867325886,16308.325247607387,185.38434317481247,-69.79991349703855,0.906
587.72,GT-2715,-37536.66317243187,-13909.30448217583,-2.036244660400955,0.699977708088767,0.87
587.72,GT-2930,-27281.448807318255,71093.86629353889,0.6111446421072599,0.01527636664696469,0.863
596.09,GT-2990,308369.1738139143,15518.037303728903,-197.92373738385638,-69.96090962362605,0.873
600.48,GT-3006,-3668.432137370204,-40169.73893730451,1.5605075112351805,-1.272198138423613,0.878
608.13,GT-3088,57217.1949958886,19262.125326279605,0.1308660557988813,0.14874395720473016,0.851
608.13,GT-3114,-16323.378784751962,14809.465976612368,200.73395171897337,-77.89697039103008,0.913
616.47,GT-3006,-3470.3002980116257,-40056.62430094832,0.5652037358584954,-6.325317387745471,0.941
622.8,GT-3006,-3486.6556509713027,-40067.39701140442,0.910302885012291,-6.53233760701659,0.859
626.58,GT-3006,-3377.421088441448,-40002.684804030294,-3.4826752979893456,-5.790742494256637,0.887
626.58,GT-3029,5355.679454858527,-70442.76795404793,1.3696853828650366,6.678877347976124,0.88
626.58,GT-3124,64501.13918197776,-34911.514259903954,0.09848379672261054,0.3239004238870728,0.891
632.07,GT-2974,-69246.3802152378,9276.908652497656,0.23476663610081355,0.3122953048277223,0.879
632.07,GT-3006,-3313.306946426202,-39895.44601483536,-3.0473548101374304,-4.8807674989591,0.884
632.07,GT-3029,5334.359357270398,-70522.84564562798,0.8727546124110177,4.448234844918974,0.891
632.07,GT-3198,55941.65898911486,-15481.82163999619,0.13232142704942534,-0.5668158582767897,0.867
632.07,GT-3222,302282.8600568787,11995.347969497483,-167.1713216795917,-129.7246954308343,0.877
638.94,GT-3212,-11007.502365960476,10815.205211104052,163.52031833875245,-135.7792119172817,0.868
638.94,GT-3222,301183.3040134258,10943.73911114012,-165.2038419947758,-141.24177663671588,0.92
641.89,GT-3212,-10548.882324456397,10450.044799338228,164.44076283159336,-137.2568393020874,0.94
641.89,GT-3269,-4889.688163096955,-40603.260956050406,-0.8426426284744299,-0.6682398383214881,0.874
647.07,GT-2974,-69262.6535055205,9275.456168883651,0.5672739874660881,0.3912906016397805,0.875
647.07,GT-3029,5336.5051242251575,-70568.70373042925,0.8595381207770061,2.6950652289686277,0.876
647.07,GT-3050,89949.44420170053,-38195.257842686224,4.598163301500323,-4.479886808794347,0.853
647.07,GT-3124,64439.43826082828,-35002.243149614376,-1.1918501049023853,-1.5149726917637256,0.883
647.07,GT-3198,55942.80423294132,-15483.504345216365,0.07980954815917392,-0.2724873663952159,0.859
647.07,GT-3269,-4276.718453703547,-40329.69775631144,0.9201748631966036,0.23013374984562485,0.882
647.07,GT-3300,299328.5495470149,9890.92457045328,-165.4439540416438,-136.95134262136648,0.863
654.36,GT-2930,-27296.798852109267,71085.99567409244,0.21573024968968932,-0.0062683477423315925,0.862
659.1,GT-3157,-77654.30033685152,-59316.262292666914,-0.3567112796141859,0.008527881237356608,0.892
659.1,GT-3212,-7627.7350492171,8071.44676418792,165.08206134963785,-138.66108616666213,0.887
659.1,GT-3300,297381.51767768967,8499.771127698383,-163.68384176783331,-139.55115433436103,0.887
665.82,GT-3212,-6507.224371577677,7110.287121206137,162.9799515957394,-140.6612544286714,0.94
669.34,GT-3212,-5907.870044458973,6607.430697452028,165.967927886305,-139.9817280282849,0.884
669.34,GT-3300,295744.4418946676,7126.9760771575375,-164.47450425585902,-140.25446762928024,0.899
669.34,GT-3356,73819.482780267,30513.278094029723,-0.0701547932254593,0.36426112032047153,0.873
672.65,GT-3088,48586.33992987098,10588.61841379766,-959.7639843870465,-243.616398621987,0.921
672.65,GT-3269,-3749.1620061219905,-40137.268792635616,0.1617216036391273,-0.7480080562137896,0.867
681.47,GT-3212,-3947.5082865043623,4908.126941528808,161.0135668153589,-141.82895386429252,0.986
681.47,GT-3394,293787.9962652247,4972.730371793849,-160.46653377606515,-141.68441190461337,0.884
685.23,GT-2930,98132.04380985003,58079.65300427561,-965.9751924246441,100.0988643627978,0.901
685.23,GT-3269,-3522.5082942568333,-40085.0269686431,0.29360754419920243,-3.752724004996046,0.922
693.36,GT-3042,-12121.665997748018,-3951.051688329124,352.92977092771804,-20.775038913820982,0.856
693.36,GT-3157,-77653.5735093906,-59303.258584686766,-0.4085690190371413,0.15196550502425427,0.853
693.36,GT-3212,-2075.2592976326314,3171.780680046159,157.35937085131965,-148.45115409951703,0.867
703.08,GT-2939,12362.96483404262,557.4426230279367,-146.9830070572536,-173.31590679281842,0.903
703.08,GT-3198,55929.76696122567,-15489.655211705263,0.33047876811391863,-0.19545525029143976,0.854
703.08,GT-3356,73831.41271601459,30519.07279103083,-0.15891136703765135,-0.04425377732197402,0.873
703.08,GT-3391,64589.365881822036,-34732.250666256004,0.630960881208598,1.3428447298865396,0.895
711.79,GT-3269,-107.46900764183357,5241.989260623078,104.81606716835998,146.690553754298,0.883
711.79,GT-3391,64511.19745632386,-34864.07285519363,-0.1343879446357219,-0.14836263498564983,0.908
711.79,GT-3523,5378.886908280312,-70497.62042438901,-0.38648777200134776,0.45605275380536203,0.878
719.74,GT-3356,-45539.78513927462,-15331.89347986559,307.6329288619976,-126.70605878320643,0.961
719.74,GT-3357,-69215.8059261421,9273.416976374425,-0.015253815012773092,-0.2615134366916273,0.86
719.74,GT-3391,64499.97391311247,-34882.81258655716,-0.8047343853140959,-1.2208286439002154,0.851
719.74,GT-3541,288553.17297239316,-1413.1495044207004,-113.43936314705887,-184.92407446379517,0.871
724.64,GT-3357,-69207.45776361735,9273.505158607968,0.12423928063698897,-0.242059641245338,0.876
724.64,GT-3391,64579.724335637,-34751.903327808315,0.17037076297080644,0.3890857896734273,0.932
724.64,GT-3578,55944.15277101263,-15478.949455237142,0.4141322013331613,-0.16943627913696663,0.87
730.24,GT-3357,-69210.42721135319,9270.533464984552,-0.019902493282274406,-0.28429820666233524,0.875
730.24,GT-3391,64512.40346860482,-34854.17531858168,-0.8658641506681073,-1.116790629145919,0.894
730.24,GT-3523,5397.479795941235,-70248.40978055906,-0.010786305218821297,1.1299976901982667,0.881
730.24,GT-3545,2212.4555992624632,-3692.9047183337207,109.26541758361991,-185.53733561468496,0.881
730.24,GT-3575,-3360.893887589634,-39961.54079573983,0.0358558333733763,-1.2936583058177382,0.858
735.62,GT-3391,64500.848246077374,-34868.600584715656,-1.3234349170795259,-1.7799038269702234,0.869
735.62,GT-3457,57204.840029064915,19251.135393816206,0.062357134945139475,-0.5149679703822562,0.867
735.62,GT-3545,2828.2625683444,-4760.996338867978,110.92653571055088,-184.82339402119487,0.891
735.62,GT-3575,-3356.903340567234,-39939.97623250712,0.04634826051678378,-0.9068181620615612,0.872
735.62,GT-3578,55961.74209128642,-15492.663566601072,0.5514888735053475,-0.1887224385492669,0.873
735.62,GT-3606,286985.82657759904,-4943.852070839579,-111.18691735465575,-185.515468195361,0.898
740.24,GT-3357,-69214.69508588454,9273.750910276962,-0.21450032931588903,-0.28204751067853945,0.89
740.24,GT-3545,3341.094411304131,-5609.347423188783,111.49162566549182,-185.27444946983067,0.935
746.98,GT-3391,64569.39909616143,-34773.41025641224,-1.5933918519480081,-2.6239156090598144,0.908
746.98,GT-3523,5393.587565677399,-70383.81372512341,0.24976262961779325,1.1202206502875702,0.899
746.98,GT-3545,4093.621547602744,-6862.188663232824,110.04955522220651,-183.8286676222905,0.945
746.98,GT-3707,73789.4706610713,30516.37298054292,0.04529057362087213,-0.19746803958328413,0.882
749.18,GT-3357,122258.71513704187,-7311.796003460644,8856.79865741729,-177.63959311386265,0.945
749.18,GT-3391,64571.43859209721,-34766.30218769365,-1.1816179071400996,-1.9325450848649828,0.908
749.18,GT-3523,5368.322670418675,-70500.88737519454,0.47376047957975503,3.2894735295141206,0.912
749.18,GT-3575,-3156.2363058670885,-39738.764735863326,-1.3696898975332787,-1.6574598882214377,0.915
749.18,GT-3578,55945.2551558493,-15485.318758310395,0.007618328945424399,0.040136911716849744,0.871
749.18,GT-3707,73799.49591978236,30512.263313603096,-0.014642620633038228,-0.09199762392590576,0.862
755.87,GT-3545,5078.4612248427065,-8527.64576415085,111.23207701156927,-185.72685466447248,0.917
761.09,GT-3545,5664.841280145248,-9497.800743306554,113.09947603535764,-186.89439095545706,0.875
761.09,GT-3711,284422.13746533095,-9266.596268748504,-112.7621486019856,-186.4401127787983,0.934
761.09,GT-3801,284167.3076813981,-9510.73724590484,-113.60477421496532,-184.0081257214497,0.861
765.09,GT-3545,6119.258462433764,-10259.627879994548,111.86036548284677,-186.69471033215459,0.882
765.09,GT-3575,-2626.67236625062,-39258.066507113814,-14.462347287731237,-14.441733377864368,0.946
770.1,GT-3523,5248.420060890609,-70800.49580609715,3.5055907994867224,6.903643169418368,0.876
770.1,GT-3578,55943.90733546685,-15504.20587803371,-0.11515478530697164,0.07074576253862415,0.863
770.1,GT-3816,6891.3762917516915,-11397.709422214022,112.30401949615742,-190.79982053979936,0.866
776.32,GT-3523,8463.15219602563,-35054.435203938665,26.387287469571845,1980.074679839352,0.911
776.32,GT-3816,7608.976402179504,-12541.773219269082,113.62573056215697,-189.17094031471873,0.884
781.46,GT-3784,281718.3321774537,-13926.14017290742,-117.76275204291541,-189.8061069994485,0.853
781.46,GT-3816,8200.93311141692,-13501.182541928223,113.0978797597324,-190.073907243255,0.982
789.77,GT-3816,9146.955771940937,-15083.065379741181,113.78463866863935,-189.2018312077039,0.856
789.77,GT-3940,280468.1196944929,-15075.713848642958,-114.47818975671396,-191.26346604870633,0.95
796.86,GT-3677,154862.78059090584,6066.230483319279,1549.0360537298027,-500.792946499973,0.854
800.04,GT-3578,332525.6530337224,-14026.277098540204,-568.5779953251792,-204.1177140952198,0.899
800.04,GT-3707,73808.1212390322,30504.896509278224,-0.15059402703265054,-0.12325451946079073,0.874
800.04,GT-3712,-77663.50094730606,-59306.02640159698,-0.11663671186833602,-0.052700309308028326,0.892
804.11,GT-3816,10871.24378787938,-17847.064711978375,117.60847431191415,-191.87608933881071,0.909
804.11,GT-3870,-3336.461290937651,-40496.001546807296,-0.7256289036944983,4.013799906002651,0.865
810.45,GT-3801,278260.82452145487,-19001.100376866056,-120.16725864038152,-193.84019296831838,0.87
810.45,GT-3816,11632.637054700504,-19039.411315974325,118.95915739005048,-192.6920115414432,0.894
814.31,GT-3816,12089.479922378578,-19764.857059786296,118.92555506166826,-192.17418686742155,0.877
814.31,GT-3870,-3361.186415753692,-40746.44339793854,-1.8825771382618421,0.304184447876208,0.908
814.31,GT-3971,64215.81806786217,-35332.84074062757,0.4580476944091334,0.5255357787463278,0.901
826.7,GT-3816,13519.125905790306,-22182.39041996029,118.78555710912804,-192.9498000193601,0.874
826.7,GT-3870,-3130.474492219753,-40571.56950774263,-5.905884847971755,3.0366444660554595,0.922
831.92,GT-3801,275695.07827016833,-23154.538568653752,-118.27806630074498,-193.63351318368183,0.867
831.92,GT-3816,14126.117806680551,-23185.351597665845,119.64730535856546,-193.36879485516084,0.919
835.67,GT-3531,77517.36622417049,-140369.20031362778,-119.00625301983716,760.1131751894471,0.888
835.67,GT-3870,-2970.9923505908555,-40646.94024977356,-8.653112565956473,-0.8170516560777594,0.919
835.67,GT-3879,5647.702386100328,-68739.79137421968,-0.4712840065218069,-3.03333490218711,0.928
835.67,GT-3971,64180.60163374637,-35384.35659892621,1.3602553775349322,1.9917980668313229,0.914
842.98,GT-3816,15437.552199023232,-25351.541373865075,118.80712508727656,-197.22833431830537,0.881
842.98,GT-3870,243747.77336933668,-28353.870628947647,980.7887543800294,-102.71610048431532,0.97
846.58,GT-3879,5607.22337038079,-68956.43974362814,-1.3231621657521262,-8.416406199995556,0.896
846.58,GT-3940,273701.71602165856,-26128.561729441062,-121.92446611226995,-197.30656202399985,0.853
846.58,GT-3971,64193.83504277125,-35357.89548702237,2.337754815049456,3.7382110324761015,0.906
851.76,GT-3816,16505.524450344703,-27058.601109618725,121.3247916385425,-196.3245529432059,0.911
851.76,GT-3879,5613.611174373242,-68862.43022421275,-2.49635155701461,-14.985731546958837,0.902
851.76,GT-3971,64178.04245193688,-35375.38253855818,2.584220753587168,4.065510144031688,0.867
851.76,GT-4035,57161.82060368717,19246.823174075613,1.0252270111054547,0.04860766515176682,0.896
851.76,GT-4037,55972.1467584428,-15486.706882564607,0.0719368634936969,-0.12729930929931574,0.881
851.76,GT-4161,-77647.40775987704,-59315.27488995781,0.343933009131966,-0.39718306721933966,0.876
851.76,GT-4177,-69239.52749637491,9289.584329224854,0.24392931973527374,0.1330723622668689,0.867
851.76,GT-4202,-3968.216732033916,-40201.520319934854,1.0107329173837263,0.8679903992072924,0.878
857.25,GT-3879,5658.268997388128,-68570.4302012392,-3.5626088290416518,-21.171599131565905,0.904
857.25,GT-3940,272329.31694839377,-28279.777405247987,-122.8536229125725,-196.7605903262114,0.89
857.25,GT-3971,64136.743940484615,-35438.58132653428,2.5882619291726936,3.9998701797165976,0.896
857.25,GT-4035,57156.1108049136,19245.76440040836,1.1134953222546964,0.031018465666616216,0.9
857.25,GT-4037,55978.06695813965,-15481.862850624431,0.15723424620388302,-0.07067873814427773,0.909
857.25,GT-4161,-77861.37493730886,-59676.36214835113,-0.28989956269607375,-0.5457524217412689,0.917
857.25,GT-4177,-69229.05884384578,9281.259687765447,-0.004921761380262589,0.036171349222166,0.902
857.25,GT-4202,-3795.650420766969,-40117.700894279355,1.430356408412378,0.9767115053207824,0.902
859.36,GT-3940,272058.69487394346,-28694.462441529107,-122.18132612305159,-197.36195919437438,0.851
866.25,GT-3940,271182.00716119836,-30019.583205171635,-121.9018239783727,-196.93152300710042,0.872
866.25,GT-4202,-4083.842228318332,-40020.44210800613,0.5616733593993469,0.6829130542189158,0.898
871.41,GT-4202,-3916.469963740135,-39960.68519018751,1.8610376777563615,-0.3776040411162378,0.873
877.53,GT-3940,269893.44811138284,-32252.299249030668,-119.14948428961856,-197.889469733425,0.861
881.93,GT-3816,20113.16667160973,-32990.570109888686,123.46155184045044,-199.2468179545034,0.9
888.46,GT-3940,268543.1234373348,-34388.85737621013,-120.88021799724689,-197.67323166670633,0.909
888.46,GT-4202,-3918.2642642256706,-39689.980832359746,1.7606733697062564,-4.725034186235503,0.879
888.46,GT-4325,64624.19524002404,-34665.43345200512,1.0833443966115426,2.1966937871517436,0.894
888.46,GT-4363,21247.46832947288,-34571.79292378524,122.76489732263136,-197.75967786480555,0.853
891.98,GT-4035,57096.79676136803,19237.875414650214,1.693630739148194,-0.1915268065726119,0.862
891.98,GT-4177,-69228.8776919555,9290.237490250513,-0.06560724084015009,0.012378275016610152,0.871
891.98,GT-4202,-3989.9909005553436,-39645.45519202623,-0.923551688468595,-5.321219611868739,0.903
891.98,GT-4325,64474.73250130412,-34928.26484626205,0.2892444193155705,0.6388629863672652,0.91
897.73,GT-4202,-3927.3985055811117,-39413.42109359812,2.0392479787128215,-7.392740305545127,0.898
897.73,GT-4363,22364.90747559535,-36412.23889791376,119.19496008493455,-197.61856400673636,0.897
902.09,GT-4035,18198.247766145818,-42957.9096500144,95.04200819352327,-233.15592129345617,0.902
902.09,GT-4161,222308.11914961023,-41515.562855170974,1509.1375840679614,-54.13460295661177,0.869
907.52,GT-4275,54145.394680505626,8364.980400372291,-4.93517983666413,0.16530709357171453,0.859
907.52,GT-4325,64384.12578718993,-35049.5182508768,0.07137746225123265,0.5301413403365515,0.878
913.24,GT-4363,24317.06879866332,-39538.42040447941,124.19870141798262,-200.71387325575347,0.919
918.25,GT-4363,24926.779442659656,-40560.67071548841,121.82303537846173,-199.0460333080938,0.86
923.15,GT-4287,5367.400661237725,-70347.1562439196,0.3037749617349499,4.13976688894001,0.858
923.15,GT-4325,64479.35983662596,-34894.18862908598,0.9259261782045285,1.7111588751230538,0.871
923.15,GT-4363,25510.816271858075,-41523.54841489419,122.75599693859452,-202.26663819440094,0.912
927.71,GT-4363,26069.648205245994,-42464.40073365093,121.48304959074541,-198.48926124671235,0.884
931.99,GT-4363,26587.785961124984,-43317.57754984895,121.55566871449012,-198.56545479290278,0.88
931.99,GT-4478,-3660.757365793654,-39970.930274015496,-2.0307754690787734,-0.8024494949341882,0.916
935.54,GT-4363,27001.830992065883,-44083.33877861812,120.89334125900996,-201.2599638399369,0.851
935.54,GT-4416,262967.6942282403,-44453.9924131814,-120.61400820644214,-195.40810372057558,0.9
941.62,GT-4287,5289.984423056196,-71051.40194851179,1.5493833070818437,12.393233333867952,0.865
941.62,GT-4325,591021.0854457964,-47204.62325768922,-1304.382944302087,-195.3091680777127,0.885
941.62,GT-4599,27642.659663534814,-45618.73627849112,122.8516752949187,-199.78042666082789,0.855
944.72,GT-4432,57228.69221114629,19255.96841390339,0.05462855510532538,-0.2717565193208915,0.895
944.72,GT-4478,-3703.584492570122,-39740.097887361364,-2.965810258853527,-2.5024580227040687,0.961
955.47,GT-3940,260472.56185838947,-47846.323227895926,-120.50732481503873,-199.8008174720229,0.853
955.47,GT-4478,-3878.795289677779,-39730.72986361662,-7.6390776929090425,-3.473705367756004,0.899
960.08,GT-4416,260044.51767284094,-49317.939114792796,-122.78584158091778,-199.7973902701598,0.902
968.89,GT-4432,57235.703427946,19271.60636464419,-0.07891689453590367,-0.20888343122258696,0.851
968.89,GT-4478,-3670.52938027937,-38959.20021273407,-1.265976307182428,-16.93754701047066,0.93
968.89,GT-4599,31033.671880442842,-51121.891265356826,121.20693163902591,-200.55996318091283,0.873
968.89,GT-4628,-69220.41528901493,9293.696390726867,-0.1406960065938874,0.23649321582516114,0.856
968.89,GT-4650,5332.839190854962,-70570.61448313856,0.5355926032941859,2.556306371150626,0.923
968.89,GT-4652,-77659.42487884055,-59294.208374640526,0.11795889036156629,-0.07513731115104176,0.865
968.89,GT-4702,64535.48587398235,-34829.818689044936,0.379510704615734,1.1089191490371944,0.934
968.89,GT-4715,55941.49287164793,-15490.044908944768,-0.4097619040410868,0.1993369341055317,0.868
975.07,GT-4599,31787.504152505277,-52337.410215850054,124.54586707928374,-198.42395867282923,0.88
979.92,GT-4599,32409.420501175355,-53315.702443425835,122.96154384905272,-197.9217523021037,0.89
986.53,GT-4416,256755.1177546472,-54625.137510973414,-123.10020138999697,-197.79284077272007,0.908
986.53,GT-4599,33159.434732677444,-54646.43309069462,120.92813014485898,-196.7418506405535,0.887
990.94,GT-4599,33678.03695207836,-55518.12689101407,122.24343196423699,-198.2671016197694,0.909
990.94,GT-4625,73820.20604243597,30501.76939425431,-0.4365671877363535,0.1642188842775868,0.86
990.94,GT-4702,64419.625931284696,-35023.57822149907,-0.8520983705913301,-1.2392621587220283,0.861
995.51,GT-4734,255510.5471558757,-56663.00853978399,-122.15663556826851,-197.61846385501073,0.896
1000.11,GT-4846,254630.6350801317,-57249.939986860794,-121.68789611204497,-200.4033251631355,0.86
1004.46,GT-4599,35270.228906096156,-58227.2011296237,122.19406290983396,-199.55620886141034,0.918
1008.75,GT-4705,-37572.28063272248,-14002.929194203603,-5.756788169538079,0.3795502173156957,0.898
1018.84,GT-4798,-3591.7294256786226,-39870.280803885755,0.8039391789099325,-3.2841826143442563,0.951
1018.84,GT-4863,57204.515318635116,19222.08403952756,0.12659452861995504,0.20309530038321505,0.881
1025.86,GT-4705,-37125.12098543685,-14271.013757140145,-12.176475932014716,6.649244941371236,0.861
1025.86,GT-4957,38142.9054395445,-62863.212376323725,122.07619163788783,-201.4062413642174,0.873
1029.67,GT-4957,38608.32108134122,-63590.00532116783,121.95178108767664,-202.37621430489742,0.85
1035.27,GT-4957,39325.77107214294,-64731.418293260744,121.42156386406471,-199.91290128447244,0.932
1039.43,GT-4715,276276.4644809914,-70394.1825143217,46.93691382781845,-237.47215312504284,0.899
1039.43,GT-4734,250063.28271321804,-65550.13920573238,-123.71856415658533,-200.74963138193738,0.901
1044.91,GT-4734,249392.90136507316,-66655.37211342089,-120.32556630261845,-203.479164874931,0.876
1049.83,GT-4734,248894.7136968059,-67654.97838972694,-119.97862752212471,-202.48901422545853,0.927
1049.83,GT-5020,5364.8401026006395,-70442.7088913252,0.36343540935927227,2.352202522977335,0.858
1054.61,GT-4734,248343.2213268377,-68625.62076723576,-121.9260938336936,-201.4566229768537,0.875
1054.61,GT-4957,41697.41959588655,-68610.59735255723,122.23526741360493,-199.04766612565047,0.901
1054.61,GT-5099,64675.49548577868,-34632.55787130782,-1.2913804443809453,-1.4680256090798518,0.861
1054.61,GT-5153,-3602.383741439732,-40421.312650265456,0.15532776334977272,0.42893309396216467,0.861
1058.66,GT-4957,42190.41177255879,-69424.877207243,121.15913973325664,-200.4863115772747,0.956
1058.66,GT-5099,64782.720761375334,-34462.54995546552,-0.2714462619070641,-0.10733485949916832,0.909
1058.66,GT-5153,-3846.9368670044655,-40238.12162270018,-0.7670367962625687,0.6134150727044207,0.922
1065.05,GT-4734,247076.4507358065,-70740.23162379464,-118.55188843121256,-199.9105271105992,0.89
1065.05,GT-4957,42978.54948962419,-70675.48202730017,122.07565471849969,-200.07442437778292,0.868
1068.51,GT-4734,246679.94101029285,-71439.96870347181,-118.62499106856234,-199.87751155145338,0.881
1068.51,GT-4957,43443.18037359335,-71371.74328082189,124.00499860943484,-200.5839453589008,0.856
1068.51,GT-5099,64597.83046998768,-34767.609866183724,-0.49331631468452886,-1.1882418647266995,0.889
1072.95,GT-4957,43982.99247687144,-72250.10160650969,122.39192424225553,-200.36709403861252,0.915
1077.64,GT-4957,44536.81377011706,-73160.45554578803,121.2377498139236,-198.8727857039041,0.856
1077.64,GT-5020,5346.198990181777,-70457.5519323861,0.9554419302345093,7.866206654274062,0.864
1077.64,GT-5099,64653.86781090734,-34681.51300452698,-0.5060459098724875,-1.1113781215353549,0.875
1077.64,GT-5119,-77641.07330545182,-59303.18956464605,-0.061871449608597195,-0.050987160569042345,0.851
1077.64,GT-5153,-3938.6196409112304,-40039.585250594595,-3.5598395725189205,-1.2930419167976486,0.894
1084.69,GT-5099,64588.570583140514,-34790.16483135066,-1.5708089558057152,-2.7288251875010983,0.863
1088.63,GT-5020,5304.0766048236865,-70740.39524375739,0.9401285073263608,7.1317848651923885,0.857
1088.63,GT-5099,64513.169663285385,-34903.42763685818,-1.7381823056128474,-2.8595312908544384,0.864
1088.63,GT-5153,-3879.449614625317,-40108.98291955953,-0.34729486362397766,-6.660147126952304,0.875
1088.63,GT-5314,45832.83203013898,-75693.58900545602,121.48061144618781,-201.69973824552596,0.883
1094.16,GT-4863,197318.55982713334,-56323.31624103233,1198.4873015843025,-798.246704069892,0.91
1094.16,GT-5021,73798.29954967694,30515.286144933165,0.012261357393361379,-0.4922893607453755,0.881
1094.16,GT-5099,64495.00353727102,-34912.216098478,-2.464388979994912,-3.4954700258305795,0.9
1094.16,GT-5119,-77636.23532710237,-59290.08997036493,0.07353949014092337,0.07693233338641497,0.867
1094.16,GT-5179,55975.08766303173,-15474.358301169832,-0.011174199590734716,0.016701970112680507,0.885
1094.16,GT-5284,-69220.88610773881,9275.47852655662,0.19167420038122965,-0.41342689400462496,0.893
1099.74,GT-5314,47200.96223742065,-77914.9838034071,122.46521187143391,-202.111466045548,0.907
1105.8,GT-5153,281734.2616981612,-83358.08041922255,-219.91000160651865,-190.45969640836492,0.884
1105.8,GT-5314,47988.763114390604,-79181.14561044132,123.53853272440448,-201.31999039716828,0.932
1110.46,GT-5099,64674.38227692972,-34652.9844129577,-1.6557534137969436,-1.8988540758413408,0.859
1110.46,GT-5314,48573.67635135112,-80141.00082667176,125.0951482641792,-201.44613568435355,0.854
1110.46,GT-5326,241060.73266586792,-80068.85863826053,-123.476344304842,-200.26022672874578,0.856
1117.74,GT-5314,49472.663384422995,-81642.36150040335,125.44616746234364,-198.73160557776347,0.908
1117.74,GT-5326,240215.3498721454,-81544.97081236547,-121.05488514437337,-199.98003078808372,0.945
1121.18,GT-5099,64857.212348170084,-34432.19621407213,-2.006284750658807,-1.9410068289970646,0.887
1121.18,GT-5431,-3922.090150700843,-42442.166792800825,-0.2185044616931528,1.8659555391465266,0.913
1126.27,GT-5314,50499.01858058556,-83327.03352176976,120.70590765264977,-199.92608005130214,0.864
1131.69,GT-5284,-69225.76828170718,9279.339996522313,-0.08334174833806114,-0.009613722000206729,0.854
1131.69,GT-5431,-3708.71397515932,-41196.5057367799,0.10566922704921256,6.0380923735293015,0.893
1135.47,GT-5179,6655.084755714027,-85240.34036077133,-0.38847932415543823,-1.0390743875350785,0.869
1135.47,GT-5314,51615.486613469206,-85225.80777457402,122.60821363976801,-201.7390603980624,0.907
1135.47,GT-5435,-41823.75392389556,8148.569202937194,0.4351110722177972,-0.9306508891771088,0.869
1135.47,GT-5497,64592.32035267465,-34759.42994037429,1.1058104697998297,0.8869411683279014,0.91
1140.49,GT-5314,52229.35135944626,-86209.7216107568,123.08350135338883,-200.02193194161987,0.864
1140.49,GT-5528,5352.244366354388,-70477.07077741138,-0.1465260328082828,0.18928504275881058,0.872
1146.56,GT-5314,52967.6535091575,-87399.27206642537,119.89302499116732,-199.07789889239768,0.929
1146.56,GT-5326,236840.8599394862,-87349.02339834814,-122.06482122278652,-202.17099593371387,0.856
1151.01,GT-5314,53541.203728951274,-88333.85257542446,122.3229976035736,-202.36066877691977,0.884
1151.01,GT-5431,-3383.555185822444,-40576.07665099599,-0.2889255284220032,5.050812672933575,0.881
1151.01,GT-5497,64540.73789491744,-34808.991645514994,0.2529980053430428,0.2362723357381753,0.852
1161.49,GT-5326,234954.29342197723,-90381.00092054244,-121.10439832310162,-200.74355307542686,0.868
1161.49,GT-5431,-3364.552011779921,-40497.9524222313,-0.5132639314512444,4.088013439163403,0.92
1161.49,GT-5456,57217.94324173419,19227.18765486755,-0.1564547814184235,-0.01849958671265333,0.869
1161.49,GT-5459,73793.32637979733,30504.15417754702,-0.143678027599876,-0.12752890299836903,0.869
1161.49,GT-5497,64526.88290931195,-34823.19923695083,0.018109834965737537,-0.07677097593687188,0.92
1161.49,GT-5528,5391.935579806546,-70233.22198395974,0.5420685519991297,4.219913335776774,0.931
1161.49,GT-5562,55948.686385103254,-15465.492851446767,-0.03081053746447577,-0.019008695088722535,0.865
1167.92,GT-5642,55779.40766102662,-91979.68095679102,122.96596719661514,-202.932877876307,0.883
1172.95,GT-5700,233598.81045695924,-93033.27612220176,-123.29457385879336,-203.5185468298689,0.861
1184.37,GT-5642,57724.37758895367,-95313.3875041551,125.05071285745115,-203.88689779343943,0.913
1187.72,GT-5646,57866.89463228652,-96000.5321672883,121.58750935370023,-203.66710763472418,0.85
1187.72,GT-5700,231670.08058196737,-96004.63575674442,-120.19704038544681,-201.8844764696505,0.955
1197.65,GT-5314,59233.41889063557,-97818.34977040063,122.9897577585538,-201.92943112092834,0.982
1202.22,GT-5528,5289.3733456727405,-70931.09206334654,2.972448766175103,18.852607793558224,0.895
1202.22,GT-5546,203200.53046385708,-96323.99938988016,500.63048058478836,-264.3277502441498,0.981
1202.22,GT-5787,64496.14727950823,-34905.82923792538,-0.514616090992674,-1.0586221422444984,0.892
1202.22,GT-5843,-3560.515760267642,-40393.92994458441,0.22636214378690311,1.863399736854318,0.921
1206.77,GT-5642,60477.120493601426,-99841.66881054835,122.4022349739855,-202.2246345341664,0.856
1211.83,GT-5787,64424.05921131806,-35015.35315442667,-0.5744946430344051,-0.7007484917696358,0.907
1211.83,GT-5843,-3738.4640029549637,-40126.462145002435,-1.2324956036342976,1.6331653473492114,0.932
1215.65,GT-5642,61555.75328849052,-101640.52480529124,122.60037033886394,-202.27521852376034,0.913
1215.65,GT-5843,-3718.457887854489,-40111.01506256163,-0.7444109743621293,1.784532516936717,0.861
1222.55,GT-5642,62420.09365674559,-103064.3812356729,122.38304411185422,-203.39869051255815,0.938
1222.55,GT-5822,227617.03807640297,-103127.6958775273,-122.66028275477927,-203.48949785063908,0.868
1226.39,GT-5642,62912.22299143341,-103835.85199442413,121.50491906531049,-203.896374219392,0.851
1226.39,GT-5787,64418.78431948551,-35027.4428984269,-0.8404881287592736,-0.7339386998849964,0.886
1226.39,GT-5922,74218.44848179561,30015.146667705154,2.000503749506441,-1.910573202593147,0.895
1229.52,GT-5642,63291.29503982967,-104462.55965855745,121.38554163829363,-202.67120038724872,0.929
1229.52,GT-5787,64508.56091718747,-34919.84808937094,2.7062697648295453,4.457929812388677,0.892
1233.69,GT-5787,64509.69391903589,-34932.56391079884,1.7772212235838094,3.2018299446121463,0.866
1233.69,GT-5843,-3466.960592779185,-39930.61563669262,0.18801839139519771,0.6368581702043774,0.886
1233.69,GT-5922,74104.29624654373,30147.697920414015,0.4176880387324416,-0.09978441045121794,0.857
1233.69,GT-6039,5616.51121511508,-68832.80054632007,-0.628411196582924,-2.409555677759144,0.863
1240.49,GT-5642,64635.10059055969,-106696.17641274087,122.37596153167468,-204.71217569758676,0.887
1245.35,GT-5326,224683.46966002544,-107569.6935441824,-122.49373128347169,-203.87190308517978,0.868
1245.35,GT-5922,73936.5710983599,30349.98868497021,-0.7137057930024098,0.6494457756420603,0.87
1245.35,GT-6168,65130.12953955052,-107898.32716322872,121.13044038004976,-206.3480423399616,0.896
1250.03,GT-5843,-3486.832203846896,-39794.407857595375,-9.522845595043462,-2.65488633094854,0.912
1250.03,GT-6039,5637.3758282720155,-68816.72781120075,-0.37429733519019737,-1.4284724639875166,0.926
1254.16,GT-5314,66182.96111710242,-109378.45078061344,123.79557737133298,-206.5430915724111,0.874
1260.13,GT-5642,67030.71896854538,-110716.8300806927,121.68429367837278,-204.84378869615477,0.891
1269.73,GT-6131,64590.13657022234,-34746.09692905211,0.17595970836287134,0.6548496091676641,0.871
1273.76,GT-5314,68649.51892323044,-113362.82401289107,122.8924463519323,-204.09550472183327,0.89
1273.76,GT-6136,-69235.45567986602,9289.102270490526,0.04680895693525286,-0.10024458057339042,0.854
1273.76,GT-6172,55952.46485720362,-15486.835381662768,-0.055913174060108886,0.01170183174114028,0.866
1273.76,GT-6293,-3403.8357676424416,-40359.75597761412,0.055792919725452035,-0.07606020069161665,0.859
1280.1,GT-6293,-3364.0606455984284,-40095.89229492882,-0.005237133431464078,-0.6075766087164659,0.863
1280.1,GT-6375,220483.69404513718,-114684.11624426993,-120.87309978282849,-203.46210884616045,0.893
1282.28,GT-5314,69692.79464153675,-115100.06700521357,121.28039664928367,-203.6597906532536,0.878
1288.46,GT-5761,48904.88615473923,-96659.95672711222,512.3032937731822,-571.2106523273367,0.922
1288.46,GT-6039,5671.524061917941,-68727.06312614604,-3.3557455668139906,-18.059682835406534,0.85
1293.31,GT-6168,70932.62542871079,-117641.94930550193,119.73484104923162,-202.73118192196574,0.87
1296.43,GT-6131,64513.84356386756,-34880.79181231948,0.7259968821660161,1.1924495971531632,0.924
1296.43,GT-6293,-3363.453906974452,-39947.860383956264,-0.9697179751690271,-4.504780498954505,0.918
1304.25,GT-6375,217561.231884047,-119651.47314297812,-120.1232033971033,-201.87517352266826,0.914
1304.25,GT-6507,72543.9279963413,-119963.25768141195,117.45348067516198,-200.21553867660626,0.937
1308.81,GT-6293,-3470.7513789369195,-39913.813842550255,-9.545630079459023,-4.716208187265175,0.895
1308.81,GT-6439,-40363.823189092815,-8305.69327793725,-0.3034414811302202,-4.633166002681099,0.874
1308.81,GT-6507,73049.15471477034,-120871.38050957584,118.9516784113438,-201.37605061274613,0.877
1314.34,GT-5642,73596.69635774514,-121778.91536749326,118.76817683924807,-202.1897880713286,0.856
1314.34,GT-6168,73490.2358426384,-121857.55294856994,120.64464541277373,-199.69525373978698,0.925
1318.0,GT-6293,70673.04521101974,-118855.86862006971,213.33787101703518,-302.0347149688664,0.934
1328.75,GT-6172,55961.317827449166,-15448.212845587945,0.007144401487021527,0.20250534882113713,0.854
1328.75,GT-6375,214690.65680057235,-124597.98811883702,-117.43411211526607,-197.80439800601744,0.897
1328.75,GT-6399,57209.30213458992,19230.441017604946,0.20306104850974382,-0.06358997391218074,0.85
1328.75,GT-6508,5403.742579003296,-70161.65273328651,-0.13887373003492745,0.25077944797877183,0.852
1328.75,GT-6594,64248.27042578466,-35277.16953371982,0.613418323808408,0.4622137663631338,0.901
1334.96,GT-6375,213920.25452086385,-125847.00786152607,-116.07741307662342,-200.3741217676303,0.918
1334.96,GT-6594,64261.93205562121,-35259.08794555613,0.6591130106851901,0.9244428056523581,0.895
1334.96,GT-6637,-5188.976538817348,-40223.495998366976,1.7550069028533164,-1.1326670146767202,0.874
1341.22,GT-6635,76496.4017626761,-126955.08759905184,117.56928112881955,-199.26279557059723,0.928
1343.93,GT-6508,5364.58283243207,-70448.67681243604,0.21906193725732037,1.780938241198922,0.854
1343.93,GT-6594,64340.88394905041,-35148.261989472216,1.4543241069186168,1.7869893866500006,0.854
1351.11,GT-6577,211893.9314403711,-128932.42998428535,-118.4417320504064,-198.78594497771581,0.864
1351.11,GT-6594,64306.37517369,-35185.728397604486,1.2644058501664477,2.0390359831108773,0.892
1356.18,GT-6635,78214.38446102903,-129966.64296622975,114.68861498031447,-198.81129641967135,0.881
1356.18,GT-6685,211810.80813465282,-129733.43366181536,-117.61629409473294,-198.99844200158273,0.871
1365.2,GT-6375,210365.38436339336,-131906.20193142345,-115.75383791708578,-199.5982394039906,0.857
1365.2,GT-6509,73809.5418994928,30516.56368342723,-0.009509768816905045,0.008360659636035106,0.88
1365.2,GT-6635,79286.9469009584,-131730.66871969486,117.64283046958968,-197.89032282724494,0.932
1375.22,GT-6594,64287.78551073431,-35225.25511455781,0.6642691319569651,0.8752380701298124,0.876
1375.22,GT-6635,80468.66818795644,-133726.68995067276,117.20055106249863,-197.72275833604644,0.923
1378.15,GT-6759,209243.84930317788,-134442.80118867767,-115.93634405378597,-198.04445489499108,0.85
1382.8,GT-6594,64285.19112490009,-35225.913403999424,2.2829274722771893,3.3107950906362835,0.893
1382.8,GT-6637,-3960.1175730582067,-39913.18715523808,1.6934259063682138,-9.737604256904405,0.909
1388.86,GT-6868,207804.3190581364,-136785.27740450064,-116.23080120295377,-196.58344042100325,0.896
1388.86,GT-6899,82375.76720964123,-136311.7748498992,116.70243749154527,-197.51719509115281,0.952
1399.04,GT-6439,147622.29156358013,-110283.36573649148,611.0654545162896,-548.905780678987,0.914
1399.04,GT-6651,178693.63012341468,-228329.98860204665,-1055.1491933030436,910.8769450606015,0.898
1402.88,GT-6759,206318.75575111306,-139292.16429137284,-115.44659596865941,-195.30122059041034,0.913
1408.87,GT-6905,-95761.99009287321,26912.286888553343,-1.1562974673126765,-0.5277463959375953,0.875
1412.05,GT-6913,5476.119552144415,-69747.90085489495,0.2567850711121361,0.47259824919991256,0.927
1412.05,GT-6977,-3445.8330375105747,-41226.23565243837,0.18184054234346686,0.1618527189794522,0.884
1416.65,GT-6778,85246.52230600499,-141983.89647575197,110.50544349516574,-197.58997094077168,0.863
1420.34,GT-6759,204342.66022646008,-142758.15168990288,-115.03604242705002,-196.32968180011264,0.92
1420.34,GT-6778,85678.25512734812,-142706.42675202922,111.87975370822329,-194.6727014973585,0.865
1420.34,GT-6977,-3431.158653019114,-41304.94933281175,-1.4259344610137643,-1.6203098603938708,0.865
1424.6,GT-6759,203864.30376405545,-143602.46841041595,-114.46857411185343,-196.17733081328302,0.949
1424.6,GT-6913,5405.715860792854,-70133.6434144668,-0.03482575425051728,0.32155511463580033,0.852
1424.6,GT-6977,-3857.4933793445316,-41168.97600899807,-3.004152827707287,0.65627044331475,0.866
1424.6,GT-7030,64577.01887885972,-34059.17257885397,-0.8188569071680907,0.62341963375427,0.897
1436.84,GT-6740,49455.69779261092,-106877.85864246378,833.3769979159676,-934.0153493704493,0.872
1436.84,GT-7158,202244.7974819192,-145734.5165771332,-113.91650219345156,-196.31721508639157,0.92
1439.63,GT-6913,5410.977260144699,-70176.41233459557,0.3016440272707547,2.382331908018571,0.869
1439.63,GT-6977,-3701.716339850973,-40798.8238891151,-1.8680087678307942,2.614708232763094,0.889
1439.63,GT-7030,64737.866277177556,-34074.86826360711,-0.7536190455559072,-3.675988612316667,0.867
1447.51,GT-7202,201395.6398746295,-147772.2027273561,-115.84672565307262,-198.06605153360067,0.938
1451.82,GT-7121,89156.44349754299,-148786.00754992198,114.90203799347128,-195.64246606315555,0.868
1457.92,GT-7158,199820.85434882567,-149889.05408143485,-115.06505372369939,-195.32171609143532,0.882
1457.92,GT-7249,89889.00094891188,-150253.7572884406,114.49188251290134,-195.9308029976811,0.923
1461.78,GT-6977,-3536.3446071992544,-40882.25346783002,-2.435626834122512,7.359168680168381,0.883
1461.78,GT-7158,199381.74553033788,-150657.6003643844,-113.33266118663857,-196.30379940400564,0.876
1461.78,GT-7277,199287.29521303056,-151027.4523111983,-115.17025184555469,-197.61161782886157,0.899
1467.82,GT-6977,-3472.5901777154,-40779.67463763096,-1.278942955775828,8.689873832072482,0.895
1467.82,GT-7030,64673.49255751326,-34263.015144367346,-1.4093095571518788,-6.3383981119309745,0.883
1467.82,GT-7278,91203.1080155463,-151903.05645636393,115.01657351836118,-198.4649916294965,0.911
1474.57,GT-7121,91778.70299706439,-153290.233000598,114.7276433187551,-198.17993598994133,0.97
1480.52,GT-7030,64781.445364419684,-33923.917856902066,-2.4325984805788807,-11.196091921256343,0.931
1480.52,GT-7158,197234.7896061377,-154381.48193439736,-114.76339278582375,-197.4249281388744,0.866
1485.52,GT-6998,57207.3718961099,19242.443560977663,-0.176102201497526,0.04802943592132916,0.903
1485.52,GT-7030,64828.279068279364,-33767.68889179978,-3.8524704582463993,-15.017318961525081,0.904
1485.52,GT-7160,55942.48651965035,-15497.715948752937,0.39924335678005346,0.4179421266567314,0.902
1485.52,GT-7161,-69231.41697808955,9277.714017315162,0.03930732648535022,-0.15314161084159528,0.913
1485.52,GT-7247,73802.87220629142,30496.805767275142,-0.15392369862541505,0.03264753448302884,0.893
1485.52,GT-7281,-77685.51426874762,-59306.63665828877,0.04487291065918385,0.06066407074765265,0.89
1485.52,GT-7326,5335.432354358962,-70446.0979917933,0.6214545081772203,0.34252731280303383,0.893
1492.27,GT-7030,242345.26936093194,-194765.8993619199,-126.12381030234985,-190.5960329650193,0.867
1492.27,GT-7249,93864.34979541494,-156976.43618950094,115.38966042535968,-198.02304705204094,0.915
1492.27,GT-7326,5324.1223592770975,-70593.33864594475,0.37179277847919723,0.46253939840513086,0.888
1496.32,GT-6728,94490.32083276114,-154104.67639368528,110.98267605337497,-365.0879707077815,0.858
1496.32,GT-7318,195702.66482313586,-157440.29964262893,-114.4990171803595,-197.28638135323868,0.968
1504.26,GT-7249,95242.61501239252,-159340.71242823746,115.6022613087518,-196.84383147779107,0.931
1504.26,GT-7377,-5615.7350125028415,-40014.39566745454,-0.6506513399713696,0.19048177335022887,0.875
1507.0,GT-6998,91356.20577870749,-136497.42942334962,232.48355122765935,-791.134964708297,0.883
1507.0,GT-7160,55919.90809509473,-15516.634064821836,0.30223257666807385,0.30941479073600786,0.866
1507.0,GT-7161,-69233.30754773827,9279.20184070665,0.054087148570198536,-0.03586171067062632,0.875
1507.0,GT-7247,73809.4484456601,30497.785541187823,0.020760433585832294,0.04181509756877825,0.874
1507.0,GT-7281,-77645.64062965898,-59304.12921119821,0.37611662606312274,-0.13266601135680794,0.868
1507.0,GT-7318,194454.52327215474,-159588.607809585,-113.67688976195132,-197.3946246177336,0.909
1507.0,GT-7326,5295.41081738333,-70752.18999031196,0.9530771750450275,3.7689502535128367,0.893
1507.0,GT-7377,-5146.529910406237,-39990.910568598396,1.6905280275288783,0.22470613564037,0.904
1507.0,GT-7383,64278.50269557556,-35259.50119700005,0.17166360978263462,0.252832159876061,0.9
1511.38,GT-7010,181167.18221672243,-147439.45088280275,548.7174295921533,-857.5605749368896,0.885
1511.38,GT-7318,193963.13768716386,-160472.64109732196,-115.14223288440957,-197.01856468964755,0.878
1511.38,GT-7377,-4399.133832253375,-39948.17823491632,3.0829537275572765,0.33654745756355975,0.89
1511.38,GT-7383,64266.8949713169,-35268.66238811184,0.01751081210317143,0.03606003258683421,0.884
1514.43,GT-7394,96477.16050741175,-161088.30155627348,113.64952951383667,-196.08711538536076,0.989
1522.25,GT-7318,192723.96089600402,-162613.72387165384,-115.04434203715944,-194.7555183424496,0.882
1522.25,GT-7394,97374.22596075475,-162622.61267477443,113.65597184707384,-195.0332367110286,0.887
1522.25,GT-7498,97047.93369070537,-162935.02499364098,114.74714901029215,-196.4927948927286,0.915
1530.2,GT-7318,191805.86518193522,-164181.34996476877,-113.60663436074701,-196.43769433682715,0.934
1530.2,GT-7377,-4723.046192892728,-40180.06654586411,3.576454698631462,-1.280964828623256,0.899
1530.2,GT-7383,64258.4291597444,-35300.30882613503,1.2140703239274613,1.4324438394444572,0.909
1538.97,GT-7161,104595.05508674584,-112028.18261147139,1621.2058908114889,-1291.5037191010679,0.935
1538.97,GT-7377,-5063.4598805806345,-39991.584948804615,2.292670112194579,-1.2416676606589707,0.859
1544.86,GT-7377,-5048.6793871740465,-39978.856652923576,8.213559794792404,-0.6573730814353962,0.869
1544.86,GT-7383,64275.31691943987,-35269.3615372325,1.719622092667123,2.5226215991688297,0.863
1544.86,GT-7441,57210.14974641051,19244.419472122023,-0.06820091372145759,0.4791173257768324,0.869
1544.86,GT-7511,99961.90238211038,-167367.19766176763,114.51850534445875,-197.28683293887315,0.925
1544.86,GT-7582,55944.779606483324,-15478.572520103433,-0.04974192643649189,0.2835329555565832,0.853
1549.65,GT-7377,-5150.02004722871,-39980.65614137464,10.184868236670955,-0.7101824715582487,0.91
1549.65,GT-7441,57217.684113565454,19247.5557736034,0.29503936139745085,0.552118412207285,0.852
1549.65,GT-7626,189407.64112375973,-168282.89620154293,-114.98934286216873,-195.8148074577264,0.873
1554.58,GT-7318,189014.53880707122,-168996.05124441686,-114.19028827675844,-197.07337403457143,0.885
1561.79,GT-7383,64196.71490997723,-35407.52431803936,5.274462521269007,8.35719251192244,0.865
1561.79,GT-7511,101883.5095199259,-170711.4900404524,114.68521145875694,-194.9242362846451,0.859
1564.97,GT-7318,187831.3988037875,-171059.9807593083,-114.01456223120238,-197.11401508388715,0.929
1564.97,GT-7383,64133.47648767614,-35511.76510464952,5.898904388441071,9.415829364110216,0.874
1564.97,GT-7441,57220.7564319453,19247.67875346881,0.21595467711509647,0.49768296011304464,0.859
1564.97,GT-7511,102263.30753741741,-171353.81754686593,114.13952466829124,-195.94156007380965,0.88
1564.97,GT-7549,73799.96976958196,30517.852823128138,-0.12053333139440686,-0.07980346199800376,0.852
1564.97,GT-7582,55939.16061840648,-15481.670688048318,-0.11374890774333188,-0.18063893390534724,0.865
1564.97,GT-7641,-69231.08236649785,9280.289225148137,-0.2811868444063063,-0.14609575670162267,0.872
1568.36,GT-7318,187446.88538557547,-171725.04245230078,-113.46964000262066,-197.52789025068054,0.907
1568.36,GT-7667,5687.755642989072,-68585.67650343475,-1.1089770799611436,-5.918063620227695,0.863
1568.36,GT-7706,-4453.635770735023,-40861.17499095816,-0.3470879439914252,0.7820127710616545,0.888
1575.43,GT-7394,103412.46214759354,-173035.59166482944,113.94245600190476,-195.86912739091903,0.938
1575.43,GT-7549,73812.66154261578,30523.536819362063,0.0978321894384059,0.0025044498308495096,0.862
1575.43,GT-7582,55947.33175909285,-15481.858611708945,-0.018986529717085865,-0.045936905188002294,0.877
1575.43,GT-7641,-69224.26123817159,9287.254989205443,-0.08488329329450515,0.02902432125151595,0.866
1575.43,GT-7667,5504.115629960245,-69570.62330290978,-1.0126216984065368,-5.169790654722375,0.864
1575.43,GT-7706,-3599.49104359994,-40106.2699669967,0.5899450416812342,0.5598817099277733,0.872
1579.52,GT-7394,103885.48082009576,-173833.70454720894,114.7175306473518,-195.21071903242853,0.858
1579.52,GT-7511,103909.19632728568,-174221.2308155365,113.8785509196869,-195.89035290217677,0.896
1579.52,GT-7549,73871.51188998081,30762.42290788064,-1.1508275839444715,-5.469748914444797,0.858
1579.52,GT-7706,-3568.115978197443,-40195.77220725482,0.42884464333345595,-0.8868507649539455,0.871
1579.52,GT-7737,104129.25965615349,-174080.09664014695,112.64839558400524,-197.38872550560706,0.859
1579.52,GT-7765,64310.94532795843,-35169.431074050655,0.855004466967261,0.7735855885446293,0.855
1585.16,GT-7814,185200.71808916263,-174991.22705463294,-113.42076430737859,-196.449867679422,0.872
1592.5,GT-7511,105390.2454034082,-176785.1984441504,112.70495881116128,-198.09244438935687,0.853
1592.5,GT-7706,-4122.0371498809245,-40105.166524066495,-3.1697288004075017,0.29394903829684904,0.871
1592.5,GT-7818,184325.50733318584,-176823.13728746207,-114.25503040387288,-195.9279375145472,0.879
1596.29,GT-7744,-37740.756504814955,-13971.92366284965,-6.927912845823435,5.078177262379172,0.892
1600.24,GT-7667,5588.907965305,-69106.1892944946,0.07275370304484703,1.0855877949695767,0.864
1600.24,GT-7706,-3781.7566291517655,-39985.93338631399,-1.2448105920556094,-1.5465414317533719,0.904
1600.24,GT-7765,64454.69329896474,-34952.03682562516,1.063267728973968,1.8159142247873876,0.882
1606.27,GT-7814,182838.8026148398,-179258.17873086556,-113.95165039217012,-196.32073573763265,0.851
1610.92,GT-7582,55922.77938188522,-15488.944829784416,0.5655616668552192,0.014412309200072193,0.851
1610.92,GT-7667,5611.1009185201365,-69001.33512028003,-0.5437659240602783,-1.693528935392266,0.888
1610.92,GT-7706,-3698.5517954742763,-40092.108755414,0.20668580950486604,-4.58850993336847,0.892
1610.92,GT-7765,64334.944976412364,-35133.84672993855,0.19182883777417534,0.6064624147317562,0.895
1610.92,GT-7766,-77648.66281242849,-59312.20637605338,-0.03613508693640172,0.012009757522381315,0.854
1622.53,GT-7967,181166.60974700807,-182833.81656637695,-111.42644893660052,-197.27764425906474,0.88
1631.25,GT-7450,137750.30043633666,-157309.60060231216,607.8247592550185,-668.7163827542936,0.885
1631.25,GT-7706,-3615.300167649485,-39590.38926565908,1.3749711135265277,-13.593086858129062,0.909
1631.25,GT-8002,5324.055643985539,-70608.84486620035,-0.4450446330765557,-0.016900579745475486,0.91
1641.18,GT-7511,110957.14167271169,-186316.09667218107,113.78157374102975,-196.63148274817885,0.887
1641.18,GT-7958,111038.58801976906,-186138.1009066379,114.19112756582042,-196.59842819895442,0.85
1645.89,GT-7511,111479.66912245716,-187225.7486660794,113.61606938500007,-196.8449236427172,0.918
1650.58,GT-7814,177895.89497322834,-187963.60782849664,-114.78456491444636,-196.37793438122299,0.878
1654.85,GT-7958,112586.0749018427,-188803.6622370913,113.77447892208987,-195.3720272704173,0.885
1654.85,GT-8178,64682.690579249946,-34597.954711711,-0.06473316754196276,-0.4987857419653724,0.877
1659.95,GT-7766,71039.64586058467,-162442.65492693146,1083.2977478212845,-834.4877083672327,0.882
1659.95,GT-8152,73796.87489555059,30506.80679307099,0.05225145595871013,0.35631658447284664,0.854
1665.2,GT-7958,113760.51983310703,-190839.53462492724,114.00450350932007,-196.50073964970255,0.893
1665.2,GT-8022,113446.74388085118,-191079.24118117357,113.5070663999228,-196.76697601977125,0.865
1665.2,GT-8178,64671.446620298964,-34620.81170820348,-0.5440469941696928,-1.285887476711041,0.857
1667.94,GT-8057,-4426.5562303592915,-39746.50896698202,-1.1359695149800846,-2.6547362414139863,0.864
1667.94,GT-8246,176128.86919564364,-191532.85349614773,-112.7728417523625,-196.0068379290293,0.905
1674.85,GT-8002,5281.70150385888,-70843.04921779729,1.250436089900985,5.163625079508875,0.866
1674.85,GT-8057,-4199.637080367589,-39750.83143529123,2.6169332246103743,-2.0807679977247373,0.885
1674.85,GT-8152,73807.48268681887,30497.591815283395,0.10046398512055035,0.2656718763134281,0.85
1674.85,GT-8178,64558.142199122434,-34791.273466405495,-1.3980844694749683,-2.4517965419198195,0.857
1674.85,GT-8213,55953.777224245765,-15475.815284797705,-0.06130924348104684,0.32221398432953774,0.863
1681.16,GT-7511,115480.93159414263,-194182.04431592752,115.88438171399237,-198.53719030030118,0.956
1681.16,GT-8246,174630.49736145983,-194123.03658683383,-114.65400051642204,-195.10268169740803,0.868
1683.92,GT-8057,-4027.535811547332,-39563.07888028854,2.3253962910126673,-5.068566419324691,0.936
1694.76,GT-8057,-4230.643120974058,-39496.167554625565,-1.0533417758923174,-6.525973268713593,0.896
1694.76,GT-8152,73803.3123086739,30492.46404045023,-0.009000794675346388,0.36561356487630375,0.855
1694.76,GT-8172,-69200.28416798702,9282.005393813895,0.07062068930814823,-0.22079602637775975,0.861
1694.76,GT-8178,64452.91305962724,-34953.068508721124,-1.2219304626400793,-2.0111984240724188,0.904
1694.76,GT-8213,55960.786434919035,-15476.670632299229,0.07209836989170677,0.1915675032362743,0.857
1694.76,GT-8344,-77656.50287393609,-59313.82459788018,-0.20951159734620117,0.2046168680213881,0.863
1694.76,GT-8392,116834.25207823665,-196749.14945683884,115.33807931702029,-194.47017615999684,0.868
1694.76,GT-8396,117355.66132028517,-196921.34544961256,116.97156078553526,-195.5349158463899,0.862
1703.42,GT-8057,-4248.569154516105,-39416.935187701594,3.4299310098059625,-7.770894741986376,0.861
1703.42,GT-8172,-69197.53327761602,9285.137237347297,-0.027503074469225133,-0.23056882799417208,0.855
1703.42,GT-8178,64399.988079596835,-35027.312246167814,-1.361568654082785,-1.9833602937194315,0.873
1703.42,GT-8213,55963.26216787427,-15479.878188158595,0.022022298357241017,0.11678162461535745,0.86
1703.42,GT-8344,-77655.22226285163,-59311.84454107813,-0.1534889658023135,0.2080739068648565,0.859
1703.42,GT-8393,57211.276965269484,19234.72560365828,-0.18705575758960022,-0.07404919469555506,0.857
1706.81,GT-8172,-69200.85554561524,9282.062603183373,-0.08897731703138388,-0.1927054326680117,0.862
1706.81,GT-8178,64433.4546237545,-34971.806941609066,-0.7038310632630379,-0.846744722084442,0.881
1706.81,GT-8213,55959.83759714031,-15486.116639796199,-0.07528179628429488,0.1083130909276916,0.87
1706.81,GT-8246,171629.48661201415,-199162.30524114927,-120.1214074678055,-194.8024928376759,0.862
1706.81,GT-8344,-77646.0405737131,-59314.18897897084,0.08745973642078436,0.10214797728208996,0.885
1706.81,GT-8403,5663.707924142983,-68596.80423182226,-0.27309757180909244,-2.130929043375339,0.891
1713.09,GT-8439,170678.7293019704,-200527.49810897792,-123.9019803877514,-188.23759080776338,0.859
1716.74,GT-8172,-69203.09613510135,9314.36711077932,-0.21811902150101403,0.3746315846717302,0.882
1716.74,GT-8178,64312.267751758896,-34868.86122376386,1.6722216678354243,-4.03351395656586,0.92
1716.74,GT-8213,55946.2489394458,-15479.892638570012,-0.16191262815227833,0.10665899925869289,0.883
1716.74,GT-8344,-77649.48428781083,-59310.42387671694,-0.004188432130072918,0.09615549944513448,0.874
1716.74,GT-8393,57375.08847467216,19228.16765052867,2.1429054637869145,-0.009653064544930812,0.903
1716.74,GT-8481,-3286.898812931307,-40004.11913716713,-0.801983109878594,-0.4846640871930633,0.907
1721.95,GT-8393,57319.48894579577,19231.098758728396,1.0208163145627613,-0.05742045982632707,0.851
1726.31,GT-8178,280271.64246341685,-360567.0204246953,-471.3607495733491,279.26091787097306,0.87
1726.31,GT-8344,-77656.57583420753,-59309.400198233154,-0.19740748711584383,0.16474955394880852,0.859
1726.31,GT-8403,5657.073122343713,-68668.75427268009,0.2809420902604819,-0.5994922011223245,0.894
1726.31,GT-8483,73797.37246017718,30508.917839052705,-0.2219422473635913,-0.23814511101892333,0.863
1726.31,GT-8514,168682.0597079347,-202592.48678493092,-151.34517190089596,-172.4013412531692,0.874
1730.8,GT-8172,-69198.31269967867,9301.603281365902,-0.3515212831678543,-0.014919622477365314,0.9
1730.8,GT-8344,-77654.17240671883,-59310.4553567431,-0.24341261285893412,0.17808481039222906,0.873
1730.8,GT-8393,57323.195910526876,19232.51373965909,0.591703360631033,-0.0023548275372314333,0.879
1730.8,GT-8403,5657.777432589632,-68653.96057758472,-0.3519113561944362,-3.4994975123287286,0.878
1730.8,GT-8481,-3317.885645033876,-39948.949372797266,-0.8606925451256352,0.38525749220707206,0.874
1730.8,GT-8483,73802.06647672347,30508.813486962,-0.1591120700886314,-0.2820928009910397,0.89
1737.95,GT-8577,166753.5293167279,-204129.14340230735,-164.8298755392502,-153.79055652453877,0.891
1740.07,GT-8172,-69201.51030125114,9295.19900610577,-0.4590381085472393,-0.27314808435162985,0.893
1740.07,GT-8344,-77646.02324628762,-59304.31139359128,-0.4032895848824404,0.09307088010051559,0.859
1740.07,GT-8481,-3217.607776019587,-39914.76422606327,-1.9651118327517816,0.5620414994740642,0.914
1740.07,GT-8483,73804.9989002633,30503.299501158996,-0.06783659201970468,-0.2989854897893748,0.884
1740.07,GT-8577,166363.41769215692,-204499.53733420858,-165.16923399375213,-152.0516522518109,0.88
1740.07,GT-8612,64579.56027235169,-34755.98749318399,0.39345071049481833,-0.09452610904094132,0.872
1747.58,GT-8481,-3222.30333154926,-39909.69255925281,-2.038377430116231,0.5821727726969896,0.856
1747.58,GT-8483,73812.09871449448,30501.047031793652,0.19608426674325766,-0.23180481089619437,0.855
1747.58,GT-8577,165038.4236978746,-205687.6298875567,-165.52402959944772,-153.17719027109547,0.915
1747.58,GT-8612,64492.28392638392,-34909.84678118015,-0.09866519065592638,-0.828799527676939,0.857
1757.34,GT-8393,128359.63345567003,-213682.78569345237,276.2293933006783,-542.5409293176682,0.907
1757.34,GT-8483,73811.29009705217,30500.27713988935,0.20512708786501305,-0.20318903209469039,0.889
1760.14,GT-8481,-3029.9051565770774,-39612.32878578821,-5.420941895267639,-4.7671747094292485,0.902
1765.89,GT-8688,128177.9715030505,-208846.39668219647,168.0599696975132,-153.2328828479304,0.863
1769.81,GT-8403,5647.128930755764,-68655.3165504733,-1.911389087110533,-11.347422519237877,0.901
1769.81,GT-8481,-2498.7139287571126,-39137.02824016915,-12.181043766547097,-11.409592539403079,0.9
1769.81,GT-8483,73808.14160299282,30512.394129862216,0.03614404868831814,0.007692479729373182,0.869
1769.81,GT-8607,128700.1290624354,-208978.5676430924,166.9038821052576,-155.29414806897972,0.894
1769.81,GT-8612,64527.91934678797,-34861.25121315732,-1.2749024152831878,-2.184766998669117,0.895
1769.81,GT-8695,-69221.02482284016,9276.327261280463,-0.20481811070809638,-0.4243458420934054,0.88
1769.81,GT-8725,-77662.08183746348,-59287.881627484996,0.23896746019747223,-0.0392314458273801,0.87
1769.81,GT-8726,57227.85964430668,19235.411215411754,-0.03663256781317531,-0.12097904672994862,0.885
1777.27,GT-8403,5700.109643145435,-68349.0893857486,-2.52723286586502,-15.965640319677954,0.94
1777.27,GT-8483,73787.52701323666,30510.170709648577,-0.4122835947993666,-0.06230358151890252,0.859
1777.27,GT-8607,129966.24668708995,-210140.57810686878,165.5495366964828,-154.38434410515097,0.877
1777.27,GT-8612,64548.9887803185,-34820.959154750366,-2.302311708211228,-3.5689585805111435,0.854
1777.27,GT-8695,-69219.21923951892,9279.987281352853,-0.1333801857360266,-0.32422718155196245,0.855
1777.27,GT-8726,57221.60980077011,19234.465221888488,-0.05910763195665849,-0.07020552547864313,0.852
1781.42,GT-8577,159405.0636636693,-210842.36804904795,-168.3190481117359,-154.26037280866564,0.895
1783.83,GT-8577,158959.8969039115,-211228.640870195,-165.89975779131865,-153.98067969406793,0.882
1789.23,GT-8577,158040.46322310794,-212074.6230990663,-167.38502915215204,-152.56843682876783,0.872
1789.23,GT-8823,-3378.797718317889,-39940.74230516502,0.28235246053989665,0.09832683008815629,0.854
1801.29,GT-8607,134020.7823797292,-213917.78344162504,169.17853047681882,-153.20787560648222,0.884
1804.94,GT-8577,155397.79814184652,-214486.0891907669,-168.4540368139809,-154.21845857002782,0.871
1804.94,GT-8898,134083.87756621093,-214789.08842536347,165.64671035471707,-152.72342216692925,0.854
1812.64,GT-8859,64360.7540319729,-35111.280008555106,-0.5205623047308126,-0.14054561599867432,0.866
1813.9,GT-8823,-3754.617428302798,-40107.422788872194,-3.4485203367365225,-1.8453518601816128,0.887
1813.9,GT-8859,64451.11773951513,-34979.09230565036,0.15124281639530787,0.6284891602567031,0.876
1821.44,GT-8613,56033.80691848562,-15592.019834240555,2.0969641641768324,-2.41323829756459,0.921
1821.44,GT-8695,-69220.16118939202,9331.002476292608,-0.2714302503459687,0.02738212536989068,0.878
1821.44,GT-8725,-77653.5265071848,-59308.18414184009,-0.2119343646621296,0.005481027207086838,0.859
1821.44,GT-8823,-3728.2313583342934,-40082.78986348625,-1.0902554881832658,-0.6065541153338571,0.876
1821.44,GT-8854,5393.016876141228,-70148.95968648611,-0.25967388214465503,-1.2885426940009248,0.876
1826.29,GT-8305,395940.9601079464,-539591.1934658331,-3823.707887661449,4727.945696668697,0.928
1826.29,GT-8695,119473.27921977574,-196890.3455140281,1252.1608279837762,-1346.9422539851873,0.861
1832.85,GT-8613,56017.28775785457,-15584.142770274482,1.3763835858983158,-1.6004204691791049,0.855
1832.85,GT-8725,-77639.0550551181,-59291.00618610702,-0.3897938345602752,0.04882760137827438,0.861
1837.3,GT-8726,134811.44747829853,-202236.5970086313,382.2824010110745,-805.7394182391923,0.973
1837.3,GT-8859,64650.67221892892,-34712.907670667715,2.3634272499272098,3.4774782435388123,0.851
1844.22,GT-8725,158623.01061127984,-226356.07068794523,474.6304439261585,-573.0551464875603,0.863
1844.22,GT-8979,141018.94932063165,-220121.89176332712,167.08300658271972,-152.20202171538398,0.904
1849.54,GT-8859,64535.09062864799,-34871.1884363266,-0.35737103736060305,-0.28124103991337224,0.867
1854.63,GT-8966,146734.0999735342,-221622.62606789925,-168.29291266854034,-152.16330519038505,0.874
1859.94,GT-8683,91179.07505745822,-151321.39780310585,998.2384071447788,-1272.5743235886923,0.942
1864.25,GT-8979,144519.7459767897,-223045.82905112416,168.70082941163017,-147.17237131180764,0.879
1872.04,GT-8854,5323.674147286592,-70562.6505900406,0.3520570224947692,2.199853538734294,0.881
1872.04,GT-9107,55946.52115760563,-15497.048167398956,0.008580469075069621,0.03618143186903327,0.882
1879.74,GT-8899,143094.27016074155,-225385.22569394505,-171.3850614980288,-149.21484021666458,0.859
1879.74,GT-8979,147148.1141145123,-225345.79358936078,169.7912298513734,-150.0370599191674,0.874
1879.74,GT-9007,73825.79311242785,30496.9381149196,-0.036008001332362205,0.17568817578118676,0.851
1879.74,GT-9061,-3249.630926199146,-39873.23701286805,-1.136191809838003,-1.0787168519136139,0.899
1879.74,GT-9062,57206.04951699286,19254.131758595788,0.09909680578082906,-0.16588679888971936,0.876
1879.74,GT-9107,55950.36134380822,-15504.29435420934,0.017243968148526558,-0.19283636293765538,0.875
1879.74,GT-9215,64308.05640555963,-35202.77643237809,-0.20414843892375578,0.47584115324225246,0.855
1885.43,GT-8899,142164.92893715337,-226211.5386057109,-166.1468388684243,-148.8162722945917,0.882
1900.79,GT-8899,139561.45440757571,-228463.21983001733,-170.62446924440903,-147.79373162104343,0.87
1900.79,GT-8979,150644.182536466,-228490.1867511297,168.27862557645545,-149.72678459318968,0.894
1905.98,GT-8899,138679.88707286085,-229225.50476937363,-169.7000351453198,-147.13265860600242,0.92
1905.98,GT-9061,-2614.5916162039084,-39256.3289848969,-10.01187026899602,-8.697931680508498,0.864
1905.98,GT-9062,57209.462621960905,19255.163566750525,0.0004850691529297013,-0.12835041176329817,0.852
1911.22,GT-9061,413912.3936330009,-575490.1905255963,-1155.669909626384,1092.2899639684317,0.916
1911.22,GT-9330,-37795.093052340984,-13827.767296604692,-0.24804862869528352,1.602034692010954,0.894
1916.62,GT-8899,136812.67892967112,-230813.76611452227,-166.59963239033104,-148.46972783466018,0.878
1916.62,GT-9215,64254.977493762875,-35275.34374236207,1.4113040335493068,2.570907265340354,0.877
1916.62,GT-9216,5406.372921354252,-70207.89935542548,-0.2848167250892752,-0.7717440117397263,0.877
1922.96,GT-8899,135768.84832209404,-231713.71340117324,-167.59707667855048,-150.60212995554494,0.963
1927.31,GT-9215,64264.16235156156,-35261.9723509745,3.2480187357395427,5.341870680662655,0.863
1927.31,GT-9330,-37649.60772225246,-13970.796492060215,-4.647024767316989,3.076211953055026,0.916
1932.38,GT-9330,-37451.24609078357,-13960.145199786086,-4.582557066722119,2.4507994250444236,0.9
1937.46,GT-9395,73811.98170861606,30519.549150153704,0.3373973162129793,0.040166255969366314,0.891
1937.46,GT-9423,-3516.446365893685,-40824.6086909626,0.690759528589124,3.0958284616003517,0.903
1940.45,GT-9395,73810.03902156364,30517.285041858802,0.20576398514660624,-0.08001451239337992,0.861
1940.45,GT-9423,-3547.6905528061093,-41037.44009988634,0.3837566185192865,1.144640887565659,0.894
1940.45,GT-9545,5451.694782953319,-69880.39160128591,0.10799631341336215,0.8469744891687112,0.862
1946.46,GT-9215,113003.55482842021,-188311.20628910515,256.16228204514607,-1214.8423613469854,0.879
1950.01,GT-9423,-3360.8146736105286,-40764.229147299084,-0.025381201728237213,5.191390131678947,0.924
1950.01,GT-9545,5397.2232011147935,-70189.223310845,-0.19211951156772245,0.4087120506431149,0.914
1956.12,GT-8899,130184.39462704456,-236620.5404017074,-167.43475811830444,-148.34506809144563,0.871
1956.12,GT-9395,73800.85317134116,30515.247428977287,0.14134390480323772,-0.08007158979884435,0.853
1956.12,GT-9423,-3340.3429842566065,-40644.984248105175,-0.19223825396003366,5.766886879141722,0.855
1956.12,GT-9545,5389.503046034501,-70238.81212727964,-0.257256971823732,-0.19279335083370097,0.853
1960.55,GT-9423,-3361.7093502095117,-40802.40986926562,-1.2142915617409504,0.7748647636859181,0.863
1960.55,GT-9545,5391.342444461001,-70235.7581153174,0.23947638662142334,2.4629319686136233,0.933
1960.55,GT-9637,64293.40080885089,-35241.49822706091,-0.1814670151056769,0.5639293945871948,0.934
1965.13,GT-9541,160966.0301005215,-237795.09467774737,165.40651233307403,-149.6532555594048,0.886
1970.84,GT-9637,64520.579144170646,-34877.479444487006,0.9213627596311558,2.0242076082453306,0.888
1975.36,GT-9606,127187.37166737317,-239269.47564733814,-165.45386803603088,-148.33728602472254,0.864
1980.19,GT-9395,145997.28001364358,-182789.4531061804,539.8623154830207,-1351.4417421377273,0.928
1980.19,GT-9420,-41677.04872247144,7821.0991161072625,-0.7504781998126389,1.8251261474608196,0.86
1980.19,GT-9423,-3082.548435410344,-40991.09346411448,-9.310482522520703,4.25883716880031,0.957
1980.19,GT-9545,5347.823008176801,-70519.7129709547,0.10510061589910952,1.517863650836759,0.905
1980.19,GT-9637,64433.888965531965,-35010.97256246499,0.3892889276976872,1.1494864586185685,0.912
1985.37,GT-9433,-95378.67188303835,26120.031310033497,3.6197964624255548,1.2763281560322457,0.878
1985.37,GT-9541,164429.50184127898,-240737.005031023,166.38519866939055,-148.30187381366656,0.92
1991.3,GT-9545,5347.557812879346,-70526.91806303414,0.14605483518523638,1.4440662290573925,0.878
1991.3,GT-9610,55967.208297135905,-15469.57940920917,0.18227431979109449,0.09554566133525923,0.894
1991.3,GT-9637,64390.95694529342,-35081.99758620808,-0.46081503826852943,-0.18626083094136764,0.869
1994.32,GT-9606,124095.4841152472,-242121.2855393478,-164.76124338125337,-146.11322005082758,0.903
1994.32,GT-9637,64392.868022284536,-35081.23380314587,0.22132866954939284,0.6953165376940795,0.852
2000.93,GT-9870,166672.77752781552,-242757.4347198811,164.31855689736074,-145.78009502923624,0.875
2000.93,GT-9906,122833.41934152746,-242834.88502994663,-164.5361500421394,-146.1023560199831,0.855
2006.53,GT-9545,337897.223771181,-425417.55658228137,-1476.857477300817,1601.9904003293952,0.885
2006.53,GT-9906,121918.47927101412,-243640.7108086754,-162.3888236582371,-146.9597154846716,0.937
2009.95,GT-9869,-37843.15671963662,-13862.459707405978,-2.7778740097044947,0.16029201943806215,0.882
2009.95,GT-9875,121579.10280083002,-244142.10663542742,-165.11490000278468,-146.58046110985003,0.88
2009.95,GT-9877,-3864.2301946266007,-42461.14609241405,0.219565142879329,1.601166671011831,0.893
2015.96,GT-9944,169339.04432676523,-245138.24522082516,165.06076430246992,-146.3167140677971,0.918
2020.69,GT-9679,57242.30971608985,19241.474129163755,-0.3764547621631429,0.03647039496379545,0.853
2020.69,GT-9833,-69224.22433763577,9289.453273134346,0.07690933450437007,0.11660236266995394,0.865
2020.69,GT-9903,170057.52595409058,-245431.61358025228,164.72647463630284,-146.68443834303017,0.916
2026.96,GT-9877,-4076.1763636763385,-42119.09806156835,-0.1757947235571981,9.410679793915438,0.894
2026.96,GT-9906,118488.84021584141,-246552.9437022919,-163.91041869360544,-145.12093625252328,0.876
2026.96,GT-10007,118535.05337371916,-246897.5815155366,-163.80573267867493,-146.20168252387276,0.851
2032.67,GT-9637,64301.68068943999,-35287.59950570219,3.636695389294925,6.106812475741751,0.882
2032.67,GT-9875,117836.9080047923,-247456.76986782407,-164.2403124594655,-146.10392927587682,0.928
2037.15,GT-9877,-4054.342503157766,-41718.82410457835,-2.854296321369583,16.33444510569672,0.891
2046.54,GT-9877,-3741.4186192507627,-41663.220651135896,-0.03072761696185572,14.87535405187169,0.948
2046.54,GT-9945,5396.713265000623,-70169.80749599554,0.5761414652995401,3.926292385127579,0.916
2058.29,GT-9870,176131.8403459776,-251161.313760826,164.23137744680142,-144.87980521811608,0.909
2058.29,GT-9877,-3723.921395864679,-41623.89369421061,1.7492827850809083,20.16888574279602,0.85
2062.96,GT-9870,176901.2583552412,-251821.8047767685,165.67478683476236,-145.85823198994706,0.915
2067.02,GT-9857,77449.5775290596,-220857.37003847765,606.8538934018359,-874.6072221332971,0.912
2067.02,GT-10149,64684.53888703827,-34594.44259775764,-0.11244523950002167,-0.44953457272946806,0.888
2072.27,GT-9833,1458097.7323625127,-2076642.7243612874,-13427.71622989609,17859.110670209007,0.942
2077.4,GT-10187,-5208.192495072915,-39969.67929250312,-2.5352750024603345,0.5707259862952666,0.856
2081.75,GT-10149,64547.04735411467,-34813.221726620905,-0.990242179390227,-1.7494035170908815,0.855
2081.75,GT-10187,-4673.719460526875,-39942.939936525254,-0.009730614618788769,0.460513595728986,0.858
2093.86,GT-10092,56741.078705141495,19125.159822788202,6.479435355886603,1.666893258427776,0.853
2093.86,GT-10149,64505.0049723312,-34863.08563793806,-0.9738471730811821,-1.1424815941306012,0.867
2093.86,GT-10163,73803.81978018473,30494.143643590745,0.20757218875460667,0.16062664134065643,0.861
2101.02,GT-10187,-4707.7035787877885,-39956.12300599011,1.9125775597741006,0.18297429917278224,0.859
2111.18,GT-10092,56454.6508042033,19038.22281574719,10.69923661052314,2.707552045000927,0.855
2115.76,GT-10092,56295.82814861526,18995.705018053177,13.238755011465875,3.452451760773571,0.857
2115.76,GT-10163,73805.12342147842,30503.574710352612,0.08898452916410539,0.015352779438662104,0.858
2115.76,GT-10187,-4864.64290625659,-39685.739838541784,6.829734240713937,-4.839821560039402,0.873
2115.76,GT-10265,-77666.86321106514,-59311.09475019543,-0.23529156573541377,0.08002697088944806,0.862
2122.16,GT-10149,64546.344469564145,-34803.98878388966,-3.408096276881109,-5.247824812335662,0.856
2122.16,GT-10163,73801.97236793808,30509.4319075201,0.03184361561780761,0.11581083915110059,0.859
2122.16,GT-10187,-4760.728896366457,-39672.03574002047,10.425221744852404,-4.456861023692146,0.865
2122.16,GT-10312,5596.991459989945,-69040.35107137957,-0.732342327386173,-3.8099022844717165,0.851
2132.31,GT-10091,188378.32792349323,-262334.4069441506,161.5134094768117,-143.79317125787418,0.912
2137.38,GT-10091,189158.81322217346,-263043.12309430214,161.16240671244512,-145.41824451887373,0.867
2137.38,GT-10187,-5437.096818751101,-39307.0654719686,19.500313001797306,-8.994367591794026,0.873
2137.38,GT-10312,5580.560846993004,-69092.9549533906,-1.3733237032835794,-6.198741965472967,0.865
2137.38,GT-10473,64613.1312763112,-34726.83928244286,0.476375993426369,0.4955584281671887,0.858
2140.35,GT-10187,-5768.594328646888,-39104.333218587126,21.716963763930032,-11.473986065118607,0.9
2140.35,GT-10312,5596.057151824996,-69006.71964221666,-0.907818967540305,-3.405064063880598,0.893
2140.35,GT-10473,64552.39251681886,-34825.676479308124,0.31021569348494565,0.38507447913258225,0.879
2148.18,GT-10091,190900.9950693916,-264631.2866095786,161.6991216891025,-142.9475877108813,0.939
2148.18,GT-10187,286255.0057328854,-374964.4516491901,20.209451258940867,18.39226160653198,0.856
2148.18,GT-10473,64504.8944814386,-34923.71434123039,-0.38128613759453633,-0.7185597566363485,0.851
2153.37,GT-10091,191744.95104173725,-265380.528747617,161.23306492268165,-142.6295805765486,0.853
2158.82,GT-10265,-77667.70051686828,-59332.16142839893,0.18254575048399016,0.1861359899153173,0.851
2158.82,GT-10312,5642.624825441674,-68729.21479945951,-3.403026793639386,-18.82347089814468,0.879
2158.82,GT-10473,64523.92884491123,-34900.96972977683,-0.3665868951052983,-0.6727852297297948,0.857
2158.82,GT-10556,-3620.9155900309297,-39979.557907908114,0.45779973491474324,0.4791199442648395,0.881
2165.53,GT-10265,112625.65628966359,-284725.3070208269,-61.64508663826336,-254.8153713706439,0.897
2165.53,GT-10312,435855.7328555512,-526410.6585583609,-979.2906847587093,1073.4156866802891,0.867
2165.53,GT-10486,-40678.95248445362,-8577.32578891867,-4.026425212980976,0.6806241993944955,0.908
2168.72,GT-10338,-69217.92794084603,9298.53404677065,0.08739763729198795,0.15235506365202273,0.867
2168.72,GT-10473,64504.66294003394,-34923.87564806695,-0.752905810325418,-0.7389644432451808,0.912
2168.72,GT-10556,-3406.3444788014594,-40106.41829478034,-0.49739793406709126,-1.3243671368885506,0.915
2178.88,GT-10338,-69216.62432802911,9312.399176250381,-0.12899273605388437,0.0404945096132156,0.866
2178.88,GT-10473,64484.23784041626,-34971.72071030535,-1.3078808640073234,-1.6156512169042554,0.895
2178.88,GT-10552,73814.27420148387,30518.199615609403,-0.12308169151951567,0.20907618645502918,0.859
2178.88,GT-10556,-3326.472697890915,-40178.80122137784,-2.022019797649224,-3.043338970191382,0.9
2178.88,GT-10621,57217.33491204303,19245.861648227867,-0.19649381536430446,-0.09684788072330788,0.858
2178.88,GT-10662,93644.5409853445,-269427.1556092192,-159.70291495220934,-144.9401008202895,0.867
2178.88,GT-10684,5102.843585660889,-68875.58631662569,0.06374887480327236,-0.43267508653251574,0.867
2185.76,GT-10364,143345.06133029275,-539233.5172450176,-792.204873555662,3257.347159949948,0.855
2189.85,GT-10091,197663.828696194,-270590.3550145403,158.4289919475939,-144.44048273503174,0.883
2189.85,GT-10473,64496.86856384771,-34967.117783968395,-1.6889880385490543,-1.7045122090496179,0.883
2189.85,GT-10552,73816.32285027314,30511.075110823924,-0.1704539041373378,0.04373194187639744,0.86
2189.85,GT-10556,-3210.054750453737,-40209.23405781623,-5.893826139031176,-1.9055236019686015,0.882
2189.85,GT-10621,57218.40907234584,19243.60613161584,-0.13844194561576684,-0.15637233900721056,0.861
2189.85,GT-10667,-77643.54581042523,-59311.91421780282,-0.056078707816262986,0.028601035165079402,0.866
2189.85,GT-10684,5273.510892187232,-68191.4469061496,0.9348163959868356,0.22329444329691617,0.877
2196.83,GT-10303,91456.16285300859,-271565.6742539871,-160.5659656952188,-142.28241268429602,0.953
2198.33,GT-10556,162585.2223822382,263081.41382335837,-880.2172776099857,-1615.1681367060935,0.953
2198.33,GT-10684,5233.2363810213055,-68121.56480970474,1.7947635100802706,-7.546465251366348,0.891
2206.41,GT-10091,200345.06396242202,-273024.7693544816,160.90502998273897,-144.31995071125735,0.87
2206.41,GT-10303,89848.6142327649,-272991.4649048266,-162.5937081903959,-143.90851987848666,0.898
2206.41,GT-10621,57207.3929794658,19249.8438580171,-0.4764760891320161,-0.12356068456088293,0.886
2206.41,GT-10667,-77639.42030430348,-59305.53892375806,0.23409056710608267,0.05758225138982921,0.896
2206.41,GT-10684,5221.387236478106,-67802.77184162594,2.219002723459721,-14.842884562829354,0.865
2206.41,GT-10725,-69226.46834948107,9280.962972606576,0.26693247046908697,-0.3147661664289053,0.872
2206.41,GT-10803,64669.81791569351,-34653.5695068297,-0.8709360178731334,-1.3831545662541576,0.874
2206.41,GT-10809,55949.16543524011,-15502.376081331864,-0.4521757385660991,-0.790668173758949,0.867
2211.25,GT-10552,73822.94683806186,30515.2844698497,-0.11370689367065488,0.08172627818165909,0.871
2211.25,GT-10621,57208.823887690734,19245.580473312293,-0.4105738808915516,-0.18982229067491163,0.861
2211.25,GT-10667,-77642.25554121868,-59306.119032632116,0.12464772967226008,0.00475558425764603,0.859
2211.25,GT-10725,-69235.99985231385,9278.944475451102,-0.00705727128136931,-0.2738693805268189,0.86
2211.25,GT-10803,64628.05292329472,-34714.294013172046,-1.0602765252923858,-1.5446092362774073,0.926
2211.25,GT-10809,55947.81764056792,-15501.291970817272,-0.43132558948048605,-0.679611163308778,0.851
2211.25,GT-10828,-3234.967354899461,-39937.05353510372,-0.3341374636194253,-0.9201033866302866,0.954
2218.35,GT-10303,87987.25271693504,-274843.0482755,-159.04055961986688,-143.8672252326588,0.955
2223.35,GT-10803,64571.732493225216,-34801.749104700524,-0.47963977096029553,-0.6859270257954828,0.911
2223.35,GT-10828,-3244.8202628939807,-39903.93830597531,-1.6351125211862998,-0.20445006510473993,0.91
2223.35,GT-10860,86539.93504335055,-275737.56990696356,-161.11301124800585,-145.65198210399686,0.852
2228.51,GT-10552,73823.3949184774,30540.4015847621,-0.32853275873716403,-0.12566610994989402,0.892
2228.51,GT-10621,57204.667515748246,19241.754349307397,-0.3517309456949741,-0.05014436023208385,0.894
2228.51,GT-10803,64559.0440965114,-34824.77321954671,-0.9759054919867592,-1.5983685718309848,0.91
2228.51,GT-10809,55955.0247502284,-15493.361361110925,-0.02975032442243859,-0.10776153539029,0.888
2228.51,GT-10828,-3258.4586725396775,-39870.208580793915,-1.8929685442370399,-1.1913321193094868,0.921
2232.51,GT-10303,85696.47944101876,-276895.8777183003,-159.01382860960814,-143.43899510798252,0.892
2232.51,GT-10552,172163.81727171593,-198932.945843418,1186.9198946096146,-2648.529521200642,0.874
2232.51,GT-10803,64543.46633413523,-34855.30267769843,-0.48974656684335705,-0.9307484504920737,0.888
2232.51,GT-10828,-3413.515318499191,-39877.765813284685,-5.110563287397392,-1.2812276685750015,0.894
2238.78,GT-10621,57217.032183805546,19236.040639843373,-0.10820447294016011,-0.07327906540933096,0.897
2238.78,GT-10667,-77636.13219723008,-59312.23303319243,-0.1650439993394364,-0.21658643704148967,0.873
2238.78,GT-10725,-69243.45609650985,9280.228174049174,0.192010198427666,0.028568068499058536,0.87
2238.78,GT-10803,64487.22946186407,-34941.72619620846,-0.9709706558850465,-1.9147786261343214,0.891
2244.99,GT-10091,206733.08974160047,-278677.2122821085,162.37040449744407,-142.92510665855056,0.873
2244.99,GT-10828,-3334.4118729840693,-39709.198881438366,-3.942230073457752,-6.310270607275393,0.895
2250.85,GT-10667,797350.7919452394,-732621.7836182181,-1627.3929867411446,1227.603559966632,0.865
2250.85,GT-10940,73801.38017817811,30502.598702467116,-0.324869852469366,0.1343441978973887,0.872
2253.07,GT-10493,49810.13211306526,-141562.97264034802,163.7380574040238,-1584.3750452639924,0.862
2253.07,GT-10842,5310.459280118684,-70795.43505871763,0.13518308160064232,2.590228590519904,0.895
2253.07,GT-10940,73811.98507907326,30497.561701538478,-0.07794199931413553,-0.07663110128368286,0.869
2260.55,GT-10860,80688.62822540382,-281129.39477625437,-160.20533482026786,-143.13889498138954,0.882
2262.18,GT-10303,80983.21350878631,-281274.1190141635,-156.3774599172556,-145.6130074436109,0.86
2262.18,GT-10860,80423.4547318358,-281337.40545432677,-161.7746104302539,-142.15564052928022,0.864
2267.71,GT-10303,80077.69986398537,-282034.1357878725,-159.38037925882514,-144.90307316731202,0.953
2273.72,GT-10803,64499.95520337296,-34888.28443212773,0.9916557333801985,1.8870381695025404,0.895
2273.72,GT-10809,204525.1256435239,-273552.5843335253,583.0573650012102,-900.2604175891174,0.869
2273.72,GT-11030,-3346.8707694021946,-40431.89590527573,-0.5956729278510091,-2.2619417511612614,0.945
2279.87,GT-10803,64523.471275021184,-34865.23390189242,-0.882035033931026,-1.1450813634353407,0.867
2279.87,GT-10860,77801.51493412971,-283912.9456459037,-157.1178189270103,-144.0042899480975,0.925
2279.87,GT-11076,211914.13009723925,-283759.9816087658,158.32315114097048,-145.6983829507719,0.866
2284.41,GT-10842,5256.411054762854,-71244.1965122389,1.4861087063970477,9.49606693360039,0.895
2284.41,GT-10940,73817.80639768825,30497.693855658166,0.11258800892688249,-0.1709720223657774,0.855
2284.41,GT-10983,57207.49429717333,19239.278435594068,-0.2442551975149398,-0.05260107356605574,0.873
2284.41,GT-11030,-3339.954488367227,-40384.42916006046,-2.3409047421704074,-3.012147206379632,0.937
2284.41,GT-11064,-77663.4619353257,-59308.3166691925,0.12409978566790768,0.18107740207166206,0.859
2284.41,GT-11076,212690.43650545564,-284552.77486681007,157.94657423694704,-143.7245759905048,0.919
2289.53,GT-10860,76292.18737055271,-285294.76057136216,-156.79280566670118,-143.76366964969048,0.877
2295.86,GT-11169,-38274.470278616194,-13685.478524820019,-0.705403273696569,-0.252437724901688,0.853
2298.09,GT-10983,57211.81421670982,19236.885479635184,0.016654645105072058,-0.13765308584253239,0.883
2298.09,GT-11014,-69210.30345983476,9296.034249984488,-0.18048639704295916,-0.05665234249169442,0.872
2298.09,GT-11064,-77643.42742525513,-59303.192502782935,0.3774801787952592,0.2167538416260712,0.861
2298.09,GT-11169,-38004.006073621,-13744.54437387396,-0.30937744959335833,0.034989873803923044,0.891
2298.09,GT-11193,74594.02291009981,-286630.9293774191,-157.35692392361543,-144.2658758046683,0.874
2305.89,GT-10983,57209.31156407937,19233.45362918191,-0.03520415629122978,-0.147112575934108,0.85
2305.89,GT-11014,-69209.46794747844,9288.609885895004,-0.14192293685663815,-0.20782535514787714,0.865
2305.89,GT-11030,-3433.79982938182,-39960.66004666963,0.5418492901793226,-1.4547686990156767,0.872
2305.89,GT-11064,-77645.1471622327,-59303.49185867239,0.2854521509840798,0.23986621953747475,0.854
2305.89,GT-11163,216371.69149787267,-287679.13590976363,158.0776456305012,-146.24373430758578,0.917
2308.85,GT-11030,-3274.62867191447,-39743.007455085644,-3.0361153605337816,-4.0451968089923005,0.861
2308.85,GT-11163,216885.55759806154,-288120.3698463218,157.95507176579582,-145.2277510476013,0.923
2316.06,GT-10860,72076.56583538924,-289151.8719502327,-157.73267075953365,-144.14564729389843,0.873
2321.08,GT-11030,-13194.364860756361,-24714.539109510548,6014.045998313194,-6847.848403439903,0.93
2325.12,GT-11126,64579.76719186045,-34752.74359957408,1.2471545875312688,2.5151529792883816,0.917
2325.12,GT-11163,219445.24850192197,-290444.205756854,156.45429963693863,-142.74166160782568,0.86
2325.12,GT-11198,5461.428959702191,-69757.55414715727,-0.3991175961274476,-3.575211209443432,0.899
2330.66,GT-11169,-37486.11357175432,-14154.908275675058,-4.517623078286361,5.908998556452752,0.879
2334.01,GT-11014,-69200.38452746389,9276.40793068762,-0.28005895584936014,-0.22873746494095046,0.892
2334.01,GT-11064,-77648.35898656612,-59325.815901166374,-0.034901876926329,-0.07806182927422003,0.887
2334.01,GT-11198,5413.206658590979,-69985.54915828144,-0.52392054927199,-2.5899508932688007,0.903
2334.01,GT-11225,55952.98567827258,-15481.681965208205,0.12406780232182896,0.30955251174595,0.87
2334.01,GT-11321,69622.2634222839,-291690.6489048586,-158.47052732721863,-145.75860791609136,0.865
2334.01,GT-11332,-4531.1771633522885,-40125.992458754874,2.881339291769015,-0.4005781178088784,0.923
2340.03,GT-11322,221361.45178650736,-292715.90831562865,157.29553012420456,-146.08992454683238,0.897
2344.45,GT-11225,55952.21597571875,-15497.473705642407,-0.049093192283335266,-0.17329040074289725,0.869
2344.45,GT-11322,222068.54683981568,-293358.7633607434,157.07754805292245,-146.0881655869116,0.907
2344.45,GT-11332,-4199.704921005673,-40380.24439126052,3.1292451325696087,-1.4193346877934125,0.909
2353.17,GT-11014,-69185.17714419615,9261.52849117407,-0.5291633677634141,0.04919168089083748,0.852
2353.17,GT-11126,64661.32279475486,-34661.26360687728,-0.5271625936700142,-0.8639424049977116,0.945
2353.17,GT-11225,55956.368313058585,-15496.74131774035,-0.07516054671155054,-0.008067737680655857,0.854
2353.17,GT-11238,73805.88698189118,30523.62030672034,-0.12620044662078417,-0.19310433878143274,0.854
2353.17,GT-11332,-3984.2421410796555,-40589.21856995674,2.8330171707259804,-3.7442063092213034,0.966
2357.0,GT-11225,55954.36006315002,-15492.738066138889,-0.09215083820254366,0.12005565604608268,0.872
2357.0,GT-11238,73809.81700065247,30526.93491938504,-0.17437090543454659,-0.23065009176781134,0.866
2357.0,GT-11332,-3963.037786424203,-40552.35227054579,3.6204880618290156,-2.3491215503820686,0.877
2357.0,GT-11439,57210.275747028354,19238.804290445863,-0.27137793951885836,-0.4873332077324888,0.863
2361.06,GT-11064,-77645.62488682246,-59316.969881502184,-0.19431125622013795,0.3469162768405219,0.863
2361.06,GT-11198,5394.874113644313,-70011.7717268043,-0.00920470077151439,-0.08677930869137412,0.874
2361.06,GT-11332,-4460.271586730111,-40359.61632073034,-0.4408369298866792,-1.362562447451565,0.893
2366.35,GT-11064,-77632.1954646243,-59312.10480772512,-0.17497690369893948,0.35820683753003746,0.87
2366.35,GT-11225,55956.121710491,-15489.265876238776,0.03166807505926899,0.26097241139041705,0.851
2366.35,GT-11332,-4524.228001529413,-40390.76055855135,0.8013203882958987,-0.8226115515647343,0.86
2366.35,GT-11439,57219.12114244161,19248.99891805196,0.06308503327079212,0.07268530729505557,0.869
2366.35,GT-11504,63555.94721046937,-296468.3143202936,-158.45995664956584,-144.7933854196637,0.852
2371.94,GT-11536,227109.83961587204,-297381.12130032585,157.2824793475659,-143.25974296569333,0.853
2376.17,GT-11536,227774.85005882624,-298063.0149530825,157.21903791063366,-145.14579483754483,0.858
2392.18,GT-11332,-4703.555673037378,-39897.29027341552,8.929038513963217,-2.426676429417122,0.914
2392.18,GT-11439,57205.68764470894,19253.30862075114,-0.0646676214362422,0.07152353698109906,0.855
2392.18,GT-11504,59484.52728926375,-300279.0973991844,-158.18966482953365,-143.86939918515878,0.912
2392.18,GT-11594,73802.9169995107,30518.26463647352,-0.02557745982529886,0.41746762061828313,0.862
2392.18,GT-11608,64320.4893167353,-35159.3779077137,0.5386967004419897,0.7531656396631121,0.876
2392.18,GT-11662,-77670.91012057006,-59303.30759288364,0.2606837210276421,-0.22647146291076803,0.853
2403.48,GT-11332,-5072.874030850586,-39815.66659429531,10.997786040699769,-1.8048099180926105,0.882
2403.48,GT-11535,57771.43570520238,-302513.10264015925,-156.42937207611138,-145.87754366194133,0.875
2403.48,GT-11608,64442.61082640959,-34981.89495317185,1.3960817711325642,2.0549969000665715,0.879
2408.58,GT-11332,-5214.802749958239,-39813.48452602228,13.772995672913042,-2.0138931081970135,0.86
2408.58,GT-11439,57212.78246024859,19247.263279694773,0.26437228202974167,-0.05515594000571811,0.857
2408.58,GT-11535,56986.81311954048,-303229.7493186453,-157.16898926237684,-143.9709317272126,0.925
2408.58,GT-11538,-69187.61794667722,9316.169022514578,-1.1691832596587992,-1.0274195539050377,0.872
2408.58,GT-11594,73816.90464083386,30509.138336311033,0.1904618140125237,0.23202727857067215,0.854
2408.58,GT-11608,64387.37281741668,-35069.16835060127,0.4886210692053615,0.5652997221920386,0.884
2408.58,GT-11650,5342.331010993408,-70472.95542134404,-0.009787510495813001,-0.331596306277954,0.857
2408.58,GT-11662,-77659.3269894224,-59298.160932594976,0.24219855159983317,-0.0037860443157700097,0.869
2420.1,GT-11439,57205.29704016869,19249.6779668093,0.1189730201116605,0.005865421140197058,0.891
2420.1,GT-11538,-69174.81081353556,9312.210818575704,-0.621496557700278,-0.7020024614933011,0.886
2420.1,GT-11594,73818.2125971496,30508.687770042332,0.2139439122047575,0.1733649034362179,0.872
2420.1,GT-11608,64333.77748808989,-35143.71910621788,0.2887125615227888,0.3156358352943981,0.902
2420.1,GT-11650,5386.790258375182,-70228.00275381465,0.6323203162004377,2.6805733338200453,0.91
2420.1,GT-11662,-77652.18969562571,-59297.315000661634,0.34986047567307477,-0.10549044892679062,0.869
2420.1,GT-11712,55959.57360305241,-15488.433902059145,0.10587734234268985,0.009138544448061642,0.886
2420.1,GT-11773,-3867.8146854275506,-40970.91104557427,0.28738216677483663,0.8901618662207254,0.872
2426.33,GT-11650,5348.679223707926,-70431.00299276639,0.4908551962892772,2.866904995684691,0.905
2436.35,GT-11538,-69181.32071672549,9309.524918664047,-0.6907257453577735,-0.6407501563388912,0.872
2436.35,GT-11594,73821.68716613694,30509.480089414064,0.09927511049969451,0.009374999158428918,0.86
2436.35,GT-11608,64230.02476290218,-35300.68468893265,1.3934321678527986,1.8371964320973693,0.935
2436.35,GT-11650,5339.391866465234,-70451.09317151688,0.2815270350755108,2.1842318541324572,0.856
2436.35,GT-11662,-77679.74460545865,-59290.56429307339,-0.10624881108673698,-0.19457177774809892,0.86
2436.35,GT-11712,55969.25767357722,-15507.504318497575,0.3233145632751132,-0.38950752334760774,0.869
2436.35,GT-11763,52789.229973955225,-307279.3738883168,-157.27609577983822,-144.51211852117697,0.883
2436.35,GT-11773,-3516.2305953234168,-40681.188220118805,0.4355830185282996,2.2651917942243376,0.873
2443.44,GT-11439,51390.52715097792,-290300.7775768782,-157.84727261485818,-1151.397783177892,0.876
2447.7,GT-11819,50549.07859151241,-308956.74411577743,-156.60038431767833,-145.8851790209574,0.855
2460.03,GT-11538,-69144.80108669022,9349.475339561815,-1.388992833246031,-1.0120017190687671,0.862
2460.03,GT-11712,55957.94456245275,-15505.236754403995,0.04262275922996328,-0.0060228031829819215,0.858
2460.03,GT-11773,-3340.765709193606,-40223.157081556834,-0.07151991766330434,2.771606884794034,0.852
2463.12,GT-11773,-3180.978076071001,-40278.30305290556,-2.372043763641783,-1.4640600430728135,0.893
2463.12,GT-11894,64310.60167584057,-35218.746865333036,0.6564976124790587,0.16604883823276229,0.862
2470.34,GT-11712,55955.05692276984,-15511.048657734404,0.079631797191895,0.06775192067006816,0.895
2474.51,GT-11773,-2960.4552068714675,-40216.651430930106,-5.8376823292258795,-5.3372290160196885,0.918
2474.51,GT-11894,64380.8975831577,-35083.6406176841,0.5140199259575382,0.81613898289297,0.891
2474.51,GT-11943,5425.57166609891,-69986.83408820533,0.24887496708625348,1.3461824447844524,0.889
2474.51,GT-11954,-38724.411059150734,-11618.602906394643,-0.9230464291027514,0.820717323200653,0.856
2479.68,GT-11773,-2562.2369156726563,-39987.09611536488,-15.52714961701793,-14.223791285416375,0.919
2479.68,GT-11894,64379.36876141179,-35069.57144944494,0.35626613351610437,0.8697013006269297,0.892
2479.68,GT-11943,5366.966979288794,-70256.217708387,-1.0117520644628337,0.7062410088657254,0.905
2485.06,GT-11712,44622.917879025175,-269921.9806850856,-180.87292381491105,-1352.10935099261,0.923
2485.06,GT-11894,64340.871628262146,-35134.56274018172,0.5182683291138084,1.0199343160911987,0.885
2491.14,GT-11892,57222.21661038719,19249.400417488294,0.1918149905748754,-0.02488439973715867,0.908
2491.14,GT-11909,73818.60742012068,30496.369253714776,-0.04563199225897101,0.012237715437885988,0.884
2493.11,GT-11894,64291.19681905937,-35208.72074292829,0.3823740223611904,1.0830641079889138,0.935
2493.11,GT-11909,73821.46780826626,30497.2601141942,-0.0618275771724147,0.02841829784039998,0.869
2493.11,GT-11940,-77677.04725785402,-59301.854487696364,0.06857015307649113,0.22435584692207966,0.879
2493.11,GT-11942,-69232.67582585479,9290.227611206448,-0.09000734685589702,-0.2665652706519364,0.872
2493.11,GT-11943,5348.019467240673,-70383.16096950395,-0.6736783289492739,2.420862857030884,0.921
2493.11,GT-12023,-3868.3138562153135,-40090.84194709275,-0.44110549597043436,-0.33892816497059747,0.959
2500.46,GT-11894,64285.70252056473,-35216.38644511685,0.27488386637552575,0.7586772039720618,0.862
2500.46,GT-11909,73814.72890920937,30487.552591430605,-0.13827969743060897,-0.11200707414038047,0.873
2500.46,GT-11942,-69224.101904992,9277.173670968521,0.20847653627066634,-0.36720146777666873,0.851
2500.46,GT-11943,5360.2337547921015,-70403.07795310274,-0.6982224370343866,1.9578900002559567,0.852
2500.46,GT-12023,-3882.6070396861464,-40096.63603178163,0.13855191388386576,-0.1279535166469411,0.851
2503.62,GT-11667,8227.054519274076,-223615.25218242244,499.50553942006667,-2007.4210473927726,0.869
2503.62,GT-11894,64381.81512796206,-35067.04088726356,1.745831968187419,3.059690262288175,0.928
2503.62,GT-11909,73822.54866441456,30495.630468079456,0.10769223216993187,0.05270121805355349,0.869
2503.62,GT-11940,-77674.08817792342,-59303.72353901797,0.1475543170867737,0.19017807401122797,0.866
2503.62,GT-11943,5367.102645567096,-70419.44982015449,-0.6607304102682908,1.626571819024984,0.851
2503.62,GT-12023,-3774.4623007100818,-40347.0384624959,-0.5207196429108831,-1.6163176326053281,0.956
2503.62,GT-12046,55951.322823677794,-15486.760058733333,0.4450387925727809,0.032031339720461405,0.861
2510.62,GT-11984,40838.06995935102,-318046.6794605601,-156.3277170164958,-144.95222111162502,0.87
2516.03,GT-12023,-3805.596452312022,-40361.87886586983,-0.8927370591193682,-1.481286432285195,0.918
2520.0,GT-11984,39339.7489008397,-319387.6648378308,-157.5474635409429,-144.1707732042546,0.893
2527.46,GT-12046,55955.57796166549,-15480.65960888938,0.3335864851901011,0.08079420330435659,0.892
2532.2,GT-11943,148440.65718158847,-215279.13700547616,2312.702307864841,-2325.553517638022,0.889
2532.2,GT-12131,37068.184674750715,-321898.32922986645,-159.15883542702426,-146.99040075725915,0.859
2539.22,GT-11909,73846.22605330682,30481.607417910174,-0.6538973451540617,0.26453089206348407,0.854
2539.22,GT-12023,-3755.6100292839633,-40247.233931000075,-0.291025632648131,2.379716747939848,0.859
2542.12,GT-11791,-96129.08957084545,27367.06700601337,-0.8839715046550263,3.683459022369482,0.869
2542.12,GT-11909,73844.70886003868,30484.145136482122,-0.747547315739844,0.18593371391268176,0.877
2542.12,GT-12023,-3578.750415421148,-40083.54606141783,-2.8034572990586635,0.5369707120204056,0.941
2542.12,GT-12046,55946.112779310126,-15483.397359162345,0.01752174774779819,-0.0007556952843775985,0.876
2542.12,GT-12131,35505.10078284687,-323257.29574391624,-157.3231596062243,-145.4659464031895,0.923
2549.21,GT-11791,-96120.21217111187,27318.789490897885,-0.5081538528291596,1.9597116830393344,0.855
2553.42,GT-12023,-3209.757476582993,-39889.78018277601,-9.714583220523032,-6.623930681353336,0.884
2559.32,GT-12239,64278.38955045486,-35231.20123295625,0.28464611758225195,0.1587856060541119,0.888
2559.32,GT-12308,256777.13019104392,-325295.1873384939,156.20259051986596,-145.3683679630117,0.901
2559.32,GT-12310,-69230.66136293727,9281.075633065298,0.05317208713962594,-0.02102170605499351,0.88
2565.34,GT-12046,-39959.51274423359,-94376.65665744327,46.36597621611931,38.06236029070716,0.94
2565.34,GT-12324,-3319.425826876617,-39894.95496914012,-0.10490888898558073,0.2591056655939718,0.879
2569.77,GT-12226,31447.709210062585,-327037.0482949661,-156.48304293206314,-145.91003938931658,0.877
2569.77,GT-12308,258427.44682625082,-326797.4096346161,156.82795581075297,-147.4703292647476,0.915
2575.17,GT-12239,64227.08203366383,-35289.65298394678,0.18271172574477546,0.38134935469552483,0.873
2575.17,GT-12292,74001.74522086536,30920.100044703355,-0.7644482259538813,-2.2054925242442236,0.853
2575.17,GT-12339,-77665.50771904817,-59306.85971311194,0.08791767099907331,0.32343334395694046,0.879
2578.92,GT-12226,30017.221898202195,-328367.63335316017,-157.7336716501308,-146.02112023720343,0.891
2585.21,GT-12447,261174.02389682355,-329915.24393590103,157.06195053528788,-146.29504865882853,0.858
2590.18,GT-12238,57222.661332404496,19242.260358644206,-0.0334874926610843,-0.3329495707911458,0.894
2590.18,GT-12310,-69237.90826471699,9283.306008723192,0.08815666298557666,0.039952072275996925,0.892
2594.81,GT-12238,57226.91437525471,19245.091850630033,-0.04743847998250236,-0.3183026922515091,0.873
2594.81,GT-12239,64265.821172332355,-35238.087965156585,1.4650187281602483,2.0893053959057486,0.9
2594.81,GT-12290,5351.504884897322,-70445.01154958176,0.28776727901233073,1.5437889930273165,0.892
2594.81,GT-12292,74072.48878829236,31089.070103958333,-2.8099471314259903,-6.804684076094156,0.872
2594.81,GT-12310,-69236.58334283906,9283.288237005396,0.07135843247851903,0.046926415134274146,0.865
2594.81,GT-12324,-3464.4096712578953,-40433.306362598385,-3.9093223353231337,0.6754768564136511,0.886
2594.81,GT-12339,-77668.84629491612,-59315.29475228678,-0.07458621087748771,0.02113507906153904,0.886
2594.81,GT-12457,55965.55191978267,-15463.819746467021,-0.016066884827005357,0.0032105196386496143,0.874
2600.46,GT-12097,4724.6798782534315,1857.4854946149044,406.77159721958355,-721.6868053696544,0.878
2605.07,GT-12239,64220.63488241519,-35303.65616610161,1.9536434528771032,2.799713996022668,0.866
2605.07,GT-12290,5305.140234559196,-70647.56096387627,0.2568724345655698,3.073131195406704,0.865
2605.07,GT-12310,-69046.9856780581,9169.488379320323,-2.6939440732537223,1.891714594516481,0.876
2605.07,GT-12339,-77669.95208189839,-59301.788275522,0.06696225867448169,0.4115477537033315,0.876
2605.07,GT-12459,-37995.21697479239,-13856.181240770318,-1.0250204017555493,3.057043068298501,0.854
2610.44,GT-12324,-3366.6308950092957,-40163.79703349343,-6.205882544755898,-0.39189335082140375,0.862
2614.57,GT-11791,-96491.46251244801,27447.213764946828,7.783329436042594,-7.099457481866721,0.887
2614.57,GT-12324,-3191.641520720428,-40017.132766354276,-11.515617787418735,-2.661813471856721,0.861
2618.93,GT-11791,-36240.29997863536,-169546.0293706529,1170.059582552769,-3871.0218218210393,0.871
2618.93,GT-12239,63954.00762311998,-35673.19011493825,8.40055552843679,12.583779219098922,0.9
2618.93,GT-12324,-3022.1862654806973,-39839.10729544851,-14.048081298272203,-9.28632948333627,0.908
2624.28,GT-12102,24710.904036643547,-324250.02881468675,-220.01985517594966,-440.92237209379965,0.867
2624.28,GT-12238,21964.127215467757,-339891.4183889497,-173.24033535058845,-320.18016278044684,0.902
2624.28,GT-12339,-77664.82064900549,-59329.12236892222,0.014614605740448205,-0.005118421815952567,0.899
2624.28,GT-12547,73805.40136388114,30518.85469077106,-0.5557878167986672,0.06491521533787699,0.878
2624.28,GT-12588,-69228.70494667502,9288.46552867022,0.23967627694977922,-0.050240370703860476,0.874
2627.64,GT-12623,-3531.2780804750723,-40405.71330347659,-0.40213664754426764,-0.3664969818887448,0.876
2637.89,GT-12339,-77659.14970694562,-59331.31027266,0.13249132744908645,0.047659332940548554,0.85
2637.89,GT-12457,55734.83779799844,-15436.770566234714,1.9632292790385373,-0.31038477853975566,0.924
2637.89,GT-12623,-3453.4991730953684,-40236.187671499836,-0.27011907223107695,-0.9800384658642154,0.929
2637.89,GT-12682,20491.30788626659,-337515.9948500172,-158.3045601157044,-149.0575498639525,0.855
2644.13,GT-12339,-7810.087366580994,-267594.0316395185,491.6655988656761,-1862.4574085357863,0.881
2644.13,GT-12459,-37554.118339831955,-14063.177699798784,-5.005056270626982,4.198821592840497,0.9
2647.01,GT-12547,73809.54241449879,30502.239139455673,-0.48352239163562294,-0.2048168119890989,0.855
2647.01,GT-12623,-3696.108745688847,-40179.270423968366,-4.133370869872498,0.2499846210452905,0.924
2647.01,GT-12679,64670.12000475004,-34614.73294816922,0.7926550505703271,0.8001449791190356,0.935
2647.01,GT-12682,18970.826678873003,-338877.99292096583,-160.73587352632305,-147.38563646780446,0.876
2647.01,GT-12722,5487.027626016243,-69615.36462580392,0.8121628676562531,3.383285815195173,0.915
2652.24,GT-12547,73806.4611933074,30501.82543980181,-0.5001374294692604,-0.19205688316346714,0.878
2652.24,GT-12679,64520.5531155934,-34843.470855565596,-0.15353440271306118,-0.08334285983956125,0.891
2652.24,GT-12722,5430.855616724342,-70026.30481513811,0.19442464407322657,0.8885101993689823,0.888
2663.25,GT-12623,-3596.3770790702997,-40195.71736404411,-6.165151738288117,-1.963381758902479,0.901
2663.25,GT-12722,5393.481477789276,-70208.63823346904,0.21840609990689042,1.625548684568227,0.905
2669.1,GT-12457,675146.5877319657,-946623.5291553589,-929.4507335168021,1491.1300263166765,0.856
2669.1,GT-12623,-3474.4326135437504,-40140.83242962821,-3.406556647338727,0.6000059355828404,0.86
2669.1,GT-12679,64436.588107022566,-34979.72013637441,-0.5048544912455507,-0.5329190211484545,0.865
2672.9,GT-12623,267158.8782680114,-332973.071387113,415.8700847298217,-428.38465313457937,0.941
2680.24,GT-12588,-69226.78432967035,9283.095355256335,0.007473139336127879,-0.17888778222806384,0.882
2682.13,GT-12722,5382.754165827243,-70312.86953202556,0.3168216932455959,1.8321508980868055,0.91
2682.13,GT-12755,-77664.8650378001,-59313.47057607814,0.07496892082219553,-0.0603319398993877,0.854
2682.13,GT-12880,57207.46541567548,19224.74684262741,-0.18992173199563556,0.1979189445877457,0.851
2688.96,GT-12588,-69226.19873969321,9280.155306510609,-0.0657951036993156,-0.21715768243717018,0.882
2688.96,GT-12679,64429.4229656606,-35013.058146633324,-0.5173071017111517,-1.023505620035385,0.877
2688.96,GT-12722,5376.831734326656,-70331.74865096137,0.029033245693655896,1.059800691170095,0.883
2688.96,GT-12880,57205.26356580345,19225.062312933318,-0.23557928375167708,0.10855331416069045,0.856
2688.96,GT-12892,55969.060589942426,-15480.437994423111,-0.19678965605932863,-0.12224844404137203,0.884
2688.96,GT-12909,-3364.9226499276515,-40097.58513704446,-0.46840613610118675,-0.4140077347976476,0.871
2699.79,GT-12755,-77679.43561408701,-59317.26608769798,0.07891435245694131,-0.0048218469838008475,0.882
2699.79,GT-12892,55964.16804830035,-15482.55175796827,-0.021769337868285724,0.09036388977023666,0.886
2706.91,GT-12909,-3728.944637346197,-40335.363556172684,0.19907399662373582,0.9899272853825631,0.892
2709.5,GT-12679,64370.926579223255,-35080.033935344385,-0.1507121774946431,-0.06893805898591548,0.894
2709.5,GT-12684,309859.87356832926,1056871.0257394076,-5414.833726597644,-24672.953494904046,0.925
2709.5,GT-12722,5394.009731260224,-70335.68808976695,-0.3976387603683291,-1.3465831528544676,0.893
2709.5,GT-12909,-3836.894860719393,-40230.816038595905,-0.734615121965823,0.9523337387715305,0.919
2709.5,GT-12955,73822.20527727786,30517.375705732244,-0.12843550448735222,-0.1034071302501678,0.884
2716.79,GT-12588,-155672.69553122084,335045.0292855948,4248.809232097671,-18621.014178264297,0.883
2716.79,GT-13042,-38237.92830127728,-12603.020456728336,0.19788971010597073,-1.1909923004775949,0.871
2720.67,GT-12880,57212.137135823046,19245.976998605063,0.20199634475051503,0.1815321213451609,0.876
2720.67,GT-12892,55965.19414644542,-15493.894827260436,-0.03024256993590771,-0.13815475440858294,0.894
2720.67,GT-12909,-3855.9817642368416,-40165.19630089399,-1.3281940304105428,1.5609796757446364,0.941
2720.67,GT-12955,73817.14994727963,30507.773141388152,-0.03630032031142768,-0.1579702812941113,0.87
2720.67,GT-13065,282770.7230077891,-349972.44354438497,159.64649635104288,-149.25148216194944,0.855
2728.07,GT-12722,5418.256944940846,-70262.51576647694,-0.8001857693158022,-3.085341913059035,0.89
2728.07,GT-12880,57206.79000306208,19242.442078648546,0.14679379695459202,0.15092571995587617,0.893
2728.07,GT-12892,55960.89586656205,-15485.733749472314,-0.013418891892417177,-0.11847298988325636,0.885
2728.07,GT-12909,-3783.8990743109493,-40134.17365153125,0.4832294908104644,2.1400571909575286,0.905
2728.07,GT-13048,-77663.30983385934,-59308.304008233434,-0.0022597502100920736,0.1357245972154047,0.899
2733.97,GT-12682,5055.366108567148,-351826.768670572,-158.86116504573562,-149.9404171778484,0.886
2733.97,GT-12722,5432.759529097594,-70210.70902890903,-1.0601630270269986,-3.9635828001267503,0.879
2743.48,GT-12682,3537.9660364432666,-353318.5644544571,-156.2872853705987,-150.53280474364317,0.895
2743.48,GT-12880,57191.768692025675,19237.375691238474,0.33349243316596977,0.056785435511186366,0.863
2743.48,GT-12892,55979.84351158516,-15492.430661696819,-0.16642773434718344,-0.3935249150948553,0.868
2743.48,GT-12909,-3715.3857690813647,-40133.18707434676,-0.6273644910701813,1.0930930400973513,0.884
2743.48,GT-13118,64356.391967897864,-35116.36208817547,0.4687431082564801,0.7822631434269772,0.887
2748.14,GT-12909,-3584.507196008424,-40152.51007369029,-2.185930484457856,-3.6629825465817305,0.916
2748.14,GT-13118,64363.59328066818,-35103.396421558595,0.853850967282033,1.3643520458719804,0.875
2748.14,GT-13197,287630.51588847616,-353770.28427218716,158.52942324328743,-151.08475643885603,0.945
2753.61,GT-12682,1992.9983992635919,-354866.97710140183,-157.37407544800755,-150.03106804631255,0.939
2767.6,GT-12909,-1072.6935896223558,-324517.3276394162,-127.11727696574627,-1285.0015771820665,0.878
2767.6,GT-13118,64397.653578106554,-35031.90869457773,0.8733494831425198,1.5282237412180257,0.853
2773.96,GT-13271,291300.0465550171,-357402.40439997,158.3645009546262,-149.6474588292784,0.891
2773.96,GT-13272,-836.6131224118341,-358133.8116768379,-156.15624419794187,-148.8648013037758,0.944
2779.1,GT-13362,-1924.8341308553645,-359065.3421065029,-158.02990059051382,-149.5074761068758,0.896
2785.58,GT-13374,-3445.5560100416437,-359400.1195740494,-159.0245295929664,-149.11969479079121,0.872
2791.78,GT-13199,5371.892744137259,-70489.61047768367,-0.2525745193626121,0.07987843315756099,0.855
2791.78,GT-13229,-69233.4188979004,9292.563015459684,-0.18537466030614602,0.15006751243854344,0.85
2791.78,GT-13360,57203.63999833759,19253.33408089189,-0.09259562998426205,-0.13569637585293584,0.857
2791.78,GT-13392,-4042.31022403462,-360513.83350418985,-158.85424147041778,-150.15260620193962,0.88
2794.88,GT-13118,64245.581673098764,-35259.904430642906,1.5204718605484722,1.5971187743649562,0.932
2794.88,GT-13326,-3467.0192790900214,-40767.488868298264,-4.773517098875739,1.0419233795353438,0.969
2803.09,GT-13118,64213.15302061945,-35314.32508007713,1.5874848912572497,1.55634194290759,0.935
2803.09,GT-13326,-3416.0813887166546,-40586.82285154071,-2.8851844938564013,3.1873739390035283,0.852
2803.09,GT-13374,-6181.849068731526,-362007.72668485716,-159.20707035685288,-152.28066340368142,0.864
2804.41,GT-13118,64160.61322579688,-35398.18805947482,3.9334904673485163,5.213215212342488,0.885
2804.41,GT-13326,-3468.5855582623117,-40485.817985245536,-6.870810653568204,2.903323998552776,0.916
2804.41,GT-13360,57200.098030202855,19246.66147534877,-0.31189589051394895,0.003481440533229907,0.919
2804.41,GT-13462,-77684.7420083971,-59302.01002652962,-0.5058847554184531,-0.44449671927178924,0.864
2811.17,GT-13326,-3416.3864716416324,-40476.12294521325,-5.230720398467106,4.624414532251241,0.902
2814.32,GT-13229,-69218.2246774956,9308.942144304066,0.10353448795154828,-0.030324704833312954,0.87
2821.68,GT-13531,5583.138602408751,-69051.49893302652,-0.29990837820122507,-2.895300633270401,0.859
2824.15,GT-13326,-2981.355986600869,-40616.13487861002,-14.96303318618927,4.736394447327744,0.851
2824.15,GT-13532,64675.115060569355,-34643.71614571468,-0.37840554136416665,-0.2918512090630845,0.872
2830.83,GT-13532,64597.26052746967,-34764.634963814504,-0.5955378060031803,-0.6946115103501644,0.911
2835.05,GT-13291,55977.414223829204,-15485.797345743662,-0.4771971758086748,0.1321973941723268,0.857
2835.05,GT-13326,-1919.9737329477864,-40799.37165896784,-26.21031793878859,5.82360928596182,0.886
2835.05,GT-13531,5535.839976592179,-69320.41576428158,-0.49908171647020283,-4.856245360387826,0.854
2839.51,GT-13532,64670.812850121154,-34660.93952653204,0.09591788775780907,0.2112733487962799,0.869
2839.51,GT-13572,-11573.847684151197,-367433.20753243595,-155.96615914400982,-150.0469495788263,0.852
2844.89,GT-13645,-69205.40990563114,9298.742273677972,-0.2532681922112934,0.22074123054806377,0.869
2847.36,GT-13572,-12816.701525643093,-368573.26180239645,-157.8552812463124,-148.52586823234333,0.872
2854.02,GT-13361,73804.39593902112,30467.631659853843,-0.1689548866594963,-0.1230265114063254,0.889
2854.02,GT-13540,303352.7348473663,-369630.7597543733,157.60477727488018,-148.38537027091206,0.906
2854.02,GT-13701,57208.890106255705,19257.55502320672,-0.10242335539933001,0.3255055377617268,0.864
2856.82,GT-13531,5673.310162036485,-68558.48123470614,-0.5316069280988108,-3.540420966069852,0.915
2856.82,GT-13532,64630.564985274534,-34736.00688241448,-0.4247773015771834,-0.4450132825833977,0.917
2856.82,GT-13679,-5015.306582810548,-40300.23825303729,0.4348846776012887,0.18245370700703564,0.907
2863.75,GT-13531,5672.96539963679,-68555.98330062142,-0.2784440208372968,-2.6048949848745453,0.908
2863.75,GT-13778,-15579.777315476227,-370409.46034978004,-155.84044137047408,-150.82363122573526,0.879
2867.31,GT-13531,5656.6945550996015,-68687.29482986429,-0.5615142528796401,-4.607602740058025,0.859
2867.31,GT-13532,64658.6953127967,-34690.139128874805,-1.9927299640017753,-2.678252177843267,0.852
2867.31,GT-13572,-15875.12071196337,-371600.1552773324,-156.5786959839242,-150.59333758818664,0.881
2877.75,GT-13127,-110813.17996912282,46148.787337267626,1508.827126128611,-7658.794827386748,0.909
2877.75,GT-13462,-77634.71580184293,-59297.93318783867,0.059008977234089405,-0.0619387039692631,0.899
2877.75,GT-13685,55950.2530548494,-15499.762998495711,-0.031155558342476113,0.00880436637929859,0.879
2887.36,GT-13685,55939.8177869567,-15495.567547364151,-0.10516813988981892,0.06652726404094679,0.875
2887.36,GT-13701,57224.67979279703,19254.232844599872,0.09782918595691226,-0.07049629360295599,0.877
2887.36,GT-13827,64588.66186939732,-34773.44253679288,-1.0034943935665241,-1.9360418597341267,0.913
2892.99,GT-13679,-3844.1116513812776,-39998.61317076983,5.575621448574108,-0.3484031657902149,0.863
2892.99,GT-13701,57215.151025797764,19251.476670886692,-0.14141769375457555,-0.02275610748498416,0.855
2892.99,GT-13827,64491.03880295914,-34925.081849293354,-0.6955906031011546,-1.7372244594752968,0.853
2897.31,GT-13679,-3739.0755685697673,-39805.26621115402,3.5981615696044793,-1.4973955917479824,0.91
2897.31,GT-13827,64500.44804316979,-34909.211214512914,-0.3328109401614833,-1.0998957128518936,0.861
2904.99,GT-13540,311463.81890063453,-377244.1544435658,155.568314010757,-147.23286742961045,0.889
2911.46,GT-13701,57214.87181101741,19236.68157979278,-0.06705766435010337,-0.2965110825115893,0.856
2911.46,GT-13827,64473.23796954023,-34932.063827269325,-0.5161914113565531,-1.0893067512092367,0.866
2911.46,GT-13932,5431.128616137251,-69979.44986289689,-0.11000442117825363,-0.4616214345955073,0.855
2915.11,GT-13679,-22656.916625897087,-353521.58539138536,-188.86564640635024,-878.0065037245182,0.889
2915.11,GT-13701,57212.23778238865,19237.421914543847,-0.0503408553145214,-0.30243411811423065,0.917
2915.11,GT-13822,73818.02526330718,30506.98520109564,0.3931549024770325,0.04598241708899479,0.937
2915.11,GT-13827,64567.229765239026,-34782.92542334152,-0.012399712377330702,-0.24007721122247483,0.872
2915.11,GT-13932,5450.044166483657,-69893.4464913169,0.1004831248841621,0.008039577134940162,0.941
2919.8,GT-13827,64661.574848758675,-34632.06292378713,0.7361011367759913,1.161144206012248,0.907
2926.32,GT-14013,315521.3465327028,-380679.80470644205,156.0946614121963,-147.26142123700137,0.907
2932.47,GT-13827,64644.812189030155,-34662.80530051625,-0.6275546955364413,-0.8973411305329388,0.856
2932.47,GT-13932,5389.945951718184,-70207.64422518935,0.19531587598076489,0.8854853027668166,0.863
2932.47,GT-14043,-3649.7693238359457,-39835.86172386367,-1.8685480617124248,-1.0121681815923234,0.883
2938.1,GT-13540,316688.5103264089,-382105.9776992059,157.5710994758613,-147.30232243781924,0.899
2938.1,GT-13827,64598.599485057115,-34719.54343638674,-1.145404516181611,-1.4520689527316077,0.893
2938.1,GT-13932,5365.5835067756825,-70336.9006031613,0.5421833500831768,2.5914131126594935,0.883
2938.1,GT-14043,-3556.87866583973,-39839.63076165917,-2.7645990331208408,-1.1096069400397446,0.875
2938.1,GT-14107,-26940.938939484266,-382826.0059338367,-156.92920563148274,-148.4860609816113,0.859
2943.69,GT-13701,57216.68537516384,19232.46507881142,-0.10731880965180268,-0.06931492909605246,0.906
2943.69,GT-13822,73817.83403281358,30506.896748940708,0.24399516856213646,0.012008848942440913,0.89
2943.69,GT-13932,5363.159500515035,-70361.7531507997,0.5000398724740756,1.6709862134835862,0.901
2943.69,GT-14094,-69212.78138741462,9291.853575699728,0.04053096291168845,0.11975221287037366,0.913
2943.69,GT-14107,-27848.76731968907,-383576.2763666582,-156.98633482795614,-148.06775392366947,0.921
2950.52,GT-14043,-3438.804334806834,-39679.906894141575,-5.094333979480823,-3.0536351234317305,0.912
2954.91,GT-13701,441744.45391326956,-575190.7468431754,3594.3009783340353,-5494.931414013021,0.959
2962.21,GT-13827,64731.94598948512,-34468.47068742915,-5.44071996645964,-8.581753001745628,0.916
2962.21,GT-14043,-3266.865827637418,-39397.176016644946,-10.31130941408586,-8.792450818019034,0.925
2965.64,GT-13827,-22949.364820208648,-356175.8966140267,-374.4769598147608,-985.8660206655949,0.94
2965.64,GT-14043,-3149.311972163373,-39295.0155346114,-8.959514366674817,-9.334647315330521,0.931
2965.64,GT-14094,-69220.29090618546,9270.756354322537,0.11916506397989098,-0.27606240837441,0.92
2970.66,GT-13988,-41926.80027947398,8582.719774626208,5.048965219883804,-13.6911494025744,0.878
2970.66,GT-14043,-3094.2491350532464,-39045.714097954704,-10.116542867936307,-13.650650130944898,0.917
2970.66,GT-14199,-31737.450849879493,-387077.0457794881,-156.5772194073913,-146.19255050029477,0.911
2977.5,GT-14043,-27056.642460399486,-306075.2764598246,-353.15682847019605,-2960.8421768994754,0.926
2977.5,GT-14044,-77637.73177894966,-59305.57938186015,-0.277593697543441,0.045295642531628,0.921
2977.5,GT-14108,55971.591056432924,-15482.60289843116,0.24437662796543108,-0.17282752005913546,0.913
2981.99,GT-13555,-79542.58747695689,-53632.2088613562,-380.579045376732,-438.52674465953373,0.882
2981.99,GT-14044,-77624.9814133481,-59295.8049704856,-0.09502169606829297,0.15139936394208642,0.897
2981.99,GT-14094,-69227.21702970233,9275.572517888675,-0.17903676832908386,-0.08922565375079805,0.88
2981.99,GT-14108,55967.04523129091,-15479.446959146084,0.20750728323635997,-0.13325664743876384,0.885
2981.99,GT-14218,73803.69280175416,30504.858385262993,-0.14775986091109825,0.40823696512679636,0.89
2981.99,GT-14241,-37670.83658298284,-13863.209309196998,-0.5265375599260935,-0.10087213850341478,0.868
2981.99,GT-14250,5365.094223396978,-70479.91592689173,0.10885123406195527,0.18858360209585148,0.882
2981.99,GT-14254,57214.72441505867,19264.009925135313,0.2282567515610213,-0.08406282850476633,0.894
2981.99,GT-14301,64248.2338551533,-35247.01020205944,-0.2114089242705317,-0.7413058489191708,0.858
2993.06,GT-14250,5358.4189708813765,-70480.75998675321,-0.017339610841485907,0.20202777394209442,0.894
2996.26,GT-14199,-35816.55121253913,-390792.53400879906,-159.07803383499854,-145.5049378291696,0.925
2996.26,GT-14301,64473.1279843903,-34924.09362581456,1.0347340529466196,1.333050581738477,0.85
3004.45,GT-14044,-77595.02764936029,-59321.00435811798,-0.6714607326193651,-0.15277534659640707,0.904
3004.45,GT-14094,-69232.20250771061,9285.795165164001,-0.19021715182902746,0.14140359337793043,0.898
3004.45,GT-14218,73818.19569471497,30492.086899220256,0.012845899840641078,0.1114926577665776,0.899
3004.45,GT-14241,-37316.757843101994,-14143.868846196545,-8.979047330367818,7.593517016866562,0.871
3004.45,GT-14254,57214.991713750765,19260.205621666093,0.11465686992547464,-0.08333651210012377,0.891
3004.45,GT-14301,64450.62416756514,-34962.779916399544,0.4034455021492756,0.38584145433811934,0.894
3004.45,GT-14302,-3260.858210341529,-39878.96447719818,-0.5472818043373334,-0.10134926533099042,0.912
3009.59,GT-14199,-37868.931862868674,-392701.7214056564,-161.09882837114657,-144.89964308196483,0.88
3009.59,GT-14302,-3344.478600458009,-39746.261004357795,-2.1491924979343047,-1.087679823583803,0.867
3015.09,GT-14301,64377.20047663335,-35087.10266658298,0.5350276368006143,0.5272591643185469,0.931
3015.09,GT-14302,-3342.657182438952,-39767.81573770932,-1.4901291902049696,-1.0634754374760886,0.856
3020.21,GT-14094,-69250.38866102535,9274.463595748972,-0.4851450133218347,-0.1830384650225506,0.892
3020.21,GT-14218,73809.00415972895,30478.510477348413,-0.168876267558279,-0.044680105476038956,0.899
3020.21,GT-14250,5347.67632510513,-70534.06563725194,0.4194814346051906,1.9274630380375224,0.909
3020.21,GT-14254,57212.53638562111,19270.530516817264,-0.0759580937070077,0.09780492216664038,0.9
3020.21,GT-14301,64359.9314541854,-35107.28931403158,-0.05327564776239885,-0.060244335793417286,0.907
3020.21,GT-14302,-3343.7016009123604,-39599.69157101955,-3.7709057925217255,-2.6993545589400125,0.901
3020.21,GT-14418,55958.472729413465,-15478.241630061386,0.06599073999791283,-0.5543215466681825,0.887
3025.87,GT-14301,64357.233398641765,-35111.947304316294,-0.2162601330111457,-0.36835879992930903,0.852
3030.28,GT-14094,-56507.850950666114,-212177.91185262133,223.33313933382522,-4781.527325718163,0.937
3030.28,GT-14301,64440.56545579848,-34990.48067350682,0.9302053097633312,1.1394288144458784,0.851
3034.41,GT-14301,64492.86781208765,-34902.29317992634,1.8170408223216798,2.7706206003197704,0.93
3034.41,GT-14302,-3121.79149535869,-39360.313169752044,-5.350098937066788,-5.6679909083333015,0.959
3034.41,GT-14343,88916.21934665066,-14234.95887928081,-1.0792053391833032,2.5470545647294776,0.886
3042.1,GT-14250,5296.508876387894,-70794.8666367623,1.2205336892057648,6.872367886205503,0.909
3042.1,GT-14522,-42756.95637789435,-396521.61438037496,-162.3021115408393,-145.91969114871375,0.908
3045.02,GT-14250,5004.591811320132,-71008.24815951899,7.565721354641848,13.649882562281197,0.91
3045.02,GT-14254,57215.02118549439,19299.125445030353,-0.2502148805313632,-0.4527150181726964,0.915
3045.02,GT-14301,64452.07427056051,-34942.93794454474,0.5665254025058201,1.14301572965435,0.942
3045.02,GT-14302,-2935.4560185946793,-39113.32082355685,-5.231806107816218,-8.242094081984893,0.918
3045.02,GT-14418,55963.17805069887,-15471.391771365155,0.19974911547213606,0.26851157716296925,0.912
3045.02,GT-14453,-77650.5392437965,-59312.214281693276,0.0941291049678891,-0.6970792339686545,0.908
3051.72,GT-14250,-43619.78490466742,-381479.2981160176,-259.820797337367,-843.6256204943647,0.887
3058.17,GT-14301,64463.172617481,-34938.01587683345,2.430913321145817,3.1855175335139334,0.913
3058.17,GT-14302,-2591.416491647187,-38794.57982296878,-9.914605611234693,-12.812681564490996,0.892
3063.87,GT-14254,-74515.53171626432,-519713.0592880691,-392.3438203883727,-1104.7730068703388,0.878
3063.87,GT-14302,282642.64022371534,-342352.1280676879,2192.805532161389,-2321.8303258784363,0.927
3063.87,GT-14418,55963.105727859125,-15468.095574280189,0.1444813978261492,0.07208448016153421,0.897
3063.87,GT-14552,-69245.51892147257,9291.469251840492,0.1400518692744045,0.7362974884169428,0.892
3063.87,GT-14562,5339.880991960362,-70441.49181037021,0.024793346635904157,0.4248379940235476,0.898
3067.93,GT-14241,62399.79497124607,383461.0336100965,-778.1382984547191,-3186.0889826277485,0.889
3067.93,GT-14453,-77660.95956885543,-59305.83943406376,-0.08913245851064026,-0.45731325126266614,0.858
3067.93,GT-14498,-40225.16951561098,-8108.695423345829,-0.4649035893631307,-1.911223838140264,0.887
3067.93,GT-14529,73798.12915991124,30522.169134340438,0.14983592455241612,-0.2321965290903172,0.858
3067.93,GT-14552,-69242.94564832823,9286.678150540598,0.20302520642843763,0.5466944425784104,0.853
3067.93,GT-14562,5500.09209856669,-70501.12025058786,2.001051119379914,-0.3897617246104054,0.925
3073.75,GT-14418,55962.25561288474,-15464.79377765754,0.01643112037258942,-0.19124457500518402,0.906
3073.75,GT-14453,-77657.9525332145,-59306.286578759406,-0.05446190586276421,-0.45512112380192227,0.91
3073.75,GT-14529,73797.60580278657,30512.989430521,0.1621860868460811,-0.3824974765130774,0.911
3073.75,GT-14552,-69237.42784228743,9279.966451291268,0.07274787104177835,0.05468559260960501,0.919
3073.75,GT-14562,5456.455915685793,-70491.6500676527,0.737380615508896,-0.1977181135055724,0.9
3073.75,GT-14586,64276.611908017796,-35289.152097763465,0.7726824299180792,0.1381537673531723,0.905
3073.75,GT-14601,-4130.895401007695,-39956.305015624166,1.366063025176952,-0.06588824610856292,0.914
3073.75,GT-14616,-48165.509195990555,-401677.89547432493,-159.2987665638112,-143.3232210307044,0.885
3081.1,GT-14418,55949.50098341871,-15447.129948116033,-0.1672386842211011,-0.5015899390861936,0.854
3081.1,GT-14552,-69235.07537438493,9277.019382346407,-0.03562796929530647,-0.25458245989822814,0.855
3081.1,GT-14560,-49839.4727466904,-402463.4672333521,-162.02868607626618,-141.4285085394324,0.88
3081.1,GT-14616,-49476.71087832618,-402714.9863455086,-159.64140142768983,-141.8542295866721,0.943
3085.09,GT-14418,55955.76718029745,-15439.104191032895,-0.25181811465218007,-0.544243477520604,0.908
3085.09,GT-14453,-77654.83112567457,-59293.39397150026,0.019615216838867217,-0.08983541368355065,0.91
3085.09,GT-14529,73787.557481382,30503.320445551297,-0.06802883981437598,-0.40853132082142807,0.894
3085.09,GT-14560,-50520.023792645894,-403019.94372496556,-160.75290069626823,-142.78131132463508,0.877
3085.09,GT-14562,5416.004255511034,-70625.15904950515,0.4818407969895025,2.0410333438523613,0.93
3085.09,GT-14586,64523.46260885831,-34854.48332924261,1.1756773594384682,2.1708625595889637,0.938
3085.09,GT-14601,-3829.6396354498966,-39890.37940015617,1.7295875502646272,-1.1449851177151102,0.964
3085.09,GT-14629,57200.974813930356,19250.912561467,-0.08422426595707927,0.2938398874338442,0.881
3092.3,GT-14418,233306.52708813784,-256139.3487860379,4048.54022981038,-5483.754030861701,0.93
3092.3,GT-14498,-40224.12020690431,-7559.457781989626,-0.41097533060509767,-14.311737753800335,0.923
3097.0,GT-14562,5413.384448588597,-70708.01134889075,1.2228907428089817,9.707868933527486,0.897
3097.0,GT-14586,64464.7813363695,-34956.01594063517,0.5684888728349793,0.8686070964348717,0.897
3097.0,GT-14601,-3867.8929581430352,-39734.48257953922,-0.9602813256620143,-2.3123465005616195,0.955
3108.01,GT-14453,-77650.90197211695,-59285.37930583042,-0.021334786434192482,-0.20810031585663719,0.86
3108.01,GT-14529,73801.4475899615,30509.683679458056,0.3737056804402493,-0.11249631915825237,0.861
3108.01,GT-14552,-69231.7740288439,9269.888438270009,-0.048578892928889186,-0.0658131371510211,0.857
3108.01,GT-14562,5382.90697328,-70966.69986544458,0.24128020951190346,10.293226680786159,0.85
3108.01,GT-14586,64384.127929433926,-35093.43454278386,-0.4199882563899572,-1.0723635298794396,0.899
3108.01,GT-14601,-3850.0641504179202,-39603.62287545314,1.7384612581767176,-6.308663537598476,0.889
3112.79,GT-14529,73799.98570063026,30508.728518881653,0.30901201263161177,-0.12621134518135346,0.866
3112.79,GT-14552,-69228.27315517644,9267.265656720167,0.01522888315903153,0.0027237206224253185,0.853
3112.79,GT-14586,64373.25346962905,-35099.74886194869,-0.7622563139576539,-1.364655964723623,0.866
3112.79,GT-14601,-3877.247819445813,-39551.82633715102,3.194342493699677,-6.644487193207884,0.858
3112.79,GT-14664,55947.55123778442,-15484.799412048169,-0.013318802906161914,0.25061674371431486,0.854
3117.56,GT-14453,-56695.25672290853,-391487.3616602323,-91.5349334639437,-1001.8167710099351,0.931
3117.56,GT-14562,5290.694007789376,-72120.20735071447,1.0671002465868287,27.334542618860425,0.855
3124.12,GT-14422,109879.40439858162,999831.7336655625,-3298.724106669763,-26646.440716970996,0.888
3124.12,GT-14687,-56903.96988626124,-409108.7667701556,-159.571016726307,-140.95328961876467,0.949
3128.6,GT-14586,64324.48188185332,-35163.0141480901,1.3001153703260822,1.6155185155905907,0.929
3134.85,GT-14304,-66625.52510505714,-325118.2394859904,31.717057920825834,-2088.5824906103826,0.878
3134.85,GT-14529,73778.49682268189,30532.090677726246,0.462431989851835,0.050533135751156096,0.858
3134.85,GT-14552,-69242.55379890441,9255.758620807928,-0.036780243296817616,0.24617211102318387,0.943
3134.85,GT-14586,64301.17109993221,-35177.542602895686,0.6915114455726715,0.9433289987780561,0.874
3134.85,GT-14601,-63862.97613247396,116122.80356022387,225.50803140913695,-589.2073141048041,0.923
3134.85,GT-14629,57209.38963544186,19245.72778347731,0.059830167639850995,-0.06354290367401988,0.939
3134.85,GT-14664,55948.94940699434,-15503.34903203103,-0.1293027293681642,-0.3097890350510569,0.867
3134.85,GT-14757,-77667.04053882706,-59316.45601740209,0.06949516237928317,-0.25589078402146453,0.939
3141.46,GT-14552,-69244.21304774222,9256.314191131793,0.018268169417547088,0.40834210553777256,0.903
3141.46,GT-14586,64276.05841586251,-35219.55212653953,3.3277348637300412,4.770042390728236,0.863
3141.46,GT-14629,57220.308938785296,19252.11683557279,0.22059392172389844,0.1298043767655701,0.916
3141.46,GT-14757,-77666.82411560512,-59315.73764818474,0.06998073743333538,-0.2096921674114594,0.903
3148.11,GT-14529,-53751.258571743536,-387811.7535091968,-592.3861019713574,-1597.8431109290336,0.886
3148.11,GT-14552,-69247.66716548144,9249.287277076202,0.25427006918126716,0.47478523401613787,0.893
3148.11,GT-14629,57221.24160557472,19252.58044896772,0.23808500093636362,0.1828318210706394,0.905
3148.11,GT-14664,55948.59636592771,-15496.209832037586,-0.09298408398266834,-0.07820936036466138,0.898
3148.11,GT-14757,-77665.42534335476,-59304.358024144574,0.07658927227635778,0.000904897083354967,0.893
3153.6,GT-14757,-77663.10839814597,-59302.85020849152,0.07643821648461938,-0.03293437544381606,0.869
3153.6,GT-14804,-3639.5691090339424,-39899.63808970868,0.5527840401374012,-0.09308857713698505,0.88
3153.6,GT-14805,5345.449789807713,-70494.23192077933,0.21487184508153873,-0.46092875867575006,0.877
3158.55,GT-14805,5390.654387280784,-70171.00599453803,-0.052525024902963985,0.9970070622969014,0.857
3164.21,GT-14804,-3587.022121740227,-39923.92100343842,-1.4932447201775076,-1.264088520581181,0.921
3164.21,GT-14805,5368.280669597536,-70290.41016763396,0.09904362531494604,1.567952783704611,0.927
3164.21,GT-14847,-62373.23467086147,-414302.1568447146,-158.62813713390662,-141.65622854827998,0.903
3171.25,GT-14629,57219.02495438359,19230.507183659432,-0.07488982284742512,-0.19228574305567303,0.875
3171.25,GT-14664,55957.38195479407,-15507.848377201433,-0.20500998990478075,0.0998317889497948,0.855
3171.25,GT-14757,-77657.72684994567,-59306.69581097281,0.31782431893780794,0.027378207802630394,0.877
3171.25,GT-14804,-3557.295964213325,-39917.805341700376,-0.5205526941562413,-1.0052269489364816,0.874
3171.25,GT-14805,5362.224419903819,-70332.31853245056,-0.008041086562733224,0.7945723095110454,0.882
3171.25,GT-14881,73805.81514298444,30493.938538725855,0.042854807727364726,-0.23970159991189904,0.858
3176.44,GT-14339,-68140.00368474916,-374151.2660978284,-97.68191360754827,-1110.543579983641,0.935
3176.44,GT-14896,64610.72999448704,-34726.82876483106,-0.09426901563235207,-0.7034890290504446,0.898
3180.63,GT-14629,57222.0639641543,19240.20302377634,0.005525691118009185,0.032315647516821394,0.868
3180.63,GT-14664,-63431.07995013274,-410184.73927467386,-244.80846482469119,-431.99949855221587,0.89
3180.63,GT-14668,-37169.5716850992,-14129.113447239071,-20.304952870690755,6.847078819557064,0.874
3180.63,GT-14757,-77657.63608557131,-59304.684353078774,0.2734038213665158,-0.03884615281528874,0.853
3180.63,GT-14804,-3353.8975828892594,-39739.59359565709,-1.557637414859001,-3.151280056890363,0.889
3180.63,GT-14805,5329.578239863525,-70511.27465950302,0.27677274118708695,1.678375796488935,0.872
3180.63,GT-14881,73825.6236840447,30511.970783132627,0.1511950415493349,-0.10987460130625169,0.874
3180.63,GT-14887,-69217.83864114674,9289.298986736874,0.13933365146450366,0.028723888651480373,0.856
3180.63,GT-14896,64611.08821142767,-34728.61759041312,-0.40772889518536926,-1.1999605416289054,0.877
3185.58,GT-14804,-3424.0993826252784,-39704.99072320654,-7.853314802020776,-3.5922920951856954,0.928
3185.58,GT-14896,64813.35878819383,-34407.06217997721,0.6153870010436534,0.7107995039157935,0.929
3192.37,GT-14757,-77664.240306216,-59309.57190740729,0.05447474822664097,-0.17800046748637743,0.92
3192.37,GT-14804,-3325.242661564793,-39703.276074107496,-4.463429192295676,-2.8472329214568974,0.853
3192.37,GT-14887,-69212.04486569414,9304.296593951327,-0.05221303000673211,0.47104718831932246,0.933
3192.37,GT-14896,64721.89706539435,-34553.71898726953,-1.0284421127597945,-1.941459522316618,0.928
3192.37,GT-14946,55965.16070381978,-15506.556814128373,-0.0649422228443497,0.129619210926938,0.925
3195.08,GT-14668,-36774.13622727104,-14239.939338672095,-16.447564321743716,6.4101412257773065,0.857
3195.08,GT-14757,-77662.16565231948,-59308.88442773066,0.08200505447257214,-0.1856607989903373,0.88
3195.08,GT-14804,-3272.4822388137663,-39478.22181474307,-9.103055052461935,-5.282357848203514,0.915
3195.08,GT-14805,5317.474005245507,-70670.74795969477,0.7986133298669923,3.3866485585054975,0.904
3195.08,GT-14881,73832.17194939413,30520.89537578025,0.04280866793575355,-0.0008733423673196981,0.871
3195.08,GT-14887,-69359.07181940658,9182.25077454473,0.8500072779362605,1.3291795845314633,0.91
3195.08,GT-14896,64728.649595456925,-34536.22751120963,-0.7358279024329266,-1.347236371021303,0.909
3195.08,GT-14946,55966.431923793956,-15506.402247654172,-0.0830116649098655,0.13096140350343516,0.872
3205.55,GT-14757,-77656.95970088373,-59316.416792680495,0.17155161581959677,-0.3113359185726475,0.877
3205.55,GT-14776,3993.6140398079224,47478.57710685793,-0.27966706948925935,-0.1258327642530993,0.881
3205.55,GT-14804,-3183.3988960083784,-39287.870744129206,-7.704240978118372,-9.25013155957469,0.888
3205.55,GT-14805,5318.791654945077,-70680.17848044468,0.8341002874499769,3.2979337060149083,0.877
3205.55,GT-14881,73827.96686500199,30523.50714631932,-0.019835385661622573,-0.08332624906783281,0.855
3205.55,GT-14887,-69345.43898735428,9195.055538844528,0.9152706469235554,1.324826105251952,0.86
3205.55,GT-14896,64731.827777062535,-34529.74219280032,-1.840801497101233,-3.0150089343828324,0.863
3205.55,GT-14920,-40009.9933480374,59214.30714188681,0.2546899144982516,-0.24799164442038613,0.858
3205.55,GT-14946,55971.1424777545,-15502.942537772435,-0.05190801652026003,0.2247333237827839,0.858
3208.82,GT-14757,-77658.4961769017,-59311.46304281927,0.1837262140766241,-0.2995761499178506,0.916
3208.82,GT-14804,-2869.711341533095,-39063.955519008516,-11.408181686010545,-11.878054861666374,0.952
3208.82,GT-14896,64787.900304934694,-34433.93392995555,-0.909964728121468,-1.4603433450977303,0.894
3208.82,GT-14946,55968.35445811631,-15494.657735277831,-0.15374820415656376,0.3543052478488842,0.923
3214.5,GT-14668,-36745.23245960483,-14247.816096579403,-14.658860121080835,5.841427238315405,0.855
3214.5,GT-14804,-107020.69001923475,-639221.2294434089,-316.3290592189323,-1103.8200927319765,0.922
3214.5,GT-14951,-40323.22775113014,-8295.24956921491,-0.24586100806257985,0.03903163317750405,0.85
3214.5,GT-15015,90022.11939106681,-38277.81220525485,-0.024250115283024856,-0.24012491860759383,0.852
3218.72,GT-14671,-39142.87445570584,1689.6223325001984,-10.146135358185113,24.26738222712121,0.863
3218.72,GT-14805,5252.854856504966,-71002.43907547544,1.9643295238290368,10.62773251494341,0.897
3218.72,GT-14896,64719.52394290877,-34530.213348983816,-3.824016343118858,-5.954988482219819,0.898
3218.72,GT-15020,-71409.39516763859,-422311.6148835032,-158.24073955581792,-141.55585503116873,0.875
3223.74,GT-14805,-64219.44324826546,-384201.9411270806,-364.02746037764433,-1126.731609134465,0.941
3230.23,GT-14757,-77653.62365909237,-59282.15517693093,0.23802953120660375,-0.1966413947358437,0.916
3230.23,GT-14881,73845.62894579084,30575.746932828657,-0.38893868426024375,-0.5221055741210204,0.935
3230.23,GT-14887,-69404.10524888236,9145.307157337775,2.2787568139040997,2.1607810375290017,0.936
3230.23,GT-14896,64773.109254802934,-34444.19499563068,-5.512440049048843,-8.534907365183546,0.921
3230.23,GT-14946,55963.36209542478,-15496.20995570712,-0.3486629221251515,0.20505061106698702,0.853
3230.23,GT-15101,-4430.3343819153,-39950.08894512779,2.0351113524127467,0.20230251908523622,0.921
3235.6,GT-14751,-36687.48586523894,422047.36473335867,426.3954226062402,-2394.4520823661187,0.853
3235.6,GT-14757,-73696.27778940836,-447501.15643834334,-155.44454924118102,-371.53538076538655,0.911
3235.6,GT-14887,-69450.55494798216,9109.258345801529,2.390781675888557,2.2519232618547584,0.92
3235.6,GT-15101,-5106.153318579362,-40024.99973279886,-0.5646506050812659,-1.7666106825315904,0.865
3242.03,GT-14668,-36324.48321825449,-14403.035461006264,-19.510721320529406,7.81750516746992,0.866
3242.03,GT-14776,4005.2564539862155,47486.18589579519,0.15926333944520554,-0.012449107214699183,0.872
3242.03,GT-14887,-69471.8884313923,9095.208915576151,2.9323630953953512,2.671028376298233,0.867
3242.03,GT-14896,65062.2368830226,-33966.24434992895,-8.950855848444174,-14.368311914074638,0.886
3242.03,GT-14920,-40010.77954253978,59212.51099461822,0.34559381626866625,-0.03532732562400377,0.852
3242.03,GT-14921,-27285.622589334,71080.63431159333,0.19613958593651923,-0.03356343210361967,0.881
3242.03,GT-14946,55965.529419975726,-15494.181183005056,-0.29694144963041164,0.28178332475832824,0.876
3242.03,GT-15015,90024.41633349421,-38273.8074381685,0.09863472149526842,-0.022032775720082054,0.861
3242.03,GT-15101,-4813.989962550767,-39993.261428181526,3.5608342421999355,-0.8965658135136749,0.885
3246.02,GT-14887,-69528.65804941008,9055.713415514903,3.8008632999935044,3.321707378852581,0.871
3246.02,GT-14896,65554.40678231211,-33172.88858029086,-13.97098076258142,-22.38195586854292,0.91
3246.02,GT-14921,-27294.90656596051,71086.18607624543,-0.0783760306055242,0.027427152539962057,0.886
3246.02,GT-14946,55969.27760335986,-15498.809523705022,-0.1320695682845201,0.17020686951628972,0.879
3246.02,GT-15101,-5045.86604576917,-39957.47136754461,2.8203305026529035,-3.0066579699065397,0.915
3246.02,GT-15132,-96023.79856924659,26943.106654273848,-0.1591067204442395,-0.07038323379021588,0.865
3246.02,GT-15165,73810.70320336183,30502.97189746958,-0.09575926787208716,0.045905430755929996,0.884
3246.02,GT-15170,57203.73606734636,19222.33692248906,-0.28477097989902556,-0.21062183799011652,0.871
3251.55,GT-14668,3511.7987626849135,93130.33168230926,120.64771547717748,340.7166306484412,0.954
3251.55,GT-14896,-92362.59204939722,-472394.0675538724,-226.33552944872955,-326.7195121054391,0.876
3251.55,GT-14946,55973.66119491221,-15497.863589733446,-0.019846543618185684,0.20133118664680036,0.901
3251.55,GT-15101,-4809.756808748084,-39940.846279186226,5.548674456971363,-2.1674504826539103,0.891
3251.55,GT-15165,73814.28208904604,30502.78191659235,0.018030572154817168,0.0809355683539523,0.893
3251.55,GT-15170,57211.2293803199,19231.051628133388,-0.000892934394743139,-0.04246181306714947,0.9
3256.98,GT-14946,55965.21251529863,-15503.012326809729,-0.26743014469990906,0.09161461698434198,0.869
3256.98,GT-15101,-4955.845292097438,-39769.41093256282,3.982394389971492,-2.371126750947868,0.9
3256.98,GT-15165,73818.84980185128,30509.354423632605,0.15522724077137567,0.2486998407758798,0.857
3256.98,GT-15170,57211.842073787004,19233.12379512605,0.020572484198572105,0.01642655069138793,0.853
3256.98,GT-15180,5353.17836741623,-70495.5023740514,0.06816303749517606,0.13234243072447563,0.854
3264.61,GT-14946,55962.72733945469,-15507.498564919226,-0.2727404766818605,0.16381532929758758,0.929
3264.61,GT-15101,-4969.00733379468,-39765.031140343344,7.781432245330691,-2.3642828087545147,0.935
3264.61,GT-15165,73820.90628977216,30508.23877816258,0.19336305885181868,0.24419776741574456,0.924
3264.61,GT-15170,57209.65018990456,19233.90784616245,-0.04781950489347716,-0.17229428842573694,0.934
3268.99,GT-14920,-39996.14980970381,59204.46339261343,0.2886650037291603,-0.11761113720565294,0.851
3268.99,GT-14921,-27302.151037481646,71080.32148021636,-0.16360587256470316,-0.10992772516807292,0.855
3268.99,GT-14946,55963.227733376356,-15509.826122658089,-0.281397142901448,0.20256027222104955,0.86
3268.99,GT-14951,-40335.04098746218,-8298.87009735962,-0.1998164566633246,0.01877693058186629,0.866
3268.99,GT-15101,-5034.691161247788,-39795.434318344414,4.704815995726929,-2.2202230918434225,0.897
3268.99,GT-15165,73820.05104342499,30510.79308288204,0.1405030123715153,0.23806966032185764,0.858
3268.99,GT-15170,57206.60508563486,19234.590059903938,-0.05795928941511294,-0.14367592489907893,0.861
3268.99,GT-15180,5350.921271290195,-70500.2497751569,0.29176713574400803,-0.16252649347858458,0.875
3268.99,GT-15211,-77679.02283592017,-59306.26899211186,-0.42546536785731637,-0.0026484344211472333,0.871
3268.99,GT-15239,64627.873291214375,-34672.63049737552,0.02483017291429053,-0.1893152256270772,0.888
3268.99,GT-15251,-69199.7905736942,9291.748777890041,0.17962763325719652,0.14882516862615724,0.856
3274.7,GT-14946,55967.120998193524,-15513.72439147661,-0.26597076532116837,0.2723193282577987,0.851
3274.7,GT-15020,-80171.72600677855,-430254.72517007974,-155.75535531718614,-142.51897395907667,0.852
3274.7,GT-15101,-4967.414121066066,-39787.58184129391,8.683565935609195,-1.902397933476089,0.872
3274.7,GT-15165,73817.4662076412,30511.64153971869,0.06582282045373755,0.19497156713164854,0.852
3274.7,GT-15180,5353.628082924937,-70496.14472237306,0.20748046857775526,0.01269852231695695,0.87
3274.7,GT-15211,-77659.51923901342,-59310.13637338972,-0.0028368117216119315,-0.17258949032728116,0.871
3274.7,GT-15239,64650.430916610196,-34637.34068007351,-0.43969134536994964,-0.9792022501571667,0.857
3274.7,GT-15251,-69202.18719208131,9293.283649613792,0.14986740600912185,0.15344618312764202,0.853
3279.51,GT-14946,55983.48762730607,-15502.179681187778,-0.06926496146795573,0.5473335280278756,0.889
3279.51,GT-15101,-4969.560361351867,-39759.163520942086,10.86243795053523,-2.230608557731121,0.906
3279.51,GT-15180,5353.844776765128,-70496.85637566345,0.18456458139074364,0.03134631343093232,0.893
3279.51,GT-15211,-77662.3201476277,-59308.997954901795,-0.07597450191027097,-0.12170104100852186,0.903
3279.51,GT-15239,64654.856910879156,-34625.936840089635,-0.6109902682458637,-1.352989728384241,0.894
3286.59,GT-14776,-82753.17714640986,-434680.3725063798,-695.5070774788165,-3303.973360175155,0.893
3286.59,GT-14920,-39996.82763208467,59198.93521376467,0.16268732371547903,-0.13233794672113716,0.869
3286.59,GT-14951,-40332.6001622021,-8303.574386651178,-0.3354762059505278,-0.07372882092939352,0.879
3286.59,GT-15140,88891.29954204003,-14124.7932248321,-0.11620992865170032,0.35755625536058766,0.897
3286.59,GT-15239,64595.40108833249,-34744.34620646575,-1.3093524987287881,-0.46260712462496056,0.858
3286.59,GT-15292,-37663.803785641125,-13863.593563264674,-0.050985969160424416,-0.28811102487727414,0.87
3289.55,GT-15020,-82663.65214838355,-432502.07298864704,-169.87705478656068,-151.67845981496106,0.873
3289.55,GT-15101,-5070.9469000527215,-39719.4692657939,14.080581556194034,-2.7123124621144203,0.9
3289.55,GT-15165,73824.3403828407,30511.137654554033,0.23500239185835334,0.13495912612844435,0.891
3289.55,GT-15170,57201.883352402714,19224.143997219835,-0.1540151745180537,-0.03181174014623145,0.896
3289.55,GT-15180,5356.113636765791,-70495.94705275005,0.14176240079409977,0.1905527047401524,0.881
3289.55,GT-15211,-77668.13316768511,-59301.6162168625,-0.01480394986574649,-0.030240111705521478,0.889
3289.55,GT-15239,64572.6708268575,-34796.64016400271,-1.7264516857235839,-1.3114670536516289,0.915
3295.88,GT-15020,-83746.12384122924,-433481.3942714252,-170.3141002502023,-154.76781090798372,0.911
3295.88,GT-15101,-5389.24877352309,-39642.22774661139,15.119301761278972,-3.2011691314010777,0.927
3301.6,GT-15165,73808.3280771866,30507.823772119133,-0.14852170853918462,-0.08882428036623324,0.93
3301.6,GT-15180,5356.412730466828,-70492.20435324745,0.16360979569771578,0.27637549204777045,0.909
3305.66,GT-15101,-6108.715673087954,-39490.30952015765,27.019840527357058,-5.044112244096064,0.904
3312.33,GT-15165,73826.06036417978,30505.42376357398,0.05529671483883804,-0.21647749835950608,0.856
3312.33,GT-15170,57193.455289650126,19209.518722282864,-0.07002896415334747,0.030381164686092883,0.866
3312.33,GT-15180,5351.55266075315,-70501.71195579864,0.15602524029399106,0.1809505678382682,0.862
3312.33,GT-15211,-77667.04714276113,-59296.182545584765,-0.0058917230322143195,0.013515575772327558,0.865
3312.33,GT-15239,64470.564493752085,-34949.035204129745,-2.239531414864373,-2.6830174685340387,0.881
3312.33,GT-15251,-69206.70332091732,9290.337191700552,0.27379644597170805,0.07494275038646414,0.853
3312.33,GT-15392,55934.49329106045,-15491.160115166394,0.010412601311781473,-0.3633616922695913,0.862
3317.17,GT-15015,-51541.66910765568,48538.590906743826,188.0130189122359,-116.05172218196338,0.874
3317.17,GT-15170,57194.34145302309,19214.75586539064,-0.009410553939640631,0.08787665931813238,0.851
3317.17,GT-15239,64473.024664293116,-34945.16062753024,-1.1645647721800596,-1.1104313028553592,0.89
3317.17,GT-15418,-3679.94193947443,-41420.45579155292,0.07407395212913331,1.8966607320099655,0.909
3322.03,GT-15165,73826.53882653818,30518.407922735067,0.2161069854737604,0.03594300682244267,0.933
3322.03,GT-15170,57199.40656311583,19206.53850143865,0.20288969872136028,0.45008766232578423,0.931
3322.03,GT-15211,-77665.45162827874,-59306.70215585077,0.0012053227118637155,0.062348548128441615,0.91
3322.03,GT-15251,-69226.36503359258,9282.678520180756,-0.23455784971052657,-0.07479668671340212,0.936
3322.03,GT-15418,-3597.6658984573114,-41057.5438172757,0.2212937865230989,2.672152161053017,0.918
3327.22,GT-15165,73827.49761826298,30514.288092504736,0.10576565110612435,-0.23882224562262216,0.873
3327.22,GT-15170,57190.162031282394,19196.974362971927,0.1566740476110009,0.6311714025856631,0.866
3327.22,GT-15171,187291.65670807098,279880.3128267061,-4971.2274561401755,-12615.39498706091,0.889
3327.22,GT-15211,-77659.74591172431,-59304.94452359442,0.11604546277671028,0.1411012966771874,0.851
3327.22,GT-15239,64540.38027475244,-34786.3191067099,-3.310868508439526,-4.019429532241801,0.872
3327.22,GT-15251,-69229.22481930869,9282.593797900774,-0.2167872201645976,-0.07070448903771959,0.855
3327.22,GT-15392,55940.78707454286,-15490.811067525567,-0.08247357871763764,-0.2696652282211013,0.861
3327.22,GT-15418,-3577.2249178659445,-40975.285639398586,0.30651463168146453,2.2338705861571295,0.936
3334.49,GT-15165,-117513.5098079745,-518666.4787727499,-1077.8538403262253,-2801.660557418899,0.979
3334.49,GT-15170,57185.60919199786,19180.47797905669,0.320112173309455,0.9386941867314044,0.864
3334.49,GT-15211,-77649.12440835801,-59294.01267303054,0.02092298504531183,0.10015951391023209,0.87
3334.49,GT-15251,-69229.76146300134,9285.546090910117,-0.16321131003514697,0.03362265755399352,0.873
3334.49,GT-15392,55951.53047858131,-15489.10658558617,0.3501895661201145,-0.04714613519229847,0.875
3334.49,GT-15418,-3756.104307057827,-40800.17208849361,-1.0130789121349184,4.340041680071092,0.878
3337.64,GT-15170,57180.18765134724,19170.76212664692,0.3815889446721754,1.0924461717524618,0.852
3337.64,GT-15211,206111.95056769304,-172924.35143033648,-2874.911342720736,1152.2735247698884,0.915
3337.64,GT-15251,-69224.1653736963,9287.314724643242,0.003612465054173314,0.07893530997936048,0.869
3337.64,GT-15392,55953.3122164278,-15488.750637603958,0.34253730084740497,-0.0550842431449613,0.85
3337.64,GT-15418,-3597.762941466793,-40677.08612949658,-1.9061982280768037,3.801134886803441,0.966
3346.07,GT-15392,55953.50683579987,-15488.910506132112,0.35505164698199754,-0.055165732580556466,0.934
3346.07,GT-15418,-3586.166006923588,-40711.846048491956,-0.4986749101376605,6.227424056642004,0.919
3346.07,GT-15500,5348.751826578583,-70476.45339977807,0.9385636420416569,-0.24258290022169893,0.899
3346.07,GT-15521,64243.088017211056,-35269.996818714295,-0.3759702787999887,-0.4325572653609926,0.887
3351.56,GT-15418,-3453.3265769826025,-40933.235749130756,-3.21318390956088,-0.44662845125770256,0.917
3351.56,GT-15521,64506.57205950721,-34853.47938964111,0.540045077022981,0.5307080437936502,0.89
3358.12,GT-15487,-39993.82466834922,59221.44590057883,-0.628359135385337,0.3105737635170851,0.855
3362.21,GT-15418,-3330.495505995894,-40563.58848599127,-5.312589859050595,5.2950928243910615,0.961
3368.76,GT-15392,55945.544084744,-15497.737832496425,0.2181945404974905,-0.31229868211536826,0.909
3368.76,GT-15500,5330.005550940746,-70602.93373970216,0.3713391573834586,0.8811787349721448,0.918
3368.76,GT-15521,64433.9537584921,-34972.946208495254,-0.40933449737828653,-0.25241676773959293,0.913
3368.76,GT-15565,-77667.55567448356,-59287.11320419926,-0.25934923829888035,-0.0010670586627296638,0.892
3373.33,GT-15418,-3232.538479862192,-40555.9188001788,-4.918969022632665,6.678103412436847,0.906
3373.33,GT-15521,64402.3815276847,-35019.510031717306,-0.10972076120755936,0.16071402683974045,0.905
3378.74,GT-15392,55934.28578172742,-15498.08936779734,0.12391194257083205,-0.2106016215308087,0.873
3378.74,GT-15418,-3121.908243251831,-40724.35749898756,-4.132311013682132,8.775737031928195,0.878
3378.74,GT-15500,5335.920508796653,-70578.78199539582,0.3933654382972173,0.8134981227548234,0.863
3378.74,GT-15521,64411.61542802021,-35010.546667497736,-0.678431988947363,-0.699254733357577,0.867
3378.74,GT-15532,57205.847415109594,19265.9127714735,-0.30009432546921394,0.3454445050078154,0.873
3378.74,GT-15561,73803.60097883521,30510.36877839107,0.062043455303641075,0.012715291225479184,0.858
3378.74,GT-15565,-77664.54679936044,-59296.35840120499,-0.20087266049209163,-0.011788946924942222,0.856
3386.71,GT-15392,55927.12374004937,-15497.598993690031,0.1839400302142646,-0.07522869812733353,0.868
3386.71,GT-15418,-3030.705989439064,-40968.27142489678,-4.460788950382867,12.037484155222936,0.867
3386.71,GT-15500,5330.94672660321,-70586.31386756746,0.3450644464723173,0.9551446921984166,0.858
3386.71,GT-15521,64441.47519240719,-34996.29736900833,-0.9990703201862736,-1.9757141417107822,0.868
3386.71,GT-15532,57219.69486458368,19255.987662287553,0.07298521069682563,0.12284995870764562,0.854
3386.71,GT-15561,73798.57664503467,30507.675765714845,-0.02980310122053357,0.0018248544835957128,0.857
3386.71,GT-15565,-77666.46684161763,-59294.375223955976,-0.25107787870675413,-0.0704710629869395,0.859
3390.87,GT-15392,55925.98943167369,-15495.50109375899,0.24262612125575606,-0.10483544369720851,0.851
3390.87,GT-15418,-92781.69045291144,-416193.85174606286,-656.2066447330698,-2266.005394670057,0.886
3390.87,GT-15500,5305.712243658333,-70713.2387292787,0.9254805087307607,4.762202175046518,0.862
3390.87,GT-15521,64464.47279430974,-34961.887301137875,0.2535965841048874,0.03232362701482888,0.862
3390.87,GT-15561,73808.89224456761,30508.385005364307,0.1179677455743801,0.12759651949569634,0.864
3390.87,GT-15601,-98530.03162742333,-447099.99984274124,-166.18184700091794,-151.87430317674395,0.958
3395.8,GT-15392,41469.382988235855,137946.52862238177,-11.10426148229773,118.11030352544456,0.984
3395.8,GT-15500,5300.07797204067,-70809.46502336448,1.0327972372747796,4.822086204647136,0.94
3395.8,GT-15521,64468.9835282711,-34943.20469214581,-1.148971702503813,-1.8953428303005833,0.936
3395.8,GT-15532,57207.5385599973,19249.701650244562,-0.2123650175029193,-0.007301905770662524,0.933
3395.8,GT-15561,73802.22297995276,30501.92145907306,-0.0570574190883385,0.1892020796999368,0.926
3395.8,GT-15565,-77660.97215156176,-59300.22833780252,-0.02157201214370222,-0.35696583303049995,0.93
3395.8,GT-15639,-69222.29048947134,9277.686935119671,0.4034591849049587,-0.020694191940429582,0.942
3395.8,GT-15672,-3327.2885252443316,-39889.063335496896,0.37574905188105145,-0.03535011878057345,0.896
3399.31,GT-15462,-85568.79438517948,-48290.85272882297,2.6638278303062184,0.26568301965593233,0.893
3399.31,GT-15500,5298.940102086063,-70819.86600227,1.0998152345300065,5.21609114935322,0.858
3399.31,GT-15521,64441.95046671159,-34981.44223174676,-0.41732198107694674,-0.6920668206969924,0.881
3399.31,GT-15532,57204.92858492918,19251.591870701694,-0.23347653605547558,0.021847222742807287,0.867
3399.31,GT-15561,73800.99212313011,30501.877470580843,-0.06948501541617251,0.1885181764224477,0.859
3399.31,GT-15565,-77652.81288207218,-59290.61339371372,0.1729639767184162,-0.06805573148099014,0.872
3399.31,GT-15639,-69218.54818843628,9277.893017205777,0.4514747694248339,-0.012604425002219083,0.865
3399.31,GT-15672,-3895.533096724826,-39873.21135564518,-0.8682517740817682,-0.4794587736403269,0.898
3407.44,GT-15521,-90032.38409110694,-421848.75785247865,-515.1385866803518,-1037.8653762280142,0.942
3407.44,GT-15532,57204.66323363019,19248.150225071495,-0.3513855265302465,0.08339585596888505,0.851
3407.44,GT-15672,-3482.464604060324,-39884.00840530027,-0.36620020408832993,-0.7651503496255548,0.921
3410.26,GT-15500,3907349.73058891,14349541.75446859,-81406.46937490546,-300001.3392297607,0.895
3410.26,GT-15532,57203.32371867014,19250.84272828141,-0.5107130570236893,0.1183012332034609,0.902
3410.26,GT-15639,-69222.00549818604,9280.99010466843,0.3831977760735799,0.02185068575718558,0.901
3415.17,GT-15256,54145.76454495662,8335.09680435706,0.22625619819738638,-0.023649651499177478,0.869
3415.17,GT-15292,-37160.03793148798,-14133.268689185505,-6.623166153286594,3.7254098194458463,0.867
3415.17,GT-15326,-91445.92717723554,90565.82132213363,-0.3266556608328623,0.00896561729045571,0.852
3415.17,GT-15462,-85574.77833863634,-48310.50324936055,2.4371854708178042,-0.020572975667438376,0.868
3415.17,GT-15489,-27278.010486092604,71086.06865975205,0.04728239667748715,-0.011977653149158697,0.864
3415.17,GT-15490,3995.201634398902,47488.47505698408,-0.027229419871753396,0.04119638581827065,0.869
3415.17,GT-15561,73799.27229275282,30500.61110276098,0.040952467156297745,0.2982337662474216,0.854
3415.17,GT-15672,-3326.7000056151496,-39870.78294591049,-1.3277180361835255,-2.0124298417013904,0.898
3422.6,GT-15532,57211.04861884334,19256.090556859504,-0.1627966870407988,0.011735607179275192,0.92
3422.6,GT-15561,73797.41560106826,30488.36577363742,0.0068752975002606825,0.11210075982056553,0.936
3422.6,GT-15565,-77593.65309635778,-59134.792641823035,-1.1344128450771327,-3.017074435221352,0.931
3422.6,GT-15639,-69229.10106303752,9290.148423121454,0.2604722508037917,0.11147108581587059,0.93
3422.6,GT-15716,55965.303928790585,-15488.564792936064,-0.11767175309351838,-0.4156339552665132,0.851
3422.6,GT-15750,64327.81479122986,-35161.25613645936,-0.04963068074500371,-0.33640456978037997,0.944
3422.6,GT-15751,5355.4731198999325,-70464.3376775715,-0.6080730951644823,0.7229656089179683,0.915
3427.66,GT-15346,-56987.13839901873,-76692.71953423986,-1268.8871467197691,-8815.894540810636,0.907
3427.66,GT-15672,-3118.412156164573,-39713.22848785512,-2.6882061432326623,-3.945569403258328,0.949
3427.66,GT-15750,64384.74361379918,-35074.57685762869,0.4007939476343865,0.43218606079457805,0.93
3427.66,GT-15751,5345.785210373592,-70487.76883689986,-0.18825439018749196,2.23569111205145,0.929
3435.57,GT-15532,57212.25981560678,19258.50015394712,-0.09329918296994437,-0.015269942244563774,0.951
3435.57,GT-15561,73781.97521711462,30478.1349322468,0.06692530635570626,0.11597308089326153,0.946
3435.57,GT-15565,-77557.17809190445,-59058.563915628576,-1.5493703528995375,-3.74970233964243,0.939
3435.57,GT-15639,-69231.61967167158,9277.242419778591,0.20896695124163428,-0.05071375238912852,0.943
3435.57,GT-15672,-3137.7518017349953,-39708.87046476675,-2.1249909010778314,-2.653267189946131,0.955
3435.57,GT-15716,55973.056396932014,-15488.87095469393,0.1706556376653997,-0.2405936706511091,0.945
3435.57,GT-15750,64350.53978521879,-35106.06204648731,-0.18638644255895936,-0.05497097994662459,0.889
3435.57,GT-15751,5352.139130623823,-70490.43514106824,0.10148790132171734,0.7274675688882501,0.948
3440.0,GT-15601,-106587.0257364785,-454623.35467804514,-165.1462433748932,-153.61601036093253,0.885
3440.0,GT-15751,5351.8474068587375,-70494.37906589104,0.07517891026892916,0.6315546864509695,0.88
3445.01,GT-15462,-85578.74817054062,-48290.46775708975,1.9713804386907956,0.6365278508960469,0.871
3445.01,GT-15532,57210.35830379421,19253.85991116002,-0.028972772782926412,-0.20946498617628823,0.882
3445.01,GT-15561,73784.90340614833,30466.69342491787,0.5572193852592116,0.30488108250632834,0.879
3445.01,GT-15565,-107449.81317017121,-451638.38444082695,-230.46888309560453,-1160.0561067451767,0.882
3445.01,GT-15639,-69236.86433730453,9285.78776546007,0.3100011653428989,-0.0810827861746992,0.862
3445.01,GT-15672,-3016.9350052395225,-39471.08245205448,-6.740477258925684,-6.093019456895378,0.883
3445.01,GT-15716,55960.750552738864,-15484.203744763212,-0.07559327319489278,0.041305902186700515,0.884
3445.01,GT-15750,64541.48577738913,-34848.76060759807,1.145501852156396,1.2908494134902433,0.868
3445.01,GT-15751,5344.619476938552,-70493.11138168494,-0.09158373376314338,0.5791166096758484,0.879
3450.58,GT-15672,-2927.079736679013,-39230.98822334047,-8.661149905682946,-12.162728261965457,0.855
3450.58,GT-15750,64519.70248504573,-34884.5875971044,1.0997262061778164,1.4266040720189808,0.86
3456.44,GT-15532,57210.62758614357,19262.19869194647,0.1469228551788945,-0.09461904387175132,0.901
3456.44,GT-15601,-109283.2839570342,-457145.00263619696,-166.05737830208352,-146.85797879280435,0.909
3456.44,GT-15639,-69245.26639063125,9273.420343020003,0.5011257568031027,-0.37712721470887545,0.911
3456.44,GT-15672,-2730.147085920033,-38918.26070322367,-9.880821527593286,-14.108680235430514,0.911
3456.44,GT-15716,55953.71985089824,-15479.071623934853,-0.29330419142548914,0.0933170469271301,0.909
3456.44,GT-15750,64529.23224511238,-34864.98286076682,-0.021213646867194846,-0.18758828394028865,0.908
3456.44,GT-15751,5350.504811463417,-70482.34984967476,0.014096055192568818,0.40487931437110447,0.922
3456.44,GT-15772,-96019.74297362263,26104.3324244364,0.6453695263588447,-2.706343001783816,0.878
3456.44,GT-15835,-77656.47250153196,-59309.08550169086,-0.1545334115004725,0.08526271138258738,0.9
3461.5,GT-15672,-2592.6656500597724,-38705.23895654779,-11.947072581757629,-17.365887578332668,0.911
3461.5,GT-15750,64507.65665072001,-34898.34523253392,0.3292357487206763,0.5601396845982654,0.955
3461.5,GT-15751,5334.0756600587865,-70561.51537181587,0.20771238910082251,1.7901793622440108,0.892
3468.25,GT-15489,-34403.91880525888,73513.97323250383,-1726.7058654132948,-10951.606173056203,0.895
3471.59,GT-15508,9607.037626172118,5087.104366218074,-13.168364001165452,6.8975436271385675,0.889
3471.59,GT-15532,57204.04876012377,19274.29146768555,0.4666017012196969,-0.45414815890000787,0.908
3471.59,GT-15639,381266.8223826181,502924.88129634305,1890.6638641950692,2071.6283959257808,0.88
3471.59,GT-15716,55979.41628174309,-15482.931813301831,0.24751463537164964,-0.08848746749658258,0.917
3471.59,GT-15750,64514.91469119475,-34929.78407494189,-0.40828283464552495,-0.5610003592591637,0.956
3471.59,GT-15751,5331.017390331872,-70568.27498128629,0.24158085628031098,1.5053825455928624,0.921
3471.59,GT-15792,-39629.56250638995,6112.071100501748,-10.17992515827353,-5.052439915415388,0.868
3471.59,GT-15835,-77657.4195245154,-59308.81179007751,-0.2942154651759599,0.17385085626653962,0.923
3471.59,GT-15918,-3636.763165747425,-39915.98718990446,-0.1716755590711148,0.16288301226409568,0.904
3478.71,GT-15716,55973.66652523113,-15472.260854889217,0.07825224169291034,0.17866817414533032,0.867
3478.71,GT-15743,53413.51288098509,-84660.0303554129,-0.11209961480892477,-0.2232625835384773,0.859
3478.71,GT-15751,5324.083498369631,-70554.8097291492,-0.028124001985782673,1.1832360325225006,0.867
3478.71,GT-15772,-96017.30633235206,26110.29105828163,0.34016369376790995,1.5356272481571978,0.857
3478.71,GT-15828,90032.95251649097,-38257.689264691515,0.39044367193611296,0.22609923211693367,0.855
3478.71,GT-15835,-77655.85437238985,-59308.61841436275,-0.30006264399279536,0.12989409919449707,0.868
3478.71,GT-15918,-3501.14265532232,-39906.03607778193,-0.10073075064756054,-0.09733150348092573,0.852
3484.5,GT-15510,-122558.29257512106,-504440.82825537,483.4571719001218,3122.8698973575633,0.855
3490.4,GT-15716,55977.76374252513,-15484.277223329109,0.0603157781052973,-0.18851918892933595,0.906
3490.4,GT-15743,53410.17907255863,-84650.4115731686,-0.083621505487674,-0.0391880032169471,0.872
3490.4,GT-15751,5308.047892665609,-70684.46224814662,0.11862451898427001,1.7055227707026601,0.912
3490.4,GT-15772,-96008.9946125813,26207.565053366732,0.4519247246374311,4.042565926220364,0.872
3490.4,GT-15828,90039.37742291074,-38266.248308434566,0.3716226464261458,-0.001400993976328646,0.857
3490.4,GT-15835,-77660.93572116773,-59304.14729774686,-0.17666154070639345,0.04355155082974636,0.902
3490.4,GT-15918,-3424.5284396868365,-39922.85417194996,0.10365049541071286,-1.353283568543282,0.903
3490.4,GT-15932,-69209.08341779662,9275.902648644902,0.39003769081824,0.006908739355029982,0.894
3490.4,GT-15942,73815.03548022921,30482.927475775014,0.4748560176134557,-0.1482471696867954,0.887
3490.4,GT-15957,64234.793570167254,-35272.72393819829,0.03808613475118178,0.22484782841890008,0.895
3496.47,GT-15716,55976.27190851468,-15482.995076292262,0.0028898840581569668,-0.19228160174667627,0.878
3496.47,GT-15743,53407.974040304354,-84654.51764947407,0.011999936911199383,-0.12761588415427896,0.874
3496.47,GT-15751,5273.946625301005,-70847.56428374234,0.47037737765953486,4.216137931468021,0.908
3496.47,GT-15772,-96004.93448903927,26199.79151218246,0.45967998720563524,4.720871782397794,0.874
3496.47,GT-15792,62597.014282099226,-1987.363632354791,717.3271937525783,-61.340344744589984,0.851
3496.47,GT-15829,-91439.43013777456,90548.56586731499,-0.08072476373423644,-0.528503599254375,0.873
3496.47,GT-15835,-77664.44934684483,-59302.8681536231,-0.17167945738232354,0.042907361541320056,0.878
3496.47,GT-15918,-3560.1722196242667,-39892.33415154572,-1.2773872331870657,-1.9726052162989611,0.923
3496.47,GT-15932,-69203.49961671486,9285.383674670975,0.30212263709137893,-0.08807671467786049,0.887
3496.47,GT-15942,73815.95919415541,30484.612584190167,0.5271106033731012,-0.10116614409821648,0.882
3496.47,GT-15957,64279.47637864762,-35237.10695291451,0.7171027966889808,0.33850397238019125,0.911
3502.29,GT-15716,55972.37536930896,-15474.712855404627,-0.11467302180649795,-0.11065342961453525,0.915
3502.29,GT-15918,-3536.0337315635443,-39884.794744663246,-0.5119728337851378,-1.2818389042763154,0.916
3502.29,GT-15932,-69207.8599028034,9285.605976347499,0.1997853882817019,-0.09647461504827656,0.903
3502.29,GT-15942,73804.66230521975,30496.879097490902,0.23912947926191686,0.2560388084592567,0.919
3505.79,GT-15743,53399.4847856474,-84651.67071653498,-0.003981272723733387,-0.17262457099724476,0.865
3505.79,GT-15745,-40341.851668139345,-8262.694580343974,-0.10001039117487157,0.6471008606949543,0.858
3505.79,GT-15751,5236.8883503453735,-71095.09701392424,1.0003638499190286,6.231241506755891,0.902
3505.79,GT-15772,-96015.18727823372,26202.863022093272,0.1156060600314949,5.844290594145638,0.878
3505.79,GT-15797,-39990.30800832228,59201.92396183037,-0.03952099382626628,-0.01661547087718685,0.857
3505.79,GT-15828,90029.93802842325,-38273.26518779413,0.05360670188547732,-0.2073894159784549,0.875
3505.79,GT-15829,-91438.95449070887,90547.90842533979,-0.024411016459260908,-0.3667705728128573,0.856
3505.79,GT-15835,-77668.55380588937,-59315.243730569804,-0.27243718979519105,-0.2015831939668233,0.851
3505.79,GT-15918,-3434.816114302716,-39710.82900722777,-2.2976674470940397,-2.609015982535962,0.927
3505.79,GT-15942,73802.42286885265,30500.145482400912,0.16412254203856516,0.2527501867966377,0.852
3505.79,GT-15957,64485.94223880344,-34924.46528476793,1.6387387881621687,1.5769535250594506,0.91
3505.79,GT-15996,54146.16889504874,8343.422377401457,0.24666595200464758,0.16675391604452364,0.858
3505.79,GT-15998,-27302.446937639685,71092.45860697547,-0.18872571141211167,-0.4724392920776664,0.85
3516.49,GT-15932,-69221.12494755069,9300.008383080687,-0.19361832704924734,0.31654566122241296,0.854
3516.49,GT-16038,-39575.05021772922,2787.9246673396005,-0.17217765598226564,0.6266288742589321,0.861
3524.49,GT-15716,-121397.53585706613,-468796.28020417877,-549.0200815913375,-1152.8807158224922,0.93
3524.49,GT-15751,5151.152001740419,-71596.71302820845,1.7811949744253819,10.338466558793218,0.855
3524.49,GT-15957,64457.47821534225,-34955.48180623637,0.27897746111303146,0.05307466723939708,0.927
3526.93,GT-15743,-97993.34503736171,-415935.0535035176,-1005.042276304013,-2044.3847986934147,0.861
3526.93,GT-15751,5132.386976517633,-71734.81473074075,2.1183283342466757,12.541292894417149,0.886
3526.93,GT-15835,-77640.37765957585,-59320.20198127088,0.08001377695649323,-0.056681022572172064,0.892
3526.93,GT-15918,-3279.438426894418,-39632.30838071062,-4.459941241190214,-3.3455544015317895,0.857
3526.93,GT-15932,-69227.86445387168,9302.883345116754,-0.455923240362914,0.31266828077307174,0.899
3526.93,GT-15942,73799.72271487257,30499.98634332389,0.033297162594579856,0.20330151735386487,0.884
3526.93,GT-15957,64435.8174474143,-34988.79802711328,1.0260269768884163,1.2538922499381706,0.859
3526.93,GT-16071,57212.878106181226,19225.027168047895,-0.03221417770769078,-0.11405700909247019,0.901
3532.49,GT-15918,-3186.9300571818408,-39543.199752284774,-3.8766436516678424,-4.015644336538067,0.862
3532.49,GT-15932,-69222.68989006827,9295.302343448346,-0.18734070986811616,0.1010867366444891,0.863
3532.49,GT-15957,64433.38713719592,-34995.85736477364,0.22210316727951518,-0.0413257629522058,0.86
3532.49,GT-16071,57206.4880000903,19229.188675535002,-0.19979538256684418,-0.15992545509273767,0.863
3539.52,GT-15835,-121665.85156470007,-463526.01307197387,-277.1068230941518,-1309.1031847506772,0.918
3542.49,GT-15772,-125956.63477551602,-546503.3274566515,-219.24658289825592,-1467.5000924590302,0.889
3542.49,GT-15797,-39983.42196481926,59217.40522548675,0.20613388707460711,0.19339017871372152,0.872
3542.49,GT-15828,90048.21718372243,-38282.94440304359,0.5039922882653175,-0.06944154611987802,0.865
3542.49,GT-15829,-91463.42646760416,90557.38789231022,-0.31921817888721155,-0.07946270328539336,0.862
3542.49,GT-15957,64436.29303548975,-34790.19169960794,0.09835097244582947,-2.778275125141015,0.873
3542.49,GT-15998,-27305.37861931637,71107.16672276527,0.11297707653569433,0.23103616989027465,0.869
3542.49,GT-16033,88882.13613842799,-14106.147546782477,0.373748093628227,0.4614992886949193,0.855
3542.49,GT-16104,-40343.71532342534,-8306.622986944798,0.042489118788229946,-0.26697803881099696,0.863
3547.8,GT-15829,-91464.70540098942,90567.98794392525,-0.3068526188326971,0.19604697111903663,0.866
3547.8,GT-15942,73705.69841907082,30563.38277620194,3.5960106550188704,-1.7396982879156018,0.895
3547.8,GT-15957,64409.71607736837,-34765.1079195911,0.7551144392211414,-2.6566986401319173,0.893
3547.8,GT-15998,-27292.866143630315,71105.37131793624,0.3753585081926965,0.21827033168695487,0.868
3547.8,GT-16152,5337.134594789263,-70552.00597060371,0.3100517845948412,0.855214189058808,0.873
3555.2,GT-15932,-69209.17745912065,9291.191974983793,-0.015183199477340845,-0.010542013256375762,0.924
3555.2,GT-15942,73673.67967471841,30587.747612984123,3.911864863563567,-1.9935543954103965,0.857
3555.2,GT-16101,55946.56120967431,-15482.583119264129,-0.014182394746449917,-0.17140249529070622,0.935
3555.2,GT-16152,5337.704092778882,-70525.09066006778,0.043623381338310084,0.6454735011264378,0.94
3560.39,GT-16153,-77657.65448587145,-59306.064768102355,-0.30591168016888287,0.20938578913913952,0.903
3560.39,GT-16186,-3809.8828060000483,-40392.658418353516,-0.3941238745456894,-0.5471621253989862,0.85
3566.7,GT-15797,-39980.82425222211,59187.98212919916,0.054026534658684344,-0.3845887143992312,0.897
3566.7,GT-15828,90039.45543313146,-38306.45113355292,0.321042556944736,-0.34358366306502525,0.88
3566.7,GT-15829,-91451.05349478383,90566.42046479692,0.07864427707597324,0.03366972033179157,0.865
3566.7,GT-15932,-69195.7050960772,9296.38813367342,0.03160372589284623,0.08484345496882312,0.887
3566.7,GT-15996,54108.00252232619,8319.443698547338,-0.17639448639768687,0.27369082581680115,0.892
3566.7,GT-15998,-27294.974576762157,71112.02270861104,0.37654015377146477,0.18223385421791205,0.87
3566.7,GT-16018,-37670.22044505362,-13870.989146132666,-0.2131338176465819,-0.03025198825137347,0.889
3566.7,GT-16071,57203.87175254051,19239.362802365464,-0.21098298373064966,0.09620187660819231,0.9
3566.7,GT-16101,55946.479395329625,-15487.607408778042,-0.0910535818116497,0.011658388157274664,0.9
3566.7,GT-16103,-85423.24441798675,-48261.428424202466,0.30712453136398415,-0.2277645916016753,0.863
3566.7,GT-16104,-40350.7999007304,-8280.742680799602,0.06779664760768632,0.29463156013752634,0.89
3566.7,GT-16152,5337.3476124600265,-70516.02038632553,-0.16931102951471924,0.5908567064660006,0.897
3566.7,GT-16153,-77659.45580219841,-59306.51427287536,-0.3078287681452819,0.17297503290013566,0.891
3566.7,GT-16156,53431.11066978839,-84675.65432873345,0.3262217569800468,0.0378942949055705,0.879
3566.7,GT-16157,4015.9284284376326,47492.68154621842,-0.09167506712845883,0.027598443155955332,0.889
3566.7,GT-16186,-3691.198554332144,-40275.474549437175,0.8486836174661865,0.5438223825070315,0.901
3566.7,GT-16211,73821.92853748213,30493.0384311659,0.06799576155668308,-0.22362721840727423,0.862
3572.49,GT-15797,-39981.9780846246,59184.09009076715,0.047795804108221776,-0.317656613292683,0.857
3572.49,GT-15828,90042.23648263291,-38311.55324807857,0.34028603981461647,-0.19601867130675107,0.851
3572.49,GT-15932,-69197.18113282132,9279.941783145932,-0.17768995030996274,-0.12716707157269286,0.883
3572.49,GT-15996,54105.32689124417,8324.047916750811,-0.1606958049281929,0.40757354727121153,0.865
3572.49,GT-16018,-37663.97248353683,-13868.481644414149,-0.049361912102955124,0.0435197364407094,0.864
3572.49,GT-16071,57203.39995658744,19248.355151211315,-0.2064197609309164,0.26247952497873994,0.882
3572.49,GT-16101,55945.775745967985,-15482.822586681514,-0.03727828903571427,0.292713981106917,0.886
3572.49,GT-16152,5384.21248692,-70264.00965555718,0.3636871647604055,3.011642821696058,0.889
3572.49,GT-16153,-77663.59937226224,-59311.92587494414,-0.23672081970184686,-0.37130571619523056,0.881
3572.49,GT-16186,-3991.339267506725,-40559.805597557584,-0.7309490354840127,-0.9353577070744752,0.888
3572.49,GT-16211,73829.64206437956,30511.288061877265,0.4376037140665119,0.11681615126858175,0.876
3576.54,GT-15508,-125877.52066884605,-466770.3991745847,-223.2522360128594,-371.9012056099164,0.898
3576.54,GT-15932,-69198.18780976477,9284.448175491227,-0.19801256035256348,-0.1518489589460904,0.901
3576.54,GT-16071,57206.34774615293,19246.92541836431,-0.10695550155280734,0.230420163979046,0.905
3576.54,GT-16101,55942.43817141345,-15483.981513111785,-0.06357727581079083,0.275153809782448,0.908
3576.54,GT-16152,5378.313337388785,-70313.06643750874,0.7385702492998392,5.29042308684382,0.931
3576.54,GT-16153,-77661.08465813224,-59310.875466958685,-0.10942640937246187,-0.3853760136795905,0.911
3576.54,GT-16186,-3746.957127131313,-40443.07277285044,-0.251305714094843,0.6332282879780236,0.926
3576.54,GT-16211,73833.13323777732,30509.556441146273,0.4653440821702952,0.14032200335878453,0.909
3581.3,GT-15932,-128183.7827268448,-459824.9440385239,-295.71785501148327,-1335.787413710651,0.881
3581.3,GT-16071,57201.91134206784,19237.343233849922,-0.08952065958839522,0.13234199968527952,0.913
3581.3,GT-16101,55950.09937577987,-15485.519186673033,0.07382021120588514,0.24377410861244414,0.913
3581.3,GT-16152,5371.071205847009,-70383.31551108524,0.5161001639643815,3.1178369296823405,0.915
3581.3,GT-16153,-77664.84330447577,-59311.73563067355,-0.067992212334092,-0.4002666779042209,0.891
3581.3,GT-16186,-3663.9590267321378,-40328.63455055271,0.6321346248045019,1.7728112216677712,0.918
3581.3,GT-16211,73837.46583391151,30512.006670806695,0.44865249738397006,0.17793659361512879,0.899
3581.3,GT-16243,64556.573886304395,-34802.27909334139,-0.604224036181404,-0.8986184242467251,0.883
3586.68,GT-16101,55949.59558953026,-15485.551670098659,0.09095152235123422,0.27477809329573927,0.907
3586.68,GT-16153,-77659.45926619349,-59315.069239982775,0.013967461666275369,-0.3979460764745268,0.904
3586.68,GT-16186,-3524.993777277998,-40114.88302994161,-0.8874687008736504,1.1013020844771755,0.918
3586.68,GT-16243,64529.64979591197,-34842.17682625608,-0.4120812490919137,-0.4701349867721481,0.879
3594.18,GT-16071,57206.08126422984,19228.157522012665,0.07881363351075414,0.030451829820638335,0.883
3594.18,GT-16101,55949.6665563092,-15483.058460578666,0.16031875286315067,0.294514462915137,0.947
3594.18,GT-16152,5365.469537774686,-70423.70036166091,0.26012212888491776,1.3543074583976011,0.874
3594.18,GT-16153,-77652.50787910035,-59302.614812905544,0.11689977856747835,-0.1869124418667591,0.943
3594.18,GT-16186,-3488.9506379142654,-40091.61392386045,0.11995320356401644,1.5215820953218857,0.948
3594.18,GT-16211,73814.6953285735,30514.508386467667,-0.036653023740416124,0.3250524359657766,0.948
3594.18,GT-16243,64415.88417769053,-35017.27130398481,-0.47076961462771305,-0.8847941754231945,0.954
3594.18,GT-16263,-69215.35258805055,9311.314010495322,-0.001760166294127406,0.1371076324403214,0.942
3596.44,GT-15828,34541.33027922357,26902.34722221177,-112.52415154019965,131.9595202945021,0.955
3596.44,GT-16018,-37109.73882883688,-13873.616640792054,-11.190648710395301,0.25636640268085925,0.872
3596.44,GT-16071,57204.014953800994,19225.403561531803,0.1141273511001629,0.15501873418739975,0.925
3596.44,GT-16101,55946.87826888455,-15483.259015996398,0.2072539813727157,0.3043452306149432,0.906
3596.44,GT-16152,5336.378616348594,-70563.41123212498,0.38182730905574963,3.3612209209632438,0.943
3596.44,GT-16153,-77656.72511403995,-59297.836834279486,-0.004764464985165903,-0.018259269633765035,0.923
3596.44,GT-16186,-3344.285547770172,-40156.28485690618,-1.7634533951137001,-2.9417689526615707,0.941
3596.44,GT-16211,73814.51774598767,30516.126438657822,-0.023438215802463087,0.3331287498343423,0.912
3596.44,GT-16243,64574.618438267054,-34770.3652862666,0.1966846220532476,0.07187081308939886,0.943
3596.44,GT-16263,-69214.44342969585,9309.68076280418,0.11490487485994615,0.131716298588842,0.922
3603.06,GT-16071,57201.79977493415,19228.876413385624,-0.05257990225302575,0.26542110119480034,0.902
3603.06,GT-16101,55938.03116778736,-15495.485371055713,0.16610416910564224,0.11314708802886382,0.894
3603.06,GT-16152,5309.2395055262,-70740.44349650599,1.0568901824393238,7.328432019838455,0.952
3603.06,GT-16153,-77655.85545686394,-59299.213449656265,0.20535053563993344,-0.10647876856819247,0.903
3603.06,GT-16186,-3197.4569063766826,-40170.810231672,-6.437108839311039,-2.0859310175875594,0.95
3603.06,GT-16211,73813.00368123439,30503.926108649837,0.03857783318085062,0.16750532794230472,0.897
3603.06,GT-16243,64533.08925583731,-34831.11271102665,-0.4409330852461158,-0.4322824907037123,0.896
3603.06,GT-16263,-69211.93277727939,9303.559237515128,0.08609341333520629,-0.05689091417596813,0.9
3607.79,GT-15996,-108558.6907391682,-82848.48272128572,-308.37490376506713,-173.39045091381462,0.897
3607.79,GT-16018,-1811394.8725267397,2751725.6768305916,-344457.78984654427,502407.4675163766,0.942
3607.79,GT-16071,57205.698610397696,19208.185255902565,0.1025985932634701,0.11953882100196914,0.896
3607.79,GT-16101,55934.05110573233,-15499.748160537487,0.13722930975815245,0.09046181980276373,0.894
3607.79,GT-16152,5295.680282901775,-70806.63960843981,0.9249383870017462,6.584376842022565,0.904
3607.79,GT-16153,-77652.64409889163,-59300.79939362954,0.24673978373626687,-0.15213531304539518,0.894
3607.79,GT-16186,-3043.4506319220927,-39958.36472137802,-7.52931191828189,-4.368291190999843,0.906
3607.79,GT-16211,73814.87259549253,30501.33278212888,0.10294301016711582,0.07420280899775183,0.894
3607.79,GT-16243,64644.39987069948,-34659.03942463181,-0.10992672535209061,0.30446526097997534,0.9
3607.79,GT-16263,-69208.77016088118,9303.97848472298,0.045973516892842514,-0.04914278743477033,0.884
3612.16,GT-16186,-565428.7005251874,-1972647.204888492,-12354.66655977918,-42363.18485793311,0.88
3612.16,GT-16191,45347.14618960896,60568.81751548054,95.71881896883417,33.25471351469007,0.885
3612.16,GT-16243,64739.65378662288,-34520.81114131919,1.0282342509259264,1.6681304837717352,0.88
3617.14,GT-15998,514652.4862752147,-207411.457204866,-492.32988912208657,252.50663147062025,0.953
3617.14,GT-16101,55928.04372530815,-15504.4515198076,0.657452401990813,0.07559190703663207,0.917
3617.14,GT-16104,-40341.56059371541,-8298.339804564233,0.1495209121945125,0.08486097042924913,0.86
3617.14,GT-16157,4024.3614206073057,47495.02303748467,-0.5194426759759597,-0.18711078100654382,0.857
3617.14,GT-16185,-96022.75470180057,26954.80936939749,0.0029006684241726297,0.10367222911149297,0.853
3617.14,GT-16283,-91452.4132509461,90558.65290376682,0.23949319034536465,-0.1798038942805782,0.857
3620.71,GT-16071,27347.97007351902,-20641.321077674176,0.07930982065208826,-0.27310810325543056,0.927
3620.71,GT-16104,-40345.28282186107,-8289.826422949971,0.052615340295906435,0.28662078881797565,0.879
3620.71,GT-16153,-77665.16084015259,-59315.53821176928,-0.250658943036162,-0.3522069340625787,0.85
3620.71,GT-16211,73815.93440602081,30500.50214926122,0.02105631149431096,-0.04820289772592246,0.862
3620.71,GT-16243,64788.89808395463,-34451.21551117864,0.07471181831526447,0.12015435033347321,0.897
3620.71,GT-16263,-69210.50294319131,9293.795263078362,0.01785019435090618,-0.26686905764626073,0.857
3620.71,GT-16337,-5434.796865446379,-40118.97557806563,1.4001641438122092,0.19951284207541287,0.897
3627.37,GT-16152,-29459.5572351591,-64730.12537033562,-14.903258181897428,2.795637095997889,0.89
3627.37,GT-16153,-77663.47085045981,-59313.81110551881,-0.11615779432066765,-0.23529522421727034,0.934
3627.37,GT-16211,73817.80633918254,30509.655405640337,0.007841855910921534,-0.008590988816573726,0.929
3627.37,GT-16243,64847.91061891882,-34358.495942531685,-1.8868265251287932,-2.964613976115931,0.934
3627.37,GT-16337,-5165.923620779496,-40082.05340226362,4.251748445406911,0.5738921077374197,0.933
3627.37,GT-16376,55963.50442827889,-15492.284425273803,-0.23378682396247005,-0.12870112571817943,0.902
3632.23,GT-16153,-77664.09430232231,-59307.138859388324,-0.11266010110366917,-0.13909180701936158,0.929
3632.23,GT-16211,73814.5960703837,30503.67899033436,0.004770122033594388,0.08576546895488334,0.922
3632.23,GT-16243,64905.63683697833,-34268.19458930865,-3.3442483482903196,-5.138581556930705,0.938
3632.23,GT-16263,-69212.43252767678,9300.853076689995,0.021134711388571918,-0.3573341980157624,0.919
3632.23,GT-16337,-5089.506841986091,-40108.97704241293,6.586464162883246,-1.1128076471778048,0.94
3632.23,GT-16376,55965.16884704857,-15496.59009110432,-0.21512843893090453,-0.10013580160891652,0.923
3638.48,GT-16033,24444.07430982054,31773.526491200384,-67.42605197646984,47.74909139428901,0.866
3638.48,GT-16153,-77661.65377366824,-59306.4470016145,-0.10123278799827325,-0.035015469294902554,0.9
3638.48,GT-16211,73820.55100553775,30506.779325619314,-0.08216789582136935,0.07246606535105593,0.9
3638.48,GT-16243,34197.23939406001,21370.834549505034,1.210167124808935,-2.2901222008554853,0.939
3638.48,GT-16263,-69211.17360570753,9317.864529330807,-0.001758439120321524,-0.2216173233215079,0.903
3638.48,GT-16337,-4881.429243340128,-40047.96391158465,5.954620597424846,-0.13391535276005867,0.958
3638.48,GT-16376,55966.30580451844,-15498.92470730486,-0.22293543581046243,-0.03830656665221224,0.895
3638.48,GT-16393,57209.92376138305,19239.821904885244,-0.16397288756191092,0.07800646034752362,0.891
3638.48,GT-16402,5409.537023202974,-70168.80547035282,-0.041062565932162565,1.0958909512051271,0.954
3644.58,GT-16104,-40349.08337281214,-8298.403556668503,0.14302239366648978,0.27978012951836445,0.876
3644.58,GT-16153,-77665.09522152718,-59318.976802171965,-0.07525310477277726,-0.2810936414338798,0.903
3644.58,GT-16157,79518.80934230896,-213158.77508552914,-621.3848197584754,2146.495585714329,0.853
3644.58,GT-16211,73826.3069499879,30493.955125520293,-0.2738723274188134,-0.040728282400986256,0.889
3644.58,GT-16263,-69222.77396679042,9326.001360425978,-0.23193166603783422,-0.2501140238836964,0.9
3644.58,GT-16326,-40010.758920663095,59232.30803092329,-0.11853631852479518,-0.5915072857563137,0.874
3644.58,GT-16337,-4809.369121678233,-40012.27666875369,7.786704516622338,-1.5053395748958094,0.907
3644.58,GT-16376,55962.752831649705,-15497.542827798503,-0.2469982410825493,0.0031604223165670915,0.896
3644.58,GT-16393,57214.87107538297,19235.45640772025,0.16255149836447902,-0.01523614023601444,0.9
3644.58,GT-16402,5396.187442107544,-70257.98017681939,-0.20452749304411216,0.538689333921999,0.907
3648.27,GT-16104,87409.04942462276,-17979.40129888734,-16.323931373350103,1.2520665718450303,0.959
3648.27,GT-16211,-38287.540485621634,-90000.18072934562,151.32486281313854,162.21237081640882,0.887
3648.27,GT-16263,-69224.20584026742,9331.097698109827,-0.22794479622457275,-0.336473004280582,0.919
3648.27,GT-16337,-4889.272964572118,-40208.78554369454,6.007131405322912,-4.522930222974566,0.968
3648.27,GT-16376,55961.13188694571,-15495.343655774319,-0.29043048242369257,0.0862327883464412,0.93
3648.27,GT-16402,5391.729709524012,-70298.67707710848,-0.04106577728070762,0.011380473175967909,0.936
3648.27,GT-16410,64913.16733501559,-34288.335530528006,0.18002118499782271,-0.27786442637805064,0.89
3654.1,GT-16038,-39465.69081466759,2504.672456278094,0.3895261106832232,-0.7685077284282639,0.854
3654.1,GT-16153,-77671.95384408136,-59308.34637754887,-0.19685728484837595,0.20446597112120052,0.893
3654.1,GT-16263,-69212.42202873663,9342.360820094736,-0.07487524466192022,-0.5496959186185661,0.887
3654.1,GT-16337,-4349.070956775505,-40083.961501287085,5.623212955033417,-1.542914860118717,0.951
3654.1,GT-16345,-42667.88715994336,-13852.502148282367,2.603489669519629,4.866056446357266,0.892
3654.1,GT-16369,-6021.743849741817,36814.97625565094,0.15362316556851163,0.10616164765625145,0.853
3654.1,GT-16376,55954.65295206052,-15496.852676863584,-0.35291968234553606,0.0011780647336278455,0.891
3654.1,GT-16393,57214.73982695373,19235.791997504984,0.14309119089340616,-0.15382561945051323,0.886
3654.1,GT-16402,5392.646085722156,-70297.04111950764,-0.09507316976644009,-0.08750339213021269,0.883
3654.1,GT-16410,64691.79929664765,-34632.94407899492,-0.49123314038325533,-1.3746243963657752,0.897
3661.29,GT-16153,-77672.8377348818,-59315.16377702419,-0.19838352528723097,0.35386034369066377,0.953
3661.29,GT-16263,-69219.28448134878,9375.697408221142,-0.10659565820490613,-0.9514854012275932,0.947
3661.29,GT-16337,-4288.224843823228,-40169.41187110456,6.004920310469045,-2.6107299758544187,0.909
3661.29,GT-16376,55953.657363594575,-15498.372643231454,-0.09824365747749954,-0.09899181701287595,0.945
3661.29,GT-16393,57213.77116358517,19235.201215019726,0.045042904350134666,-0.06142289025279987,0.953
3661.29,GT-16402,5408.34674987314,-70178.19745855685,0.13140481599378295,2.056706927797024,0.952
3661.29,GT-16410,64667.098852436495,-34673.170476903266,-1.101019570873588,-2.0287408030654333,0.951
3661.29,GT-16436,73828.48121480056,30505.166803902383,-0.08732182579969652,0.000675944000158607,0.948
3666.43,GT-16103,-85431.1099686923,-48300.07146442021,-0.10505237463591827,-0.03589675146637698,0.854
3666.43,GT-16156,53395.37902906613,-84697.53799731992,-0.22816271623459003,-0.014531636474980736,0.852
3666.43,GT-16185,-96028.51448415847,26965.984245499247,-0.14376234462128964,0.07126560334797112,0.867
3666.43,GT-16263,37112.01268858,-143971.87622937778,-296.6589248050925,428.90207686784873,0.862
3666.43,GT-16283,-91453.22563737046,90552.08272278313,0.267217730603196,-0.32062579123908314,0.858
3666.43,GT-16326,-40010.48062808557,59228.77771367084,-0.06554989567837435,-0.5257220200275358,0.854
3666.43,GT-16337,-4119.119540869249,-40180.13625105565,4.068975538044098,-4.25433068087513,0.97
3666.43,GT-16353,90036.28755159317,-38280.33942341539,-0.1955315255016397,-0.28198211558251235,0.865
3666.43,GT-16387,-27283.9952381778,71105.23411324676,0.2651235143400166,0.3708845575575167,0.872
3666.43,GT-16392,-37660.3778333684,-13877.522407730377,-0.015585940764602846,-0.06820194819367613,0.868
3666.43,GT-16402,5404.5557423336,-70215.5844620145,0.15163085990624398,1.1660611328411297,0.851
3671.38,GT-16153,-77679.19106091377,-59304.21317204559,-0.14614749453086595,0.5512012517097731,0.854
3671.38,GT-16337,-4071.992602533715,-40130.960347393055,4.347004032853336,-2.3281862777087547,0.936
3671.38,GT-16376,55959.23981951997,-15502.261542954124,-0.10866134827313322,-0.15813982331980186,0.852
3671.38,GT-16393,57351.18213987901,19144.86910643467,-1.7009182948115709,1.2522446291654385,0.864
3671.38,GT-16410,64591.13028020831,-34763.58226677822,-2.2400276608818595,-2.9888037680467807,0.944
3671.38,GT-16436,73815.9974696531,30499.592604849782,-0.12668306627562176,-0.04645368329458259,0.855
3677.72,GT-16153,-77677.4399641134,-59305.35581718179,-0.16332848036260478,0.5540422196885499,0.885
3677.72,GT-16337,-4158.098737098707,-40150.44655140959,4.968871589019613,-7.782237087932704,0.948
3677.72,GT-16376,55950.77374941159,-15503.457348962584,-0.3268753061057183,-0.22248935869534084,0.889
3677.72,GT-16393,57353.327823895466,19148.349333357462,-1.7229051092992236,1.422960667971473,0.89
3677.72,GT-16402,5383.842358966511,-70371.41894836669,0.2577698745479774,1.4404790254951267,0.945
3677.72,GT-16410,64602.66993865044,-34750.41478239118,-1.8232417752699952,-2.3646630553031107,0.945
3677.72,GT-16436,73812.51193824655,30507.83731921816,-0.2181667409554954,-0.02976643582662733,0.89
3684.55,GT-16153,-77670.09042545126,-59321.40812465116,0.029616103152640877,0.5703350292449059,0.939
3684.55,GT-16337,-4061.46354764621,-40081.304669585305,4.8393853187612965,-5.455382426623513,0.891
3684.55,GT-16376,55961.28603415011,-15501.604321155364,-0.007060300122608777,-0.043579201471686126,0.947
3684.55,GT-16393,57353.42051282465,19146.357576138882,-1.6945331047309862,1.3589255930630983,0.942
3684.55,GT-16402,5397.89517035387,-70365.84255420597,0.18371377356201773,0.9061444282841167,0.946
3684.55,GT-16410,64594.633372876706,-34774.17974758287,-2.581215931250997,-3.7468188317018174,0.955
3684.55,GT-16436,73815.91368237749,30498.780918417335,0.054781916050228224,-0.471611532551124,0.943
3689.63,GT-16337,-4007.7957754561708,-40045.573073911015,4.852699688626865,-4.505853297251683,0.898
3689.63,GT-16376,55962.515727908496,-15503.835232077367,-5.7272615994650826e-05,-0.04851946319182935,0.866
3689.63,GT-16393,57348.76391380753,19151.996900476865,-1.358752065822809,1.2140190521746483,0.876
3689.63,GT-16402,5372.49489236076,-70512.5941364379,1.0811576327480577,6.52616869086064,0.895
3689.63,GT-16410,64624.49252539782,-34729.72396548894,-1.6655560061282682,-2.3220181625307115,0.902
3689.63,GT-16436,73814.8423989754,30497.25110513562,0.07539345652441821,-0.4835149402847235,0.859
3696.27,GT-16283,-91471.52096208541,90543.79130814738,-0.19318288231982483,-0.1980315443103545,0.88
3696.27,GT-16326,-40016.10056349574,59242.304131629724,-0.24024582655212534,0.0051782752205440305,0.904
3696.27,GT-16337,-4180.308730001467,-40007.170999479626,7.9394472860890595,-3.2298666469982513,0.901
3696.27,GT-16376,55963.49535640536,-15507.187517558665,0.016312421615157748,-0.02007651522787234,0.899
3696.27,GT-16392,-37667.09841757849,-13877.787010936721,-0.21448179032956405,0.03139277548862429,0.888
3696.27,GT-16393,57338.27041174133,19145.222611634967,-1.332142619408114,0.7862150690826842,0.908
3696.27,GT-16402,5333.3736016954845,-70691.57099905725,0.3000747626091641,4.91629287888034,0.909
3696.27,GT-16410,64658.53695601711,-34663.51790625947,-2.7497216363994035,-3.7587797447041416,0.902
3696.27,GT-16436,73808.49674894889,30494.178544781247,-0.13922366585278292,-0.4756713246122291,0.905
3696.27,GT-16490,88899.37048279491,-14121.157467868852,-0.3310042695150761,-0.06046716474864548,0.88
3696.27,GT-16509,-69205.81643082006,9294.325271606416,-0.2250984704244157,0.08833886096909432,0.878
3700.35,GT-16337,-4284.185398556631,-39554.28956697446,6.880060514984036,-10.738350360017119,0.962
3700.35,GT-16376,55963.0486668453,-15511.022293553919,-0.002141192159396548,0.052951435710449524,0.93
3700.35,GT-16393,57328.34719796602,19153.77838809439,-1.1771758664492193,0.7864954911205563,0.881
3700.35,GT-16402,5286.402679933367,-70973.08335701213,1.2924802943325309,10.841079736604241,0.901
3700.35,GT-16410,64689.45209406734,-34630.25344611591,-1.8200955258118596,-2.5973139420105724,0.957
3700.35,GT-16436,73809.05160444639,30494.51545397778,-0.11301992288670469,-0.25872292637896144,0.945
3700.35,GT-16509,-69209.16771005209,9294.610999795299,-0.03762315492996548,-0.1453147199001093,0.945
3706.84,GT-16156,53394.270690711994,-84712.08808536515,0.09728672104761149,0.34017168337766596,0.888
3706.84,GT-16283,-91495.48678864003,90537.52036069737,-0.17109631901946823,-0.3504551093441162,0.897
3706.84,GT-16326,-40013.47680419535,59239.690182220584,-0.15548563843987262,-0.17569121976925664,0.889
3706.84,GT-16337,270404.2639789506,263040.4062392708,-1515.9481227799313,-1668.3933013236137,0.968
3706.84,GT-16353,90015.85986833049,-38276.873226881515,-0.44373263381224304,-0.13574873156901704,0.877
3706.84,GT-16376,55965.68386354774,-15518.229560978296,-0.039703260336785354,0.18998692698734151,0.892
3706.84,GT-16387,-27291.464892585904,71102.701096941,-0.13910977121604887,0.08307178848216046,0.897
3706.84,GT-16392,-37670.3271879896,-13878.308046777718,-0.21391137625681916,0.044806893701334505,0.895
3706.84,GT-16393,57317.14854455736,19168.161895648052,-0.9674130886763729,0.8545044264619062,0.907
3706.84,GT-16402,5264.295056094665,-71139.76616173671,1.6493608283811387,13.595112905110756,0.895
3706.84,GT-16410,64725.27970887272,-34582.630352903645,-2.6310309900806805,-4.0283620243504235,0.903
3706.84,GT-16436,73804.274095877,30494.161135716902,-0.08505392432172537,-0.25494949069864103,0.897
3706.84,GT-16441,4001.17718238927,47478.73063301808,0.09734682541355964,-0.032222122911922134,0.896
3706.84,GT-16460,-40292.12633566517,-8295.17372401535,0.6437993896763103,-0.21811842051082053,0.884
3706.84,GT-16490,88894.18457658785,-14115.120682524594,-0.3239247281447121,0.0969927076040688,0.892
3706.84,GT-16503,-85433.53227407436,-48265.11241318144,-0.001168843335451586,-0.006505262283479474,0.889
3706.84,GT-16509,-69209.11382482789,9292.042712197748,-0.0861153576940541,-0.17282972667581054,0.897
3712.92,GT-16156,53389.90101058454,-84716.02503790797,0.1430118859617585,0.3464569216194752,0.871
3712.92,GT-16353,90016.58287783315,-38278.862981112885,-0.4363070273664312,-0.10019154243588183,0.866
3712.92,GT-16393,57327.76068897292,19163.47055338169,-1.0347751695237273,0.9038933679684608,0.857
3712.92,GT-16410,64770.11231823201,-34510.34481132705,-3.1553422626407674,-4.466296107164948,0.906
3712.92,GT-16436,73794.38025313687,30497.264595292665,-0.3601103545609641,-0.11215115059534175,0.859
3712.92,GT-16441,4004.558081022641,47480.47838351197,0.15175668018336472,0.0028782205740892353,0.874
3712.92,GT-16460,-40305.44253563662,-8286.01541535418,0.3501660431059036,-0.042072570169039814,0.887
3712.92,GT-16509,-69226.85348021875,9100.677401762565,0.082161794505575,2.0982632120491673,0.86
3712.92,GT-16551,-77657.94044772538,-59282.064686559344,0.20070463373982472,-0.30874446954602214,0.851
3718.98,GT-16387,-27290.125808777233,71107.55191193765,-0.06589107001445207,0.23985581915525891,0.857
3718.98,GT-16393,57346.54013244147,19155.357598861476,-1.273056911888382,1.095135932026003,0.921
3718.98,GT-16410,64928.635391783675,-34274.56494936415,-5.859797675569177,-8.387299998393928,0.941
3718.98,GT-16436,73802.63944108953,30502.901202805584,-0.05369197442119588,0.026360168869988876,0.931
3718.98,GT-16441,4007.199245071262,47486.4492904402,0.15638432242183223,0.12525595931863545,0.854
3718.98,GT-16460,-40313.48195293306,-8292.712238761373,0.1951324584955053,-0.12771614855084323,0.858
3718.98,GT-16509,-69222.69492767566,9130.317734150609,0.18235204846700365,1.9398263529733424,0.931
3718.98,GT-16551,-77651.99323720626,-59276.82517568875,-0.05166310049370301,-0.09788352302049416,0.937
3718.98,GT-16568,-3691.0429766525062,-39948.405439276874,0.7512849100547823,0.2880614836509306,0.927
3724.12,GT-16393,57358.04948470199,19140.48400236897,-1.5688234993563448,1.033440535877541,0.895
3724.12,GT-16410,65070.49835761036,-34080.66140201438,-7.720345480220501,-11.136064601584426,0.946
3724.12,GT-16436,73796.87653379467,30500.475520331074,-0.04896783580807341,0.007298294245586475,0.888
3724.12,GT-16509,-69225.46838840068,9147.213822757418,0.03989880881920931,1.8797367788574226,0.884
3724.12,GT-16551,-77650.91590640905,-59276.86213331728,-0.16113764916654824,-0.13198780907709526,0.883
3724.12,GT-16568,-3844.6061527407064,-39944.62105542031,-0.17348808897110657,0.16731261661904212,0.953
3724.12,GT-16580,5321.8599096110665,-70626.49567964341,0.25694008457709605,0.47103409617587444,0.943
3732.25,GT-16156,-131826.6695296789,113038.60723173068,-72.36045513482496,76.53252072938851,0.852
3732.25,GT-16283,-91515.6637397237,90527.50819587996,0.4221738877962684,0.3340280812385736,0.867
3732.25,GT-16387,-27288.86399632553,71105.64391342294,0.028064013950237984,0.09617061442117272,0.886
3732.25,GT-16392,-37673.195163850934,-13864.81204706858,-0.2559362435519083,0.2831779075943211,0.878
3732.25,GT-16393,57394.71300804217,19123.521794448006,-1.6913905555012483,1.3121782679819456,0.909
3732.25,GT-16410,-708858.6861534673,160617.79115535197,1280.5520686816808,-321.1346869169283,0.891
3732.25,GT-16436,73792.90225373139,30494.501306137936,-0.0037129882106772573,-0.03356900843859155,0.902
3732.25,GT-16441,4004.680013898556,47484.725327969805,0.04569837018913881,0.15613547343981257,0.874
3732.25,GT-16458,54122.5139798352,8353.912721642133,-0.15337902477498203,-0.17926373012669206,0.874
3732.25,GT-16490,88894.71615946785,-14122.5265266186,-0.2582287921617247,0.03831775718881647,0.876
3732.25,GT-16503,-85436.62328075142,-48260.87705863637,-0.10377202777294475,0.03684686280654845,0.885
3732.25,GT-16509,-69221.6711193032,9134.815240438593,0.03410524570448072,2.108536641647322,0.9
3732.25,GT-16551,-77644.61693295889,-59274.810239461236,-0.022689928300164836,-0.12136968614024272,0.901
3732.25,GT-16568,-3747.171682338366,-39926.42016283922,0.6156030099398634,0.45316184097136414,0.907
3732.25,GT-16580,5332.078767894914,-70568.74137128193,0.199265766555102,0.40236021292585367,0.914
3738.91,GT-16326,-40015.71548836051,59254.89285628655,-0.15287722497155834,-0.3019571080335,0.873
3738.91,GT-16393,57417.36707485367,19102.155778026405,-1.798502949118004,1.2642158298540895,0.88
3738.91,GT-16436,73781.8561328895,30499.71312142472,0.08117691020413174,0.17561027937334228,0.891
3738.91,GT-16441,4002.5702125163602,47482.632925587925,-0.004756183860726175,0.11092546129600808,0.865
3738.91,GT-16490,88903.90259864161,-14214.456860789933,-0.670931529676448,4.375393598901715,0.857
3738.91,GT-16503,-85436.18425710828,-48262.41846897243,-0.11923082665977351,-0.1268384758518817,0.887
3738.91,GT-16509,-69224.98478610872,9117.648113498577,-0.033433571198160726,2.005349756564251,0.877
3738.91,GT-16551,-77644.39983353092,-59271.934290362,-0.0683353708587525,-0.16736620849409606,0.873
3738.91,GT-16568,-3787.133351787715,-39864.2718732145,-0.9550817913083072,-1.251788104914101,0.921
3738.91,GT-16580,5334.069422878878,-70556.03220282796,0.181651377345991,0.4003555613282836,0.881
3738.91,GT-16591,-96037.56761852858,26944.937714653755,0.07327669336215056,-0.044700536811535116,0.853
3738.91,GT-16607,55962.74911435413,-15490.731359026944,-0.23328526696738885,0.44797333725290134,0.851
3744.79,GT-16326,-40019.064264776054,59255.504556560736,-0.12010776443512713,-0.32409342827138066,0.855
3744.79,GT-16387,-27283.2974755352,71105.66023677021,-0.04805796025383377,0.10743687449566175,0.851
3744.79,GT-16393,57464.986094912296,19068.652949929714,-2.4990934038670645,1.7339676455885817,0.903
3744.79,GT-16436,-307319.8678600544,80935.61281578375,352.4652254570181,-47.24631866329842,0.922
3744.79,GT-16441,3993.9357582616144,47480.23791884136,-0.22795787924112731,0.0295053154426919,0.881
3744.79,GT-16458,54123.104578272905,8353.238160851974,0.006630915669309956,-0.0977257277994857,0.865
3744.79,GT-16460,-40309.24550612492,-8285.769032432092,0.0028223724397061292,0.20060978691249398,0.868
3744.79,GT-16490,88912.13569762137,-14241.846144321304,-0.760041787216545,4.666373610473191,0.878
3744.79,GT-16503,-85433.86335741446,-48264.269210921084,-0.04933330542551238,-0.148676048080016,0.879
3744.79,GT-16509,-69212.28339479727,9070.968374950728,0.24991111974228075,1.9996959169341773,0.91
3744.79,GT-16551,-77645.81788708418,-59274.40345482485,-0.12126730178034577,-0.2991450718412617,0.902
3744.79,GT-16568,-3714.4114484672473,-39863.264413163546,0.33264810114793875,-0.7445536304146769,0.908
3744.79,GT-16580,5335.821486317839,-70557.86350337464,0.23355828030652834,0.24727479570504798,0.901
3744.79,GT-16591,-96046.28459687027,26951.2340059964,-0.3105232566368541,-0.15795475040865042,0.877
3744.79,GT-16607,55960.454073720466,-15485.409949201226,-0.3074628942600358,0.38000266461831245,0.902
3744.79,GT-16622,64265.64324439897,-35261.07733878117,0.16764766707597412,0.4976733664288423,0.865
3749.09,GT-16353,90043.6435198268,-38244.32488756597,-0.051389009631451515,-0.2388178142735221,0.855
3749.09,GT-16392,-37667.47823596714,-13854.474219082398,0.08617001040676928,0.3198249343858155,0.851
3749.09,GT-16441,3989.003686283322,47480.70675429255,-0.3036359520061849,0.02444015390043852,0.856
3749.09,GT-16568,-3543.093529452756,-39846.17031243824,-0.11776541743100274,-0.41620657897451363,0.941
3749.09,GT-16580,5308.86711037602,-70727.13758985716,0.5081947696356828,1.9780436756239554,0.853
3749.09,GT-16591,-96039.81554383977,26951.295183062273,-0.1090208523858934,-0.3270617901371434,0.855
3749.09,GT-16607,55960.50667006338,-15487.127133865943,-0.2545441638044423,0.28133508575981836,0.911
3757.3,GT-16509,-69217.42299583959,9016.017381281012,0.1856892556858424,3.025379412123289,0.894
3757.3,GT-16551,-77641.29373004199,-59268.22070690111,-0.20458558883577344,-0.683969704512515,0.895
3757.3,GT-16568,-3458.707194507258,-39833.96426786661,-2.4380914078537645,-0.749145040619419,0.948
3757.3,GT-16580,5316.878136542219,-70748.1829381258,0.6480376600350348,2.4138173885267795,0.89
3757.3,GT-16607,55964.98606860631,-15486.387904924015,0.16690788588527072,0.23153368628775772,0.897
3757.3,GT-16622,64283.85678525532,-35223.92809846369,0.2227374816299453,0.4716083704322304,0.892
3757.3,GT-16636,73843.58495889397,30500.671213065052,-0.14835393946665798,-0.3353709500747429,0.875
3761.3,GT-16551,-77638.30241207582,-59261.016766769,-0.1452801312397909,-0.47749812545434245,0.935
3761.3,GT-16568,-3422.991731332306,-39839.36768942891,-1.2304856549204004,-0.6683079002938832,0.946
3761.3,GT-16622,64295.649887146945,-35204.500843016256,0.6685872154787004,1.0271217190996074,0.932
3766.84,GT-16509,-69218.58321980758,8929.019753595163,0.24779275339888482,3.6871338387567634,0.884
3766.84,GT-16551,-77632.4592119067,-59258.82160180554,-0.16847058749212704,-0.6129112262025119,0.887
3766.84,GT-16568,-3416.0487307256453,-39844.95801650692,-0.8509527400021976,-0.740731099832031,0.896
3766.84,GT-16580,5312.41969080512,-70804.3144810019,0.7343510423203506,3.5687570293933533,0.876
3766.84,GT-16607,55953.9214756414,-15490.366131263907,0.04377091882250622,0.33489040115848534,0.883
3766.84,GT-16622,64281.45733918972,-35230.1395724866,0.13380488422901787,0.40386445167242946,0.888
3766.84,GT-16636,73831.88916289867,30505.14578791338,-0.25559740267232256,-0.5148989764505153,0.882
3766.84,GT-16659,57215.447274688144,19251.28729446452,-0.01703802819513639,0.5631663777261194,0.856
3771.21,GT-16353,-940513.3798929595,1317259.265728212,9671.28146724728,-12721.089894466793,0.895
3771.21,GT-16509,-69165.89061233551,9066.77647685287,-1.041431051732274,0.47437047186394216,0.88
3771.21,GT-16551,-77629.56245413916,-59249.88950909981,-0.21103814355656755,-0.6881093167541942,0.94
3771.21,GT-16568,-3411.7299958676012,-39842.09703030471,-0.6653772979602937,-0.507217308910718,0.877
3771.21,GT-16580,5304.173591243134,-70847.89192802149,0.8220213352839356,4.01093812141265,0.863
3771.21,GT-16607,55955.86421087683,-15496.872494816887,0.11271408601111407,0.12934486265905537,0.943
3771.21,GT-16622,64271.863059489515,-35242.78376621158,0.4569170396068457,0.855975330217831,0.952
3771.21,GT-16636,73828.83541164488,30509.389472661303,-0.21785764018575857,-0.35183779350615374,0.933
3771.21,GT-16659,57215.30545475106,19250.54829759453,0.07298105579216779,0.5099766719651352,0.924
3776.42,GT-16387,-51202.610575118175,-269731.1559513796,145.1933205810537,2071.2464193533033,0.884
3776.42,GT-16496,-16291.610699393292,-30790.31124604147,3.8505861065647267,-4.0109691496205615,0.863
3776.42,GT-16509,-69116.94376093725,9006.924124020828,-1.5017476946044395,2.1799935369430443,0.906
3776.42,GT-16551,-77621.95423283319,-59245.29746029022,-0.28240655940121906,-0.8915412060758081,0.903
3776.42,GT-16568,-3407.377860088879,-39839.514713864985,-0.3479922504360437,-0.5173578212922736,0.898
3776.42,GT-16580,5270.1958645906925,-71018.9582846375,1.157783965837065,6.470635372346038,0.899
3776.42,GT-16591,-96163.95551906271,26945.377971430098,1.3014286247524476,-0.1561426426855063,0.889
3776.42,GT-16607,55954.70490822781,-15494.335818408961,0.08428472348416831,0.17961618394476336,0.904
3776.42,GT-16622,64259.43328172221,-35263.9117513218,1.0203741546577039,1.901215365679231,0.954
3776.42,GT-16636,73830.01533055963,30508.242506974508,0.009277982783385541,-0.1737020547255908,0.902
3776.42,GT-16659,57214.21570115642,19254.258156702766,0.03778430890288157,0.49563003100914693,0.894
3780.77,GT-16326,84523.54952995366,-129097.30248984316,-770.0517869986318,1165.4408867140517,0.923
3780.77,GT-16392,-37673.716520028196,-13872.93435047809,0.16600991444417457,0.27105307380952026,0.862
3780.77,GT-16441,4001.7477448872064,47470.38360711545,0.1421084658773457,-0.09956356617537852,0.865
3780.77,GT-16458,54142.505098742324,8362.049089938788,0.37394676276423905,0.24372355048959263,0.871
3780.77,GT-16460,-40321.58055782362,-8294.743414518718,-0.032406742829820645,-0.06798769280575825,0.861
3780.77,GT-16490,88927.50069623161,-14377.260877931954,-0.8522555909835667,4.80489635976486,0.854
3780.77,GT-16503,-85411.26249214426,-48278.796653953505,0.5495727359083602,-0.28598754897726775,0.871
3780.77,GT-16509,789225.0579452708,-552167.8135057316,-2791.657145805489,1825.0135602663956,0.857
3780.77,GT-16551,-77633.29423903667,-59236.171227516315,-0.595438412664623,-1.031838921048912,0.923
3780.77,GT-16580,5174.0530729114125,-71748.75668656336,2.1310089399397607,13.821089393463442,0.933
3780.77,GT-16591,-96165.40857596003,26949.068406094095,1.3134292702573191,-0.05900207408408786,0.884
3780.77,GT-16636,73827.68753079166,30509.637001786803,-0.006109582802159105,-0.1154707850827754,0.926
3780.77,GT-16659,57214.57976887501,19253.691324275893,0.03924251486823245,0.4576482854230247,0.908
3788.26,GT-16392,84589.32035197948,-110519.71396174967,-154.12540998494737,122.0714288981093,0.915
3788.26,GT-16551,-77631.10433384766,-59222.00328063221,-0.6572840392292836,-1.069634730997734,0.895
3788.26,GT-16568,-3319.7934479125006,-39821.59283904391,-3.1192439888298154,-0.8306827749106409,0.892
3788.26,GT-16580,4837.488504097439,-73716.07957821926,6.6877239918165845,41.778064415698395,0.946
3788.26,GT-16607,55956.14621221752,-15494.399453514985,0.05899478723514605,0.1015944111323077,0.89
3788.26,GT-16622,64246.47288806139,-35269.50040902798,0.527505593322145,0.9315533374856324,0.885
3788.26,GT-16636,73828.626044852,30510.40660853363,-0.007217047867327605,-0.09593212330407452,0.884
3788.26,GT-16659,57209.07987210722,19255.763022643416,-0.12842967506884462,0.27180897424100026,0.89
3793.94,GT-16345,-70610.77674761163,-30165.26840187033,-21.5618955200591,-12.356388788647521,0.915
3793.94,GT-16551,-77632.70177688594,-59211.10625146786,-0.716220426288366,-1.2670338551769755,0.886
3793.94,GT-16568,-3290.9341309152974,-39814.2436354628,-2.169446886788964,-0.8228338968666125,0.9
3793.94,GT-16580,84844.95309088033,-87256.31663941634,-388.35981939039056,76.35749739383213,0.858
3793.94,GT-16607,55959.22644177886,-15494.760855110047,0.13689188581478945,0.015158477270129866,0.891
3793.94,GT-16622,64208.65035532297,-35336.19695961231,1.0149483173441451,1.6052126503590152,0.899
3793.94,GT-16636,73824.75328899978,30507.741597606375,-0.15586869065146375,-0.11328701135791137,0.887
3793.94,GT-16659,57216.15853648686,19252.44329519825,0.08037538129652386,0.13309035355726248,0.893
3800.27,GT-16441,4005.797982895516,47473.8847907661,0.1772255011840488,0.07145184905647252,0.862
3800.27,GT-16458,54154.14963710525,8359.820919363432,0.4242958422113735,0.03296360024438967,0.879
3800.27,GT-16460,-40322.573493458316,-8282.087475061362,-0.2635611684683835,0.27476168892779906,0.89
3800.27,GT-16490,88973.7864471223,-14553.958400570302,-0.9248303522900584,6.356042157789317,0.868
3800.27,GT-16503,-85426.53497022149,-48260.57800539442,0.01917141845424221,0.18401555254074348,0.878
3800.27,GT-16551,-77621.25640407062,-59171.90248251163,-0.9240636043361911,-1.484380157368267,0.902
3800.27,GT-16568,-3253.555712292217,-39800.523115940225,-1.5461308940982728,-0.7841162403987019,0.911
3800.27,GT-16607,55954.488579767174,-15490.813920394936,-0.16093913629015405,0.25702296470466457,0.905
3800.27,GT-16622,64200.12022954628,-35349.97379673492,1.1345832868344763,1.6547361394659372,0.904
3800.27,GT-16636,73834.94648729492,30503.790199168903,0.0061802696529029005,-0.11706963260407624,0.907
3800.27,GT-16659,57211.13879831507,19253.514400105378,-0.018522749045600584,0.22482863780814896,0.906
3800.27,GT-16682,53419.91999377642,-84677.85151674696,0.24191569318582062,0.3734459115681165,0.88
3800.27,GT-16727,-27299.249785249416,71102.06085872598,-0.3184494988856746,-0.31394008712173616,0.884
3803.73,GT-16458,54156.58068865779,8360.49812933778,0.4121397205241675,0.028333575892823825,0.858
3803.73,GT-16460,-40330.03708014744,-8283.439256216077,-0.41618865170589725,0.211856936543105,0.88
3803.73,GT-16490,88986.25925707503,-14607.783216824546,-1.0982515529161838,7.147086258535706,0.863
3803.73,GT-16551,611903.1702665152,421602.7270801877,4440.216752713363,3096.218227020172,0.862
3803.73,GT-16568,-2921.09731763068,-39524.85337678274,-5.155393373760512,-3.5450437425745114,0.919
3803.73,GT-16591,-96146.02943856592,26940.14077061541,1.1277254371624237,-0.13470440753324853,0.869
3803.73,GT-16607,55956.40028157389,-15490.657480811267,-0.196655043419851,0.2607549071633802,0.885
3803.73,GT-16622,64175.38084717754,-35401.40211117141,2.674756501990692,3.7639769277610307,0.907
3803.73,GT-16636,73836.81492529208,30511.383297244694,-0.09152189595809015,0.04593197065048399,0.892
3803.73,GT-16659,57212.29237642969,19251.862488890954,-0.007502603384424544,0.09671481583374458,0.898
3803.73,GT-16682,53420.73144606649,-84679.56806540265,0.2448331682076406,0.3555398135089854,0.868
3803.73,GT-16727,-27299.11194442388,71100.03881181126,-0.33552559951738953,-0.30554479486003766,0.86
3803.73,GT-16777,5332.171499013703,-70493.87803338077,-0.35526919191027834,-0.08408109432931699,0.882
3811.73,GT-16490,89375.2218601454,215684.9158274606,-1.1327280022738024,-1050.1981421698672,0.86
3811.73,GT-16568,-2835.591557834751,-39443.61231373627,-6.066680445011918,-4.28040615493401,0.896
3811.73,GT-16607,55936.04318868744,-15496.902945362259,-0.055814314873061155,0.5419690673987585,0.905
3811.73,GT-16622,64146.04419313942,-35445.19474143352,2.5765315500279695,3.632648320178735,0.899
3811.73,GT-16636,73833.46070444005,30512.517926217264,-0.1826016972710455,0.06855731265463737,0.901
3811.73,GT-16659,57207.09185104961,19247.47469908036,-0.14858824587441935,0.008902546563641714,0.895
3811.73,GT-16777,5335.3351192170585,-70491.94385849102,-0.3081930338459399,0.33171507620965063,0.9
3811.73,GT-16783,-69239.94352899285,9270.526064312206,-0.12568195208238714,0.2427995465410163,0.886
3814.9,GT-16441,257479.7621374976,90979.35429599164,-1512.940249688118,-259.9101225657845,0.86
3814.9,GT-16568,269026.1520761782,521743.430059661,-464.0213244908573,-956.0105892106587,0.972
3814.9,GT-16607,55938.97002953777,-15503.654511036639,-0.02922586116265908,0.6102077825599694,0.939
3814.9,GT-16622,64129.04663640112,-35451.983014792044,5.075842035796645,8.002749215596992,0.886
3814.9,GT-16636,73836.0433664034,30514.829122929103,-0.21600806162333472,0.02904030831433746,0.934
3814.9,GT-16659,57206.492818736035,19241.87845446036,-0.16135499869712633,-0.1416591595334631,0.944
3814.9,GT-16777,5389.954808767451,-70168.13195563001,0.12408267405382686,2.7254026719327045,0.943
3814.9,GT-16783,-69227.82275426954,9277.231593879376,0.08712401343360743,0.13307564107756173,0.944
3821.99,GT-16458,54147.05240890813,8354.65608988643,0.13035332641622935,-0.018157931675387387,0.866
3821.99,GT-16460,-40311.61507756752,-8274.096189961148,-0.05962759153911752,0.15102213033355252,0.869
3821.99,GT-16503,-85423.33785524938,-48271.26793464568,0.20254687501887836,-0.051278147377221465,0.855
3821.99,GT-16591,-96135.13163789442,26945.00458004338,1.3092687829118772,-0.039893366267116925,0.868
3821.99,GT-16682,53443.858328249684,-84668.97519953025,0.3839730898881185,0.4322490880280629,0.862
3821.99,GT-16727,-27293.484472087108,71101.43510176527,-0.09990343675692143,-0.2763687454685704,0.861
3821.99,GT-16764,-37650.401889067325,-13884.342168259596,-0.026205702576633613,-0.11314573789282509,0.858
3821.99,GT-16783,-69209.95289378475,9278.626527851047,0.3681866768830873,0.06847623628922289,0.852
3821.99,GT-16786,90028.43647284989,-38270.03674510922,-0.5636546996252483,-0.23428569500095991,0.857
3826.69,GT-16503,-85420.03406184212,-48272.05262777421,0.19523546088802493,0.004872071865149853,0.858
3826.69,GT-16622,-72023.9916078252,111203.71173460517,542.3865829256398,-587.4303645581971,0.921
3826.69,GT-16636,73857.02881847527,30517.780394855145,-0.3054942662989809,-0.06190301231001823,0.911
3826.69,GT-16659,57217.49579518277,19254.72701752437,0.1792544787169431,0.20421306265032507,0.907
3826.69,GT-16777,5405.241108488582,-70056.63999515194,0.21741370399796467,3.654151866618344,0.907
3826.69,GT-16783,-69210.20382008598,9273.627140455457,0.2477992865273792,-0.18582682683850937,0.907
3826.69,GT-16841,-77661.34433340028,-59313.47562212049,0.22164249175668338,-0.11485174935032957,0.862
3826.69,GT-16842,-3608.4899996703307,-39939.96173366156,-0.3649534478305767,-0.4283764253442918,0.896
3833.61,GT-16636,73864.69858936293,30509.995575847726,-0.3427167767912742,-0.22617798653218643,0.944
3833.61,GT-16659,57216.000614092954,19238.688704444306,-0.022649925063024018,-0.42420838044619547,0.893
3833.61,GT-16777,5401.823178819461,-70072.93802090341,0.03537478437797855,2.2432746660328657,0.882
3833.61,GT-16783,-69210.41867219881,9272.263029866677,0.20623736329828188,-0.13818510307809057,0.944
3833.61,GT-16841,-77671.48075825848,-59434.13660386888,0.017971414283029646,-1.6230554665187154,0.959
3833.61,GT-16842,-3492.954544704362,-39927.20468950572,0.07591990842321364,-0.1928467559957851,0.883
3838.67,GT-16143,-21869.421280931267,-78008.17763129479,-278.69557602607034,-559.0433653097434,0.882
3838.67,GT-16636,73862.31089360379,30516.007476759052,-0.3707324675648,-0.18356381803429117,0.871
3838.67,GT-16659,57211.93314256423,19240.79378150429,-0.1094001300382007,-0.3115626047416025,0.874
3838.67,GT-16777,5379.635614089693,-70202.84864790141,0.31021813067814613,3.6630296028931366,0.882
3838.67,GT-16783,-69216.55670946607,9270.007947578859,0.06664798687677992,-0.12950105949609103,0.942
3838.67,GT-16841,-77667.4166745092,-59398.79977964594,-0.1314374860255359,-1.0042604257903758,0.882
3838.67,GT-16842,-3386.540456361154,-40250.961926881726,-0.4101666945067588,-1.2790256957477586,0.902
3841.52,GT-16636,73881.14543747119,30531.830439430625,-0.4296002673166577,-0.16845028239752285,0.892
3841.52,GT-16659,57216.93314421235,19241.503129830602,-0.004483684845892538,-0.24489642541480372,0.888
3841.52,GT-16777,5348.363219680283,-70390.00676233157,0.5512879552835634,4.509160919135763,0.949
3841.52,GT-16783,-69216.05412650395,9270.59846485398,0.03689686969676281,-0.1184898421374799,0.884
3841.52,GT-16841,-77649.37536286225,-59540.80491572059,-0.3087311190478329,0.38199404149100935,0.94
3841.52,GT-16842,-3343.5825038505473,-40029.43831705839,-0.23170403013877874,-1.0941151769785593,0.948
3841.52,GT-16865,55957.472454299495,-15478.388182146251,-0.1948855177703109,0.0005490952160300266,0.878
3841.52,GT-16880,64922.273590737525,-34214.83730300283,-0.3048921505933206,-0.8589763420788644,0.915
3849.0,GT-16458,54125.05728704255,8357.148323797468,-0.07094485086637627,0.11154167729238423,0.895
3849.0,GT-16503,-85379.4510088139,-48220.97708260143,-0.25415933273000196,0.10463120938333262,0.893
3849.0,GT-16591,-96145.25375904454,26943.24118460643,1.488646958633955,-0.003560579055175074,0.898
3849.0,GT-16636,73893.96309931578,30533.521408248092,-0.7189797974027341,-0.388768761371296,0.894
3849.0,GT-16659,57213.2244360661,19237.63750833213,-0.06997254081368116,-0.33842554403802416,0.908
3849.0,GT-16682,53449.29131321005,-84673.44790410518,0.18358154555097786,0.2585664153841527,0.884
3849.0,GT-16727,-27303.240378128517,71104.08878261327,-0.2223410037958344,-0.07375944693406314,0.901
3849.0,GT-16764,-37646.72034878472,-13891.169791218566,0.009700493815465533,-0.17686601834779309,0.897
3849.0,GT-16777,5340.064703685479,-70448.72510079017,0.23093312972896737,2.1832899569854263,0.907
3849.0,GT-16783,-69218.08483609944,9273.67984473712,-0.031745151524730245,-0.09222420249966826,0.903
3849.0,GT-16786,90034.44920342055,-38264.96125398521,-0.22516073278996512,-0.037409330022775876,0.885
3849.0,GT-16836,-39967.246380863064,59204.58297451309,0.24917446125112183,-0.04974037621709543,0.889
3849.0,GT-16841,-77650.7651781612,-59499.98880625905,-0.24564683240521645,0.86256715653054,0.905
3849.0,GT-16842,-3336.0939972415085,-39977.7321241605,-0.16637029187225558,-0.3012454848241123,0.908
3849.0,GT-16865,55949.57626152861,-15485.900060692604,-0.40163998495191355,-0.021726834110696286,0.903
3849.0,GT-16880,64825.01178865914,-34370.04068255819,-1.5555787179465965,-2.7242133432087003,0.897
3853.13,GT-16460,-40308.37020964502,-8284.485102818864,-0.3892968850638494,-0.0430287804372467,0.884
3853.13,GT-16503,-85374.66440154577,-48239.66290018472,-0.36106115816807527,0.035371679323056696,0.89
3853.13,GT-16591,-96149.1892262258,26943.19863193927,1.6206021360047247,-0.001831476904188585,0.885
3853.13,GT-16682,53452.157230900484,-84675.05309934716,0.22669891175398527,0.27580529855324576,0.887
3853.13,GT-16764,-37646.333637737334,-13888.091748600187,0.01266962089082599,-0.06447752138815747,0.899
3853.13,GT-16777,5339.03114379636,-70462.06858111678,0.16972975935710555,1.5315774500232737,0.852
3853.13,GT-16786,90036.44120975512,-38265.72437130334,-0.2510064619512974,-0.00484112339195375,0.879
3853.13,GT-16824,88874.82333085909,-14126.065565096911,-0.4530852266184194,0.09736176333672836,0.902
3853.13,GT-16836,-39971.82560874203,59204.06069650947,0.18511291807788938,-0.051758315060503435,0.896
3853.13,GT-16842,-3356.8812700383733,-40121.93804346248,-0.5159359332238556,-3.0502705878331535,0.906
3853.13,GT-16865,55949.22285431542,-15480.908418112114,-0.21616997194084137,-0.060889605266784955,0.851
3853.13,GT-16880,64576.98845402837,-34762.74426314657,-1.6614206595442997,-2.6734165955029536,0.899
3853.13,GT-16888,-91490.81008059604,90537.10876376054,0.27152548320975456,-0.5364478174978005,0.875
3858.33,GT-16458,54106.72203281199,8365.947639892183,-0.07419412334509377,0.17796403365193722,0.883
3858.33,GT-16764,-37649.75004944128,-13885.763841136952,-0.041185810365102826,-0.02864977036022978,0.875
3858.33,GT-16777,5343.7190845876985,-70466.2753628239,0.24296825768581687,1.1698600408568958,0.858
3858.33,GT-16824,88879.20547011826,-14133.161336384403,-0.36152008391161916,0.019479792251143796,0.893
3858.33,GT-16836,-39977.920044449624,59202.98646573696,0.07396196263212257,-0.029889294642997603,0.874
3858.33,GT-16841,-77647.58740830031,-59454.89204328911,-0.09192884247385327,0.8089926358182207,0.855
3858.33,GT-16842,-3371.6003629108,-40240.29035798181,-0.8523662625603088,-5.646705986155924,0.91
3858.33,GT-16880,64445.71716958841,-34989.20577015102,-0.8265108186979411,-2.0317262012265114,0.905
3858.33,GT-16888,-91490.4416988121,90534.9196145701,0.28474470513146094,-0.5455577299106131,0.856
3863.25,GT-16636,73971.00587573559,30570.533673635717,-2.3758459969636982,-0.9531000873092126,0.925
3863.25,GT-16659,57219.09739146596,19240.919297491495,0.07145125587517598,-0.32111007129403385,0.93
3863.25,GT-16777,5343.952283412861,-70480.61405470398,0.21752494850004378,0.548438027447754,0.938
3863.25,GT-16783,-69224.9935988097,9272.228689048517,-0.15157017837080225,0.02083178534966372,0.926
3863.25,GT-16836,-39982.43326230093,59201.43471357534,-0.17220686998277535,0.07358800469471444,0.854
3863.25,GT-16841,-77645.4255679044,-59456.95190743406,-0.05894823174810865,1.1527423208953307,0.931
3863.25,GT-16842,-3375.836592633329,-40288.998766572025,-0.8876596101343547,-5.566886956505326,0.925
3863.25,GT-16880,64383.13711818851,-35084.546302818504,-0.4761502107458472,-1.2870848041269796,0.932
3868.43,GT-16636,-85697.42314317111,-52777.03159293414,870.2856171351989,453.4944534190633,0.872
3868.43,GT-16777,5347.620767987148,-70483.92579666617,0.2421307881749588,0.4870311200851568,0.918
3868.43,GT-16783,-69226.59844338842,9270.592814707721,-0.1350924698741815,0.042045706813699776,0.903
3868.43,GT-16880,64326.57568031058,-35170.88899115605,-0.2971693932413602,-0.6434277653042305,0.884
3876.21,GT-16591,-96405.44970910526,27028.689097093942,6.132765703613659,-1.6468254126258042,0.913
3876.21,GT-16659,57220.905546100184,19250.520180371397,0.257696509445393,0.20509536029568434,0.937
3876.21,GT-16777,5338.123003145719,-70481.09386571187,-0.06414737543123805,0.5405434832708946,0.858
3876.21,GT-16783,-69216.25461583384,9265.42837222695,0.08001752408446464,0.08855519072549288,0.86
3876.21,GT-16841,-77651.9679425762,-59454.32342759525,-0.2511683111163756,1.7418402704852332,0.932
3876.21,GT-16842,-3347.470755183991,-40256.43664803066,-0.0012691878436340565,-0.6836065612371454,0.939
3876.21,GT-16865,55945.55938209629,-15478.527824535508,-0.0066655070201689405,0.30235440413357895,0.852
3876.21,GT-16880,64325.234705040544,-35170.24719151338,-0.5725765988913409,-0.8784228712649294,0.932
3878.52,GT-16591,-96433.15535697942,27033.48070287604,6.63197674981421,-1.7522815513339505,0.891
3878.52,GT-16659,57220.379999707184,19252.418725008618,0.26307438455261284,0.1894414367685486,0.877
3878.52,GT-16682,53457.42428089329,-84695.47227472604,0.09478203214030706,-0.1277586515116719,0.856
3878.52,GT-16727,-27313.212385085717,71095.88688529836,-0.1625027964219838,-0.12785984229278902,0.869
3878.52,GT-16764,-37653.336827844745,-13886.12763126006,-0.04248892439077932,0.03133881558910136,0.875
3878.52,GT-16777,5346.819056466895,-70484.03729008413,0.15784134494508673,0.4045629322521049,0.884
3878.52,GT-16783,-69228.58780517757,9265.04582631152,-0.1828681358930048,0.14037318615068825,0.891
3878.52,GT-16786,90063.15071176176,-38275.13077254283,0.14553326628020097,-0.2634359003679977,0.871
3878.52,GT-16795,-42403.28368298238,-12440.64755660482,-0.23335090081318866,-8.743403518460802,0.911
3878.52,GT-16836,-39983.402951802505,59203.75456154219,0.03590457606100819,0.16873942422058552,0.856
3878.52,GT-16841,-77650.17180555152,-59463.37001276318,-0.25913008245603025,1.688998892605699,0.884
3878.52,GT-16842,-3345.80184472294,-40237.90832857887,0.13801004561776753,0.8296521357084368,0.892
3878.52,GT-16865,55948.683348311344,-15483.881841299724,0.11634340512899446,-0.022145662730955418,0.889
3878.52,GT-16880,64357.16989653394,-35121.16109360601,0.8028014404325742,1.3530269899883596,0.904
3878.52,GT-16888,-91486.9185548304,90545.2216395229,0.25290068667520704,-0.06471715636902553,0.87
3878.52,GT-16901,4007.425458526441,47496.563837482136,0.3510956160024622,0.3981060159519909,0.874
3888.02,GT-16659,57219.26748776614,19254.28634482995,0.2158684181597103,0.16924578410118124,0.896
3888.02,GT-16727,-27310.43960063185,71091.34256231415,-0.11193192428903631,-0.1394200376150892,0.883
3888.02,GT-16764,-37659.44214141289,-13880.756859137702,-0.24329155547528292,0.24004179743110332,0.908
3888.02,GT-16777,5355.660259517929,-70483.63271353737,0.1969873962217507,0.36146579150942804,0.901
3888.02,GT-16783,-69220.69891961492,9265.6297358214,0.08398282061843196,0.22243673799790095,0.899
3888.02,GT-16824,88879.45895879048,-14145.413895966454,-0.2377699532340278,-0.08151221538878582,0.884
3888.02,GT-16836,-39984.19839397989,59203.62181452971,0.07584355483809613,0.18573047594644468,0.88
3888.02,GT-16841,-77649.34152040255,-59480.49968324867,-0.32329039051016184,2.0981648880503982,0.889
3888.02,GT-16842,-3336.3077531938366,-40269.78774895928,0.20595819593833248,2.584948611177084,0.901
3888.02,GT-16865,55938.646310449265,-15476.17733745194,-0.1297162742812568,0.161338860421902,0.896
3888.02,GT-16880,64318.02554911564,-35160.59024021462,-0.4163174230047086,0.05161730435198164,0.908
3888.02,GT-16888,-91479.0466450058,90555.70972002838,0.25938682575308786,0.02749751093997889,0.899
3888.02,GT-16967,73798.45427775086,30577.39388416664,-0.042645507760949636,-0.31230900462377115,0.898
3893.44,GT-16659,57211.36354723505,19267.14341536989,0.14754957656257617,0.1978961235441284,0.911
3893.44,GT-16777,5351.400085292997,-70487.31171328612,-0.01498052513056175,0.14994647058742175,0.915
3893.44,GT-16783,-69217.10792764947,9261.528779810995,-0.06741340986206698,0.1932077886362063,0.913
3893.44,GT-16841,-77646.7440451554,-59516.51272623057,-0.31662350011343393,2.533538625531285,0.908
3893.44,GT-16842,-3313.821397278107,-40221.3211706329,-0.26987627527291036,1.853680158063983,0.954
3893.44,GT-16865,55930.57725829809,-15477.270372166628,-0.1288777786353606,0.11372634585846064,0.907
3893.44,GT-16880,64395.917585461226,-35042.580217931354,0.7313255693291456,1.6142522564222663,0.965
3893.44,GT-16967,73798.03225689215,30567.28472832488,-0.024330034696095987,-0.5224722575917179,0.904
3898.75,GT-16659,-103475.9577337135,43575.89462149412,191.28547419404705,-28.46666639251006,0.938
3898.75,GT-16682,-227419.63781844877,-23406.832737067514,-344.9942764033278,75.21655089585221,0.857
3898.75,GT-16727,-27319.433360620045,71092.19603826063,-0.05193833991026073,-0.10908729110614887,0.869
3898.75,GT-16764,-37658.39315911927,-13873.855088623219,-0.03400450004892991,0.42741578003610525,0.891
3898.75,GT-16777,5352.237463376489,-70491.99080357573,-0.020532352271514055,0.15886172511712607,0.894
3898.75,GT-16783,-69227.69033494496,9256.520424644554,-0.09684179507692292,0.19655969224080772,0.894
3898.75,GT-16786,90042.25718915308,-38266.93186863932,-0.34852970002955275,0.09012532349813902,0.891
3898.75,GT-16824,88892.07079310325,-14144.447462310838,0.027140937426323897,-0.13340718755106118,0.895
3898.75,GT-16836,-39981.82944823457,59199.80323079889,0.04654882281756931,0.23552894829973547,0.869
3898.75,GT-16841,-77637.6693842785,-59542.774451205136,-0.2980061324292568,2.789231435993359,0.891
3898.75,GT-16842,-3313.0267929154297,-40328.79819394329,-0.31950442647631627,3.562470173930093,0.91
3898.75,GT-16865,55927.88085356587,-15475.879829079433,-0.11321937082143735,0.09537222897747254,0.885
3898.75,GT-16880,64391.1711319917,-35055.3705978017,0.5304176145206713,0.8555871256323669,0.906
3898.75,GT-16888,-91472.68752407134,90555.61278329625,0.24919265019295098,0.025006879235317837,0.863
3898.75,GT-16901,4006.28631888028,47486.06511483003,0.14243463677208856,0.03761236394269613,0.873
3898.75,GT-16940,-85850.48842727715,-48957.73067322392,0.4060976325165054,0.5559359814399722,0.9
3898.75,GT-16967,73796.94912916985,30560.288268874276,-0.10003660846218598,-0.3991679786679714,0.894
3906.4,GT-16727,-27320.494286021534,71103.84871401671,0.22979779666764633,0.23638497452413967,0.88
3906.4,GT-16764,-37653.60911408579,-13876.610757695345,0.03584679366183985,0.34290373840989663,0.873
3906.4,GT-16786,90039.34884302797,-38265.98045603871,-0.35478565229510167,0.064341613118475,0.862
3906.4,GT-16824,88895.85915038425,-14141.509885106285,0.12574101848231667,0.009306800138243282,0.886
3906.4,GT-16836,-39980.79597983927,59198.176772188825,-0.057547238715868865,0.2067692671355128,0.878
3906.4,GT-16888,-91476.23846552832,90558.5427798467,0.053602838298570564,0.020913083593278564,0.882
3906.4,GT-16901,4005.4787765263827,47481.35332615191,0.09497159131440755,-0.058777972852959215,0.87
3906.4,GT-16940,-85824.5791789002,-48917.42534898029,1.0197216922221255,1.6484215186691085,0.876
3906.4,GT-16989,-40330.50156858472,-8266.151477043028,0.5492387559368286,0.20203443038416508,0.859
3912.76,GT-16727,-27324.597473094433,71085.2577578831,0.21179536790083853,-0.16058392277250902,0.886
3912.76,GT-16777,5353.2877804414065,-70492.45254266197,-0.06215437908055907,0.3376318638630985,0.905
3912.76,GT-16783,-69247.48367960163,9240.673540503054,3.447062072324536e-05,0.31829543113076775,0.903
3912.76,GT-16824,88886.10477975216,-14140.090358506142,-0.09977311727246804,0.05709920017098482,0.879
3912.76,GT-16841,-77607.50251813552,-59767.97991214037,-0.6724384439810449,5.374255346496629,0.905
3912.76,GT-16842,-3217.248614450506,-40334.34085226882,-2.0385247949981795,0.5142677387963168,0.914
3912.76,GT-16865,55937.17423720483,-15491.275262833122,0.2950468280659178,0.21173425166825446,0.905
3912.76,GT-16880,64347.90476858232,-35100.77655135378,0.4146720017543599,0.7406779779916548,0.91
3912.76,GT-16888,-91475.60229945014,90558.24634290313,0.062024227724577996,0.023161249838604844,0.859
3912.76,GT-16967,73796.1185006023,30551.464600951665,-0.05086985259031884,-0.6291332447671458,0.895
3918.82,GT-16777,5350.394138548585,-70502.11042908364,-0.18350301811267936,0.28281314460490825,0.907
3918.82,GT-16783,-69239.33024371794,9218.00948130902,0.2377360033929389,0.4896060726662509,0.9
3918.82,GT-16841,467747.0680218693,-4411.088646721946,-1978.8883219881468,-201.6832865080938,0.936
3918.82,GT-16842,-3167.5824635591,-40313.90019561204,-3.108217327669751,-0.762818537868295,0.952
3918.82,GT-16865,55925.229902543564,-15491.02537476064,0.17968171574276026,0.24798479090396794,0.909
3918.82,GT-16880,64288.96347041231,-35177.70778131495,0.30932867722745894,0.7341443764326092,0.952
3918.82,GT-16967,73797.00967778971,30554.23959108948,-0.12645711317068822,-0.7054092606124018,0.896
3918.82,GT-17035,57207.363562344915,19252.953324138052,0.11407375632079138,-0.09912605597819327,0.892
3923.09,GT-16727,-27323.101833132994,71089.89263485717,0.2833132496650813,-0.11849375551470677,0.854
3923.09,GT-16777,5350.2651769614,-70509.82858128587,-0.10280435348451465,0.19856659473649366,0.93
3923.09,GT-16783,318642.3228072231,89718.42436707462,-367.6600492213353,-76.38984685156399,0.856
3923.09,GT-16786,90030.02712607595,-38270.01077218357,-0.34736773891100686,-0.031232113278064955,0.856
3923.09,GT-16836,-39984.34933733692,59183.81792722457,-0.23016782904027722,0.09966953240779355,0.854
3923.09,GT-16842,-90176.66410982485,-90429.85613018063,231.02240257974722,133.95335913042155,0.863
3923.09,GT-16865,-182391.87454349617,131690.2123995693,-378.3406802600465,232.96661013325692,0.958
3923.09,GT-16880,64284.72732069939,-35182.547862289146,0.10808805159130727,0.29175710635407287,0.851
3923.09,GT-16888,-91473.9194510837,90550.0982865057,0.13809832471511718,-0.19344479633461478,0.867
3923.09,GT-16901,3998.571040444476,47475.24501925277,-0.11807539791585656,-0.2807399686069324,0.865
3923.09,GT-16967,73793.01251610479,30560.548952381407,-0.07719787886609916,-0.816976340102361,0.914
3923.09,GT-16989,-40324.70660148758,-8270.988896720419,0.3006169017142585,0.01000214532308627,0.858
3927.95,GT-16777,-89623.7006356188,337469.95060578454,-131.81410800961982,565.38106824941,0.927
3927.95,GT-16824,88895.78909024625,-14146.64536335232,0.19059016178568727,-8.022307611560226,0.879
3927.95,GT-16836,-39962.68270522324,59117.78100674441,-4.008810970365382,8.912782256804668,0.883
3927.95,GT-16880,64235.18478636544,-35247.54426747523,1.289192524596251,1.9646892381788856,0.954
3927.95,GT-16905,6013.087200111575,-66555.3878972914,-0.493075697696729,-3.612518531674209,0.9
3927.95,GT-16967,73800.48575779026,30570.79822628746,0.07941815793372921,-0.93628183582108,0.902
3927.95,GT-17035,57214.00040176325,19254.96721298021,-0.051122812972222785,0.0808642048165813,0.909
3927.95,GT-17069,-3419.4541379533694,-40449.68304611317,-0.5458621249439197,-0.790902866236788,0.943
3932.24,GT-16727,217034.6203186663,-234851.66855351953,212.02715600530126,-264.9793620610611,0.957
3932.24,GT-16764,-37651.607986347415,-13878.754975113427,-0.010650000110330418,0.09426949022200222,0.855
3932.24,GT-16786,90032.02742290635,-38276.39605729103,-0.3106361760752274,-0.1376040778836145,0.867
3932.24,GT-16824,88888.09349550364,-14003.756407942761,0.032011578748933886,-5.123044971912268,0.888
3932.24,GT-16836,-39905.144881409164,58982.53157322127,-3.471735204065833,7.701339431149429,0.883
3932.24,GT-16880,64200.29653980218,-35263.568380509205,1.1696439755767793,1.555235626880659,0.932
3932.24,GT-16888,-91473.22223237144,90542.84447445562,0.10083063308921361,-0.394421571950406,0.872
3932.24,GT-16901,3997.8590740778614,47479.427091867015,-0.16420353859131148,-0.15622526492171587,0.855
3932.24,GT-16940,-85802.9864833767,-48906.0958836024,3.0356013531765527,4.7289320098244545,0.869
3932.24,GT-16989,-40332.643112751495,-8263.609432369303,0.06020727957673791,0.14667468253893498,0.857
3932.24,GT-17035,57213.989634552665,19253.552981451467,-0.04321403614624628,0.05452919598624705,0.913
3932.24,GT-17069,-3399.6781941134977,-40259.568716293885,-0.28557727509770187,-0.07945302342126559,0.935
3932.24,GT-17084,-77688.34036913046,-59300.38890522424,0.49752351321338606,-0.5253855248743718,0.883
3940.93,GT-16880,64121.93115476245,-35284.2685641774,1.0037867227725186,1.0275212707630665,0.903
3940.93,GT-16940,-85825.52981747923,-48954.1628458066,3.5463303810573272,5.51543946083756,0.905
3940.93,GT-16967,73814.61381591416,30595.885997423087,0.23703581355731174,-1.466405431186843,0.897
3940.93,GT-17035,57211.0677488343,19251.081561023246,-0.0060066555960036315,0.12406439840473882,0.892
3940.93,GT-17069,-3387.77989777045,-40143.77931004513,-0.28521429250442876,0.19128141830433656,0.904
3940.93,GT-17077,-69219.77282223641,9283.222692486886,0.22890617367615906,0.3171377531953531,0.908
3940.93,GT-17084,-77688.38559450902,-59301.50872360404,0.13775035321596818,0.0034465330883793333,0.906
3946.46,GT-16786,90042.09429664335,-38271.32673971232,-0.3021643635117038,-0.091128377943071,0.863
3946.46,GT-16880,63986.649233669945,-35442.02243688893,4.515742128928071,5.4773963686787885,0.906
3946.46,GT-16888,-91475.14811046435,90542.93612265376,0.07986067743627169,-0.27390788766145113,0.865
3946.46,GT-16967,73819.65621006579,30634.195596231395,0.2640431333946174,-1.576980947952504,0.897
3946.46,GT-17035,57210.181282700236,19242.8241376299,-0.07313950002460975,-0.06503289353844693,0.891
3946.46,GT-17069,-3381.0127713045017,-40107.19527614347,-0.3942848119115836,-0.9404905351486679,0.909
3946.46,GT-17077,-69219.50442862276,9282.276940133353,-0.07509264378924274,0.016198732751109945,0.902
3946.46,GT-17084,-77675.77492590502,-59307.55486811566,-0.19021458519500872,-0.1415197201192181,0.904
3946.46,GT-17119,55967.31855789732,-15476.829056466633,0.5679536708278649,0.021769690677969522,0.868
3951.21,GT-16880,63784.13319038278,-35675.64445726364,9.3502057905622,11.47661054307406,0.907
3951.21,GT-16901,3999.5909468712334,47480.43144377281,-0.18019287402637355,-0.040666262044305984,0.87
3951.21,GT-16967,73819.9559036054,30654.244449974623,0.25345129066400085,-1.9615261238164423,0.85
3951.21,GT-16989,-40329.48605936285,-8273.594626640393,0.11294524561754263,-0.11355948718055799,0.857
3951.21,GT-17035,57207.29768070912,19246.174631023914,-0.09621880682642286,-0.05105261042440304,0.851
3951.21,GT-17069,-3386.3381023216602,-40112.36564420941,-0.2992464896920974,-0.6275328465811214,0.854
3951.21,GT-17077,-69225.64954540443,9286.901250097651,-0.048156395311187226,0.09651136684519038,0.855
3951.21,GT-17084,-77671.52044513583,-59306.733696499985,-0.042525817671275085,0.03065973299666741,0.861
3951.21,GT-17119,55952.575195253456,-15482.478803016726,0.23555652177068345,0.04638372783230843,0.86
3957.19,GT-16888,-91477.32699019664,90543.6018464225,0.11050937656521329,-0.2224129079356605,0.851
3957.19,GT-16967,-9970.162824276793,-133434.1199024722,53.86965618109009,105.1914626857817,0.887
3957.19,GT-16989,-40332.7995415279,-8275.051917265419,0.04894687230580906,-0.19149254391463655,0.869
3957.19,GT-17035,57199.13306216726,19244.63368760394,-0.0771420435881741,-0.10961208621076707,0.905
3957.19,GT-17069,-3385.0380765606433,-40066.49355568598,-0.3310419173604597,0.5732478008862041,0.905
3957.19,GT-17077,-69226.59756886649,9285.990285073842,-0.02881498696984706,0.05577162317836977,0.898
3957.19,GT-17084,-77669.27822421238,-59304.08061672195,0.03826924917585867,0.02638193604673994,0.904
3957.19,GT-17119,55952.1060807573,-15486.42668260275,0.2063181554725718,-0.09255202389385822,0.904
3957.19,GT-17130,5327.6567209129835,-70494.34280817882,-0.2670876562390204,0.4003211354353956,0.907
3957.19,GT-17133,53429.34125541194,-84643.55215426465,0.5954681856621882,0.2958037113924598,0.855
3962.8,GT-16824,88873.28621592029,-13839.542072231026,0.16007873566290473,-5.1954142064463,0.862
3962.8,GT-16888,-91468.9492237484,90544.91179611295,0.1627911017341097,-0.15150763563621947,0.856
3962.8,GT-16989,-40328.44064229866,-8272.395830209296,0.020816977409396472,-0.1965764240907687,0.854
3962.8,GT-17035,57197.20689844158,19241.14105223941,-0.08843526396170302,-0.06753343980571982,0.86
3962.8,GT-17069,-3353.9863119915753,-39883.22608902674,-0.38797978015718876,-0.3297870946181485,0.906
3962.8,GT-17077,-69225.22264838635,9286.041368940952,-0.040436372196577114,0.034618644777624434,0.859
3962.8,GT-17084,-77673.3038416949,-59300.726854688,0.05084041981019534,0.04781093449856892,0.855
3962.8,GT-17119,55949.38269338701,-15486.595756491864,0.15619832344243978,-0.07939738516908279,0.855
3962.8,GT-17130,5343.479177132688,-70485.91701102747,0.12079938167165169,0.2622600316596807,0.863
3968.89,GT-17035,57184.602990447354,19239.055895780326,-0.04915175676884526,-0.09111701390442792,0.928
3968.89,GT-17069,-3347.9929144672988,-39884.711479628066,-0.1499972982335747,-0.3957232371149928,0.939
3968.89,GT-17077,-69223.86018438179,9283.407479753681,0.1849677889369461,-0.05200126654836439,0.939
3968.89,GT-17084,-77677.90208907709,-59304.31000160773,0.08574337468916571,0.06456754702732861,0.922
3968.89,GT-17119,55947.37979573195,-15481.788106644515,0.0921079318495168,0.03445229064216395,0.928
3968.89,GT-17130,5342.730457016699,-70481.7966325312,0.08707683383879689,0.28216516597207514,0.859
3968.89,GT-17171,73810.50218148132,30508.854814295977,0.22115392986170246,0.09358716345647057,0.924
3968.89,GT-17186,64503.3765214882,-34900.026854853,0.1348319488656265,-0.9766862510929579,0.958
3974.66,GT-16795,873284.3988117245,629701.91174382,-11726.912790751332,-8187.835433008769,0.861
3974.66,GT-16824,-93521.7198633575,-89683.49889598622,115.05655527378195,48.677005226843605,0.949
3974.66,GT-16888,1483377.578809734,-480926.46726548625,-11980.577319898668,4347.088040360092,0.895
3974.66,GT-17035,57191.90057908935,19237.915716909967,0.31077005710914263,-0.12354261231674973,0.872
3974.66,GT-17069,-3342.456917345427,-39883.978801940364,0.013740155510083937,-0.35266955211268647,0.947
3974.66,GT-17077,-69221.00652586407,9284.372400783033,0.18249091358208236,-0.04586543099566721,0.863
3974.66,GT-17084,-77677.24923808585,-59305.67847896981,0.06978723543281812,0.03193287432648685,0.87
3974.66,GT-17119,55947.69804184104,-15481.888948935222,0.0917342028928959,0.0482350608119714,0.853
3974.66,GT-17130,5345.343422218599,-70484.79902286691,0.09797249724708504,0.2149765384936065,0.946
3974.66,GT-17171,73793.62632791183,30507.04098686035,-0.3353017185059832,0.3294893146945555,0.87
3974.66,GT-17186,64699.11225305153,-34590.556568034204,0.4009924445933109,-0.048512054072390634,0.888
3980.5,GT-16836,-119938.71157313375,22264.5027876514,350.47595916881994,157.69941730609384,0.851
3980.5,GT-16901,3979.1902983240216,47478.64319447066,-0.24520007265040017,0.12601021475138402,0.885
3980.5,GT-16940,-86153.01197087202,-49470.45261252201,8.179642431019214,14.092596105966262,0.891
3980.5,GT-16989,-40334.097261823816,-8256.256270246175,-0.03088479831433051,0.2504911759755788,0.91
3980.5,GT-17035,57190.56314642891,19235.977325206364,0.410852494432851,-0.17081007228714007,0.894
3980.5,GT-17069,-3339.8393727229063,-39886.81157109434,0.01047663908333958,-0.3328143162414139,0.897
3980.5,GT-17077,-69228.00635087545,9284.880446444455,0.18217850354510978,0.01009283524974534,0.883
3980.5,GT-17084,-77681.43558161585,-59304.129482023054,0.0683427581132815,-0.014705258713722497,0.904
3980.5,GT-17119,55944.640946392625,-15485.12884093889,0.0510028549210261,0.010264556934476018,0.896
3980.5,GT-17130,5344.719379466975,-70484.98324749817,0.06631588960057215,0.1837498021512612,0.866
3980.5,GT-17171,73798.63844616666,30503.32869389851,0.05347532543044495,0.031363301780025776,0.904
3980.5,GT-17172,-27301.332265404853,71090.81503989744,0.2830569541894045,-0.6237380929510189,0.89
3980.5,GT-17186,64664.89897612876,-34643.93669874029,-0.5138104990898682,-1.1656904214215726,0.904
3980.5,GT-17194,54142.70072321758,8352.385353455631,-0.09467309833431937,0.20177638740689224,0.898
3980.5,GT-17204,-96009.27156543263,26935.302306729754,-0.4824400186740014,0.11395190416164849,0.851
3986.13,GT-16940,-29779.545741474278,283395.7953313924,43.73421914403629,257.6584729923684,0.888
3986.13,GT-17035,57185.729610509945,19232.64065767632,0.437873952461973,-0.26824898290374855,0.888
3986.13,GT-17069,-3315.4974449558554,-39684.522758714236,-0.45530746089426866,-2.527603190984616,0.909
3986.13,GT-17077,-69239.16561696444,9274.364255009186,-0.12999652902043404,-0.2660151543198034,0.901
3986.13,GT-17084,-77687.0597896946,-59307.51853275613,0.06933141937444877,-0.013508193629968681,0.893
3986.13,GT-17119,55956.21244465516,-15479.057553924722,0.2721078895857775,0.14474067998699894,0.897
3986.13,GT-17130,5344.073942467825,-70488.6947755149,0.03688954633998659,0.06697419865713633,0.892
3986.13,GT-17171,73812.64820737213,30504.1135073,0.18698325666785096,0.04819174909425193,0.9
3986.13,GT-17172,-27287.287451799377,71103.83847477808,0.5716996984163609,-0.2843312459639942,0.889
3986.13,GT-17186,64564.430475943656,-34804.60730878494,-0.9206970199147234,-1.7273741169022045,0.911
3989.76,GT-17035,-237728.86407297308,-56404.75286553311,1039.6605999094797,266.1630362685694,0.902
3989.76,GT-17069,-3285.2050293979796,-39449.71724413031,-0.8520265318351341,-5.770292931329652,0.901
3989.76,GT-17077,-69240.6497901444,9274.541640977857,-0.11408022804203072,-0.26529233446816497,0.875
3989.76,GT-17084,-77685.96293334423,-59306.87150975272,0.14380579998077236,-0.000634722073447714,0.881
3989.76,GT-17119,55955.77508502327,-15478.657110301567,0.3111516292816142,0.10277892216627892,0.879
3989.76,GT-17130,5335.905432987808,-70489.68050101183,-0.3219812823902107,0.02700481524833741,0.887
3989.76,GT-17171,73811.9348978758,30506.01776274043,0.16855384015605868,0.1080967726739924,0.877
3989.76,GT-17186,64558.76117545421,-34813.96058252479,-0.5231972431645733,-1.206155384551155,0.906
3995.86,GT-16901,3989.614164815625,47489.27665975446,0.22763018529901285,0.22072298088102282,0.863
3995.86,GT-17069,-3268.25608682231,-39318.29796099972,-1.024719752542916,-7.680129959103763,0.903
3995.86,GT-17077,-69243.47034372424,9272.411716135633,0.0021789149796182516,-0.2480727089157415,0.9
3995.86,GT-17084,-77685.70286598915,-59305.40300123696,0.32379055484319763,0.0817859248882284,0.906
3995.86,GT-17119,55948.493588893245,-15489.614034529484,0.16781163517628242,-0.10341115747480605,0.908
3995.86,GT-17130,5330.536922264464,-70494.2060912646,-0.4107437913456746,-0.16157985973803166,0.904
3995.86,GT-17133,53430.600750229656,-84659.58239138365,0.216823586350968,-0.1292597586129387,0.86
3995.86,GT-17171,73808.9996414543,30509.092736591574,0.01806925747984553,0.1075395389811087,0.902
3995.86,GT-17186,64545.84772069123,-34830.95292944399,-1.0054473005834585,-1.8137157593461364,0.905
3995.86,GT-17204,-96012.19056141765,26938.85761861966,-0.48681497870693424,0.12111774704926521,0.864
4000.34,GT-16989,-40331.83282612495,-8272.944885411987,-0.051290823445697103,-0.14757934918717297,0.88
4000.34,GT-17069,-58068.19101385598,112793.62605538713,196.310547317755,-539.0596583307529,0.936
4000.34,GT-17077,-69243.29639000326,9277.32988352122,-0.0009601593186560342,-0.1707968072627714,0.895
4000.34,GT-17084,-77694.5400255723,-59300.70645923378,0.3361818528158004,0.13041606054594063,0.889
4000.34,GT-17119,55945.029234509195,-15493.55061609205,0.1976303139893963,-0.1879652302892354,0.894
4000.34,GT-17130,5329.288269475988,-70492.09045251473,-0.35629223266993054,-0.1847407280223615,0.891
4000.34,GT-17171,73800.49273481157,30514.911881231114,-0.1475977187659926,0.2314522285894041,0.897
4000.34,GT-17186,64515.15123753003,-34889.44997904341,-0.9540099463679381,-2.091243084228317,0.91
4000.34,GT-17273,57223.373081768055,19238.638040837275,-0.2485450360328464,-0.04534477893236161,0.889
4007.73,GT-17077,-24484.14324881874,67715.66091234036,61.680571452374004,80.85134662402106,0.891
4007.73,GT-17119,55941.70300500881,-15490.927962594516,0.08415367470759151,-0.1247771723345889,0.852
4007.73,GT-17130,5336.939301442986,-70484.65341141693,-0.0607099029283914,0.0768402140780177,0.861
4007.73,GT-17133,53444.09679843967,-84651.61935881259,0.2514297898446533,0.12856570137207785,0.856
4007.73,GT-17171,73798.65486219614,30516.769849218676,-0.05651105754321786,0.20485518738525377,0.944
4007.73,GT-17186,64513.781236233925,-34887.30124079645,-1.4372728122262899,-2.6164487405959553,0.861
4007.73,GT-17195,-37574.87014745553,-13875.419508169585,-1.5375660414229795,-0.012610132073560765,0.868
4011.3,GT-16901,3999.2894115606423,47471.38670133904,0.031512268096671486,-0.17505580007094712,0.889
4011.3,GT-16989,-40328.61359043258,-8261.727624996387,0.09957463240040659,0.07758085385153193,0.876
4011.3,GT-17119,55958.51512080656,-15479.761862104417,0.5327745207294262,0.06472189755249907,0.878
4011.3,GT-17130,5335.888591030416,-70487.19088007518,-0.06239987966019042,0.04082328256255801,0.878
4011.3,GT-17133,53444.66190713717,-84649.82040352444,0.25156367900142246,0.11458002400031927,0.867
4011.3,GT-17171,73800.40482270652,30515.030295627123,0.005620815381975425,0.12586810268808418,0.889
4011.3,GT-17172,-27289.236150662335,71097.80905848129,0.32960284582273025,-0.12867091130306574,0.866
4011.3,GT-17186,64484.86587424201,-34939.96030390328,-1.3766222177028768,-2.568501290815849,0.903
4011.3,GT-17194,54149.245950496486,8354.725440577222,0.17817413518342645,0.11245179880728941,0.865
4011.3,GT-17195,-37574.00945604806,-13875.022828387346,-1.5183460893065521,-0.022312102145691855,0.88
4011.3,GT-17248,88877.62853247179,-14133.489242950294,0.14482064734877814,0.0887957983898588,0.87
4011.3,GT-17273,57219.71293746975,19233.435976019202,-0.22979208774432203,-0.16243820395422348,0.881
4011.3,GT-17312,-3454.305576046522,-40688.56891199607,-0.5373908139461329,-0.7736918183079472,0.862
4017.93,GT-16901,99388.92867764358,-145648.2599027881,207.61466897343755,-421.10853083229955,0.964
4017.93,GT-17119,55951.517971729736,-15483.467506768216,0.24055680366929552,-0.044820724304497905,0.94
4017.93,GT-17130,5334.615446436652,-70488.63733812574,-0.06299209120798732,-0.01854267058651944,0.927
4017.93,GT-17133,53441.68867621458,-84652.73992238473,0.1559243951113459,0.16264144464344496,0.852
4017.93,GT-17171,73799.42473473994,30511.738033563037,0.022114823966344208,-0.013148150158057273,0.931
4017.93,GT-17186,64516.99412780607,-34882.71185667236,-2.008641991291249,-3.2221216812851754,0.941
4017.93,GT-17273,57208.17344101725,19239.58848878522,-0.4737951540513558,0.04849646370012274,0.939
4017.93,GT-17312,-3398.841341357386,-40350.96673588203,-0.11737826083414782,0.4640931662219312,0.931
4017.93,GT-17318,-69251.13122839462,9259.361890024906,-0.06686782575300851,-0.45342160879741644,0.918
4023.12,GT-16989,-40330.46211558154,-8253.154562028101,-0.042803625408081386,0.008775246538271393,0.872
4023.12,GT-17119,55954.52291807449,-15478.591278659178,0.22107389169476818,-0.05799563988502819,0.899
4023.12,GT-17130,5338.247734412163,-70483.99654702576,0.0591497383410761,0.11297276962393249,0.897
4023.12,GT-17171,73792.97457390542,30509.528009473288,-0.08227282231962843,-0.052337284090097205,0.898
4023.12,GT-17172,-27321.861905138667,71196.99514100653,-0.781466910195187,3.863943249618123,0.939
4023.12,GT-17186,64523.67814320755,-34888.378792246855,-1.9023049142322377,-2.740945833646558,0.913
4023.12,GT-17194,54150.89956741274,8369.488908102583,0.16317192163396138,0.3429470020994829,0.871
4023.12,GT-17273,57209.77943494202,19240.70633993737,-0.4330536370788526,0.07234017077968005,0.894
4023.12,GT-17302,-85438.49099040295,-48267.52027499383,0.07956548868995666,0.37802128734885393,0.857
4023.12,GT-17303,-40008.142705985134,59212.65080679378,-0.11867199667682697,0.38518867013033525,0.851
4023.12,GT-17312,-3449.3362643174783,-40693.31515707583,-0.2564855802405123,-1.0885304109803466,0.91
4023.12,GT-17318,-69248.7055814991,9267.843683452516,-0.22401455859438135,-0.3705673833221903,0.895
4030.29,GT-17119,55944.00407866132,-15462.13990818358,0.003595210175779854,0.10127116583099652,0.898
4030.29,GT-17130,5334.3698330248435,-70483.21789097258,-0.008442514307433906,0.13904371722932216,0.899
4030.29,GT-17171,73795.76331566,30509.173648804594,-0.19684156363025068,-0.0015244958628914396,0.909
4030.29,GT-17186,64571.52553228813,-34811.4245638237,-2.621635952904984,-3.7389309985717913,0.899
4030.29,GT-17273,57216.69704785808,19235.29319303977,-0.1559289273115026,-0.0364433562106517,0.904
4030.29,GT-17312,-3421.7262925414093,-40486.72310354185,-0.15878053676824538,-1.7615851167152925,0.953
4030.29,GT-17318,-69252.11428998239,9265.131146428024,-0.20028754950195363,-0.3274221976254571,0.89
4030.29,GT-17373,-77651.37583642518,-59297.40752230456,-0.041168498350543425,-0.16461824924756358,0.866
4033.36,GT-17119,55943.41721871652,-15458.154309257157,0.05381050629264303,0.05288721454993257,0.92
4033.36,GT-17130,5324.410934611872,-70481.7681719293,0.04098299067435585,0.25469214832105436,0.929
4033.36,GT-17171,73793.77592144173,30511.054272604568,-0.17986893609140747,0.0012405485939882956,0.927
4033.36,GT-17186,64579.2300469052,-34807.74227701919,-2.8689724708556334,-3.9983858041335836,0.929
4033.36,GT-17195,-37368.04976430243,-13864.689542447622,-3.992696419915324,0.4994106993009587,0.868
4033.36,GT-17273,57213.167894002996,19239.288758317703,-0.1939596558992156,0.07360324747821007,0.932
4033.36,GT-17312,-3414.3480642555805,-40443.277069776064,-0.06220070790327589,-1.070763977755769,0.865
4033.36,GT-17318,-69251.5389755139,9272.024148814222,-0.4868711843333311,0.03215932344175865,0.928
4040.7,GT-17119,55924.50479578706,-15461.660332751175,0.21815944195492146,-0.42944860667481227,0.905
4040.7,GT-17130,5324.744991804641,-70493.0257867169,0.2821774762887943,-0.04422792991687678,0.906
4040.7,GT-17133,53446.81571871473,-84642.90100224696,0.22679735677473806,0.30445784610363863,0.876
4040.7,GT-17171,73792.46048574541,30513.57113359766,-0.11113416736362519,-0.04209951568687706,0.896
4040.7,GT-17172,-27327.977925447893,71163.09870203331,-0.6819108704250759,1.9562548129924826,0.88
4040.7,GT-17186,-95376.84521521075,35263.7914712047,-277.29562265208426,121.07913941601548,0.87
4040.7,GT-17204,-96024.69194423706,26952.671702628,-0.47577101629203356,0.48779618732074714,0.9
4040.7,GT-17273,57215.32611873772,19235.247754924323,-0.16759990798118146,0.11346296212665549,0.904
4040.7,GT-17312,-3386.305477633533,-40277.53846500118,0.41306971089048544,1.394928672082246,0.908
4040.7,GT-17318,-69239.103575772,9270.422689370613,-0.038556953002324534,-0.165501202769873,0.91
4040.7,GT-17373,-77650.90193666368,-59289.16484548,0.19561978198743074,0.192111085191833,0.901
4045.14,GT-16989,-40323.95502361761,-8230.076371598223,-0.11607806302476897,-0.08643134237401527,0.894
4045.14,GT-17119,55923.49787065294,-15463.7690975512,0.2558633958234444,-0.4235609433687502,0.863
4045.14,GT-17130,5332.5067951576375,-70496.69900108516,0.3964481590535011,-0.059318058457764056,0.88
4045.14,GT-17133,53445.93329080793,-84655.25136397817,0.172740519119134,-0.05751803864774796,0.899
4045.14,GT-17171,73784.40260727392,30515.262539184067,-0.25447382880534924,-0.07759575732751539,0.871
4045.14,GT-17172,-27319.997129008574,71125.88435098181,-0.3851856341839452,0.8213035888528348,0.901
4045.14,GT-17204,-96100.95635457916,27076.11435642816,0.6507298582704341,-1.6387260395186343,0.934
4045.14,GT-17248,88880.44781692242,-14116.276876691418,0.04002031677964202,0.2766275335528846,0.907
4045.14,GT-17273,57212.97377898501,19236.098874380303,-0.2460833966588769,0.1420506701711376,0.874
4045.14,GT-17302,-85418.09404273325,-48276.56626131846,0.36690470762601163,0.07558284619395789,0.901
4045.14,GT-17312,-3378.287837062498,-40214.42227127238,0.08207441223332224,-0.3741048872739059,0.904
4045.14,GT-17318,-69240.71916124437,9268.936270277809,-0.014544356689706509,-0.14421013960682058,0.865
4045.14,GT-17373,-77650.79743884003,-59286.56245412848,0.20526357451721183,0.17138552500175097,0.861
4045.14,GT-17404,90015.07239732517,-38262.96162533176,0.0879090932456005,0.0030217104868307506,0.853
4045.14,GT-17412,64507.74865117469,-33452.33501518434,0.5032997538927377,-0.4009342547808138,0.882
4051.91,GT-17130,5317.800353142439,-70487.77870658204,0.08188562469680521,-0.03537634110553222,0.894
4051.91,GT-17171,73768.93847232104,30531.830800311865,-0.021230281584304678,0.11663595711717245,0.89
4051.91,GT-17273,57224.86673562182,19236.65795284017,0.05079615051484959,0.18819381367561133,0.891
4051.91,GT-17312,-3380.208467518884,-40209.06687540326,0.1250465572377248,0.6415833162519371,0.89
4051.91,GT-17318,-69235.87493720173,9270.631320083,0.14497358576696542,-0.1257570579138899,0.881
4051.91,GT-17373,-77651.01264495414,-59291.54249859966,0.18011739956778214,0.05188608858387525,0.888
4051.91,GT-17412,64465.56692093236,-33771.539051501895,-0.06445204812188077,-3.4614310358136375,0.893
4057.92,GT-17130,5307.271250469234,-70484.99402435527,0.12118996709656998,-0.10622959511970684,0.891
4057.92,GT-17171,73762.49104880306,30534.41447020803,0.22752532050454755,-0.09964324957963276,0.893
4057.92,GT-17195,-37411.70709720479,-13866.75946316642,-2.5974437177987606,0.36591886160332665,0.911
4057.92,GT-17273,56440.76343953683,18890.658715837697,-2.8599262043574765,-0.6552579767226605,0.909
4057.92,GT-17312,-3376.133835360603,-40146.036411608875,0.037669084169252944,1.4326852765604114,0.898
4057.92,GT-17318,-69232.3859635701,9270.99394283636,0.1147785971736764,-0.14454384467480008,0.88
4057.92,GT-17373,-77646.27286363982,-59293.12302325677,0.18329390987001337,0.0010343673100688816,0.886
4057.92,GT-17412,64434.7304317222,-33782.681071823376,-0.05690021053157415,-5.428782962318268,0.901
4063.0,GT-17130,5285.690732333799,-70458.03963856047,0.39378510110701853,-0.26966433915105037,0.858
4063.0,GT-17133,53410.86621976134,-84662.87543944975,-0.5168550080383688,-0.41825477975734016,0.86
4063.0,GT-17171,73752.59585200873,30538.786625481105,0.21159907470980943,-0.27367268318249444,0.856
4063.0,GT-17194,54142.15310821156,8357.50592971148,0.062364157043929204,-0.14695141294246544,0.851
4063.0,GT-17195,-37274.80942300827,-14121.193207576802,-4.0045781500306665,2.566353178923416,0.864
4063.0,GT-17248,88882.33761518069,-14109.190729247981,0.10777909171118775,0.3089114700181547,0.863
4063.0,GT-17273,56435.512753874,18886.938689822382,-1.5383035089708168,-0.22960683955345143,0.856
4063.0,GT-17303,-39990.05128655676,59225.82021642149,0.37126212391765684,-0.09928260006593942,0.861
4063.0,GT-17312,-3378.6639254984457,-40163.23609015288,0.11986658493853544,1.7423741956265117,0.85
4063.0,GT-17318,-69241.57487173527,9272.928267426694,0.06974017283085848,-0.06382100285506612,0.852
4063.0,GT-17373,-77651.31429352608,-59296.85806851794,-0.04578865213037539,-0.006755727599727017,0.859
4063.0,GT-17404,90021.92494610803,-38275.31680175021,0.04543931481555458,-0.022426655976443832,0.858
4063.0,GT-17412,64432.396384863685,-33642.01585607488,0.706383381618717,-7.053603127196798,0.929
4068.04,GT-17171,-176162.8169022945,-358116.2976641292,235.50951023903937,366.5064892126899,0.887
4068.04,GT-17195,-36999.74525968482,-14153.124183612354,-7.90242041146889,3.1177976715048556,0.861
4068.04,GT-17273,56325.67049465769,18835.302899244332,-0.24035023468537497,0.39201345780194424,0.926
4068.04,GT-17312,-3414.2924582490637,-40178.1437200824,-3.182011837586531,-1.3393813752008135,0.94
4068.04,GT-17373,-77647.96551735552,-59297.7775275749,-0.08658601040439665,-0.1444068436524685,0.932
4068.04,GT-17412,64434.01354763952,-33568.96393726498,0.18063574450673736,-10.773486959230352,0.861
4068.04,GT-17457,55977.57348044134,-15491.099023030847,0.3454184372014982,0.16322794441019028,0.915
4072.51,GT-16913,-39283.12885406904,2277.18344791328,-4.616069253223493,6.083272394971972,0.89
4072.51,GT-17273,56245.362313391546,18791.533638368994,1.1443444759590453,1.0987185250175664,0.88
4072.51,GT-17312,-3353.6772120614305,-40020.41404523643,-9.137719830820519,-2.8081967006950164,0.975
4072.51,GT-17318,-69265.98546670734,9264.466687983044,-0.2162594974802211,-0.09095344323889759,0.882
4072.51,GT-17373,-77650.99450334541,-59306.94572679724,-0.05535437495727141,-0.39506106291378434,0.897
4072.51,GT-17412,64437.69586389693,-33293.79294766473,1.1199840198947162,-14.789844234083368,0.949
4072.51,GT-17457,55975.74524175447,-15493.144688377457,0.26535124599547394,0.10848246646830835,0.885
4077.89,GT-17273,56057.835346584725,18689.84133822652,6.483725655202569,3.4792278849571265,0.945
4077.89,GT-17312,-3342.2591372058514,-40023.86419245844,-9.232452632537646,-2.6810153707521542,0.892
4077.89,GT-17318,-69264.58629987069,9275.34031694909,-0.029828655423189958,-0.048499153636643436,0.944
4077.89,GT-17373,-77653.43529888875,-59309.262091605415,-0.06517720545771351,-0.48477369402324927,0.942
4077.89,GT-17412,64430.88911819212,-33071.517049895636,0.22287731272656314,-20.105570090380336,0.945
4077.89,GT-17457,55952.11051338242,-15464.886241713955,0.36284527313566123,0.039009040050745125,0.945
4077.89,GT-17473,5336.673900997529,-70507.7723660264,-0.3956009243153772,0.7755603397048831,0.936
4077.89,GT-17483,73811.66612789751,30503.50255620605,0.4068628684153759,-0.19138115192250557,0.918
4085.08,GT-17195,-36565.036617434555,-14233.538984413544,-17.444558356433202,4.636490508193013,0.877
4085.08,GT-17273,55810.726488852546,18564.53663513044,11.00283734653774,5.6496920707766085,0.903
4085.08,GT-17312,-3116.6685913399547,-39778.407022422674,-5.706813588811549,-2.3335679397372013,0.955
4085.08,GT-17318,-69303.80052347157,9276.49303470584,0.10576981561864837,0.029430604752029386,0.906
4085.08,GT-17373,-77646.2105188868,-59308.55165777804,0.20710056040143393,-0.30114371867251133,0.909
4085.08,GT-17412,64445.974980201805,-32476.937784707534,2.2244998341645847,-21.563229097721326,0.96
4085.08,GT-17457,55953.70981273139,-15465.393873695833,0.35841535222887855,0.017904419950081577,0.899
4085.08,GT-17473,5339.537517674424,-70485.81734261168,-0.4774484359819486,0.9357072149397259,0.898
4085.08,GT-17483,73812.06615299109,30500.710289786,0.39769753121106277,-0.3379089076897805,0.898
4091.64,GT-17172,657074.4676008363,194770.21662297827,-5815.262249248756,-1050.132713413936,0.854
4091.64,GT-17273,55006.866184473576,18199.072867831805,20.280415143115512,10.379644130695842,0.951
4091.64,GT-17312,-2791.1327416063095,-39722.42466584204,-9.11324087866246,-2.8929387571924297,0.951
4091.64,GT-17318,-69343.13794158709,9241.354322051397,1.1811474530126245,0.432119950535314,0.951
4091.64,GT-17373,-77647.05300050425,-59308.7213136486,0.03920034645494666,-0.26116468972725837,0.952
4091.64,GT-17457,55941.7436339642,-15467.41768983711,-0.12641889068305717,-0.04291839152480037,0.952
4091.64,GT-17473,5338.443631893598,-70486.20142645476,-0.4521106501121698,0.9216650868907906,0.937
4091.64,GT-17483,73812.98459706438,30507.57234075183,0.3410940104373784,-0.16370029703444333,0.945
4096.19,GT-17273,54663.289961164286,18022.14226619139,28.09400080549664,14.16091130081812,0.923
4096.19,GT-17312,-2453.686217430798,-39314.61375210922,-12.93600326370981,-10.54177749936222,0.956
4096.19,GT-17318,16767.620590914972,-12188.185170852745,-479.28804531847095,118.5489066949122,0.945
4096.19,GT-17373,-77643.43502983126,-59312.088130187934,0.035771979232686005,-0.28598318419130986,0.932
4096.19,GT-17475,-40326.67704795743,-8272.758970409563,-1.4472496043422851,-4.011785919343156,0.852
4096.19,GT-17483,73807.78693383055,30507.79233960347,0.15450408907137253,0.002898696140277962,0.936
4103.46,GT-17133,53424.53576944854,-84624.39847206595,-0.00832288548316898,-0.49818806199190174,0.853
4103.46,GT-17312,-2201.7263337881395,-39135.09483090235,-16.512170017952283,-12.751241676504115,0.854
4103.46,GT-17373,-77644.60806592643,-59315.61595990014,-0.15595695117470956,-0.288357993846663,0.855
4103.46,GT-17457,55941.2877203932,-15468.78080301854,-0.15640917810284627,-0.05699006728361969,0.937
4103.46,GT-17473,5355.740203413732,-70485.51529593594,0.09456380026905922,0.4005920985366841,0.855
4103.46,GT-17475,-40327.90016342206,-8271.660404460663,-1.3273464390241811,-3.5953859344800794,0.85
4103.46,GT-17483,73799.75981714422,30513.486870410386,-0.20124892674618552,0.2384006178439244,0.859
4103.46,GT-17522,64275.974210737186,-35266.59613295961,-0.0010880548473999481,0.05502955242022934,0.852
4106.68,GT-17133,-352735.54799411824,192677.12580793767,538.0756246158369,-367.7863854319825,0.89
4106.68,GT-17248,88897.00845390042,-14126.2740965304,0.35033586196246225,-0.03412541845651232,0.871
4106.68,GT-17303,-40005.79813079368,59231.6415039002,-0.036400527562740675,-0.17301386270643107,0.876
4106.68,GT-17312,-1465.0380528524015,-38601.32567422853,-24.549220141901518,-18.176783166254864,0.886
4106.68,GT-17373,-77641.79165784518,-59314.13232537208,-0.15019681273826152,-0.31261950198596206,0.875
4106.68,GT-17402,3998.080701548609,47470.923940660505,-0.24006137564006907,-0.2314233277254769,0.873
4106.68,GT-17405,-91485.97799477889,90588.97129013532,0.14147438118051084,-0.1708327199087577,0.854
4106.68,GT-17457,55940.341676793854,-15466.365735560601,-0.1503594860213538,-0.08938521820295069,0.877
4106.68,GT-17473,5394.3753368998205,-70271.02922354036,0.9414587329753173,4.417067904619547,0.906
4106.68,GT-17483,73800.74138403583,30517.219629094936,-0.13587129642391388,0.2664817553240967,0.882
4106.68,GT-17522,64478.35114194137,-34943.98255592452,0.2521653405947289,0.48587584936699413,0.912
4112.62,GT-17248,88878.05081778625,-14129.859468208051,-0.11168481571434258,-0.1354991784976287,0.853
4112.62,GT-17302,-85414.91446550193,-48276.01027099386,-0.09512085986787627,0.24553399522915872,0.85
4112.62,GT-17303,-39994.9751820293,59235.72807369441,0.05814904857933931,-0.29029551564995343,0.854
4112.62,GT-17373,-77639.30372931332,-59305.64903383795,-0.24411257872688563,-0.12091365749919127,0.925
4112.62,GT-17402,3993.8945239303175,47465.87534439878,-0.2576845511732204,-0.2909155555237572,0.854
4112.62,GT-17457,55947.737741044795,-15463.719171030372,-0.04303283332990454,-0.17614908649780447,0.934
4112.62,GT-17473,5371.777279162617,-70341.49276759817,0.3196464290872266,2.009393087209613,0.937
4112.62,GT-17483,73800.89596149208,30524.609269375276,-0.11832936469471564,0.37366042935250804,0.929
4112.62,GT-17522,64448.17697424542,-34988.52938483762,-0.2639093027306584,-0.11313674210394989,0.935
4112.62,GT-17553,57199.30217888806,19244.08650367741,-0.1386994572137173,0.23922282406250506,0.925
4112.62,GT-17571,-69220.35125334057,9278.671535055439,0.1481831141998676,0.1674801119966896,0.888
4117.71,GT-17473,5371.789785612836,-70334.00941981563,0.29167311844599664,1.7611075343897793,0.919
4117.71,GT-17475,-40364.60714684452,-8128.11112087949,-2.458253462053453,2.474368575124366,0.87
4117.71,GT-17522,64401.18895331971,-35066.03072153863,-0.13129535821125154,-0.189992787817151,0.959
4117.71,GT-17553,57204.54669194844,19244.766444224122,-0.14133409206755168,0.2738101475065453,0.919
4117.71,GT-17554,-37786.342642619195,-13851.496446102261,-3.8449029593977992,0.39084929175962635,0.854
4117.71,GT-17560,-3938.87364654088,-40705.12392565836,-1.2126152549452633,-0.4680536422247019,0.927
4125.03,GT-17373,-77596.4234172494,-59281.34662232778,-0.5601721718941052,-0.32721773575138413,0.912
4125.03,GT-17402,4015.1770605254937,47470.75331852799,0.073963152550006,-0.05098836837386141,0.863
4125.03,GT-17457,55946.25501905066,-15447.801142370641,-0.016173135090855537,-0.13817526898611543,0.902
4125.03,GT-17473,5366.314335173575,-70326.54262968135,0.24660345275479253,1.304221394419151,0.9
4125.03,GT-17483,73795.10756690991,30510.741861416165,-0.2863288435169262,-0.15125400005240852,0.909
4125.03,GT-17522,64374.67929522491,-35091.447282518486,-0.6087621248588234,-0.5241352153487633,0.906
4125.03,GT-17553,57206.03796026729,19256.755679017206,-0.05895313157933623,0.41117583638638927,0.904
4125.03,GT-17560,-3765.542832467113,-40471.069315105844,0.38012687718574156,1.1039144030253487,0.91
4125.03,GT-17571,-69215.08953161507,9280.721420432246,0.29139307322381247,0.16146202690354733,0.902
4129.49,GT-17194,-91284.97998892069,-161776.9945285733,-254.79942476530536,-298.19613878023745,0.869
4129.49,GT-17404,90006.29585359545,-38261.20926942373,0.016266567674808653,-0.06715533499690875,0.876
4129.49,GT-17405,-91491.22673172352,90570.87170940563,0.5178576270427158,-0.48134350016973004,0.882
4129.49,GT-17473,5359.771128275271,-70350.30342038684,2.1086681091678354,12.440914463628651,0.901
4129.49,GT-17522,64474.41294704406,-34954.42976944085,0.823667404605404,0.9751661761850602,0.91
4129.49,GT-17553,57207.73424738569,19258.604131312393,-0.05682719942184799,0.6564948015053518,0.851
4129.49,GT-17554,-38092.89678201427,-13852.530637662298,-7.527100141484669,0.43578932583724556,0.862
4129.49,GT-17556,-27298.871964346003,71100.15790150671,-0.1271927169945944,0.16726110377810155,0.901
4129.49,GT-17560,-4001.5663561421325,-40353.085333071875,-3.1493509288403727,0.20880866650965785,0.926
4136.38,GT-17303,-10250.555378127592,-373398.59311686887,-224.36437963363838,3277.864621025612,0.915
4136.38,GT-17402,4010.691329840276,47486.64614515857,-0.15867679503643717,0.2616269501875129,0.861
4136.38,GT-17457,55945.21609516578,-15440.795994248305,-0.06701009403958676,-0.2318167784517433,0.925
4136.38,GT-17473,5308.988550094802,-70623.63665328655,1.5903164777050731,9.057964747274964,0.938
4136.38,GT-17483,73802.45624073409,30498.7257542848,0.00039478374747228817,-0.4772024457604486,0.941
4136.38,GT-17522,64445.05844128852,-34993.60539230681,0.24073411772849404,0.06856976379034835,0.862
4136.38,GT-17554,-37835.83971468093,-13862.065305943419,-2.27744375742991,0.16501118415762406,0.876
4136.38,GT-17556,-27300.894075240823,71101.09611821493,-0.11179465697878432,-0.26542780917796643,0.863
4136.38,GT-17560,-4027.999812615304,-40381.49010636862,-1.3606044829652955,1.3110380910812458,0.933
4136.38,GT-17571,-69218.38358051897,9280.633121783241,0.16483137933708183,0.16872045341696004,0.927
4136.38,GT-17573,-96031.04686138086,26947.77868452571,-0.07605473189101092,-0.16630954566720885,0.851
4143.45,GT-17248,42722.44590946373,21595.49576799636,-4.757228207514543,3.4436788955815847,0.9
4143.45,GT-17302,134696.53669092958,-51543.963222575076,159.25565529514193,-2.0247400058098144,0.862
4143.45,GT-17457,55947.04337357022,-15440.640516739204,0.1972579187901774,-0.5079241553262894,0.894
4143.45,GT-17473,5236.503669954061,-70921.69873373362,1.1791157174185334,8.100993403007678,0.904
4143.45,GT-17483,73796.24701160606,30496.881590852376,-0.10470181121976342,-0.453562848157712,0.904
4143.45,GT-17522,64440.41422456901,-34983.05979282158,-0.7323065762713903,-0.82419187489091,0.902
4143.45,GT-17553,57203.83445348002,19247.383119888986,-0.2426492409680658,0.2203499024424989,0.907
4143.45,GT-17554,-37676.006418659264,-13866.855397855028,-3.785597844022103,0.2323363755130079,0.889
4143.45,GT-17560,-3973.8900266949718,-40368.33347507892,1.9874303230048018,2.9197387251090605,0.904
4143.45,GT-17571,-69214.14733856545,9283.295419329546,0.2930199475743633,0.007680701486771746,0.906
4147.8,GT-16907,7835.53277751713,42794.92269461676,207.53410964552998,306.42777730841703,0.873
4147.8,GT-17402,4012.3616057823124,47490.19542904471,-0.1858092063792459,0.24137478249686634,0.889
4147.8,GT-17404,89996.35185316396,-38231.524410974205,0.22385414687061192,-0.09932440567109961,0.889
4147.8,GT-17457,55949.21573368445,-15435.39025401582,0.17697773044151024,-0.6053969379985751,0.858
4147.8,GT-17473,-115756.99208297693,-93753.78417609494,233.339011643283,42.90110601651914,0.933
4147.8,GT-17475,-40315.55869005576,-8175.033647179092,-0.6655919972412837,0.2326277813639387,0.902
4147.8,GT-17483,73794.0427950061,30497.335700644195,-0.06306142589803579,-0.45557012143476333,0.868
4147.8,GT-17522,64436.70068630882,-34987.08686266001,0.06503317803068165,0.3467294077999124,0.894
4147.8,GT-17553,57205.33431662262,19245.413661307975,-0.19199667369203446,0.14484483062555176,0.875
4147.8,GT-17554,-37651.60839199427,-13858.567183621362,-1.944521683186329,0.2857828766119984,0.933
4147.8,GT-17556,-27307.126330631705,71102.8604128812,-0.18827196639531452,-0.1561544611349822,0.898
4147.8,GT-17560,-3882.5736032561144,-40269.72493914146,0.6312916422880437,1.3492418129110992,0.893
4147.8,GT-17571,-69211.68985267043,9281.814631824238,0.2779510324307422,0.027802353527578247,0.863
4147.8,GT-17573,-96035.6254593919,26949.003382742172,-0.08298023722844733,-0.20633815166947975,0.912
4147.8,GT-17628,54150.38829503312,8346.984099290019,-0.479700304452404,0.17887446128872636,0.91
4153.59,GT-17483,73793.0278016394,30504.10124062751,-0.06492841447283862,-0.18786678997869632,0.892
4153.59,GT-17522,64455.5261376299,-34955.07883143665,-0.5910406098843751,-0.5985757078380707,0.888
4153.59,GT-17553,57214.19333387192,19240.6039501554,0.02208516224609606,-0.09574790130711985,0.895
4153.59,GT-17560,-3950.945169706688,-40327.23769189852,3.170126577798279,3.0517936074068084,0.883
4153.59,GT-17571,-69208.84431612561,9286.150704647896,0.25791402846917394,0.04478667878934875,0.888
4153.59,GT-17642,-77647.27446479874,-59299.06303514833,-0.0824421696179799,0.21558774386762755,0.873
4157.84,GT-17402,4018.781442514588,47489.74706440699,-0.34098521509793334,0.2277210031773489,0.862
4157.84,GT-17475,-40319.332578331414,-8194.235508281397,-0.6476254057528729,-0.3494625668269432,0.876
4157.84,GT-17483,73795.1520060527,30506.526404015884,-0.06812500212922563,-0.18911765718907592,0.882
4157.84,GT-17522,64422.54952401188,-35010.37227605064,-0.41199660663789306,-0.4061894651696546,0.907
4157.84,GT-17553,57214.30428829374,19239.96199167409,0.030031575158737337,-0.09042161807429874,0.879
4157.84,GT-17554,-37474.16443652809,-13856.89679360225,-3.7375350257178974,0.28783898539531627,0.917
4157.84,GT-17556,-27304.011837273763,71109.7941500515,-0.028486357461023154,-0.046114140907251806,0.875
4157.84,GT-17560,-3811.939750574766,-40369.2819361415,0.629314024119993,4.585947016827884,0.911
4157.84,GT-17571,-69219.51331119271,9292.521414767334,-0.11610401512042678,0.21815260357143665,0.89
4157.84,GT-17573,-96032.39171546222,26952.35138773676,-0.06055858387285953,-0.11606288184373673,0.88
4157.84,GT-17609,53426.79823777652,-84656.2824159141,-0.23568978094641604,0.2359687352960229,0.879
4157.84,GT-17628,54142.91005282167,8346.550007233043,-0.48563900344497235,0.02991766640101052,0.888
4157.84,GT-17642,-77651.46074517438,-59302.023472770976,-0.11014430015342412,0.2035225057360051,0.879
4163.15,GT-17402,4019.747203616506,47491.94929903429,-0.3345576961957672,0.2210787988553745,0.851
4163.15,GT-17475,-40320.99736877463,-8189.240963737745,-0.6533949444985692,-0.45521775183793445,0.857
4163.15,GT-17483,73793.31643622897,30510.75555434175,-0.0010514057745450167,-0.06256859863102933,0.853
4163.15,GT-17522,64407.80679576301,-35036.62265679412,1.0326131192393073,2.0442643709931656,0.91
4163.15,GT-17556,-27304.115998789788,71117.87783169476,-0.015382962844130472,0.12548112864466837,0.875
4163.15,GT-17560,-3656.0043384135784,-40406.27719111765,-7.280217767095337,-3.184632889044498,0.932
4163.15,GT-17571,-69218.3286765534,9287.064381835145,-0.13805747565975876,0.10270829663299086,0.859
4163.15,GT-17628,54145.172814080135,8344.725258895203,-0.4024561911577372,0.04256988393610947,0.87
4163.15,GT-17642,-77656.09898268817,-59301.97396410423,-0.14807071540027023,0.24903318171149647,0.853
4163.15,GT-17653,88876.16624880924,-14109.88852281232,0.1344793037884656,-0.057193234255111816,0.87
4168.16,GT-17483,73799.213597255,30514.119025822976,0.1430204278227855,-0.07247219995362267,0.93
4168.16,GT-17522,64428.16092602004,-35042.58247447959,-0.15938684488917754,-0.0953040913026379,0.935
4168.16,GT-17560,-3564.3346822842304,-40486.66156691364,-4.80580436990219,0.9631882779685579,0.94
4168.16,GT-17642,-77662.24423812021,-59295.18614693353,-0.08053116078621331,0.2373297215493801,0.932
4173.48,GT-17522,64404.40245939495,-35093.89121609648,1.167004692807962,2.3501752521767654,0.893
4173.48,GT-17553,57200.834978278814,19245.847803504268,0.152733691988273,0.1525078997173366,0.905
4173.48,GT-17560,-3474.2605181330077,-40321.30989434393,-5.396878828161821,-4.987728873830826,0.943
4173.48,GT-17571,-69219.78116155411,9277.181377618997,-0.051727516443521665,-0.05253464688126126,0.92
4173.48,GT-17642,-77659.15700147032,-59296.36678669039,-0.03326786965244999,0.22332734484922057,0.918
4173.48,GT-17734,5445.878505752857,-69950.72086948203,0.2293171603121157,2.04448742607094,0.94
4182.63,GT-17553,57196.3869771242,19249.708557275364,0.36503372853816896,0.1735769952699173,0.894
4182.63,GT-17571,-69216.16088409995,9277.249207179622,0.0447789474146,0.05293868106452915,0.888
4182.63,GT-17642,-77657.68349632742,-59302.386426933364,0.03591944797172358,0.14672915732198855,0.877
4182.63,GT-17734,5447.761965803134,-69961.95045945383,0.15022956255173167,0.9867554178865601,0.884
4186.31,GT-17571,-69218.13071290159,9271.528198013077,0.02569636499307332,0.02290548024356933,0.926
4186.31,GT-17642,-77660.05105726443,-59301.47839657232,0.0476360143109153,0.14028886077813219,0.918
4186.31,GT-17734,5437.29718232416,-70043.17723848994,-0.029201210953112275,-0.4997154137232096,0.928
4186.31,GT-17766,55950.657307056936,-15497.065880875612,-0.05059762804328463,-0.7541233663230678,0.914
4186.31,GT-17782,-6367.956642416234,-40142.2232908509,1.1050958607067594,0.3120838388179064,0.865
4193.12,GT-17475,-40305.29672612504,-8137.389362636853,-0.5229295504827745,-1.3654441447641066,0.899
4193.12,GT-17554,-37519.88492027737,-13875.948597549223,-1.77232031518104,-0.16705407473335854,0.912
4193.12,GT-17571,-69216.81966699906,9275.45471588884,-0.0031180518364554034,0.05259227164609766,0.893
4193.12,GT-17628,54169.39505218024,8349.098517538381,0.17371026890620614,0.1631736214903805,0.904
4193.12,GT-17642,-77663.36713525566,-59304.254982456085,-0.1325738805408099,0.029282295497843183,0.89
4193.12,GT-17653,88877.54183226843,-14107.543739928311,0.02888316973355444,0.08072379314700437,0.908
4193.12,GT-17667,-85446.43942510581,-48256.075971481754,-0.5990161568609804,-0.18261048875730435,0.893
4193.12,GT-17673,90039.05296664407,-38258.011394713816,0.3124037241846212,-0.0916835177566162,0.913
4193.12,GT-17734,5423.653825779084,-70080.31720786968,-0.3561421634490366,-1.0570535688905984,0.882
4193.12,GT-17766,55959.487103707266,-15497.663844589873,0.09014280398806063,-0.4281002578858759,0.885
4193.12,GT-17768,64431.31592564146,-35006.05165043624,-0.08853595422920174,0.6084253998760667,0.882
4193.12,GT-17774,3992.1707602477086,47499.27613613699,0.06741514007324147,-0.4208101769086876,0.883
4193.12,GT-17778,73808.82517056653,30505.963422090455,-0.43135128206481554,0.6313464678370063,0.862
4193.12,GT-17782,-5550.488704922262,-40063.82711066301,3.5123319103724526,0.4608220493257717,0.87
4198.54,GT-17571,-69225.23539215012,9267.870555121619,-0.11859518588999701,0.12562970883002095,0.95
4198.54,GT-17642,-77664.09164587749,-59302.8592999284,-0.14280006503285708,0.05406097062176396,0.944
4198.54,GT-17734,5414.212875990688,-70138.16778526537,-0.40180224275261833,-1.9377299474785625,0.942
4198.54,GT-17766,55959.93764083405,-15499.480575446898,0.047305479055265554,-0.40465565538032844,0.938
4198.54,GT-17768,64589.68439946594,-34770.45015960519,0.3454572460125736,0.1634108372174018,0.959
4198.54,GT-17778,73799.26331653327,30505.234070134706,-0.6736940355179795,0.2906925573673314,0.887
4198.54,GT-17782,-4999.855364812797,-40261.26615218754,4.738284413126304,-1.2093725249297185,0.913
4203.99,GT-17571,-69225.74763476574,9268.27753242209,-0.08833848214234122,0.1396808256127571,0.868
4203.99,GT-17642,-77660.80537294758,-59312.302395985804,-0.06179144471103748,-0.21954260545195492,0.946
4203.99,GT-17734,5412.743936362844,-70143.06798138523,-0.44162154578059737,-2.1806630515332355,0.864
4203.99,GT-17766,55969.1992525468,-15483.654726380531,0.34624658183299456,0.09482777062006859,0.875
4203.99,GT-17768,64609.37962347409,-34726.439886913366,0.2531960059552337,0.47125485176368503,0.906
4203.99,GT-17778,73802.18493644307,30505.144666416094,-0.46517378603258835,0.27382670724956726,0.868
4203.99,GT-17782,-4306.189025890106,-40102.0370290352,4.345482959339028,0.0717070212547537,0.906
4209.83,GT-17554,-37530.18234849094,-13871.756227783713,-1.5487815787802768,-0.02195122798240036,0.886
4209.83,GT-17556,-27301.178778230988,71102.50907398784,0.18066536978556752,-0.6574549023157928,0.899
4209.83,GT-17571,-69234.44438545498,9264.041268140018,-0.15450115499394432,0.15729832989323744,0.906
4209.83,GT-17628,54171.37775505027,8358.689134554555,0.03767689220713004,0.321753314946634,0.89
4209.83,GT-17642,-77661.75025193543,-59310.37262436924,-0.0908066432083772,-0.08175520540071315,0.906
4209.83,GT-17653,88885.6361488366,-14113.994106152215,0.21492403653221778,0.07785940087142819,0.884
4209.83,GT-17734,5408.555213652589,-70195.12336374282,-0.4950774718392842,-2.6745425626589925,0.898
4209.83,GT-17766,55960.55693422335,-15480.539858701188,0.2942044881748803,0.051178384653339175,0.904
4209.83,GT-17768,64450.71675315799,-34970.15307071934,-0.43504300309316235,-0.49094720707784706,0.911
4209.83,GT-17778,73802.0278201432,30505.589738854967,-0.37553093133962334,0.2374708116051598,0.899
4209.83,GT-17782,-3886.704527689009,-40004.74374400536,3.430775936708544,0.36647625369465014,0.91
4209.83,GT-17799,-91465.77732072609,90547.54670773614,-0.2910564120028314,0.25362696810337326,0.874
4209.83,GT-17853,57242.270292494606,19223.582331991176,-0.5859769060071032,0.07849916932139461,0.854
4216.07,GT-17571,-69239.94033015383,9264.175180686378,-0.15040394301138768,0.28585842123640837,0.949
4216.07,GT-17642,-77654.59145187777,-59313.94974627223,0.15508156603300996,-0.19717503370546802,0.902
4216.07,GT-17734,5394.309980290063,-70224.96867367062,-0.8414423528113737,-2.340353093563064,0.957
4216.07,GT-17766,55964.04120072078,-15481.306448603103,0.2804682547683375,0.027965902848780866,0.894
4216.07,GT-17768,64425.915214755296,-35005.292635039455,-0.4292418461646222,-0.42352331483794664,0.904
4216.07,GT-17778,73800.85800018183,30504.612209166393,-0.29562387129676154,0.03668524807842225,0.948
4216.07,GT-17782,-3752.2327870033746,-39855.53346012031,3.10387033318145,-0.35121653951031245,0.913
4216.07,GT-17853,57237.98198773992,19232.749191918192,-0.32133862559921433,0.08709306353917454,0.886
4222.15,GT-17571,709235.9620254232,-418562.7716486737,-745.7851651273326,409.984213379859,0.936
4222.15,GT-17573,-95867.60018125894,26712.09282890237,-4.9521507282822865,7.359895036904008,0.867
4222.15,GT-17642,-77660.46330814743,-59310.84622408787,0.06081294583662042,-0.0656257304052471,0.906
4222.15,GT-17734,5394.725006092818,-70266.50420518412,-0.586122743817644,-2.0766468957182385,0.908
4222.15,GT-17766,55966.02336196,-15477.56396208256,0.24163403587014218,0.05942412782968454,0.897
4222.15,GT-17768,64435.84486264225,-34998.11198717676,0.39055053305061993,0.43443154477985857,0.958
4222.15,GT-17778,73806.64760585506,30508.34663706352,-0.11298687288271592,0.13015277721020796,0.908
4222.15,GT-17782,-3800.492902619809,-39873.480696068415,-0.09403341375380414,-0.47181330505794394,0.96
4222.15,GT-17853,57221.41070462055,19234.753198814724,-0.31214843909589535,-0.08976084230609116,0.897
4226.18,GT-17554,-37539.81386713811,-13880.383892484564,-1.7701872715848863,-0.10363888483097408,0.885
4226.18,GT-17556,-27304.48847139721,71111.02434167068,0.16984412206420532,-0.38237523112753813,0.879
4226.18,GT-17609,53433.79823528768,-84662.00499587641,0.08901487269387129,0.17394365664435377,0.886
4226.18,GT-17628,54153.28611041906,8356.000372829325,-0.4397395683484217,-0.011904526164464413,0.888
4226.18,GT-17642,-77660.02454771416,-59307.70213062985,0.11691166012618676,-0.07167937963373558,0.902
4226.18,GT-17653,88872.1180742225,-14131.728847253598,-0.010990962272156762,-0.2708754782139171,0.896
4226.18,GT-17734,5390.634765141501,-70278.20805382662,-0.5789508395504002,-1.8321832758598129,0.893
4226.18,GT-17766,55954.288525598815,-15480.172819852622,-0.0161539108751447,0.027226474887142554,0.892
4226.18,GT-17768,64409.57617937408,-35042.557215955974,0.02389808157266915,-0.1262898102384265,0.911
4226.18,GT-17774,4095.3690839158967,47593.877644197986,-1.0945921791323687,-1.8710767207645618,0.874
4226.18,GT-17778,73808.93287429558,30507.629057022546,-0.08074948064023853,0.09930345600207233,0.895
4226.18,GT-17782,-3736.262405504411,-39802.2256252488,0.6166389165833859,-1.4813773322558892,0.905
4226.18,GT-17799,-91449.24590396548,90568.88298020685,0.3885492604010523,-0.021477179945980113,0.898
4226.18,GT-17805,-40006.46006786808,59223.20142977976,0.18129270624055654,-0.05082767008884059,0.898
4226.18,GT-17853,57217.50694031896,19236.687340356017,-0.1597282102213055,-0.30542980438649053,0.901
4231.62,GT-17573,-95630.35076163297,26388.53583563205,-5.641282432536997,8.301483728141827,0.89
4231.62,GT-17642,-77661.25944424217,-59306.05946780646,0.1395500106578774,-0.08567555282363964,0.853
4231.62,GT-17734,5387.191288835851,-70295.48812381554,-0.55522719750589,-1.8695913188405338,0.857
4231.62,GT-17766,55952.94665423699,-15479.87090595665,-0.07116508668522986,0.06043329349197001,0.851
4231.62,GT-17768,64378.06332608573,-35087.885275172746,0.19155661746957003,0.314702290169882,0.908
4231.62,GT-17778,73808.94020437024,30514.163817788485,-0.06736491085472068,0.15160386713087448,0.855
4231.62,GT-17782,-3554.8402955897736,-39783.569427120674,0.11618235440878899,-1.436019652089023,0.903
4231.62,GT-17853,57216.80512386197,19237.315611894006,-0.1479935820739163,-0.2443000167085642,0.854
4238.6,GT-17573,-95539.59931442697,26239.062159150497,-6.5295658365262765,9.333015167110508,0.859
4238.6,GT-17609,53443.67914848408,-84668.16753742594,0.23623715813436474,0.054929230728666054,0.851
4238.6,GT-17642,-77667.3274161391,-59299.257639691976,-0.04394711699789461,0.11307667999162177,0.858
4238.6,GT-17734,5385.5185680866325,-70301.64448799574,-0.5009599305987862,-1.5334911843905341,0.94
4238.6,GT-17768,64382.99844232138,-35080.182055533995,-0.045518418221937945,-0.07252249192052562,0.859
4238.6,GT-17774,4094.9898511280803,47607.48271908568,-1.2648283988052018,-1.6571511932774405,0.854
4238.6,GT-17782,-3522.994686514828,-39783.37758661486,0.7623307459042321,-1.0276350525013027,0.944
4238.6,GT-17853,57212.907390699984,19243.197863394438,-0.10276634001314895,0.3266560633899674,0.934
4238.6,GT-17910,-69214.36030976112,9272.363597260397,-0.39845642977422135,-0.5459016904694503,0.888
4241.82,GT-17554,-37281.28293027115,-13875.041753525587,-6.034321706273159,0.034119935896534816,0.912
4241.82,GT-17556,-27304.564008239002,71131.92090396448,0.10601028094439208,-0.2166809694375193,0.89
4241.82,GT-17609,53447.3651956345,-84665.93119757297,0.2050256168266157,0.023470631464814797,0.865
4241.82,GT-17632,158710.1385408337,159096.64404568687,-12.926251616362869,-17.798726273802053,0.879
4241.82,GT-17642,-77661.28208572029,-59299.7381003584,0.1394047823728894,0.10350800695773706,0.893
4241.82,GT-17653,88878.417402046,-14136.761543831719,0.031513722469916836,-0.2539268422150618,0.883
4241.82,GT-17667,-85432.48367719912,-48247.74789570205,-0.07639296683762098,-0.022776469441678077,0.887
4241.82,GT-17673,90043.77330200047,-38275.22585238883,0.18573190037606663,-0.19671482222518516,0.858
4241.82,GT-17734,5386.85170087568,-70296.10094837884,-0.539345399139772,-1.6667825666348783,0.878
4241.82,GT-17766,55951.80025969356,-15478.341374147369,0.01307011844460058,-0.022574661850000982,0.874
4241.82,GT-17768,64382.45911397304,-35090.25496867316,0.9285909046139746,1.3908728533297785,0.91
4241.82,GT-17774,4092.105953825243,47600.719753394325,-1.3401763622509106,-1.8847718310869819,0.883
4241.82,GT-17778,73813.2089748134,30518.456093481855,-0.04604405441861291,0.10227638105181083,0.882
4241.82,GT-17782,-3418.220768991161,-39770.147639685216,-0.8977137287390415,-1.259985346916738,0.907
4241.82,GT-17799,-91454.27430646666,90575.68891911312,0.21143171996537924,0.14797410041139475,0.875
4241.82,GT-17805,-40008.29638021533,59216.69947088381,0.17405635766998093,-0.12774568326837243,0.867
4241.82,GT-17853,57211.45595559999,19241.59729621906,-0.0819294018723631,0.3801122664756191,0.875
4241.82,GT-17910,-69215.31673356178,9270.495117128205,-0.4025591683763096,-0.5394971763100407,0.856
4249.37,GT-17642,-77663.87427744515,-59298.50948714448,0.0515420912728768,0.14748902084079238,0.902
4249.37,GT-17734,5394.665860407213,-70284.75049099707,-0.49279660562169564,-2.099265959521995,0.898
4249.37,GT-17766,55961.58084648413,-15498.023668467496,0.18412235578425948,-0.23403295566419086,0.906
4249.37,GT-17768,64384.24717463354,-35081.59598494422,0.2546978491253166,0.6157191835700633,0.899
4249.37,GT-17778,73812.81981463774,30513.210586403893,-0.18798748193729997,-0.13295188664785146,0.9
4249.37,GT-17782,-3424.0816213889775,-39758.9504147541,-0.7220004361321404,-1.4954836713541382,0.896
4249.37,GT-17853,57204.975603278916,19256.399892346344,-0.2762411243883953,0.4077360579095374,0.907
4249.37,GT-17910,-69215.5220064779,9274.608732322155,-0.2696911587983104,-0.4416590258711174,0.894
4254.21,GT-17642,-77661.92916227451,-59292.41068432923,0.12744856162157234,0.21917501849039694,0.947
4254.21,GT-17734,5400.300864169065,-70264.02874840159,-0.5470084436521478,-2.2832161477253976,0.94
4254.21,GT-17766,55964.563693833756,-15496.98616492769,0.19748778534941253,-0.12416788941418784,0.949
4254.21,GT-17768,64354.442586674544,-35156.26093506579,1.2862451840861064,1.7747354391468555,0.897
4254.21,GT-17778,73822.97458724644,30505.855841763245,-0.010815959473494452,-0.24518760126257721,0.946
4254.21,GT-17782,-3227.1498216645796,-39724.24038101086,-2.248352521061202,-1.7746673746328279,0.951
4254.21,GT-17853,57206.79349662647,19256.68196655819,-0.1951306483402816,0.3584709632166307,0.875
4254.21,GT-17910,-69214.40984019193,9287.074472321036,-0.02960903735111786,-0.16698385865761473,0.943
4260.46,GT-17642,-77666.99713827367,-59296.80490420532,-0.11273400520392146,-0.02884903164656777,0.862
4260.46,GT-17734,5401.1001121309155,-70245.261083129,-0.710693180592005,-2.6304068292319207,0.852
4260.46,GT-17766,55966.63006539034,-15494.383850475631,0.17925596235438773,-0.05083124705556506,0.864
4260.46,GT-17768,64335.93505034175,-35170.87047969657,0.4582665157875116,0.7996588111541663,0.855
4260.46,GT-17774,4101.904084577979,47628.046941635555,-1.5111582929082183,-1.9164872452466075,0.855
4260.46,GT-17778,73823.43086201657,30511.582811806085,-0.08196326979862897,-0.13332513311915117,0.853
4260.46,GT-17782,-3217.487729337982,-39708.340565965795,-2.4423996893113182,-2.1359869272227914,0.853
4260.46,GT-17853,57209.45765406225,19249.191138592738,-0.043509801726027024,0.1911645103875032,0.861
4260.46,GT-17910,-69267.03415516594,9322.291534454302,0.7078155847504577,-0.6410322577553338,0.867
4260.46,GT-17935,54173.62497055654,8359.53283802456,0.5558668625002046,-0.19496851175003477,0.855
4266.36,GT-17642,-77660.75338779978,-59294.141697684296,-0.09238127888776096,-0.02955842723718645,0.948
4266.36,GT-17734,5414.359782819036,-70195.80592254567,-0.7479081656377248,-2.642161620038614,0.901
4266.36,GT-17766,55965.86849197795,-15494.004482354663,0.1947720381367959,-0.06078479390596839,0.943
4266.36,GT-17768,64292.80962903204,-35250.533574503854,0.8909910491053867,1.5345343300601386,0.951
4266.36,GT-17778,73821.78482359533,30512.37898423773,-0.10405566988393329,-0.1270182823881736,0.886
4266.36,GT-17782,-2848.8932364874454,-39589.88517266871,-11.149897504054474,-3.7080179914853053,0.957
4266.36,GT-17853,57211.715601721786,19246.33627124428,0.04468546956010286,0.06833902123226868,0.9
4266.36,GT-17910,-69270.02692421655,9322.203373803566,0.7250122719286831,-0.7240555292333659,0.889
4270.69,GT-17667,-85442.01638329762,-48260.20074574956,-0.24950983272562316,-0.36275092034077755,0.865
4270.69,GT-17673,90037.24710669462,-38298.404527144565,-0.07010150249956432,-0.5071324432686678,0.861
4270.69,GT-17768,-2825078.3695239606,6488724.069894456,-6256.216159504233,14126.00441700953,0.89
4270.69,GT-17774,4113.299229800892,47624.72283503081,-1.2333951942673738,-1.9658285935359059,0.851
4270.69,GT-17782,-2348.545926627216,-39452.47171483787,-16.44354913378967,-4.886389651046883,0.931
4270.69,GT-17799,-91457.55663265793,90584.74394214338,0.12233527234036869,0.15904436186205373,0.868
4270.69,GT-17805,-39809.80788251555,59210.27367992718,-8.314406243715604,0.04549879241754369,0.872
4270.69,GT-17853,57207.94909673144,19251.02903851898,-0.10358137726900557,0.17016488582734457,0.854
4270.69,GT-17898,-40399.01760484093,-8158.860852913392,1.7611713625042813,-3.58102405647011,0.882
4273.63,GT-17556,-27321.023775609017,71143.22027427139,-0.21015636557686113,-0.6240654022880567,0.859
4273.63,GT-17642,-77665.0303676145,-59296.90109854231,-0.11170748331664568,-0.1631215293226686,0.913
4273.63,GT-17667,-85439.4994742568,-48255.554886832135,-0.14080493902077,-0.24573452388136377,0.859
4273.63,GT-17673,90053.282867985,-38294.853739166145,0.12946273012654286,-0.4602369152699758,0.865
4273.63,GT-17734,5438.895552070449,-70092.38374252728,-1.049960565176561,-3.838545638884685,0.919
4273.63,GT-17766,55961.67987468817,-15501.212290948175,0.18396205281492942,0.0143687790047125,0.906
4273.63,GT-17774,4118.490603056736,47634.565076575855,-1.3917961067889553,-2.0917505051872984,0.854
4273.63,GT-17778,73849.05361649695,30518.726282899108,-0.5054493662734849,-0.30850880590145424,0.923
4273.63,GT-17782,848841.8240882009,3052642.244580843,-4044.6604061539747,-14697.492474111072,0.888
4273.63,GT-17853,57210.40707339101,19251.31380114631,-0.022273967643101338,0.17199745723965285,0.92
4273.63,GT-17898,-40396.13989095185,-8152.722685536256,1.7706958113930222,-3.4219411700360265,0.859
4273.63,GT-17910,-69277.08836366153,9329.503017348748,0.8288166942730498,-0.8292913528483541,0.912
4273.63,GT-17935,54180.283432005315,8359.15614328796,0.5645801538339443,-0.15706445089670792,0.852
4273.63,GT-17982,-95907.49840802065,26948.549911679496,0.9805677721743402,-0.39661337397956276,0.886
4281.8,GT-17642,-77652.5808244977,-59285.46305821141,-0.18282300785841904,-0.11670064408219122,0.888
4281.8,GT-17734,5455.276564811027,-70040.37193961463,-1.1932089312389431,-4.742928885893385,0.88
4281.8,GT-17766,55957.79554398698,-15503.094519075355,0.29991064988165755,0.23713593570842145,0.888
4281.8,GT-17778,73861.36284214353,30530.500906322744,-0.7686698824716418,-0.452507483096154,0.879
4281.8,GT-17853,57209.616568954814,19250.127969157318,-0.003740921927433114,0.015953092349189346,0.892
4281.8,GT-17910,-69279.37094863343,9334.358571636567,0.9264988929917537,-0.9095307172215621,0.88
4281.8,GT-18038,64618.526547977905,-34671.23543114834,0.02022224859800914,0.09553990857244554,0.943
4281.8,GT-18042,-3443.3515349190598,-40538.219012572634,-0.666308184832614,-2.5598099761332613,0.901
4286.22,GT-17609,78945.29788452096,109078.59732342986,-152.5585231749838,-1156.8633636298432,0.883
4286.22,GT-17642,-77638.3066823006,-59289.888574290984,-0.2141572565385632,-0.29120581785191363,0.898
4286.22,GT-17653,88867.29520406119,-14106.567980997765,0.47809271926849917,0.04606688695703824,0.891
4286.22,GT-17667,-85439.06079891934,-48248.97815758876,0.04453310219587672,-0.1522082003141593,0.894
4286.22,GT-17734,5501.325350808474,-69908.53617808387,-1.5446379784189705,-6.032288317321634,0.889
4286.22,GT-17766,55931.478701612614,-15509.19177503973,0.41699787134743727,0.35104607851906566,0.902
4286.22,GT-17774,4141.279782235593,47650.764291450985,-1.3839991805016973,-2.4026468821584728,0.902
4286.22,GT-17805,-39454.84561811927,59200.28442396812,-9.261751981908743,0.37709379633461726,0.9
4286.22,GT-17853,57208.02596894932,19250.240025318253,-0.07742442519381826,0.027927983583337042,0.898
4286.22,GT-17910,-69286.87065805655,9354.94680274058,0.6844757250566117,-0.3219129000638412,0.898
4286.22,GT-18038,64583.726407047245,-34733.9612827663,-0.2470208661634581,-0.509026326117236,0.9
4286.22,GT-18042,-3394.3548748603807,-40302.38299269318,-0.5003554050342053,-0.49274804955654883,0.899
4286.22,GT-18047,-27173.976496797746,71688.73134058947,0.04230432904562166,0.18241654885987194,0.882
4291.11,GT-17642,-77636.72790248599,-59281.873054518765,-0.47239180820458115,-0.34107288823626947,0.935
4291.11,GT-17734,5562.38867147513,-69719.94027301835,-2.2278903328606083,-8.327958912896067,0.857
4291.11,GT-17766,55919.95458559982,-15516.296492567375,0.5390312321884767,0.4143369070174182,0.854
4291.11,GT-17853,57207.73364790636,19254.99999509518,-0.12124748651443386,0.06863506216799276,0.934
4291.11,GT-17910,-69273.10271204934,9353.036266453251,0.7656479530213589,-0.1886180686991552,0.862
4291.11,GT-18038,64545.2274453372,-34804.15642002925,-0.25761165936512087,0.04163623668371469,0.966
4291.11,GT-18042,-3291.367189509016,-40319.24497317002,-1.7556337137343214,-0.1619619332517932,0.9
4291.11,GT-18074,73816.43832277421,30514.26121362722,0.3132053923420517,-0.3380887472135545,0.893
4296.3,GT-17642,-77634.23150356037,-59277.44584727642,-0.4919047780063811,-0.45786026518541206,0.896
4296.3,GT-17653,88847.38973873988,-14100.774998462895,0.5092877936928097,0.11012129000954639,0.871
4296.3,GT-17667,-85440.3295996659,-48240.065441244726,-0.0009909615372194445,-0.08496364057811212,0.875
4296.3,GT-17673,-73469.16312602449,120739.04484544268,-173.29645916270752,168.06936965653242,0.899
4296.3,GT-17734,5689.840619350891,-69220.21228488757,-3.926094877198417,-14.154766078973752,0.9
4296.3,GT-17766,58073.52299046833,35365.39278928538,-15.439699339142717,-366.3222042060132,0.933
4296.3,GT-17774,4154.647515672291,47666.03022176244,-1.6355361844923495,-2.5654021928557813,0.872
4296.3,GT-17799,-91452.18054177375,90587.4145049082,0.014967757889456472,-0.020028625001628397,0.862
4296.3,GT-17805,-39165.60189505042,59190.257230920244,-12.594130833110459,0.2759164653385503,0.876
4296.3,GT-17898,-40365.85579120557,-8187.184983696226,1.1938536607178538,-1.6330398463806939,0.862
4296.3,GT-17910,-69266.98888977575,9341.522339054436,0.7029768111910183,-0.13878847196940042,0.907
4296.3,GT-17935,54164.30432221264,8358.52940299704,0.1795393177242839,-0.04087813455564008,0.874
4296.3,GT-17982,-95963.15847757373,26960.05807770353,-0.24642077696477424,-0.0013188379757988755,0.888
4296.3,GT-18017,-37751.64857391067,-13869.714656976877,0.19948982354323785,0.06305578704116577,0.898
4296.3,GT-18038,64509.57537698087,-34857.2517036621,-0.4832223426945631,-0.6541708088624597,0.907
4296.3,GT-18042,-3298.4169819423673,-40227.7479511895,-1.0495944199225875,0.4737452953112772,0.898
4296.3,GT-18074,73822.78765002411,30508.7214680521,0.27919906206986445,-0.32820061911716486,0.9
4305.41,GT-17642,1335466.1328203045,1257245.1810240713,-8246.463842345585,-7682.281407421869,0.872
4305.41,GT-17734,-91447.10722352224,-121551.39293601169,465.13188626295016,249.5846133030118,0.906
4305.41,GT-17805,-192247.25435730026,-440682.9670684858,1102.1148954739065,3598.134163222469,0.864
4305.41,GT-17853,57214.39151597898,19240.186682194162,0.255566970661473,-0.2788274662913896,0.942
4305.41,GT-17910,-69245.192633652,9344.063477727403,1.9974072867062989,0.1245582977465223,0.958
4305.41,GT-18038,64474.255895561764,-34906.656430750256,-0.8743270005405566,-1.3018168611302872,0.893
4305.41,GT-18042,-3302.706359542061,-40123.74431134764,-0.7188856990901179,1.121458522899067,0.896
4305.41,GT-18074,73824.85382372061,30507.14599472435,0.2470964436065838,-0.30090761718705444,0.881
4308.1,GT-18017,-37793.7000638826,-13866.957248694469,-5.137992779249661,0.17772420214315315,0.875
4308.1,GT-18038,64465.30066520842,-34924.6348384495,-0.5338001776635637,-0.7202797265591927,0.86
4308.1,GT-18042,-3298.4629258418904,-40050.05332174635,-1.0659381880330832,-0.6183227998872932,0.944
4308.1,GT-18074,73821.46303167383,30516.898405463522,0.013524285048949009,-0.1668746532948758,0.922
4315.58,GT-17853,57205.37765289339,19235.120159618906,-0.17195306086362774,-0.1570002145510434,0.958
4315.58,GT-17910,-69265.79693789787,9338.280391977663,1.1595949470365707,-0.1945663168481961,0.957
4315.58,GT-18038,64464.82747855784,-34937.055218328445,-1.1448300253144894,-1.9048906494722535,0.958
4315.58,GT-18042,-3300.839105126671,-40056.270046677884,-1.0746664679417581,-0.42404132130859284,0.899
4315.58,GT-18074,73819.39626868755,30516.3511699848,-0.09616414076712441,-0.22550894689588533,0.952
4315.58,GT-18116,-77658.0572667381,-59277.91414348739,0.10319220655071301,-0.07088368462625354,0.945
4315.58,GT-18118,5337.249419419072,-70492.07060844259,0.4132143588106674,-0.1254264954691701,0.921
4315.58,GT-18120,55950.03328935995,-15496.929807800889,0.07109325174838735,0.082616904777786,0.938
4320.23,GT-17667,-85435.51149073022,-48216.21144687878,-0.016765229721580607,-0.3439598714177906,0.9
4320.23,GT-17774,4210.896023500641,47725.74892755663,-2.8374748732389397,-3.7910078895447588,0.888
4320.23,GT-17853,57200.45884212097,19230.194675439267,-0.1259009582583232,-0.3397319039905159,0.882
4320.23,GT-17898,-40387.89542713919,-8136.219943662887,1.0109663322891569,-1.8351954527453687,0.898
4320.23,GT-17910,-69263.87897788596,9341.039632772805,1.2016727510608354,-0.24039308866138798,0.87
4320.23,GT-18038,64426.41906952646,-34998.83180684747,-0.8325876467115538,-1.448031513857135,0.908
4320.23,GT-18042,-3171.6161546904696,-39886.41296173183,-3.1807459936778,-1.3336039639471124,0.919
4320.23,GT-18074,73821.5448601184,30518.427123476064,-0.039539567182597345,-0.14891948029074978,0.88
4320.23,GT-18116,-77667.50512957669,-59286.21263471013,-0.08236689369437775,0.07343115184529254,0.877
4320.23,GT-18118,5349.556322036081,-70486.79760132617,0.5910065373878546,-0.04363800955147762,0.863
4320.23,GT-18120,55948.956864732274,-15495.513630402833,0.024822170517844987,0.10098828215330695,0.863
4325.88,GT-17667,591474.9387247089,620561.4303835797,-2976.4490285510606,-2941.2802625940653,0.851
4325.88,GT-17799,-91445.99952817691,90580.85787629626,-0.2741471912905776,-0.3691416855616821,0.861
4325.88,GT-17898,-40382.854679965545,-8134.51823952718,1.173270884503056,-1.8922387181520999,0.855
4325.88,GT-17935,54162.245736215635,8364.041055370182,-0.03929210842017457,0.05846021782436561,0.853
4325.88,GT-17982,-95974.62512811428,26957.726799826745,-0.26683648627362594,-0.062232916266142184,0.858
4325.88,GT-18017,-37726.50669454904,-13853.936334618882,-14.127196286385654,0.3987573427161574,0.925
4325.88,GT-18038,64433.32596965861,-34981.906359841174,-1.0673066122894521,-1.7584649819191918,0.859
4325.88,GT-18042,-3158.773067004275,-39880.91529790801,-3.0681833890017773,-1.0969389790621729,0.859
4325.88,GT-18047,-27236.54476011912,71377.58270487613,-0.283175630527509,-1.963610270961595,0.856
4325.88,GT-18074,73813.31413878722,30512.006325065595,-0.13730268381259805,-0.3207536172005446,0.858
4325.88,GT-18111,90056.32144780384,-38276.43127294414,-0.00855050690681819,0.02842454130436295,0.851
4325.88,GT-18116,-77671.9403832568,-59287.147841682774,-0.1824478074930067,0.0696361951039804,0.852
4325.88,GT-18118,5083.920393156855,-70642.54892501401,-3.10509931769141,-2.25004078311387,0.9
4330.3,GT-17774,4248.294019869518,47772.26628534959,-3.6088629448483567,-4.6749253056041775,0.862
4330.3,GT-17799,-91447.74952191775,90581.18479965947,-0.3131837009245961,-0.39170138958799205,0.877
4330.3,GT-17853,-26988.401028700333,184428.2950518102,82.99926435520821,-162.81848293214085,0.854
4330.3,GT-17898,-40389.59121279087,-8127.511489546206,1.0133348888333393,-1.6592426570947674,0.892
4330.3,GT-17910,-69265.94728865173,9336.796214217396,1.2544424697157006,-0.7285146266265838,0.895
4330.3,GT-17935,54150.88362830299,8368.37987716319,-0.3236510726614654,0.1631182284844822,0.892
4330.3,GT-17982,-95972.67370984497,26959.124711815217,-0.3219161789271891,-0.07569312646675455,0.868
4330.3,GT-18017,-37658.40812924789,-13856.38614629769,-12.833620098766506,0.29010229874669047,0.903
4330.3,GT-18038,64433.688101971406,-34964.02179255785,-0.32925932847002004,-0.3946300030001569,0.908
4330.3,GT-18042,-3089.8846173109873,-39677.62808510871,-3.6865863888645753,-3.418524478212965,0.906
4330.3,GT-18047,-27254.13851897552,71331.72029710455,-0.4493493812561907,-2.098677586238193,0.893
4330.3,GT-18074,73816.442109196,30511.779392763256,0.007619327763693114,-0.11234051746640604,0.9
4330.3,GT-18111,90042.80519617813,-38286.18072308378,-0.03740382852837752,-0.2335473897976051,0.891
4330.3,GT-18116,-77668.53107543907,-59292.48252421596,-0.13855578090472145,0.027767469288079605,0.897
4330.3,GT-18118,5159.2291173977155,-70604.23183192055,-1.5027021136132985,-1.219552157974838,0.901
4330.3,GT-18120,55946.221308720706,-15496.339777530795,-0.03770310230546006,0.0696989095709604,0.889
4330.3,GT-18137,-39996.12189617678,59190.80870179931,0.6228991000010871,0.4949224579409807,0.851
4330.3,GT-18138,88871.93487667215,-14111.786337857053,0.3255771412097165,-0.20183024904220345,0.867
4334.64,GT-17774,2184339.2719703508,-1060185.4006622834,-18076.82343482557,9187.465649310478,0.899
4334.64,GT-17898,-40389.69265864118,-8131.4746040047685,0.9334653452664706,-1.6665359560192008,0.89
4334.64,GT-17910,-69277.52667375859,9348.558416323991,1.3228281724774704,-0.7908340011619464,0.876
4334.64,GT-17935,54155.82441409705,8370.134396959224,-0.18763175004005336,0.13688035042294533,0.881
4334.64,GT-17982,-95976.83319631881,26957.13980113184,-0.46431386884114095,-0.10685126513519388,0.872
4334.64,GT-18038,64472.346391593004,-34892.91469672962,0.9848859673231253,1.6445602980873075,0.91
4334.64,GT-18042,-2811.536026076356,-39413.9616128536,-6.613063351005269,-6.233051626548098,0.915
4334.64,GT-18047,-27249.641350750346,71295.0685652936,-0.1071345802183089,-1.8996424789422952,0.89
4334.64,GT-18074,73816.8638583377,30512.49901880419,-0.06969652511105248,-0.10339848076874852,0.877
4334.64,GT-18111,90042.50516970754,-38288.73959677035,-0.04495540960868443,-0.25278901847709767,0.872
4334.64,GT-18116,-77665.29944373862,-59295.44464318692,-0.019372725005050148,-0.03784218717980646,0.881
4334.64,GT-18118,5248.810395265065,-70542.52976858067,-0.18677272565509206,-0.32090075928358125,0.891
4334.64,GT-18120,55946.057400286285,-15497.239401472965,-0.06820095839035976,0.1144717200340047,0.87
4334.64,GT-18138,88872.4314654857,-14102.879322655594,-0.08731656096620427,0.14086140908476794,0.881
4341.05,GT-17898,-40396.15948257797,-8125.741150505905,0.775733438542788,-1.6042315522435182,0.921
4341.05,GT-17910,-69293.08438577177,9379.294595694719,1.2280337967787693,-0.7955591129345855,0.889
4341.05,GT-17935,54147.769659351965,8369.651154655763,-0.2999985699533066,0.16987256884977023,0.919
4341.05,GT-17982,-95980.22921737813,26961.53874737356,-0.6915711595508564,-0.08990232153329178,0.909
4341.05,GT-18038,64269.94691904234,-34921.333736182336,3.8163738595233623,0.5987266204396979,0.922
4341.05,GT-18042,-2743.2774208892597,-39340.88592157874,-7.298292227049636,-6.5867426646480025,0.881
4341.05,GT-18047,-27257.274355271453,71304.12291677928,-0.3145556143819187,-1.9248874367812117,0.919
4341.05,GT-18074,73820.92182527571,30513.687711574556,-0.016676119489024394,0.060513918964028246,0.889
4341.05,GT-18111,90045.02180771535,-38292.59259428328,-0.028766413508724054,-0.33923059865602023,0.916
4341.05,GT-18116,-77655.02511944612,-59302.581467039774,0.33348650347912095,-0.09977718923781055,0.884
4341.05,GT-18118,5291.279462611054,-70519.48951887962,-0.02609780312760787,0.05909467345828584,0.889
4341.05,GT-18120,55952.31569138786,-15487.565681191507,0.19557022798005738,0.49517035697972855,0.883
4341.05,GT-18138,88860.8303314933,-14103.313621371073,-0.3327409690167827,0.026572728728297832,0.92
4341.05,GT-18152,-85346.46644782908,-51039.80825666391,0.42465201605827224,11.498822542778104,0.899
4341.05,GT-18197,57208.67344493881,19226.20777750189,-0.23575807135574578,0.16502915631884862,0.865
4348.17,GT-17910,-69301.74682304109,9398.507866967966,1.4631082718584998,-1.1257668567491084,0.886
4348.17,GT-18038,64233.865289439294,-34912.431863123194,2.674659706811316,-0.9300276057426211,0.89
4348.17,GT-18042,-2502.311848687001,-39131.53034729833,-9.423088986213227,-8.770751436430594,0.896
4348.17,GT-18074,73825.09821258353,30514.99403354325,0.25142468673680607,0.16073653812480213,0.886
4348.17,GT-18116,-77656.76259395969,-59306.60015307931,0.31763458698450947,-0.031054569757978056,0.886
4348.17,GT-18118,5296.262261317919,-70519.1410449127,0.07971264744371062,0.03666050297781244,0.889
4348.17,GT-18120,55951.95568322867,-15497.015459405084,-0.16042340925673362,0.30037472369588686,0.895
4348.17,GT-18197,57214.757805454996,19226.021359209943,0.0949785956036224,0.01831282653052156,0.895
4353.18,GT-17910,-69364.05962781946,9448.267665274227,1.7810090412689843,-1.7083801782775438,0.933
4353.18,GT-18038,64168.08895058921,-34922.95418296155,4.290882926757382,0.5927146996822892,0.861
4353.18,GT-18074,73822.30492632733,30519.006477770177,0.12076602814459522,0.18886301738853273,0.934
4353.18,GT-18116,-77657.82596794878,-59303.87407700128,0.21181389809190254,-0.036228361705349335,0.939
4353.18,GT-18118,5296.271224255984,-70517.24775453989,0.18050264583339767,0.13987722748371872,0.852
4353.18,GT-18120,55952.69057947022,-15499.892207898469,-0.14159699009731774,0.23364812014953545,0.855
4353.18,GT-18197,57213.321909445905,19226.389074819203,-0.13712001439172328,-0.20502222387993682,0.854
4357.84,GT-18038,63994.127302399786,-34949.072680759265,5.58794168313776,0.025043522486560665,0.935
4357.84,GT-18042,-1828.2202345862024,-38517.57931314699,-18.070181216352744,-16.68514589450156,0.908
4357.84,GT-18116,-77661.9132250573,-59297.83747175084,0.09754863756944518,0.03658070705847538,0.919
4357.84,GT-18120,55954.2075380931,-15504.339578349192,-0.13656470199782916,0.16974349319808227,0.923
4357.84,GT-18197,57211.97768576739,19230.499939094207,-0.20020636544212075,-0.12658378128742073,0.912
4367.05,GT-17910,-69488.21656581807,9607.518039536737,3.8665803461606623,-4.483704939884624,0.898
4367.05,GT-17982,-95953.3633307022,26946.430903842887,-0.5084663579349515,-0.2679230638012594,0.905
4367.05,GT-18038,63906.866654668454,-34905.165835379055,6.835172029787907,-1.508951289176708,0.894
4367.05,GT-18047,-27262.074631643565,71247.76925935614,-0.10573625621351351,-1.7259279955226554,0.908
4367.05,GT-18074,73827.69036789757,30523.25679300522,0.29203085236025716,0.11670406417688363,0.884
4367.05,GT-18111,90049.65540383973,-38276.81752945704,-0.007724656878712544,0.48806736286097435,0.899
4367.05,GT-18116,-77664.09621052833,-59299.40666404443,0.0593667330479714,0.024588201984356656,0.908
4367.05,GT-18118,5310.270774039362,-70504.60939701325,0.3354800246087819,0.36166441582666375,0.906
4367.05,GT-18120,55952.40245631614,-15501.290696137643,-0.11847401423389481,0.24850265909320174,0.9
4367.05,GT-18137,-40009.86160853547,59206.58793725753,-0.035585492013378295,0.3875338179601167,0.897
4367.05,GT-18197,57202.3544775592,19243.98706790708,-0.3132064130890919,0.21550328595852924,0.904
4367.05,GT-18223,53426.620550802356,-84675.79877560091,-0.32350853908462374,-0.25647941912078087,0.883
4372.5,GT-18038,-1710707.7005266568,1582456.9047153285,12201.0643705906,-11121.405799726534,0.934
4372.5,GT-18042,326009.33058605826,286475.6212164098,-1974.1014991201432,-1956.962944953341,0.893
4372.5,GT-18074,73810.71747568215,30524.38877213029,-0.23990089258200004,0.10940092491026332,0.886
4372.5,GT-18116,-77664.92874142107,-59293.423991228345,0.06971513597563228,-0.0455926030325874,0.938
4372.5,GT-18118,5304.3371145437395,-70497.20083753362,-0.1396132148202335,0.4614090036946401,0.946
4372.5,GT-18120,55949.385188871034,-15500.345613887932,-0.16861035786371745,0.36430016131271886,0.949
4372.5,GT-18197,57213.37396320965,19237.709843203764,-0.0416273624151724,-0.0600625440187027,0.89
4372.5,GT-18257,-3859.846899174088,-41926.07586455999,0.4686553312959011,3.1293215352911226,0.962
4378.1,GT-18074,73816.5943370272,30526.30158898003,-0.20356786699001625,0.040402073928795315,0.898
4378.1,GT-18116,-77662.73401383622,-59292.93454959881,0.05387176121474977,-0.059835028887049696,0.892
4378.1,GT-18118,5310.020111995165,-70491.039990181,-0.025378489868369797,0.5590281796081175,0.906
4378.1,GT-18120,55948.39670256145,-15499.781758322648,-0.14968741530078022,0.39008549417263955,0.896
4378.1,GT-18197,57212.76866218532,19238.942022373118,-0.04757587915754474,0.014348871658961895,0.899
4378.1,GT-18257,-3756.291344911446,-41941.37468941564,-0.12031472049032521,5.560225274847277,0.951
4378.1,GT-18295,-69216.07369839822,9289.87249662291,-0.025396518115610472,-0.011004787083909954,0.872
4383.8,GT-17534,-6616.022717311285,-442.30580832930355,-0.27233801646182343,-127.07384001254792,0.868
4383.8,GT-17898,-40434.88705807163,-8043.814316868203,1.0288656649476966,-2.7758428838745948,0.894
4383.8,GT-17935,54151.005139569854,8345.00676046366,0.12912133342299,0.007134620902165101,0.887
4383.8,GT-18047,-27268.120520671757,71238.02189679856,-0.31845955636595064,-1.9178148866682798,0.882
4383.8,GT-18074,73831.04175085384,30530.601497614956,0.08924863683270429,0.026378249263663098,0.903
4383.8,GT-18116,-77657.17045871593,-59288.747889887905,0.17746860987451502,-0.15597807994027174,0.898
4383.8,GT-18118,5310.427469229595,-70492.27044997207,0.038341361795427464,0.5179189698089999,0.893
4383.8,GT-18120,55947.71907415352,-15505.384293471658,-0.07623375529079861,0.32460252731623457,0.892
4383.8,GT-18137,-40009.14954774117,59192.745447335525,-0.0009490110063097024,0.06334449220380578,0.884
4383.8,GT-18138,88843.84701686312,-14091.109409631166,-0.17936387459314196,-0.05085591603224079,0.874
4383.8,GT-18197,57218.009137489855,19236.897839148758,0.15334531295764586,0.029891982002702072,0.903
4383.8,GT-18222,3995.374339808446,47511.10168657448,0.2845796945877749,0.514817255683549,0.889
4383.8,GT-18223,53427.91656239255,-84669.5649509686,-0.2850313056479471,-0.055527726284999815,0.867
4383.8,GT-18257,-3631.4256922365885,-41314.23814657641,0.46390236926835937,6.548059887900477,0.91
4383.8,GT-18295,-69219.16457416554,9291.841741485361,0.04459249722105691,0.08657047447860847,0.896
4390.39,GT-18074,73827.73223905427,30539.959015278146,-0.1046088156043247,0.1531769648247128,0.881
4390.39,GT-18116,-77656.76237887768,-59283.66895352328,0.12483262225625563,-0.14087200008739115,0.88
4390.39,GT-18118,5312.406154585313,-70501.443223025,0.13712894401080195,0.372843890184379,0.889
4390.39,GT-18120,55948.282708866915,-15499.857119460556,-0.1029957141882861,0.389715695617874,0.895
4390.39,GT-18197,57217.70510928146,19232.01868834387,0.15372053368645366,-0.0315926753208976,0.894
4390.39,GT-18257,-3601.537047994297,-41191.776467559845,0.922845891849212,7.909169982519672,0.884
4390.39,GT-18295,-69221.3804257868,9290.261569841628,0.09887231334190474,0.047097045340397964,0.892
4390.39,GT-18326,64468.88848378247,-34929.40868936128,1.16797429990602,1.7371136327525518,0.941
4393.79,GT-17789,162610.2245044033,-402899.23195328464,-4097.9202615797085,8803.07420564161,0.916
4393.79,GT-17935,81547.1915338714,-212379.4515932871,-31.005300290982447,247.6102472672933,0.954
4393.79,GT-18074,73826.27233031773,30536.28660598892,-0.24525640156413508,0.010168268081923906,0.926
4393.79,GT-18116,174180.0755091779,-19224.06394325124,-192.02629188749717,-30.792511623139394,0.954
4393.79,GT-18118,5322.624714462693,-70492.43308018657,0.35849163626493397,0.6060493402071905,0.934
4393.79,GT-18120,55944.89440017364,-15507.162301781409,-0.07887189931457064,0.40776215482608225,0.93
4393.79,GT-18197,57217.96308302219,19232.207149317674,0.12982186588677708,0.04047455118059599,0.922
4393.79,GT-18257,-3555.012528768913,-41208.251526042615,-1.1895061354572838,7.886018309689742,0.937
4393.79,GT-18295,-69222.1500018103,9289.96765974127,0.12205658279637166,0.05287826631328224,0.917
4393.79,GT-18326,64399.67723553244,-35060.88874301426,0.7573287813000199,0.9055870523263796,0.864
4399.83,GT-18017,-36871.94356718494,-13869.478942429918,-12.450604694451172,0.0025424549577891774,0.889
4399.83,GT-18074,73827.53042507295,30540.97112977382,-0.20339811852658313,-0.04851488924781061,0.891
4399.83,GT-18118,5295.259085806062,-70672.69445148339,0.7117342980183154,2.510178929348349,0.949
4399.83,GT-18120,55945.233504446194,-15508.479069950543,-0.023413470585641145,0.389226514597854,0.898
4399.83,GT-18197,57219.16843570005,19232.73914524119,0.02107788282699155,0.06164808858088964,0.895
4399.83,GT-18257,-3566.7702927423443,-41286.661528858815,-0.7056504256754472,10.117766635102187,0.895
4399.83,GT-18295,-69219.966964297,9287.427713402709,0.3052763046661065,-0.09988001412603877,0.905
4399.83,GT-18326,64340.85381943648,-35154.665196010574,0.2849092671081767,0.42087594734649775,0.908
4405.97,GT-18017,-108947.26220368553,-124873.62954829549,154.93773898950187,238.27731936970756,0.917
4405.97,GT-18074,-1826277.8352696951,-1462123.0363991824,9229.998869743062,7250.597954833112,0.904
4405.97,GT-18118,5287.66030009862,-70717.70607101961,0.8502542748260649,2.8352795524778314,0.951
4405.97,GT-18120,55947.37692107096,-15529.651830369869,0.1793884729414538,0.49353776653409664,0.948
4405.97,GT-18197,57214.83727738716,19232.6471684928,-0.0031310851385207873,0.0814153191690877,0.944
4405.97,GT-18257,-3387.994730893099,-41440.33343962822,-2.62042561511366,12.850805609746956,0.955
4405.97,GT-18295,-69220.62597889006,9287.287306699474,0.21999811445108292,-0.07286763092900012,0.951
4405.97,GT-18326,64316.445416528775,-35191.14399130806,0.09548694746305586,0.44772980214445324,0.957
4405.97,GT-18363,-77673.80444800183,-59308.60565476422,-0.13784670871347246,-0.29127657827107284,0.896
4410.42,GT-17898,16518.27652934527,36137.63295150636,-37.12711433581961,-28.84819117788001,0.963
4410.42,GT-18197,57220.44135360705,19245.422872951913,0.17251198431780373,0.43260888892391236,0.927
4410.42,GT-18257,-3213.5766073422833,-41470.672462772774,-5.147836139381213,13.62014972523524,0.961
4410.42,GT-18326,64269.879411903334,-35254.4946242341,0.259685123147044,0.517720150832197,0.954
4418.66,GT-18118,5244.218416571393,-70882.44597223964,1.2670619287072367,4.680251255277438,0.908
4418.66,GT-18138,88826.56409574217,-14097.146418182854,0.298816672443389,-0.5121348038745194,0.86
4418.66,GT-18197,57231.54693131782,19224.16989929026,0.15235867963149774,0.052706637300130255,0.912
4418.66,GT-18223,53452.6194796312,-84653.53899930585,0.21234673272945065,0.07871254670917444,0.877
4418.66,GT-18257,-3150.3716098189857,-41694.80170026417,-4.321928793150237,17.989175965485668,0.911
4418.66,GT-18295,-69222.42440828339,9281.721584285444,0.11109893181188253,-0.19070660869999473,0.909
4418.66,GT-18326,64265.621928703644,-35253.088783760904,-0.08725851363105291,0.3123123343615185,0.912
4418.66,GT-18363,-77653.7611459892,-59309.04755554132,0.08362710775678028,-0.04292262144584591,0.91
4418.66,GT-18387,73817.03316756678,30507.592220961476,0.354419297314546,-0.17658288727183175,0.888
4422.78,GT-18111,-160810.65345238693,8923.62053668144,5.9547790294026095,-1.146580490149514,0.86
4422.78,GT-18118,5179.047167971582,-71224.1307145288,2.381288937067989,9.53733673390915,0.951
4422.78,GT-18197,57233.85541562752,19218.49982659321,0.17842285612968273,0.20976870496830263,0.939
4422.78,GT-18257,-2876.8549446525203,-42027.34594882354,-7.015763367145724,17.10855340059343,0.965
4422.78,GT-18295,-69212.39105981984,9279.141805973033,0.3857512593277701,-0.31997772096032795,0.939
4422.78,GT-18326,64218.96339884634,-35321.91857923996,0.30698490496077224,0.926834186558084,0.949
4422.78,GT-18343,-39420.95454727231,2360.3780135923153,-1.1744650166391106,2.891370871202421,0.853
4422.78,GT-18363,-77665.86693412399,-59305.57123878398,0.07881522953603322,-0.10678092039272098,0.938
4422.78,GT-18387,73814.28481612723,30506.499514570267,0.2823309678961804,-0.14779279867418235,0.926
4427.71,GT-18197,57240.07068243642,19212.282098296866,0.02936269696829224,0.23240678779489157,0.933
4427.71,GT-18257,-2489.759118186429,-42399.71662932196,-14.701453913922244,16.743845462909533,0.928
4427.71,GT-18295,-69214.0237961255,9282.48056817965,0.24060580083113653,-0.14365253657775745,0.928
4427.71,GT-18326,64224.46290074593,-35316.84161001699,2.293961666771251,3.82178085930502,0.951
4427.71,GT-18343,-39374.36247764918,2247.0637256602126,-2.8584038549068262,7.013948051873934,0.89
4437.54,GT-18197,57246.27443525531,19198.184083378994,-0.058688481731213604,0.40708268846281537,0.896
4437.54,GT-18295,-69216.97955332042,9284.422397545808,0.22489520205484292,-0.03753535901386708,0.952
4437.54,GT-18326,64218.5327866659,-35326.19442852842,2.3931163685233416,4.076865913897976,0.896
4437.54,GT-18363,-77661.13369866181,-59306.13342645199,0.07118441202396796,-0.14658872503640144,0.9
4437.54,GT-18387,73810.68635602987,30500.519090740436,0.45296079550693097,-0.15409016569668146,0.894
4437.54,GT-18415,55955.04586783261,-15479.564115097057,0.20422501497303494,-0.015967668464971746,0.953
4437.54,GT-18440,5347.420796295864,-70473.50406754846,-0.34973998967095693,0.06332614629263726,0.951
4443.82,GT-18197,57260.31704982012,19184.06437182259,-0.13944198241784886,0.6887568345672738,0.881
4443.82,GT-18295,-69215.22968648573,9281.886373063498,0.22716924220410953,-0.09824617242874317,0.874
4443.82,GT-18302,-91389.08818851598,90524.16866879599,-0.7115484450440376,0.4092462211566251,0.902
4443.82,GT-18326,64098.49708522821,-35528.89739634366,3.9257491157862403,6.430166245328768,0.904
4443.82,GT-18363,-77661.95716382716,-59307.0121739609,-0.03475770308610602,-0.18571015487502468,0.882
4443.82,GT-18387,73811.59354112913,30504.380084287277,0.5202435174866362,-0.3315532710602793,0.88
4443.82,GT-18410,-37620.81382076092,-13881.674094212298,-0.5730383436935903,0.11355657564379024,0.879
4443.82,GT-18415,55955.80604819451,-15477.467009572218,0.18730095859115903,0.04145935857067237,0.874
4443.82,GT-18440,5346.600240864543,-70474.36508337964,-0.34737344987887897,0.013303410034658653,0.868
4448.92,GT-18138,-749759.2675504615,-355676.6455472736,8326.48195920158,3394.958807067073,0.907
4448.92,GT-18222,4002.4576141312587,47508.637310085236,0.18498013971217533,0.03915215484191392,0.853
4448.92,GT-18295,-69212.98331742361,9285.441652140362,0.24806323733245772,-0.07922053215558808,0.934
4448.92,GT-18326,63920.34859389389,-35790.63461316413,4.201751740474216,7.290045605272411,0.934
4448.92,GT-18335,-85429.86992656637,-48280.95794251789,0.05270718874933114,-0.29828595669523394,0.858
4448.92,GT-18363,-77661.77068423721,-59305.367907680826,0.05348343015036895,-0.04727403203061712,0.938
4448.92,GT-18387,73807.33100798471,30504.84849549255,0.4651504779367947,-0.3511161639248849,0.93
4448.92,GT-18415,55958.61163307294,-15479.259337042307,0.15766779697065073,-0.022477658523585985,0.935
4448.92,GT-18440,5338.971476352486,-70479.61764758649,-0.28513291582118566,0.2494343814627986,0.937
4448.92,GT-18460,-3349.5135616125094,-39935.033186378816,-0.4043816379884465,0.8209258518537252,0.931
4455.51,GT-18295,-69209.13428895304,9266.93619233699,0.3685153174975558,-0.45704784462771963,0.884
4455.51,GT-18326,63696.64967014853,-36140.31535169479,7.823385179728802,12.824726452743256,0.946
4455.51,GT-18363,-77661.4766531955,-59302.76393604857,0.05138243821491342,-0.025238907937928056,0.896
4455.51,GT-18387,73808.38856438338,30505.81689303201,0.3026026067970914,-0.2548913840654823,0.884
4455.51,GT-18415,55956.90279818512,-15478.278352030313,0.0687929863926024,0.10736839813937815,0.893
4455.51,GT-18440,5339.1071837321215,-70478.81696750285,-0.2827876420034187,0.20682438238438652,0.886
4455.51,GT-18460,-3783.6995873576057,-39951.47020497067,-3.656882801473796,-0.18383800602385034,0.949
4461.29,GT-18222,4000.499853955685,47514.014994334226,0.2504194549754535,0.09241505766571474,0.895
4461.29,GT-18295,-69216.10275841207,9271.243209961553,0.13057376117246983,-0.28309666103869524,0.901
4461.29,GT-18335,-85434.63386176554,-48277.49884228612,-0.08517486184243134,-0.08962715282087962,0.885
4461.29,GT-18363,-77661.98771260041,-59300.72948506855,0.08898481473517039,0.022373961763017175,0.9
4461.29,GT-18387,73808.03644027427,30505.19351663229,0.2415081439085157,-0.05824928712747959,0.907
4461.29,GT-18415,55954.50744122339,-15476.184327567385,-0.0754199791411943,0.11591567183775832,0.901
4461.29,GT-18440,5341.90564942545,-70484.60041448326,-0.1458519484018994,0.011408129505666921,0.901
4461.29,GT-18460,-3630.9540088773065,-39934.49068254163,-1.3368042674701692,-0.11754857186472595,0.9
4461.29,GT-18482,57211.65217915527,19230.414614857717,-0.20416574132066062,-0.2988179764521834,0.882
4469.44,GT-18295,-69211.14212182724,9267.228069913448,0.15644918981889522,-0.13906187971275882,0.888
4469.44,GT-18363,-77931.25994036577,-59479.56010994179,3.240557213029036,2.416840455858195,0.903
4469.44,GT-18387,73810.22048586319,30507.515103317728,0.284455518006054,0.20071372119837755,0.893
4469.44,GT-18415,55951.75537949993,-15474.642641387418,-0.13703881214513547,0.14062181719557806,0.896
4469.44,GT-18440,5345.323077268078,-70484.27890666806,-0.013485184676829437,0.0183142492813132,0.892
4469.44,GT-18460,-3640.9313771651337,-39934.99115751385,-0.6670909882286173,0.036494150001280985,0.884
4469.44,GT-18482,57208.52124319295,19233.562753475653,-0.23722464829972445,-0.18816968193878186,0.884
4469.44,GT-18504,64258.635563937794,-35261.33491546757,-0.5601805566180538,-0.2829830223754011,0.877
4472.62,GT-18295,-69216.26438280304,9264.836072313965,0.13260903352519723,-0.06796319928635272,0.918
4472.62,GT-18363,-77970.05748219948,-59499.957313587656,3.4508012680145086,2.494418662397201,0.931
4472.62,GT-18387,73803.14079568557,30505.357031885156,0.17766494907015157,0.2091141461022294,0.93
4472.62,GT-18415,55948.85520130625,-15478.49465082879,-0.11538086967905543,-0.07955564805837304,0.937
4472.62,GT-18440,5344.609320536312,-70483.16815735257,0.0008079913924184164,-0.03825949514162953,0.924
4472.62,GT-18460,-3897.8218484741956,-39937.16389338186,-5.077235023458394,-3.4304789456651723,0.935
4472.62,GT-18482,57210.235442999576,19233.04382986558,-0.22526358153606024,-0.17761608461101044,0.915
4472.62,GT-18504,64426.96029530898,-35006.03218018467,0.30587248078380413,0.5468653947530916,0.857
4479.39,GT-18295,-69225.96797994532,9258.237066185877,-0.09318538559811046,-0.03310020592121262,0.9
4479.39,GT-18363,-78003.1679861,-59524.969682631825,3.2972445726322372,2.169155091434627,0.906
4479.39,GT-18387,73800.24130819125,30502.11469824398,0.08506134456385027,0.0986074722727758,0.898
4479.39,GT-18415,55947.10405144435,-15483.195468523689,-0.12479081336818086,-0.20273698222032796,0.901
4479.39,GT-18440,5357.676883946791,-70386.27910719381,0.6401004045578315,4.028224880586239,0.958
4479.39,GT-18460,-3850.9053628876,-39914.034783465606,-7.806796191623178,-3.234997738806578,0.951
4479.39,GT-18482,57207.91680512855,19234.700762380467,-0.24788679526369642,-0.09925533323386274,0.893
4479.39,GT-18504,64641.24488098282,-34678.260378911655,1.1775753348674178,1.6321816384374284,0.959
4484.2,GT-18222,3993.648925100009,47521.760277087385,0.3120180903275069,-0.12762606504276633,0.881
4484.2,GT-18295,-42365.69069204498,82637.357048856,0.12167131881966933,-0.3293469608207007,0.935
4484.2,GT-18363,-78041.26914218754,-59553.71259078659,3.3535662279887646,1.9552990089142213,0.89
4484.2,GT-18387,73805.0947130169,30499.645405036354,0.2372377106331392,0.0901855203819197,0.89
4484.2,GT-18410,-37615.553158303905,-13891.344330388272,-0.8074087004253742,0.07157558392151245,0.897
4484.2,GT-18415,55949.02640075248,-15485.112259347141,-0.042447912189428644,-0.23077982061790991,0.885
4484.2,GT-18440,5359.134062838516,-70391.30833818905,0.5742878471255338,3.3744521384971535,0.891
4484.2,GT-18460,-3627.776675590017,-39860.65052663613,-1.8078817286544346,-1.3101355913874402,0.899
4484.2,GT-18482,57215.63945462,19241.604139319392,-0.16262882989282285,-0.14331123657883046,0.886
4484.2,GT-18504,64554.561375844736,-34795.56373877035,0.3510618601256263,0.8346377869456884,0.888
4490.51,GT-18363,-78073.48089529344,-59573.860357422345,3.809659572043762,2.330133221992426,0.884
4490.51,GT-18387,73807.78101986065,30506.18195908251,0.27663842432253105,0.28357497609197796,0.886
4490.51,GT-18415,55944.73741811577,-15478.80216242676,-0.1372161969263247,-0.019742141607023783,0.889
4490.51,GT-18440,5345.862145165987,-70504.6767323329,1.1524437530235805,7.122380492815765,0.943
4490.51,GT-18460,-3511.7952958622773,-39676.94552798686,-4.138227702132794,-3.577886775587218,0.972
4490.51,GT-18482,57210.37739371341,19250.15087469126,-0.3565485441206739,0.05734958226818737,0.887
4490.51,GT-18504,64518.76091139023,-34851.7040213587,0.18444085123470283,0.4749247504820491,0.937
4495.7,GT-18223,-70594.4081272391,-83116.2412047136,-580.0787972899525,6.865361996317082,0.869
4495.7,GT-18335,-85437.98093133372,-48260.19349976962,0.1459640714836206,0.270577883753708,0.907
4495.7,GT-18363,-78127.69586680562,-59615.45370952922,4.23703122873483,2.4305140280882007,0.896
4495.7,GT-18387,73806.08538724294,30501.492664022353,0.1676519800349767,0.10513773983251817,0.901
4495.7,GT-18410,-37571.818531554934,-13901.311053862471,-0.7487140916214454,0.33692458628274335,0.905
4495.7,GT-18415,55940.63036581564,-15468.115917393596,-0.23652045655620696,0.29239354655372574,0.898
4495.7,GT-18440,5339.075020526539,-70537.2320976836,1.1055650351989308,6.6660087801050025,0.898
4495.7,GT-18459,90040.46907742966,-38284.5179520534,0.07074645480772856,0.04783133516711991,0.888
4495.7,GT-18460,-3441.9140629599224,-39683.43686057492,-1.7898883276452806,-3.035225262914418,0.913
4495.7,GT-18482,57214.53993094837,19258.761368038497,-0.2931007741323553,0.12209883865057454,0.89
4495.7,GT-18487,88892.4490729956,-14118.335007655325,-0.081190445125435,0.0011455593406725223,0.904
4495.7,GT-18488,-40340.466689668385,-8296.038662989607,-0.013255866008543962,0.005058043682332536,0.906
4495.7,GT-18504,64501.01496619426,-34868.61156377745,-0.5431376742003795,-0.43921329846130447,0.901
4503.78,GT-18363,-78230.99662697157,-59677.486938408234,5.628230081111134,3.3737324071495762,0.89
4503.78,GT-18387,73804.38193621427,30503.418094549525,0.11127859633919397,0.16824219416728983,0.886
4503.78,GT-18415,55935.90780483411,-15470.2261310552,-0.2867874671833176,0.05390018745429795,0.887
4503.78,GT-18440,5318.619148477545,-70638.45307195648,0.9368076403590937,5.727173679798427,0.887
4503.78,GT-18460,-3445.6735623343393,-39668.08835721755,-1.5005317245544596,-3.4262463807051193,0.886
4503.78,GT-18482,57215.934148406355,19259.712292242366,-0.19610902655894197,0.13673296067391663,0.891
4503.78,GT-18504,64433.07304368639,-34987.28253997706,-0.9164513210651186,-1.1063832482350273,0.897
4508.49,GT-18363,-78332.80353161348,-59751.590361038645,6.734431727460899,3.9171184422105934,0.89
4508.49,GT-18387,73794.45396384689,30503.57745380466,-0.017410092885931955,0.15255112595510714,0.89
4508.49,GT-18415,55936.605461690335,-15466.26904910934,-0.16998759046432413,0.1959601736567423,0.894
4508.49,GT-18440,5253.234313599738,-71005.66298884699,2.0542605366105615,12.564217339520447,0.898
4508.49,GT-18460,-3434.379991144222,-39625.0807678674,-0.9260184283554123,-3.564007408049091,0.892
4508.49,GT-18482,57215.48764345558,19255.224811452903,-0.17051209767127604,0.11962604250332257,0.885
4508.49,GT-18487,88896.30648084737,-14113.095228524275,-0.011438602623715398,0.04457632406576746,0.893
4508.49,GT-18504,64582.08691259209,-34766.69050790495,0.403069783706637,0.6035712249765838,0.896
4508.49,GT-18584,-69203.214949607,9266.4720265592,0.5649274725691198,-0.3428629549694475,0.868
4513.39,GT-18302,-91398.93801914928,90530.30733572495,-0.24111523047466277,0.047644656359045176,0.859
4513.39,GT-18363,-78484.40394248866,-59842.20745547972,8.286893311017119,4.987126416518415,0.853
4513.39,GT-18387,73790.6202972807,30501.622659736913,-0.10047375130536365,0.11708656924365068,0.938
4513.39,GT-18410,-37542.726409449955,-13905.396898643272,-1.244511777635755,0.5844350447903884,0.852
4513.39,GT-18415,55943.245071754456,-15468.041442071755,0.10406790902339008,-0.026674988785268708,0.929
4513.39,GT-18418,54160.45452701189,8368.464866140173,-0.0036662387213339566,0.02686359132872495,0.859
4513.39,GT-18440,5157.037663659849,-71497.40099481487,2.639324123120348,15.942005062986027,0.936
4513.39,GT-18460,-3405.4293993750207,-39590.73370407724,0.06016759598260324,-3.3929371447026995,0.863
4513.39,GT-18482,57210.85828679211,19250.630413035797,-0.25330844203924135,0.05352130326553679,0.938
4513.39,GT-18488,-40323.964914697965,-8294.947137105306,0.3665388371342208,0.05178490105279568,0.856
4513.39,GT-18504,64588.496944366314,-34768.603222873804,-0.35700718376410634,-0.9331252143781245,0.929
4513.39,GT-18561,-96046.36284115203,26940.437235899648,-0.21505581544629868,0.3616496903738455,0.863
4513.39,GT-18584,-69217.21179174689,9289.357964865721,0.24690866620100335,0.16492794572929312,0.925
4518.18,GT-18363,171033.0779736454,152158.20862373276,-386.7385234582446,-327.70003836003735,0.883
4518.18,GT-18460,-3395.0405105528607,-39371.33277955224,-0.19481832376888147,-5.52647069958272,0.895
4518.18,GT-18504,64563.25954350479,-34799.64026378437,-0.2074194621782416,-0.44961656937181904,0.904
4518.18,GT-18584,-69221.30740104057,9294.12186880199,-0.09241131615652151,0.5235971663124648,0.926
4525.26,GT-18387,73787.71925015369,30512.88093144601,0.08205683284929957,0.1717876055524558,0.946
4525.26,GT-18415,55934.469348003564,-15464.45149955487,0.32768092662982806,-0.20963946662756835,0.953
4525.26,GT-18460,-3403.7481329780708,-39166.626687950105,0.20459109363497166,-7.057113379684892,0.956
4525.26,GT-18482,57210.662587647515,19239.925200141053,-0.2571350689815883,-0.266131053162826,0.951
4525.26,GT-18504,64514.21935654103,-34873.473848383845,-1.115519697844236,-1.9010733721767283,0.955
4525.26,GT-18584,-69215.86592201958,9284.071478010846,0.03115959582082796,0.18705031388109694,0.952
4525.26,GT-18630,5344.632906860017,-70480.5891028228,0.07344338199965371,0.04609976007029045,0.884
4527.83,GT-18133,9818.178086128075,4878.599053685772,-0.09930900681429988,-5.694237460943437,0.904
4527.83,GT-18387,73790.1503702944,30510.458146476867,0.14298009527280886,0.12373602448786394,0.885
4527.83,GT-18410,-1303.8024411188028,-345132.0569671546,-179.96741972893028,1642.736857860725,0.906
4527.83,GT-18415,55936.371050427806,-15463.230933975046,0.31361969846987237,-0.23264495505409954,0.884
4527.83,GT-18456,-222887.5629307664,-414293.44501348457,807.217231046124,2006.8711085307023,0.9
4527.83,GT-18460,-3226.461593281117,-38770.65237368823,-2.264654208632696,-13.24247223962518,0.975
4527.83,GT-18482,57206.76392703821,19249.788943830146,-0.39822231620944076,0.1283367052294812,0.895
4527.83,GT-18504,64575.32091220275,-34778.71177754486,0.15945618127531236,-0.028032749486487152,0.955
4527.83,GT-18584,-69215.79559360984,9286.60797548007,0.029908990602619177,0.2252469504177734,0.892
4527.83,GT-18630,5393.117976915317,-70179.91369408097,0.3875524653499039,2.1273607788882405,0.934
4535.12,GT-18335,-85420.82694342153,-48265.11533952651,0.32437860253123024,0.10593926885652795,0.89
4535.12,GT-18387,-778613.8122056052,-6193.986202375287,5639.406944304596,242.76389854212516,0.91
4535.12,GT-18415,55908.34589568676,-15449.822717175324,0.30237833543315934,-0.46329512989126564,0.903
4535.12,GT-18459,90037.58772486565,-38301.81912293923,-0.10805255354631274,-0.12504003719480786,0.887
4535.12,GT-18460,-3186.3652568981997,-38425.73860442652,-2.7157973430843945,-17.688865102471677,0.903
4535.12,GT-18482,57209.026748933,19247.419621778055,-0.2849259973845282,0.03592667872517513,0.907
4535.12,GT-18487,88981.08459521037,-14282.477375219596,2.313887185896701,-5.343236079522515,0.904
4535.12,GT-18488,-40328.181773678945,-8295.527751021153,0.09746704387020784,0.04063668744225798,0.884
4535.12,GT-18504,64612.887293488944,-34725.59307500405,-0.42954239540202477,-0.8843594055368483,0.899
4535.12,GT-18561,-96028.1550340641,26948.03620398624,0.025944560937780123,0.2807648834796631,0.877
4535.12,GT-18584,-69217.77136483531,9292.767105465491,-0.07761939403468275,0.39515425300112017,0.897
4535.12,GT-18609,53420.661801508366,-84580.60461606123,-0.20315040094922499,1.7362199465881498,0.927
4535.12,GT-18630,5351.679011344526,-70333.01671499631,-0.1750995392641042,0.2867643637271424,0.9
4535.12,GT-18634,-77653.10638395151,-59312.90287564575,0.06674023289334456,-0.2768587944314198,0.899
4540.42,GT-18415,55900.49568819163,-15449.57990607345,0.44042637601153206,-0.506679881499105,0.896
4540.42,GT-18460,119222.33276778826,236156.2218893304,-132.41077360645684,-297.20613705558924,0.885
4540.42,GT-18482,57209.52427034979,19246.578338327454,-0.2642983042757119,-0.005390172574622031,0.899
4540.42,GT-18504,64622.137549710234,-34715.15802557457,-0.3266850097166547,-0.5444570883477491,0.958
4540.42,GT-18584,-69219.98454786075,9286.671562712423,-0.15095495783068785,0.18826885501579899,0.902
4540.42,GT-18630,5356.359555009965,-70370.5961925089,0.1660267060986319,0.0674404068446915,0.9
4540.42,GT-18634,-77652.76591272673,-59316.283551034736,0.05275017130132262,-0.32577980445397536,0.901
4540.42,GT-18649,15562.790564536384,72510.39738210938,0.9648225177510643,1.2262297886841966,0.868
4546.05,GT-18302,-91443.68361840086,90498.09682444921,-3.9704737924355857,-0.2921339426743592,0.902
4546.05,GT-18335,-85419.46673146453,-48264.570169281586,0.1929122744300758,0.14074304587368844,0.893
4546.05,GT-18415,114475.09966066394,-53092.59639175072,-56.0234976101908,36.61252339189303,0.879
4546.05,GT-18418,54157.848084049714,8364.646749226617,0.14147036263520943,-0.19705144834417176,0.888
4546.05,GT-18459,90042.68702888598,-38288.72968751581,-0.038686640858765026,0.22984517705022764,0.904
4546.05,GT-18482,57208.76452223838,19246.43588372153,-0.2781982519741091,-0.006372540110468376,0.884
4546.05,GT-18487,88951.13711059306,-14247.328226905702,1.1367681177731142,-3.3555877039607402,0.891
4546.05,GT-18488,-40327.612225995326,-8301.751053798549,0.07932457062872898,0.09650865281527526,0.869
4546.05,GT-18504,64655.88568550558,-34666.071013864996,-0.8963527775928021,-1.4078976528682012,0.898
4546.05,GT-18533,-39990.77554531723,59199.46111354136,-0.0675853242555464,-0.27417921901485837,0.872
4546.05,GT-18561,-96033.5904281358,26945.47341144864,-0.05249071979918472,0.18318009363208423,0.883
4546.05,GT-18571,3996.27731897038,47480.90974576101,-0.08686900372409481,0.007934633832591055,0.883
4546.05,GT-18584,-69224.64734535127,9276.3428364929,-0.0029624731845140865,-0.15020724106307115,0.892
4546.05,GT-18609,53425.94470533373,-84629.6068828747,-0.12943056309788065,0.2263581905578378,0.901
4546.05,GT-18630,5338.4585304408265,-70476.38598580565,0.07581151082563478,1.1988082758417389,0.9
4546.05,GT-18634,-77657.2201180003,-59312.04542776932,-0.1355617664759684,-0.11175611265348995,0.897
4546.05,GT-18666,73810.93859230986,30514.75854960603,0.019968853352679783,-0.6500643774997187,0.855
4555.37,GT-18482,57205.39167224453,19250.26345666425,-0.21707402350067342,0.0021368933991794924,0.886
4555.37,GT-18504,64816.61435374498,-34445.98443857485,-3.701643335851944,-6.001529103119588,0.897
4555.37,GT-18584,-69230.88665009441,9275.999061283468,0.017629271616489743,-0.03468826431669535,0.886
4555.37,GT-18630,5338.9126000743245,-70478.3476897929,0.14556191260760953,1.1237824364190685,0.882
4555.37,GT-18634,-77650.84457337405,-59310.65987076085,0.24666813920699032,0.007483191383556551,0.885
4555.37,GT-18666,73817.44176507358,30501.074328410123,0.1391715132701696,-0.4330290231158536,0.885
4555.37,GT-18669,-3610.4429582328794,-41612.30044319009,0.9455662423406453,4.739586073504499,0.886
4555.37,GT-18689,55969.06897158634,-15480.28748250109,0.1664124026568402,-0.08687906306745544,0.882
4560.97,GT-18482,57203.14801122804,19250.143284785823,-0.2409685540828893,-0.010502940674360306,0.875
4560.97,GT-18504,64999.48507777666,-34168.54816240542,-5.4679900420976075,-8.122095315694374,0.9
4560.97,GT-18584,-69227.39978088476,9285.430925167839,0.06466417065229428,0.2767558162492277,0.885
4560.97,GT-18630,5337.947130734127,-70484.4290356376,0.13426440893109645,1.0545264476631357,0.874
4560.97,GT-18634,-77655.59571977457,-59307.00691976023,-0.0076027125053175215,0.1339347824573186,0.889
4560.97,GT-18666,73821.54195157303,30496.954446845506,0.19720608668882028,-0.5040336351895643,0.884
4560.97,GT-18669,-3513.411618666537,-40988.647730042896,0.9650530100973872,4.451490592601811,0.896
4560.97,GT-18689,55970.67792886063,-15483.803529509953,0.21185428774552445,-0.07914373786744816,0.878
4565.94,GT-18482,57210.97578306346,19255.363991234146,-0.144053847530552,-0.035774561920021555,0.888
4565.94,GT-18504,65099.91948292226,-34027.4965833359,-7.5554712460596525,-11.229665693506725,0.891
4565.94,GT-18584,-69226.29857008025,9286.590489483775,0.06591790983864229,0.2623057999173391,0.893
4565.94,GT-18630,5334.304023840851,-70496.53487980185,0.09132671781768283,0.8321241515941502,0.88
4565.94,GT-18634,-77652.50375238783,-59309.560631315064,0.05350779371009771,0.16395436090530488,0.889
4565.94,GT-18666,73824.83698984812,30496.27391896888,0.17041679223226183,-0.5131522506622385,0.879
4565.94,GT-18669,-3630.848356134247,-41663.331089038336,-0.09966518979519035,-0.38206278953819783,0.955
4565.94,GT-18689,55972.435654182904,-15482.57041942111,0.19806340278332635,-0.09628178877869584,0.878
4571.3,GT-18302,93564.00892323449,94566.86775054925,739.2899559775823,16.254918048585083,0.908
4571.3,GT-18482,57209.2892409325,19263.903893214465,-0.21041404416355963,0.10420215160529607,0.874
4571.3,GT-18488,-118658.61889641396,-78599.21864306492,456.666981926457,411.4441257863816,0.859
4571.3,GT-18504,-255028.58621002658,107825.31714348319,425.65948091859116,-188.52927295289984,0.915
4571.3,GT-18533,63659.27085463446,-90848.12790187086,175.1540442333472,-252.7308483616829,0.903
4571.3,GT-18584,-69222.44457149321,9275.405324905778,0.12573150192913798,0.08013390543869259,0.877
4571.3,GT-18630,5345.476010327734,-70508.86153523566,0.4653080931592256,0.5883643240015922,0.946
4571.3,GT-18634,-77654.36435516975,-59311.21950980268,0.07149627754415212,0.17080584124031156,0.872
4571.3,GT-18666,73817.54941545281,30507.026061300177,-0.009638197845168374,-0.20261552082807627,0.947
4571.3,GT-18669,-3606.9168215476934,-41514.73898910601,0.16108718147441722,1.1316691331325455,0.89
4571.3,GT-18689,55968.549320573125,-15478.565020698383,0.08091211483686087,-0.10008555782195525,0.938
4575.0,GT-18482,57200.20166464843,19267.824203904547,-0.41803552286579937,-0.01697937630795299,0.882
4575.0,GT-18584,-69231.55247395663,9270.70803927031,-0.0492357464196605,-0.04802140710344583,0.891
4575.0,GT-18630,5324.40299441775,-70631.12800196238,1.2465933128884077,5.248283638810819,0.948
4575.0,GT-18634,-77661.99114146175,-59314.73188990367,-0.11123836097326767,0.12847873761746584,0.886
4575.0,GT-18666,73820.81951299551,30507.566591788363,0.08014742079237583,-0.1701299834598834,0.89
4575.0,GT-18669,-3634.453139678392,-41472.363211744014,0.39090583971536375,-0.6412891112893946,0.96
4575.0,GT-18689,55957.02613184354,-15476.551207228207,-0.07702819901320415,-0.08745538977825515,0.891
4582.14,GT-18487,88938.0347190431,-14170.15380417206,-0.4849122097897275,0.296926022888115,0.886
4582.14,GT-18571,4006.7123192876975,47506.80300025805,-0.028672957587829298,0.24273467595864673,0.895
4582.14,GT-18584,-69238.74620913883,9266.629904121542,-0.06401586734647637,-0.024037605700347995,0.896
4582.14,GT-18630,5316.0760937803325,-70691.4273453087,1.3744405822651011,5.809739084047936,0.898
4582.14,GT-18634,-77661.1574559222,-59320.54072093622,0.02164381011541898,0.07302035585480735,0.898
4582.14,GT-18666,73818.31665246465,30502.405792249276,-0.19287312858833,-0.257839715767495,0.905
4582.14,GT-18669,-3580.5304404549943,-41200.17742309107,1.0826947748052718,2.650593481069502,0.9
4582.14,GT-18689,55955.872712140015,-15477.612420679263,-0.08407690961238141,-0.07247233090709675,0.894
4586.2,GT-18343,214218.07147015465,-354511.19484978815,-2591.9346783480964,3635.4814525985603,0.918
4586.2,GT-18459,-48140.111260650316,-41415.380613532834,-1212.1190626753507,-26.982551912506977,0.938
4586.2,GT-18584,-69237.25555845496,9259.387069444425,-0.07284112285841701,-0.2509102171589489,0.939
4586.2,GT-18630,5305.6201456301405,-70846.29324007811,1.254634640899801,5.783739686080193,0.946
4586.2,GT-18634,-77663.05236782653,-59315.984894071735,-0.1144319335938619,0.27226147789990507,0.948
4586.2,GT-18666,73814.50306341668,30499.809493345114,-0.2677237451644884,-0.25946515901618505,0.937
4586.2,GT-18669,-3663.4701348304206,-41731.999305650796,0.1631639778929756,-1.6714805705020317,0.9
4586.2,GT-18689,55957.22804394876,-15476.877105393023,-0.04581137370047704,-0.05120372100376363,0.87
4586.2,GT-18765,57213.31307037947,19247.745211061974,-0.4404826869984329,0.12044280751007093,0.891
4594.59,GT-18584,238020.6791251466,-48963.974617663174,1259.4239385421706,-238.94662914163987,0.89
4594.59,GT-18630,5284.43407894774,-70930.85517449566,1.3824347877504624,6.630282017283013,0.857
4594.59,GT-18634,-77669.06977632068,-59320.90523299527,-0.3031025627584006,0.16075222033637745,0.941
4594.59,GT-18669,-3669.696480730222,-41774.11059543518,0.9149934732138568,2.8275415799525945,0.854
4594.59,GT-18689,55947.85164727553,-15491.527816494223,-0.21234248869173805,-0.25617972980650294,0.858
4594.59,GT-18692,-37666.513367792075,-13863.450651809986,0.22746865893261126,0.030013974569638453,0.86
4594.59,GT-18765,57206.1965490811,19255.921407366754,-0.2298384205405759,-0.007184209997829351,0.936
4598.38,GT-18335,-85447.79240615273,-48246.87439721334,0.4861625141351608,0.32167220834196625,0.861
4598.38,GT-18571,4017.1268457887104,47500.61725161471,0.2326974578640068,0.17947503138676826,0.859
4598.38,GT-18630,5208.261404857515,-71339.67298161324,2.387069310100428,13.216005277884637,0.904
4598.38,GT-18634,-77667.75607030245,-59323.56170184499,-0.26153366982452525,0.1148529163550004,0.861
4598.38,GT-18666,73816.21294346172,30510.73881554691,-0.2681419843218545,-0.11001937594544084,0.858
4598.38,GT-18669,-3662.3122205504337,-41682.0278231982,1.3192049591694162,5.388248573957105,0.907
4598.38,GT-18689,55948.18199623465,-15486.343873124535,-0.19513664082025645,-0.049768576567286414,0.855
4598.38,GT-18690,-27535.448412527152,71340.16930159726,1.5782342248909018,-1.5859391135952547,0.87
4598.38,GT-18761,-91477.118834107,90567.38651007517,0.20540154667478266,0.0892949560382426,0.872
4598.38,GT-18765,57215.759655235204,19256.690944633185,0.011817019967964276,0.110223599819292,0.862
4604.82,GT-18487,-781064.8516590082,-44906.64884742079,2480.2983344065774,87.90809262059713,0.873
4604.82,GT-18561,-96047.59397288905,26963.308453417998,-0.05083384115682696,0.3572180459491751,0.861
4604.82,GT-18609,53421.124693740945,-84667.02943793265,-0.4206152573607942,-0.24080608400736475,0.87
4604.82,GT-18630,5091.433341601809,-72127.96601205133,3.57315395335586,21.400941914971618,0.905
4604.82,GT-18634,-77668.59010184664,-59322.68213201221,-0.18565966790826272,0.07790741256906,0.909
4604.82,GT-18666,73818.63062400975,30523.08178929778,-0.16535217386063622,0.21101184291357417,0.909
4604.82,GT-18669,-3644.203927933979,-41579.42080532822,2.049149619890528,9.473011149509015,0.907
4604.82,GT-18689,55947.09660948747,-15496.191268059703,-0.14958235154603608,-0.3413443073583043,0.907
4604.82,GT-18692,-37660.026675227244,-13866.480689551583,0.3818254693394409,0.04109115611685003,0.882
4604.82,GT-18735,-40368.51761744406,-8261.687207758056,-0.15179047017654532,-0.2113640946064189,0.853
4604.82,GT-18761,-91485.81294568286,90570.18122416931,-0.07077182338863347,0.06411090385392523,0.874
4604.82,GT-18765,57212.70189491324,19250.915266890053,-0.0006859520196476135,-0.0465615381498915,0.909
4604.82,GT-18804,64754.5157190685,-34537.241815826506,-0.16694956500069902,-0.4233532969891378,0.882
4610.64,GT-18133,9802.019736816548,4894.487254033504,-12.488274759480358,2.315060538140386,0.888
4610.64,GT-18630,4838.281390303842,-73640.73737328856,6.322842382442952,38.33677573805781,0.888
4610.64,GT-18634,-77668.60017505563,-59325.41375895346,-0.2035873517170267,0.11369769322824327,0.875
4610.64,GT-18666,73818.62181045163,30520.356853642927,-0.1905086170821154,0.1336769477779277,0.883
4610.64,GT-18669,-3629.3293352659466,-41509.88877414884,2.4430801775146263,11.188910250803366,0.884
4610.64,GT-18689,55947.83358829233,-15494.221249949473,-0.16770294018170817,-0.39108443548387223,0.874
4610.64,GT-18765,57211.46425468665,19251.93825125812,0.002142783084823241,-0.03892868368540225,0.879
4610.64,GT-18804,64742.58759906044,-34556.107612844855,-0.7498415472997975,-1.2516109833994267,0.874
4617.56,GT-18561,146216.60689480515,-57246.19643606828,-548.4197880057961,189.9762134878016,0.903
4617.56,GT-18634,-77671.43997033949,-59335.40258436544,-0.17250596547066266,0.18639459452926918,0.94
4617.56,GT-18666,73826.71979908786,30514.487841403847,-0.1723536673394261,0.06572634042968972,0.937
4617.56,GT-18669,-3635.208771671107,-41537.94070558894,2.661239598648436,11.999982289308015,0.889
4617.56,GT-18689,55939.85586023995,-15478.31989886679,-0.2915567280635584,0.05906607834060573,0.942
4617.56,GT-18765,57211.040833583844,19245.152427395526,-0.24476171670350894,-0.030488116674445266,0.952
4617.56,GT-18804,64673.10418783853,-34654.60728431209,-1.1961484239060194,-1.7508148288531526,0.891
4622.66,GT-18634,-77672.45301993548,-59335.47049957617,-0.1570253536113946,0.20381587720646643,0.858
4622.66,GT-18666,73831.92854744657,30506.2746291038,-0.15357406443910207,-0.1467902999955928,0.875
4622.66,GT-18669,-3691.0759361114647,-41777.070919976584,2.2036954361390473,9.549114926446162,0.885
4622.66,GT-18689,55937.149387119796,-15480.99102916412,-0.24745179365763031,0.04838486846887105,0.865
4622.66,GT-18765,57210.02477966689,19245.62034356861,-0.255616038569508,-0.047283658627433424,0.863
4622.66,GT-18804,64707.89103073569,-34557.47957784901,-0.6824437492328235,-0.28558123076710495,0.898
4622.66,GT-18841,-69214.84288882144,9292.535283361618,-0.03578779072081434,-0.12180478448631915,0.946
4622.66,GT-18860,5355.802899017377,-70391.23814856884,0.7117406164154726,0.44822928334518936,0.939
4630.09,GT-18571,4014.159062196795,47502.18178191181,-0.03242046026224174,-0.10320032142124769,0.894
4630.09,GT-18609,53425.70234452549,-84663.78644153253,-0.17044009636171004,-0.0811282776796072,0.892
4630.09,GT-18634,-77680.17738286192,-59338.765315334575,-0.13357590177232936,0.21521976778396396,0.894
4630.09,GT-18666,73832.43856191276,30509.791103224976,-0.17896631298338309,-0.1645240315393508,0.897
4630.09,GT-18669,-3734.8982627903183,-41926.99554411519,3.0078958792781147,15.757901482041028,0.901
4630.09,GT-18689,55948.05955128062,-15478.505889530594,0.046434517767362016,0.0126496977682913,0.909
4630.09,GT-18690,-27507.42183943904,71337.30388430804,2.51331021132405,-2.125880832814387,0.888
4630.09,GT-18692,-37656.30156851424,-13867.171206285375,0.14926892962679733,0.00481274360880189,0.89
4630.09,GT-18735,-40351.93178288792,-8268.881750076273,0.1328065248216761,0.13048539944526832,0.899
4630.09,GT-18761,-91483.67334895855,90561.75478606074,-0.17543903942930056,-0.046935255401523365,0.888
4630.09,GT-18765,57215.1890844138,19247.74062150206,-0.10246934369242039,0.0007017582916345744,0.905
4630.09,GT-18796,54141.442942909925,8347.756843611065,0.1034805750428821,-0.579135824601687,0.874
4630.09,GT-18804,64677.1049529407,-34610.51133317879,-1.3038357113571664,-1.4787846303302776,0.902
4630.09,GT-18839,90037.05102153396,-38289.189169821984,0.06718726597125421,0.02726841305936592,0.885
4630.09,GT-18841,-69209.3847234413,9292.126523706658,-0.09451015644067134,-0.29727660345435286,0.9
4630.09,GT-18860,5341.4837449882825,-70422.19389722923,-0.05701246853690778,0.07112370969806764,0.903
4635.57,GT-18666,73830.48050625253,30526.29753475842,-0.5631376781726857,-0.01858912369570319,0.903
4635.57,GT-18669,-3859.4436712972665,-42470.595964669825,4.476786786346471,22.478522673488254,0.913
4635.57,GT-18689,55951.87742930355,-15477.012501557992,0.01668381609831039,-0.01840276893740607,0.891
4635.57,GT-18765,57219.12452322827,19248.461118119874,-0.16429217390135764,-0.004770132921787958,0.89
4635.57,GT-18804,64633.929500594735,-34687.60113617585,-1.9051155073023893,-2.821558374060899,0.912
4635.57,GT-18841,-69219.39857302065,9288.12891324164,-0.2881107758602926,-0.317986178750567,0.896
4635.57,GT-18860,5396.926746041526,-70115.80061532729,0.41853070456717817,2.4438071280065152,0.906
4640.43,GT-18609,53426.34166853649,-84662.93646782055,-0.12144106903116857,-0.1448779897357314,0.866
4640.43,GT-18669,-3956.9001190211966,-42905.705926324095,3.7676735635747107,17.11128952114617,0.91
4640.43,GT-18735,-40357.30325005895,-8272.321553335316,0.005976637854431699,0.06272198019465594,0.885
4640.43,GT-18804,64632.95378083551,-34694.28307580693,-1.5523702030036453,-2.349874473158727,0.901
4640.43,GT-18839,90043.82346461123,-38283.970617082865,0.12310294711786535,0.019661751248821954,0.898
4640.43,GT-18860,5397.097524281333,-70123.92688854494,0.8613796368517991,4.717473942150409,0.9
4640.43,GT-18888,-85450.06893422671,-48260.711442287444,-0.21732143392802225,-0.119843952505859,0.858
4645.86,GT-18666,73852.3712968697,30522.07700648257,-0.7873198860569193,-0.27025860388638495,0.945
4645.86,GT-18669,-4042.386978889203,-43249.4591931224,4.7302915121113935,19.591841369040477,0.904
4645.86,GT-18689,55942.263372731395,-15477.287630101975,-0.02451994354373606,-0.0793657602408125,0.884
4645.86,GT-18765,57220.26420390121,19244.8010229332,-0.13605759479257934,-0.2266248629566126,0.934
4645.86,GT-18804,64632.55961585431,-34698.99629614741,-1.4816253963797135,-2.342099668387605,0.908
4645.86,GT-18841,-69222.22985674578,9294.65032017024,-0.339121609587717,0.12243979680712917,0.948
4645.86,GT-18860,5398.2506617714635,-70112.96102133825,0.6832054549131797,3.9673197450278055,0.875
4645.86,GT-18895,-77638.9128641507,-59289.91631549582,-0.16375718530242547,-0.3668759312208918,0.935
4649.06,GT-18133,10180.824214063103,4837.962822217235,-5.904540803540085,-0.31560792779702324,0.857
4649.06,GT-18427,80935.73921358182,3608.098473189446,-0.01182500816827553,0.6205376783608921,0.863
4649.06,GT-18649,15474.945320843719,72308.17289418684,-0.39506714028145157,-0.2846711167896864,0.851
4649.06,GT-18666,73852.45920353384,30521.647048550716,-0.8519039360804699,-0.2891287929393216,0.889
4649.06,GT-18669,-4067.431869983363,-43274.73493336609,4.865447065838319,18.568180807713023,0.895
4649.06,GT-18689,55945.63641051663,-15481.67745694826,0.02175200496494506,-0.026009846828313844,0.896
4649.06,GT-18698,-6618.7657068651615,-40018.113457495965,11.653661109138572,0.29014310308242974,0.949
4649.06,GT-18765,57222.711055911845,19250.2453416823,-0.15035039573945963,-0.28343825232740105,0.875
4649.06,GT-18804,64612.6499453183,-34719.08566002772,-2.0144288136117714,-2.8848654371857654,0.947
4649.06,GT-18841,-69222.6241730222,9295.044662104345,-0.3523034984482886,0.1138237738740248,0.886
4649.06,GT-18860,5358.126405363089,-70363.07798474783,0.70729652803852,2.9369924580693327,0.943
4649.06,GT-18895,-77644.31789661427,-59289.669614628496,-0.25877077584012165,-0.316725743087076,0.881
4657.96,GT-18571,4009.7377153778516,47467.18671573504,-0.025543543144051495,-0.38042890109520944,0.89
4657.96,GT-18609,53412.950693921935,-84654.97043719684,0.10510138115883187,-0.0002128269370145694,0.877
4657.96,GT-18689,55936.199529396115,-15482.554111213934,-0.04763734375409814,-0.09340947166324602,0.896
4657.96,GT-18735,-40355.59382548603,-8265.610157507312,0.03339451360837205,0.16147779400778114,0.867
4657.96,GT-18765,57232.8393545631,19250.122443016895,-0.21170775201650846,-0.24152516177796007,0.893
4657.96,GT-18804,64652.996151088475,-34655.66180473817,-3.167201445700538,-4.766955362817609,0.898
4657.96,GT-18839,90032.84906946954,-38282.60489450885,-0.29764894710189005,0.028662371055580754,0.898
4657.96,GT-18841,-69220.309507228,9301.042155215897,-0.17344168422214717,0.1982870971856655,0.895
4657.96,GT-18860,5354.249571833194,-70385.05619384881,0.6830339085587682,1.953021307471008,0.903
4657.96,GT-18880,88865.71262430288,-14112.745661603776,-0.37163448964731527,-0.22692574757597406,0.871
4657.96,GT-18888,-85450.21964175148,-48259.313550550454,-0.07174209951259627,-0.0676509167328978,0.873
4657.96,GT-18895,-77653.90676675669,-59297.79111186798,-0.3117754208336211,-0.3561904390931838,0.902
4663.25,GT-18689,55935.889573269735,-15484.095875364143,-0.02604864655194394,-0.09577174326147335,0.855
4663.25,GT-18692,-37657.54799358724,-13863.120421830467,0.08496331193809131,0.0949947109200481,0.852
4663.25,GT-18761,-91467.53781379512,90571.0189810358,0.14334949057626242,0.1157487616987538,0.858
4663.25,GT-18804,64716.6977796686,-34564.31597344674,-4.3807368828153335,-6.668960164642093,0.857
4663.25,GT-18839,90123.57260782219,-38404.52815451596,-1.4231232155248101,1.511947220587862,0.884
4663.25,GT-18860,5351.31445107173,-70394.76323938227,0.6021889051141024,1.3161149664307024,0.856
4663.25,GT-18880,88863.76473495516,-14104.24418061306,-0.4371513562839766,0.1980289174625997,0.853
4663.25,GT-18895,-77653.93348098615,-59294.20633706523,0.031995258011037316,-0.10069300260238886,0.861
4668.09,GT-18609,-588938.6047842543,-96005.0364816841,4516.9209447973535,79.70423927730309,0.912
4668.09,GT-18689,55944.04162519535,-15480.47358846257,0.1512819548923842,-0.16245512594577727,0.852
4668.09,GT-18765,9768.334276950285,-114068.20666840367,90.7405738937959,256.14463928091953,0.952
4668.09,GT-18804,64806.02895069938,-34411.27341926666,-4.450965671004285,-6.438023115457785,0.868
4668.09,GT-18841,-69214.18611868177,9311.946506863449,-0.062075294240076906,0.3900090165324019,0.94
4668.09,GT-18860,5332.49438189964,-70424.65056529618,0.0554888822984434,0.4881674771249833,0.856
4668.09,GT-18895,-77651.339782764,-59296.26080953541,0.1577907944709607,0.04470748369696147,0.927
4671.98,GT-18689,55958.02077595335,-15482.66449028532,0.3678271383611094,-0.1634939947616349,0.862
4671.98,GT-18692,-37670.237816964305,-13845.911692523938,-0.127987754479633,0.2544656690253906,0.874
4671.98,GT-18761,-91474.98514019114,90571.81060086605,-0.09506510852314154,0.09625069436524161,0.887
4671.98,GT-18804,64980.357638011694,-34171.463556867806,-3.744365056746401,-5.7407944568726075,0.915
4671.98,GT-18841,-69213.26951035907,9303.18510039542,-0.02522852058319132,0.09226149222566843,0.864
4671.98,GT-18860,5308.919564973416,-70551.09157246252,0.7803123057533028,4.491784610796137,0.905
4671.98,GT-18959,-3354.828572012537,-39937.95553186191,-0.4849412415579496,-1.7822968742421363,0.905
4671.98,GT-18967,73821.79012011997,30506.39633150508,-0.011608231581857711,0.4818942396461113,0.851
4678.39,GT-18571,4009.4061053498704,47478.41991861131,-0.21067976066303606,-0.07434505468243408,0.853
4678.39,GT-18689,-140361.18892721698,776.5606656271634,-16.296851724972832,1.0464186806759679,0.889
4678.39,GT-18690,-27980.868967660193,71839.42171114031,8.435903730407823,-9.714731605587394,0.853
4678.39,GT-18761,-91472.28007155044,90568.9394404759,-0.010844333884441476,0.021576452095598456,0.851
4678.39,GT-18796,54117.27519895766,8373.631931329888,-0.2803385151254641,-0.04569807277814604,0.854
4678.39,GT-18804,65096.54040952014,-34017.0380877644,-5.929997522728545,-9.209468808499604,0.865
4678.39,GT-18839,90131.25554806532,-38421.39552002795,-1.2866025685388742,1.390563265591849,0.855
4678.39,GT-18860,5301.698495705152,-70600.74747461863,0.8202834745690276,4.1608700187354115,0.933
4678.39,GT-18888,-85445.43115790308,-48274.01125791608,0.05615258843690424,-0.42561886597782317,0.854
4678.39,GT-18895,-77649.16467683068,-59310.595180595425,0.12517695680945312,-0.25715845981113666,0.923
4678.39,GT-18959,-3345.276808858665,-39908.97166276766,-0.26663066962141946,-0.8629296324302025,0.935
4678.39,GT-18967,73819.46952848302,30504.904725153854,-0.016253575839652062,0.28681911067527216,0.934
4678.39,GT-18987,57210.49155890266,19241.207050542078,-0.4419046491261829,-0.22581720692801788,0.908
4684.2,GT-18690,38362.38282207375,79728.68140029111,-240.51508383178654,-28.039733923271477,0.953
4684.2,GT-18804,65217.36281889437,-33824.61032120408,-8.377418054358907,-12.92411614345827,0.86
4684.2,GT-18860,5229.83872234881,-70968.92099956784,1.6950141032300268,8.894384715817996,0.937
4684.2,GT-18959,-3395.0408570662075,-40228.20721056282,-0.7298969343466377,-3.71425411836836,0.862
4687.44,GT-18692,-37683.45960830626,-13838.556167670165,-0.017763603766438096,0.07763317394047886,0.852
4687.44,GT-18735,-40357.697238421424,-8266.061340658776,0.24487095955317362,-0.1900421445997202,0.863
4687.44,GT-18804,-27769.50608586601,-81641.57640433797,-96.50722591500136,-50.05059049832299,0.877
4687.44,GT-18841,-69205.94346235902,9317.406397050969,-0.048839327613855885,0.28465803442899024,0.859
4687.44,GT-18860,5206.335830584441,-71077.19489015797,1.664714257750994,8.832953272750618,0.863
4687.44,GT-18880,88868.18861855209,-14123.422652293653,-0.19069456839999077,-0.14328751657266614,0.884
4687.44,GT-18888,-85445.30091508137,-48256.706574405776,-0.1782369220343617,-0.11582290228200057,0.89
4687.44,GT-18895,-77665.86514236532,-59303.18566925091,-0.3233729267623306,-0.0015436434093391571,0.859
4687.44,GT-18911,-40012.473583241444,59223.95480446251,0.00191130860853031,-0.13835107272965505,0.883
4687.44,GT-18959,-3424.315095341805,-40435.18031435467,-0.9716327758761345,-6.082007924179579,0.91
4687.44,GT-18967,73819.1835167231,30503.606932946048,-0.010071295179808731,0.13116340603409088,0.855
4697.22,GT-18841,-69199.38513798654,9309.986170510465,0.0835099897251327,0.027193574949306104,0.863
4697.22,GT-18860,5153.677468898659,-71302.06467866682,2.219348945570843,11.53142176207506,0.862
4697.22,GT-18895,-77664.70232077118,-59296.66011252354,-0.2004027325764344,0.14227329212533973,0.939
4697.22,GT-18959,-3429.462511845512,-40448.22114816922,-0.5766173027695303,-4.074662189659536,0.929
4697.22,GT-18967,73816.57578115416,30514.474673169287,0.05350395199674725,0.22379110269394487,0.945
4697.22,GT-18987,57215.277271042636,19236.57603439662,-0.06480652757958888,-0.24015669477438864,0.857
4697.22,GT-19015,55961.550167907175,-15517.61523869971,-0.3885657382264048,0.08586315642478279,0.927
4702.94,GT-18860,16444.394230072267,-31576.48665423372,13.237002285788224,45.99587598419079,0.885
4702.94,GT-18895,-77666.34492418569,-59293.32692817016,-0.16455905238759055,0.10761053517725765,0.929
4702.94,GT-18959,-3417.897596129579,-40339.940679109066,-0.931420476755902,-5.829631773120952,0.862
4708.73,GT-18841,-69194.21771612915,9314.634970141995,-0.23444785843493565,-0.04359013689428187,0.901
4708.73,GT-18895,-77662.74511573475,-59298.26815814332,-0.0366511089428761,-0.06480242118869663,0.905
4708.73,GT-18959,-3400.985760912573,-40237.18014732277,-0.25121293181372,-1.9237962618153777,0.901
4708.73,GT-18967,73827.6042499177,30517.603835295675,0.4904529167709085,0.1977024898436575,0.907
4708.73,GT-18987,57364.753265394946,19153.62133343991,-3.4639853022948452,2.5579255820362956,0.911
4708.73,GT-19015,55958.25870634055,-15516.470322527188,-0.28526829470652015,0.10517580705445308,0.891
4708.73,GT-19062,64254.72835495374,-35268.37344310152,-0.23281583554198448,-0.09269208563895184,0.862
4713.96,GT-18841,-69196.89783720646,9314.68254545473,-0.29695164126154827,-0.18262505805403315,0.889
4713.96,GT-18895,-77598.94708039537,-59271.6207357052,-0.7022198806297211,-0.2578741585682579,0.899
4713.96,GT-18911,-40002.9114709703,59239.25060891084,0.07448331007814506,0.24824232468018467,0.883
4713.96,GT-18959,-3380.3599092547265,-40149.4222890996,1.281984932321027,1.2502058462373684,0.914
4713.96,GT-18967,73827.47349490008,30519.294556185567,0.4298430891846602,0.15912134364154074,0.894
4713.96,GT-18987,57362.97185544346,19147.480308495407,-2.6312708818245882,1.8070781865342347,0.899
4713.96,GT-19015,55961.674084510814,-15500.11884440973,-0.22175148322061228,0.19633430652431935,0.894
4713.96,GT-19062,64494.23249517254,-34893.76692220623,-0.3298939794682893,-0.07072536815220308,0.903
4719.46,GT-18735,-40419.76948601591,-8260.026132311965,1.2293028038911482,-0.47675585927444686,0.862
4719.46,GT-18841,-69187.52186731683,9323.458500573284,-0.22416015155378977,-0.32263123680787853,0.94
4719.46,GT-18880,88977.99788409777,-14115.587794775103,1.560880444265957,0.2107814927726232,0.858
4719.46,GT-18895,-77574.88100425727,-59279.07987676352,-0.7585958988363688,-0.4834151055685897,0.938
4719.46,GT-18943,-96024.43783762594,26948.394696928823,0.028855990494568773,-0.04770249133400306,0.861
4719.46,GT-18959,-3380.1889606519367,-40169.90628607453,1.345406100279234,1.660944389361144,0.854
4719.46,GT-18967,73819.6542196819,30509.677479005335,0.3167228980313229,-0.1610981015088895,0.939
4719.46,GT-18987,57343.53590680095,19159.625443412322,-2.2038304194190355,1.5074006256464652,0.861
4719.46,GT-19015,55963.200107569304,-15496.988718766734,-0.2027932112876712,0.181694785948449,0.855
4719.46,GT-19062,64449.64712778598,-34966.13061064943,-0.6847277088826772,-0.6198064334618647,0.939
4723.65,GT-18735,152811.04568455365,-31690.58821409328,-931.6723637524253,113.19969814717035,0.885
4723.65,GT-18761,34864.16772446883,-168401.78275998027,-259.8365964436143,535.0191256597699,0.877
4723.65,GT-18841,-69189.14357381585,9331.924160380591,-0.3851137854895166,-0.48405550978166345,0.951
4723.65,GT-18895,-77564.21981659654,-59269.5644504083,-0.9206045497950963,-0.49133681177015853,0.943
4723.65,GT-18959,-3375.3430302907495,-40019.04991160931,0.975515694354295,0.14932088171453037,0.954
4723.65,GT-18967,73818.22239749158,30507.034643947765,0.3006280731550842,-0.14330546523176096,0.945
4723.65,GT-18987,57323.999476166755,19175.191948320426,-1.43165637216687,1.1790533043173896,0.951
4723.65,GT-19015,55954.899355253496,-15502.497387325253,-0.11956130751806324,-0.08692102113583906,0.956
4723.65,GT-19062,64395.19445623185,-35046.08771854678,-0.8222453852276355,-0.4593914837238518,0.956
4728.29,GT-18841,-116745.53244072161,-231471.56347281148,70.78025021295282,360.1791119631919,0.934
4728.29,GT-18895,-77557.00118779755,-59260.75068969992,-1.0442695299194016,-0.45426381028331214,0.893
4728.29,GT-18959,-3358.0699606311778,-39851.04767787739,0.4639527083717495,-3.179969366104042,0.944
4728.29,GT-18967,73817.13883673232,30503.372345043746,0.2444625348976863,-0.1530860134806748,0.885
4728.29,GT-18987,57318.05219938564,19181.281909966674,-1.4187659248301463,1.1992635709678414,0.891
4728.29,GT-19015,55951.994287485824,-15507.172625923635,-0.18387249838207903,-0.21987951728223398,0.893
4728.29,GT-19062,64538.7594586872,-34836.00531496682,0.5051002042864817,1.2387291183643745,0.957
4733.37,GT-18839,90276.22572078515,-38626.79619236597,-3.272807413634813,4.052869769894726,0.86
4733.37,GT-18880,88978.39510544622,-14117.681880643622,0.9049352488992859,0.12662997133382856,0.85
4733.37,GT-18888,-85427.80496494706,-48259.81926369039,0.14247033573238524,-0.3080888242584103,0.865
4733.37,GT-18911,-40005.25669773572,59225.964266523784,0.030908853792767865,-0.3331330972043913,0.863
4733.37,GT-18959,-3369.1970538978076,-39752.05044861705,0.5189094068237491,-2.3993731708695414,0.851
4733.37,GT-19015,55952.591710180335,-15504.01549122824,-0.15609748396298437,-0.17483103635146216,0.917
4733.37,GT-19066,-37645.059273547886,-13877.325054136012,-0.035822384019640385,-0.03770869503732985,0.854
4740.11,GT-18895,-77479.21212323105,-59221.487836990585,-1.7962211909494943,-0.6407086786264367,0.948
4740.11,GT-18943,-96049.3316257361,26908.609279556287,5.454295532718333,6.303691544428799,0.853
4740.11,GT-18959,-3406.3811723396425,-39637.155009700924,0.7218029571016482,-3.3320541398136396,0.952
4740.11,GT-18967,73807.90560962391,30514.906330001413,0.07941645815542811,-0.11276764223908774,0.948
4740.11,GT-18987,57326.6498221937,19169.03865307478,-1.3495696069329388,0.7802520727607871,0.947
4740.11,GT-19015,55952.95246605197,-15501.67839980012,-0.10403513243072007,-0.13513560616524545,0.948
4740.11,GT-19062,64528.099153047886,-34844.246866689966,-0.7836866320184094,-0.4081099626065991,0.941
4740.11,GT-19066,-37598.113873365255,-13969.504684115758,-0.9639038170638958,2.3162028849432232,0.861
4740.11,GT-19117,5353.846540408467,-70317.41477778424,0.119980315128144,-0.01319492016301868,0.945
4740.11,GT-19135,-69220.02422940145,9268.935319678647,0.10421857666920667,0.238239927920531,0.947
4745.08,GT-18450,63939.339033163116,-194619.91107582065,-698.6781842228111,1170.6265840711096,0.87
4745.08,GT-18895,204180.458444188,51508.033101669964,484.228131623996,190.21473701533685,0.93
4745.08,GT-18959,-3409.977412460548,-39566.56445928416,0.9908253115665644,-4.000936670165784,0.88
4745.08,GT-18967,73800.63276902991,30521.087139477517,0.06895363729384063,0.06183735299980546,0.878
4745.08,GT-18987,57314.85423293118,19178.22892167022,-1.4443675480731502,0.8933677463773151,0.878
4745.08,GT-19015,55959.79350464513,-15504.6963135865,0.0614244683708636,-0.1491019023784086,0.872
4745.08,GT-19062,64476.724942969166,-34914.80221692061,-1.2377303478944945,-0.7820518514708732,0.954
4745.08,GT-19117,5434.345870994828,-69827.975964509,0.600904456894036,2.7654222178865315,0.885
4745.08,GT-19135,-69224.02557811438,9271.480650056377,0.22390577235394382,0.16403864765400267,0.936
4752.26,GT-18959,-3554.7316948632183,-38969.88382117069,2.7385914431303173,-9.684560182836984,0.911
4752.26,GT-18967,14547.834715177558,-116167.88743728833,-11.8899443640174,-28.78322187300348,0.94
4752.26,GT-18987,57354.948131760924,19154.406487079148,-1.656926313562186,1.0277364423484523,0.904
4752.26,GT-19015,55973.66470950627,-15495.618650302757,0.3576485964701009,0.18915235453202858,0.91
4752.26,GT-19062,64485.825324155594,-34931.7456713988,-1.509529502302182,-2.0947983896447386,0.905
4752.26,GT-19066,-37439.99558434826,-13965.824464694177,-4.007585366888144,1.9455970028598846,0.873
4752.26,GT-19117,5397.175496731281,-70163.96800837311,0.057501355644284054,-0.37392465939874053,0.909
4752.26,GT-19135,-69223.46057952353,9274.466597756407,0.05720539317557641,0.2290720004427271,0.91
4757.24,GT-18427,3104.8556476334948,7659.235664613619,-691.0613758232008,37.07811147772534,0.878
4757.24,GT-18959,5982083.373052427,-3505047.5361194657,-51287.020277311734,29695.047442824118,0.921
4757.24,GT-18987,57356.90477336616,19151.92928672555,-1.8550738931501045,1.1249828743233143,0.874
4757.24,GT-19015,55974.58065581069,-15497.434596659903,0.3496306025143618,0.21396573802342167,0.87
4757.24,GT-19045,53419.569874810506,-84679.6169916224,-0.1900219701621119,-0.39051997408327394,0.918
4757.24,GT-19062,64466.23066483084,-34963.14019702697,-1.0334212939270728,-1.3093253779490597,0.885
4757.24,GT-19117,5373.371199333082,-70292.68533142364,0.18867499769315468,0.20310950900705707,0.888
4757.24,GT-19135,-69223.32540075907,9274.56235750835,-0.01357001603481639,0.17868511206186055,0.876
4757.24,GT-19136,-91456.8152473348,90551.49728152186,0.5549363793738037,0.10934978990217425,0.909
4763.01,GT-18943,-96139.07261696235,26799.03978829165,3.7865543805476687,4.612320362514026,0.873
4763.01,GT-18987,57383.709045623065,19122.0241113427,-2.0540842166420052,1.0672057838731899,0.885
4763.01,GT-19015,55974.50160675489,-15494.7074399458,0.3242612061911436,0.2869108158308803,0.872
4763.01,GT-19045,53418.87043775284,-84680.12051258134,-0.15434650620623386,-0.3510163670128083,0.882
4763.01,GT-19062,64447.341003976086,-35000.50223765112,-0.5551791543128473,-0.7524226604569528,0.906
4763.01,GT-19117,5370.196753256345,-70343.02734495321,0.3088739636875367,-0.26215343240920086,0.889
4763.01,GT-19135,-69219.61682792501,9272.232038034643,0.06579759360513798,-0.15904342497022633,0.88
4769.59,GT-18839,-23352.604347484747,-13757.098209399983,-12.797126585120443,2.0021149562359195,0.857
4769.59,GT-18911,-40006.79289837763,59223.32298579276,0.03940846563017796,-0.19811698298773772,0.872
4769.59,GT-18943,-96202.93599862998,26734.157325018474,2.8385317302102293,4.041654026284759,0.883
4769.59,GT-18987,57423.03134626712,19100.21710376335,-2.4338356731526036,1.456218220815587,0.903
4769.59,GT-19015,55969.07063685724,-15496.45964789368,0.24660760860790717,0.3274731804259959,0.9
4769.59,GT-19045,53420.111389502425,-84681.8105462914,-0.10500749297430867,-0.3359358351537633,0.868
4769.59,GT-19062,64475.53252946276,-34965.50889671419,-1.1893584210761945,-1.8106779623419926,0.903
4769.59,GT-19066,-37453.43713205467,-13953.850987906135,-2.773748742331669,1.4628287315650517,0.89
4769.59,GT-19117,5370.29260856873,-70346.92866483578,0.23996951689867718,-0.5228120224673924,0.908
4769.59,GT-19135,-69224.24182305046,9270.00023757937,0.07947506696902516,-0.1512107664672447,0.903
4769.59,GT-19144,3976.265641687788,47514.0484045727,-0.0344343613254042,0.720601200795427,0.886
4769.59,GT-19191,-3324.268939654685,-39881.32898853457,0.05592487631645305,-0.03853492612444606,0.877
4769.59,GT-19193,73802.5943376145,30518.90133926763,-0.031212554209677425,0.14864575079360803,0.894
4775.06,GT-18943,-96215.92937301139,26709.397263232942,2.996941199024671,4.138520882772203,0.878
4775.06,GT-18987,57475.66737119505,19060.677730254916,-2.942190940619779,1.890887652708703,0.898
4775.06,GT-19015,55952.110344960245,-15493.095941776355,-0.15381990598253836,0.4704120204470527,0.896
4775.06,GT-19062,64449.55416598412,-34995.104731860316,-0.630561883024217,-0.8650860566969631,0.909
4775.06,GT-19117,5400.511950689433,-70172.66656955749,0.9319331478253478,3.8090387042421794,0.902
4775.06,GT-19135,-69229.66439414454,9271.197379945437,0.060625947076929115,-0.07525587392773878,0.891
4775.06,GT-19144,3976.04989655411,47517.60518731392,-0.0250899461691359,0.7065333627441064,0.861
4775.06,GT-19191,-3324.0543362125245,-39883.275309765006,0.2628218052955519,0.3026851566548063,0.898
4775.06,GT-19193,73803.97314184449,30516.299022295778,-0.2992606135569954,0.07458998921295279,0.902
4775.06,GT-19205,-77660.82151710107,-59326.77987185868,0.1837144234018521,-0.46788820769577544,0.896
4778.52,GT-18698,156045.14995269894,120066.58340313753,-1676.3750385921533,-1654.0650793890977,0.934
4778.52,GT-18987,57523.68728688063,19017.77456817848,-3.767216565282985,2.403330208910382,0.922
4778.52,GT-19015,55960.46345713008,-15505.85795112187,0.0007594559324229783,0.3611677797115478,0.939
4778.52,GT-19062,64424.37056732372,-35034.724037005486,-0.25581613003131976,0.015431086357473145,0.959
4778.52,GT-19117,5402.057490295584,-70108.7786792553,1.553828822152445,8.178367535250478,0.952
4778.52,GT-19135,-69235.81621481826,9272.036425105633,0.07811234097621486,-0.051038992894526215,0.919
4778.52,GT-19191,-3324.5685727651057,-39879.090519589285,0.3077468735570139,0.2577308326821725,0.932
4778.52,GT-19193,73803.18828665563,30516.184787904167,-0.30697459262886023,0.09022100980354224,0.919
4785.86,GT-18880,89005.80806136462,-14123.581836049038,-1.0894358380656746,0.11722711611456654,0.877
4785.86,GT-18911,-39998.95470072802,59226.38081107357,0.2533736733405955,-0.09783016637897496,0.875
4785.86,GT-18987,57609.49585797533,18958.245129434254,-4.878352729382058,3.249562918888006,0.896
4785.86,GT-19015,55955.94111149989,-15511.92837271189,0.04337338500877098,0.4169081854026332,0.899
4785.86,GT-19044,-27293.48723225382,71102.5538333484,0.16767355139725104,0.15373365221547286,0.893
4785.86,GT-19062,64441.86077197536,-35020.64554408333,-0.8668420770271908,-0.7947775855240007,0.901
4785.86,GT-19066,-37281.509402414325,-13977.846597005793,-4.632567304740804,0.5562605565538358,0.915
4785.86,GT-19117,5405.238204921375,-70083.9075174446,1.320787744680953,7.194041364046521,0.898
4785.86,GT-19119,54154.3239288925,8355.63291310489,0.08799149830309341,-0.25693335960459357,0.899
4785.86,GT-19135,-69235.47455365352,9267.083610919239,0.1787001688382402,-0.01257368241558341,0.89
4785.86,GT-19191,-3323.7572303955385,-39884.16870942798,0.2620793849620777,0.12855250401365054,0.899
4785.86,GT-19193,73802.02253323884,30517.12604343899,-0.33076056141428756,0.043797885520690014,0.89
4785.86,GT-19205,-77663.39805815018,-59317.491793204514,0.017835363794003897,-0.25193697986627817,0.898
4791.05,GT-18987,58046.41604996847,18636.069543495654,-9.212664500563871,6.273714483212286,0.949
4791.05,GT-19015,55952.8856815068,-15513.967766859309,0.0837475180736477,0.4795601988086139,0.872
4791.05,GT-19062,64414.50741689133,-35100.4923868529,0.6455678076511162,2.0592869307173203,0.912
4791.05,GT-19117,5380.980601081225,-70242.62229401039,2.087179886396961,11.046181803940225,0.91
4791.05,GT-19135,-69236.78542614759,9262.298372658233,0.1932627379598762,-0.016012847428297415,0.878
4791.05,GT-19191,-3340.292162328862,-39895.83938034172,-0.2615848587532126,-0.12822731313418093,0.887
4791.05,GT-19193,73824.55339007957,30523.751262371272,0.5763584936999475,0.30218037483503674,0.954
4791.05,GT-19205,-77658.55817194484,-59314.56490995581,0.09087384097206878,-0.18670383937944332,0.878
4796.43,GT-18880,-258662.982628037,143611.9999120815,-6050.273061072797,2744.543339869459,0.858
4796.43,GT-18943,-96307.2776463559,26566.536680333025,3.3854270946198106,4.440491866834325,0.87
4796.43,GT-19044,-27298.888573700955,71099.35404331204,0.07510902503863519,0.00040188204163033037,0.856
4796.43,GT-19045,53418.74730793484,-84678.00245412323,-0.06701069405379514,-0.14203011984324185,0.856
4796.43,GT-19066,-37324.31250358398,-13960.48896414126,-4.141728300684541,0.827377850161427,0.869
4796.43,GT-19117,5369.290156329588,-70377.83613127736,1.7212954407013445,7.070696850380506,0.852
4796.43,GT-19119,54148.78875915457,8361.274244483733,-0.050293119270042236,-0.0378796851636809,0.87
4796.43,GT-19136,-91460.25318451344,90547.81556349785,0.274868770532147,-0.19590644551746753,0.855
4796.43,GT-19170,-40334.10907612963,-8296.415377412555,0.2844603482050319,0.10200506673610125,0.851
4796.43,GT-19193,73825.48422691457,30524.43522757093,0.5123223977124968,0.27104414355052964,0.934
4796.43,GT-19205,-77655.46987211364,-59310.23960788764,0.11898055688376592,-0.13337470074352026,0.923
4796.43,GT-19232,90021.25965544827,-38273.45476574276,-0.3379360321012542,0.03040470807198875,0.854
4801.56,GT-19117,5289.131509245302,-70855.0436038486,1.695700733863446,8.428343722472084,0.964
4801.56,GT-19135,-69243.6315608393,9267.523459319293,0.2986378930877856,0.30947983512323657,0.876
4801.56,GT-19191,-3209.4481092205183,-39889.36279655858,-2.265772488558497,-0.1688960327832284,0.953
4801.56,GT-19193,73819.95782331341,30522.136131790212,0.2685264635781876,0.19914155698476574,0.89
4801.56,GT-19205,-77649.12729691673,-59317.98803342588,0.29281224005840323,-0.3414123561776278,0.952
4801.56,GT-19281,57221.42342135693,19231.091494272798,-0.2874660769112751,0.4561434413576002,0.903
4806.23,GT-19044,-27309.418321804635,71100.52771164518,-0.013113691692879369,-0.027729761959629107,0.88
4806.23,GT-19045,53420.62532794238,-84686.307798442,0.057418019198671844,-0.1166322014781126,0.885
4806.23,GT-19066,-37054.354253472724,-13973.694786880034,-7.424757152076902,1.1640920174465592,0.892
4806.23,GT-19117,5271.531883128124,-70935.62319846309,1.7163003636283636,9.101359773375648,0.904
4806.23,GT-19119,54146.944444322326,8362.169325704392,0.04921638804808583,-0.021522716645420673,0.874
4806.23,GT-19135,165856.54552529284,179674.53182844387,-299.8870449355533,-217.5971763176901,0.883
4806.23,GT-19136,-91465.7272809117,90547.40382191866,0.11819239732143273,-0.17041580018287375,0.876
4806.23,GT-19144,3977.726022638203,47507.6303519336,0.21635079523269726,0.2044716561985966,0.887
4806.23,GT-19191,-3199.9915922350647,-39879.54510284115,-2.179963681990193,0.03147879840848371,0.902
4806.23,GT-19193,73820.38082127855,30518.790639533443,0.36963162010754336,0.036170097070558654,0.901
4806.23,GT-19205,-77646.99281834616,-59321.013811245735,0.39457788571314856,-0.5061541265905332,0.908
4806.23,GT-19232,90023.3295521691,-38272.34944865585,-0.1868074247492194,0.08881975294549016,0.881
4806.23,GT-19281,57230.052526455576,19252.073785066463,-0.17543750570685385,0.3039056101053095,0.904
4806.23,GT-19304,64281.73511337501,-35261.59250658071,0.4242558570296253,0.02952829421546649,0.866
4809.84,GT-19066,-37023.347405113105,-13984.820480154707,-7.847730427747274,1.1695664390613303,0.898
4809.84,GT-19117,5262.338321641293,-71002.96877943247,1.731418202400426,9.52076937527297,0.874
4809.84,GT-19119,54149.82091305429,8360.130272677357,0.12907648469560368,0.0015872175379442813,0.883
4809.84,GT-19136,-91471.04473195234,90545.77068439014,0.07505249775680185,-0.17371704964926096,0.892
4809.84,GT-19144,3978.619975349592,47504.18516894931,0.23251459196648785,0.16992575324248727,0.888
4809.84,GT-19170,-40330.9128942192,-8284.045085831978,0.30520758861545394,0.3013780785686292,0.895
4809.84,GT-19191,-3050.2816420283366,-39867.30061272935,-3.8946642944419225,-0.05665972674465705,0.905
4809.84,GT-19193,73820.37269503233,30520.64873140126,0.310149914208833,0.01805129839222332,0.867
4809.84,GT-19205,-77647.14400819494,-59321.379942822605,0.3910580586994607,-0.4938291923035235,0.87
4809.84,GT-19281,57220.8019642406,19253.65166221352,-0.15164916926219527,0.27137763807353965,0.879
4809.84,GT-19304,64503.25004009294,-34902.202374131404,0.5367763197893234,0.24599541226715194,0.905
4817.77,GT-18943,42628.03777409905,86746.65854006486,412.77500949868335,179.30684018130347,0.914
4817.77,GT-19191,-3027.523669821889,-39864.2018093372,-3.8867354536494223,0.03361540434038138,0.948
4817.77,GT-19193,73815.16930691923,30518.497067960037,0.1156670981923392,-0.04844213589492877,0.947
4817.77,GT-19205,-77641.11666937056,-59311.71368064512,0.37121627934263757,-0.19329075144766575,0.888
4817.77,GT-19281,57219.10374688,19248.519747444876,-0.23935877519982196,-0.10557502553496118,0.891
4817.77,GT-19304,64462.36861344473,-34961.03405992504,-0.08406623533577745,-0.3395534349570198,0.893
4817.77,GT-19323,-69219.50509511662,9293.310624135653,-0.15997127688224932,0.37551421205252655,0.935
4820.36,GT-18549,2048819.0795759046,-713136.6454050362,-16808.991571438197,5417.9118079160335,0.871
4820.36,GT-18915,-8555722.43001585,1142277.9445284777,136688.14723386132,-17346.440954042067,0.851
4820.36,GT-18947,-29121.085319542595,-90604.97564993805,507.5950321764774,790.3837612682282,0.869
4820.36,GT-19044,-27307.92872271423,71091.82697615941,0.08088374595212072,-0.17517963499811395,0.872
4820.36,GT-19045,53432.128590723274,-84685.9647442281,0.30434239840971633,0.009699254691930987,0.868
4820.36,GT-19066,-36714.602735054454,-13999.088208293164,-12.873567605948292,1.5231759186973413,0.901
4820.36,GT-19144,3974.3124598726326,47508.204402115174,0.33229820098205776,0.18093675093004957,0.857
4820.36,GT-19170,-40333.78957172342,-8284.416649912504,0.18129739733768818,0.22918445080182875,0.867
4820.36,GT-19191,-2902.1861036009013,-39857.265588715214,-6.525565354005271,-0.16958425064760402,0.914
4820.36,GT-19193,73814.62088970825,30520.498465584267,0.06813440318183625,-0.04151835981738279,0.885
4820.36,GT-19205,-77639.38943634409,-59314.736383252,0.3375886232158804,-0.18082849923567704,0.889
4820.36,GT-19281,57219.499743104076,19248.387350481455,-0.1545775121152004,-0.2322941315322712,0.893
4820.36,GT-19304,64606.22818311276,-34740.581764474606,0.6172098309394667,0.6102810132341221,0.912
4820.36,GT-19317,88892.86100176854,-14118.105353174335,0.18768593582506796,0.6354299333898433,0.87
4820.36,GT-19323,-69218.98791434371,9294.685041251101,-0.1706061600157499,0.3682807427763284,0.876
4820.36,GT-19328,-39981.977663959115,59204.114928206815,-0.06757416122833408,0.1043388163509888,0.867
4830.1,GT-19191,-2886.8605810383747,-39866.11986298222,-4.927121249081427,-0.3716904545162134,0.869
4830.1,GT-19193,73822.432784958,30527.469357829355,0.049952717616293045,0.01744050674747081,0.859
4830.1,GT-19205,-77643.76541166818,-59315.17011050553,0.1406647198277162,-0.15422520387060867,0.863
4830.1,GT-19281,57222.679190105904,19248.079669086557,-0.05977209589980864,-0.16333477089424214,0.866
4830.1,GT-19304,64542.296181894395,-34819.8208083096,-0.521805183155289,-0.37764406458238253,0.867
4830.1,GT-19323,-69233.71014270371,9288.7805154968,-0.26321257594582376,0.12123210607747598,0.855
4833.25,GT-19045,53427.75529360622,-84690.73157909108,0.21022029383797874,-0.0037737531662494755,0.874
4833.25,GT-19066,-36645.7828387345,-14007.271135698977,-15.368639943306121,1.9093434940724956,0.857
4833.25,GT-19119,54157.494320830534,8352.578375858582,0.11052208880037064,-0.10929772367233755,0.864
4833.25,GT-19136,-91673.86208113404,90508.7032178283,3.805412985564099,1.6693960794823384,0.899
4833.25,GT-19144,3977.3759781966096,47503.93890505736,0.512715894572003,-0.07775427726253911,0.882
4833.25,GT-19191,-2674.4420085206166,-39850.96003187608,-8.199707326204587,-0.5378772383034294,0.908
4833.25,GT-19193,73828.87862169383,30517.48316140254,0.031104643525668763,-0.19788892655514712,0.893
4833.25,GT-19205,-77643.9959031682,-59307.58027058253,0.03894089650209093,-0.01751110178189156,0.898
4833.25,GT-19281,57226.161137963056,19246.334795663613,0.016666342205335735,-0.22587624607640353,0.894
4833.25,GT-19304,64527.874732775825,-34839.19976786894,-0.5884084813090165,-0.4883758833275894,0.902
4833.25,GT-19317,88894.43578170943,-14113.583310916983,0.12412175892854446,0.5282719349621182,0.856
4833.25,GT-19323,-69229.07159542352,9282.816866091407,-0.05730683905102324,-0.07275616687100148,0.892
4833.25,GT-19328,-39983.050543334066,59215.51281261577,-0.13845871613279326,0.33394951408136064,0.87
4833.25,GT-19361,55950.76920359605,-15501.850019207506,-0.08710952912425801,-0.18952737546186957,0.883
4833.25,GT-19368,5536.911686488241,-69412.7789931973,-0.4333771451656,-1.8091609438217973,0.911
4837.34,GT-19144,3969.847941744891,47511.048173308154,0.43704111882370045,-0.06252355886556483,0.877
4837.34,GT-19191,-2651.277428602639,-39839.669714523596,-7.149617157737455,-0.1935159099523257,0.893
4837.34,GT-19193,-233935.89297109016,-123227.02569330993,476.18898507510505,237.73507324811942,0.932
4837.34,GT-19205,-77637.64407556537,-59308.53601853147,-0.044781716933304024,-0.048461052679195024,0.877
4837.34,GT-19232,90036.75448524205,-38258.92812710937,0.2115580696201479,0.10138537190365263,0.874
4837.34,GT-19281,57229.613038468975,19246.357814122122,0.04441353664667317,-0.2527940107020535,0.878
4837.34,GT-19304,64625.96678758299,-34674.79995092771,0.5350090066909794,1.4248774784139413,0.908
4837.34,GT-19323,-69229.22734500587,9278.853915288484,-0.03851023984587594,-0.0893369421545134,0.878
4837.34,GT-19328,-39994.53967404085,59217.43152872352,-0.3997642420161757,0.636100770600277,0.883
4837.34,GT-19361,55948.197003541754,-15503.4580053978,-0.06608874870346226,-0.18995448189235223,0.869
4837.34,GT-19368,5564.552420506516,-69255.36780360667,-0.27075288095973293,-0.6448495983799609,0.91
4844.22,GT-19045,53428.22263240207,-84689.25563774316,0.13295801173333605,0.07867589439004946,0.857
4844.22,GT-19066,-68407.289130102,53108.295658924384,-1471.509355726569,3044.1813230958255,0.851
4844.22,GT-19136,-91719.71361544161,90469.0525520727,3.8543292074601014,1.1355750785147931,0.86
4844.22,GT-19144,3968.7294722517295,47502.06700695921,0.34580018185573735,-0.24616944404756852,0.855
4844.22,GT-19170,-40276.16266486844,-8125.751948206161,-1.2054088885453822,-2.68010993946746,0.853
4844.22,GT-19205,-77646.5476692862,-59328.304498018726,-0.2671787128486445,-0.5250270309117568,0.939
4844.22,GT-19281,57228.552017369955,19248.30423954999,-0.0358362429797141,-0.15043331170997543,0.855
4844.22,GT-19304,64582.60547378859,-34751.775260239316,-0.609718400168378,-0.7617476563733714,0.864
4844.22,GT-19328,-40001.19255867999,59219.52572567127,-0.4010353164132598,0.43636408108736346,0.857
4844.22,GT-19361,55960.40962101952,-15512.724226453813,0.2612043336671101,-0.20913021888452604,0.933
4844.22,GT-19368,5517.982197892358,-69523.75033952508,-0.3036105951654149,-2.1097296667441157,0.859
4848.19,GT-19044,-27318.207478951736,71085.15465824865,0.15568624702060282,0.028124546478736412,0.879
4848.19,GT-19045,53424.32023697685,-84685.34551539113,0.10701276558305126,0.13228872617142906,0.884
4848.19,GT-19119,-92673.02822213338,-145500.59729821375,-1373.8110650536407,-1439.8502782261878,0.893
4848.19,GT-19136,-91742.70834983105,90458.75076725903,3.7531838090123255,1.0539330014422157,0.894
4848.19,GT-19144,3966.109912230589,47504.86465543724,0.3609005266944774,-0.29228353000631685,0.875
4848.19,GT-19170,-40274.777519133604,-8124.60791642165,-1.1331115485062884,-2.5630676644695916,0.883
4848.19,GT-19191,-2498.4928234133213,-39823.78185096961,-9.039318706049151,-0.26368832492133054,0.886
4848.19,GT-19205,-77646.51649167217,-59328.63879075453,-0.2847673649753698,-0.451524543531475,0.882
4848.19,GT-19232,90042.21682813804,-38261.77216411218,0.24928124784314856,-0.08234210293168436,0.878
4848.19,GT-19281,57230.93474790052,19248.244863780143,-0.11044252825307797,-0.14431035156192054,0.877
4848.19,GT-19304,64561.708449352285,-34777.09807920187,-0.5852877305222176,-0.5533000867418059,0.909
4848.19,GT-19317,88881.91375265957,-14133.07537076888,-0.41326719735245987,-0.122755487197106,0.883
4848.19,GT-19323,-69221.8929987265,9283.582922738893,0.013493192590851539,-0.02888876847533884,0.876
4848.19,GT-19328,-39998.54958101379,59217.791088386504,-0.2895558425610886,0.31255220473225287,0.884
4848.19,GT-19361,55961.211927776756,-15510.753396845563,0.26473525984298,-0.16480071615702946,0.88
4848.19,GT-19368,5541.7366236981725,-69393.19260745712,0.05107741847133758,-0.4609874522806987,0.908
4848.19,GT-19377,-85422.23115045835,-48259.37398413899,0.010872416056866525,-0.24311196860399228,0.858
4855.37,GT-19191,-2225.2025500889827,-39804.32270876428,-12.111811973940316,-0.5592096369134174,0.948
4855.37,GT-19205,-77625.77543812065,-59317.95386279794,-0.31028334733130686,-0.19611452911001842,0.954
4855.37,GT-19281,57236.18701367068,19251.99425749694,0.032458989247057354,-0.04893380653206553,0.955
4855.37,GT-19304,64588.4256912228,-34734.56604624285,-1.2577883885306766,-1.5491984727862036,0.881
4855.37,GT-19323,-69220.16958725221,9272.820608141685,0.05668848026987987,-0.1236658681218985,0.952
4855.37,GT-19361,55951.6319001563,-15515.561275607353,0.03063124704013275,-0.2719044415120233,0.882
4855.37,GT-19368,5538.758762648449,-69425.87850083104,-0.38349141003899334,-3.036913774852871,0.89
4855.37,GT-19434,73810.2114894355,30518.028147508252,0.0585772280419803,-0.2434800942516271,0.873
4858.36,GT-19191,-2062.5127004101005,-39788.70545007417,-13.126277040287098,-0.5832757676405587,0.924
4858.36,GT-19205,-77623.16364792113,-59314.26444319092,-0.36636363188673526,-0.2519696393372523,0.909
4858.36,GT-19281,57235.74936259481,19250.569901390187,0.03553313707348872,-0.08823055206881483,0.921
4858.36,GT-19304,64600.05582597148,-34710.66057250232,-0.8433860498608319,-1.0444585940054925,0.929
4858.36,GT-19323,-69422.36621266509,9370.312874480585,3.7379044402781476,-1.7316133686413655,0.883
4858.36,GT-19361,55949.76832100171,-15512.049578750786,-0.08152213500502155,-0.16392144456729113,0.907
4858.36,GT-19368,5534.616800898715,-69468.44387230946,-0.4215674425048346,-3.042240809437172,0.929
4858.36,GT-19434,73807.33017227238,30518.328728467808,0.0018505249133968782,-0.24261933238732367,0.908
4865.4,GT-19044,510514.1711435673,-243965.73367513786,-2684.8554963092483,1572.1189683513892,0.901
4865.4,GT-19191,-1935.8708531555876,-39779.32014453755,-16.13685011011927,-0.7383620034723639,0.882
4865.4,GT-19205,-77615.6526467557,-59307.16970146977,-0.6552460278727048,-0.29758392818031,0.88
4865.4,GT-19281,57235.87640461724,19251.98661117742,-0.0006740466009623521,0.026911409476991374,0.888
4865.4,GT-19304,64616.034771708386,-34687.750225842625,-1.2116043503946599,-1.7255580824550105,0.955
4865.4,GT-19323,-69465.60125089462,9386.78914608343,4.558303606067823,-2.132005463647588,0.881
4865.4,GT-19361,55948.41285241598,-15510.894221046277,-0.2300022199399261,-0.08286921359146338,0.89
4865.4,GT-19368,5555.166983960982,-69287.59236414109,0.22670772612601964,1.9387352380310512,0.95
4865.4,GT-19434,73804.66090718842,30512.81334154734,-0.045801393124754834,-0.27496902490236386,0.879
4869.74,GT-19191,-1081.274749619037,-39728.03018695872,-23.33037967416499,-1.3107208704131716,0.931
4869.74,GT-19281,57240.23422012666,19257.170406522968,-0.056853891870393164,0.07077313288869713,0.936
4869.74,GT-19304,64698.627610431504,-34568.48764425481,-2.8068873024142738,-4.1760274860488815,0.943
4869.74,GT-19323,-69644.86741484486,9478.621384569296,5.92626648771404,-2.302968412664747,0.937
4869.74,GT-19368,5519.578142317332,-69463.47786226486,-0.9325836067124909,-4.286340131734077,0.943
4869.74,GT-19434,73798.74523996064,30517.34290251131,-0.2269963458565527,0.002219519229851838,0.935
4869.74,GT-19441,-37573.38610252561,-13875.647779271842,-1.005663961005053,-0.35099478603555945,0.864
4875.8,GT-19136,-91925.78193384218,90402.94156695734,6.167057217073427,2.2752019205466967,0.858
4875.8,GT-19144,3958.776051263674,47520.31830695403,0.7882303938661694,-0.15350769359994437,0.852
4875.8,GT-19170,-40281.033958356704,-8119.705857397303,-1.1082744339857178,-2.310009606374738,0.851
4875.8,GT-19191,-463.95660109887905,-39688.48705519728,-30.119565897063058,-2.017433347998938,0.852
4875.8,GT-19281,57255.27455878677,19257.891679331333,-0.04655455941148698,0.001314569049937292,0.854
4875.8,GT-19304,64779.63870274494,-34446.8124744312,-1.6226617803265846,-2.5093966588889094,0.942
4875.8,GT-19323,-69823.0279632189,9533.900676556166,7.339242350118882,-3.1167574395592084,0.858
4875.8,GT-19328,-40007.355690644865,59209.21044142697,-0.2791068062773951,-0.10060123112405048,0.865
4875.8,GT-19361,55949.11486206958,-15501.659543261274,-0.2433109996453959,0.20853381488340222,0.851
4875.8,GT-19368,5513.866130948982,-69487.9859376113,-1.1149153467960253,-5.869472912514998,0.859
4875.8,GT-19434,73802.77024893559,30517.661196400262,-0.026421245031474565,0.010386146854203195,0.854
4875.8,GT-19460,54130.08509495357,8362.999152211964,-0.12618946203995057,-0.014840448905113473,0.856
4881.1,GT-19144,3963.6058209342455,47522.85812846828,0.8654733223268432,-0.1997393519261214,0.874
4881.1,GT-19170,-40271.049047825676,-8108.245181464099,-0.9748277880486561,-2.338513380041032,0.882
4881.1,GT-19232,90018.5432105459,-38235.12852272388,-0.10714414515081302,0.23250800070327898,0.879
4881.1,GT-19281,57262.1029668429,19250.635662656357,-0.15476347957534797,-0.00791983727280484,0.89
4881.1,GT-19304,64895.121690368665,-34258.591003655565,-3.6978254855137784,-5.769283667832475,0.915
4881.1,GT-19317,88873.44221933684,-14109.351987578817,-0.5044802966304262,0.4098969294969712,0.879
4881.1,GT-19323,-70168.91160627383,9676.996307992993,10.36282208995903,-4.263296199966033,0.901
4881.1,GT-19361,55952.663729803695,-15498.45375030294,-0.14729307383301238,0.26688878812797856,0.899
4881.1,GT-19368,5528.317263654978,-69415.08941662591,-0.6484901498200716,-3.825619778853512,0.905
4881.1,GT-19377,-85436.6366215641,-48244.2790000442,-0.17047501983030333,0.06591336416512121,0.882
4881.1,GT-19434,73803.80230603216,30511.865368784627,-0.0835391412941606,-0.20917004284415394,0.899
4881.1,GT-19460,54131.00342983693,8363.63968269383,-0.08852441586235571,0.011996609672859891,0.876
4885.52,GT-19136,315820.41674029507,-319994.03435749776,1011.0305388693895,-1016.4578794425518,0.92
4885.52,GT-19281,57270.852580240426,19245.174118234205,-0.2662840685736045,0.02766942334331358,0.871
4885.52,GT-19304,65036.62483333226,-34037.27979041032,-5.4351673295648775,-8.553398683398703,0.949
4885.52,GT-19323,-70428.4421480777,9786.778114674431,14.700655517101676,-6.153278476980441,0.882
4885.52,GT-19361,55954.51049375766,-15496.92082097319,-0.11821495598570769,0.30139702915591676,0.889
4885.52,GT-19368,5517.778981811527,-69510.09499404731,-0.34728028378038167,-2.747788511659322,0.953
4885.52,GT-19434,73804.16239309595,30507.56185633668,-0.1310953620998296,-0.3424491909271715,0.887
4892.37,GT-19281,57304.22821167255,19240.345076754496,-0.6500860051121461,0.057960356690217235,0.903
4892.37,GT-19304,65257.37107982372,-33679.367348933294,-8.332976664337686,-13.202618491096212,0.915
4892.37,GT-19317,88875.75416757954,-14105.413084204485,-0.27292749736876903,0.31075977654127196,0.854
4892.37,GT-19323,-71750.66849426735,10349.947331381854,29.401390485504372,-12.179569229795234,0.911
4892.37,GT-19361,55950.794846047414,-15493.031046498407,-0.2710891552139582,0.4579704873475024,0.908
4892.37,GT-19368,5521.938942318482,-69483.10132426015,-0.6641411007013065,-4.994632207958256,0.916
4892.37,GT-19377,-85443.87569469473,-48236.11629202384,-0.29675360481877894,0.18781771629213156,0.854
4892.37,GT-19434,73810.70087341595,30518.72677192467,0.18876155731971633,-0.05098652229154538,0.91
4892.37,GT-19460,54147.91163010557,8376.311263785808,0.03680866155288329,0.20612519478278712,0.868
4892.37,GT-19553,-77664.23747336483,-59319.860469722385,-0.05504895007238869,-0.4681661791721632,0.906
4892.37,GT-19556,-3280.171306510328,-39874.77662466517,0.08518998946368178,-0.04700793998566137,0.911
4897.81,GT-19281,57323.974155609096,19239.967874473325,-1.0128406136497397,0.13387218929838893,0.878
4897.81,GT-19361,55949.04507948382,-15493.29183025141,-0.2590771314370295,0.4439601561961637,0.876
4897.81,GT-19368,5520.413078631494,-69524.12921192752,-0.6930732192988519,-5.232263986796557,0.907
4897.81,GT-19434,73799.76430190922,30518.85110086237,-0.07007864871863094,0.009269710791345642,0.894
4897.81,GT-19460,54147.99882337509,8378.248746603853,0.038460358803677194,0.19818096963558388,0.853
4897.81,GT-19553,-77665.1769710592,-59320.5660484313,-0.045320436694270126,-0.46187534695460997,0.874
4897.81,GT-19556,-3607.4874184427745,-39890.72539332528,-2.4164001404316733,-0.22130225963464278,0.908
4904.6,GT-19281,-145542.55212922124,168581.10890961453,1040.1252299144876,-765.2531791339846,0.863
4904.6,GT-19361,55957.65053320576,-15496.843552266384,-0.09108420382284302,0.4604671477897684,0.947
4904.6,GT-19368,5550.984753504069,-69346.2241176953,-1.0820891555010177,-8.21373763271189,0.951
4904.6,GT-19434,73800.47625475333,30526.415331202876,-0.13461408269369407,0.31039218820631276,0.951
4904.6,GT-19553,-77666.9003349625,-59318.452502055516,0.072807749818734,-0.3059188092395539,0.94
4904.6,GT-19556,-3539.0167322499206,-39894.18855549623,-1.1559346684235605,-0.4111370593379728,0.946
4904.6,GT-19610,-69235.18838216992,9290.946563702591,-0.1745258377071017,0.18041933412698608,0.888
4909.61,GT-19170,-40261.59866983639,-8029.7628146950165,2.7652217832735535,-5.85632823030219,0.872
4909.61,GT-19361,55952.93304964378,-15500.122096937797,-0.10342816928907847,0.4897734906027618,0.921
4909.61,GT-19368,5538.639849830658,-69382.79706574137,-0.7589175826328434,-6.312838097399872,0.9
4909.61,GT-19553,-77668.18887659554,-59304.50771308309,-0.3786982227065839,0.035370887452033095,0.935
4909.61,GT-19556,-3358.077757593949,-39871.87048228698,-0.6857413530636572,-0.07547220605318805,0.959
4909.61,GT-19610,-69240.00967748105,9285.02346094142,0.11721204998630108,-0.16634897213304517,0.932
4909.61,GT-19620,64270.50326553022,-35262.664796816454,0.47359380565079673,0.5841890967525254,0.936
4916.37,GT-19232,90026.32778524693,-38171.445414975686,0.6068301897928563,-1.248343377731305,0.9
4916.37,GT-19317,88886.62807980378,-14131.872850053003,-0.12061086274219508,-0.1540562926898381,0.874
4916.37,GT-19361,55960.88048322914,-15507.506018392925,-0.09579853351684203,0.41362491986368766,0.894
4916.37,GT-19368,343894.5727202608,37003.7586992871,737.1896617368169,230.47389725824175,0.939
4916.37,GT-19377,-85452.59994760761,-48245.6892836434,-0.25579856547004154,-0.18484606812030296,0.902
4916.37,GT-19434,73801.77813656561,30521.879843147344,-0.0069011332438066696,0.12811986432432718,0.9
4916.37,GT-19441,-37352.988302798985,-13841.783705263038,-1.956291372401715,-4.751886933282484,0.888
4916.37,GT-19460,54145.48473620744,8372.135898593886,0.07085954521352922,0.11419274080162906,0.903
4916.37,GT-19553,-77666.99131524199,-59304.44513062271,-0.42996454554375413,0.04145007902929389,0.891
4916.37,GT-19556,-3356.239814748418,-39867.56268383793,-0.5881700057708872,0.09315372845071704,0.902
4916.37,GT-19610,-69230.62592486425,9272.15205849925,0.09358133433514891,-0.10700377493903049,0.906
4916.37,GT-19620,64273.10757201142,-35265.289554198906,0.46076204765751333,0.44346300984789333,0.895
4916.37,GT-19624,4042.89213084903,47466.72789985215,0.7115917701651339,-0.3417972626948797,0.874
4916.37,GT-19629,57199.650077907245,19251.969542195453,0.2610307466661665,-0.06281118783435485,0.882
4921.29,GT-19361,55964.066039725876,-15513.275239188948,-0.13924525217311068,0.5130268510594242,0.871
4921.29,GT-19434,73796.6338749374,30519.799467643745,-0.02803000706050203,0.11296070140958038,0.879
4921.29,GT-19460,54143.408304884564,8371.364674243825,-0.0850637822218582,0.14691948017390238,0.893
4921.29,GT-19553,-77660.97071066231,-59304.202974204585,-0.32205409193419265,-0.01078838403098287,0.881
4921.29,GT-19556,-3196.705618603312,-39859.12228179342,-1.5407766706053923,-0.09561382622359438,0.902
4921.29,GT-19610,-69232.90668487168,9270.448395929336,0.05482021871899738,-0.09020183051845822,0.879
4921.29,GT-19620,64450.17949481275,-35011.016229874695,1.2638279601962243,1.4620394209916876,0.909
4921.29,GT-19629,57209.99640707055,19248.53232509422,0.3493144403068603,-0.1698226920496096,0.883
4926.86,GT-19170,-40304.465052754415,-7838.17224817663,1.582382489959089,-6.2259098532731905,0.851
4926.86,GT-19361,131031.22683189315,-18286.602169569884,-352.0172834850228,12.813127358116843,0.914
4926.86,GT-19441,-37060.06657446273,-13744.407929369883,-6.9656974608878635,-3.0152420540510634,0.867
4926.86,GT-19460,54143.13662376339,8375.918702977866,-0.07532500747686646,0.25785600663536473,0.853
4926.86,GT-19553,-77649.41485975122,-59309.66396867643,-0.0543958631123021,-0.11305622603058993,0.856
4926.86,GT-19556,-3189.634021332147,-39862.568436104084,-1.460066892892913,-0.18311873430430706,0.859
4926.86,GT-19620,64423.9316173439,-35043.76744655349,0.7312404478559972,0.9318175854553599,0.854
4926.86,GT-19624,4025.12167343951,47459.25861359966,0.16600019579917002,-0.008894890006952594,0.857
4926.86,GT-19663,5581.084869231233,-69278.54315451835,0.20942884831072284,1.7476122518239552,0.919
4931.76,GT-19434,73788.50703757987,30518.704191633296,0.09201802916370064,-0.18269698946641166,0.855
4931.76,GT-19553,-77562.6589493684,-59354.689200280336,-0.6352398508114151,0.21695314667678348,0.866
4931.76,GT-19610,-69231.66934461563,9272.444029330647,0.09854891176557581,-0.0055198201013318335,0.851
4931.76,GT-19620,64369.929137496714,-35111.144392965194,0.21704926191630936,0.741058998259382,0.938
4931.76,GT-19629,57201.76400410661,19245.39841606121,0.1572329419383904,-0.11020700377284967,0.855
4931.76,GT-19663,5454.946142571667,-69911.66678458425,-0.29587438777207953,-0.7977865840817706,0.939
4936.85,GT-19317,67843.54645907645,164973.70366884844,26.681586940119182,-226.126471315716,0.854
4936.85,GT-19434,73799.23255542178,30519.852340229976,0.3754425984627837,-0.11948755778438797,0.929
4936.85,GT-19536,-39486.35564483119,2471.189134580128,-2.46623170300935,5.99399610795209,0.861
4936.85,GT-19553,-77561.16219408561,-59346.56821000734,-0.45295559054819134,0.23756459723465628,0.943
4936.85,GT-19556,-2941.100460534942,-39842.486365986195,-4.904220599251388,-0.5404937154819678,0.957
4936.85,GT-19610,-69232.36188801134,9277.60511126718,0.17812039274024763,0.04380994408115735,0.944
4936.85,GT-19620,64374.71823257905,-35079.69708942039,0.06644895627386987,0.4205920474820657,0.964
4936.85,GT-19629,57203.70673210812,19250.411153974746,0.2277467993338056,0.029708356568804047,0.929
4936.85,GT-19663,5442.136912636864,-69970.29695137303,-0.3862919437255845,-1.4665576620001453,0.936
4936.85,GT-19704,55990.73637583089,-15472.59925880986,0.31878438640343254,0.046844514870551524,0.914
4945.18,GT-19170,-65229.150567831566,50943.50838781021,-28.26171242008252,66.7605591053956,0.886
4945.18,GT-19180,-3692.967498488734,-44167.034235093946,-2.7428937806859617,4.921942886726339,0.852
4945.18,GT-19434,73795.03704189489,30511.232360230893,0.3788844041914343,-0.33589177519986235,0.902
4945.18,GT-19536,-39394.916520737,2242.047531559706,-3.569123921745759,7.933898195704724,0.94
4945.18,GT-19553,-77564.59132923627,-59347.07480213367,-0.6744352546821926,0.24091734092773387,0.902
4945.18,GT-19556,-2944.4887207019237,-40050.930743264296,-2.8412190353296136,8.21779518056755,0.953
4945.18,GT-19610,-69223.66530900264,9276.196977880923,0.2240192020655716,-0.042003668754422824,0.906
4945.18,GT-19620,64535.53342631248,-34829.90822041696,1.013778839672693,1.7270147624148184,0.963
4945.18,GT-19629,57204.07975351775,19246.674578008413,0.17409675465544022,-0.014545007284491762,0.894
4945.18,GT-19663,5416.328633777362,-70104.1405785716,0.2053864672201292,0.7503363349120078,0.954
4945.18,GT-19704,55987.45180045118,-15471.480909340095,0.19692378135828342,0.07037165658818104,0.897
4951.34,GT-19377,-85451.44698579848,-48238.847568119585,0.031049257558692252,-0.11962453240479293,0.893
4951.34,GT-19434,73775.61231630154,30517.46818034306,0.2521265145908447,-0.5235893319044764,0.904
4951.34,GT-19553,-77564.64463694404,-59348.11332938962,-0.9303165601966352,0.23495148678740957,0.899
4951.34,GT-19556,-2694.5757092565855,-40371.432679410325,-4.636431698495783,6.472072288106759,0.91
4951.34,GT-19610,-69223.55385072975,9281.835835933782,0.17298725279347582,0.04896335976537909,0.902
4951.34,GT-19620,64547.96794976587,-34807.082321182854,0.5605533140198824,1.047877155904368,0.901
4951.34,GT-19629,57191.9452961542,19240.497366279593,-0.36943506920179214,0.0937330696841919,0.908
4951.34,GT-19631,-96033.88803280918,26947.49763653726,0.04671546332128538,-0.21466745865467657,0.884
4951.34,GT-19660,-91489.15471482273,90589.22948677113,-0.1109831670501091,-0.5633595511885481,0.863
4951.34,GT-19663,5394.637391556003,-70177.18053861299,-0.31560012207495663,-0.23155591792858687,0.897
4951.34,GT-19704,55985.057684606516,-15470.120074373403,0.14196129059758883,0.08725397136586799,0.893
4956.63,GT-19377,-85459.01379508739,-48242.32808904609,-0.2426187112836231,-0.14733074041489436,0.86
4956.63,GT-19460,54154.72629122098,8371.549287776019,0.2181469146998048,0.0006942268601165535,0.85
4956.63,GT-19556,-2519.2337214587524,-40539.3079448808,-6.4502577300948225,7.695366713640511,0.861
4956.63,GT-19610,-69219.2026083066,9281.352260831165,0.22114419609537367,-0.002113851187302382,0.861
4956.63,GT-19620,64534.59035541235,-34827.45703606542,0.6146070792322006,1.095198198777097,0.926
4956.63,GT-19629,57191.13393110353,19241.808239424427,-0.3700049166557625,0.10977533590328743,0.854
4956.63,GT-19663,5387.7376433931095,-70234.88304737779,-0.4645685003761849,-1.3679519796129291,0.859
4956.63,GT-19704,55991.40185072351,-15472.962131045293,0.2083554841535975,0.005276909276975536,0.853
4959.93,GT-19377,-85451.09745048826,-48243.215864543505,-0.02247953637226366,-0.1584670830010918,0.857
4959.93,GT-19460,54161.686948150076,8372.56111158805,0.4109160422076687,0.03912295810828967,0.861
4959.93,GT-19553,-77536.05711960245,-59361.79279719687,-1.125919783647697,0.25246522254267106,0.924
4959.93,GT-19556,-513651.9016040897,1490607.3558614482,1050.0184163264735,-3147.422989282791,0.857
4959.93,GT-19610,-69220.86147175691,9278.675876298203,0.17394345457372917,-0.059129128743028565,0.921
4959.93,GT-19620,64506.208453068,-34881.22561777702,-0.15730663352340898,-0.5499932687153817,0.929
4959.93,GT-19629,57201.034205526084,19238.080633549544,-0.15494541873584433,-0.0027811569537621803,0.933
4959.93,GT-19631,-96045.1823163623,26956.336652039623,-0.07828742012709602,0.08762882886470107,0.858
4959.93,GT-19660,-91462.75663015772,90589.15749947772,0.19777362935289328,0.019695187460092023,0.855
4959.93,GT-19663,5379.227554797628,-70278.80612555105,-0.085003847492413,0.806890376334166,0.926
4959.93,GT-19704,55988.424105038735,-15465.313245682404,0.06760687633817442,0.19437217175811858,0.92
4969.42,GT-19553,-77517.38851647788,-59383.112744299244,-1.577010766958904,0.36484605698411715,0.888
4969.42,GT-19610,-69211.97511173318,9274.93726337161,0.3352135047481734,-0.05327700511794021,0.885
4969.42,GT-19620,64520.1093367911,-34854.38211437427,0.557240152979938,0.7522369794738559,0.95
4969.42,GT-19629,57196.912625103614,19237.26539835176,-0.20836496112083983,0.0899013402738279,0.893
4969.42,GT-19663,5383.260820606157,-70302.90427219906,-0.029156607892899478,-0.5073493304435861,0.894
4969.42,GT-19704,55996.70165963436,-15463.75336002989,-0.08777153481987626,0.14158788206188264,0.88
4974.55,GT-19553,-77497.5450256075,-59391.353114224774,-1.9420511763573094,0.5137485539395243,0.87
4974.55,GT-19610,-69199.18417498235,9262.354714336027,0.4873472452083566,-0.38262858026833585,0.946
4974.55,GT-19620,64538.59702695804,-34826.53774653811,0.09144236995133148,0.05701221537939971,0.884
4974.55,GT-19629,57203.2241801844,19243.55175854523,0.12496739348810461,0.27282354648067414,0.949
4974.55,GT-19663,5374.878171937908,-70328.6617960572,-0.3127952364721313,-1.1084026464742252,0.946
4974.55,GT-19704,55992.70184259533,-15479.285719490026,-0.14359133465173085,-0.20878648013571388,0.888
4974.55,GT-19791,-3349.7995577690326,-39884.544962068,-0.5472045035014299,-0.042774954166226634,0.948
4977.57,GT-19441,208614.22264861164,-155938.85743102423,-1465.829688476759,857.5687879416562,0.908
4977.57,GT-19553,-77405.03812956369,-59393.17359838929,-2.2957009959532333,1.2582644626011328,0.86
4977.57,GT-19610,-69202.20666342953,9259.061604981121,0.28397761627214746,-0.39796849034409676,0.863
4977.57,GT-19620,64519.51616739762,-34851.21408764542,-0.22901549464892923,-0.7347242575769706,0.931
4977.57,GT-19629,57193.95754009387,19235.37079605053,-0.24362834651424792,0.014592499914072132,0.867
4977.57,GT-19663,5341.412153975244,-70503.6525471069,-0.22894774494235076,0.02877795529767102,0.933
4977.57,GT-19704,55988.74124850162,-15492.210688290614,-0.24342849884119092,-0.6079125755986674,0.865
4977.57,GT-19791,-3277.1386397633646,-39879.92130369665,-1.958880901995055,-0.13400609739212438,0.929
4985.78,GT-19377,-85451.4744784126,-48236.88437520052,0.08759265828802956,-0.2239506564182134,0.898
4985.78,GT-19553,-77217.98438504444,-59466.074926874564,-4.199678437036527,1.7212435246678106,0.898
4985.78,GT-19610,-69202.25359518746,9262.983108633793,0.2067966848802078,-0.17012102951677877,0.904
4985.78,GT-19620,64569.56283381809,-34778.25612082422,-1.3801504013584704,-2.6169307043508288,0.893
4985.78,GT-19624,4016.096491346329,47498.63994956629,-0.3520650446046967,0.1499777144146905,0.876
4985.78,GT-19629,57195.69485645616,19234.044342579637,-0.06457803794545072,0.09428615058288242,0.9
4985.78,GT-19660,-91462.3081809879,90576.48715370978,0.15052186448455723,-0.22255389840422873,0.88
4985.78,GT-19663,5341.065708559568,-70506.66168001191,-0.23675537380662925,0.07457551210642548,0.897
4985.78,GT-19704,55997.85127527919,-15486.851046236978,-0.3170193293269811,-0.5348283949731039,0.891
4985.78,GT-19791,-3282.9792176135597,-39882.139454716926,-1.4344030149554554,-0.18772415090218036,0.902
4985.78,GT-19816,73810.01366288553,30522.740348542786,0.28175469224488836,-0.06420924509564951,0.897
4991.59,GT-19553,-76782.42064368322,-59673.59396188256,-10.214101043471334,4.209500412037244,0.953
4991.59,GT-19610,-69203.01522088495,9263.702358173283,0.1919192925604792,-0.1882813383152156,0.887
4991.59,GT-19620,57561.691712142085,112680.61300971829,-1.2730525564266097,32.341364055824805,0.978
4991.59,GT-19629,57190.2961584147,19234.289400095447,-0.2583735551431112,0.11133100428072756,0.896
4991.59,GT-19663,5308.255298535959,-70693.82307856533,0.7296860790598556,5.5612949801995475,0.9
4991.59,GT-19704,56002.63096750877,-15477.65958091208,-0.2141165993553321,-0.15408656742728483,0.891
4991.59,GT-19791,-3219.085945177496,-39870.72018426425,-2.202984043686264,0.07590042529024751,0.908
4991.59,GT-19816,73811.49467924045,30524.597647951017,0.2684160169341378,-0.09394039221152618,0.942
4998.27,GT-19377,-85444.14130962384,-48230.50433881937,0.33356541269733864,-0.21595497207330894,0.884
4998.27,GT-19460,54145.57865735036,8371.874256504432,0.15078751618188263,-0.19046483384125512,0.877
4998.27,GT-19610,-69214.58791030392,9257.012546267677,-0.29073575174317196,-0.19318217687051886,0.909
4998.27,GT-19624,4030.382001575454,47506.57555173259,-0.027489449604663967,0.1705358790108279,0.881
4998.27,GT-19629,57195.27574607051,19226.415289581062,0.011289210102353574,-0.19239414764413657,0.9
4998.27,GT-19663,5282.035466071064,-70937.18554273483,0.8917707114614886,5.252335963091661,0.911
4998.27,GT-19704,56012.35823035659,-15484.474735051695,-0.3838235127286651,-0.21182790968651766,0.899
4998.27,GT-19769,88897.98561486513,-14117.985033995425,0.06547974515350918,0.34740681350020985,0.863
4998.27,GT-19791,-3251.9224399127634,-39868.70590993398,-1.7902994550808664,0.35165040100895584,0.901
4998.27,GT-19816,73812.12977109593,30520.450584121223,0.2870997889729708,-0.16111820336806837,0.896
4998.27,GT-19850,-37967.541662211384,-13862.357170446248,0.1411320898373003,0.16025696546164214,0.883
5003.53,GT-19460,-181865.6838887207,230006.31523129236,984.3529263944813,-924.2749837270505,0.878
5003.53,GT-19610,-69212.36759628382,9263.050938985129,-0.3089059468039199,0.001188836740874409,0.952
5003.53,GT-19629,57195.65261389826,19226.673570950654,0.1426151476633713,-0.0882940193872764,0.889
5003.53,GT-19663,5264.680948887066,-71027.57543002394,1.0575815233075512,6.5726466399223265,0.886
5003.53,GT-19704,56030.074672842384,-15483.771681963797,-0.5985024813148285,-0.164531214843186,0.951
5003.53,GT-19791,-3257.188512889588,-39869.56720469249,-1.8678653542180699,0.17447394703440935,0.877
5003.53,GT-19816,73799.91067926816,30515.530912108385,-0.2175629612161134,-0.1416349752738281,0.892
5008.93,GT-19377,-85443.87739887381,-48221.32261534676,0.31452195465045996,-0.11152289820791429,0.852
5008.93,GT-19593,53454.049354402785,-84685.98775075641,0.14613500600679424,-0.12483056773283074,0.868
5008.93,GT-19610,-69208.81506130518,9261.944933101355,-0.36759575168964886,-0.010267046416109989,0.932
5008.93,GT-19624,4036.1482154324885,47505.00813257533,0.019764369214870764,0.09539187665152543,0.85
5008.93,GT-19629,57188.22668034269,19209.327892644324,0.1685740648395366,0.007793806871546391,0.932
5008.93,GT-19663,5219.053497172348,-71302.08294571856,1.0545653069112744,8.751436306307767,0.852
5008.93,GT-19685,90031.02113128033,-38250.384101125965,-0.0233179762521189,0.1791082338044206,0.855
5008.93,GT-19704,56048.58372958604,-15484.9315750649,-0.646984177660185,-0.13837482215554203,0.931
5008.93,GT-19751,-40345.27219505225,-8285.310854096606,0.07915651604969276,-0.06354025814262033,0.862
5008.93,GT-19791,-3248.0716072873906,-39875.71578137075,-1.5910954862228601,0.0552153320273855,0.928
5008.93,GT-19816,73799.40127525972,30516.9573056149,-0.1872958817812962,-0.03903382681145562,0.933
5008.93,GT-19850,-37750.26026993936,-13866.43135113905,-0.20855895512065703,0.2717981342546619,0.881
5008.93,GT-19887,-77684.41011359222,-59301.943850085845,-0.17586531540984543,0.3045343973693204,0.916
5013.55,GT-19610,-69524.93801926271,9285.143643394324,4.062593216751534,-0.21347133715199523,0.871
5013.55,GT-19629,57188.561920884174,19206.342399435838,0.19573323356197866,0.08997340323909986,0.857
5013.55,GT-19663,5081.64519668996,-72103.02463086363,2.5306553213241223,18.981424602336244,0.939
5013.55,GT-19704,56055.97879435722,-15488.52635419947,-1.1152770523756743,-0.15462895563469636,0.868
5013.55,GT-19791,-3191.1302232249036,-39872.69825309631,-4.982164902478451,-0.08885569524061573,0.935
5013.55,GT-19816,73799.94825056227,30508.20688479843,-0.18969367201614903,-0.08686011668960653,0.86
5013.55,GT-19850,-37721.762629483164,-13874.490550348108,0.038002811437989115,-0.025081078470806317,0.856
5013.55,GT-19887,-77666.84105845164,-59307.088971583835,0.21072946225302147,-0.03206664590857117,0.865
5013.55,GT-19919,64382.85890917952,-35109.86973539629,0.35758063464673523,0.5207669199859719,0.872
5022.72,GT-19610,-69650.61960466775,9286.410433743979,5.408624996927152,-0.17787306131202074,0.879
5022.72,GT-19629,57182.66800293425,19197.50974627767,0.46004586373243556,0.34492966609924314,0.882
5022.72,GT-19663,5014.004499484428,-72551.3484686234,3.9215208835175774,27.002101965710196,0.893
5022.72,GT-19704,56071.68188661567,-15487.370887969182,-1.435060283626925,-0.09447816370889613,0.884
5022.72,GT-19791,-3148.9212169838456,-39871.231864130146,-3.8485338670996967,-0.07141159964526171,0.956
5022.72,GT-19816,73806.01344803424,30512.7933627202,-0.059214289678622384,0.02236972542381798,0.883
5022.72,GT-19887,-77670.74954059647,-59308.02771827521,0.08131792563726306,-0.07951865007675465,0.889
5022.72,GT-19919,64319.14884239561,-35200.13781041015,0.21706144560997626,-0.5433573720109639,0.952
5025.39,GT-19610,-69779.28539193713,9282.437057865538,7.218372914916993,-0.16458984541468566,0.881
5025.39,GT-19631,364687.55143773445,215476.18701404272,-2072.740164376871,-848.2106458876368,0.899
5025.39,GT-19663,4927.697413233557,-73145.76434760816,5.199952951708881,35.35374029698181,0.884
5025.39,GT-19704,56087.71670649005,-15486.19437264318,-1.7203094446249676,-0.10978709243235697,0.879
5025.39,GT-19791,-3140.2690560719566,-39872.310454741826,-3.5629591083201975,-0.1191148870773928,0.893
5025.39,GT-19816,73811.59186212446,30514.08203742336,0.09070463769097922,0.06913247792268018,0.892
5025.39,GT-19850,-37699.543377317605,-13872.498513264623,-5.344621864177621,0.10247375580571223,0.902
5025.39,GT-19887,-77667.75963224111,-59308.12283601212,0.10663423299719722,-0.08094865460406436,0.883
5025.39,GT-19919,64295.05741048131,-35237.645141510366,0.4171391055446382,-0.17998968802934173,0.944
5032.98,GT-19593,53463.3704794886,-84700.31885693218,-0.16377973999008877,-0.3355659497468809,0.89
5032.98,GT-19610,-69914.25428011517,9285.274807670476,9.951814001661162,-0.09115585972075381,0.876
5032.98,GT-19685,90027.99278193996,-38248.71193165264,0.03405736032793723,-0.07694260717375612,0.888
5032.98,GT-19753,-27273.010231935386,71083.44486496982,-0.2061927899569075,-0.3503794471937212,0.919
5032.98,GT-19791,-3136.779157097844,-39871.47286945842,-3.803628737550875,-0.11760452505982179,0.878
5032.98,GT-19816,73810.27241636878,30511.713760581282,-0.02298434897449267,-0.004462915334339776,0.89
5032.98,GT-19887,-77669.8305007881,-59311.35092061181,0.11610070310433376,-0.11741667469455055,0.874
5032.98,GT-19912,54155.50211277956,8351.568455038292,-0.14953477868083676,-0.2910537654898304,0.905
5032.98,GT-19919,64296.47937378587,-35238.037296281385,0.3997076412749944,-0.20556255119714203,0.886
5032.98,GT-19944,-40005.26980615252,59214.64412234712,-0.2915494451122399,-0.146812448573153,0.88
5037.92,GT-19751,-40372.11228964966,-8290.433731385185,-0.22321771165306617,-0.17198142821899828,0.878
5037.92,GT-19791,-2981.3269319258393,-39743.55085956119,-5.479491467941837,-2.66483794333615,0.931
5037.92,GT-19816,73808.7212734524,30513.1916693684,-0.021017907733267883,0.003991488863944768,0.856
5037.92,GT-19850,-37665.355608763086,-13871.249457569718,-14.111056073788184,0.22826845205288204,0.853
5037.92,GT-19912,54154.85454742515,8349.701880300669,-0.13959641424594355,-0.29125791860164496,0.868
5037.92,GT-19919,64551.51407981799,-34803.738813427924,1.2317599106998791,1.969453257508732,0.912
5037.92,GT-19954,5494.518089248707,-69549.31394494289,-0.024894494928027908,-1.263201563004663,0.902
5043.84,GT-19377,7448836.910828089,3118197.552907648,-72519.70543886618,-30477.159457754162,0.958
5043.84,GT-19593,53462.591967863606,-84704.39713274421,-0.22149708581346428,-0.27239387131684667,0.851
5043.84,GT-19660,55241.32276752714,-12516.795035150062,520.7533908886422,-366.1900028769122,0.854
5043.84,GT-19685,90026.45564042855,-38237.09664637314,-0.027402316487691897,-0.1701671432264164,0.858
5043.84,GT-19751,-40379.66033905939,-8292.462401497847,-0.2282230557900392,-0.13227410447520904,0.867
5043.84,GT-19769,88890.93662382168,-14131.896365825936,-0.2763388866786626,-0.0019636136204001925,0.885
5043.84,GT-19791,-2955.898046088078,-39724.39897329379,-5.115473154933252,-2.2838268349163675,0.913
5043.84,GT-19816,73815.60989720191,30506.329070866155,0.11157449917114773,-0.20471889514802422,0.904
5043.84,GT-19850,-37612.21756481227,-13866.742172675316,-14.08380400785323,0.1957703411094653,0.877
5043.84,GT-19887,-77660.81661759126,-59305.35915003276,0.5077572211940233,-0.0007579875715060941,0.909
5043.84,GT-19912,54154.228484465755,8354.193606955747,-0.13159376799611666,-0.14107278358982403,0.872
5043.84,GT-19919,64431.31197987802,-34975.77207022516,-0.13482463680079976,0.3626055969978598,0.915
5043.84,GT-19944,-40002.15604016491,59217.2883188377,-0.18897924800740726,0.08840149910481385,0.882
5043.84,GT-19954,5497.178727712943,-69538.49619923168,-0.2151327667689747,-2.462698688402375,0.904
5043.84,GT-19988,57232.49392662265,19242.99723310565,0.2823564382644506,0.1707656816962222,0.864
5043.84,GT-19989,55943.444019870316,-15490.969688983405,-0.04627543293895109,0.328618373008491,0.863
5049.22,GT-19685,90022.7306908657,-38227.97139614965,-0.03760505638490927,-0.3001238588211346,0.859
5049.22,GT-19751,-40378.14537571504,-8292.298441030003,-0.020413516364607753,-0.16918973629719047,0.881
5049.22,GT-19753,-27261.32606111666,71074.50990041107,0.07398949024282678,-0.34309221880205537,0.882
5049.22,GT-19791,-2953.12547450263,-39722.01433969532,-4.928026518097724,-2.112189135358572,0.881
5049.22,GT-19816,73816.14918559125,30512.93733451921,0.09611736784174824,0.039709617441469766,0.884
5049.22,GT-19887,-77659.97846683318,-59306.18478872191,0.49069475366141013,0.007851240271190447,0.883
5049.22,GT-19912,54151.54020964626,8352.246850804322,-0.14941659702589322,-0.17767281222867143,0.865
5049.22,GT-19919,64383.04030181555,-35050.50110980911,-0.31890853143583875,0.09913230195303513,0.913
5049.22,GT-19944,-40004.72722058967,59217.26507020204,-0.22001134378289103,0.07902194630304193,0.868
5049.22,GT-19954,5458.828969336457,-69771.0964014442,-0.25448674519960546,-2.424005426266191,0.908
5049.22,GT-19981,-96017.63275047966,26965.937603442493,0.06033181931461379,0.15995875063380557,0.856
5049.22,GT-19988,57217.71853813197,19237.572926560875,-0.0013784819365270096,-0.10814165942401677,0.886
5049.22,GT-19989,55941.61519228517,-15488.733415178034,-0.03578584998166783,0.3405905972404807,0.878
5054.37,GT-19751,-40379.665368395166,-8295.72758813099,0.03069560634522997,-0.1717210612619119,0.868
5054.37,GT-19753,-27268.122015642235,71077.20059752888,-0.20645300648011797,-0.2304649634016117,0.877
5054.37,GT-19769,88892.50398556246,-14130.61052230539,-0.32694820154290344,0.011396949867078416,0.854
5054.37,GT-19791,-2886.0870467517298,-39695.72086061778,-5.968046821568586,-2.551218395809563,0.901
5054.37,GT-19816,73817.08521027268,30516.5958072775,0.05578313031239002,0.11909729560059805,0.906
5054.37,GT-19887,-77663.27716142443,-59299.55566608621,0.37802990879370746,0.16130959048282092,0.906
5054.37,GT-19912,54147.57312822816,8352.354959058619,-0.23497838459128334,-0.10340731069792958,0.881
5054.37,GT-19919,64356.4525533045,-35102.042580599766,-0.4893536879154615,0.015037037333577856,0.908
5054.37,GT-19944,-40003.700023767444,59214.555237024055,-0.1941237627550858,-0.010156915808081132,0.872
5054.37,GT-19954,5432.768222133115,-69973.35354826758,-0.4327726104342606,-2.651216242999154,0.912
5054.37,GT-19981,-96015.43038374488,26965.034817290503,0.09782109019788354,0.12312903356295143,0.858
5054.37,GT-19988,57217.496502165275,19241.095335078327,-0.07382553249031493,0.052730902075908206,0.907
5054.37,GT-19989,55951.399934364315,-15492.650978466287,0.10996853869513212,0.3124090562401343,0.911
5054.37,GT-20007,-69196.18284555315,9271.933529527701,-0.16939249122974726,-0.39394708768801395,0.901
5060.52,GT-19685,90005.642733957,-38224.552253448695,-0.15480783835039988,-0.9576099159690695,0.866
5060.52,GT-19751,-40379.52828745964,-8292.061176255706,0.1539296298305618,-0.169545506873594,0.863
5060.52,GT-19753,-27269.35457462995,71073.73019934699,-0.21972477374871363,-0.18760569505289468,0.857
5060.52,GT-19791,-2463.8487619204175,-39360.12153086678,-11.625521193325055,-8.549278476832455,0.919
5060.52,GT-19816,73805.76389547481,30512.520954803596,-0.21422842631226527,-0.044808449325832694,0.89
5060.52,GT-19850,-37407.57637442266,-13876.597780511698,-13.216688621993416,0.2084789876136553,0.856
5060.52,GT-19887,-77667.94167687015,-59292.700160869404,0.16517302367588182,0.30827625763205946,0.889
5060.52,GT-19912,54149.804399392735,8352.265520623609,-0.24206630260676118,-0.06882737575902667,0.868
5060.52,GT-19919,64319.82199948271,-35160.70476388205,-0.1516729934057532,0.45711303679931004,0.91
5060.52,GT-19954,5426.397757955799,-70027.51592349831,-0.13283019393131681,-0.9570392238351701,0.909
5060.52,GT-19988,57216.28193541838,19239.180992759157,-0.10147658059514245,-0.041072013319092465,0.885
5060.52,GT-19989,55956.973973204986,-15486.049736240288,0.11844439157402889,0.3789612780258273,0.892
5060.52,GT-20007,-69203.80027242396,9273.135733007352,-0.22862658584205786,-0.31389429490209375,0.885
5066.85,GT-19786,-41688.40191022932,7850.711781571959,-1.8620823660793047,6.175033016405189,0.904
5066.85,GT-19791,-1676.91996002619,-38682.708468203,-25.31600439458556,-22.130719950955957,0.977
5066.85,GT-19816,73803.5434166524,30520.52968327322,-0.18390418039339923,-0.012264370704655803,0.905
5066.85,GT-19887,-77663.28126023216,-59291.041529729526,0.1419702403008207,0.29297988624040233,0.899
5066.85,GT-19919,64288.64659176668,-35213.74515369027,0.6604914203111281,1.0324313635583704,0.957
5066.85,GT-19954,5402.860167439823,-70138.75304964998,-0.3963680548903854,-1.8860800467537362,0.912
5066.85,GT-19988,57212.39474323016,19241.116690506726,-0.2063452201806567,-0.017268539729922167,0.902
5066.85,GT-19989,55957.66425552557,-15484.069461724279,0.136093611076383,0.35083945032282987,0.902
5066.85,GT-20007,-69223.34490005975,9281.793423284422,-0.3907651597675223,-0.04778780815747056,0.913
5071.4,GT-19751,-40391.35968069453,-8292.454862473527,0.35969123331636743,-0.06176789774814289,0.889
5071.4,GT-19753,-27244.52975193318,71080.69776386964,0.04950519527518239,-0.14002992558423366,0.895
5071.4,GT-19769,88891.40020165649,-14135.28022491156,-0.31216893220180697,-0.0721475966498612,0.878
5071.4,GT-19791,123887.22370579054,32694.75621905622,-363.46708798945906,-205.9608634228359,0.886
5071.4,GT-19816,73818.54184107977,30512.721902787827,0.0012195642077580393,-0.22333636734605622,0.902
5071.4,GT-19850,55174.153249917166,-55819.345694031355,-123.69367042431286,56.91583886589199,0.88
5071.4,GT-19887,-77662.44890616977,-59293.50424517885,0.11076589451084852,0.09880291247206929,0.895
5071.4,GT-19912,54157.51060348029,8348.65760644973,0.08497549950980579,-0.11470715626394157,0.893
5071.4,GT-19919,64280.013521430694,-35220.5952759308,0.3931548609974348,0.7123829016996637,0.906
5071.4,GT-19944,-40012.08552495486,59228.953689165675,-0.39659565929214774,0.20846612576200851,0.882
5071.4,GT-19954,5404.294840623877,-70112.93571922184,-0.4253536544912574,-2.2883459989961237,0.886
5071.4,GT-19981,-96033.3085966993,26959.709591809726,-0.2087609655880412,0.07132713053188222,0.895
5071.4,GT-19988,57205.22094395908,19238.052952854556,-0.19740227127556922,-0.14443912472663906,0.9
5071.4,GT-19989,55966.14647098837,-15486.97111613742,0.4178466763323071,0.2582563857544111,0.897
5071.4,GT-20007,-69224.01241679052,9283.135779161452,-0.37185213735892764,-0.0325761082354764,0.893
5071.4,GT-20032,3995.423533402742,47478.419192634814,0.28809574577682534,-0.6531148911248436,0.863
5071.4,GT-20034,-91475.08231270051,90556.87939910038,0.3568845285065288,0.3487117869038219,0.876
5078.15,GT-19816,73824.48305462586,30525.75762512324,0.09168880969762995,-0.10030780131284103,0.888
5078.15,GT-19887,-77659.21200322213,-59295.67002822452,0.11882694374394524,0.045398753317938606,0.888
5078.15,GT-19919,64275.81770735229,-35222.86295651824,0.21272439357135933,0.43221602869755266,0.887
5078.15,GT-19954,5387.647318348333,-70220.13853467134,-0.1819316603965827,0.20245136563694066,0.947
5078.15,GT-19988,57204.81172969291,19237.62529340149,-0.2427167138979391,-0.12317899539141505,0.875
5078.15,GT-19989,55968.71841546266,-15487.372024459351,0.4106589576018585,0.26858027933493533,0.879
5078.15,GT-20007,-69223.93924938703,9284.194167265143,-0.30069031706212457,-0.00795445179886625,0.875
5085.07,GT-19816,73834.83723848763,30534.25318525884,0.05201892513156144,-0.27789143249408454,0.932
5085.07,GT-19887,-77646.0525840361,-59299.016644209485,0.1330400607644683,0.0609120572202263,0.936
5085.07,GT-19919,64209.14441939619,-35305.90586554985,0.8226627307818639,1.3203458030799022,0.939
5085.07,GT-19954,5386.970882997557,-70226.44970121971,-0.2640616465228027,-0.2395310960947492,0.931
5085.07,GT-19988,57213.716770294064,19232.676139451152,-0.018512470681132764,-0.1925286021122426,0.939
5085.07,GT-19989,55967.81963237394,-15485.582194062184,0.4122152072080182,0.29552128555521984,0.922
5085.07,GT-20007,-69225.36308203188,9292.474169960848,-0.2725944664247334,0.07139978266726396,0.859
5085.07,GT-20106,-3371.7409560087954,-40015.4974660375,-0.09304397651305679,0.0560601613635839,0.936
5089.34,GT-19751,-40411.31382450803,-8304.415723243006,0.6227649410001919,-0.12770989527697627,0.868
5089.34,GT-19753,-27229.341645465374,71094.1849882326,-0.015576699392428367,0.21299531165590638,0.882
5089.34,GT-19769,88885.8880590607,-14123.197975012625,-0.5833284257708621,0.1429688208966841,0.884
5089.34,GT-19816,-2312301.0317900227,-232071.99153141744,1606.710712996281,176.8193768770896,0.874
5089.34,GT-19887,-77645.58646993469,-59301.43299011339,0.05839800324964141,0.061068825405321187,0.856
5089.34,GT-19919,64157.257337196796,-35391.289678255416,1.4157344450663907,1.9926175321304624,0.907
5089.34,GT-19944,-40008.90352682047,59215.51682098396,-0.1237899906808634,-0.22797466444926812,0.875
5089.34,GT-19954,5388.5986952082785,-70216.74152999076,-0.2999652237675171,-0.4119361533764685,0.85
5089.34,GT-19988,57208.212019231854,19228.399412344723,-0.28586979984687194,-0.31508465794039536,0.863
5089.34,GT-19989,55961.793441085356,-15496.9715221592,0.2759719421868113,-0.0065855356339580284,0.854
5089.34,GT-20007,-69224.5644858004,9299.215395602028,-0.08829838103339074,0.2523955533364965,0.861
5089.34,GT-20032,3989.460400583292,47486.03183380032,0.047364005748611104,-0.18520554126420197,0.863
5089.34,GT-20034,-91473.57775415356,90555.73476848131,-0.08202899773452389,0.06101256265972482,0.88
5089.34,GT-20083,90056.03246134389,-38263.31437054253,-0.07460292586896103,-0.020846964277404734,0.869
5089.34,GT-20090,-85428.4256810772,-48257.410919409034,0.15478206645381007,-0.3486013794817511,0.855
5089.34,GT-20106,-3373.4057751891414,-40018.21850259387,-0.08038497582288084,0.0796527207583917,0.853
5096.89,GT-19887,-77648.80890083237,-59291.73666522898,-0.09134133572177808,0.05650078471609383,0.855
5096.89,GT-19919,64121.35843496739,-35439.66046204805,1.3342548499950757,1.7368017002905454,0.869
5096.89,GT-19954,5374.547915454036,-70207.4453920718,-0.7747279344331472,-1.6418822372056385,0.862
5096.89,GT-19988,57206.92324311705,19222.356584509063,-0.2735025188962795,-0.3956775018290423,0.856
5096.89,GT-19989,55951.39289650746,-15485.030103642353,-0.035129853534599915,0.2131136999700915,0.859
5096.89,GT-20007,-69216.84721122522,9291.699563203507,0.11953816552048421,-0.049972794300390186,0.863
5096.89,GT-20106,-3375.642495394844,-40017.995353175145,0.04298450442303323,0.33749409777873934,0.853
5098.99,GT-19536,-89108.29718938879,-40573.14405180748,-9.394032662622728,-8.00064914134386,0.892
5098.99,GT-19751,-40423.22150469391,-8303.659412379782,0.8914909788287378,-0.09845768538117955,0.851
5098.99,GT-19753,-27222.8807310809,71102.8442498356,-0.3227112032453596,0.36902908057126244,0.876
5098.99,GT-19786,25927.159659572466,42005.32911228513,2247.014637041379,1153.558091273418,0.851
5098.99,GT-19887,-103639.03160284826,157378.1389459428,105.09065948118923,-875.7073971828128,0.932
5098.99,GT-19912,54158.74038868877,8336.9193934664,-0.16148194144827002,-0.23398911811063358,0.864
5098.99,GT-19919,64081.18603687914,-35499.21813831765,4.016211969193362,5.428125168214049,0.905
5098.99,GT-19954,5391.21703464283,-70187.00980313448,-0.5232589382062938,-2.5227559128020327,0.898
5098.99,GT-19988,57212.05744774875,19223.639187683795,-0.21211541163613518,-0.2986302207726803,0.891
5098.99,GT-19989,55951.49860176362,-15485.195903093389,-0.1099374503975237,0.12757381301990833,0.893
5098.99,GT-20007,-69215.99951972971,9293.623868942372,0.12967808673167044,-0.06215901916438151,0.89
5098.99,GT-20090,-85429.78371751483,-48258.926872823606,-0.1334055634752605,-0.28069223114114117,0.872
5098.99,GT-20106,-3336.649294734103,-39887.67726818084,-1.850268874147223,-1.0579770070475747,0.914
5108.8,GT-19751,69112.79143156251,-29211.761253112672,279.747482278175,-53.595579115354646,0.911
5108.8,GT-19919,63976.59226990856,-35674.0920277898,4.078834442487039,5.510043687390537,0.953
5108.8,GT-19954,5416.728236841449,-70064.00183630669,-0.6359458235875752,-3.731197887215842,0.951
5108.8,GT-19988,57210.250869269534,19222.4136326712,-0.17330781163385192,-0.24526405834533474,0.882
5108.8,GT-19989,55953.64531309259,-15487.007186355719,-0.10239430446521083,0.09982625239240563,0.885
5108.8,GT-20007,-69213.19878421612,9290.001024284556,0.12418076532418079,-0.08612698414852907,0.89
5108.8,GT-20106,-3337.1395592105505,-39881.22366990124,-1.603771272746585,-0.7257995488865627,0.889
5111.23,GT-19753,-27197.732239586956,71109.23140309293,-0.6385900110117309,0.33236207298359144,0.859
5111.23,GT-19919,63837.33965031667,-35871.50350162227,6.715965367973732,9.474116395636786,0.91
5111.23,GT-19944,-40013.4811980433,59218.74211533341,-0.27309475701723523,-0.022762172375061868,0.876
5111.23,GT-19954,5419.581255122665,-70041.26041639475,-0.6997783631662912,-4.194734948313155,0.883
5111.23,GT-19981,-96023.2529082204,26939.097924874313,-0.15366708142811988,-0.36452613159905345,0.861
5111.23,GT-19988,57215.85208597644,19230.63282695898,-0.11064901839449567,-0.05788883329812067,0.892
5111.23,GT-19989,55960.94549665557,-15492.978871997137,-0.20385804966206492,0.1303918539111641,0.895
5111.23,GT-20007,-69212.9339438427,9288.079730445188,0.11806796460761278,-0.08091035007546132,0.88
5111.23,GT-20032,3987.4048891351467,47481.419682028296,0.09745011679959759,-0.20578198547670581,0.857
5111.23,GT-20034,-91474.66061219279,90554.32468143674,-0.14793925292636392,-0.07394874133963555,0.863
5111.23,GT-20083,90035.07689367147,-38272.87714903822,-0.3373661129677256,-0.1633501970906296,0.861
5111.23,GT-20106,-3442.795010340102,-39809.53224424464,-6.449422573759545,-4.129819988160142,0.921
5120.14,GT-19753,-42.00155848820023,-1354587.0081894696,-110.09999035814911,5848.8621112284945,0.899
5120.14,GT-19954,5475.603888578585,-69855.27209524093,-1.5379470897331244,-6.907325457998636,0.888
5120.14,GT-19988,57231.32722022858,19228.889999339593,0.05451107585893389,0.11774960999875517,0.953
5120.14,GT-20007,-69210.34699895901,9289.763121962014,0.0028880740458517365,-0.05832206538078179,0.882
5120.14,GT-20091,-37683.4057745914,-13990.826493279254,-8.495808111605527,5.106353857420653,0.859
5120.14,GT-20106,-3391.2933115858386,-39778.80634438592,-4.084889811807573,-3.158659727745792,0.946
5120.14,GT-20187,-77680.49124983615,-59316.82625018316,0.3674627540393856,0.5172050545181203,0.939
5120.14,GT-20212,55947.08167224284,-15499.192077715808,0.1829603492469234,-0.4549050638527659,0.891
5123.34,GT-19912,10264.22976497095,-228319.88659404407,106.52229075172903,575.9391381543169,0.956
5123.34,GT-19954,5484.597890354043,-69869.3581574491,-0.5280985790698123,-0.2004419980675154,0.865
5123.34,GT-19988,57231.81886882341,19230.53670766191,0.10911643504738676,0.08839312707665764,0.92
5123.34,GT-20007,-69191.96732770007,9289.475340293258,0.2638921525244321,-0.1277896563369272,0.922
5123.34,GT-20091,-37584.40573640946,-14167.303580882675,-8.992272776548468,5.158303842886535,0.925
5123.34,GT-20106,-3454.5695539572007,-39774.54771762369,-7.466277528549744,-3.1449414010644072,0.94
5131.66,GT-19769,-333691.68410391867,228602.6711508552,407.9633449343407,-233.58563525036644,0.909
5131.66,GT-19944,-40011.50686046717,59230.39223551189,-0.2050259538938119,0.07886175178120451,0.907
5131.66,GT-19981,-96043.41770419425,26931.49021321359,-0.2081215735576502,-0.29093418215892447,0.906
5131.66,GT-19988,57229.38278966276,19236.027417740537,-0.09629393479772913,0.10100871282551421,0.889
5131.66,GT-20007,-69204.51882291834,9293.87062585219,0.019215438033310037,0.05837722198140486,0.882
5131.66,GT-20032,3997.1174365263687,47486.61865893488,0.3157123984890924,-0.025185995606227238,0.899
5131.66,GT-20034,-91484.96578321257,90556.66043189123,-0.19476858594666874,-0.05533423639912438,0.895
5131.66,GT-20091,-37425.34857531975,-14530.339314570552,-13.182941726142818,13.698183591560433,0.933
5131.66,GT-20106,-3439.4586657311547,-39771.442684610876,-5.891956511552188,-2.8933325659977123,0.888
5131.66,GT-20124,53397.511295549804,-84676.83782999715,-0.5775079648736081,-0.23627898804766378,0.907
5131.66,GT-20187,-77655.64360817299,-59316.162435885344,0.3528911972767151,0.11077550844754755,0.893
5131.66,GT-20212,55953.37306730037,-15487.356078475932,0.12615735170131637,-0.10110162090749769,0.881
5131.66,GT-20215,64292.18613550646,-35205.427747959795,-0.2926882825861016,0.35057587438915666,0.89
5136.88,GT-19988,57246.021146391526,19244.224210888013,-0.09702553576825017,0.16204782531380124,0.884
5136.88,GT-20007,-69196.64821700001,9283.369170202515,0.07384970503501881,-0.06534997199411889,0.88
5136.88,GT-20083,90053.82963225586,-38269.432281477355,0.0896221889720725,0.03865754937217857,0.874
5136.88,GT-20090,-85433.75961685706,-48265.0619234934,-0.0497940007075358,-0.24941483211026075,0.877
5136.88,GT-20106,-3188.4166638445663,-39731.38400388261,-5.730039902948301,-2.8349609637824673,0.909
5136.88,GT-20187,-77657.13999436084,-59312.59753429001,0.24881250169018576,0.20788919912259535,0.875
5136.88,GT-20212,55953.38245795035,-15484.532172551977,0.06041826885961011,0.0023292780705805177,0.876
5136.88,GT-20215,64277.49122481123,-35221.99747984014,0.10981440160623102,0.40892664929950295,0.909
5136.88,GT-20219,73807.3450578275,30484.948361206356,-0.19364660998700953,0.2433017668596338,0.879
5142.42,GT-19944,-40022.13396955508,59219.54329263504,-0.2606261686977908,-0.16765653563639665,0.851
5142.42,GT-19981,182661.49198505838,-328874.18873981666,-563.4160721480486,718.6047139818004,0.956
5142.42,GT-19988,57289.5744115574,19236.473569665475,-0.24435702442338578,0.24777505922557386,0.941
5142.42,GT-20007,-69185.29151481792,9262.34081378697,-0.004962672887707353,-0.05772377794732714,0.937
5142.42,GT-20091,-37405.94641058971,-14371.058411988566,-6.68157911041488,9.06308762892953,0.855
5142.42,GT-20106,-3107.378892207611,-39694.88759364237,-4.360900135826574,-2.7187338092080857,0.942
5142.42,GT-20124,53398.98712112511,-84689.34844780368,-0.5578530160786882,-0.6354713164757029,0.858
5142.42,GT-20187,-77663.05984270795,-59311.14940377794,0.11553478660895843,0.23949722962823433,0.931
5142.42,GT-20212,55956.48749706693,-15485.647090096925,-0.06602000053513975,0.05803825248963111,0.933
5142.42,GT-20215,64284.877085106156,-35224.945208466226,0.24842101940407535,0.26224906590901365,0.929
5142.42,GT-20219,73806.81493338314,30486.650119166286,-0.12278602829864724,0.23715222599225097,0.852
5142.42,GT-20245,5352.717665585442,-70485.5964993713,0.1832015134780966,-0.5847799241158036,0.938
5147.7,GT-20106,-2992.6508983934827,-39513.31219317499,-10.66626516640674,-6.902619952659144,0.885
5147.7,GT-20215,64269.19192478648,-35259.1062354413,0.6330977991554549,0.535650921888364,0.862
5155.08,GT-19944,-40013.309228464175,59226.05981049511,0.0003146079559173953,-0.0680339589027204,0.902
5155.08,GT-19988,57315.225673028915,19219.475370980104,-0.9067869281055553,0.33719215556554766,0.894
5155.08,GT-20007,-69175.19404363993,9260.152982325333,-0.307284935742677,0.00539816621001734,0.89
5155.08,GT-20032,4007.6849736407535,47488.26832235078,0.17609886882285786,0.13215258341717995,0.887
5155.08,GT-20034,-91484.44475172607,90565.19483575395,0.054614397597277604,-0.21070354498994678,0.882
5155.08,GT-20090,-85448.47133613558,-48259.9190360817,-0.12720906785202596,-0.142395360487433,0.897
5155.08,GT-20091,-37410.58426798579,-14369.53727009069,-5.946156428823746,8.272255408800019,0.891
5155.08,GT-20106,-2895.75970850899,-39437.38639528157,-11.860663291597048,-8.121822427538373,0.895
5155.08,GT-20187,-77652.19182080014,-59318.88617411996,0.19798487797972403,-0.184293901536832,0.898
5155.08,GT-20212,55942.46667413966,-15483.196834184606,-0.44166664583690285,0.25657281493239337,0.898
5155.08,GT-20215,64258.34965520097,-35259.252528010235,0.23851038327155868,0.3798652822338935,0.9
5155.08,GT-20219,73804.70845800912,30504.166456356164,-0.05320332771513153,0.4893354295468257,0.9
5155.08,GT-20245,5350.017703506177,-70490.52103406993,-0.0716578625409463,0.027737242923250922,0.9
5155.08,GT-20273,88887.79874080839,-14123.444368201946,0.1650206029805878,0.5123399663780164,0.885
5159.22,GT-19988,57393.42771166681,19225.89298012025,-1.6947892932590642,0.3607850416534697,0.892
5159.22,GT-20007,-69168.79805770254,9265.469129408211,-0.6554780614975045,0.04663245240370057,0.885
5159.22,GT-20034,14178.816036962146,-71693.37602201069,477.66821169134755,-733.7127099665129,0.894
5159.22,GT-20106,-2732.7343815132267,-39299.96493668137,-12.852258304319982,-9.319141898692632,0.879
5159.22,GT-20187,-77653.11875311598,-59315.07306687863,0.13580441720342246,-0.030751372691158907,0.884
5159.22,GT-20212,55942.180636428544,-15483.808747122777,-0.46134230060910353,0.21726779442606028,0.874
5159.22,GT-20215,64308.874694490725,-35191.327665748395,1.642927535446349,2.448952495679559,0.906
5159.22,GT-20219,73800.75138964927,30497.42930244425,-0.14301407140794065,0.3130388943410156,0.884
5159.22,GT-20245,5354.912473936175,-70485.92170721634,0.09859548359090323,-0.07109112267754672,0.891
5164.72,GT-19944,-40016.12849411209,59242.887905750074,0.029990351641412935,-0.02739882958154189,0.892
5164.72,GT-19988,-111632.61126070686,72774.96668658893,378.1829277151181,-120.10742202953449,0.935
5164.72,GT-20007,96624.38470135468,-99034.32499877122,-759.031314682077,496.42106448479217,0.883
5164.72,GT-20032,4012.1668165553256,47459.96752658241,0.2767543269935121,-0.2459781966419593,0.881
5164.72,GT-20083,90064.7395609371,-38273.52875789315,0.2981637969492567,-0.05557137144397281,0.904
5164.72,GT-20090,-85449.96792695858,-48244.34070805285,-0.05287496408774661,0.1736578089612944,0.905
5164.72,GT-20091,-37349.72708686207,-14529.180503083244,-6.341163796600516,3.6448538728673405,0.931
5164.72,GT-20106,-2300.241678586007,-38954.37188646085,-13.948589366992074,-11.026036896947785,0.903
5164.72,GT-20124,53422.9422972638,-84682.75259504151,-0.13007420931289032,-0.14866742599055205,0.876
5164.72,GT-20187,-77654.85024837546,-59321.98714188013,0.08618578854113301,-0.21562743348469596,0.898
5164.72,GT-20212,55945.44414323521,-15493.289099503101,-0.352987301937973,-0.0713097453887406,0.9
5164.72,GT-20215,64311.77364180141,-35188.2404406031,1.5402603450795185,2.254638134520608,0.897
5164.72,GT-20219,73797.57304280266,30499.560706631906,-0.31134604323433474,0.4823151682454098,0.897
5164.72,GT-20245,5350.538808994643,-70482.6191841798,0.1009154722550981,0.11345310688491483,0.902
5164.72,GT-20249,54169.38787136585,8343.420930250353,-0.2209597421347127,-0.30217351833166795,0.901
5164.72,GT-20273,88885.70327582353,-14135.078372105296,0.12272876459670584,0.15969688639593513,0.884
5170.76,GT-20106,68627.75493887447,15708.750178604976,-78.80628222563722,-60.65267120877989,0.968
5170.76,GT-20187,-77644.62492752311,-59313.17483894601,0.20111582411721554,-0.021020339446875307,0.951
5170.76,GT-20212,55942.3718221995,-15492.349378632052,-0.2267328791229924,-0.04874534916299213,0.94
5170.76,GT-20215,64276.8157556766,-35255.66998564526,2.8493989380877145,4.297158771448528,0.904
5170.76,GT-20219,73803.5398801696,30493.95345341684,-0.1475598896155288,0.26194735733762703,0.948
5170.76,GT-20245,5354.200231495864,-70480.3298615996,0.11337158682933401,0.11050735293801428,0.951
5170.76,GT-20326,-4903.5671448820885,-42501.940800571225,1.8093463455839596,0.6013566862214548,0.898
5176.45,GT-20187,-77646.07503462456,-59316.95153508721,0.12129016392392826,-0.08240598391388333,0.898
5176.45,GT-20212,55947.55547614471,-15478.123286378228,0.05003150293381675,0.3243609207322226,0.909
5176.45,GT-20215,64154.87391571803,-35418.88000595956,3.5851161848008983,5.532694399789788,0.951
5176.45,GT-20219,73809.34926632493,30498.585546840834,0.0031258354614261677,0.4505708870274008,0.9
5176.45,GT-20245,5354.204265177415,-70482.35700481756,0.09600884387492419,0.10467557443849125,0.896
5176.45,GT-20326,-4393.761525608845,-40924.726451531555,1.0805309173458109,3.190313999800833,0.98
5181.78,GT-19944,-40010.16389554557,59237.83622477334,0.4138322914752054,-0.257636760609705,0.883
5181.78,GT-20032,3990.309764261698,47458.766175135504,0.014842760622123391,0.010065141550288072,0.885
5181.78,GT-20083,90052.59529311549,-38269.25552845743,-0.15694466667671453,0.04935667488950588,0.898
5181.78,GT-20091,-37318.95406980029,-14454.446697627725,-4.423943957365894,5.474950626889722,0.901
5181.78,GT-20187,-77643.36129840618,-59318.95717943063,0.08895517734020994,-0.08218172157318779,0.886
5181.78,GT-20212,55947.60194366236,-15480.837716637914,0.04141602122644249,0.3409730479908794,0.888
5181.78,GT-20215,64027.45346113393,-35588.07311248218,2.8696512806259107,4.662055321624612,0.91
5181.78,GT-20219,73806.20322827302,30496.090073470605,-0.09887369727542587,0.3037131758845321,0.896
5181.78,GT-20245,5416.390866751119,-70249.69922374083,-0.75861462545886,-2.9558623024697446,0.896
5181.78,GT-20249,54159.2430132016,8355.441451631285,-0.43253698747562647,0.14507482622033988,0.877
5181.78,GT-20273,88873.5465981276,-14147.79123163959,-0.08537658963920944,-0.32018204151238405,0.899
5181.78,GT-20311,-27314.110089468024,71098.9026856385,-0.09022315178788082,-0.33402552328044816,0.873
5181.78,GT-20326,-3995.693496955656,-40522.44714164583,1.6674204862614432,2.647511567809193,0.912
5181.78,GT-20339,-91469.81648044291,90548.87534283809,-0.08600193846514534,-0.060512482725519734,0.885
5181.78,GT-20370,57214.58657449629,19239.53683061526,-0.06831131013058965,0.13567203679443277,0.891
5187.68,GT-20083,90055.2227813913,-38270.97772323345,-0.1263021554674651,0.025151277079342504,0.874
5187.68,GT-20187,-77648.0966004454,-59322.12496860906,0.04472240007059199,-0.006988543366358235,0.879
5187.68,GT-20212,55955.91128034782,-15480.100330479318,0.12550404248194783,0.30848541670614676,0.877
5187.68,GT-20215,63871.08067774633,-35812.86669692275,6.62710765933645,10.266893604711907,0.907
5187.68,GT-20219,73802.90266971095,30490.819377800315,-0.23925234833203218,0.20172863817405637,0.878
5187.68,GT-20245,5425.12445414488,-70232.55976744898,-0.6652246603353523,-3.0555421563998637,0.878
5187.68,GT-20326,-4015.446520964401,-40817.3529836442,0.7724305415191527,0.7370092531910537,0.918
5187.68,GT-20370,57213.60155216673,19239.923530640543,-0.08282843437540595,0.1449330924190581,0.871
5194.55,GT-19944,71920.21083637112,-13525.860176802043,346.2535042950214,-225.3411460216088,0.855
5194.55,GT-20032,4006.5826550947413,47453.104685210026,0.31497832350152766,0.18943057124886356,0.855
5194.55,GT-20083,90039.9440080829,-38272.311474852446,-0.5062233321329641,-0.017704949869495196,0.854
5194.55,GT-20124,53400.336288934486,-84681.44776751309,-0.22747921268839955,-0.03769408318738876,0.858
5194.55,GT-20212,55952.38446648993,-15484.288519814263,0.04067359269889023,0.13150937013938918,0.861
5194.55,GT-20215,63740.71888236732,-36010.93846463797,8.230309767350892,12.48626602130965,0.857
5194.55,GT-20219,73814.5657275763,30497.825947624362,0.06341013387552039,0.3266431047364885,0.857
5194.55,GT-20245,5433.700356450258,-70171.11408359632,-0.7716750875960247,-2.9015881028202295,0.938
5194.55,GT-20311,-27310.981971425605,71104.77174324206,-0.26085859044017135,-0.09352933614348394,0.857
5194.55,GT-20326,-3976.516036302104,-40774.882273543975,1.7650494763128346,2.007583938275828,0.859
5194.55,GT-20338,-40415.34960490522,-8220.127313746245,0.8454335492073433,0.07540512971991517,0.855
5194.55,GT-20339,-91474.64831271904,90553.74022150876,-0.015433684369153586,-0.14589626981189824,0.858
5197.46,GT-20032,4007.886421048388,47459.05137671667,0.1994591634241272,0.34327996430268615,0.863
5197.46,GT-20090,-85464.81069980015,-48223.339263837835,-0.02552266534352156,-0.028310275030300952,0.852
5197.46,GT-20124,53406.3194649644,-84679.04826315063,-0.007061088006901556,0.032620322670472796,0.856
5197.46,GT-20219,73813.23076308164,30496.793666401834,0.01712262151295941,0.39994958471701086,0.911
5197.46,GT-20311,-27302.046461292935,71104.62720014912,-0.11483151357072752,-0.16375303054249296,0.863
5197.46,GT-20326,-3892.3154029548155,-40812.70721319329,1.293409758510092,1.2715456854245843,0.943
5197.46,GT-20339,-91472.6928389571,90554.267481984,0.1861634091374838,-0.06970725545172238,0.864
5202.07,GT-20187,-77681.04945983744,-59310.40035411079,-0.6876958622605347,0.23223221513983125,0.875
5202.07,GT-20212,55953.44017320143,-15491.377747072278,-0.06579776117130925,-0.24453062077808152,0.891
5202.07,GT-20219,73825.69647029879,30482.444012010736,0.23793214144908997,0.09276311038406249,0.889
5202.07,GT-20245,5448.898573796406,-70130.12208012353,-0.9014508425771113,-3.6002600509120435,0.893
5202.07,GT-20326,-3880.772029348413,-40789.571207407964,2.3336331298379585,3.0994675162645278,0.884
5202.07,GT-20370,57206.32638794756,19233.613771342687,-0.11640827669998859,0.06404715723300906,0.883
5202.07,GT-20431,-69214.10235423157,9290.24267316094,-0.08015042129399476,0.5944191989678345,0.864
5207.37,GT-20032,4003.728697345146,47453.835408260355,0.18248678294763465,0.4565055534998799,0.902
5207.37,GT-20083,90050.55315368275,-38282.8798755443,-0.18867651542635208,-0.060096253831773555,0.907
5207.37,GT-20090,-85467.2192148663,-48238.19510589601,0.37916578441270166,-0.18951206964514303,0.913
5207.37,GT-20091,-37186.918522151995,-14627.13349605598,-4.922127639209155,8.468803982917944,0.915
5207.37,GT-20187,-77664.32375035189,-59312.98804521599,-0.49590847754392864,0.2648630831325379,0.869
5207.37,GT-20212,55951.37550614431,-15491.889494359591,-0.050371544026675694,-0.24632097604314557,0.863
5207.37,GT-20219,73827.89516703253,30481.56027565697,0.22569531723025055,0.1103897166296465,0.856
5207.37,GT-20245,5451.3255687438805,-70120.87041507306,-1.0313433778021193,-3.8379349507016203,0.87
5207.37,GT-20249,54174.56467124654,8329.791290809073,0.058859107074306145,-0.19187317266847004,0.911
5207.37,GT-20311,-27303.943969935302,71103.44484491326,-0.1345800755159933,-0.19366915487459704,0.91
5207.37,GT-20326,-3761.716674198363,-40784.9478197768,0.412847396362391,1.4449248640890269,0.904
5207.37,GT-20336,-96021.62056318788,26971.086446387384,-0.18418549488185046,-0.10078141060009538,0.903
5207.37,GT-20338,-40385.69912715591,-8249.437599499099,0.5430125928245084,-0.4698786117419979,0.916
5207.37,GT-20339,-91471.41103280337,90553.6477502042,0.22968266985115013,-0.08917296100295909,0.906
5207.37,GT-20370,57203.366574691696,19231.825769903524,-0.15824471017153316,0.01690880956155421,0.866
5207.37,GT-20431,-69214.98819825913,9292.83237202115,-0.08047110290166207,0.5793017510016911,0.852
5207.37,GT-20465,65323.665356700934,-35609.02704966033,-1.1994121546067333,1.4847542835167777,0.854
5211.39,GT-20083,90044.66126682631,-38286.614969197115,-0.3602566652813012,-0.0947310318486335,0.895
5211.39,GT-20090,165961.37111535342,76103.75901988006,-1851.6631631164394,-915.525224799985,0.959
5211.39,GT-20249,54168.8344636195,8328.370235033857,-0.09067278697364686,-0.20320781614156996,0.888
5211.39,GT-20311,-27307.274567058506,71103.43447037194,-0.1339281492555958,-0.21814086318827278,0.879
5211.39,GT-20326,-3891.224360614664,-40693.19818300833,-3.3004839092021303,2.1035924794625576,0.929
5211.39,GT-20338,-40383.12432506444,-8244.990656371017,0.5164988813091947,-0.25394631521074973,0.889
5211.39,GT-20339,-91472.04343506006,90557.66492419053,0.20890111939082176,0.027890713685443172,0.886
5211.39,GT-20370,57209.14731036554,19228.785135034053,0.034466048990792475,0.0600609835518061,0.854
5211.39,GT-20465,65254.08326950276,-35626.36400294408,-1.8789584926195277,2.1784680067679707,0.898
5217.04,GT-20032,124678.17963533965,38729.005890293876,939.1996481782487,-67.82123670158813,0.855
5217.04,GT-20187,-46322.86246670886,55126.77255373699,11.98448297416973,41.629844753658226,0.982
5217.04,GT-20212,55944.11511039818,-15496.299499829245,-0.04873595105179515,-0.22353474144561597,0.92
5217.04,GT-20219,73828.8979113018,30474.9166205959,0.011996482175755135,0.1468165007877377,0.853
5217.04,GT-20245,5496.166177050938,-69975.35672867065,-1.4413534871561438,-5.261676137369358,0.853
5217.04,GT-20326,-3872.159949141716,-40689.71733491398,-1.5321171612900524,3.6457868700751845,0.861
5217.04,GT-20339,-91474.71927530259,90562.41509069668,0.1266376215394298,0.16497226263962939,0.85
5217.04,GT-20370,57214.797778004744,19235.980825214247,0.07901707289244046,0.2743779828340418,0.939
5217.04,GT-20465,64932.9720129777,-35517.10089045766,-2.7456533710669584,1.8485736897625238,0.939
5221.28,GT-20083,90031.45922849397,-38280.57511845085,-0.5730284997416719,0.08629082730595161,0.857
5221.28,GT-20219,73836.07648990817,30468.232397941738,-0.049507188667339226,0.13286283722278586,0.862
5221.28,GT-20245,5524.783587880422,-69876.20763232434,-1.7258966889880487,-6.395888158223001,0.855
5221.28,GT-20249,54161.269067927795,8331.075273205397,-0.2657630520099654,-0.12154799044384927,0.856
5221.28,GT-20311,-27306.901752291902,71097.0123372395,-0.08036304081910445,-0.3057020437567496,0.853
5221.28,GT-20326,-3679.4906448999363,-40494.290059015824,-1.639773122834585,3.732678880146148,0.968
5221.28,GT-20336,-96032.50476816438,26972.99988235303,-0.2692179067714061,-0.10764773661862904,0.857
5221.28,GT-20370,57212.27131108787,19229.130967426372,-0.0172102746322412,-0.009765843410107389,0.863
5221.28,GT-20431,-69202.49889136414,9291.183136209323,0.4090256332304812,0.3837786688199999,0.854
5221.28,GT-20465,64992.12503592472,-35326.194196308206,-2.036954425975945,3.6423115230674465,0.936
5230.51,GT-20083,90030.6181240967,-38281.03624789153,-0.6038315403353695,0.09218408344911139,0.88
5230.51,GT-20091,-36934.711000459334,-15079.913730080036,-8.081659798945122,13.403919276141805,0.902
5230.51,GT-20124,53405.479392491005,-84686.59572685797,0.2714725332637601,0.02439013317446742,0.884
5230.51,GT-20212,55947.42413024575,-15505.7750695256,0.005594755672941432,-0.10546547659861256,0.903
5230.51,GT-20219,73839.78104045331,30460.96952738495,-0.10828050878464039,0.1530177985920287,0.897
5230.51,GT-20245,5598.566962483766,-69635.15842999893,-2.615158533951954,-9.451395214273525,0.895
5230.51,GT-20249,54160.906525478946,8332.301970460767,-0.2905985734295154,0.017880875034789717,0.903
5230.51,GT-20273,88872.19067603839,-14134.052131454366,-0.27226381003418415,0.10405398616290862,0.877
5230.51,GT-20326,-3645.337873631858,-40508.574385481086,0.4591059428182689,4.670926267998002,0.907
5230.51,GT-20336,-96034.99093632946,26975.864674882258,-0.24339979161182806,-0.10895926207715492,0.891
5230.51,GT-20370,57220.076900305925,19229.279177039545,0.18715758683405062,0.04700767018790496,0.899
5230.51,GT-20431,-69212.66303532844,9298.520223976579,-0.11413180932758954,0.46371924524599617,0.897
5230.51,GT-20465,64822.99682235373,-35307.91541314073,-3.0239408082979584,2.7150577756068297,0.903
5235.36,GT-20091,-36819.926531910314,-15291.020862660145,-9.15765412383246,14.795433924747451,0.893
5235.36,GT-20212,55940.11901129427,-15502.762688764295,0.1338815609920594,0.17099386753048074,0.893
5235.36,GT-20219,73844.06135013755,30450.081708748683,-0.2740971535281819,0.4437015327372778,0.887
5235.36,GT-20245,339032.27746545436,309866.82612045034,-1142.92833540169,-1299.7004305542268,0.931
5235.36,GT-20326,-3664.9621578563842,-40580.251042565484,-4.244671619136087,0.8746543055753506,0.917
5235.36,GT-20370,57218.89617244451,19230.688412255786,0.1651679141324647,0.0662373985975479,0.879
5235.36,GT-20431,-69210.18155132432,9288.190112810387,0.03210539176752851,0.0753197446725482,0.887
5235.36,GT-20465,64721.953300187444,-35225.27051753809,-2.414261588231473,2.353989618533425,0.911
5235.36,GT-20528,-77649.09262677433,-59313.021330659074,0.0416493551291407,-0.2641996687889283,0.88
5235.36,GT-20529,-40011.043554996904,59196.42927100489,-0.05392391136788882,0.337220611419455,0.852
5235.36,GT-20530,4007.77026166123,47490.67703995008,0.10498435621063625,-0.020324215047096306,0.855
5240.0,GT-20212,55934.916258489495,-15508.438787152472,0.2089184692072808,0.2463406093841309,0.876
5240.0,GT-20219,73844.0363916912,30446.325713871956,-0.356615682132208,0.6057009296855296,0.872
5240.0,GT-20311,-27293.999674065213,71103.5413300965,0.23679613275316586,-0.17301848470202894,0.869
5240.0,GT-20326,-3404.6559324589994,-40423.56734733443,-3.2854598829791968,2.4320321796780187,0.922
5240.0,GT-20336,-96036.71145273921,26992.141852730583,-0.24664678355183053,0.17678821440170853,0.88
5240.0,GT-20370,57224.43528566166,19225.846756723695,0.15693077884298023,0.07892728006827081,0.874
5240.0,GT-20431,-69206.52875920999,9285.348609415942,0.09885480320408382,0.17919514864184438,0.891
5240.0,GT-20465,64691.5074343303,-35176.497536190655,-1.7784101616968735,2.33984715929013,0.906
5240.0,GT-20528,-77654.8778193398,-59315.85131330477,-0.05772886786993942,-0.20333597765688793,0.884
5246.57,GT-20083,-117280.56607702024,-78347.53053658493,-538.1450140756723,-104.23626105425527,0.918
5246.57,GT-20212,55931.56900503845,-15517.438698030395,0.3016117549067178,0.37719622444598155,0.872
5246.57,GT-20326,-3414.2132124602927,-40475.129641787884,-3.2758097060972995,3.466200615889303,0.882
5246.57,GT-20370,57218.18409391183,19222.981762827116,0.07615027203557251,0.2842002787711315,0.872
5246.57,GT-20431,-69208.41930425129,9283.310867221506,0.039616448671491306,0.09436201517014751,0.885
5246.57,GT-20465,64638.49072541486,-35188.863780687534,-2.171740772766248,1.649704501327462,0.89
5246.57,GT-20528,-77658.76427588204,-59322.09298968506,-0.1647551978618305,-0.19108228476154562,0.881
5250.15,GT-20091,608136.3671725552,-267589.4275437421,-3504.13614949187,1366.8115913146967,0.949
5250.15,GT-20212,55926.065281534495,-15560.356564131982,0.5962402375033394,0.567346356329654,0.935
5250.15,GT-20326,-3360.773396664682,-40598.48101729841,-2.284094953210059,5.579705918987841,0.931
5250.15,GT-20370,57206.69985361055,19217.249399641543,-0.017611007253105826,0.3055763683723259,0.933
5250.15,GT-20431,-69209.08808933002,9279.073892370194,0.017050035232618624,-0.014971820090593134,0.93
5250.15,GT-20465,64587.64019319099,-35269.611782877015,-2.4527347025276875,1.5785462152305594,0.943
5250.15,GT-20528,-77657.21077279362,-59326.493671432276,0.016035492670328763,-0.39444916630295956,0.922
5257.93,GT-20212,-682387.984267719,-55870.99836458337,5420.780106614885,295.35970253107354,0.872
5257.93,GT-20326,-3288.5836187057507,-40998.77300919708,-1.5123146904679021,10.815174154617786,0.899
5257.93,GT-20370,57209.590306196245,19225.616274337353,-0.11986322560977347,0.46513181394164876,0.899
5257.93,GT-20431,-69218.8107312078,9264.592009690292,-0.3599039230512363,-0.21762248788637134,0.898
5257.93,GT-20465,64654.92244952328,-35147.59583713375,-0.9156648580794808,3.8171670132105406,0.953
5257.93,GT-20528,-77663.34367216393,-59326.21746777507,-0.19743161537468562,-0.37057639814286036,0.897
5262.31,GT-20326,-3219.1245795146633,-41031.92517434663,-3.1134681903756376,8.159455826338583,0.933
5262.31,GT-20465,64669.73646227772,-35130.41347143647,-1.091640737269269,3.9125070741739267,0.86
5262.31,GT-20528,-77662.17211804361,-59322.24278684662,-0.05589214919824785,-0.2382593310777866,0.929
5266.93,GT-20370,57212.14731820947,19204.338958487366,-0.3282963613761944,0.43480123427232714,0.891
5266.93,GT-20431,-69217.19851310978,9260.050623215575,-0.2924256352398088,-0.16671365435163912,0.9
5266.93,GT-20465,64622.07306483492,-35259.11805054494,-2.1038705455475704,2.4800582334797188,0.953
5266.93,GT-20528,-77656.59393007883,-59323.415083655775,0.019663565756800845,-0.1765168457803405,0.9
5266.93,GT-20622,5337.445053111253,-70483.28757565148,0.07949750610602445,-0.15600990805702253,0.897
5266.93,GT-20631,55966.531278777016,-15486.338473220716,0.053643197549921647,-0.2579130721732472,0.889
5271.43,GT-20370,-207474.25346505627,-160848.17625462622,-363.37844644269046,-246.7586556858211,0.905
5271.43,GT-20431,-69218.48203127188,9261.34806777412,-0.32093539132074583,-0.07706291197406215,0.938
5271.43,GT-20465,64655.183406120355,-35273.87055274911,-2.656692869302884,2.2281304628301877,0.949
5271.43,GT-20528,-77650.80757721682,-59330.22169959554,0.12966214638778492,-0.22474274930687219,0.936
5271.43,GT-20622,5337.3040859866705,-70487.5147912833,0.19055872782923505,-0.2881165098389781,0.95
5271.43,GT-20631,55962.1077999638,-15486.666504361758,-0.0606377032362646,0.24764958382280913,0.945
5271.43,GT-20672,-3686.781582093792,-40045.45889823826,0.1441958181113675,-0.22599337470806624,0.888
5274.4,GT-20431,-69210.57351085558,9264.5752120992,-0.1619807985468743,0.05285290110987098,0.886
5274.4,GT-20465,64635.058597829186,-35367.26919590029,-2.8409844701569087,2.5411787483884702,0.948
5274.4,GT-20528,-77648.97523823522,-59330.50960971045,0.19491544720899542,-0.2294258896344555,0.891
5274.4,GT-20622,5310.731888513208,-70633.39407346123,0.3541512970534916,0.4900288077371281,0.941
5274.4,GT-20631,55962.340609371124,-15486.38101633755,-0.05133364344359856,0.2376666527074443,0.885
5274.4,GT-20672,-3832.510088405319,-39991.10625655883,-0.4131118442227657,-0.4266315936459754,0.969
5281.27,GT-20338,-40380.04874158527,-8240.650170665705,0.49727644680143507,-0.2196087017869347,0.879
5281.27,GT-20431,-69204.8139617374,9257.643253368033,-0.18316051376888057,0.09115839569263474,0.894
5281.27,GT-20465,64687.066570544244,-35468.9754921732,-3.955082058860066,3.85721896003602,0.9
5281.27,GT-20528,-77646.12126952154,-59329.31281601277,0.12914256386056613,-0.13015125633818692,0.899
5281.27,GT-20529,-39996.51040968935,59204.06675594025,0.41043345492741323,0.35931785368079633,0.883
5281.27,GT-20622,5327.700826949118,-70646.52230180905,-0.5521762618127631,1.181954747633925,0.907
5281.27,GT-20631,55960.14841722188,-15490.12695319018,-0.020634730862730235,0.07971046291288036,0.893
5281.27,GT-20657,53838.77255660881,-82009.65376188494,-0.3603844761125422,-1.3698290584464434,0.881
5281.27,GT-20672,-3706.9413073407413,-39968.87214965004,0.4219469009308967,-0.3125982917073623,0.901
5281.27,GT-20687,57208.02620565905,19244.197871958753,0.40380598168694026,0.6343563515611008,0.895
5288.35,GT-20273,88878.61984193331,-14170.144700195639,0.34772026356738744,0.6084203623173395,0.852
5288.35,GT-20311,-27288.023589882283,71088.57124828348,0.12420369945153696,-0.19869817681631222,0.855
5288.35,GT-20339,117555.18778448025,42907.92908821031,437.942741977584,-99.86386940826378,0.857
5288.35,GT-20431,-69198.09798987761,9248.349483426873,-0.09438239427335843,-0.04256031716035499,0.86
5288.35,GT-20465,-4041.92191635794,-114983.69943753316,-189.40557308752855,-217.86619485280747,0.889
5288.35,GT-20528,-77645.4848279489,-59334.48896689283,0.09853444465729762,-0.10302362038731978,0.854
5288.35,GT-20530,4013.1859343056353,47481.62074182944,0.06725470135797777,-0.08254512583009922,0.854
5288.35,GT-20657,53853.23454719378,-81910.81259841878,-0.9321469618293715,-4.685154521404971,0.856
5288.35,GT-20672,-3521.4610416432383,-39923.55084335069,0.7095353187711415,-0.1873187603670679,0.863
5288.35,GT-20687,57212.471865915024,19259.094870258614,0.3936024947701526,0.6699502647574186,0.854
5291.43,GT-20249,54189.35700419111,8298.090903647924,-0.5126910639734994,0.7424654194029309,0.861
5291.43,GT-20273,88874.59713053485,-14172.104437415306,0.39146475317052704,0.6681273700596528,0.865
5291.43,GT-20311,-27288.27626466136,71094.54121801662,0.06052953411850279,-0.06406580286832095,0.892
5291.43,GT-20336,-96004.82117840687,26973.849807813873,0.028352449740329494,-0.6863996798910077,0.884
5291.43,GT-20431,-69189.5988021642,9247.356499536982,-0.07441447086403642,0.12218668719758058,0.9
5291.43,GT-20528,-77713.96840444213,-59204.148329905955,2.3315006959103064,-3.7184213551609777,0.95
5291.43,GT-20530,3997.660839256305,47486.62483342198,-0.34949702494060697,0.2129975717326557,0.892
5291.43,GT-20551,-85628.38039930152,-48379.74973176696,2.6251804223985578,1.5856409324796599,0.889
5291.43,GT-20622,5320.951937793935,-70727.12523778371,0.37721606615584125,5.888241520512493,0.898
5291.43,GT-20631,55964.78665272605,-15493.22847572912,0.053048790159185434,-0.013731593187986918,0.894
5291.43,GT-20657,53874.279792983,-81785.3804477774,-1.2224815984257789,-6.459943173564317,0.876
5291.43,GT-20672,-3481.837832056379,-39906.9136028916,0.6796858721075556,0.13941051710683305,0.898
5291.43,GT-20687,57208.56922615742,19258.73893268042,0.28640806998305496,0.5645115966437625,0.899
5298.43,GT-20249,80273.05580781224,-124258.9357891964,23.344397292418424,-118.21591579373754,0.882
5298.43,GT-20311,-27289.146382891497,71094.96031956143,0.0469361349765795,-0.05135491059859361,0.872
5298.43,GT-20431,-69191.85306729551,9253.867466882813,-0.18116481286683123,0.3721910947640581,0.879
5298.43,GT-20528,-77739.12904342814,-59173.49768088243,2.4222198633898806,-3.896634621667228,0.888
5298.43,GT-20622,5322.453277061186,-70765.47632364536,0.36603987746698774,5.662418421576824,0.876
5298.43,GT-20631,55962.15588182163,-15500.712152902075,0.0150202252172243,-0.2690941224909494,0.882
5298.43,GT-20657,53887.639308814774,-81662.32151411306,-1.6338856977482699,-9.266753253963579,0.866
5298.43,GT-20672,-3323.3829024059787,-39880.09934759847,-0.39173373799402006,-1.14873025698022,0.917
5298.43,GT-20687,57207.86376431189,19262.742726841538,0.33174653489152506,0.5892916543388533,0.872
5303.24,GT-20431,-69191.51107193982,9236.28953260455,-0.33459646892609257,0.36023545787405914,0.932
5303.24,GT-20551,-85619.67014032396,-48364.09952632252,2.7433242925274826,1.8595477692806757,0.85
5303.24,GT-20622,5315.23726198606,-70820.46165491482,0.16524652609812213,4.849836690711819,0.859
5303.24,GT-20631,55959.86507042548,-15498.492124800292,-0.0361441228245704,-0.14621483322061768,0.935
5303.24,GT-20660,-37875.188657718354,-13856.23143489858,-3.6136701294315645,0.037417291681956094,0.86
5303.24,GT-20672,-3327.418616268399,-39878.05332638203,-0.22153584221278055,-0.47834062051574233,0.861
5303.24,GT-20687,57203.54066910537,19247.26384923715,-0.023569405707422664,0.0456939885671766,0.858
5307.68,GT-20311,-27288.788893843466,71086.0012631043,-0.1379417299508494,-0.13566535736957025,0.889
5307.68,GT-20336,-95999.26653471717,26989.26863968339,-0.3995114353609377,-0.7933091381630235,0.869
5307.68,GT-20431,-69191.13628707679,9228.655254337014,-0.39217178665434066,0.37354235703501704,0.858
5307.68,GT-20530,4008.6062340388266,47486.13691942678,0.019225088850645333,0.2258031479612024,0.88
5307.68,GT-20551,-85623.88176247444,-48369.44277508006,2.9310572419104157,1.9329369049250387,0.873
5307.68,GT-20622,5308.663447147529,-70858.03008700402,0.11107216898120001,5.250178205174671,0.857
5307.68,GT-20631,55959.433596156516,-15491.871216966458,0.03210696562828308,0.09789785443438537,0.862
5307.68,GT-20657,53941.832784749764,-81333.02717859234,-2.8253963548743575,-16.99691728365427,0.862
5307.68,GT-20660,-38039.20223955209,-13846.256029510914,-8.65159006637131,0.2699498299189419,0.93
5307.68,GT-20672,-3325.9575663053556,-39880.426284477115,-0.1551879433257173,-0.49227393559418875,0.858
5307.68,GT-20687,57212.69264149253,19241.99360624443,0.27115886483595314,-0.033733534215764395,0.855
5307.68,GT-20730,90025.31188299184,-38266.14188811691,0.13488366261292312,-0.09012784054440423,0.867
5307.68,GT-20762,64803.413648379814,-34450.03140518208,0.049771565208812485,0.3967856535000625,0.898
5316.43,GT-20336,473464.39869920874,-126442.09921727418,-2222.448878150933,599.1782565365679,0.9
5316.43,GT-20431,-69185.3661518508,9210.177230166397,-0.6345474871979947,0.7059200806463647,0.885
5316.43,GT-20622,5302.9842627120015,-70914.03689837691,0.21903055016748785,6.309850366983248,0.878
5316.43,GT-20631,55964.620489728986,-15497.952920016189,0.1367668704244117,-0.16741666182417309,0.893
5316.43,GT-20672,-3328.5596568472024,-39881.39220991032,-0.13531935283804444,-0.44367791578598226,0.88
5316.43,GT-20687,57213.079070076725,19244.39773183331,0.22834922256156343,-0.055599691628425985,0.879
5316.43,GT-20762,64474.97481862677,-34931.92133538322,-0.8024336215575544,-1.2619718831880258,0.954
5316.43,GT-20779,73805.55043986368,30500.289802810177,-0.09379239253448463,-0.08247291473358118,0.947
5319.49,GT-20338,-40440.42409787016,-8237.350340826955,0.863029703517064,-1.0159723005532437,0.867
5319.49,GT-20431,-69161.20206816026,9144.259850375816,-0.6449591134049404,0.9423531775485237,0.895
5319.49,GT-20530,4011.680155569366,47476.56596829393,0.08454708756821194,-0.053841612845500486,0.87
5319.49,GT-20622,5293.423737485074,-71017.69984398852,0.33612915389608955,7.133550244706825,0.881
5319.49,GT-20631,55960.208203619215,-15498.246902324452,-0.05834254280882137,-0.2541634685034907,0.896
5319.49,GT-20660,-38039.8666476215,-13846.656871131678,-6.567277473045186,0.13562707989044265,0.85
5319.49,GT-20672,-3186.809273937008,-39868.26276607102,-1.8327206443683468,-0.36528651671221507,0.912
5319.49,GT-20687,57215.991274066866,19248.50052117186,0.18653509233867666,0.028991053707767916,0.884
5319.49,GT-20730,90031.44818156777,-38267.39993166055,0.06775907595372091,-0.1360694380882503,0.857
5319.49,GT-20752,-91478.57302427509,90583.60068014193,0.664287277282051,0.3668448408723735,0.862
5319.49,GT-20762,64564.944158336584,-34793.592289274595,-0.39270337210654294,-0.6208167036359431,0.917
5319.49,GT-20779,73803.67453845122,30492.31225894588,0.07220071981847462,-0.30244711781996075,0.894
5326.18,GT-20338,-171965.65243519412,-200711.99968753656,75.95679104466667,111.24596376313544,0.95
5326.18,GT-20622,5283.390364409777,-71223.45719817698,0.6244184990952117,8.4190362132805,0.886
5326.18,GT-20631,55957.484917463174,-15495.137465821643,-0.15351117109601542,-0.17085189941300485,0.876
5326.18,GT-20657,-45948.79486517609,81785.97781533905,-64.88682988841484,105.18364628670498,0.893
5326.18,GT-20672,-3195.557204020536,-39871.21117274885,-1.7105291164681304,-0.4356770061325404,0.891
5326.18,GT-20687,57216.06648579195,19251.407921386504,0.06905174912367472,0.002951098748793679,0.954
5326.18,GT-20762,64553.21194378855,-34812.15730642492,-0.7094727861204628,-1.21587538775334,0.944
5326.18,GT-20779,73798.68362182348,30492.62934966411,0.004537177385606599,-0.11099505721777347,0.946
5330.11,GT-20311,-27273.957019925692,71096.18924042254,0.05988267009558093,0.09803060636559553,0.875
5330.11,GT-20529,-40001.665394647534,59208.315638195876,-0.10235065634974083,0.2579981374568339,0.877
5330.11,GT-20530,4008.86771995694,47469.97921890605,0.019547037894390343,-0.1477497045191996,0.87
5330.11,GT-20551,-85631.54410070465,-48366.41177307339,2.2801233555533815,1.5826104730419943,0.872
5330.11,GT-20622,434546.10606002074,-38960.61643246529,-627.0175948533443,-47.90705756331576,0.925
5330.11,GT-20631,55952.50464652426,-15498.252069874463,-0.31770710758271753,-0.17507612879625536,0.885
5330.11,GT-20660,-37892.165116323384,-13856.222697091707,-12.92599064416512,0.14566315892153214,0.897
5330.11,GT-20672,-3029.1754041909917,-39867.85092707025,-3.565171708311284,-0.7628237051773573,0.912
5330.11,GT-20687,57218.79126714031,19253.552342736428,0.07991089204677748,0.029848141062166947,0.892
5330.11,GT-20730,90047.8402495782,-38262.18163016051,0.5155983099502446,0.1772017728668402,0.873
5330.11,GT-20752,-91472.1997365786,90579.3706521706,0.5829106442808801,0.23301513075361563,0.859
5330.11,GT-20762,64535.891581577525,-34840.36012276571,-0.20218748066397133,-0.4590986534627055,0.915
5330.11,GT-20773,54170.7515954617,8366.12582511066,0.06844359047379214,0.14164091842555782,0.87
5330.11,GT-20779,73801.70283372338,30492.333087441646,0.03154028920590407,-0.10805540604044314,0.885
5338.7,GT-20631,55955.65372259978,-15497.901506391689,-0.17974651475785863,-0.16922805585920275,0.953
5338.7,GT-20672,-2985.2361837402846,-39865.56081342348,-3.7215705874793064,-0.7045956639606746,0.952
5338.7,GT-20687,57222.45646229109,19255.11953613172,0.027932520639666072,-0.03442935628347733,0.891
5338.7,GT-20752,-91438.99459615182,90476.27066911104,-0.4955079942252876,2.671964581358587,0.855
5338.7,GT-20762,64463.28716639371,-34949.442422611784,-0.7784741172884189,-1.3732558246070925,0.956
5338.7,GT-20779,73801.70579433115,30490.853041334914,0.17080376540954534,-0.1456507240982734,0.881
5344.28,GT-20563,34697.465418124906,-84456.95165949182,-399.4577482663351,1186.0400331356284,0.869
5344.28,GT-20631,55955.85293608493,-15501.523367077738,-0.19582333928230777,-0.13343835024540882,0.863
5344.28,GT-20672,-2938.0699293420357,-39720.364097602476,-4.855659316038054,-4.322026562557838,0.884
5344.28,GT-20687,57228.63508079446,19250.920278293645,0.12536041020206629,-0.2566805299502515,0.951
5344.28,GT-20762,64473.45010429781,-34936.17738674159,-0.2587144724761597,-0.6150964387972532,0.895
5344.28,GT-20779,73804.34464304248,30491.542374726057,0.19797543727963637,-0.10070363895767886,0.861
5351.2,GT-20311,-27267.310298242188,71078.41007718994,-0.2000397746019525,0.1923237343369254,0.901
5351.2,GT-20529,-39996.70219960017,59213.98500987926,-0.12633281465066634,0.36430735521297325,0.892
5351.2,GT-20530,3997.8033087814656,47463.35782000103,0.03084095116359359,0.005404285187557173,0.874
5351.2,GT-20631,55952.439835051875,-15499.004108709656,-0.18248882062097305,0.005276149647131828,0.909
5351.2,GT-20660,-37559.44556573221,-13866.466868659229,-3.4074958757995693,-0.05183447768113207,0.899
5351.2,GT-20672,-2831.773627616252,-39660.48882191913,-5.873008469534232,-4.513238450279009,0.897
5351.2,GT-20687,57228.06671328952,19253.457205188493,0.1494046572575271,-0.3457894762675744,0.894
5351.2,GT-20730,90049.60291929885,-38269.612644075125,0.36063406591964836,-0.015574124657656813,0.89
5351.2,GT-20752,-91440.65964244404,90473.64521059432,-0.4792717137514173,2.2577975893986744,0.884
5351.2,GT-20762,64482.982976009676,-34929.16441624701,-0.6410321847733151,-1.3189895204120456,0.902
5351.2,GT-20779,73811.94817969722,30495.720839524463,0.2525458951383248,-0.040030534538109175,0.897
5351.2,GT-20866,53430.32792886942,-84674.92272622981,-0.2790808625254004,-0.251750131031233,0.866
5351.2,GT-20889,-69195.59966077491,9282.590436744504,0.07028965892027575,0.3074031721491314,0.886
5351.2,GT-20901,5650.009771175686,-68731.69801209266,-0.4060983604195735,-3.8356799910603248,0.884
5354.79,GT-20311,-27272.168564680473,71074.89986385219,-0.32654048685250425,0.17540675552821877,0.884
5354.79,GT-20631,55956.47098057787,-15500.50254021425,-0.22465807549072447,0.03092638332658057,0.876
5354.79,GT-20660,-37546.67826261783,-13869.45513430611,-2.9709416421494903,-0.12570580707750978,0.883
5354.79,GT-20672,-2500.8879996261735,-39570.488547550776,-11.74755265521662,-5.674124388911627,0.9
5354.79,GT-20687,57234.29299429644,19262.188933530924,0.15466086235304552,-0.4478322042949623,0.882
5354.79,GT-20730,90052.40885409294,-38271.5127612986,0.33424950408855836,-0.0906253462917785,0.871
5354.79,GT-20752,-91453.3129901321,90304.28540589895,0.09034941450119074,5.65023853223437,0.918
5354.79,GT-20762,64477.26493090297,-34944.53488785702,-0.27167208228935436,-0.7541702992262591,0.905
5354.79,GT-20773,54176.887529647276,8370.77123743543,0.11145215846574043,-0.06586845428202863,0.864
5354.79,GT-20779,73813.62594055921,30491.47927995377,0.3338365486048924,-0.04898119009543256,0.879
5354.79,GT-20866,53428.43673392238,-84667.82539172225,-0.16161200431028855,0.020577870370050877,0.881
5354.79,GT-20889,-69193.9941469532,9283.20489400669,0.0785744507578736,0.32831983876260357,0.875
5354.79,GT-20901,5654.545991744799,-68716.6679036408,-0.49892128063900937,-4.371945345150818,0.898
5362.05,GT-20631,55963.0454472712,-15501.565995707386,-0.2155614559917728,0.10177327325099486,0.931
5362.05,GT-20687,57236.50607043596,19280.852591892926,-0.03440724316649521,-0.502708176907003,0.935
5362.05,GT-20762,64483.87866127286,-34948.909270694865,-1.01715664467299,-2.0804627585658966,0.937
5362.05,GT-20779,73807.79034828808,30500.065479017936,0.2066961734363933,0.13908866676710976,0.937
5362.05,GT-20866,53430.565199381665,-84658.62509110298,-0.05482406704243781,0.16125192601346966,0.856
5362.05,GT-20889,-69202.37237149695,9281.183107264787,-0.06056378709905336,0.2595806299569654,0.927
5362.05,GT-20901,5580.583763604504,-69149.81852465968,-0.9388213298881951,-6.8876779223254525,0.932
5366.77,GT-20631,55966.84164312966,-15513.171650307428,-0.21667319902559268,0.1556100699004134,0.921
5366.77,GT-20660,-37316.645210056035,-13877.214239339362,-8.67355465628542,-0.09156240017536033,0.865
5366.77,GT-20762,64541.92843249518,-34858.545258355596,0.8713905927478919,1.2493945913992128,0.861
5366.77,GT-20779,73812.05281302203,30498.25894655862,0.3745512807104473,0.12024342862962543,0.934
5366.77,GT-20889,-69205.93940074039,9271.501115332965,0.10097727819994229,-0.2315723999862901,0.937
5366.77,GT-20901,5685.843436618903,-68512.03958330858,-0.45305440880846365,-1.3550968009559405,0.866
5375.59,GT-20631,55959.93984522225,-15536.385728699912,-0.22387205762038034,0.4886616475759445,0.914
5375.59,GT-20687,239413.84974138424,8219.545864879681,-1006.9604560065411,60.09060403098367,0.879
5375.59,GT-20762,64546.70361799816,-34846.88631213355,-1.2743084465720513,-1.7749831536882419,0.913
5375.59,GT-20779,73812.7455752413,30500.29382725122,0.23418662058486645,0.09741864579273168,0.91
5375.59,GT-20889,-69202.6658097446,9269.083687553464,0.09424290112432432,-0.20922068104140626,0.899
5375.59,GT-20901,5777.730016823694,-68245.09722078637,4.835987828590245,-6.294112672709749,0.952
5375.59,GT-20919,-40338.435183433474,-8287.737369540037,-0.14365243979673464,0.2188769953166408,0.882
5375.59,GT-20943,-77659.53799595548,-59291.72019929083,0.07681626961565112,-0.1368242078602869,0.909
5375.59,GT-20944,-3846.3970292955282,-40035.84481103373,0.5099241750092933,0.21116785875165794,0.905
5378.56,GT-20529,78125.08281153547,-58761.38407575966,3319.9316606399616,-3315.9332394989524,0.901
5378.56,GT-20551,-85856.4692703196,-48529.582352774145,5.0108765278017104,2.792911283756885,0.874
5378.56,GT-20631,55957.65915299139,-15537.742242573018,-0.20976489783107627,0.5038575635017627,0.872
5378.56,GT-20660,-37135.7985199146,-13860.19621302265,-7.13739262692184,0.35203981621414965,0.899
5378.56,GT-20752,-91467.39909067278,90280.8121941378,-0.208825692129207,3.7121540727658697,0.893
5378.56,GT-20762,64525.50975263294,-34879.87835095185,-1.2017231526907288,-1.5816866551883728,0.907
5378.56,GT-20779,73812.93081401441,30500.655225333394,0.1964110324300628,0.09475523039551056,0.881
5378.56,GT-20889,-69195.3267098474,9264.214392789136,0.30624366064220504,-0.3222830306538124,0.872
5378.56,GT-20901,5634.064581922928,-68717.27036432139,1.9517031291938092,-7.314207820034893,0.915
5378.56,GT-20910,88891.07051278796,-14125.269322725984,-0.08117758710558161,0.14979256858760615,0.888
5378.56,GT-20919,-40340.46789156601,-8286.931333268298,-0.13792863600296762,0.2097972094357862,0.878
5378.56,GT-20943,-77660.04124724955,-59292.08217607511,0.08657374354835243,-0.1458496078602868,0.865
5378.56,GT-20944,-4753.719310042977,-39991.71745463303,-2.381276211063468,-1.08358793049644,0.916
5378.56,GT-20964,4035.4241565818133,47485.32103844128,0.06405289806937922,-0.43288764562915116,0.854
5384.97,GT-20631,55968.329281365164,-15545.792225963938,-0.16327076019180978,0.6964001201308776,0.853
5384.97,GT-20730,89946.11813376438,-38257.77645342586,3.5755142351028937,-0.6722200581398876,0.903
5384.97,GT-20752,-91470.18881387527,90310.65389476434,-0.2432881505111945,3.192927813071537,0.86
5384.97,GT-20762,64549.16123924216,-34848.42130956109,-1.7832836257712055,-2.453332673218353,0.862
5384.97,GT-20773,54178.45134305922,8380.814703165592,-0.09304531546644246,0.049645444313554436,0.853
5384.97,GT-20779,73815.78751219953,30497.567892654486,0.14671672879667907,0.12014311655198846,0.851
5384.97,GT-20866,53431.20415323408,-84667.39062389325,-0.28838306732510766,-0.259362498721889,0.857
5384.97,GT-20901,5703.959396260089,-68205.22684567347,1.6882246852617744,-2.412436618693113,0.942
5384.97,GT-20910,88885.20607285842,-14119.83076778226,0.005596947161201904,0.12226566060851572,0.859
5384.97,GT-20917,-96049.13957097326,26957.59865565786,-0.05221087557035123,0.049081251566417114,0.853
5384.97,GT-20919,-40336.52842177289,-8275.467552432887,0.09378674412283236,0.3793184975445797,0.855
5384.97,GT-20943,-77660.26255970565,-59285.825401645634,0.05074680011711705,0.05307025122498564,0.852
5384.97,GT-20944,-5178.662567681096,-40003.45146361035,-3.433798954903014,-0.2977310433400783,0.942
5390.67,GT-20631,-120640.75230141151,37368.86450055291,-93.65685633731172,27.6722246569981,0.888
5390.67,GT-20762,64570.64842644727,-34822.57213518617,-2.4156457113708516,-3.286399980407047,0.935
5390.67,GT-20779,73814.32705579625,30493.136358975025,0.055386981339266395,0.14889976684701142,0.922
5390.67,GT-20889,-69197.88500879904,9269.964550479863,-0.01135888371432259,-0.019673731307960712,0.927
5390.67,GT-20901,5726.793002784806,-68090.05417944162,1.3277812537185332,-4.821548824323131,0.859
5390.67,GT-20943,-77674.09023827556,-59292.218741639896,-0.5481801004464119,0.08905203543733943,0.942
5390.67,GT-20944,-5267.314834246244,-40008.03391656316,-1.7962157820406994,-0.19928740683630897,0.86
5398.48,GT-20762,64651.18684401053,-34696.59186624112,-3.5054704414915934,-4.647840982779498,0.896
5398.48,GT-20779,73800.42673562934,30485.155844141067,-0.3163459521464217,0.10113560642534514,0.895
5398.48,GT-20889,-69198.5513575938,9276.816506242201,-0.00975110458122036,0.17929152636546128,0.892
5398.48,GT-20901,5607.482108849714,-68750.71882729109,-0.43897720327480616,-9.4249840997187,0.894
5398.48,GT-20943,-77675.73743117391,-59290.71757482266,-0.4831895497589989,0.08761949404277446,0.886
5398.48,GT-20944,-4891.35188238974,-39987.8027444847,2.055146490889899,0.017602487487233448,0.941
5398.48,GT-21016,57207.79100659026,19232.2537876673,-0.20868542264898632,-0.5609132650142946,0.854
5403.55,GT-20762,-123636.73289445924,95176.41573003899,-191.6485477128159,131.9031588869488,0.917
5403.55,GT-20779,73798.35026490901,30481.161073163807,-0.30879022478142115,0.16842422031791152,0.872
5403.55,GT-20866,53431.68717892154,-84661.32478973555,-0.147014372550429,-0.0890991506938997,0.909
5403.55,GT-20889,-69200.5802018185,9277.041588272728,-0.06490664442619315,0.12366305361478669,0.875
5403.55,GT-20901,5570.746681999823,-68940.54575240819,-0.8207333182901222,-10.353998256479676,0.896
5403.55,GT-20910,88890.10429560374,-14116.754403594965,-0.02943089276012959,0.29381180529746115,0.901
5403.55,GT-20943,-77674.40374514052,-59293.79754129842,-0.3634943430604166,-0.07739708674172124,0.887
5403.55,GT-20944,-4936.735947818047,-39820.42339640123,6.865688100238872,-1.8871241839897714,0.896
5403.55,GT-21016,57210.00387386706,19234.411944356,-0.22121800281560464,-0.3822424847731595,0.879
5403.55,GT-21024,55948.30185400066,-15506.073368715392,0.029472233191817285,-0.3906283402256544,0.868
5408.95,GT-20779,-211722.05317376228,-364184.6351362947,-1098.9054831779756,-1519.4015663608307,0.884
5408.95,GT-20889,-69197.56052613101,9277.38585493217,-0.11386331950977083,0.1337006144658549,0.888
5408.95,GT-20901,5531.539580968875,-69165.50057651309,-0.966112385690375,-9.896219973386206,0.953
5408.95,GT-20943,-77674.59254383162,-59294.36720405955,-0.3606613152273638,-0.1153672423076462,0.895
5408.95,GT-20944,-4967.172555530734,-39801.50825491678,7.675016721134458,-2.172049842195632,0.953
5408.95,GT-21016,57207.95770180514,19237.130468093557,-0.2477862380482366,-0.3134707282060091,0.897
5408.95,GT-21024,55941.399984644784,-15516.348739749994,-0.15790659633544052,-0.37071434647330237,0.905
5414.4,GT-20660,731474.3778570842,-442762.5305659359,-3656.450774200618,2042.9481852300908,0.884
5414.4,GT-20752,-91479.23546131571,90330.68555904372,-0.07267877979261131,2.8968997707445094,0.886
5414.4,GT-20866,53432.46278934713,-84657.75952995718,-0.08466148254826804,-0.0368859445258541,0.893
5414.4,GT-20889,-69212.90249799697,9275.10062427972,-0.6228339340019694,0.2456872423157384,0.905
5414.4,GT-20901,5532.8367591252945,-69173.94390384408,-0.9363684036412456,-10.119376929808535,0.909
5414.4,GT-20943,-77677.01486994763,-59294.26633650676,-0.3152962392901113,-0.1869112800548451,0.897
5414.4,GT-20944,-5198.82610033257,-39758.86106036758,13.973963934898785,-2.1859355029010956,0.904
5414.4,GT-21016,57213.57003361595,19238.0784772043,-0.10763177370231795,-0.21724560963929393,0.893
5414.4,GT-21024,55946.02166933744,-15501.237324063539,-0.0812496325919204,0.007530099128686046,0.906
5414.4,GT-21064,64253.63863566588,-35274.99281878335,-0.14952882567021433,-0.3364517916264059,0.954
5418.88,GT-20566,9253.505214520883,51298.41240572785,-2062.2409263933164,-701.1541569572535,0.925
5418.88,GT-20889,-69212.89860860216,9274.619948215235,-0.6588254242495888,0.2703834936073564,0.863
5418.88,GT-20901,5545.09033579867,-69060.81825725535,-0.7286265995896386,-8.632777175097408,0.956
5418.88,GT-20943,-77680.214859373,-59298.75212576543,-0.25500709229175955,-0.26439954411349587,0.936
5418.88,GT-20944,-5505.099012759272,-39503.8466585298,9.984937390559848,-5.271565572347147,0.92
5418.88,GT-21016,57214.13627970034,19240.648101728344,-0.048612926621345164,-0.1692960088629315,0.932
5418.88,GT-21024,55947.25273498222,-15496.84713275511,0.047152593905658464,0.1134923786727629,0.944
5418.88,GT-21064,64225.82500342794,-35319.83258513916,-0.0318223254886518,-0.1278214211164551,0.908
5421.86,GT-20730,-46453.24617305228,65420.44785404479,-109.33770098702752,83.64232732432463,0.911
5421.86,GT-20889,-69206.72147404734,9265.555103208593,-0.51905805475004,0.2832802386691685,0.886
5421.86,GT-20901,5540.352441390344,-69103.18879140988,-0.23900146598484123,-6.1822998815657,0.955
5421.86,GT-20919,-40591.83679413945,-8299.471132285938,2.855147811859352,-0.039116985305954505,0.901
5421.86,GT-20943,-77679.62471940108,-59296.188344514616,-0.226232936073572,-0.24766616534374858,0.881
5421.86,GT-20944,-5896.400389049707,-39390.144345541456,8.042555730589887,-6.4450485677142115,0.956
5421.86,GT-21016,57212.01777210302,19242.022615848127,-0.1084431482810556,-0.10118154132761142,0.879
5421.86,GT-21024,55947.6737558818,-15497.315748256784,0.04103322994632166,0.13136396498164782,0.884
5421.86,GT-21064,64224.62005010731,-35320.31865441489,0.008956334079019534,-0.03105129762012096,0.888
5421.86,GT-21087,73812.59887265893,30518.941541206186,-0.24358681928645948,-0.03387391454963225,0.87
5429.59,GT-20773,54203.931238577556,8435.863171635026,-0.6651575015835172,-0.10257350721660026,0.892
5429.59,GT-20889,-69195.1142866473,9267.961354072871,-0.4479847309114912,0.3785539706943176,0.898
5429.59,GT-20901,5556.670950772651,-68975.89648467411,-0.7806476562551553,-9.48666958186884,0.906
5429.59,GT-20910,88888.79592680867,-14102.462638502688,-0.2234594298830919,0.28838013635895654,0.877
5429.59,GT-20943,-77671.50338304188,-59293.07227071497,-0.03530092031318098,-0.3535681291287414,0.898
5429.59,GT-20944,-6094.626279296389,-39293.71258390639,16.757207244466528,-6.300781479630024,0.902
5429.59,GT-21016,57213.99777663604,19237.75358641366,-0.22167017482016133,-0.041344157208851554,0.906
5429.59,GT-21024,55957.36762603156,-15489.8730901483,0.20932184050281782,0.18135345002780656,0.891
5429.59,GT-21064,64327.79811638298,-35174.0723960422,0.6641985800456733,0.7289939604135721,0.903
5429.59,GT-21087,73810.12986612931,30518.37139477644,-0.41505011014764215,-0.038371092513772576,0.899
5433.51,GT-20889,-69194.20309437583,9260.627663154595,-0.4374733913639594,0.3748266235204424,0.885
5433.51,GT-20901,5543.575068742024,-69023.97621077915,-0.7949402905936989,-9.666349757627401,0.946
5433.51,GT-20943,-77672.31362218472,-59295.423530789434,-0.13401032554456033,-0.41075570389170435,0.894
5433.51,GT-20944,-6442.784012589357,-38926.85976123691,20.71594458506391,-12.946509471278274,0.974
5433.51,GT-21016,57219.50070373053,19232.552740134368,0.02615899993229792,-0.11352925055636205,0.896
5433.51,GT-21024,55957.56783623103,-15489.073043387987,0.21802033831125747,0.18003903848241978,0.877
5433.51,GT-21064,64289.52017935999,-35231.946017262664,0.9006921498220125,1.2386005764653971,0.946
5433.51,GT-21087,73808.58305747659,30518.283339300353,-0.42546708164359837,-0.04496212766830884,0.885
5439.99,GT-20866,53428.30683126961,-84666.9084574283,-0.21810650815461793,-0.2669017719504115,0.905
5439.99,GT-20889,-69179.77010792315,9242.71200958933,-0.7669902656241006,0.3949220165046346,0.904
5439.99,GT-20901,5570.56361676415,-68789.29467148692,-1.2818361421801872,-13.921021397061264,0.894
5439.99,GT-20917,-96034.41998900699,26954.834526190618,0.11183157855511502,-0.018165682606717304,0.903
5439.99,GT-20943,-77677.24720418491,-59289.4104123537,-0.025839592261761364,-0.49490351227938245,0.895
5439.99,GT-20944,-7035.940233955028,-38708.56973824413,32.358254214358595,-16.96945904148456,0.899
5439.99,GT-21016,57219.59046499899,19236.026468195956,0.016574054624617515,-0.11632256280555608,0.896
5439.99,GT-21024,55956.81964353026,-15489.409075356378,0.25663556930133874,0.16444424075717332,0.894
5439.99,GT-21064,64276.168810535826,-35250.45010196765,0.44865829370875593,0.48338431977991203,0.905
5439.99,GT-21087,73806.17419612127,30517.246508865668,-0.4024299376767047,-0.026443325439833753,0.889
5439.99,GT-21095,-85443.09585174252,-48258.742531336466,0.129531921597357,-0.1309399241042689,0.877
5443.83,GT-20752,-91486.44918309375,90312.88724059585,0.04033897916895749,3.038592326098513,0.876
5443.83,GT-20773,54238.44817710051,8468.970209425357,-0.9594945345550345,-0.8151265466433206,0.897
5443.83,GT-20889,-69173.57560417974,9225.171574208525,-0.7769085293879953,0.6098892943550043,0.879
5443.83,GT-20901,5596.834181174316,-68515.2005129293,-1.6399822326858011,-16.595439751110682,0.903
5443.83,GT-20910,88887.3875322345,-14093.87760479765,-0.2954227877815006,0.2997207880489482,0.875
5443.83,GT-20917,-96032.859178361,26954.301186596305,0.09678264026885455,-0.012338840046113766,0.887
5443.83,GT-20943,-77676.0823007234,-59286.182112376126,0.029130721849075232,-0.5098630573045599,0.859
5443.83,GT-21016,57227.49385376465,19247.304848878055,0.21141135855617754,0.2502871909242363,0.877
5443.83,GT-21024,55961.711217143056,-15493.340325012627,0.3584596403244455,0.06951481910661682,0.876
5443.83,GT-21064,64308.091803627845,-35183.01825347213,0.8766554994055846,1.6542886291716594,0.909
5443.83,GT-21087,73815.93245303491,30505.467650867933,-0.09497274879544354,-0.14599715758634418,0.874
5443.83,GT-21095,-85445.61393428457,-48259.831082053606,0.10903260864944897,-0.11934574732632845,0.884
5443.83,GT-21154,90051.99369745077,-38279.14764943176,-0.3343726396040167,-0.6158908230464449,0.866
5448.51,GT-20752,-91487.8547521178,90291.32154443773,-0.013000408950659278,3.5230369407366005,0.866
5448.51,GT-20773,54254.53632655855,8474.584279467703,-1.1326408069209912,-0.9852726728069923,0.874
5448.51,GT-20866,53430.37229602176,-84672.06614365085,-0.1445061997328254,-0.28929696931174664,0.888
5448.51,GT-20889,-69151.83153209178,9205.10645761504,-0.9273414573813716,0.7496471152047869,0.875
5448.51,GT-20901,5630.080779258071,-68072.98537585452,-1.3908819476210983,-17.325809461285175,0.907
5448.51,GT-20943,-77687.492772521,-59239.199868188676,0.4545366747051914,-0.9218981489412531,0.872
5448.51,GT-21016,57227.26460920913,19246.864965282257,0.15153591971469035,0.19096403946083124,0.882
5448.51,GT-21024,55961.007950347615,-15489.18352605228,0.3742971764356403,0.050912650829937234,0.875
5448.51,GT-21064,64270.11852076682,-35235.54388258948,1.3382791283366906,2.3411224231124983,0.9
5448.51,GT-21087,73818.29184189004,30502.899873124818,-0.10704341222391289,0.06615444300731928,0.889
5448.51,GT-21146,-27271.334575371136,71101.23983872433,0.22268252094026753,-0.3307874943437353,0.861
5448.51,GT-21154,90051.49089753,-38278.65292116159,-0.3067630297086687,-0.5405188870981787,0.862
5448.51,GT-21200,-3719.35586086313,-42283.84996918062,-0.06756095405500144,0.1769374588464457,0.889
5452.83,GT-20773,-78291.91749087813,-105230.43297431167,56.07114961418206,48.07109916766747,0.884
5452.83,GT-20889,-69063.78652856327,9078.91404854979,-1.8046409993200632,2.0093080279239315,0.884
5452.83,GT-20901,5658.064508151334,-67418.0944830455,-0.21132929481135254,-17.311722298872905,0.906
5452.83,GT-20917,-96035.17283433075,26953.369570249077,0.014194322734267378,-0.01731775578893595,0.87
5452.83,GT-21016,57227.761673955945,19242.900249478975,0.14596222407387988,0.21144037220429793,0.871
5452.83,GT-21064,64219.59311737779,-35329.78681262705,1.4914975973224038,2.278157573898639,0.911
5452.83,GT-21087,73818.60372245504,30501.99451842443,-0.13838043433770109,0.11023525597652944,0.87
5452.83,GT-21146,-27283.90066416039,71102.81870414816,0.0444907127492587,-0.2181348456174585,0.87
5452.83,GT-21200,-3637.433541326001,-41734.34154203956,0.11634075063990379,2.425473317846859,0.91
5460.77,GT-20901,-50204.08127797203,8498.388996427506,6.540595566172387,-9.020060966509039,0.931
5460.77,GT-21016,57238.17123865331,19240.20474356846,0.3259172873976371,0.1664423152948202,0.884
5460.77,GT-21024,55951.953015720486,-15488.940918706561,0.27012230467935866,-0.07169416725027358,0.875
5460.77,GT-21064,64221.63669839296,-35331.77687108472,1.563816372855054,2.431576699167136,0.88
5460.77,GT-21087,73816.51312959233,30496.550803651477,-0.17761973162978187,0.17808832660347557,0.869
5460.77,GT-21200,-3527.1410775054237,-41054.917613953236,0.22020025012604935,3.4411903105402004,0.894
5464.04,GT-20866,53440.52197976569,-84676.6113405732,0.056051769989666475,-0.3206571274897833,0.87
5464.04,GT-20917,-96041.7344818596,26951.62140621446,-0.17587031376818468,-0.077500364564769,0.875
5464.04,GT-21016,57241.45088702017,19239.793026209492,0.3017035907644877,0.1667358009595986,0.89
5464.04,GT-21024,55941.7358451763,-15479.276133575999,-0.028934070960862646,0.16289710301261762,0.904
5464.04,GT-21064,64152.47000893998,-35425.80572860205,2.887946501025952,4.451845718940138,0.907
5464.04,GT-21087,73818.37376990466,30497.690409141516,-0.1889148081026958,0.3629638446834147,0.901
5464.04,GT-21200,-3403.4784378277122,-41053.671941008295,-0.49485576303964185,2.573822896015439,0.913
5464.04,GT-21239,-69233.28780421641,9286.293644468959,0.06702565429129076,0.11455895455944662,0.863
5468.19,GT-20752,-91511.80272705211,90088.62079525608,0.26749897059864897,5.869690922580995,0.892
5468.19,GT-20919,-40541.00810973473,-8284.596808797553,3.1670217417942954,0.1571032457025761,0.865
5468.19,GT-20964,4001.427210255377,47554.09937990219,-0.226286658670318,0.4970145460871385,0.89
5468.19,GT-21024,55942.08123011173,-15481.79936992462,0.06281386316102612,0.21432929798007477,0.851
5468.19,GT-21064,64086.846611666006,-35504.621516237545,4.7718367770564,7.7984185648319,0.906
5468.19,GT-21094,-37742.83738708365,-13882.726936552051,-0.5066025905826772,-0.05036236320634434,0.891
5468.19,GT-21095,-85455.25699248801,-48242.49562462408,0.06975069162519827,0.00529225470392259,0.87
5468.19,GT-21146,-27297.91492108337,71097.92302565552,-0.22432425913553536,-0.16942092852873367,0.898
5468.19,GT-21154,90037.84585153418,-38272.01131706553,-0.36476453190314573,-0.0032240944309832754,0.885
5468.19,GT-21189,-40004.40658522117,59247.49710333769,0.32160320102565887,0.13325406820272703,0.872
5468.19,GT-21200,-3517.0544745350167,-41251.23917220843,-2.0173019068963303,0.40128122974944835,0.933
5468.19,GT-21262,5506.0765715631605,-69626.09517584617,0.22431583110947229,1.854275328849726,0.851
5473.28,GT-20578,99381.47319638854,43828.27187196548,-0.08706096399558165,-0.13949855618016477,0.854
5473.28,GT-21016,57226.684326573726,19235.034664487768,-0.38588344912548184,-0.015375006743723317,0.905
5473.28,GT-21024,55942.71905371326,-15479.06705653533,0.06956500822362077,0.1715617413370547,0.901
5473.28,GT-21064,63905.423766994725,-35789.781952820485,7.5591061836772,12.01013710283891,0.959
5473.28,GT-21087,73820.10978157412,30492.19265841389,0.021575014167729445,0.19875689765298227,0.908
5473.28,GT-21200,-3354.0014359196584,-41304.675825844104,-3.271324270590859,1.834808128532151,0.976
5473.28,GT-21212,-42722.32398130726,-13790.977405259193,-0.18056704296041254,-0.5631599478823611,0.852
5473.28,GT-21239,-69224.69977318922,9298.982518407784,-0.024703671645180378,-0.0021085426686570513,0.903
5473.28,GT-21240,-77652.97602239905,-59310.60485113367,-0.4112263889159385,-0.17926136968586565,0.857
5473.28,GT-21262,5434.592889967056,-70097.02249202829,-0.47549630910220947,-1.1562803120869027,0.92
5479.57,GT-20752,-72205.55306761916,-126955.12435563636,119.70385837160985,-1345.7193221718883,0.897
5479.57,GT-20866,53460.855173172844,-84657.15391849616,0.20166737373551663,0.043033747746162115,0.895
5479.57,GT-20910,39889.71842948622,-260313.87773883907,-11634.02647998183,-58441.87765058846,0.894
5479.57,GT-20917,-96061.4589898821,26957.132447891912,-0.3202111228307592,0.062315109197601706,0.886
5479.57,GT-21016,57220.60965024226,19239.83977271429,-0.5080248589878713,0.08310635371892834,0.898
5479.57,GT-21024,55940.57046957269,-15479.503272125465,0.10561906010168116,0.1782348790118413,0.884
5479.57,GT-21064,63752.102882462306,-36031.94754237071,7.764501275625317,12.103502274714428,0.906
5479.57,GT-21087,73821.10501671885,30491.023215539215,0.022562932133741474,0.1727471489189993,0.9
5479.57,GT-21094,-37747.33890311065,-13884.016372888422,-0.3657843029611541,-0.03920168206924482,0.862
5479.57,GT-21189,-39998.82373400689,59250.392391321904,0.10775401639592833,0.2659895579900325,0.89
5479.57,GT-21200,-3347.0212261385386,-41349.30056778453,-2.765848461946592,4.576660450906486,0.906
5479.57,GT-21239,-69223.54343610574,9296.01026906382,0.027168497067767063,0.007903242013488167,0.895
5479.57,GT-21240,-77650.76858707247,-59308.713801455735,-0.041047835951151024,0.026176725963785674,0.891
5479.57,GT-21262,5413.571729678547,-70214.24268435632,-0.470159926159619,-1.062111903495437,0.901
5484.11,GT-21016,57237.77715882244,19242.898098058242,-0.1535707948820771,0.20355960387838318,0.939
5484.11,GT-21024,-116755.02820202374,-104435.9820738469,476.6587879476666,245.18517543351766,0.975
5484.11,GT-21064,63577.95464368807,-36303.12139652936,9.047400069365013,13.862930020775885,0.926
5484.11,GT-21087,73815.93069454093,30489.278262799948,-0.13289714225771726,0.08858912043050254,0.939
5484.11,GT-21200,-3102.271950401264,-41492.94587029149,-5.105954491785379,4.852733840932196,0.969
5484.11,GT-21239,-69221.69415293823,9289.537440318963,0.2647368038938241,-0.10539722363114873,0.935
5484.11,GT-21240,-77657.77442732733,-59307.32918678658,0.06552189094888367,-0.010560307558285076,0.938
5484.11,GT-21262,5407.218171781579,-70235.59366185925,-0.6134632552297257,-1.5653979817626051,0.929
5491.16,GT-20866,53461.624862745404,-84664.20555467546,0.017388607583629062,-0.16793190603598782,0.859
5491.16,GT-20919,-40708.394526621196,-8269.412623833226,4.633731815639283,0.6208685425678057,0.854
5491.16,GT-21016,57236.79170436864,19241.05094511604,-0.24168544069010284,0.1963867643158044,0.934
5491.16,GT-21087,73828.20846515056,30480.289806980654,0.26706953631424213,-0.19558962653466042,0.942
5491.16,GT-21200,-3084.244587484283,-41637.40911721018,-5.623482688544205,8.062182554824318,0.856
5491.16,GT-21239,-69221.44003327917,9288.038560514144,0.2236307936653391,-0.0443620261170351,0.931
5491.16,GT-21240,-77661.20224348141,-59305.93960590265,0.04480860440329338,0.034415938357281975,0.927
5491.16,GT-21262,5402.021033243292,-70251.92206222002,-0.6126211421096198,-1.6434910813239898,0.853
5494.6,GT-20866,53465.6086614044,-84660.84417375148,0.0322390848999405,-0.12158593167394202,0.864
5494.6,GT-21016,57240.514526102066,19241.095950585983,-0.2498778561443961,0.02871426722875295,0.861
5494.6,GT-21087,73828.3920888207,30477.81903108116,0.2636465601143525,-0.17304106273409348,0.858
5494.6,GT-21189,-40004.78778275772,59242.06919596472,0.10319482475272392,0.049542019869212334,0.855
5494.6,GT-21200,-2615.8966550760238,-42179.95327987479,-11.244287855119065,8.507690981066508,0.974
5494.6,GT-21239,-69219.00581308446,9283.784657256223,0.27056416207134454,-0.14628045838740192,0.857
5494.6,GT-21240,-77623.82213238053,-59296.42951523347,-1.049396810625535,-0.7156161856691521,0.932
5494.6,GT-21262,5375.076713410526,-70375.32894108431,-0.5046634677308225,0.2671655292543311,0.928
5494.6,GT-21270,54152.23322037499,8358.917906222308,0.13874003462778442,0.0614498674122377,0.853
5494.6,GT-21324,64707.94384664622,-34581.59864796609,-0.6101837123033815,-1.1160129948366495,0.922
5494.6,GT-21333,88890.17772078468,-14122.222618442078,-1.1088567047197242,0.01443101083240144,0.877
5502.28,GT-21016,57257.33863823834,19234.05867867182,-0.14146028372187727,0.14693328414489018,0.953
5502.28,GT-21087,73827.57205633541,30475.36417605997,0.20121071535529322,-0.05544372628445209,0.946
5502.28,GT-21200,-2396.5917715801224,-42629.82481857634,-14.108840195012348,18.04347693150716,0.892
5502.28,GT-21239,-69221.77640261692,9289.065505355415,0.24802984767970526,0.023817990535121653,0.956
5502.28,GT-21240,-77632.62193519688,-59298.38408367364,-0.8887358535137942,-0.6118407122812012,0.89
5502.28,GT-21262,5368.566917525358,-70400.2838226136,-0.6791204375825981,-0.2523607687260672,0.889
5502.28,GT-21324,64639.9734441911,-34681.24622517857,-1.10901704556495,-1.8482584421862713,0.886
5508.24,GT-20919,270412.7486410587,-260935.15636344854,-1733.0372475983222,1405.8895320095132,0.903
5508.24,GT-21016,57267.65498761517,19230.953173344613,-0.3758251246023938,0.1581758679659948,0.894
5508.24,GT-21087,73830.49761609595,30476.692888781738,0.16774736297870355,-0.07347855735065732,0.891
5508.24,GT-21239,-69219.3063977176,9288.45739128992,0.19954555167647622,0.027586413882540295,0.885
5508.24,GT-21240,-77634.52246837769,-59285.180498869384,-0.7460698717990788,-0.16021493861397718,0.887
5508.24,GT-21262,5383.691151347248,-70397.05892832282,-0.24811991191907173,-0.16110911934447708,0.894
5508.24,GT-21324,64520.44833531067,-34839.53288695205,-2.0071468959431247,-2.43055930453193,0.895
5508.24,GT-21344,55940.63202757997,-15484.47663020814,-0.11603528782317883,0.2105759645996462,0.88
5513.89,GT-21016,57288.640378663185,19224.811169972447,-0.651681008552131,0.2086821943857571,0.863
5513.89,GT-21087,73828.92947635156,30469.164267156924,-0.0066930540521196735,-0.05170731818039819,0.858
5513.89,GT-21239,-69218.19257598437,9285.683885111408,0.19604421841265443,-0.02934631140195912,0.853
5513.89,GT-21240,-77642.51259087051,-59287.794818835435,-0.7172362266481134,-0.2729285047738405,0.856
5513.89,GT-21262,5388.379816399659,-70412.47592524585,0.0082071042473153,-0.502313189747728,0.86
5513.89,GT-21324,64453.03089486302,-34945.7165225533,-1.6837610814373754,-2.0881385141248257,0.867
5513.89,GT-21344,55943.10604308354,-15486.089302908642,0.06879782372294245,0.09735981638951469,0.926
5520.79,GT-21087,73835.47355598457,30458.081159958747,0.0014347582718284152,0.18006012622647333,0.889
5520.79,GT-21239,-69214.30340731991,9293.03938089101,0.17844328510981017,0.075880381390164,0.892
5520.79,GT-21240,-77636.87674993112,-59288.14113914665,-0.4611581147610133,-0.13856127182824418,0.891
5520.79,GT-21262,5390.443194878159,-70401.96263663682,-0.010934552800692861,-0.46188623460666045,0.884
5520.79,GT-21324,64505.73498019754,-34852.503363049575,-0.5976527054197136,-0.16883026328265993,0.95
5520.79,GT-21344,55944.56996331167,-15486.157562527213,0.1066743248814204,0.08616199848339318,0.884
5520.79,GT-21368,-3490.880514588049,-39914.917858520275,-0.15507765818675093,-0.20709904873044468,0.889
5524.75,GT-20964,331356.7344613527,977159.8783166194,-3801.645842429236,-10790.852149069884,0.898
5524.75,GT-21087,-69289711.10352968,-54239971.444436885,126835.16564966198,99236.81711179443,0.884
5524.75,GT-21239,-69208.20866431083,9294.378847995386,0.3439928252975683,0.14259800080591978,0.933
5524.75,GT-21262,5375.211663551174,-70404.77839189663,-0.46869055981994545,-0.5548293124443784,0.935
5524.75,GT-21324,64513.09413153257,-34840.304587363564,-0.7244760203683245,-0.3289845602121465,0.859
5524.75,GT-21344,55947.34008433594,-15497.370020311626,0.19250897582712115,-0.08702696068725566,0.937
5524.75,GT-21368,-3561.6067671715,-39921.54794471754,-1.4506080500991763,-0.4123578778215025,0.932
5524.75,GT-21398,57214.42845251179,19216.961652588223,0.011809612202587343,-0.401320060384965,0.862
5528.39,GT-20866,53195.67284455593,-84527.74340294448,4.274421160729397,-2.3572843598368043,0.916
5528.39,GT-20917,33337.726484814906,-38273.472672117445,91.59979531974025,-46.65817066424079,0.894
5528.39,GT-21094,-37714.250033763026,-13880.730062947281,0.807494493454191,0.1000774176866307,0.868
5528.39,GT-21146,-27284.150231404084,71094.06510393028,-0.07860364841323607,-0.29848210008712517,0.866
5528.39,GT-21154,89980.19050132344,-38280.874353211715,2.114701949410331,0.7563536274446709,0.919
5528.39,GT-21189,-39995.59973211619,59234.72822360107,0.2369914380331737,-0.13773425801090627,0.855
5528.39,GT-21200,100943.5711856113,-229602.20565430284,-710.6802370510903,1295.5628581888193,0.887
5528.39,GT-21239,-69206.27971220513,9292.436528925562,0.33373707905993916,0.17648032051542653,0.88
5528.39,GT-21240,-77635.97926591654,-59283.621555126774,-0.4528690791910467,-0.18390581129709876,0.875
5528.39,GT-21262,5375.7586213553195,-70404.94337702495,-0.4959672259817755,-0.5802980720323141,0.876
5528.39,GT-21270,54154.15589647869,8359.634048785181,-0.06197401778387463,-0.14158550968203412,0.874
5528.39,GT-21311,-91461.7473757223,90569.99195469718,0.25492286568261946,0.0651286772155457,0.868
5528.39,GT-21324,64443.52980119,-34961.45012465451,-0.8038818986640928,-1.0813517612790908,0.906
5528.39,GT-21333,88909.66289163665,-14120.026437289798,-0.00960379293575948,0.04955381137765784,0.865
5528.39,GT-21344,55948.53870691838,-15496.404536805821,0.2003521113187429,-0.12116669232236502,0.877
5528.39,GT-21368,-3569.712077213175,-39924.2326021071,-1.3373536251479536,-0.3797242198596521,0.874
5534.38,GT-21094,-37729.53773385733,-13859.519030881747,0.5412837938119062,0.534879574482214,0.882
5534.38,GT-21146,-27282.89519517879,71093.6271718015,-0.08605949074758146,-0.29467324492247793,0.853
5534.38,GT-21154,89953.766473918,-38272.248730331885,1.364833675841325,0.8726454845628215,0.898
5534.38,GT-21239,-69210.80005227252,9303.375504655949,0.171419747436997,0.20155416133859846,0.883
5534.38,GT-21240,-77631.3507944915,-59283.92649357545,-0.43566849418560316,-0.235403042280037,0.878
5534.38,GT-21262,5374.903799337291,-70395.67511759343,-0.5179274939157642,-0.6958183627864506,0.877
5534.38,GT-21270,54158.80216259074,8358.206955838017,-0.00412332052125472,-0.15239612840887412,0.865
5534.38,GT-21311,-91457.53743348099,90570.0198672519,0.2631976684657019,0.007818940221214328,0.863
5534.38,GT-21324,64488.32536749083,-34894.09959416954,0.5464909507993497,0.8980464584833341,0.903
5534.38,GT-21333,88909.34198176321,-14120.011268903198,0.06505067435936372,0.19340664677375952,0.881
5534.38,GT-21344,55949.70997217156,-15499.922285035818,0.20475223713583285,-0.073015554104771,0.868
5534.38,GT-21368,-3525.0263459737716,-39905.42470209456,-0.32301201912497945,0.03147120911308804,0.88
5534.38,GT-21398,57230.905274199635,19236.20773720433,0.6094190342438695,-0.07147835316066095,0.88
5539.03,GT-21202,10144.327861343752,4740.53197850695,-4.590944420103746,0.10201959601207466,0.872
5539.03,GT-21239,-69222.73638954136,9307.251012354514,-0.14766307827140002,0.3195440483161279,0.89
5539.03,GT-21240,-77619.0315680169,-59291.064281942774,-0.3218406205967718,-0.2748017413310201,0.883
5539.03,GT-21262,5377.501025732855,-70400.1301400292,-0.42047925518909146,-0.925508284907888,0.889
5539.03,GT-21324,64460.84515527242,-34939.10859257806,0.585888889165997,0.737457867354905,0.939
5539.03,GT-21344,55956.94388793246,-15498.65661130196,0.4762824767366427,-0.01054825629672991,0.884
5539.03,GT-21368,-3467.674965491775,-39906.37736486081,0.1912530532090727,0.06743549920568094,0.88
5539.03,GT-21398,57230.53819623681,19251.04093773115,0.16671471325932605,0.2698697288882232,0.888
5545.36,GT-21239,-69221.75613049729,9311.18818500631,-0.17887676049724688,0.3036400581490437,0.935
5545.36,GT-21240,-77611.94918082324,-59288.75152385119,-0.4446558258500982,-0.3694680397941106,0.871
5545.36,GT-21262,5387.986141148958,-70385.93671663031,-0.5933188358899328,-1.1753024730746762,0.944
5545.36,GT-21324,64437.91917649777,-34967.92841609912,-0.8623580879594197,-1.3601221561258268,0.955
5545.36,GT-21344,55953.10073779526,-15495.79938636484,0.18820556677642797,0.22341170859338297,0.954
5545.36,GT-21368,-3473.908049323131,-39907.602141117524,0.5105091260873762,0.1393419491353366,0.939
5545.36,GT-21398,57226.59582999454,19247.40954619876,0.11104540740994381,0.1608061968992518,0.882
5550.5,GT-21239,-69220.07404463623,9316.325536280046,-0.15204889623505524,0.26407460607466043,0.862
5550.5,GT-21240,-77602.63663371158,-59283.058644595,-0.5488941455114945,-0.3818875431605497,0.862
5550.5,GT-21262,5398.773399697588,-70362.92953541421,-0.5393377048091486,-1.2961980042092227,0.939
5550.5,GT-21324,64476.67850974606,-34916.888141786505,0.5169344119998643,0.45020443554630596,0.955
5550.5,GT-21344,55957.76747746707,-15505.594313235832,0.3074759809055416,-0.10823966661337184,0.88
5550.5,GT-21368,-3425.4564508746626,-39765.24225015381,0.7432716958695107,-1.932267275230602,0.958
5550.5,GT-21398,57221.54990171964,19248.678821412363,0.11641000810351101,-0.006354223192286651,0.88
5554.39,GT-21202,10109.719136772103,4744.716797361912,-3.264460320982181,0.06267985870299347,0.863
5554.39,GT-21212,-42829.333572346375,-14124.08913460768,2.537877242306867,5.388739365418365,0.856
5554.39,GT-21239,-69214.36922233057,9319.041277374527,-0.23847205440626806,0.0393471850271642,0.88
5554.39,GT-21240,-77576.0777113276,-59259.912709786324,-1.1885478242989729,-0.3184745001471273,0.889
5554.39,GT-21262,5400.203328904618,-70359.14919390358,-0.594247044001553,-1.4243720591846218,0.877
5554.39,GT-21324,64426.310907831896,-34992.363246666,0.22717426279709496,-0.021786234184055453,0.949
5554.39,GT-21344,55957.29923999223,-15507.389628330366,0.3150223066620482,-0.10004541725533474,0.88
5554.39,GT-21368,-3428.585238997574,-39763.231430364336,0.8244817281163905,-2.0610637959445857,0.886
5554.39,GT-21398,57224.44208785907,19247.1340660153,0.011534068879088616,-0.16292306321347738,0.894
5554.39,GT-21415,5986.620800551952,-66690.14500731468,-0.13828253822152,-0.2822783167941241,0.855
5554.39,GT-21430,15448.186243966496,72261.44406225346,0.07270601746295838,-0.2427604362279887,0.855
5562.97,GT-21239,-69192.49017261318,9334.186733155208,-0.4892113738098935,-0.49632697820791943,0.906
5562.97,GT-21240,-77517.55590885394,-59190.86021154964,-2.3843723737471714,-1.6072448353490851,0.903
5562.97,GT-21262,-128622.55244855111,262477.24728081544,-193.62243004855816,480.2196325997103,0.94
5562.97,GT-21324,64460.228359560206,-34935.110882127425,-0.527090307167086,-1.2596574283948399,0.906
5562.97,GT-21344,55948.34092830673,-15514.132337542604,0.40131608200505503,0.01436854354058853,0.902
5562.97,GT-21368,-3427.544041369294,-39765.8128422675,0.8141781012153089,-1.669776088842532,0.906
5562.97,GT-21398,57220.861868205844,19242.741920721302,-0.12918527262787768,-0.24501579622946756,0.907
5562.97,GT-21404,-40299.889224087376,-8302.454651261667,0.11422976765887792,0.25911699208922817,0.862
5562.97,GT-21529,73815.38390668553,30508.362103243155,0.22704623381556682,0.36127057314226785,0.859
5567.95,GT-21239,231524.02946097418,57389.334983934255,-993.4052138825443,-158.67334574459474,0.864
5567.95,GT-21324,64437.95912091049,-34970.79185466749,-0.4573967275914078,-0.9991699181935151,0.899
5567.95,GT-21344,55940.58859843456,-15517.824977867618,0.20405816018978537,0.0005928463442011755,0.85
5567.95,GT-21368,-3388.2458014687027,-39611.35948122172,0.8012482233741015,-2.498417631581672,0.96
5567.95,GT-21398,57224.53165808485,19240.7880322648,-0.01000366429020455,-0.3454051195045263,0.926
5567.95,GT-21529,73814.4941259077,30510.631871094687,0.18735399884901485,0.37821127267130644,0.926
5575.09,GT-21094,-37796.3618399413,-13876.851695190904,1.4453338237633842,0.4397338243352709,0.85
5575.09,GT-21311,-91482.72155956666,90581.05772238312,-0.038009574096225636,0.07509521173454584,0.851
5575.09,GT-21368,-3389.5660782434447,-39607.48989251066,0.837454446508038,-2.6737078017680047,0.859
5575.09,GT-21415,5998.465506043662,-66585.26247161467,-0.5420309311817947,-2.009779703774425,0.86
5580.78,GT-21189,-39981.81955687915,59216.37035200778,0.04602497113682652,-0.6841531445288175,0.854
5580.78,GT-21311,-91481.55415568776,90579.43299380991,0.0036032506160316793,0.020245360754580437,0.876
5580.78,GT-21344,55944.64915613967,-15522.137134035973,0.46064525392505085,0.5263836683029501,0.903
5580.78,GT-21368,-3390.7017704968034,-39636.12999070099,0.43445156357311554,-1.9496991398419028,0.913
5580.78,GT-21398,57226.04332439247,19242.9163477321,0.0360044458497384,-0.2559221144187116,0.899
5580.78,GT-21529,73813.71842798592,30509.864316295923,0.2098496125097817,0.021063066291484578,0.902
5580.78,GT-21550,5332.316002056877,-70494.34857443965,0.01937205212065038,-0.07142707233233221,0.895
5580.78,GT-21556,64698.90921691852,-34600.13249990045,0.12713130456942073,0.18048717095703604,0.899
5584.81,GT-21344,55946.466604181485,-15538.639665296889,0.48286420883454384,0.7305019792905958,0.947
5584.81,GT-21368,-3366.152249623388,-39447.76688179869,0.43005796360661286,-3.0945674477240543,0.953
5584.81,GT-21398,57223.59772606565,19250.73025168016,-0.08460042006065756,-0.016105213700458653,0.939
5584.81,GT-21529,73803.27049216186,30497.39860653742,-0.11834321561108588,-0.4872705143721027,0.947
5584.81,GT-21550,5330.575361734128,-70493.36516914582,-0.02433430385138108,-0.05940074545511593,0.932
5584.81,GT-21556,64618.18499944581,-34729.30674508571,-0.501353624731198,-0.5388768466024272,0.955
5584.81,GT-21572,-77662.92084588218,-59306.8129558917,-0.08936910002075917,0.33806852625009814,0.923
5590.24,GT-21154,89861.2223677621,-38310.077522650914,2.6307335189124323,0.30481158988069146,0.856
5590.24,GT-21189,-39979.354751792314,59234.41411932059,-0.0428587464586031,-0.24392418471432886,0.867
5590.24,GT-21270,54144.60997074035,8371.315061613868,-0.17288623857008367,-0.386307999695351,0.852
5590.24,GT-21311,-91474.15634119876,90585.56608971395,0.14554408665178353,0.1265644203558955,0.863
5590.24,GT-21333,88914.42237793622,-14121.842505751452,-0.5787823319251921,-0.09495782564960754,0.854
5590.24,GT-21556,64641.3487141975,-34687.086309527556,-0.030683431077870638,0.27153638546170156,0.925
5595.54,GT-21154,-136367.04695242812,48653.73341781615,135.98462313687418,-51.45381457962692,0.954
5595.54,GT-21344,55921.24712028087,-15574.15033525758,0.4792291425203665,0.99323279206431,0.938
5595.54,GT-21368,-3373.535172367182,-39370.905066704305,0.5656634980992491,-4.493498258846156,0.921
5595.54,GT-21398,57233.039333969355,19266.970930632866,-0.099367592218852,-0.1649462191458616,0.935
5595.54,GT-21444,-96032.3452598673,26914.5484078217,-6.679923443520126,10.179523318350832,0.914
5595.54,GT-21529,73796.41944667639,30489.202465775055,-0.3701897528886427,-0.36312083014090935,0.923
5595.54,GT-21550,5334.355893120004,-70484.35848737086,0.43784221954656016,0.020036763074320535,0.934
5595.54,GT-21556,64563.70272683075,-34814.37460896018,-0.8366152254924786,-1.1542538845656685,0.939
5595.54,GT-21572,-77662.31760352632,-59298.20691957771,0.02449080517076029,0.2734133763839846,0.922
5595.54,GT-21594,-69225.05855915016,9278.968144159502,-0.3328747763575962,0.6654543535679435,0.908
5601.12,GT-21212,-108048.04979560657,258410.05387488153,541.5123526695211,-2279.2448368459877,0.9
5601.12,GT-21368,-3346.579936983373,-39127.388180542715,0.14111744156655115,-8.891358321988173,0.853
5601.12,GT-21398,57251.287915010595,19273.068139128573,-0.023729256404873514,-0.20539328628612272,0.929
5601.12,GT-21444,-95975.19534570996,26817.351028370846,-5.584680246961559,8.577460618821206,0.861
5601.12,GT-21556,64497.99544985472,-34802.30524294341,-0.7778448800280992,0.5003816003172343,0.943
5601.12,GT-21572,-77662.30298056814,-59302.71674889018,0.011637897678910037,0.12128601679919143,0.923
5601.12,GT-21594,-69223.41643693628,9271.355540027225,-0.17766623544459056,0.3008554476761913,0.932
5608.44,GT-21368,-3371.440184753676,-38744.244147054575,0.2893508018285218,-13.786503533273992,0.887
5608.44,GT-21398,57252.180305110254,19277.46135888746,-0.0749401415261029,-0.36650535072699003,0.883
5608.44,GT-21529,73792.01438026833,30484.167842163315,-0.2760927598839553,-0.22816311799338482,0.882
5608.44,GT-21550,5331.497280350511,-70482.27224146361,0.2608979428750647,0.13399736640889667,0.884
5608.44,GT-21556,64541.33863095527,-34761.33786136387,0.07824331980907584,0.8941733901077964,0.953
5608.44,GT-21572,-77664.04293035873,-59302.50027135968,0.01147726323743937,0.07549204017024612,0.881
5608.44,GT-21594,-69223.9857377042,9270.842185667323,-0.18889369212438595,0.20506133368719445,0.888
5613.22,GT-21398,57286.85076687799,19315.47485452103,-0.7428529994662227,-0.6457561264200261,0.89
5613.22,GT-21432,-6925.0403975170375,-40105.81837686111,9.398426533003562,0.9882003352767046,0.866
5613.22,GT-21529,73803.48836994436,30488.043957187307,0.026737129243759858,0.0461065479878094,0.953
5613.22,GT-21550,5342.468239930857,-70495.64007887246,0.4812094155329948,-0.2491066656998333,0.885
5613.22,GT-21556,64535.30894659822,-34776.36362297903,-0.35798228472876176,-0.04286464108498722,0.892
5613.22,GT-21572,-77670.26568862934,-59307.93901556341,-0.1903237305717611,-0.19795324357721722,0.884
5613.22,GT-21594,-69222.33529896327,9271.576478803963,-0.14840402417641668,0.2235391957026578,0.872
5617.31,GT-21189,5857.208458770401,-187914.76551095926,329.0653785773107,-1776.6217360270148,0.915
5617.31,GT-21398,-119338.20493962268,-54715.31545005975,240.7198181011166,100.11165294056654,0.913
5617.31,GT-21529,73814.41800342231,30492.983319354957,0.30335520071403743,0.17316833168805768,0.896
5617.31,GT-21550,5347.518805168425,-70488.06643236119,0.48828540309635987,-0.014273143460486332,0.894
5617.31,GT-21556,64582.285652526436,-34704.59587679365,0.4131527040370305,1.0041902145629562,0.95
5617.31,GT-21572,-77671.92317686677,-59310.698257716955,-0.20029529270843976,-0.28571073502360916,0.894
5617.31,GT-21594,-69221.6058532233,9270.12125669049,-0.014220984830951813,-0.21889324960647338,0.892
5617.31,GT-21626,-37877.14421096686,-13885.13103131062,-3.598207572044486,0.048729627582577414,0.897
5624.47,GT-21311,114215.62437865754,-27547.31135605721,318.22798278609207,-182.73979721209022,0.9
5624.47,GT-21529,73813.38849358451,30495.445091115434,0.305840121805867,0.28878843685471717,0.89
5624.47,GT-21550,5347.331787270134,-70491.54799965846,0.44442074112613833,-0.04328179693114363,0.885
5624.47,GT-21556,64602.38396920456,-34676.100250576324,-1.0164523375217707,-1.54468541410874,0.949
5624.47,GT-21572,-77661.83597542181,-59313.3675553553,-0.05767107521024581,-0.24004353389419597,0.887
5624.47,GT-21594,-69216.27337051746,9267.237242103982,0.03679439883977774,-0.2478113131705208,0.88
5624.47,GT-21626,-37810.131073988516,-13777.933040839085,-1.6900076624535196,2.122019209711504,0.86
5624.47,GT-21663,-3413.8259914864884,-40363.19445283035,0.05123895699923854,-0.16292152968663187,0.885
5624.47,GT-21664,55965.220588287666,-15461.743340367719,0.559128091638615,0.07286406807155307,0.875
5627.27,GT-21556,64600.554167678165,-34684.08112194065,-0.5530685556012714,-0.9427357818330512,0.947
5627.27,GT-21572,-77658.90641057512,-59302.95393093728,-0.04362450885757009,0.04954013072681328,0.915
5627.27,GT-21663,-3402.5162397256204,-40287.61243513898,-0.1303628285388122,-1.4471667932141712,0.879
5627.27,GT-21667,57212.92774194367,19241.95240062571,-0.2203260972044,0.10008838514533536,0.905
5633.29,GT-21404,-40309.96032143246,-8293.185179776934,-0.5053732853741348,0.6588095789817876,0.894
5633.29,GT-21499,4024.1714786300113,47480.813201112294,-0.11069902302972826,-0.14908915779017168,0.917
5633.29,GT-21529,73818.32530493724,30493.242684727313,0.29142531566780744,0.17434852963036374,0.883
5633.29,GT-21531,-27296.42666147631,71134.71836803149,0.0988963603496639,-0.1185482458394265,0.898
5633.29,GT-21550,5341.933121294997,-70493.48229281098,0.23350984309197675,0.025043519246871405,0.891
5633.29,GT-21556,64603.041253401665,-34668.330159272264,-1.8116149316409187,-2.9647105906067854,0.892
5633.29,GT-21572,-77660.28116116463,-59305.22031734543,-0.047118057664194635,0.024449479850406453,0.884
5633.29,GT-21594,-69214.76915510495,9274.52746948659,-0.015534571831715374,-0.11368842007637299,0.881
5633.29,GT-21626,-37737.87771816394,-13829.50713390815,-0.369764666670646,0.6816426514450828,0.919
5633.29,GT-21663,-3380.3213219463137,-40136.34090261956,-0.11827367517615028,0.01044935076451059,0.894
5633.29,GT-21664,55974.90293705889,-15468.328539027076,0.474069069157693,-0.18929581290204817,0.892
5633.29,GT-21667,57211.78856046365,19237.57559253992,-0.17239310794217147,0.12240273370319858,0.89
5639.56,GT-21444,-99836.72157518775,-217678.62820328044,3.4807463648927435,226.65996639401953,0.911
5639.56,GT-21529,73812.8392375276,30495.74610423648,0.07434877772877918,0.21030826788957224,0.886
5639.56,GT-21550,5338.313487656215,-70484.15345005263,0.07569314965650033,0.33316168245274275,0.889
5639.56,GT-21556,64612.426171730374,-34653.64423398706,-3.041931568735354,-5.384799057526886,0.896
5639.56,GT-21572,-77667.78679461482,-59300.64152551554,-0.1176773820380381,0.13638950809138872,0.88
5639.56,GT-21594,-69219.62998489967,9281.494954008025,-0.1052127271732484,-0.013599472946249993,0.882
5639.56,GT-21663,-3372.431593863155,-40112.37438782909,0.06266283853865907,0.5777667712689651,0.886
5639.56,GT-21664,55974.13588606808,-15468.852382606517,0.45011509454943255,-0.21162209294306886,0.88
5639.56,GT-21667,57212.86095767798,19242.417625237296,-0.24079185420027738,0.2749955160764602,0.891
5642.88,GT-21556,64635.3885687301,-34622.14073544645,-2.274784473474197,-4.371988512622776,0.866
5642.88,GT-21572,-77661.18833093249,-59310.56732705502,0.0021039425261362987,-0.05525454913967984,0.927
5642.88,GT-21626,-37580.39349158547,-13831.18211105151,-2.984630093511081,0.6589975590339748,0.864
5642.88,GT-21663,-3364.7304803490797,-40084.89338084545,-0.19669406184050553,-1.4157813281859715,0.863
5648.13,GT-21529,73825.11932626725,30493.785796169825,0.2166367194664724,0.19510101907481456,0.907
5648.13,GT-21550,5343.117336546578,-70480.99277946896,0.18047347714365838,0.2796678550905331,0.907
5648.13,GT-21556,64529.869990350795,-34465.960618423145,1.804701781929416,-2.319038985912024,0.981
5648.13,GT-21572,-77663.69096635259,-59314.0753858064,0.09214053712261447,-0.19670629109452786,0.913
5648.13,GT-21594,-69199.07978457684,9279.047276411598,-0.08665480163525943,0.43905920864098097,0.907
5648.13,GT-21626,-37617.902629458855,-13831.638515895102,-10.913968405197386,0.7392329368344941,0.879
5648.13,GT-21663,-3330.459189214652,-39888.396670377966,-0.13185289265949052,-1.4127904851513424,0.956
5648.13,GT-21664,55975.24956597464,-15469.09910266458,0.3772978253098818,-0.3552145841403008,0.901
5648.13,GT-21667,57205.342368744066,19240.515333112464,-0.2835312448059597,0.05040425383798124,0.905
5655.42,GT-21529,73821.88202411479,30486.749778694462,0.055559190298155814,0.27229127621434696,0.935
5655.42,GT-21550,5345.58075792272,-70475.1315794486,0.27007261768648294,0.413244049229723,0.948
5655.42,GT-21556,64545.11925998341,-34383.52972610359,0.8218870814159962,-4.6572068217733165,0.89
5655.42,GT-21572,-77661.9925077041,-59315.713313903085,0.15129272191247087,-0.19494604828141368,0.871
5655.42,GT-21594,-69183.27403665794,9228.881814978753,-0.2997979758081884,0.5877593237229451,0.946
5655.42,GT-21663,-3329.955385752538,-39879.31718242132,-0.06343234197226329,-0.9023859744539752,0.949
5655.42,GT-21664,55965.62738839554,-15474.986063695373,0.13574319384552652,-0.5390657206183906,0.942
5655.42,GT-21667,57202.57328901595,19243.89870150899,-0.1923550763406985,0.084279557965425,0.875
5660.61,GT-21529,73814.16716697258,30477.951320552285,0.013459685774386304,0.4334068330030043,0.944
5660.61,GT-21550,5345.662412332548,-70473.06386596894,0.2819846666135598,0.4161717101660993,0.938
5660.61,GT-21556,64525.96908266238,-34122.27017402182,0.6534471158629813,-7.697439212538312,0.949
5660.61,GT-21572,-77663.00700470235,-59317.18744587175,0.16520898150487853,0.04387288689144764,0.945
5660.61,GT-21594,-69169.37437882923,9210.985835691226,-0.44374754024447244,0.873663887804777,0.936
5660.61,GT-21663,-3319.273622033786,-39807.87558347477,-0.284748913885194,-2.700016105721975,0.897
5660.61,GT-21664,55965.31015939785,-15476.887570279485,0.10453669245361477,-0.506568440100672,0.935
5660.61,GT-21667,57199.1420893142,19243.08804748745,-0.19489758594079584,0.07086310294704082,0.932
5665.53,GT-21529,73815.82076635194,30467.40971692226,0.04619616401422416,0.4582198874568104,0.941
5665.53,GT-21550,5345.657184780051,-70469.11571308471,0.25375029711893904,0.43404049838771697,0.869
5665.53,GT-21556,64496.66410229458,-33906.86840798211,0.8086847718327739,-11.366763421955792,0.946
5665.53,GT-21572,-77662.62083399658,-59325.196098756656,0.1925482012764126,0.13392561248595447,0.936
5665.53,GT-21594,-69170.35138639189,9202.736727988853,-0.633157917689015,1.0308858677884492,0.868
5665.53,GT-21663,-3304.8873627232274,-39699.534347473695,-0.7192417529628549,-4.008300303350239,0.897
5665.53,GT-21664,55966.43211315904,-15472.691386151924,0.10156400122040865,-0.556527173867972,0.928
5665.53,GT-21667,57197.06297683628,19244.669613727718,-0.17491158758045847,0.06027626696733233,0.927
5673.95,GT-21529,-90473.38892008289,21342.13913292439,-37.68516023627766,-2.7131963782134707,0.873
5673.95,GT-21550,5333.228917204561,-70476.14113526505,0.13872986952731078,0.1663841525802942,0.895
5673.95,GT-21556,64523.2514786515,-33445.58824698139,-0.750908178057341,-21.189884968749908,0.901
5673.95,GT-21572,571712.4145559362,301133.6267909027,-2649.957507685664,-1471.4711104807016,0.862
5673.95,GT-21652,90049.08977441359,-38314.76390660955,-0.7532644286009132,0.6809986070067643,0.887
5673.95,GT-21663,-3290.414411639376,-39655.827392669766,-0.5212812374104333,-3.8099700083427432,0.904
5673.95,GT-21664,55964.915276051004,-15487.178048278682,-0.04925147882233977,-0.790419549361868,0.904
5673.95,GT-21667,57215.265634759206,19230.378290530516,0.3133766962248429,-0.30858264527268836,0.898
5676.15,GT-21550,5324.055167428894,-70473.78360321556,-0.08472351135613451,0.19183010560262337,0.893
5676.15,GT-21556,-39746.65932749411,-70752.3175264583,95.79230414451433,34.155344979545184,0.935
5676.15,GT-21594,-1190295.2145278866,2785701.593657221,23781.39263020535,-55308.251731788354,0.935
5676.15,GT-21663,-3267.6645242667723,-39503.49458927397,-0.9475029039151973,-6.034963994079245,0.951
5676.15,GT-21664,55967.72363715823,-15483.533050049811,-0.02864171104895113,-0.7903013739384683,0.887
5676.15,GT-21667,57215.311608288415,19233.577163196536,0.28138702546600824,-0.2844839009956046,0.885
5685.32,GT-21514,-1836525.6403698924,1728055.7279931589,11177.207505312108,-10719.95992263303,0.883
5685.32,GT-21550,5314.976261643134,-70482.2512261353,0.02454600912731989,-0.01377667698203916,0.903
5685.32,GT-21663,-3079.6383094124776,-39411.74039857153,-3.1008827247528563,-7.291356096913721,0.901
5685.32,GT-21664,55977.387946847826,-15465.519601192205,-0.06069483773452091,-0.7937631886108878,0.894
5685.32,GT-21667,57198.42687071582,19236.12684573401,0.05456682602837851,0.18432741647096684,0.904
5685.32,GT-21794,-77665.29374541751,-59299.98582716459,-0.047039774497033116,0.1463272802147887,0.888
5685.32,GT-21797,73803.7497314341,30510.813295607782,-0.16572916952539735,-0.08345571076978771,0.88
5685.32,GT-21801,-69224.38151651013,9282.706902728058,-0.10934738753193354,0.05631544009990527,0.858
5690.28,GT-21404,-40215.1520891558,-8344.834853503187,-0.9669801168441117,1.1193982845835513,0.855
5690.28,GT-21499,197437.28169243023,-113641.54084993995,-375.43453796519066,312.96416876127364,0.854
5690.28,GT-21550,5323.898087842771,-70484.89090228455,0.320031753113991,-0.15560540100242598,0.863
5690.28,GT-21580,-85427.7364045521,-48238.585897711164,-0.319645753748857,0.09934605383604586,0.855
5690.28,GT-21626,-37393.756215694506,-13861.507463397162,-3.547514131624755,-0.06625982163162727,0.85
5690.28,GT-21652,90073.8636843393,-38314.46862291884,-0.16477383822418357,0.8513433541815448,0.852
5690.28,GT-21663,-3031.150601839567,-39309.98579694119,-3.1816925542052674,-7.029271580443734,0.863
5690.28,GT-21664,55976.24265816043,-15442.054487165808,-0.09922228292286987,-1.0205720767967041,0.927
5690.28,GT-21667,57180.948330123974,19225.738213662742,0.18845515224868387,0.1681728000556718,0.86
5690.28,GT-21794,-77669.51110842009,-59300.04197898846,-0.16114408173510514,0.22844321338687487,0.854
5690.28,GT-21812,64575.25072425245,-34795.18369144191,-1.2270626942254206,-2.423757027497323,0.939
5693.23,GT-21404,77642.92808717245,40582.3415460458,34.0264634758386,14.116261371660164,0.897
5693.23,GT-21531,-27309.02214571924,71126.82177628514,0.25806641268039776,-0.541918540509132,0.887
5693.23,GT-21550,5325.704244936611,-70482.35150384321,0.4200734164511579,-0.19119419228094744,0.886
5693.23,GT-21580,-85420.34995964666,-48232.0674198615,-0.21317785496241368,0.18788093272085868,0.892
5693.23,GT-21652,90066.29645715577,-38325.23418052353,-0.32896575068984624,0.5536035618283499,0.891
5693.23,GT-21663,-2982.7896986650044,-39211.30801506058,-3.785409887743538,-8.15932562240061,0.886
5693.23,GT-21667,57174.674451806255,19218.195753127256,0.36712557673103424,0.4067246466140845,0.885
5693.23,GT-21708,54150.848231511016,8376.216022665982,0.4584188290298554,0.05896683027485007,0.889
5693.23,GT-21723,-91461.95219805259,90575.76742959619,0.1199639321991122,0.2327303420852761,0.857
5693.23,GT-21777,-39978.327062435834,59235.85077255345,-0.07033388737199359,-0.1533419955110578,0.875
5693.23,GT-21794,-77669.67141985455,-59301.92295570928,-0.1886524215548478,0.19773419502592463,0.877
5693.23,GT-21797,73800.75329369,30506.584504896764,-0.2710641599944858,-0.16876188062221764,0.885
5693.23,GT-21801,-69216.9503006693,9284.536352612062,-0.02252534205619297,-0.049044212106669934,0.881
5693.23,GT-21812,64811.63214889035,-34434.06863993176,-0.26125095082947536,-0.8243110392271523,0.907
5702.21,GT-21550,5320.697095937511,-70477.29844479838,0.5669178829673572,-0.169486698244578,0.88
5702.21,GT-21626,-37248.22251042166,-14082.829774507569,-5.866914829620493,4.0641859927014785,0.853
5702.21,GT-21663,-2879.206839540036,-39000.898980511236,-4.425707507337391,-8.665839355278756,0.896
5702.21,GT-21667,57128.55085479443,19177.684039321462,1.266059823889282,0.6586489752336393,0.893
5702.21,GT-21794,-77670.63039682618,-59304.8666418463,-0.16013996010751758,0.1567211056854676,0.885
5702.21,GT-21797,73807.31016826666,30508.69269303822,-0.0947442926792976,-0.20225107609090237,0.883
5702.21,GT-21801,-69209.25619092857,9274.033546294717,0.09174425434792974,-0.23427868389345785,0.885
5702.21,GT-21812,64823.68600971504,-34420.75768980825,-0.9607008708665168,-1.9533408359458468,0.884
5702.21,GT-21858,55972.856450033876,-15481.725875241025,-0.525104910219812,0.31294799764928777,0.856
5705.83,GT-21550,65374.17492429357,50846.29371471646,91.31716035202251,184.7809853686116,0.961
5705.83,GT-21626,-36618.12307582428,-14533.706857303296,-13.924443984024116,9.98355422866935,0.919
5705.83,GT-21667,-312510.28166482074,-343095.4240932905,3325.1606960548793,3259.0340839236974,0.975
5705.83,GT-21794,-77656.14676432677,-59324.24114957515,0.02433111240812924,-0.6298576493512714,0.932
5705.83,GT-21797,73807.19090271762,30507.513894067426,-0.08477592954157359,-0.21916471652734465,0.923
5705.83,GT-21801,-69214.95347881854,9279.35397572334,-0.14235907206442103,-0.055291303786379774,0.922
5705.83,GT-21812,64631.90870169614,-34690.37590151506,-1.33951071164086,-1.9977817836402865,0.946
5705.83,GT-21858,55960.65318463376,-15480.769557213936,-0.09190569735008969,0.3437744549502479,0.931
5710.53,GT-21667,-35732.005493862605,93327.67935866081,-1304.4829522393343,4891.949394154004,0.859
5710.53,GT-21812,64641.30568577957,-34667.425834133785,-0.9919640507466985,-1.2840542400731667,0.893
5710.53,GT-21853,-4618.484703534893,-42939.64779975189,0.3663205138097366,-0.49686455316159106,0.874
5717.98,GT-21663,-2464.7425170220044,-38215.1473401171,-8.817061919930023,-17.226297623814574,0.909
5717.98,GT-21794,-77652.74031719791,-59320.962060900405,0.034724504447936524,-0.537766559666354,0.909
5717.98,GT-21797,73814.22363928173,30503.499185630146,0.006781403844301842,-0.22294701455448365,0.906
5717.98,GT-21801,-69199.5834655876,9278.180088385152,0.20174254254419072,0.09105992188266823,0.9
5717.98,GT-21812,64633.1251662914,-34682.36452309699,-1.7112725250389837,-2.6010257838728683,0.907
5717.98,GT-21858,55948.504758450115,-15489.966765555335,-0.030671881469898174,0.1439544227542459,0.899
5717.98,GT-21869,4012.9439209214856,47482.973845997425,0.0885262332220677,-0.2970907224845463,0.872
5717.98,GT-21871,-96058.78889566923,26955.35828090913,0.13010305718669946,-0.15889566041387382,0.859
5717.98,GT-21912,5351.81942842436,-70479.37649787895,0.6301676230868246,0.08273264186363877,0.858
5721.55,GT-21663,1042978.9048074366,6531247.184936149,-3013.4435294357595,-18939.305772959127,0.931
5721.55,GT-21694,-5897.674032381281,36972.00755405446,-1.356107807937251,-2.9617252855868568,0.883
5721.55,GT-21794,-77660.40358272867,-59309.2514509958,-0.2093273109022441,-0.3038522178481932,0.948
5721.55,GT-21797,73804.0619753097,30508.46489457591,-0.26908770158119055,-0.08287307568059296,0.945
5721.55,GT-21801,-69196.77043936453,9276.953575661057,0.16619644789436186,0.07576863149529953,0.933
5721.55,GT-21812,64636.374897050395,-34677.121689206666,-1.3723921654635731,-2.0978033753782515,0.897
5721.55,GT-21853,-4771.9800481238835,-42802.14706467228,-1.1474012586815323,5.797576287008753,0.914
5721.55,GT-21858,55946.109375678876,-15493.141267601735,-0.08765001920324295,0.049887752476317396,0.872
5721.55,GT-21912,5338.474244445935,-70546.85347139808,0.566193658206491,0.9314646067062123,0.952
5730.74,GT-21652,90080.81781109344,-38335.0837198264,-0.39388433775104326,0.907343209835014,0.892
5730.74,GT-21775,88872.7086810235,-14122.00210825211,-0.25907261007128163,0.16055183347478463,0.877
5730.74,GT-21794,-77664.37108012979,-59314.096686368706,-0.26430812150650185,-0.3986354113080073,0.902
5730.74,GT-21797,73804.54768084922,30500.22704460062,-0.09209337848820627,-0.3021869200691641,0.907
5730.74,GT-21801,-69202.71269808506,9271.771838066206,0.01582359278875793,-0.04235732856060592,0.9
5730.74,GT-21812,64650.242548141905,-34652.43051706597,-2.6376675037748543,-3.9940295753262665,0.901
5730.74,GT-21853,-4035.3537072973863,-41362.743002620526,3.7765164826540563,11.129553805444235,0.907
5730.74,GT-21858,55955.236343029195,-15488.757077477867,0.15495678795986814,-0.0256148115779608,0.902
5730.74,GT-21869,3996.3534896922934,47491.221706293516,-0.13570434585118132,0.17212123695932835,0.886
5730.74,GT-21871,-96043.30340247159,26956.09706795741,-0.05814172126746886,0.35853115115356876,0.896
5730.74,GT-21912,5338.243619002143,-70524.15224463452,0.42349962057495055,0.4507987996435347,0.902
5730.74,GT-21919,57190.18142512313,19240.905226608393,-0.2528498577265592,0.10628632538841126,0.9
5735.23,GT-21652,90084.68080714748,-38349.91935339764,-0.36844668295029936,0.6893743745027954,0.89
5735.23,GT-21794,-77663.99050132917,-59315.92420999094,-0.26755358323494494,-0.3922565711428455,0.878
5735.23,GT-21797,73803.58153274702,30496.552678953918,-0.12165734879277676,-0.23391307358605334,0.881
5735.23,GT-21801,-69207.51642954774,9274.712725810938,-0.10735722539660705,-0.006212563510543619,0.884
5735.23,GT-21812,64667.90483549268,-34626.45214572401,-2.974757569511609,-4.5304805684456255,0.899
5735.23,GT-21853,-3897.642809815453,-41316.63707253817,3.4940822481715528,10.612466671412154,0.919
5735.23,GT-21858,55950.81935027048,-15485.904408804601,0.14864672957781314,0.15289244453115183,0.879
5735.23,GT-21892,53447.36244742292,-84692.16707667083,-0.21831761733522315,-0.2454998152337757,0.88
5735.23,GT-21912,5330.230473079289,-70566.51470233816,0.5978796110074477,1.4637301705919845,0.904
5735.23,GT-21919,57187.18519881242,19242.92127224755,-0.19890868989769495,-0.022504670127389548,0.879
5740.42,GT-21794,-77655.85931159114,-59311.50097707945,-0.04777246465614848,-0.2152772893598543,0.854
5740.42,GT-21797,73800.5802143825,30509.644181421103,-0.007481258106996125,0.22018274702385265,0.861
5740.42,GT-21812,64803.32998660711,-34416.791469506854,-4.498983337109588,-6.875977152375485,0.959
5740.42,GT-21853,-3784.6597157448996,-40921.98640852232,2.8635427233086967,8.430661013113093,0.905
5740.42,GT-21858,55943.26371895249,-15483.830815384306,-0.1788081317543632,0.10835596544445877,0.858
5740.42,GT-21912,5325.124209649287,-70556.22899974292,0.44486297108416917,1.1027294278466653,0.859
5740.42,GT-21919,57190.07075154713,19242.128002251135,-0.10997639665889768,-0.032456001127656994,0.856
5746.14,GT-21580,-85447.21662003867,-47926.89860627668,0.5795150782883595,-5.282264796258376,0.88
5746.14,GT-21626,-34982.00528994533,-15645.720944779316,-33.67285553789875,22.236940583167577,0.885
5746.14,GT-21652,90084.18005038747,-38346.6077469648,-0.43280826930785854,0.8985463590029008,0.883
5746.14,GT-21723,-91470.44030830676,90578.31300759705,-0.1316867629067895,-0.11214078968850669,0.887
5746.14,GT-21775,88875.6233829402,-14128.370612202878,-0.18856053913748155,0.09136133122432168,0.874
5746.14,GT-21777,-39994.08628583353,59217.957773497874,-0.13302101503082306,-0.2419250163248045,0.873
5746.14,GT-21794,-77654.24125666016,-59307.18200232525,-0.07829716751142611,-0.13409686723960135,0.894
5746.14,GT-21797,73799.37775517,30508.823649118247,-0.010311365266912554,0.23694162649354625,0.895
5746.14,GT-21801,-69204.93609514763,9274.149711047703,-0.24886268198190753,0.08455495428789686,0.89
5746.14,GT-21812,-114200.92133592865,-71422.612167798,-187.1800065781045,-38.915573813048496,0.927
5746.14,GT-21853,-3703.368577575475,-40744.22672222881,2.8723525769218083,7.649632659660087,0.902
5746.14,GT-21858,55947.509363813675,-15488.327302191774,-0.09036840643156469,0.01848669675069224,0.902
5746.14,GT-21869,4001.064214629653,47497.854496602435,-0.002625431868552325,0.25326939708291146,0.89
5746.14,GT-21871,-96043.59302702181,26957.198389892565,0.07072220062182323,0.26534735614688876,0.88
5746.14,GT-21912,5325.720104390766,-70557.87090218121,0.430540934526075,1.0756571301783782,0.899
5746.14,GT-21919,57199.71606413352,19243.317455763525,0.0010660767231948642,0.0006330377326635717,0.905
5751.02,GT-21794,-77653.42811843548,-59301.525092706186,0.056865321161747515,-0.049092981483147474,0.896
5751.02,GT-21797,73794.34551344256,30509.462337587316,-0.11513336924640724,0.2939141586604294,0.888
5751.02,GT-21801,-69202.50525885317,9269.482925291639,-0.3674296446450463,0.07811635942375668,0.885
5751.02,GT-21853,-3771.297307623322,-40576.786225341115,0.4839421109145633,6.512598522365445,0.916
5751.02,GT-21858,55949.20263223878,-15487.744962139797,0.04977560998348906,-0.01481725164741235,0.896
5751.02,GT-21871,-96043.31084189101,26958.33958143997,0.07542451272223796,0.2740983138522223,0.858
5751.02,GT-21892,53431.785492786665,-84674.91745699332,-0.20833938419576079,-0.08359917510001474,0.862
5751.02,GT-21912,5324.449027501745,-70567.9386203324,0.4561645444985874,1.1278177659451294,0.891
5751.02,GT-21919,57205.88895790112,19241.1386332491,0.27316113460447755,-0.041108157932654814,0.9
5758.29,GT-21794,-77655.69774427306,-59279.77544886311,-0.12844566501224852,0.388110917355304,0.89
5758.29,GT-21797,73793.8399339969,30525.45377039855,-0.03321574085477341,0.6931974448261052,0.948
5758.29,GT-21801,-69213.31981148658,9283.01068048532,-0.37158051690651844,0.16202421386514013,0.937
5758.29,GT-21853,-3772.7000592719774,-40584.514486941065,1.3370420246648216,7.12127911153813,0.885
5758.29,GT-21858,55949.552688387506,-15490.270272173348,0.08038289795374626,-0.07803388805725453,0.887
5758.29,GT-21912,5322.592254708149,-70557.45715768696,0.2162326043010217,0.9962341238992778,0.955
5758.29,GT-21919,57204.17443805336,19240.94166670997,0.20918463584527597,0.002697091031682762,0.881
5758.29,GT-21987,64478.981726153106,-34905.82051208224,-0.6597352127640979,-1.221949252548408,0.944
5762.34,GT-21580,77449.35462812844,13295.423266313772,-138.1037908042415,-51.346617805687835,0.912
5762.34,GT-21772,-41805.91547018711,8241.01796235031,2.996341907746099,-6.713766426316974,0.884
5762.34,GT-21794,-77656.86432223766,-59283.27698327269,-0.11347306938491836,0.2725122898944701,0.893
5762.34,GT-21797,73787.82742491778,30515.64578892833,-0.2157464222288886,0.3298183075275429,0.895
5762.34,GT-21801,8295.383564454845,-57998.55644331316,-350.99336671641197,303.3788062905735,0.869
5762.34,GT-21853,-3730.710638463894,-40701.793899956756,-1.7256569766017509,8.690551615128971,0.946
5762.34,GT-21858,55945.88370181326,-15492.085433700393,0.003259020379645202,-0.09617724504404794,0.883
5762.34,GT-21912,5303.89679224113,-70661.94269190588,0.4091333508010656,3.074600295648039,0.952
5762.34,GT-21919,57200.58689282969,19239.026950912652,-0.05927607170683896,-0.030334275205145526,0.895
5762.34,GT-21987,64459.1442606763,-34941.56458158658,-0.4878836836699136,-0.7921325627100974,0.948
5767.45,GT-21794,-77656.79871481983,-59282.16546139004,-0.20658373901982424,0.16220222567114853,0.944
5767.45,GT-21797,73784.43515992793,30518.29288067925,-0.08358711145013413,0.3644285074726936,0.938
5767.45,GT-21853,-3690.841232758969,-40736.24342632768,0.5474391165086887,7.462328617236937,0.956
5767.45,GT-21858,55931.84348853005,-15488.523810899946,-0.3784591166153206,-0.05340587833696178,0.945
5767.45,GT-21912,5302.513077997015,-70670.08107043452,0.30881334629533863,2.725500798076817,0.951
5767.45,GT-21919,57203.08305095245,19243.94700010406,0.03559294385694041,0.21691357292479396,0.954
5767.45,GT-21987,64382.98566288412,-35083.46198262409,-0.49150070486392616,-1.1955994474557157,0.956
5772.94,GT-21652,90121.9141990164,-38453.84178188479,-1.1924804975507437,1.7700836846624117,0.902
5772.94,GT-21723,-91447.27366721368,90577.00462567131,-0.31200888665952414,-0.4127827091291128,0.888
5772.94,GT-21775,88859.9757978633,-14142.788566693725,-0.3240269275593372,-0.1602546332545069,0.893
5772.94,GT-21777,-39990.702760430984,59233.327569016845,-0.05613955184774405,-0.04038724303526239,0.901
5772.94,GT-21794,-77656.67560431517,-59285.76838028467,-0.21000589384309132,0.1133002204371033,0.899
5772.94,GT-21797,73779.83885936359,30517.49718993431,-0.007109668969603291,0.3503596802665198,0.897
5772.94,GT-21853,-3696.7165731699934,-40778.82043102731,1.6069068119700505,8.936534160474846,0.908
5772.94,GT-21858,55928.908259664706,-15487.733379594089,-0.3306958894422277,-0.05717020211819605,0.897
5772.94,GT-21869,4009.623309429965,47487.35862717845,0.09432791021405747,0.0742639135201026,0.898
5772.94,GT-21871,-96044.3663248315,26950.0819053085,0.09119001491623761,0.03278343017608322,0.895
5772.94,GT-21892,53427.681537967765,-84673.02905700554,-0.3573751742179726,-0.1064355926947648,0.885
5772.94,GT-21912,5298.343202100981,-70682.12429951092,0.34495206670914663,2.9950653503937286,0.9
5772.94,GT-21919,57197.3182577371,19241.40564742577,-0.1405266031832083,0.13094499274551794,0.906
5772.94,GT-21987,64370.24852960637,-35105.70001989229,-0.5812099593688805,-1.0030128064938284,0.904
5772.94,GT-22013,-27306.81296410168,71105.11390645201,0.8343425405510331,-0.5970673665566195,0.866
5772.94,GT-22026,-40338.947127673375,-8289.3594416984,-0.5222240174237864,0.3023757455550894,0.876
5772.94,GT-22041,-69224.23365097909,9258.245233153959,0.07403536912361036,0.09885878299317155,0.89
5778.26,GT-21794,-77644.73076154101,-59281.31205345084,-0.5004124594127045,-0.14590745100502467,0.956
5778.26,GT-21797,73779.04368385064,30493.73241692647,0.07812128920298264,0.30732073718168007,0.95
5778.26,GT-21853,-3675.949254160552,-41101.98910505373,-2.460302640421376,3.8332706964319896,0.956
5778.26,GT-21858,55929.77362043561,-15483.757213968302,-0.3050081853595124,-0.0715938489671374,0.886
5778.26,GT-21912,5250.736037244406,-70978.64229278397,1.1054733549629798,6.698779519714311,0.957
5778.26,GT-21919,57200.455107741705,19238.538689469922,0.006204968193045633,0.09431641193759617,0.952
5778.26,GT-21987,64384.37767072793,-35079.99446488133,-0.026240690035076564,-0.18048288375489702,0.96
5778.26,GT-22041,-69229.75425386084,9271.429881980788,-0.027905925713727516,0.34636923047582185,0.952
5783.71,GT-21794,-77629.08094136344,-59262.149483040106,-0.5095425844454994,-0.342911265529602,0.906
5783.71,GT-21797,73775.32327561214,30502.355347329765,0.17976752086860956,0.3341604039333859,0.9
5783.71,GT-21853,-3435.7076237002816,-41274.70321412273,-4.863191980459597,-0.2079662385729364,0.981
5783.71,GT-21858,55933.803684509134,-15472.113510063971,-0.16961168970584214,-0.038712162516040836,0.896
5783.71,GT-21912,5192.466015383841,-71333.9144670787,2.4104043081709348,14.590274289592097,0.953
5783.71,GT-21919,57198.83316348591,19237.683682874078,0.02517874814255367,0.11867996070160233,0.894
5783.71,GT-21987,64377.19435528175,-35105.00155095707,0.5925156023660756,0.8438307626736077,0.951
5783.71,GT-22041,-69224.29021340352,9276.851288599815,-0.0923515719459855,0.3698784561082974,0.905
5790.97,GT-21777,-39985.35632346476,59223.40523118847,0.03551099318070777,-0.2927523903541565,0.886
5790.97,GT-21794,-77592.92083680582,-59242.62413362208,-1.006847604933085,-0.6718732829588756,0.908
5790.97,GT-21797,73746.87241436612,30502.84680155472,0.4026282295467744,0.3593686738982063,0.903
5790.97,GT-21853,-3417.9661041353143,-41492.50152583192,-4.485826029489647,5.236303349603883,0.906
5790.97,GT-21858,55933.03600534224,-15467.102511742167,0.014130733355859945,-0.13418824870881635,0.896
5790.97,GT-21912,5127.053545734586,-71728.8791024606,3.3958124931497693,19.225736050405317,0.905
5790.97,GT-21919,57189.65186789642,19243.519377168264,-0.009283974617305471,0.31966633585202514,0.908
5790.97,GT-21987,64369.40729543704,-35113.28073055416,-0.11800249535087937,-0.04911363141284941,0.911
5790.97,GT-22041,-69220.21375093408,9263.327836324455,0.1564918973944069,-0.2392484927025367,0.911
5790.97,GT-22045,-37939.77687095135,-13857.888694089366,0.04723062447102,0.39157184762784913,0.871
5794.74,GT-21797,73735.3182234956,30476.79442698612,0.8632524221013504,0.5080340183636605,0.933
5794.74,GT-21853,-3029.5360936188094,-41629.81651875591,-15.36473798313764,7.057470415221081,0.928
5794.74,GT-21912,4875.992456290995,-73119.7483629854,6.80114472866869,37.359285754292564,0.956
5794.74,GT-21919,57187.86642531165,19242.440553786124,0.02980727626233075,0.29876842396570746,0.922
5794.74,GT-21987,64361.94407065278,-35117.32409206739,0.8046159106131704,1.7502124938127017,0.958
5794.74,GT-22041,-69221.30370387649,9265.993262091499,0.05686161944922387,-0.14007826277627516,0.936
5801.51,GT-21777,-39985.0777550751,59221.96704864482,0.015428558185217642,-0.21558239464701576,0.851
5801.51,GT-21853,-2446.7181325820306,-42373.62137710218,-19.63220496907669,24.318028146364046,0.862
5801.51,GT-21871,-96045.50850128714,26945.181792004754,0.3141002564237599,0.1250623160579777,0.854
5801.51,GT-21919,57193.90547865102,19249.645420308734,0.2269499774818583,0.5699138792786631,0.857
5801.51,GT-21987,64372.639467657806,-35113.62031856861,0.5145093368874436,1.1354350758170386,0.858
5801.51,GT-22013,-27118.779390104522,70903.82913668682,0.5826758453905823,-0.5136670772601533,0.85
5801.51,GT-22041,-69220.92075161704,9266.406202623139,-0.0749192965891817,-0.22237056962818402,0.856
5801.51,GT-22045,-37717.44938083066,-13850.28144410411,3.523313186944982,0.3589931268021983,0.882
5804.66,GT-21694,200990.92006875676,-45365.06054171957,-1890.2666005857259,761.3347254228696,0.935
5804.66,GT-21775,88823.99883225907,-14127.658457700933,0.11509111574333186,0.17995703182589118,0.87
5804.66,GT-21777,-39986.10821997495,59224.23223951459,-0.04238296333907744,-0.25672418422411064,0.874
5804.66,GT-21869,4009.8889249012395,47500.79320516733,-0.04764842346631949,0.010793164880424116,0.88
5804.66,GT-21871,-96045.40991634692,26945.994398229926,0.3197807764578119,0.11963481255344038,0.866
5804.66,GT-21892,53458.91497671199,-84671.86711309911,0.30566217071935253,-0.08258088011221267,0.86
5804.66,GT-21919,57182.498025166315,19252.57533214225,0.11880655980451989,0.6018288473121838,0.891
5804.66,GT-21987,64333.10860927753,-35171.42859617766,1.946190484253481,3.4836856600592236,0.91
5804.66,GT-22004,54141.300376007275,8362.781169395223,0.02324470591472133,-0.008271316003837015,0.887
5804.66,GT-22013,-27116.755911809025,70897.89511562238,0.5362704813069693,-0.4114111243938997,0.865
5804.66,GT-22026,-40339.53257557094,-8286.181265456178,-0.09566363001422043,0.06967227863640926,0.885
5804.66,GT-22041,-69221.9218068304,9268.373758112433,-0.06794994664851589,-0.1473260536389393,0.888
5804.66,GT-22045,-37713.82895633993,-13853.674944841969,3.4243930763843156,0.27498805496462914,0.886
5804.66,GT-22055,-85441.6801791512,-48264.02818441536,-0.15189217981118458,0.2504109212028105,0.87
5804.66,GT-22108,55944.79197082132,-15512.873009392952,0.19626964325768953,-0.04896693956843974,0.887
5804.66,GT-22134,-4232.753703178623,-40835.667568342666,0.17459623947825856,-0.13080416936836436,0.861
5812.68,GT-21775,-240695.88080823346,380824.82337311323,3233.2717428329042,-3875.9866217854255,0.858
5812.68,GT-21919,57185.31236766618,19235.78919248705,0.25075425647570027,0.6707760431191996,0.953
5812.68,GT-21987,64285.09617967356,-35269.80695728234,0.5722141250756626,1.5577574087669586,0.961
5812.68,GT-22041,-69224.1010679592,9267.310040734475,-0.12129577592575402,-0.08983412337208793,0.9
5812.68,GT-22108,55945.60823613277,-15504.140671932973,0.34479801493348927,0.0025229754442018665,0.906
5812.68,GT-22126,-77670.4707188858,-59310.20150365758,-0.006575639251766314,-0.1745320636368744,0.951
5812.68,GT-22127,5349.818720422997,-70500.04897980699,0.0003563449997959524,0.12268771441813524,0.954
5812.68,GT-22130,73850.39718913441,30450.954179113858,0.25632300999843355,0.011148940217410822,0.963
5812.68,GT-22134,-4123.651294012545,-40728.104863623645,1.1717465711233817,0.8442171239296541,0.889
5815.02,GT-21919,-6187984.338578398,3337561.322291751,33189.29470875496,-17635.45222205437,0.934
5815.02,GT-21987,64240.13292200151,-35348.22644815158,1.2736259180228862,2.7815438945024002,0.946
5815.02,GT-22041,-69219.35620449591,9260.479073981822,0.0013082741661133157,-0.3615094201452259,0.895
5815.02,GT-22108,55935.54632141449,-15504.43144372513,0.6190428303212239,-0.06908760044272422,0.907
5815.02,GT-22126,-77670.53306876529,-59309.82219249157,-0.0023585217056217526,-0.19475998753292315,0.883
5815.02,GT-22127,5331.538524705293,-70604.39926523084,0.18820915626297213,1.1505025559777138,0.942
5815.02,GT-22130,73849.78057070705,30451.14617953369,0.22268627627736515,0.026796716757036137,0.892
5815.02,GT-22134,-3880.2403143646416,-40295.744105916485,0.32717355951732396,1.0825945694012924,0.974
5823.57,GT-21892,53468.89003165254,-84669.25314544844,0.12077333895892199,-0.17638232839569765,0.867
5823.57,GT-21987,-411134.15475434955,1726443.912015761,2555.5740130669096,-9473.52350857489,0.936
5823.57,GT-22041,-69219.22105247414,9272.49908897888,-0.061505859655770295,0.07201374023285442,0.904
5823.57,GT-22108,55939.46447053167,-15498.55438886479,0.3707455542097305,0.06970348934165313,0.906
5823.57,GT-22126,-77664.21335944737,-59306.79159683372,0.21831884632052737,-0.1386821366410518,0.902
5823.57,GT-22127,5333.408903917639,-70598.35503864875,0.16526954756312934,1.1748106497736295,0.898
5823.57,GT-22130,73851.09848356845,30451.08405627904,0.26042020679941913,0.07161163595158569,0.891
5823.57,GT-22134,-3758.818412230812,-40202.04215434053,1.03155135703665,1.4860211910655798,0.907
5827.27,GT-21892,14709.573735563212,67184.07419251872,-238.39285336920932,934.7904271197391,0.909
5827.27,GT-22041,-69225.65862330755,9275.984624734678,-0.23577149038583103,0.17867966209171893,0.896
5827.27,GT-22045,-37729.21276218897,-13873.43856169853,-5.24905756005481,-0.032698278506329254,0.905
5827.27,GT-22108,55940.94083429375,-15504.353856792126,0.44888732506834605,0.024924491561068032,0.897
5827.27,GT-22126,-77661.31082721372,-59303.30003973668,0.2992274472622626,0.14409253553257992,0.895
5827.27,GT-22127,5330.13666583883,-70596.453069215,0.128344357286163,1.2129611930301125,0.885
5827.27,GT-22130,73848.58244837342,30456.928389360288,0.19234298202846167,0.13555809651262524,0.886
5827.27,GT-22134,-3796.354610172625,-40200.893432079974,-1.2762482445232453,1.5867393745004235,0.948
5827.27,GT-22181,57222.90026390622,19231.09626706432,0.08884403799830397,-0.05361179842067612,0.85
5833.44,GT-21777,-130156.60414489463,-16738.99950030173,-141.64634967490014,-119.54984898751567,0.856
5833.44,GT-21871,-96070.13966615257,26912.21417295447,0.33901460943094064,0.47581254788806315,0.901
5833.44,GT-22004,54135.67720907571,8362.254870602506,0.02189820896263838,-0.021279037981018226,0.875
5833.44,GT-22013,-27171.39414780577,70940.26097092738,-0.9453452349822778,1.0039346545363623,0.879
5833.44,GT-22026,-40334.73539166924,-8288.365080889085,0.12443004541890021,-0.14457614619664083,0.905
5833.44,GT-22041,-69225.0319041399,9282.359638368956,-0.2755323804859867,0.29234136523796056,0.902
5833.44,GT-22055,-85444.73010490746,-48262.25426863228,-0.11225500670532049,0.07506018833123743,0.866
5833.44,GT-22108,55948.32724979868,-15493.852165249958,0.5053873523226641,0.3893722899318824,0.898
5833.44,GT-22126,-77664.70480134914,-59302.93401094971,0.32341612719462504,0.13821512460739635,0.891
5833.44,GT-22127,5354.203494924496,-70563.99779904923,-0.11445750781930875,-0.5595704714380602,0.919
5833.44,GT-22130,73832.9305286139,30471.371423329307,0.008441291143572588,0.24575328665601248,0.905
5833.44,GT-22134,-3834.555389154111,-40620.340469530245,-0.5300048697423757,-1.335003590379011,0.899
5833.44,GT-22181,57220.78798420806,19240.615702666037,-0.24186065772748674,0.2505917201445116,0.893
5833.44,GT-22197,64496.30689852321,-34829.93901238417,-0.5526255654646911,0.6149305516121722,0.871
5839.33,GT-21871,53691.95177105908,-155312.66763483986,235.2786680169615,-286.12797297846015,0.862
5839.33,GT-22041,-69226.4958075033,9280.727792053554,-0.2760568593200275,0.3367364262847857,0.884
5839.33,GT-22108,55945.17348029069,-15496.039347391594,0.5348109495749876,0.41080169042009496,0.945
5839.33,GT-22126,-77668.70184825077,-59304.028824915324,0.26513210708758433,0.09605131291150996,0.888
5839.33,GT-22127,5344.1834735636685,-70610.29974537277,0.09976022515448721,1.5428542472569358,0.908
5839.33,GT-22130,73832.20897744379,30477.64037048211,-0.019575650108245503,0.3992723455601922,0.896
5839.33,GT-22134,-4221.728801773988,-40329.090668040364,-1.8202711630181696,1.2206635585477836,0.914
5839.33,GT-22181,57223.715113272476,19239.585803993516,-0.14046081881726186,0.22040367359634172,0.891
5839.33,GT-22197,64654.75098907034,-34609.547812344914,-0.4365946756305322,0.38703194843910116,0.905
5845.7,GT-22041,-69248.60395703383,9253.391078454728,-1.5940818824291425,-7.897427738298973,0.91
5845.7,GT-22108,55948.95467058784,-15485.278059150445,0.5895178612148501,0.5417546626282563,0.903
5845.7,GT-22126,-77678.64293822025,-59306.301302827036,0.21115334727900884,0.08454764689552925,0.898
5845.7,GT-22127,5341.979852303384,-70590.31058504562,0.06186932793773567,1.4543759655993818,0.905
5845.7,GT-22130,73832.03783760732,30474.827129081994,-0.003647294916743736,0.22069913467275065,0.896
5845.7,GT-22134,-4054.9882191044126,-40255.775015667925,0.6763377332800323,1.8362377933334766,0.907
5845.7,GT-22181,57220.28222588539,19228.08600232452,-0.14998011077415513,-0.014310899121973015,0.903
5845.7,GT-22197,64555.27470542708,-34780.33427487601,-1.0342667522455806,-0.5924711682797194,0.907
5849.3,GT-22041,-69228.79517327428,9328.701415562737,-1.363708283855836,-7.041348644598299,0.941
5849.3,GT-22108,55950.72149001948,-15489.017673113096,0.5756337622866027,0.38687476872248133,0.879
5849.3,GT-22126,-77690.17715960061,-59306.08423282282,-0.052847889432390466,0.11656879428503665,0.877
5849.3,GT-22127,5341.251612647929,-70595.14450340114,0.06436614413314773,1.4773175113832637,0.941
5849.3,GT-22130,73830.88760488338,30474.87413262997,-0.0701524269648729,0.18485795927011028,0.938
5849.3,GT-22134,-4055.244482181976,-40329.12841562741,-0.061498301693276886,-0.10265607769763453,0.961
5849.3,GT-22181,57219.74484906881,19233.149519097587,-0.14923603792324902,0.1259318894705923,0.944
5849.3,GT-22197,64481.658800125755,-34899.753133726736,-1.2703972174204978,-1.1371106444533086,0.958
5856.58,GT-22013,-27207.794636559836,70989.74276082043,-1.017732947762123,1.3138104189301318,0.854
5856.58,GT-22041,-69204.96473538155,9464.524861459691,-0.7657009370305119,-5.472305400711098,0.86
5856.58,GT-22108,55947.72152824806,-15486.04581412796,0.45590187406154514,0.3995616258382275,0.854
5856.58,GT-22126,-77685.45015181087,-59306.65976242193,0.1343980986817557,0.08710531787141305,0.853
5856.58,GT-22127,5345.763081565315,-70575.66722354815,0.11533061681708086,0.963040079983581,0.863
5856.58,GT-22130,73823.34573977202,30487.86847766252,-0.0930447569002676,0.41045981210952315,0.863
5856.58,GT-22134,-3895.4593194133577,-40224.1495937803,1.2137623538697424,0.8617056368087154,0.866
5856.58,GT-22181,57222.58911964973,19233.50932528431,-0.10705548932943225,0.12716516758319824,0.854
5856.58,GT-22197,64432.8979893983,-34982.626702944835,-1.166356406891591,-1.3248204789713363,0.864
5859.32,GT-22041,416736.7907264666,-336637.8634224359,-746.0070866202622,530.9577830521363,0.88
5859.32,GT-22045,-37400.53916040614,-13881.917097835514,-3.8809873708615457,-0.14127386391816438,0.886
5859.32,GT-22126,-77693.62454169577,-59310.712106124425,0.10365349839943516,0.14960415886797626,0.923
5859.32,GT-22127,5335.887873836362,-70667.55181818585,0.6743101345499202,2.427902905332574,0.862
5859.32,GT-22134,-3970.477463868959,-40238.64740985714,-0.8820565010463207,0.9811744512501888,0.855
5859.32,GT-22197,64575.98036496827,-34765.98421492472,-0.12852208635090515,0.051203204447593104,0.859
5866.0,GT-22045,-37195.97467983744,-13889.439613785831,-5.924601391612105,-0.223816149862152,0.915
5866.0,GT-22108,55935.86171529224,-15500.363601053858,0.41590256189803276,0.18538597638395884,0.889
5866.0,GT-22126,-77696.32449406358,-59331.37095548611,0.10977731698883919,-0.27519209163829256,0.895
5866.0,GT-22127,5332.029480624147,-70644.38579990013,0.3748636039947565,1.6710142533190588,0.897
5866.0,GT-22130,73822.00081715951,30482.078082394622,-0.10250442581351846,0.3610205155734925,0.881
5866.0,GT-22134,-3913.2994152633078,-40210.00723951383,1.2833060709466424,1.832062736378021,0.892
5866.0,GT-22181,57227.39872448175,19243.173737355075,-0.06587182886903542,0.2658284296140735,0.889
5866.0,GT-22197,64542.51085974517,-34839.25120582641,-0.466702785803051,-1.0264892176297749,0.89
5868.89,GT-22045,-37182.87933352323,-13889.40329190354,-6.258786246939446,-0.22314704295597546,0.872
5868.89,GT-22108,55933.99307423527,-15502.335608107844,0.4080335154054636,0.2188780481494663,0.932
5868.89,GT-22126,-77690.61055531434,-59334.78557069619,0.3250416630241715,-0.24664585701346722,0.928
5868.89,GT-22127,5330.251614404164,-70656.38959222377,0.4096268659539217,1.8543052409714762,0.925
5868.89,GT-22130,73827.98590574249,30481.28345959238,0.05222973259644227,0.46035490684912705,0.931
5868.89,GT-22134,-3781.5563041719656,-40064.04928066373,1.1588855803833424,0.9893289259946991,0.945
5868.89,GT-22181,57224.260410291005,19248.512610411148,-0.17498223480138858,0.4309576106272067,0.932
5868.89,GT-22197,64571.0122455553,-34793.01504549528,-0.12747490029908753,-0.49741735179041124,0.936
5868.89,GT-22320,-69227.80515677463,9294.21958956144,0.20676202160855667,0.6335720642332187,0.902
5874.39,GT-22004,54143.816135140754,8360.332935687915,0.23151875002410632,-0.18353044625547482,0.865
5874.39,GT-22013,-27182.312119914746,70993.0257655986,-0.7236303841487048,1.4943362664021007,0.863
5874.39,GT-22108,55929.02626308036,-15505.619688534736,0.5511088754437665,0.19727732428292943,0.884
5874.39,GT-22126,-77697.64496759036,-59335.244029780886,0.3738432796239386,-0.10204726363727476,0.892
5874.39,GT-22127,5329.533446502013,-70671.34931822642,0.4713217225585678,2.1630931273404816,0.882
5874.39,GT-22130,73831.27551633748,30477.349648315983,0.013245507025783193,0.4431417709272234,0.888
5874.39,GT-22134,-3613.782654512542,-39866.204119583446,0.27210484453488026,-0.310620385282604,0.923
5874.39,GT-22181,57219.3309362539,19246.99480161737,-0.22109802347953095,0.4297504541216153,0.897
5874.39,GT-22197,64571.23838810086,-34799.61246059177,-0.12624314863312314,-0.41996021093029157,0.903
5874.39,GT-22220,53424.31815790599,-84669.02864487468,-0.32859493832947906,0.024657911989222674,0.865
5874.39,GT-22252,88895.0044321816,-14121.4562620721,-0.12095930114948553,0.27762416087855907,0.856
5874.39,GT-22268,-96013.75017828999,26971.203671176692,-0.03858424472771502,0.41976006354402406,0.856
5874.39,GT-22320,-69220.96100543007,9287.507932554607,-0.3860854419427771,-0.06984508664725586,0.888
5881.72,GT-22013,-27187.114385942175,71000.88890749835,-0.7141317754888232,1.4193257882477157,0.85
5881.72,GT-22108,55916.84080716995,-15509.99106285012,0.6345716320036786,0.3211310635871978,0.938
5881.72,GT-22126,-77698.81991904417,-59348.11003145333,0.7498851054033796,-0.04462040132505186,0.943
5881.72,GT-22127,5349.61002468106,-70686.61108275183,0.932422156171645,2.211866916710093,0.856
5881.72,GT-22130,73841.50026697665,30461.438047402502,0.017561205597102253,0.40091728880742367,0.934
5881.72,GT-22134,-3649.20722077691,-39863.06691113137,0.944950724201778,-0.36588763154464526,0.932
5881.72,GT-22181,57215.701781946256,19247.4040542753,-0.2741330387121313,0.3746078713736956,0.928
5881.72,GT-22197,64610.33412785085,-34745.93019537345,-1.3357250280060178,-2.306059631161724,0.927
5881.72,GT-22320,-69214.38584974637,9284.521370824925,-0.39625247379313217,0.04655526899410646,0.942
5885.04,GT-22004,54146.23699655621,8354.30839910408,0.26482064089642565,-0.2770965231350567,0.883
5885.04,GT-22013,-27187.60213561914,70995.33614594676,-0.8401205266567151,1.5029539667277596,0.873
5885.04,GT-22045,-36834.704805968984,-13891.868380022346,-13.366657005281105,-0.06006233535332634,0.862
5885.04,GT-22108,55910.37803160408,-15507.879689572705,0.6926635259640401,0.4199145553434375,0.886
5885.04,GT-22126,-77861.71144097479,-59061.597991814684,2.3426871722554052,-2.833354271386779,0.912
5885.04,GT-22127,5345.348210721366,-70715.19462536364,0.8701732982400736,2.5809441719779396,0.883
5885.04,GT-22130,73843.0549956295,30457.263279625484,-0.06826198725094036,0.4206740717464284,0.885
5885.04,GT-22134,-3508.0168985049354,-39845.33023478022,-1.1526706677775684,-0.633812781031318,0.9
5885.04,GT-22181,57216.7675458993,19244.326287795364,-0.2236415136516627,0.26480392854848767,0.883
5885.04,GT-22187,4108.102847667307,47231.57418909085,5.353112056718384,-9.788616087458195,0.944
5885.04,GT-22197,64655.45501490392,-34689.71648566497,1.4697019757484788,2.05489341143283,0.907
5885.04,GT-22220,53425.467240942795,-84672.63308329339,-0.23874623211485063,-0.04737221912787949,0.879
5885.04,GT-22252,88896.39109789001,-14126.31778890654,-0.07570030955378858,0.13451295065197544,0.866
5885.04,GT-22254,-91484.60381742529,90570.749890703,-0.3700844987699635,0.1187329332337641,0.89
5885.04,GT-22268,-96017.64002264432,26954.85653292323,-0.04410653517413593,-0.008918468056937634,0.881
5885.04,GT-22289,-40014.840380265254,59229.30016259414,-0.16601076219473582,0.14432636848163985,0.871
5885.04,GT-22320,-69216.06970167322,9284.710618044617,-0.39955862193295055,0.049752789955740465,0.883
5892.29,GT-22126,-77902.93309977837,-59013.0268013525,2.9901223922803366,-3.621593681759827,0.881
5892.29,GT-22127,5337.30298132256,-70752.5852263197,0.8509312911633422,3.264572323224823,0.884
5892.29,GT-22130,73829.8875362358,30455.343905964455,-0.4323415687307345,0.5370932728755274,0.884
5892.29,GT-22134,124048.77031305844,38515.091467189806,242.8402756057236,149.0171094063609,0.935
5892.29,GT-22181,57217.73870742541,19246.155922786576,-0.13068798139813537,0.17354713684029457,0.895
5892.29,GT-22197,64661.828054895035,-34677.87130032475,1.7707794323403048,2.7454250142085344,0.948
5892.29,GT-22320,-69214.99726513209,9290.057648866736,-0.293635841865255,0.03949591739978357,0.879
5896.88,GT-22045,1637551.3300048397,339753.3098499194,-9335.55512453541,-1973.1700901215277,0.944
5896.88,GT-22126,-77946.25288974149,-58960.779111692216,3.768739859077928,-4.485049346054434,0.92
5896.88,GT-22127,5317.422532567133,-70826.77918269383,0.4154411706480037,3.3442128154206054,0.937
5896.88,GT-22130,73843.09717783262,30427.218414512514,-0.37769215156400254,0.4778351453121138,0.933
5896.88,GT-22181,57217.67817421011,19245.605927916382,-0.14812253010099585,0.19057140775340323,0.917
5896.88,GT-22197,-556042.7071384093,273593.94253679866,2901.107170385482,-1440.5558851817752,0.891
5896.88,GT-22414,-4573.382864517093,-40472.37594342228,0.762383282049784,1.0138042307039279,0.859
5901.97,GT-22127,5316.149226694489,-70893.9250819489,0.4197561699089504,4.033591861268502,0.897
5901.97,GT-22130,73852.75191555965,30404.954374514644,-0.39702431032860536,0.7313139220966374,0.89
5901.97,GT-22181,57222.321109126606,19241.694771854123,-0.2104087125601622,0.20577374095760997,0.883
5901.97,GT-22320,-69226.99437607478,9293.308446373889,-0.5875156607393041,0.015168980668658977,0.887
5901.97,GT-22412,55953.0627276455,-15482.787011763867,-0.10714943178211227,0.05659840743111012,0.865
5901.97,GT-22414,-3916.5402834704287,-40099.852927385604,0.8589176194311613,0.8955627566395257,0.939
5909.93,GT-22127,5285.480128544762,-71116.0498376453,0.8280009409173184,7.2445819643325535,0.859
5909.93,GT-22181,57218.957617709326,19237.02973785209,-0.2362103502928667,0.19275802175635953,0.858
5909.93,GT-22320,-69230.86128530637,9292.001212038822,-0.5509252629202448,0.010573189651498408,0.853
5909.93,GT-22414,-4833.2175887297535,-40440.86183562739,-2.2728084963862836,0.9671196846516896,0.94
5909.93,GT-22450,-41170.44860035225,6566.540166616286,0.33181445949155197,-0.0415407844669029,0.892
5915.49,GT-22127,5221.349463930827,-71763.46966266984,1.8747382885946362,13.717790742770188,0.895
5915.49,GT-22181,57212.733993249145,19234.098349911426,-0.31319291873062277,0.09326759558559923,0.948
5915.49,GT-22320,-69224.54532736677,9276.195924241983,-0.0884006726292221,-0.35349121594399435,0.952
5915.49,GT-22412,55964.2356906864,-15488.55334535441,-0.06524124165342571,0.02099200801515444,0.885
5915.49,GT-22414,-3929.9098711411293,-40260.56321427116,0.5875160796572968,0.3345672468210104,0.958
5915.49,GT-22444,64525.54942471437,-34861.627201427225,-0.8012032137709495,-0.7894343390517116,0.887
5915.49,GT-22457,73802.53639090771,30506.570177205187,0.0112149008698319,0.02405643406880316,0.939
5915.49,GT-22458,-77639.47743281364,-59289.49672801008,0.1382225552095998,0.47005648833499347,0.928
5919.48,GT-22127,69666.67351985326,174243.92339818,53.576635940861365,204.5933743716078,0.917
5919.48,GT-22181,57214.771341779575,19233.104581581272,-0.2126181482817347,0.06497982143671044,0.89
5919.48,GT-22320,-69224.05542481072,9275.128060233812,-0.09703531415204465,-0.3671468172903232,0.883
5919.48,GT-22412,55963.25886362514,-15488.27925665461,0.031073081665816488,-0.0037960047121975184,0.89
5919.48,GT-22414,-4331.421348610963,-40151.44175371651,-1.164320332016004,-0.26830576732553313,0.975
5919.48,GT-22438,-37580.85098380414,-13865.909371354763,-0.676620368075609,0.3319300867042147,0.902
5919.48,GT-22444,64485.42965520362,-34928.33077185822,-0.7531620593582722,-0.8525042797958295,0.944
5919.48,GT-22457,73798.51196105115,30504.869790973593,0.349446038108024,0.07384755750494987,0.891
5919.48,GT-22458,-77643.88744619284,-59297.341619142426,0.15013694045959855,0.29828889099292083,0.883
5927.79,GT-22181,57212.71864154113,19236.9505322695,-0.25554994645952983,0.28172941014279046,0.892
5927.79,GT-22254,-91493.12208644484,90565.68367679483,0.16322912475033646,-0.06834305580874832,0.892
5927.79,GT-22320,-69230.28374387781,9282.529825820828,-0.2737059179504523,-0.1626691822199156,0.903
5927.79,GT-22412,55960.98029532978,-15486.244996928122,0.0324529637736195,0.034058270964902077,0.898
5927.79,GT-22414,-4215.247566560864,-40121.37961564968,0.926576400752618,0.2808786293117502,0.904
5927.79,GT-22438,-37602.078684046006,-13865.26028574526,-0.5423990077596913,0.3378669173699664,0.91
5927.79,GT-22444,64477.16988369142,-34941.67597899033,-1.0125344962693172,-1.3268634867617213,0.899
5927.79,GT-22457,73799.9820362217,30502.421603974406,0.19224825886069208,0.04128664250574268,0.906
5927.79,GT-22458,-77644.36906433497,-59300.69793721445,0.08511781552215142,0.15392513028206295,0.902
5927.79,GT-22483,5562.359365312308,-70084.65755347288,-0.2098209086424345,-0.9389231933021616,0.895
5932.23,GT-22004,54145.86024707014,8361.033739103892,0.13597009281714717,0.18157362207787067,0.859
5932.23,GT-22181,57219.6793201217,19230.27151342287,-0.38923890724520105,0.35034521466641777,0.858
5932.23,GT-22187,3980.876798761414,47509.30095654953,1.4624233898985328,-1.5518243475253608,0.853
5932.23,GT-22252,88892.50643901298,-14109.613628286275,-0.055761811118875966,0.4913102451136873,0.854
5932.23,GT-22254,-91503.17470853774,90558.80857854072,0.1952458511590262,-0.03823062972320787,0.853
5932.23,GT-22268,-96005.06501255352,26937.85650445356,0.04639390418582298,-0.3106079834112326,0.858
5932.23,GT-22289,-40010.531634658284,59223.47207863454,-0.6151783106495503,0.11328480894212796,0.859
5932.23,GT-22320,-69224.44831979605,9284.162524380068,-0.04781225961609463,-0.08808933082869373,0.855
5932.23,GT-22368,-85441.5751922969,-48275.99849689471,-0.2561996783505769,0.36214446195743044,0.858
5932.23,GT-22404,-40356.620579525625,-8270.840764003531,-0.0676448311767408,-0.047468922525534224,0.851
5932.23,GT-22412,55958.81899622191,-15486.610857295189,-0.002453522648590615,0.033315083576292814,0.854
5932.23,GT-22414,-3811.9671807846735,-40037.969333496134,1.522879545285357,0.659145064986801,0.932
5932.23,GT-22431,90055.8628463127,-38285.50431143754,0.010734953039675033,0.18905272296283268,0.857
5932.23,GT-22438,-37611.39871068258,-13867.56452366539,-0.5879012737752825,0.21063980216845057,0.859
5932.23,GT-22444,64444.46174561785,-35001.445838673826,-0.9418898872004745,-1.3600741699429928,0.858
5932.23,GT-22457,73805.56601235685,30503.381185352402,0.20950189720368628,0.09687288714211363,0.859
5932.23,GT-22458,-77641.81974683203,-59300.638012874115,0.06585892007404665,0.11771674267935298,0.853
5932.23,GT-22483,5513.368961275559,-70175.6142161218,-0.10399169269735667,-0.9393954859680336,0.858
5936.59,GT-22013,-27097.875698773358,70865.56141989103,-3.045160483645418,3.0125269901717924,0.864
5936.59,GT-22181,-84964.48033492404,18708.554645934164,129.04233487685832,0.37498378813690486,0.932
5936.59,GT-22187,3981.3117179929945,47525.502771701926,1.4665148550901228,-1.3684472677563355,0.883
5936.59,GT-22252,88898.66252444075,-14117.373730208057,-0.033942405600995845,0.38369223802487623,0.892
5936.59,GT-22268,-96000.8878388479,26942.474437425695,0.18733406588144372,-0.16955063960688593,0.893
5936.59,GT-22289,-40004.93350494913,59221.676393166796,-0.4071419068467276,0.06160633847590295,0.885
5936.59,GT-22320,-69222.24712002966,9278.029787968382,-0.038572727901245454,-0.18052025688309814,0.892
5936.59,GT-22368,-85440.07182091406,-48274.591163150195,-0.21216095979175595,0.40895783336491137,0.876
5936.59,GT-22404,-40356.10410854225,-8273.388995392856,-0.02340726068471158,-0.06924335140269484,0.891
5936.59,GT-22412,55953.26703379844,-15484.365742015174,-0.0408950395393874,-0.11191991245471769,0.903
5936.59,GT-22414,-3710.5681195151096,-40003.79237526245,1.9191356203385042,0.7331347188147799,0.908
5936.59,GT-22438,-37657.45117816872,-13868.569627011733,-3.2566237866036167,0.1925322017188988,0.907
5936.59,GT-22444,64539.455667338996,-34847.60788674306,-0.3538618821489231,-0.14591512197294854,0.914
5936.59,GT-22457,73802.65049507275,30500.933112464998,0.053586520231516804,0.0021618361361705474,0.893
5936.59,GT-22458,-77638.19242047792,-59303.75663626588,0.03180591761741655,0.07110823318459712,0.886
5936.59,GT-22483,5456.731074712129,-70289.91051850568,-0.2951040562899693,-0.29677969504072965,0.914
5941.5,GT-22004,54139.47190272683,8346.270971278289,-0.022276099622916157,-0.27042669559994104,0.86
5941.5,GT-22220,53426.42377770895,-84682.81954688807,-0.11404179618352239,-0.027961046621913926,0.856
5941.5,GT-22252,88891.2918402891,-14119.092183071823,-0.09178839812709569,0.17797178082706633,0.86
5941.5,GT-22320,-69218.2356550701,9278.729823747764,-0.01908685248926149,-0.21713149968965142,0.853
5941.5,GT-22404,-40359.45150659086,-8274.42269886652,-0.10612597927641373,-0.09281792514758865,0.852
5941.5,GT-22412,55951.80461759285,-15484.8553091089,-0.0452919222797455,-0.1084112161861511,0.851
5941.5,GT-22414,-3708.0756839962423,-40190.71083681892,-0.5800444998079173,-4.223485850306197,0.97
5941.5,GT-22438,-37658.29147001482,-13870.534440373536,-3.009425419099076,0.17038797145495854,0.851
5941.5,GT-22444,64271.73695555567,-34938.87082599929,1.9869120786318717,0.4915164264071785,0.948
5941.5,GT-22457,73798.11047358617,30498.873463053067,0.009515113794471175,-0.02642327166243645,0.855
5941.5,GT-22458,-77647.83598060602,-59295.25554917685,0.1352457211016933,0.5292080060402079,0.86
5941.5,GT-22483,5439.326484979887,-70332.05755671723,-0.39358735489423113,-0.47508187795665013,0.864
5948.29,GT-22013,58490.28490541526,-95370.08095687641,-188.67443605473827,366.55807781845306,0.947
5948.29,GT-22320,-69223.65296208099,9285.504752621024,-0.1100293767621377,-0.03309589254238185,0.854
5948.29,GT-22414,-3666.995063499308,-40127.45119090665,0.3768230767482064,-1.8914986840148238,0.871
5948.29,GT-22444,64269.20574032612,-34978.351538734736,1.4036566173887652,-0.18256326811025222,0.865
5948.29,GT-22457,73800.17447443683,30501.096584249266,0.05956782154026556,0.04173750924524338,0.851
5948.29,GT-22458,-77653.42150308572,-59299.13347593663,0.01191313984667039,0.25308526995360414,0.94
5948.29,GT-22483,5424.191936892988,-70406.85766071922,-0.4577503491089865,0.48156901441295247,0.942
5952.46,GT-22004,54147.35099639237,8351.257371470194,0.18425646012787256,-0.0559048282115869,0.861
5952.46,GT-22254,43456.42284367911,44675.02048504911,10606.825401217218,-3605.495159297876,0.856
5952.46,GT-22320,-69224.51229206218,9290.232715842641,-0.12446931905028549,0.1026445614562577,0.864
5952.46,GT-22412,55957.9840986619,-15489.977036369079,0.03725152392182353,-0.24189692152285786,0.852
5952.46,GT-22414,-3749.260672814796,-40120.59830069306,-3.365471872356247,-1.1709917798685778,0.938
5952.46,GT-22431,90033.45573360803,-38290.9682847387,-0.5130424782257397,0.049926265640293156,0.852
5952.46,GT-22438,-37636.1742257786,-13881.476700170328,-1.6498890044280998,-0.18686037070656092,0.854
5952.46,GT-22444,64271.223068552514,-34943.84065190774,2.7312427601151246,1.4509375920876693,0.937
5952.46,GT-22450,-41794.31406676488,7992.623996076602,1.7140896289272802,-4.73165821787792,0.912
5952.46,GT-22457,73807.2932047283,30503.94628245481,0.2753142544965139,0.03538638233592672,0.852
5952.46,GT-22458,-77651.84112631435,-59296.329875611176,-0.011368243693454162,0.24202803298047484,0.854
5952.46,GT-22483,5422.920899741169,-70406.18662852127,-0.4642966131698083,0.42932178188300424,0.861
5952.46,GT-22527,57214.982276972565,19234.378978102417,-0.47630672094934495,-0.23536150152434812,0.851
