time,global_track_id,x,y,vx,vy,pos_sigma_m,fused_tq,prob,n_linked_sources
5.04,GT-0004,873.5619521787506,9951.451814418617,99.84182258981797,1.7963975352078645,52.520259509466136,13,0.95,1
5.12,GT-0003,9521.490311633683,14814.704917635729,-97.6497989574607,-11.114868326872852,121.30991372712681,10,0.892,1
5.12,GT-0004,881.549297985936,9951.595526221434,99.84182258981797,1.7963975352078645,52.52541830117943,13,0.922,1
6.3,GT-0003,9406.263548863879,14801.589373010018,-97.6497989574607,-11.114868326872852,121.33570824485203,10,0.865,1
6.3,GT-0004,999.3626486419212,9953.71527531298,99.84182258981797,1.7963975352078645,52.64550526916681,13,0.894,1
7.32,GT-0003,9351.784280955419,14839.125020179066,-95.58411409071043,-16.125030804764037,69.39582167823718,12,0.976,1
7.32,GT-0004,1101.2013076835356,9955.547600798891,99.84182258981797,1.7963975352078645,52.83152104011667,13,0.867,1
7.58,GT-0003,9326.932411291835,14834.932512169828,-95.58411409071043,-16.125030804764037,69.39651850784813,12,0.947,1
7.58,GT-0004,968.9700579507739,10039.825508715938,98.71109617037538,0.3397420468010278,52.46047087454687,13,0.982,1
8.12,GT-0003,9275.316989682851,14826.224995535254,-95.58411409071043,-16.125030804764037,69.40322939040446,12,0.919,1
8.12,GT-0004,1022.2740498827766,10040.008969421211,98.71109617037538,0.3397420468010278,52.463117650181616,13,0.952,1
8.34,GT-0003,9254.288484582896,14822.677488758207,-95.58411409071043,-16.125030804764037,69.40840982450744,12,0.891,1
8.34,GT-0004,1043.9904910402593,10040.083712671507,98.71109617037538,0.3397420468010278,52.466105597155895,13,0.924,1
9.36,GT-0003,9156.792688210371,14806.229957337348,-95.58411409071043,-16.125030804764037,69.45632367888564,12,0.864,1
9.36,GT-0004,1137.2253959169052,9928.175241162498,98.77042956006639,-1.1532909330531196,39.67983328816227,14,0.991,1
9.67,GT-0004,1167.8442290805258,9927.817720973251,98.77042956006639,-1.1532909330531196,39.68049052007061,14,0.962,1
10.9,GT-0004,1289.3318574394075,9926.399173125596,98.77042956006639,-1.1532909330531196,39.708250339550894,14,0.933,1
11.07,GT-0003,8851.29824711842,14729.963079492512,-94.40350112354575,-23.743858280666917,69.37240641685798,12,0.969,2
11.07,GT-0004,1306.1228304646188,9926.203113666976,98.77042956006639,-1.1532909330531196,39.71695226751028,14,0.905,1
11.25,GT-0003,8834.305616916183,14725.689185001993,-94.40350112354575,-23.743858280666917,69.37274108397719,12,0.94,2
11.25,GT-0004,1323.9015077854308,9925.995521299026,98.77042956006639,-1.1532909330531196,39.72786944302561,14,0.878,1
11.53,GT-0003,8807.87263660159,14719.040904683407,-94.40350112354575,-23.743858280666917,69.37470159510988,12,0.912,2
11.53,GT-0004,1351.5576755293275,9925.666100572224,98.77819463747922,-1.1553458429579813,39.76200351261306,14,0.978,1
12.04,GT-0003,8759.726851028583,14706.931536960266,-94.40350112354575,-23.743858280666917,69.38371496257818,12,0.884,2
12.04,GT-0004,1401.934554794442,9925.076874192315,98.77819463747922,-1.1553458429579813,39.813372796927986,14,0.949,1
12.79,GT-0003,8735.695996046765,14745.811811848074,-97.82253484373925,-27.642800759172456,52.471662409378204,13,0.984,2
12.79,GT-0004,1476.0182007725514,9924.210364810097,98.77819463747922,-1.1553458429579813,39.926624386385505,14,0.92,1
13.88,GT-0003,8629.069433067089,14715.681159020576,-97.82253484373925,-27.642800759172456,52.484446945023144,13,0.954,2
13.88,GT-0004,1583.686432927404,9922.951037841272,98.77819463747922,-1.1553458429579813,40.19003548709067,14,0.893,1
14.02,GT-0003,8615.374278188965,14711.811166914293,-97.82253484373925,-27.642800759172456,52.48861232032608,13,0.926,2
14.02,GT-0004,1694.020011468766,9896.473380146828,97.86053295860845,-0.5062774661708331,39.67143914094708,14,0.989,1
14.57,GT-0003,8677.143187878595,14728.660793253639,-95.81816269508224,-27.958573700181955,39.67983814771737,14,0.992,2
14.57,GT-0004,1747.8433045960007,9896.194927540435,97.86053295860845,-0.5062774661708331,39.67382162426253,14,0.959,1
14.92,GT-0003,8643.606830935316,14718.875292458575,-95.81816269508224,-27.958573700181955,39.68069617506248,14,0.962,2
14.92,GT-0004,1782.0944911315137,9896.017730427275,97.86053295860845,-0.5062774661708331,39.67899324102915,14,0.931,1
15.57,GT-0003,8581.325025183512,14700.702219553457,-95.81816269508224,-27.958573700181955,39.68955788960836,14,0.933,2
15.57,GT-0004,1845.7101149790121,9895.691470327336,97.86064057056892,-0.5060229024393248,39.72018292556412,14,0.964,2
15.79,GT-0003,8560.245029390595,14694.551333339417,-95.81816269508224,-27.958573700181955,39.695677027017766,14,0.905,2
15.79,GT-0004,1867.2394559045372,9895.580145288799,97.86064057056892,-0.5060229024393248,39.731864220717455,14,0.935,2
16.07,GT-0003,8533.415943835971,14686.722932703366,-95.81816269508224,-27.958573700181955,39.706421156605785,14,0.878,2
16.07,GT-0004,1894.6332869895475,9895.417396979861,97.86072166226151,-0.5081234999568736,39.76400323479433,14,0.986,2
16.1,GT-0003,8530.539856241954,14685.833662056331,-95.81432383375858,-27.97141947384243,39.71626580622245,14,0.983,2
16.1,GT-0004,1897.5691086394154,9895.402153274863,97.86072166226151,-0.5081234999568736,39.76629370811824,14,0.957,2
16.14,GT-0003,8526.707283288604,14684.714805277377,-95.81432383375858,-27.97141947384243,39.71815491750165,14,0.954,2
16.14,GT-0004,1901.4835375059058,9895.381828334865,97.86072166226151,-0.5081234999568736,39.76943620285011,14,0.928,2
17.44,GT-0003,8402.148662304719,14648.351959961383,-95.81432383375858,-27.97141947384243,39.83255126002279,14,0.925,2
17.44,GT-0004,2028.7024756668459,9894.72126778492,97.86072166226151,-0.5081234999568736,39.93642034509353,14,0.9,2
18.01,GT-0003,8347.534497719476,14632.408250861292,-95.81432383375858,-27.97141947384243,39.92349046882067,14,0.897,2
18.01,GT-0004,2084.446351148949,9894.436423070538,97.8609493054252,-0.5134641893538827,40.064392701942275,14,0.986,2
18.32,GT-0003,8317.832057331012,14623.7371108244,-95.81432383375858,-27.97141947384243,39.985784707941,14,0.87,2
18.32,GT-0004,2114.783245433631,9894.277249171839,97.8609493054252,-0.5134641893538827,40.14441623236966,14,0.956,2
18.69,GT-0003,8282.386443825133,14613.399814068824,-95.81494520168155,-27.972118476051165,40.09286346154565,14,0.952,3
18.69,GT-0004,2150.9917966766384,9894.087267421777,97.8609493054252,-0.5134641893538827,40.25452337752939,14,0.927,2
20.29,GT-0003,8129.082531502443,14568.644424507142,-95.81494520168155,-27.972118476051165,40.66186226048448,14,0.924,3
20.29,GT-0004,2307.5693155653184,9893.26572471881,97.8609493054252,-0.5134641893538827,40.93936204912859,14,0.899,2
20.29,GT-0044,8111.3084333543475,14429.930768377923,-90.93215870724976,-40.173596426073864,52.47166371155321,13,0.956,1
20.32,GT-0003,8126.208083146393,14567.80526095286,-95.81494520168155,-27.972118476051165,40.67584209286809,14,0.896,3
20.32,GT-0004,2310.5051440444813,9893.25032079313,97.8609493054252,-0.5134641893538827,40.955772628793056,14,0.872,2
20.32,GT-0044,8108.58046859313,14428.72556048514,-90.93215870724976,-40.173596426073864,52.47167070661602,13,0.927,1
20.52,GT-0003,8107.045094106056,14562.21083725765,-95.81494520168155,-27.972118476051165,40.77244130258501,14,0.869,3
20.52,GT-0004,2330.138409269392,9893.700112489596,97.85629726412034,-0.5168273116818511,41.06584070693644,14,0.982,2
20.52,GT-0044,8090.39403685168,14420.690841199925,-90.93215870724976,-40.173596426073864,52.47209067783914,13,0.899,1
20.61,GT-0004,2338.945476023163,9893.653598031544,97.85629726412034,-0.5168273116818511,41.11366161180871,14,0.953,2
20.61,GT-0044,8082.210142568028,14417.075217521578,-90.93215870724976,-40.173596426073864,52.47251801847606,13,0.872,1
20.95,GT-0004,2372.2166170929636,9893.477876745572,97.85629726412034,-0.5168273116818511,41.30525977053441,14,0.924,2
21.44,GT-0004,2420.1662027523826,9893.224631362848,97.85629726412034,-0.5168273116818511,41.61293272580538,14,0.897,2
21.78,GT-0004,2453.4155923306666,9893.072311375832,97.8643380182705,-0.5231733750834167,41.86121752480735,14,0.977,3
22.65,GT-0004,2539.6988690017024,9888.687403795728,98.18313919912457,-1.580114878903558,42.21863239541663,14,0.994,3
22.92,GT-0004,2566.2083165854665,9888.260772778423,98.18313919912457,-1.580114878903558,42.359748264870966,14,0.964,3
22.92,GT-0044,7860.291255857325,14339.303215025286,-92.6306986065274,-45.41579199350935,52.460394364298935,13,0.971,1
24.7,GT-0004,2740.9095588645982,9885.334976749145,98.1797085413953,-1.592400602144977,43.526800926567205,14,0.991,3
24.7,GT-0044,7695.4086123377065,14258.46310527684,-92.6306986065274,-45.41579199350935,52.50144127000179,13,0.942,1
24.79,GT-0004,2749.7457326333238,9885.191660694953,98.1797085413953,-1.592400602144977,43.59709501260574,14,0.961,3
24.79,GT-0044,7687.071849463119,14254.375683997425,-92.6306986065274,-45.41579199350935,52.50669194703837,13,0.914,1
24.79,GT-0057,7599.931088531928,14372.682343143426,-84.41183967131914,-48.60031115607068,52.48182752317721,13,0.938,2
25.21,GT-0004,2790.98121022071,9884.52285244205,98.1797085413953,-1.592400602144977,43.94136952368965,14,0.932,3
25.21,GT-0044,7648.166956048378,14235.301051360151,-92.6306986065274,-45.41579199350935,52.536784476984344,13,0.886,1
25.21,GT-0057,7564.526321540549,14352.308438496066,-84.41154205146503,-48.599553884499684,52.50694427020313,13,0.978,3
25.45,GT-0004,2814.544340270645,9884.140676297537,98.1797085413953,-1.592400602144977,44.150383987073134,14,0.904,3
25.45,GT-0044,7625.935588382811,14224.40126128171,-92.6306986065274,-45.41579199350935,52.55848590743826,13,0.86,1
25.45,GT-0057,7544.267551448198,14340.644545563786,-84.41154205146503,-48.599553884499684,52.50951404930032,13,0.949,3
25.81,GT-0004,2849.8632902716163,9883.572847209089,98.17922367482335,-1.5932496986480373,44.50094836119276,14,0.966,3
25.81,GT-0057,7513.8793963096705,14323.148706165366,-84.41154205146503,-48.599553884499684,52.516383728234494,13,0.92,3
26.5,GT-0004,2917.605053776689,9882.489206387725,98.17643620975446,-1.5949381228519997,45.21423036391228,14,0.983,3
26.5,GT-0057,7455.63543229416,14289.615013985062,-84.41154205146503,-48.599553884499684,52.54262261869481,13,0.893,3
26.65,GT-0004,2932.3315192081523,9882.249965669298,98.17643620975446,-1.5949381228519997,45.37565969434024,14,0.953,3
26.65,GT-0057,7442.97370098644,14282.325080902387,-84.41154205146503,-48.599553884499684,52.55107777750666,13,0.866,3
26.93,GT-0004,2962.2148447219793,9880.136383862919,98.51271557355238,-1.4957477536653556,44.48714042882652,14,0.991,3
26.98,GT-0004,2967.140480500657,9880.061596475236,98.51271557355238,-1.4957477536653556,44.510064861506,14,0.962,3
26.98,GT-0057,7415.186925404658,14266.230326619616,-84.4055873976772,-48.611694238202546,52.584861943412,13,0.973,3
27.23,GT-0004,2991.768659394045,9879.68765953682,98.51271557355238,-1.4957477536653556,44.627933901130994,14,0.933,3
27.23,GT-0057,7394.085528555239,14254.077403060066,-84.4055873976772,-48.611694238202546,52.60600642813207,13,0.944,3
27.99,GT-0004,3066.6383232299445,9878.550891244035,98.51271557355238,-1.4957477536653556,45.02211771567462,14,0.905,3
27.99,GT-0057,7329.937282133004,14217.132515439032,-84.4055873976772,-48.611694238202546,52.6948031280494,13,0.915,3
28.56,GT-0004,3122.740248134615,9877.630957689304,98.50555518318998,-1.5061658400279612,45.363472579354536,14,0.982,3
28.56,GT-0057,7281.826097316329,14189.423849723256,-84.4055873976772,-48.611694238202546,52.78930812844015,13,0.888,3
29.14,GT-0004,3179.8734701408653,9876.757381502088,98.50555518318998,-1.5061658400279612,45.74101380649811,13,0.953,3
29.14,GT-0057,7232.8708566256755,14161.229067065098,-84.4055873976772,-48.611694238202546,52.913893821851914,13,0.861,3
29.49,GT-0004,3214.3504144549815,9876.230223458078,98.50555518318998,-1.5061658400279612,45.988836305726856,13,0.924,3
29.68,GT-0004,3233.0664699397876,9875.944051948472,98.50555518318998,-1.5061658400279612,46.12998002857668,13,0.896,3
30.2,GT-0004,3284.302427254836,9875.05826465865,98.51544718677209,-1.517548079177942,46.54202919311178,13,0.981,3
31.13,GT-0004,3375.9217931385338,9873.646944945014,98.51544718677209,-1.517548079177942,47.36900970070944,13,0.951,3
31.39,GT-0004,3401.535809407095,9873.252382444429,98.51544718677209,-1.517548079177942,47.62325635605978,13,0.923,3
31.39,GT-0075,7169.059357341156,13879.171238237806,-79.96582616700702,-62.42171567347467,39.67129512787093,14,0.972,1
31.93,GT-0004,3454.7341508879517,9872.432906481672,98.51544718677209,-1.517548079177942,48.18495964037387,13,0.895,3
31.93,GT-0075,7125.877811210972,13845.46351177413,-79.96582616700702,-62.42171567347467,39.6735713519925,14,0.943,1
32.13,GT-0004,3474.4372403253064,9872.129396865836,98.51544718677209,-1.517548079177942,48.4047893990524,13,0.868,3
32.13,GT-0075,7109.8846459775705,13832.979168639436,-79.96582616700702,-62.42171567347467,39.67602621104129,14,0.915,1
32.46,GT-0004,3503.881238257544,9850.203747740561,98.82062255714796,-3.341979393116503,47.083295361694695,13,0.982,3
32.46,GT-0075,7083.495923342458,13812.38000246719,-79.96582616700702,-62.42171567347467,39.68276693166268,14,0.887,1
32.79,GT-0004,3536.4920437014025,9849.100894540832,98.82062255714796,-3.341979393116503,47.21266311418094,13,0.953,3
32.79,GT-0075,7057.107200707345,13791.780836294942,-79.96582616700702,-62.42171567347467,39.693642642781,14,0.861,1
33.69,GT-0004,3625.4306040028355,9846.093113087027,98.82062255714796,-3.341979393116503,47.60895352560927,13,0.924,3
33.69,GT-0075,6985.118249283728,13735.63371263795,-79.95978594689147,-62.422858416721844,39.76483956429417,14,0.976,1
34.46,GT-0004,3701.527576872094,9843.568753284517,98.81928491075361,-3.333244657503883,48.01352013382945,13,0.985,3
34.46,GT-0075,6923.549214104622,13687.568111657074,-79.95978594689147,-62.422858416721844,39.857646943852956,14,0.947,1
35.27,GT-0004,3781.5711976498046,9840.868825111938,98.81928491075361,-3.333244657503883,48.49753670496692,13,0.955,3
35.27,GT-0075,6858.848752462998,13636.96774480143,-79.93513961706034,-62.44173856197361,40.02398531179799,14,0.988,1
35.7,GT-0004,3824.0634901614285,9839.435529909211,98.81928491075361,-3.333244657503883,48.78553783010548,13,0.927,3
35.7,GT-0075,6824.476642427662,13610.117797219782,-79.93513961706034,-62.44173856197361,40.13286708927298,14,0.958,1
35.7,GT-0076,3348.687344075514,10218.0736451672,96.50669388718555,-0.6493991469828215,91.7561409043232,11,0.892,1
35.83,GT-0004,3836.909997199826,9839.002208103735,98.81928491075361,-3.333244657503883,48.87711072379055,13,0.899,3
35.83,GT-0075,6814.085074277445,13602.000371206726,-79.93513961706034,-62.44173856197361,40.16992693728148,14,0.93,1
35.83,GT-0076,3361.2332142808477,10217.989223278093,96.50669388718555,-0.6493991469828215,91.75636838146099,11,0.865,1
36.26,GT-0004,3879.3959670260206,9837.668704529746,98.81549894312616,-3.3219653604436985,49.196913525566124,13,0.981,3
36.26,GT-0075,6779.712964242109,13575.150423625078,-79.93513961706034,-62.44173856197361,40.307100118860745,14,0.902,1
38.25,GT-0004,4076.0388099228417,9831.057993462462,98.81549894312616,-3.3219653604436985,50.9994582902966,13,0.952,3
38.25,GT-0075,6613.934852331014,13437.789186886157,-72.80740861003773,-68.68798794930186,39.67170378492238,14,0.99,1
39.05,GT-0004,4208.838100792094,9860.961921354023,96.79619201429618,-0.8359337471044063,39.67766072704653,14,0.994,3
39.05,GT-0075,6555.688925442983,13382.838796526716,-72.80740861003773,-68.68798794930186,39.67741554920111,14,0.96,1
40.25,GT-0004,4324.99353120925,9859.958800857497,96.79619201429618,-0.8359337471044063,39.69291297515714,14,0.964,3
40.25,GT-0075,6468.320035110938,13300.413210987554,-72.80740861003773,-68.68798794930186,39.72741290715449,14,0.931,1
40.29,GT-0004,4328.834214575518,9859.925721027357,96.79528936571444,-0.8385872765477398,39.70762183929453,14,0.99,3
40.29,GT-0075,6465.407738766537,13297.665691469581,-72.80740861003773,-68.68798794930186,39.73035862003039,14,0.903,1
42.03,GT-0004,4497.258018071861,9858.466579166165,96.79528936571444,-0.8385872765477398,39.85092823842837,14,0.961,3
42.03,GT-0075,6338.72284778507,13178.148592437796,-72.80740861003773,-68.68798794930186,39.97638856916879,14,0.876,1
42.31,GT-0004,4524.339424209494,9858.229098684547,96.79192562091481,-0.8361934921671335,39.90772844410165,14,0.99,3
42.37,GT-0004,4530.146939746748,9858.178927075018,96.79192562091481,-0.8361934921671335,39.91800735187966,14,0.96,3
42.7,GT-0004,4562.0882752016505,9857.902983222602,96.79192562091481,-0.8361934921671335,39.98067611657705,14,0.932,3
42.7,GT-0097,6351.360024311279,13089.77844200085,-67.2483563445867,-74.64915868258979,39.77426497027956,14,0.959,1
42.71,GT-0004,4563.056194457859,9857.89462128768,96.79192562091481,-0.8361934921671335,39.98274260175467,14,0.904,3
42.71,GT-0097,6350.687540747833,13089.031950414024,-67.2483563445867,-74.64915868258979,39.775288995250754,14,0.931,1
42.79,GT-0004,4570.799548507533,9857.827725808307,96.79192562091481,-0.8361934921671335,39.99964089812119,14,0.876,3
42.79,GT-0097,6345.307672240266,13083.060017719417,-67.2483563445867,-74.64915868258979,39.783743792772015,14,0.903,1
43.39,GT-0004,4628.874703880081,9857.326009713006,96.79192562091481,-0.8361934921671335,40.14822958451738,14,0.85,3
43.39,GT-0097,6304.958658433514,13038.270522509863,-67.2483563445867,-74.64915868258979,39.86318236333123,14,0.876,1
43.78,GT-0097,6278.73053158857,13009.157826261786,-67.24856214850874,-74.64959666171686,39.95146095012639,14,0.949,2
44.62,GT-0097,6222.241739383822,12946.452165065944,-67.24856214850874,-74.64959666171686,40.15154534994955,14,0.92,2
44.65,GT-0004,4750.7574945600045,9856.269310596086,96.79289140160259,-0.8394794904183271,40.6131826255416,14,0.967,3
44.65,GT-0097,6220.224282519367,12944.212677166093,-67.24856214850874,-74.64959666171686,40.1601457034004,14,0.893,2
44.8,GT-0004,4765.276428270245,9856.143388672523,96.79289140160259,-0.8394794904183271,40.68139628554482,14,0.938,3
44.8,GT-0097,6301.389950891114,13014.443911920023,-62.0113089058983,-78.66364620866379,39.671436689659394,14,0.989,2
45.48,GT-0004,4831.095594423335,9855.572542619038,96.79289140160259,-0.8394794904183271,41.03280605550522,14,0.91,3
45.48,GT-0076,4292.596507142235,10211.620733346823,96.5102718214323,-0.6509125621323051,94.6423776709422,11,0.898,2
45.48,GT-0097,6259.222260835103,12960.952632498133,-62.0113089058983,-78.66364620866379,39.67532610007519,14,0.959,2
46.31,GT-0004,4911.433694286666,9854.87577464199,96.79289140160259,-0.8394794904183271,41.561700259801505,14,0.883,3
46.31,GT-0076,4372.7000327540245,10211.080475920253,96.5102718214323,-0.6509125621323051,95.30360724602548,11,0.871,2
46.31,GT-0097,6207.7528744432075,12895.66180614494,-62.0113089058983,-78.66364620866379,39.69850759845699,14,0.931,2
46.56,GT-0004,4935.624371372847,9854.693508328357,96.79797816905709,-0.8333437949962672,41.74847105309735,14,0.979,3
46.56,GT-0097,6192.250047216733,12875.995894592776,-62.0113089058983,-78.66364620866379,39.711451342945395,14,0.903,2
46.94,GT-0004,4972.407603077088,9854.376837686259,96.79797816905709,-0.8333437949962672,42.044944409060825,14,0.95,3
46.94,GT-0097,6079.27098276007,12787.461731566593,-56.48991947541762,-82.17602949834955,39.671299615980445,14,0.99,2
47.27,GT-0004,5004.350935872878,9854.10183423391,96.79797816905709,-0.8333437949962672,42.323545941354205,14,0.921,3
47.27,GT-0097,6060.629309333182,12760.343641832136,-56.48991947541762,-82.17602949834955,39.672055696706764,14,0.96,2
48.04,GT-0004,5078.885379063052,9853.460159511764,96.79797816905709,-0.8333437949962672,43.05261891431625,14,0.893,3
48.04,GT-0097,6017.1320713371115,12697.068099118407,-56.48991947541762,-82.17602949834955,39.6835773160355,14,0.931,2
48.27,GT-0004,5101.148914041935,9853.268490438915,96.79797816905709,-0.8333437949962672,43.29240358013641,14,0.867,3
48.27,GT-0097,6004.139389857765,12678.167612333786,-56.48991947541762,-82.17602949834955,39.690951687326866,14,0.903,2
48.28,GT-0097,6003.584709658693,12677.335160575914,-56.48678241776028,-82.18286116766937,39.70473793651363,14,0.982,2
48.84,GT-0004,5006.2504845203175,9895.864120740123,97.73127061294491,-0.29195096084453254,39.672394513298876,14,0.985,3
48.84,GT-0097,5971.952111504747,12631.31275832202,-56.48678241776028,-82.18286116766937,39.733407976524084,14,0.952,2
49.36,GT-0004,5057.070745239049,9895.712306240484,97.73127061294491,-0.29195096084453254,39.6745041669138,14,0.955,3
49.36,GT-0076,4631.493066074716,10191.634929738582,97.32333822994563,-1.1915617757139079,91.73796124749825,11,0.943,2
49.36,GT-0097,5942.578984647512,12588.577670514831,-56.48678241776028,-82.18286116766937,39.77641847201659,14,0.924,2
50.36,GT-0004,5154.802015851994,9895.42035527964,97.73127061294491,-0.29195096084453254,39.69996129679265,14,0.927,3
50.36,GT-0076,4728.816404304662,10190.44336796287,97.32333822994563,-1.1915617757139079,91.75272202538073,11,0.915,2
50.36,GT-0097,5879.546781270106,12497.468390513171,-52.62567307865754,-85.58066358433689,39.6713537685202,14,0.991,2
50.47,GT-0004,5165.552455619418,9895.388240673949,97.73127061294491,-0.29195096084453254,39.705314461916394,14,0.899,3
50.47,GT-0076,4739.521971509956,10190.31229616754,97.32333822994563,-1.1915617757139079,91.75637021624414,11,0.888,2
50.47,GT-0097,5873.757957231454,12488.054517518894,-52.62567307865754,-85.58066358433689,39.67142840477815,14,0.962,2
50.53,GT-0004,5275.539499212311,9845.74659754984,97.22943983360247,-1.272965674623888,39.67129321483736,14,0.989,3
50.53,GT-0076,4745.361371803752,10190.240802460998,97.32333822994563,-1.1915617757139079,91.7585508835675,11,0.861,2
50.53,GT-0097,5870.600416846735,12482.919677703834,-52.62567307865754,-85.58066358433689,39.671537364731655,14,0.933,2
50.57,GT-0004,5279.428676805655,9845.695678922855,97.22943983360247,-1.272965674623888,39.671302758937806,14,0.96,3
50.57,GT-0097,5868.495389923589,12479.496451160461,-52.62567307865754,-85.58066358433689,39.67164029786456,14,0.905,2
50.57,GT-0114,5404.54005831659,12663.453423252917,-55.04636210748081,-88.38166400531415,91.77384471261576,11,0.932,1
51.71,GT-0004,5390.270238215962,9844.244498053784,97.22943983360247,-1.272965674623888,39.68588468424005,14,0.931,3
51.71,GT-0097,5808.502122613919,12381.934494674317,-52.62567307865754,-85.58066358433689,39.69176415374529,14,0.878,2
51.71,GT-0114,5341.787205514062,12562.698326286858,-55.04636210748081,-88.38166400531415,91.79311526780302,11,0.904,1
51.81,GT-0004,5399.993182199322,9844.117201486322,97.22943983360247,-1.272965674623888,39.68914884392519,14,0.903,3
51.81,GT-0097,5803.235641875296,12373.304493655678,-52.61895958519544,-85.58455409506286,39.70426929160867,14,0.983,2
51.81,GT-0114,5336.282569303315,12553.860159886326,-55.04636210748081,-88.38166400531415,91.79692153282211,11,0.877,1
52.52,GT-0004,5468.995971556156,9843.226772711987,97.23216701841518,-1.2771638622665087,39.73461434745914,14,0.986,3
52.52,GT-0097,5765.876180569808,12312.539460248183,-52.61895958519544,-85.58455409506286,39.747810021034624,14,0.954,2
52.52,GT-0114,5297.199652207003,12491.109178442553,-55.04636210748081,-88.38166400531415,91.83578728536884,11,0.851,1
52.56,GT-0004,5472.885258236893,9843.175686157496,97.23216701841518,-1.2771638622665087,39.737525561624736,14,0.956,3
52.56,GT-0097,5763.7714221864,12309.11607808438,-52.61895958519544,-85.58455409506286,39.75115646767747,14,0.925,2
52.78,GT-0004,5494.280488628432,9842.89966467557,97.23261039686359,-1.2780339158133636,39.7749060983728,14,0.978,4
52.78,GT-0097,5752.195251077657,12290.287476183466,-52.61895958519544,-85.58455409506286,39.77149477084967,14,0.897,2
53.59,GT-0004,5573.038903049892,9841.864457203761,97.23261039686359,-1.2780339158133636,39.870636773280985,14,0.948,4
53.59,GT-0097,5709.573893813649,12220.963987366466,-52.61895958519544,-85.58455409506286,39.878219900151635,14,0.87,2
53.73,GT-0004,5586.651468505452,9841.685532455547,97.23261039686359,-1.2780339158133636,39.89261298741415,14,0.92,4
53.73,GT-0076,5056.751167033086,10186.38165000579,97.32098265003224,-1.1916816540898338,92.17054000980825,11,0.911,2
53.84,GT-0004,5597.3470556491075,9841.544948724808,97.23261039686359,-1.2780339158133636,39.91112026682704,14,0.892,4
53.84,GT-0076,5067.45647512459,10186.25056502384,97.32098265003224,-1.1916816540898338,92.19460502112655,11,0.883,2
53.84,GT-0097,5696.500099278599,12199.545828289105,-52.59612800529497,-85.5923366532748,39.930161046325956,14,0.979,2
54.41,GT-0004,5652.769643575319,9840.816469392794,97.23261039686359,-1.2780339158133636,40.02576218135518,14,0.866,4
54.41,GT-0076,5122.929435235107,10185.571306481008,97.32098265003224,-1.1916816540898338,92.33384834541796,11,0.857,2
54.41,GT-0097,5666.520306315581,12150.758196396739,-52.59612800529497,-85.5923366532748,40.05414941532164,14,0.95,2
54.69,GT-0004,5679.976140921041,9840.463238800809,97.2316480281118,-1.2833803058007618,40.10689042999102,14,0.977,4
54.69,GT-0097,5651.7933904740985,12126.792342133822,-52.59612800529497,-85.5923366532748,40.12788273924328,14,0.921,2
55.0,GT-0004,5710.117951809756,9840.065390906011,97.2316480281118,-1.2833803058007618,40.19304830408273,14,0.947,4
55.0,GT-0097,5635.488590792457,12100.258717771307,-52.59612800529497,-85.5923366532748,40.22017957608689,14,0.894,2
55.0,GT-0114,5160.81192652083,12271.97052750312,-55.0387007163572,-88.37783184117991,92.21850003212136,11,0.908,1
55.75,GT-0004,5783.04168783084,9839.102855676661,97.2316480281118,-1.2833803058007618,40.45029246627009,14,0.919,4
55.75,GT-0097,5596.149607248162,12035.970068359398,-52.555856012848736,-85.61616841673754,40.504555243798556,14,0.981,2
55.75,GT-0114,5119.532900983562,12205.687153622235,-55.0387007163572,-88.37783184117991,92.4038847462593,11,0.881,1
56.56,GT-0004,5861.79932273361,9838.063317628963,97.2316480281118,-1.2833803058007618,40.81405350452689,14,0.891,4
56.56,GT-0097,5553.579363877755,11966.62097194184,-52.555856012848736,-85.61616841673754,40.8866331513196,14,0.951,2
56.56,GT-0114,5074.951553403313,12134.101109830879,-55.0387007163572,-88.37783184117991,92.65513058415563,11,0.855,1
57.05,GT-0004,5908.318778633503,9838.2138968524,97.03569083117216,-1.1686295164168143,41.07779483697287,14,0.985,4
57.05,GT-0097,5527.82699443146,11924.66904941764,-52.555856012848736,-85.61616841673754,41.16630483852606,14,0.923,2
57.49,GT-0004,5951.014482599219,9837.699699865176,97.03569083117216,-1.1686295164168143,41.32300748455961,14,0.955,4
57.49,GT-0097,5504.702417785806,11886.997935314275,-52.555856012848736,-85.61616841673754,41.45075315259015,14,0.895,2
58.01,GT-0004,6001.473041831428,9837.09201251664,97.03569083117216,-1.1686295164168143,41.65135332535417,14,0.926,4
58.01,GT-0097,5477.3733726591245,11842.477527737572,-52.555856012848736,-85.61616841673754,41.82953278692766,14,0.868,2
58.59,GT-0004,6057.753742513509,9836.414207397118,97.03569083117216,-1.1686295164168143,42.06959667043979,14,0.899,4
58.79,GT-0004,6077.160880679743,9836.180481493835,97.03569083117216,-1.1686295164168143,42.22705926087802,14,0.872,4
58.79,GT-0138,5467.407005528098,11776.53267801243,-36.66604256952646,-94.36577587979852,39.6712878903006,14,0.974,1
59.41,GT-0004,6137.9156553092225,9834.958009662043,97.52651779869173,-1.5111892760852328,42.34114237303793,14,0.982,4
59.41,GT-0138,5444.674059134992,11718.025896966956,-36.66604256952646,-94.36577587979852,39.674414224114905,14,0.945,1
59.57,GT-0004,6153.519898157014,9834.71621937787,97.52651779869173,-1.5111892760852328,42.423354225812815,14,0.953,4
59.57,GT-0138,5438.807492323867,11702.927372826187,-36.66604256952646,-94.36577587979852,39.676642999038336,14,0.917,1
59.95,GT-0004,6190.579974920517,9834.141967452957,97.52651779869173,-1.5111892760852328,42.63041553596601,14,0.924,4
59.95,GT-0138,5424.874396147447,11667.068377991864,-36.66604256952646,-94.36577587979852,39.68527322083474,14,0.889,1
60.12,GT-0004,6207.159482946294,9833.885065276023,97.52651779869173,-1.5111892760852328,42.728638850198024,14,0.897,4
60.12,GT-0076,5678.924199995854,10178.75378899385,97.33007735199448,-1.1885898144154652,95.45294100174326,11,0.911,2
60.12,GT-0138,5418.641168910628,11651.026196092298,-36.66604256952646,-94.36577587979852,39.69093270870451,14,0.862,1
60.69,GT-0004,6262.749598091548,9833.023687388655,97.52651779869173,-1.5111892760852328,43.08464139729034,14,0.87,4
60.69,GT-0076,5734.402344086491,10178.076292799633,97.33007735199448,-1.1885898144154652,95.96898340607991,11,0.883,2
60.93,GT-0004,6283.288110929425,9834.25288393097,97.40267984125597,-1.5491578653340952,43.11126110595546,14,0.982,4
60.93,GT-0076,5757.7615626509705,10177.791031244173,97.33007735199448,-1.1885898144154652,96.19911118678125,11,0.857,2
61.76,GT-0004,6364.132335197667,9832.967082902744,97.40267984125597,-1.5491578653340952,43.55372523697928,14,0.953,4
62.67,GT-0004,6452.76877385321,9831.55734924529,97.40267984125597,-1.5491578653340952,44.13308659227218,14,0.924,4
62.67,GT-0148,5773.115220747027,12031.322103596422,43.176930654846586,86.68152468687173,160.417326870666,9,0.868,1
63.32,GT-0004,6518.0478901914985,9835.102720887951,97.56803284703798,-1.6039135906493698,44.278013537072525,14,0.988,4
63.71,GT-0004,6556.099423001843,9834.477194587598,97.56803284703798,-1.6039135906493698,44.46482323925014,14,0.959,4
63.89,GT-0004,6573.66166891431,9834.188490141281,97.56803284703798,-1.6039135906493698,44.55613252073849,14,0.93,4
63.89,GT-0148,5825.774108568568,12137.106385583193,43.17666467306329,86.68085003396817,160.52460190358536,9,0.923,2
64.02,GT-0004,6586.345513184425,9833.979981374498,97.56803284703798,-1.6039135906493698,44.62416682965277,14,0.902,4
64.02,GT-0148,5831.387074976066,12148.374896087607,43.17666467306329,86.68085003396817,160.5327279418344,9,0.895,2
64.09,GT-0004,6593.175275483718,9833.867707423153,97.56803284703798,-1.6039135906493698,44.66154293671312,14,0.875,4
64.09,GT-0148,5834.409441503181,12154.442555589985,43.17666467306329,86.68085003396817,160.53747340198146,9,0.868,2
64.13,GT-0148,5836.109311924609,12157.924544237412,43.17680654328636,86.68012275159266,160.61832337492459,9,0.931,3
64.58,GT-0148,5713.016835814516,12094.321526848167,50.79047655947179,86.53746168640758,160.41747700813661,9,0.977,3
65.46,GT-0004,6726.8211979024945,9831.704680621657,97.57123041837725,-1.6020361492093684,45.51158314112743,14,0.97,4
65.46,GT-0148,5757.712455186851,12170.474493132206,50.79047655947179,86.53746168640758,160.4355087829202,9,0.947,3
65.8,GT-0004,6759.995416244743,9831.159988330926,97.57123041837725,-1.6020361492093684,45.75683642849834,13,0.941,4
65.8,GT-0076,6273.752819342402,10108.9761000708,96.8660050944586,-0.5256968541811258,69.38843029529298,12,0.943,2
65.8,GT-0148,5774.981217217071,12199.897230105584,50.79047655947179,86.53746168640758,160.4526219518679,9,0.919,3
65.89,GT-0004,6768.776826982397,9831.015805077497,97.57123041837725,-1.6020361492093684,45.82436642121062,13,0.913,4
65.89,GT-0076,6282.470759800904,10108.928787353923,96.8660050944586,-0.5256968541811258,69.38851883568422,12,0.915,2
65.89,GT-0148,5779.51438442548,12207.61542450891,50.7900909810861,86.53793010715908,160.53613534291904,9,0.953,4
66.69,GT-0004,6846.8338113170985,9829.73417615813,97.57123041837725,-1.6020361492093684,46.474819111752275,13,0.886,4
66.69,GT-0076,6359.96356387647,10108.508229870578,96.8660050944586,-0.5256968541811258,69.39784608430784,12,0.888,2
66.69,GT-0148,5886.144869725386,12498.804259590925,51.08451541396436,88.1299864084093,69.4007175102136,12,0.989,4
67.49,GT-0004,6920.837132278048,9825.33475873329,97.08584509945135,-1.8078150632997563,47.154773489669665,13,0.979,4
67.49,GT-0076,6437.456367952037,10108.087672387233,96.8660050944586,-0.5256968541811258,69.42771371889198,12,0.861,2
67.49,GT-0148,5927.012482056558,12569.308248717653,51.08451541396436,88.1299864084093,69.40812133271535,12,0.959,4
68.07,GT-0004,6977.14692243573,9824.286225996577,97.08584509945135,-1.8078150632997563,47.66368018763268,13,0.95,4
68.07,GT-0148,5956.538782685808,12620.510262697057,51.08359877258493,88.1279366709029,69.448871432954,12,0.985,4
68.11,GT-0004,6981.030356239708,9824.213913394045,97.08584509945135,-1.8078150632997563,47.700557532490436,13,0.921,4
68.11,GT-0148,5958.582126636711,12624.035380163894,51.08359877258493,88.1279366709029,69.4505150538001,12,0.956,4
68.37,GT-0004,7006.272675965566,9823.743881477587,97.08584509945135,-1.8078150632997563,47.946004736469774,13,0.894,4
68.37,GT-0148,5971.863862317584,12646.94864369833,51.08359877258493,88.1279366709029,69.46278780966247,12,0.927,4
68.61,GT-0004,7029.573278789434,9823.310005862395,97.08584509945135,-1.8078150632997563,48.18153893892608,13,0.867,4
68.61,GT-0148,5939.699565446284,12576.16468570065,56.29983837966756,86.35522410820283,52.4716859682955,13,0.988,4
69.87,GT-0004,7148.321624197988,9828.05291957926,97.39779118322704,-1.6815896944972621,47.645841244090484,13,0.982,4
69.87,GT-0148,6010.6373618046655,12684.972268076986,56.29983837966756,86.35522410820283,52.489624940875885,13,0.959,4
70.51,GT-0004,7210.656210555253,9826.976702174783,97.39779118322704,-1.6815896944972621,47.89102074387375,13,0.952,4
70.51,GT-0148,6046.669258367653,12740.239611506237,56.29983837966756,86.35522410820283,52.519789442343864,13,0.93,4
70.52,GT-0004,7211.630188467085,9826.959886277838,97.39779118322704,-1.6815896944972621,47.8950887345103,13,0.924,4
70.52,GT-0148,6025.606740283464,12740.344974401158,54.1636607208568,81.1189110070473,39.67983892532993,14,0.992,4
71.57,GT-0004,7313.897869209472,9825.194217098617,97.39779118322704,-1.6815896944972621,48.36874891171516,13,0.896,4
71.57,GT-0076,6832.6128932473,10105.985251447324,96.86275465154648,-0.5228819789751498,70.18948708066135,12,0.931,2
71.57,GT-0148,6082.478584040364,12825.519830958558,54.1636607208568,81.1189110070473,39.69078641867455,14,0.962,4
71.72,GT-0004,7322.0944141005475,9828.421062654541,96.82055174188068,-0.9868165647162357,48.29840666193474,13,0.985,4
71.72,GT-0076,6847.142306445033,10105.906819150478,96.86275465154648,-0.5228819789751498,70.2426454585742,12,0.904,2
71.72,GT-0148,6090.603133148493,12837.687667609614,54.1636607208568,81.1189110070473,39.69504267843862,14,0.933,4
72.51,GT-0004,7398.582649976634,9827.641477568415,96.82055174188068,-0.9868165647162357,48.58672071242325,13,0.956,4
72.51,GT-0076,6923.663882619755,10105.493742387087,96.86275465154648,-0.5228819789751498,70.56124972282699,12,0.876,2
72.51,GT-0148,6119.659716138716,12917.772887973962,59.95376731772699,78.90117271391222,39.67130524010784,14,0.992,4
72.89,GT-0004,7435.374459638548,9827.266487273822,96.82055174188068,-0.9868165647162357,48.743826611621145,13,0.927,4
72.89,GT-0076,6960.471729387342,10105.295047235077,96.86275465154648,-0.5228819789751498,70.73884060779784,12,0.85,2
72.89,GT-0148,6142.442147719452,12947.755333605248,59.95376731772699,78.90117271391222,39.67233698615429,14,0.962,4
73.01,GT-0004,7446.992925847574,9827.148069286057,96.82055174188068,-0.9868165647162357,48.796163365147976,13,0.899,4
73.01,GT-0148,6149.636599797579,12957.223474330918,59.95376731772699,78.90117271391222,39.67321546178003,14,0.934,4
73.11,GT-0004,7456.674981021762,9827.049387629586,96.82055174188068,-0.9868165647162357,48.840816030140175,13,0.872,4
73.11,GT-0148,6155.631976529351,12965.113591602309,59.95376731772699,78.90117271391222,39.674205600400995,14,0.906,4
73.62,GT-0004,7489.938295530202,9836.75074806423,95.71929154195705,0.4060889033007676,39.67756674377567,14,0.987,4
73.62,GT-0148,6186.208397861392,13005.353189686404,59.95376731772699,78.90117271391222,39.68385772505143,14,0.878,4
74.02,GT-0004,7528.2260121469835,9836.913183625551,95.71929154195705,0.4060889033007676,39.67873166797913,14,0.958,4
74.02,GT-0148,6210.189904788482,13036.913658771968,59.95376731772699,78.90117271391222,39.698353645760896,14,0.852,4
74.32,GT-0004,7556.941799609571,9837.03501029654,95.71929154195705,0.4060889033007676,39.68173345604265,14,0.929,4
74.32,GT-0148,6250.552739488498,13029.93679350469,61.68618713636564,75.66473711169994,39.671293770327814,14,0.986,4
74.35,GT-0004,7559.81337835583,9837.047192963639,95.71929154195705,0.4060889033007676,39.68216429801526,14,0.901,4
74.35,GT-0148,6252.41226625696,13032.23641024967,61.686076190398865,75.66432249398515,39.69003933078425,14,0.989,4
75.05,GT-0004,7626.8168824352,9837.331455195948,95.71929154195705,0.4060889033007676,39.701168243817904,14,0.874,4
75.05,GT-0148,6295.592519590239,13085.201435995461,61.686076190398865,75.66432249398515,39.694616095921035,14,0.96,4
75.78,GT-0004,7696.659758884524,9837.589498909228,95.7154034013864,0.3975941637985194,39.75398265266029,14,0.983,4
75.78,GT-0148,6340.623355209231,13140.436391416071,61.686076190398865,75.66432249398515,39.7148727738511,14,0.931,4
76.04,GT-0004,7721.545763768885,9837.692873391816,95.7154034013864,0.3975941637985194,39.7776361083469,14,0.953,4
76.04,GT-0076,7265.598814521406,10103.739771891289,96.8557693278319,-0.5194593265052276,72.93525573543641,12,0.914,2
76.04,GT-0148,6356.661735018735,13160.109115264508,61.686076190398865,75.66432249398515,39.72772640796948,14,0.903,4
76.43,GT-0004,7758.874771095426,9837.847935115697,95.7154034013864,0.3975941637985194,39.822304364770105,14,0.925,4
76.43,GT-0076,7303.37256455926,10103.537182753951,96.8557693278319,-0.5194593265052276,73.29962792974185,12,0.887,2
76.43,GT-0148,6380.719304732991,13189.618201037161,61.686076190398865,75.66432249398515,39.7540182061389,14,0.876,4
76.43,GT-0175,6036.201361299101,13591.159476464822,64.47896429725972,77.89518229995645,91.97716591020604,11,0.885,1
76.78,GT-0004,7792.375162285911,9837.987093073027,95.7154034013864,0.3975941637985194,39.872833954420024,14,0.897,4
76.78,GT-0076,7337.272083824001,10103.355371989674,96.8557693278319,-0.5194593265052276,73.64609524676183,12,0.86,2
76.78,GT-0148,6444.3720076128675,13291.825223067714,65.62151277892217,78.04323504905311,39.6713254763808,14,0.988,4
76.78,GT-0175,6058.768998803142,13618.422790269806,64.47896429725972,77.89518229995645,92.03368329544546,11,0.859,1
77.14,GT-0004,7826.83270751041,9838.130226971994,95.7154034013864,0.3975941637985194,39.93624543141941,14,0.87,4
77.14,GT-0148,6467.995752213279,13319.920787685372,65.62151277892217,78.04323504905311,39.67224181294297,14,0.958,4
78.39,GT-0004,7946.441651353006,9838.612535572689,95.72082126245564,0.3908183525103084,40.26734724080002,14,0.982,4
78.39,GT-0148,6550.022643186931,13417.47483149669,65.62151277892217,78.04323504905311,39.70316507641892,14,0.929,4
78.8,GT-0004,7985.687188070612,9838.772771097218,95.72082126245564,0.3908183525103084,40.41411826857363,14,0.953,4
78.8,GT-0148,6576.927463426289,13449.4725578668,65.62151277892217,78.04323504905311,39.7284457064602,14,0.901,4
79.17,GT-0004,8021.1038919377215,9838.917373887647,95.72082126245564,0.3908183525103084,40.56592431531618,14,0.924,4
79.17,GT-0148,6601.207423154491,13478.34855483495,65.62151277892217,78.04323504905311,39.76011780685591,14,0.874,4
79.41,GT-0004,8044.076889040711,9839.01117029225,95.72082126245564,0.3908183525103084,40.67472327619686,14,0.896,4
79.41,GT-0148,6616.979112742892,13497.05243250395,65.64058504140044,78.01978620134003,39.79392520713994,14,0.983,4
80.63,GT-0004,8160.856290980906,9839.487968682311,95.72082126245564,0.3908183525103084,41.363916120568035,14,0.869,4
80.63,GT-0148,6697.0606264934,13592.236571669584,65.64058504140044,78.01978620134003,39.999014399020645,14,0.953,4
80.63,GT-0174,6107.031135538882,7215.080103206206,-79.70068765225322,4.3384269344384485,374.69127829579304,6,0.899,4
80.64,GT-0148,6697.717032343815,13593.016769531598,65.64058504140044,78.01978620134003,40.00128686947606,14,0.925,4
80.64,GT-0174,6106.23412866236,7215.123487475551,-79.70068765225322,4.3384269344384485,374.6999964275293,6,0.872,4
80.64,GT-0175,6307.678066970779,13919.153034021136,64.50473892707754,77.87604196292503,93.30680212036124,11,0.936,1
80.67,GT-0076,7725.428728442236,10121.010248048997,97.60829399254936,-0.5322046037074415,76.99693082458683,12,0.942,2
80.67,GT-0148,6699.686249895057,13595.357363117639,65.64058504140044,78.01978620134003,40.008167917287274,14,0.897,4
80.67,GT-0175,6309.613209138591,13921.489315280023,64.50473892707754,77.87604196292503,93.32190423496965,11,0.907,1
81.64,GT-0076,7820.108773615009,10120.4940095834,97.60829399254936,-0.5322046037074415,77.84803916153216,12,0.914,2
81.64,GT-0148,6763.357617385215,13671.036555732939,65.64058504140044,78.01978620134003,40.28581925602662,14,0.87,4
81.64,GT-0175,6372.182805897856,13997.029075984061,64.50473892707754,77.87604196292503,93.86210187962034,11,0.88,1
82.03,GT-0004,8295.072532847593,9840.225560307039,95.75375037222916,0.39589697647613775,42.46583628386817,14,0.966,5
82.03,GT-0076,7858.176008272104,10120.286449787955,97.60829399254936,-0.5322046037074415,78.21977845405738,12,0.886,2
82.03,GT-0175,6397.3396540794165,14027.400732349603,64.50473892707754,77.87604196292503,94.10873989514302,11,0.854,1
82.85,GT-0004,8373.59060815282,9840.55019582775,95.75375037222916,0.39589697647613775,43.26266200361384,14,0.937,5
82.85,GT-0076,7938.214809345994,10119.850042012915,97.60829399254936,-0.5322046037074415,79.05975942234048,12,0.86,2
83.99,GT-0004,8482.74988357716,9841.001518380932,95.75375037222916,0.39589697647613775,44.587001830880865,14,0.909,5
83.99,GT-0076,8049.4340237414535,10119.386203865051,97.60277637499634,-0.517200843939662,80.37389130817843,11,0.965,2
84.03,GT-0004,8486.58003359205,9841.017354259991,95.75375037222916,0.39589697647613775,44.63816661606272,14,0.882,5
84.03,GT-0076,8053.338134796454,10119.365515831294,97.60277637499634,-0.517200843939662,80.42263415539996,11,0.936,2
84.03,GT-0202,6941.6042205033455,13762.417437568989,77.12873516595066,67.92331944439809,52.47166669813004,13,0.951,1
84.27,GT-0004,8509.560933681385,9841.112369534345,95.75375037222916,0.39589697647613775,44.95193525067208,14,0.855,5
84.27,GT-0076,8076.762801126452,10119.241387628748,97.60277637499634,-0.517200843939662,80.71951294606811,11,0.908,2
84.27,GT-0202,6960.115116943173,13778.719034235644,77.12873516595066,67.92331944439809,52.47213380181193,13,0.923,1
84.51,GT-0004,8551.813474560486,9801.873106742185,96.53874556606442,-0.8544396078066357,39.67275153429026,14,0.986,5
84.51,GT-0076,8100.187467456452,10119.117259426203,97.60277637499634,-0.517200843939662,81.02403453207184,11,0.881,2
84.51,GT-0202,6978.626013383002,13795.0206309023,77.12873516595066,67.92331944439809,52.473704182607925,13,0.895,1
84.91,GT-0004,8590.42897278691,9801.531330899063,96.53874556606442,-0.8544396078066357,39.673925893598344,14,0.956,5
84.91,GT-0076,8139.22857800645,10118.910379088627,97.60277637499634,-0.517200843939662,81.54878139813216,11,0.854,2
84.91,GT-0202,7009.477507449382,13822.18995868006,77.12873516595066,67.92331944439809,52.47948836935477,13,0.868,1
85.49,GT-0004,8646.421445215228,9801.035755926534,96.53874556606442,-0.8544396078066357,39.68205764028553,14,0.928,5
86.02,GT-0004,8697.586980365242,9800.582902934397,96.53874556606442,-0.8544396078066357,39.699868190756995,14,0.9,5
86.09,GT-0004,8704.344692554867,9800.52309216185,96.53874556606442,-0.8544396078066357,39.70316896835506,14,0.873,5
86.09,GT-0202,7140.706684919571,13836.025424718871,78.56514807132011,61.59646906492147,52.460382684351316,13,0.976,1
86.35,GT-0004,8696.448422482308,9833.512818182533,96.53126699269642,0.09114526994842016,39.6712957084206,14,0.987,5
86.35,GT-0202,7161.1336234181135,13852.04050667575,78.56514807132011,61.59646906492147,52.4609364149798,13,0.947,1
86.5,GT-0004,8710.928112531214,9833.526489973025,96.53126699269642,0.09114526994842016,39.67143578649183,14,0.958,5
86.5,GT-0202,7172.918395628812,13861.279977035489,78.56514807132011,61.59646906492147,52.46183519527253,13,0.919,1
86.5,GT-0216,6811.801067777896,14320.14141582511,80.94691189662073,62.23637645407648,69.40599986149485,12,0.888,2
87.12,GT-0004,8770.777498066685,9833.583000040393,96.53126699269642,0.09114526994842016,39.67649219796851,14,0.929,5
87.12,GT-0202,7221.62878743303,13899.46978785574,78.56514807132011,61.59646906492147,52.47160839811627,13,0.891,1
87.12,GT-0216,6861.988153153801,14358.727969226638,80.94691189662073,62.23637645407648,69.41837269129012,12,0.861,2
88.06,GT-0004,8861.518985059924,9833.727421774238,96.5318664874411,0.08979625618742659,39.72181976685801,14,0.986,5
88.06,GT-0202,7295.480026620071,13957.370468776766,78.56514807132011,61.59646906492147,52.51298106954232,13,0.864,1
88.54,GT-0004,8907.854280973896,9833.770523977208,96.5318664874411,0.08979625618742659,39.75518327074143,14,0.956,5
88.54,GT-0202,7333.14954267967,13986.913001185723,78.57437629809542,61.586242355618644,52.56193827377689,13,0.976,1
88.83,GT-0004,8935.848522255254,9833.796564891501,96.5318664874411,0.08979625618742659,39.78252022645094,14,0.927,5
88.83,GT-0202,7355.936111806117,14004.773011468853,78.57437629809542,61.586242355618644,52.59142782350645,13,0.947,1
88.96,GT-0004,8948.39766489862,9833.808238404807,96.5318664874411,0.08979625618742659,39.79673257286855,14,0.899,5
88.96,GT-0202,7366.150780724869,14012.779222975083,78.57437629809542,61.586242355618644,52.60643083461385,13,0.919,1
89.01,GT-0004,8953.224258222994,9833.812728217616,96.5318664874411,0.08979625618742659,39.80253889454084,14,0.872,5
89.01,GT-0076,8563.01158486689,10135.262409854924,97.87817336246906,-0.012662786508499835,83.39901990562528,11,0.931,2
89.01,GT-0202,7370.079499539775,14015.858535092864,78.57437629809542,61.586242355618644,52.612508323597346,13,0.891,1
89.48,GT-0076,8609.014326347251,10135.256458345266,97.87817336246906,-0.012662786508499835,83.70514674651193,11,0.903,2
89.48,GT-0202,7407.009456399879,14044.804069000005,78.57437629809542,61.586242355618644,52.6784657004753,13,0.864,1
89.48,GT-0216,7076.823165794761,14391.04297906484,81.56656949368264,55.623105724219016,69.37240311879889,12,0.959,2
90.13,GT-0076,8672.635139032855,10135.248227534035,97.87817336246906,-0.012662786508499835,84.157242950114,11,0.876,2
90.13,GT-0202,7422.26368656842,14100.445596444279,83.14214376933396,53.452403174653,52.46044759190073,13,0.982,1
90.13,GT-0216,7129.841435965654,14427.19799778558,81.56656949368264,55.623105724219016,69.3771643288813,12,0.93,2
90.29,GT-0004,9076.777560003151,9833.938287106945,96.52639507787194,0.0951759302398969,40.038121459127204,14,0.97,5
90.29,GT-0202,7435.566429571514,14108.997980952223,83.14214376933396,53.452403174653,52.46065276316121,13,0.952,1
90.29,GT-0216,7142.892087084643,14436.097694701457,81.56656949368264,55.623105724219016,69.38004029786829,12,0.902,2
90.52,GT-0004,9098.97863087106,9833.9601775709,96.52639507787194,0.0951759302398969,40.09533774923858,14,0.941,5
90.52,GT-0202,7454.6891226384605,14121.292033682392,83.14214376933396,53.452403174653,52.46175853833022,13,0.924,1
90.52,GT-0216,7161.6523980681895,14448.891009018027,81.56656949368264,55.623105724219016,69.38557769008455,12,0.875,2
92.04,GT-0004,9274.503411347392,9810.377108217093,96.17388977229615,3.1768557761148597,39.67154362142838,14,0.993,5
92.04,GT-0202,7581.065181167849,14202.539686507866,83.14214376933396,53.452403174653,52.509230237009845,13,0.896,1
92.11,GT-0004,9281.235583631453,9810.599488121421,96.17388977229615,3.1768557761148597,39.67157442077274,14,0.963,5
92.11,GT-0202,7531.499366580573,14260.6998506446,86.91470542531188,53.22893586523214,52.4603701563377,13,0.985,1
92.2,GT-0004,9289.89123371096,9810.88540514127,96.17388977229615,3.1768557761148597,39.671707349898206,14,0.934,5
92.2,GT-0076,8875.28059482059,10135.224375800766,97.88047651651324,-0.014028296919789796,85.88942365563216,11,0.908,3
92.2,GT-0202,7539.321690068851,14265.490454872472,86.91470542531188,53.22893586523214,52.46043320456982,13,0.955,1
92.42,GT-0004,9311.049489460866,9811.584313412017,96.17388977229615,3.1768557761148597,39.67258317521585,14,0.906,5
92.42,GT-0076,8896.814299654223,10135.221289575444,97.88047651651324,-0.014028296919789796,86.09390950718668,11,0.881,3
92.42,GT-0202,7558.4429252624195,14277.200820762822,86.91470542531188,53.22893586523214,52.461171261852286,13,0.927,1
93.34,GT-0004,9399.529468051378,9814.507020726043,96.17388977229615,3.1768557761148597,39.69013293797715,14,0.879,5
93.34,GT-0076,8986.744682552464,10135.485581162278,97.87955618993934,-0.004400519502240741,87.01491590224936,11,0.969,3
93.34,GT-0202,7638.404454253707,14326.171441758835,86.91470542531188,53.22893586523214,52.47733346669346,13,0.899,1
93.74,GT-0004,9438.018397473386,9815.801762337349,96.17350334106892,3.1753821274227754,39.71661517949497,14,0.983,5
93.74,GT-0076,9025.896505028439,10135.483820954478,97.87955618993934,-0.004400519502240741,87.43953056732835,11,0.94,3
93.74,GT-0202,7673.170336423831,14347.463016104928,86.91470542531188,53.22893586523214,52.493521392467784,13,0.872,1
93.76,GT-0004,9439.941867540208,9815.865269979897,96.17350334106892,3.1753821274227754,39.71772623430577,14,0.954,5
93.76,GT-0076,9027.854096152238,10135.483732944087,97.87955618993934,-0.004400519502240741,87.46124158575869,11,0.912,3
93.76,GT-0202,7684.637508299627,14343.138816658982,86.6209699645961,47.19032264890474,52.4603656765791,13,0.982,1
94.01,GT-0004,9463.985243375475,9816.659115511753,96.17350334106892,3.1753821274227754,39.733506353917356,14,0.925,5
94.01,GT-0076,9052.323985199722,10135.482632814212,97.87955618993934,-0.004400519502240741,87.736542793633,11,0.885,3
94.01,GT-0202,7706.292750790776,14354.936397321208,86.6209699645961,47.19032264890474,52.46087499723333,13,0.953,1
94.07,GT-0004,9469.755653575938,9816.849638439398,96.17350334106892,3.1753821274227754,39.73784038371322,14,0.897,5
94.07,GT-0076,9058.196758571117,10135.482368783041,97.87955618993934,-0.004400519502240741,87.80370064713091,11,0.858,3
94.07,GT-0202,7711.4900089886505,14357.767816680142,86.6209699645961,47.19032264890474,52.46116593856984,13,0.924,1
94.48,GT-0004,9509.186789945777,9818.151545111641,96.17350334106892,3.1753821274227754,39.77369497553782,14,0.87,5
94.48,GT-0202,7747.004606674136,14377.115848966194,86.6209699645961,47.19032264890474,52.46534246759244,13,0.897,1
94.66,GT-0202,7762.540485700539,14385.635101608483,86.62146730469713,47.18899756752192,52.4921870670948,13,0.968,2
95.53,GT-0202,7837.901162255625,14426.689529492227,86.62146730469713,47.18899756752192,52.52443064270336,13,0.939,2
95.53,GT-0216,7570.315557673941,14727.556688830815,81.56861968780589,55.62255471996396,70.28651013373228,12,0.854,2
95.91,GT-0202,7884.993770712396,14453.313810411728,89.65100042114614,42.778048412278544,39.679845919569765,14,0.993,2
95.98,GT-0004,9604.284221914226,9900.491185401628,94.9283627332324,1.6173097912098888,39.671376233234746,14,0.981,5
95.98,GT-0202,7891.269340741877,14456.308273800587,89.65100042114614,42.778048412278544,39.67987497825463,14,0.963,2
96.22,GT-0004,9627.067028970201,9900.879339751518,94.9283627332324,1.6173097912098888,39.67175770630388,14,0.952,5
96.22,GT-0202,7912.785580842952,14466.575005419534,89.65100042114614,42.778048412278544,39.68050355189454,14,0.934,2
97.57,GT-0004,9755.220318660064,9903.062707969651,94.9283627332324,1.6173097912098888,39.702231822891555,14,0.923,5
97.57,GT-0202,8033.814431411499,14524.32537077611,89.65100042114614,42.778048412278544,39.7142514253911,14,0.906,2
97.82,GT-0004,9778.952409343372,9903.467035417454,94.9283627332324,1.6173097912098888,39.716237318624685,14,0.895,5
97.82,GT-0202,8056.27167722491,14534.9495732869,89.65776309735222,42.778072125583904,39.73762007937372,14,0.986,2
98.29,GT-0004,9823.568739827993,9904.227171019324,94.9283627332324,1.6173097912098888,39.75256174751432,14,0.869,5
98.29,GT-0076,9480.291194948079,10149.337643486044,97.6265197029709,0.15135067883806386,88.53378315667604,11,0.938,3
98.29,GT-0202,8098.410825880666,14555.055267185924,89.65776309735222,42.778072125583904,39.77592747635401,14,0.957,2
98.32,GT-0076,9483.219990539166,10149.34218400641,97.6265197029709,0.15135067883806386,88.54574991432268,11,0.91,3
98.32,GT-0202,8101.100558773585,14556.33860934969,89.65776309735222,42.778072125583904,39.778874032694176,14,0.928,2
98.45,GT-0004,9838.731795191172,9904.414484434059,94.93479742937583,1.6226963425645664,39.77650019375447,14,0.979,5
98.45,GT-0076,9495.911438100553,10149.36185959466,97.6265197029709,0.15135067883806386,88.59820381378202,11,0.882,3
98.45,GT-0202,8112.756067976242,14561.899758726016,89.65776309735222,42.778072125583904,39.792391589086314,14,0.9,2
99.61,GT-0004,9948.856160209247,9906.296812191435,94.93479742937583,1.6226963425645664,39.95179417375705,14,0.95,5
99.61,GT-0076,9609.158200955999,10149.53742638211,97.6265197029709,0.15135067883806386,89.11269876687852,11,0.856,3
99.61,GT-0202,8216.75907316917,14611.522322391693,89.65776309735222,42.778072125583904,39.97491994770446,14,0.873,2
99.93,GT-0004,9979.235295386648,9906.816075021055,94.93479742937583,1.6226963425645664,40.02238362781636,14,0.921,5
100.22,GT-0004,10006.750147059252,9907.225867618856,94.93119217541798,1.6138863411264595,40.10236728239299,14,0.988,5
101.76,GT-0004,10152.944183009397,9909.711252584191,94.93119217541798,1.6138863411264595,40.6639843882786,14,0.958,5
101.83,GT-0004,10159.589366461674,9909.82422462807,94.93119217541798,1.6138863411264595,40.697215055421744,14,0.929,5
102.2,GT-0004,10194.71390756658,9910.421362574287,94.93119217541798,1.6138863411264595,40.885069407128206,14,0.902,5
102.23,GT-0004,10197.637887657567,9910.531065791392,94.94573307542896,1.6263734548066964,40.91016583916588,14,0.982,5
102.66,GT-0004,10238.464552880001,9911.230406376959,94.94573307542896,1.6263734548066964,41.1561422165418,14,0.952,5
102.66,GT-0076,9906.941299335747,10149.855152350874,97.62501169094743,0.15462802692424304,90.97075911046045,11,0.935,3
103.11,GT-0004,10281.190132763944,9911.962274431622,94.94573307542896,1.6263734548066964,41.445762824067316,14,0.924,5
103.11,GT-0076,9950.872554596674,10149.92473496299,97.62501169094743,0.15462802692424304,91.31400359699221,11,0.907,3
103.75,GT-0004,10341.955401932219,9913.003153442698,94.94573307542896,1.6263734548066964,41.9172724418662,14,0.896,5
103.75,GT-0076,10013.35256207888,10150.023696900222,97.62501169094743,0.15462802692424304,91.83817822694743,11,0.88,3
103.75,GT-0262,8637.30442313665,14732.81310206453,96.20473757821519,29.566963086652372,39.68472073980256,14,0.964,1
104.02,GT-0004,10367.590749862584,9913.442274275496,94.94573307542896,1.6263734548066964,42.138011505211665,14,0.869,5
104.02,GT-0076,10039.711315235436,10150.065446467492,97.62501169094743,0.15462802692424304,92.0724478539314,11,0.853,3
104.02,GT-0262,8663.279702282767,14740.796182097927,96.20473757821519,29.566963086652372,39.685206613154534,14,0.935,1
104.59,GT-0004,10425.50916073338,9914.01647696071,95.88873383730969,1.9791188333986867,42.18500777418767,14,0.982,5
104.59,GT-0262,8718.11640270235,14757.64935105732,96.20473757821519,29.566963086652372,39.69110343018742,14,0.907,1
105.32,GT-0004,10495.507936434615,9915.461233709091,95.88873383730969,1.9791188333986867,42.587102266399356,14,0.953,5
105.32,GT-0262,8788.345861134445,14779.233234110576,96.20473757821519,29.566963086652372,39.71455848144177,14,0.88,1
105.43,GT-0004,10506.05569715672,9915.678936780765,95.88873383730969,1.9791188333986867,42.653336140610236,14,0.924,5
105.43,GT-0076,10177.465953906472,10150.380501329586,97.62440120466407,0.15812785737182367,93.46328180790083,11,0.939,3
105.43,GT-0262,8798.92838226805,14782.485600050108,96.20473757821519,29.566963086652372,39.720186332605124,14,0.853,1
105.77,GT-0004,10538.657866661404,9916.35183718412,95.88873383730969,1.9791188333986867,42.86795518020244,14,0.896,5
105.77,GT-0076,10210.658250316057,10150.434264801092,97.62440120466407,0.15812785737182367,93.82532100392302,11,0.911,3
105.77,GT-0262,8798.006756245468,14784.044904871744,98.32686768742676,27.312141576725324,39.671310668689436,14,0.986,1
106.17,GT-0004,10577.013360196328,9917.143484717479,95.88873383730969,1.9791188333986867,43.14032404408386,14,0.869,5
106.17,GT-0076,10249.708010797924,10150.49751594404,97.62440120466407,0.15812785737182367,94.26937288017183,11,0.884,3
106.17,GT-0262,8837.33750332044,14794.969761502434,98.32686768742676,27.312141576725324,39.67246711419682,14,0.956,1
106.73,GT-0004,10631.004837970813,9918.551535682649,96.28968094802394,1.9482425673233763,43.27668084623626,14,0.982,5
106.73,GT-0076,10304.377675472535,10150.586067544169,97.62440120466407,0.15812785737182367,94.92468515108042,11,0.857,3
106.73,GT-0262,8892.400549225398,14810.264560785401,98.32686768742676,27.312141576725324,39.68012141139818,14,0.928,1
107.22,GT-0004,10678.186781635344,9919.506174540638,96.28968094802394,1.9482425673233763,43.52655142865887,14,0.953,5
107.22,GT-0262,8940.580714392237,14823.647510157996,98.32686768742676,27.312141576725324,39.69572426405358,14,0.9,1
107.25,GT-0004,10681.075472063785,9919.564621817659,96.28968094802394,1.9482425673233763,43.54267781983415,14,0.924,5
107.25,GT-0262,8943.533620920325,14824.46748168039,98.32671893384146,27.311866847700333,39.716556249104535,14,0.961,2
107.64,GT-0004,10718.628447633515,9920.324436418916,96.28968094802394,1.9482425673233763,43.76148789287621,14,0.896,5
107.64,GT-0076,10392.693833094403,10156.737675315813,97.66501489266085,0.7419251584426831,96.04592441055263,11,0.954,3
107.64,GT-0262,8981.881041304523,14835.119109750995,98.32671893384146,27.311866847700333,39.73760820756548,14,0.932,2
108.52,GT-0004,10803.363366867776,9922.03888987816,96.28968094802394,1.9482425673233763,44.3221497876575,14,0.869,5
108.52,GT-0076,10478.639046199944,10157.390569455243,97.66501489266085,0.7419251584426831,97.17714778852257,11,0.926,3
108.52,GT-0262,9068.408553966303,14859.15355257697,98.32671893384146,27.311866847700333,39.819783131891434,14,0.904,2
108.97,GT-0004,10818.158799178196,9919.388099606515,95.41587212235456,4.2202304983741294,39.67404333661791,14,0.987,5
108.97,GT-0076,10522.58830290164,10157.724435776543,97.66501489266085,0.7419251584426831,97.79461682120284,11,0.898,3
108.97,GT-0262,9112.655577486532,14871.443892658435,98.32671893384146,27.311866847700333,39.884598975625515,14,0.877,2
110.19,GT-0004,10934.566163167468,9924.536780814531,95.41587212235456,4.2202304983741294,39.68993427014417,14,0.958,5
110.19,GT-0076,10641.739621070687,10158.629584469843,97.66501489266085,0.7419251584426831,99.60540711338251,11,0.871,3
110.19,GT-0262,9232.651388110486,14904.687096994347,98.32166081408349,27.283602215096025,40.17089983988704,14,0.978,3
110.33,GT-0004,10947.924385264598,9925.127613084303,95.41587212235456,4.2202304983741294,39.69486951169713,14,0.929,5
110.33,GT-0262,9246.416420624457,14908.50680130446,98.32166081408349,27.283602215096025,40.212758463723326,14,0.949,3
110.44,GT-0004,10958.420131198056,9925.591838439124,95.41587212235456,4.2202304983741294,39.699365909462585,14,0.901,5
110.44,GT-0262,9257.22677057239,14911.504891053482,98.32100876610323,27.276321626717177,40.26599970173471,14,0.981,4
111.16,GT-0004,11027.17632943071,9928.579614604538,95.42690179458518,4.219633530956006,39.752990288811624,14,0.986,5
111.16,GT-0262,9328.017896883985,14931.143842624719,98.32100876610323,27.276321626717177,40.53051925891231,14,0.951,4
111.56,GT-0004,11065.347090148543,9930.26746801692,95.42690179458518,4.219633530956006,39.79220299953695,14,0.956,5
111.56,GT-0262,9367.346300390427,14942.054371275406,98.32100876610323,27.276321626717177,40.70816984208018,14,0.923,4
112.17,GT-0004,11123.55750024324,9932.841444470803,95.42690179458518,4.219633530956006,39.8758150991261,14,0.927,5
112.17,GT-0262,9427.32211573775,14958.692927467704,98.32100876610323,27.276321626717177,41.02484621886381,14,0.895,4
112.29,GT-0004,11135.00872845859,9933.347800494517,95.42690179458518,4.219633530956006,39.89605008600602,14,0.9,5
112.29,GT-0262,9439.120636789683,14961.96608606291,98.32100876610323,27.276321626717177,41.09395992753147,14,0.868,4
113.09,GT-0004,11211.350249894258,9936.723507319282,95.42690179458518,4.219633530956006,40.067239762844906,14,0.873,5
113.33,GT-0004,11234.315001893874,9937.677073395822,95.4392965861816,4.220958083864744,40.13828892772462,14,0.982,5
113.56,GT-0004,11256.266040108696,9938.647893755111,95.4392965861816,4.220958083864744,40.20630941623784,14,0.953,5
113.56,GT-0280,9596.417042374978,14781.39642962516,99.97053241807978,16.536329814024274,39.74025141074789,14,0.948,1
113.69,GT-0004,11268.673148664899,9939.196618306014,95.4392965861816,4.220958083864744,40.247590241056706,14,0.924,5
113.69,GT-0076,10983.462163519254,10161.30340405537,97.65934337378545,0.7501512706813287,105.97951765697198,10,0.902,3
113.69,GT-0280,9609.413211589328,14783.546152500983,99.97053241807978,16.536329814024274,39.75016895581232,14,0.919,1
113.92,GT-0004,11290.62418687972,9940.167438665303,95.4392965861816,4.220958083864744,40.32581897067034,14,0.897,5
113.92,GT-0076,11005.923812495226,10161.475938847627,97.65934337378545,0.7501512706813287,106.45824205424125,10,0.875,3
113.92,GT-0280,9632.406434045486,14787.34950835821,99.97053241807978,16.536329814024274,39.770414372190935,14,0.892,1
115.11,GT-0004,11404.196949817277,9945.190378785102,95.4392965861816,4.220958083864744,40.845742785066115,14,0.87,5
115.11,GT-0280,9751.371367623,14807.027740836898,99.97053241807978,16.536329814024274,39.94094974377852,14,0.865,1
115.83,GT-0004,11545.350026761722,9951.352453109539,96.14067977040406,2.8443259674546373,39.671696468479894,14,0.985,5
117.29,GT-0004,11685.715419226513,9955.505169022023,96.14067977040406,2.8443259674546373,39.69657662893671,14,0.956,5
117.4,GT-0004,11696.290894001258,9955.818044878442,96.14067977040406,2.8443259674546373,39.70159910946671,14,0.927,5
117.4,GT-0298,10057.414141521143,15021.371717043394,100.38726170249309,2.5054841035460735,52.471663247304406,13,0.954,1
117.64,GT-0004,11719.364657146156,9956.500683110631,96.14067977040406,2.8443259674546373,39.714724032672166,14,0.899,5
117.64,GT-0076,11369.235308839896,10164.306059551935,97.657530003788,0.7500448730003768,115.31598754174745,10,0.908,3
117.64,GT-0298,10081.507084329742,15021.973033228245,100.38726170249309,2.5054841035460735,52.47212976014962,13,0.925,1
117.8,GT-0004,11734.74716590942,9956.955775265424,96.14067977040406,2.8443259674546373,39.72526063250257,14,0.872,5
117.8,GT-0076,11384.860513640502,10164.426066731614,97.657530003788,0.7500448730003768,115.74033225502583,10,0.881,3
117.8,GT-0298,10097.56904620214,15022.373910684813,100.38726170249309,2.5054841035460735,52.47303742799945,13,0.897,1
117.95,GT-0004,11749.15605028628,9957.372102956151,96.13995377026392,2.8464799799009732,39.7448984142923,14,0.982,5
117.95,GT-0076,11399.509143141071,10164.538573462563,97.657530003788,0.7500448730003768,116.14151418748789,10,0.854,3
117.95,GT-0298,10112.627135457515,15022.749733300345,100.38726170249309,2.5054841035460735,52.47440308314484,13,0.87,1
118.61,GT-0004,11812.608419774653,9959.250779742886,96.13995377026392,2.8464799799009732,39.812621777861914,14,0.953,5
118.61,GT-0298,10178.890692383291,15024.413807346005,100.38734408151387,2.5055774782548728,52.513483378388706,13,0.952,2
119.1,GT-0004,11859.716997122083,9960.645554933039,96.13995377026392,2.8464799799009732,39.8851193253987,14,0.924,5
119.1,GT-0076,11530.881344106901,10283.977494965031,96.58587260417423,4.113105190926645,69.38979318359043,12,0.971,3
119.1,GT-0298,10228.080490983233,15025.641540310351,100.38734408151387,2.5055774782548728,52.53385974550097,13,0.924,2
119.51,GT-0004,11899.134378167892,9961.812611724798,96.13995377026392,2.8464799799009732,39.96264931212672,14,0.897,5
119.51,GT-0076,11570.481551874615,10285.66386809331,96.58587260417423,4.113105190926645,69.39163327897072,12,0.942,3
119.51,GT-0298,10269.239302056654,15026.668827076435,100.38734408151387,2.5055774782548728,52.55946984127998,13,0.896,2
119.57,GT-0004,11904.902775394106,9961.983400523592,96.13995377026392,2.8464799799009732,39.97539164176779,14,0.87,5
119.57,GT-0076,11576.276704230864,10285.910654404766,96.58587260417423,4.113105190926645,69.39223404344239,12,0.914,3
119.57,GT-0298,10275.262542701545,15026.81916172513,100.38734408151387,2.5055774782548728,52.56395702752879,13,0.869,2
119.87,GT-0004,11933.707519276466,9962.820750785673,96.13774891579865,2.8457564353417766,40.057292500810476,14,0.977,5
119.87,GT-0076,11605.252466012118,10287.144585962043,96.58587260417423,4.113105190926645,69.39670696182556,12,0.886,3
120.98,GT-0004,12040.420420573002,9965.979540428903,96.13774891579865,2.8457564353417766,40.40394209347039,14,0.948,5
120.98,GT-0076,11712.46278460275,10291.710132723972,96.58587260417423,4.113105190926645,69.4400587118749,12,0.86,3
121.52,GT-0004,12092.334804987533,9967.516248903989,96.13774891579865,2.8457564353417766,40.630555379280295,14,0.919,5
121.52,GT-0308,9965.7377841187,14939.608552658212,-98.58671681757315,-3.478428217069288,121.35098624937939,10,0.881,2
121.62,GT-0004,12101.980347025463,9967.774590499308,96.14443775814155,2.852090392390906,40.679304755918146,14,0.988,5
121.62,GT-0308,9955.879112436942,14939.260709836504,-98.58671681757315,-3.478428217069288,121.35115675483377,10,0.855,2
123.31,GT-0004,12264.464446836722,9972.594623262448,96.14443775814155,2.852090392390906,41.69522902174249,14,0.958,5
123.62,GT-0004,12292.46319641983,9970.377116529698,96.23934613501203,3.3424282805085994,41.74095247479364,14,0.992,5
123.83,GT-0004,12312.673459108182,9971.079026468606,96.23934613501203,3.3424282805085994,41.85199369689103,14,0.962,5
123.83,GT-0308,9508.205074717109,14998.583280180637,-101.48659530381488,-9.915040877045554,91.75609208999107,11,0.961,2
124.16,GT-0004,12344.432443332737,9972.182027801173,96.23934613501203,3.3424282805085994,42.0379369322427,14,0.933,5
124.16,GT-0308,9474.71449826685,14995.311316691212,-101.48659530381488,-9.915040877045554,91.75755461110931,11,0.932,2
124.64,GT-0004,12390.627329477542,9973.786393375816,96.23934613501203,3.3424282805085994,42.33459831363884,14,0.905,5
124.64,GT-0076,12065.939982634925,10306.770902204235,96.58614655175933,4.109505291595873,70.12241557192154,12,0.916,3
124.64,GT-0308,9426.00093252102,14990.55209707023,-101.48659530381488,-9.915040877045554,91.76544241193143,11,0.904,2
124.66,GT-0004,12392.552116400242,9973.853241941426,96.23934613501203,3.3424282805085994,42.34765767574223,14,0.878,5
124.66,GT-0076,12067.87170556596,10306.853092310066,96.58614655175933,4.109505291595873,70.12893084464355,12,0.889,3
124.66,GT-0308,9423.971200614944,14990.353796252688,-101.48659530381488,-9.915040877045554,91.76593428688165,11,0.877,2
125.53,GT-0004,12449.66285703944,9967.29733180979,94.8919050336605,4.018884551099461,39.67267525320524,14,0.988,5
125.53,GT-0076,12151.90165306599,10310.428361913755,96.58614655175933,4.109505291595873,70.45125360927295,12,0.862,3
125.53,GT-0308,9335.677862700624,14981.727710689658,-101.48659530381488,-9.915040877045554,91.80188935859681,11,0.851,2
126.11,GT-0004,12504.700161958963,9969.628284849428,94.8919050336605,4.018884551099461,39.67537754686122,14,0.958,5
126.11,GT-0308,9454.958999344582,14871.643384634157,-97.36200487604806,-11.622609970837129,52.47813123561191,13,0.98,2
126.33,GT-0004,12525.576381066368,9970.512439450671,94.8919050336605,4.018884551099461,39.678393240731936,14,0.929,5
126.33,GT-0308,9433.539358271852,14869.086410440574,-97.36200487604806,-11.622609970837129,52.47851969082733,13,0.951,2
126.91,GT-0004,12580.61368598589,9972.84339249031,94.8919050336605,4.018884551099461,39.69427801693345,14,0.902,5
126.91,GT-0308,9377.069395443745,14862.345296657488,-97.36200487604806,-11.622609970837129,52.48442900193991,13,0.922,2
127.77,GT-0004,12662.194934619967,9976.29921463555,94.89419887082865,4.015397196436737,39.760920109349485,14,0.982,5
127.77,GT-0308,9293.338071250344,14852.349852082569,-97.36200487604806,-11.622609970837129,52.51274892315365,13,0.894,2
127.96,GT-0004,12680.224832405424,9977.062140102873,94.89419887082865,4.015397196436737,39.77881811290023,14,0.952,5
127.96,GT-0308,9274.835026696248,14850.156654768014,-97.36630550507446,-11.632470581559286,52.53439327008447,13,0.981,2
128.68,GT-0004,12748.548655592422,9979.953226084308,94.89419887082865,4.015397196436737,39.871567514455705,14,0.924,5
128.68,GT-0308,9204.729928532457,14841.805574463173,-97.36585550378418,-11.632902976106589,52.61677319024398,13,0.985,3
129.13,GT-0004,12791.251045084293,9981.760154822705,94.89419887082865,4.015397196436737,39.95246117374158,14,0.896,5
129.13,GT-0076,12499.598656795564,10325.209356367748,96.58473759492291,4.10924891856709,72.77163569153839,12,0.887,3
129.13,GT-0308,9160.915293555756,14836.570768123926,-97.36585550378418,-11.632902976106589,52.66849949366535,13,0.955,3
130.12,GT-0004,12885.19875483372,9985.771177291243,94.90199577589323,4.014314204198342,40.21044156374878,14,0.985,5
130.12,GT-0076,12595.21754701454,10329.277512797129,96.58473759492291,4.10924891856709,73.71241272752411,12,0.861,3
130.12,GT-0308,9064.523096607008,14825.05419417758,-97.36585550378418,-11.632902976106589,52.83564338018918,13,0.927,3
130.51,GT-0004,12922.210533186317,9987.33675983088,94.90199577589323,4.014314204198342,40.340738862347756,14,0.955,5
130.51,GT-0076,12705.304283073052,10300.318278350438,96.06471145281805,3.6245957444626455,69.37354718820126,12,0.976,3
130.51,GT-0308,9026.550412960534,14820.517362016897,-97.36585550378418,-11.632902976106589,52.924612307128754,13,0.899,3
131.59,GT-0004,13024.704688624282,9991.672219171414,94.90199577589323,4.014314204198342,40.80878828191026,14,0.927,5
131.59,GT-0076,12809.054171442096,10304.232841754458,96.06471145281805,3.6245957444626455,69.38794772425818,12,0.947,3
131.59,GT-0308,8921.395289016446,14807.953826802703,-97.36585550378418,-11.632902976106589,53.2507007007493,13,0.872,3
131.75,GT-0004,13039.889007948424,9992.314509444086,94.90199577589323,4.014314204198342,40.89261956373236,14,0.899,5
131.75,GT-0076,12824.424525274546,10304.812777073572,96.06471145281805,3.6245957444626455,69.39309917983782,12,0.918,3
132.23,GT-0004,13085.525360969186,9995.531492121707,94.91220083295157,4.206559264231913,41.15430408693203,14,0.985,5
132.23,GT-0076,12870.535586771897,10306.552583030914,96.06471145281805,3.6245957444626455,69.41449212576444,12,0.891,3
132.78,GT-0004,13137.72707142731,9997.845099717035,94.91220083295157,4.206559264231913,41.46450224790318,14,0.956,5
132.78,GT-0076,12923.37117807095,10308.54611069037,96.06471145281805,3.6245957444626455,69.45156477136828,12,0.864,3
133.16,GT-0004,13173.793707743833,9999.443592237443,94.91220083295157,4.206559264231913,41.70559443625226,14,0.927,5
133.23,GT-0004,13180.437561802139,9999.738051385939,94.91220083295157,4.206559264231913,41.752483101207375,14,0.899,5
133.23,GT-0322,8737.282101520244,14651.286784654674,-95.7262187865429,-27.40300256994516,39.6798317870011,14,0.969,1
134.52,GT-0004,13300.125596075442,10004.283174198856,94.92226383511456,4.280906488275335,42.375989551035005,14,0.985,5
134.52,GT-0322,8613.795279285601,14615.936911339444,-95.7262187865429,-27.40300256994516,39.698026924000885,14,0.94,1
135.21,GT-0004,13365.621958121672,10007.236999675766,94.92226383511456,4.280906488275335,42.75115704272537,14,0.956,5
135.21,GT-0322,8547.744188322888,14597.028839566183,-95.7262187865429,-27.40300256994516,39.734025377270484,14,0.912,1
135.34,GT-0004,13377.961852420236,10007.793517519242,94.92226383511456,4.280906488275335,42.828229104816195,14,0.927,5
135.34,GT-0076,13169.269339125376,10317.76615266916,96.06544346093267,3.6215645815563846,69.89619304204453,12,0.937,3
135.34,GT-0322,8535.299779880637,14593.46644923209,-95.7262187865429,-27.40300256994516,39.74379593663716,14,0.884,1
135.54,GT-0004,13396.946305187257,10008.649698816896,94.92226383511456,4.280906488275335,42.950963680925135,14,0.899,5
135.54,GT-0076,13188.482427817562,10318.490465585472,96.06544346093267,3.6215645815563846,69.94984569329809,12,0.909,3
135.54,GT-0322,8516.120371907924,14587.957763139628,-95.72394593115656,-27.420722019583877,39.769246569076955,14,0.984,1
136.63,GT-0004,13500.411572767533,10013.315886889117,94.92226383511456,4.280906488275335,43.714298412115205,14,0.872,5
136.63,GT-0076,13293.19376118998,10322.437970979368,96.06544346093267,3.6215645815563846,70.30821598254424,12,0.882,3
136.63,GT-0322,8411.781270842963,14558.06917613828,-95.72394593115656,-27.420722019583877,39.91585097256005,14,0.954,1
136.95,GT-0076,13323.934703097477,10323.596871645466,96.06544346093267,3.6215645815563846,70.43615089840418,12,0.855,3
136.95,GT-0322,8381.149608144993,14549.294545092014,-95.72394593115656,-27.420722019583877,39.97896003684184,14,0.926,1
137.05,GT-0004,13507.074516925903,10042.217091413591,95.79662375406316,2.1176702486305405,39.67336316584211,14,0.985,5
137.05,GT-0322,8371.577213551875,14546.552472890055,-95.72394593115656,-27.420722019583877,40.00080165702194,14,0.898,1
137.52,GT-0004,13552.098930090313,10043.212396430448,95.79662375406316,2.1176702486305405,39.67504070963917,14,0.956,5
137.52,GT-0322,8326.586205070425,14533.594258512214,-95.71182409103895,-27.463981907051405,40.12429179278078,14,0.985,1
138.95,GT-0004,13689.08810205862,10046.24066488599,95.79662375406316,2.1176702486305405,39.7221498577533,14,0.927,5
138.95,GT-0322,8189.718296620242,14494.320764385131,-95.71182409103895,-27.463981907051405,40.644392935887154,14,0.956,1
139.03,GT-0004,13743.132460513658,10033.560413861764,96.39001455333728,2.704847641696103,39.67129859709577,14,0.992,5
139.03,GT-0322,8182.061350692958,14492.123645832567,-95.71182409103895,-27.463981907051405,40.681720893380124,14,0.927,1
139.04,GT-0004,13744.09636065919,10033.58746233818,96.39001455333728,2.704847641696103,39.671299282450505,14,0.962,5
139.04,GT-0322,8181.104232452048,14491.849006013497,-95.71182409103895,-27.463981907051405,40.68645286029977,14,0.899,1
139.37,GT-0004,13775.905065461793,10034.48006205994,96.39001455333728,2.704847641696103,39.67210559190925,14,0.933,5
139.37,GT-0322,8149.519330502004,14482.78589198417,-95.71182409103895,-27.463981907051405,40.85098377937083,14,0.872,1
139.46,GT-0004,13784.580166771593,10034.723498347692,96.39001455333728,2.704847641696103,39.67265779539137,14,0.905,5
139.46,GT-0076,13565.030883752583,10332.694922672154,96.0637844227953,3.617149996043892,71.87235818896815,12,0.935,3
139.51,GT-0004,13789.399667499258,10034.858740729776,96.39001455333728,2.704847641696103,39.67303993004322,14,0.878,5
139.51,GT-0076,13569.834072973721,10332.875780171955,96.0637844227953,3.617149996043892,71.90866107091178,12,0.907,3
140.74,GT-0004,13907.967960339181,10038.177553293344,96.38994388630826,2.703686489929561,39.721824196075794,14,0.978,5
140.74,GT-0076,13687.992527813762,10337.324874667089,96.0637844227953,3.617149996043892,72.91180334175581,12,0.88,3
140.86,GT-0004,13919.53475360554,10038.501995672135,96.38994388630826,2.703686489929561,39.728892238247646,14,0.949,5
140.86,GT-0076,13699.520181944497,10337.758932666615,96.0637844227953,3.617149996043892,73.02133887755963,12,0.853,3
141.2,GT-0004,13952.307334526882,10039.42124907871,96.38994388630826,2.703686489929561,39.75351398442446,14,0.92,5
141.2,GT-0076,13732.222663601227,10339.021961255636,96.06712458569677,3.6184150115596196,73.37609067158232,12,0.947,3
142.06,GT-0004,14035.20268626911,10041.74641946005,96.38994388630826,2.703686489929561,39.85173045917782,14,0.893,5
142.06,GT-0076,13814.840390744928,10342.133798165578,96.06712458569677,3.6184150115596196,74.26899146776037,12,0.919,3
142.06,GT-0353,7957.323759063396,14404.492405953353,-89.22506561742216,-41.910535037773215,39.67130900450457,14,0.972,1
142.25,GT-0004,14053.516775607508,10042.260119893137,96.38994388630826,2.703686489929561,39.881508618769395,14,0.866,5
142.25,GT-0076,13833.09314441621,10342.821297017774,96.06712458569677,3.6184150115596196,74.48176646391485,12,0.891,3
142.25,GT-0338,7692.815378778767,14853.041447041884,-86.52906410355935,-43.442356812537525,121.31004198725199,10,0.865,1
142.25,GT-0353,7940.370996596086,14396.529404296176,-89.22506561742216,-41.910535037773215,39.67153997510174,14,0.943,1
142.52,GT-0004,14079.570187977828,10042.94194758475,96.39021149546153,2.692081857899119,39.94240656250287,14,0.977,5
142.52,GT-0076,13859.03126805435,10343.798269070894,96.06712458569677,3.6184150115596196,74.79396286453286,12,0.864,3
142.52,GT-0353,7916.280228879381,14385.213559835976,-89.22506561742216,-41.910535037773215,39.672892245460524,14,0.915,1
142.85,GT-0004,14111.378957771329,10043.830334597857,96.39021149546153,2.692081857899119,40.01059583205838,14,0.947,5
142.85,GT-0076,13890.696781268984,10344.95155775003,96.06534755370205,3.6175494657951504,75.21987783037102,12,0.956,3
142.85,GT-0353,7886.835957225633,14371.383083273511,-89.22506561742216,-41.910535037773215,39.67683444454534,14,0.887,1
143.51,GT-0004,14174.996497358334,10045.60710862407,96.39021149546153,2.692081857899119,40.18207988070961,14,0.919,5
143.51,GT-0076,13954.099910654426,10347.339140397455,96.06534755370205,3.6175494657951504,76.06717037790511,12,0.927,3
143.51,GT-0353,7827.947413918135,14343.72213014858,-89.22506561742216,-41.910535037773215,39.6957273313652,14,0.861,1
143.95,GT-0004,14217.408190416336,10046.791624641546,96.39021149546153,2.692081857899119,40.32502501251534,14,0.891,5
143.95,GT-0076,13996.368663578054,10348.930862162404,96.06534755370205,3.6175494657951504,76.67182913923678,12,0.899,3
143.95,GT-0353,7788.605401642119,14325.236599388561,-89.22202858429169,-41.91618547852276,39.73274356141472,14,0.976,1
144.27,GT-0004,14238.282720428702,10004.017387718593,96.47394050511538,1.6917559025736493,39.67149564350706,14,0.989,5
144.27,GT-0076,14027.10957479524,10350.08847799146,96.06534755370205,3.6175494657951504,77.13182361458747,12,0.872,3
144.27,GT-0353,7760.0543524951445,14311.823420035433,-89.22202858429169,-41.91618547852276,39.75689797477426,14,0.947,1
145.87,GT-0004,14392.641025236886,10006.724197162712,96.47394050511538,1.6917559025736493,39.70285911090169,14,0.959,5
145.87,GT-0353,7632.294774642996,14195.608090134503,-84.12166600233513,-49.39104682709384,39.67137346016921,14,0.993,1
146.07,GT-0004,14411.958379510084,10007.03057006451,96.46973187392308,1.693047846607696,39.72727903209628,14,0.99,5
146.07,GT-0353,7615.4704414425305,14185.729880769084,-84.12166600233513,-49.39104682709384,39.67163230399004,14,0.963,1
146.41,GT-0004,14444.758088347218,10007.606206332355,96.46973187392308,1.693047846607696,39.75128508841581,14,0.96,5
146.41,GT-0353,7586.869075001736,14168.936924847872,-84.12166600233513,-49.39104682709384,39.67365559242399,14,0.935,1
146.52,GT-0004,14455.36975885335,10007.792441595482,96.46973187392308,1.693047846607696,39.760604490612515,14,0.931,5
146.52,GT-0338,7323.353181763845,14667.575016037552,-86.52909844366275,-43.44394692379864,121.78168081490081,10,0.873,2
146.52,GT-0353,7577.615691741478,14163.503909696892,-84.12166600233513,-49.39104682709384,39.6748721658643,14,0.907,1
146.85,GT-0004,14487.204770371744,10008.351147384863,96.46973187392308,1.693047846607696,39.79358419298795,14,0.903,5
146.85,GT-0338,7294.746202286993,14653.148530968178,-86.52781915326061,-43.44635588252044,121.89838127025082,10,0.958,2
146.85,GT-0353,7549.855541960709,14147.204864243951,-84.12166600233513,-49.39104682709384,39.68064570542467,14,0.879,1
147.49,GT-0004,14548.945398771055,10009.434698006691,96.46973187392308,1.693047846607696,39.8817526886573,14,0.876,5
147.49,GT-0338,7239.368398028905,14625.342863203365,-86.52781915326061,-43.44635588252044,122.06777873176084,10,0.929,2
147.49,GT-0353,7495.984819192066,14115.624714515512,-84.12147505655471,-49.39942486888476,39.7121988747576,14,0.983,1
147.7,GT-0004,14569.22160791515,10009.775070213922,96.47445681936748,1.6894219699455206,39.93141943427958,14,0.978,5
147.7,GT-0338,7221.197556006722,14616.219128468036,-86.52781915326061,-43.44635588252044,122.13003210916409,10,0.901,2
147.7,GT-0353,7478.319309430191,14105.250835293047,-84.12147505655471,-49.39942486888476,39.72404446591549,14,0.954,1
148.4,GT-0004,14636.753727688709,10010.957665592883,96.47445681936748,1.6894219699455206,40.08530677172287,14,0.949,5
148.4,GT-0076,14420.455619711729,10327.618249272937,97.2849435827917,0.6875733475687724,79.66451516950944,12,0.943,3
148.4,GT-0338,7160.628082599438,14585.806679350271,-86.52781915326061,-43.44635588252044,122.3626006543439,10,0.874,2
148.4,GT-0353,7419.434276890602,14070.671237884828,-84.12147505655471,-49.39942486888476,39.782942666158135,14,0.925,1
148.55,GT-0004,14651.224896211614,10011.211078888375,96.47445681936748,1.6894219699455206,40.12515792826152,14,0.92,5
148.55,GT-0076,14435.048361249148,10327.721385275072,97.2849435827917,0.6875733475687724,79.77860301363354,11,0.915,3
148.55,GT-0353,7406.816055632118,14063.261324154495,-84.12147505655471,-49.39942486888476,39.80000668170382,14,0.897,1
149.19,GT-0004,14712.968548576007,10012.29230894914,96.47445681936748,1.6894219699455206,40.325301162991266,14,0.893,5
149.19,GT-0076,14497.310725142133,10328.161432217516,97.2849435827917,0.6875733475687724,80.28782856936266,11,0.888,3
149.19,GT-0353,7352.978311595924,14031.64569223841,-84.12147505655471,-49.39942486888476,39.89350497232975,14,0.87,1
149.55,GT-0004,14800.564815509382,9980.706768694108,97.99939354092062,0.8963414426116006,39.671499849835755,14,0.989,5
149.55,GT-0076,14532.33330483194,10328.40895862264,97.2849435827917,0.6875733475687724,80.59092706833157,11,0.861,3
149.56,GT-0004,14801.544809444791,9980.715732108534,97.99939354092062,0.8963414426116006,39.67150071724809,14,0.959,5
151.21,GT-0004,14963.24380878731,9982.194695488843,97.99939354092062,0.8963414426116006,39.705951106938585,14,0.931,5
151.23,GT-0004,14965.178782907396,9982.192960271856,97.99852399057417,0.8978174342048071,39.71547874036202,14,0.989,5
151.63,GT-0004,15004.378192503627,9982.552087245538,97.99852399057417,0.8978174342048071,39.74157523805651,14,0.959,5
151.63,GT-0370,7162.942597757978,13857.552394142687,-80.47488581976383,-59.41743562746145,39.67983506790768,14,0.97,1
152.58,GT-0004,15097.476790294675,9983.405013808033,97.99852399057417,0.8978174342048071,39.84691420495784,14,0.93,5
152.58,GT-0338,6799.0272463357305,14404.163741433427,-86.52488957404685,-43.45309996355128,124.73385583413089,10,0.893,2
152.58,GT-0370,7086.491456229201,13801.105830296598,-80.47488581976383,-59.41743562746145,39.688419124281516,14,0.941,1
152.61,GT-0004,15100.416746014393,9983.43194833106,97.99852399057417,0.8978174342048071,39.851400756722164,14,0.903,5
152.61,GT-0338,6796.431499648509,14402.86014843452,-86.52488957404685,-43.45309996355128,124.75693535546837,10,0.866,2
152.61,GT-0370,7084.07712556717,13799.347142923014,-80.47449223395016,-59.418039918275106,39.708379081459334,14,0.976,2
153.15,GT-0004,15153.316043838222,9983.93979815491,98.00082334884681,0.8985674460607243,39.9590189854107,14,0.982,5
153.15,GT-0370,7040.620899760837,13767.261401367146,-80.47449223395016,-59.418039918275106,39.726621950987585,14,0.947,2
153.24,GT-0004,15162.136117939619,9984.020669225056,98.00082334884681,0.8985674460607243,39.977501101677156,14,0.952,5
153.24,GT-0370,7033.378195459782,13761.913777774502,-80.47449223395016,-59.418039918275106,39.73095230974888,14,0.918,2
153.67,GT-0004,15204.276471979621,9984.407053226862,98.00082334884681,0.8985674460607243,40.077485696702716,14,0.924,5
153.67,GT-0370,6888.225826441864,13776.872378640279,-76.67787076803681,-60.473349428609694,39.67132548101658,14,0.991,2
153.76,GT-0004,15213.096546081018,9984.487924297007,98.00082334884681,0.8985674460607243,40.100967599939274,14,0.896,5
153.76,GT-0370,6881.3248180727405,13771.429777191704,-76.67787076803681,-60.473349428609694,39.671374407010255,14,0.961,2
154.02,GT-0004,15238.57676015172,9984.721551832983,98.00082334884681,0.8985674460607243,40.17404181219471,14,0.869,5
154.02,GT-0076,14931.708933360753,10321.183990434005,96.92188581331187,0.9859724294632173,83.56180393357555,11,0.931,3
154.02,GT-0370,6861.388571673049,13755.706706340265,-76.67787076803681,-60.473349428609694,39.672185771089715,14,0.932,2
154.77,GT-0004,15312.055608089422,9985.415764108431,98.01191589383845,0.911116755818469,40.43570453172144,14,0.982,5
154.77,GT-0076,15004.400347720737,10321.923469756102,96.92188581331187,0.9859724294632173,84.05470832279804,11,0.903,3
154.77,GT-0370,6803.880168597022,13710.351694268807,-76.67787076803681,-60.473349428609694,39.68360248041695,14,0.904,2
155.88,GT-0004,15420.848834731582,9986.42710370739,98.01191589383845,0.911116755818469,40.95576709791248,14,0.953,5
155.88,GT-0076,15111.983640973513,10323.017899152806,96.92188581331187,0.9859724294632173,84.87280400873206,11,0.876,3
155.88,GT-0370,6718.76339749856,13643.210247870755,-76.67434049333336,-60.48442371721494,39.75689509346525,14,0.982,2
156.34,GT-0004,15465.934316042749,9986.846217415066,98.01191589383845,0.911116755818469,41.22636067323022,14,0.924,5
156.34,GT-0076,15156.567708447637,10323.47144647036,96.92188581331187,0.9859724294632173,85.2454855660838,11,0.85,3
156.34,GT-0370,6683.486196383853,13615.390231386262,-76.67313725706163,-60.487027043775804,39.82302944329688,14,0.987,2
156.74,GT-0004,15505.173214088609,9987.25409155942,98.01962314929185,0.9234986480204839,41.49586969129739,14,0.985,5
156.74,GT-0370,6652.816941481028,13591.19542056875,-76.67313725706163,-60.487027043775804,39.87702221945913,14,0.957,2
157.28,GT-0004,15558.103810589226,9987.75278082935,98.01962314929185,0.9234986480204839,41.893220421389934,14,0.955,5
157.28,GT-0370,6611.413447362215,13558.532425965112,-76.67313725706163,-60.487027043775804,39.97236841090215,14,0.929,2
158.09,GT-0004,15637.499705340153,9988.500814734247,98.01962314929185,0.9234986480204839,42.58734724291863,14,0.927,5
158.09,GT-0370,6549.308206183995,13509.537934059654,-76.67313725706163,-60.487027043775804,40.17131246503658,14,0.901,2
158.47,GT-0004,15674.747162136884,9988.851744220494,98.01962314929185,0.9234986480204839,42.9552020079435,14,0.899,5
158.47,GT-0076,15363.014603024858,10325.573302006153,96.92289133187651,0.9859274647839698,87.30173573868103,11,0.876,4
158.47,GT-0370,6520.172414026312,13486.55286378302,-76.67313725706163,-60.487027043775804,40.29076742946134,14,0.874,2
158.6,GT-0004,15687.86672173717,9988.92859311723,98.19846586189249,0.9301029805495489,43.04987264095076,14,0.981,5
159.15,GT-0004,15741.87587796121,9989.440149756532,98.19846586189249,0.9301029805495489,43.565513245965256,14,0.952,5
159.2,GT-0004,15746.785801254304,9989.48665490556,98.19846586189249,0.9301029805495489,43.61503576159881,14,0.923,5
159.2,GT-0076,15433.773276411805,10326.304073877185,96.92350541623162,0.9847347372376021,88.13248084417968,11,0.951,4
159.76,GT-0004,15801.776942136963,9990.007512574668,98.19846586189249,0.9301029805495489,44.2005287910354,14,0.896,5
159.76,GT-0076,15488.050439444894,10326.855525330038,96.92350541623162,0.9847347372376021,88.79524293288671,11,0.923,4
159.99,GT-0004,15829.682740087572,9991.03050311119,98.89000857796609,1.3438978015288399,44.29643387003132,14,0.981,5
159.99,GT-0076,15510.34284569063,10327.082014319603,96.92350541623162,0.9847347372376021,89.07874382915807,11,0.895,4
160.14,GT-0004,15844.516241374264,9991.232087781418,98.89000857796609,1.3438978015288399,44.42961512826389,14,0.951,5
160.14,GT-0076,15524.994750803373,10327.252193430637,96.92887131241699,0.9844806524238834,89.2984454261061,11,0.964,5
160.23,GT-0004,15853.416342146282,9991.353038583557,98.89000857796609,1.3438978015288399,44.51117600752085,14,0.923,5
160.23,GT-0076,15533.71834922149,10327.340796689356,96.92887131241699,0.9844806524238834,89.4128480611866,11,0.935,5
160.23,GT-0381,6578.036687398676,13320.665082423973,-66.7498989408189,-74.31623603689005,52.47166480630034,13,0.944,1
161.08,GT-0004,15937.472849437556,9992.495351714857,98.89000857796609,1.3438978015288399,45.344416998907334,14,0.895,5
161.08,GT-0076,15616.107889837047,10328.177605243916,96.92887131241699,0.9844806524238834,90.54491734017802,11,0.907,5
161.08,GT-0381,6521.299273298979,13257.496281792615,-66.7498989408189,-74.31623603689005,52.47889277556013,13,0.916,1
161.85,GT-0004,16016.746720915127,9993.1586765933,99.39724221284618,1.4733758473790033,45.930503431709546,13,0.981,5
161.85,GT-0076,15690.743120747606,10328.935655346282,96.92887131241699,0.9844806524238834,91.65284095757036,11,0.88,5
161.85,GT-0381,6469.90185111455,13200.272780044212,-66.7498989408189,-74.31623603689005,52.50431167214446,13,0.888,1
162.16,GT-0004,16047.55986600111,9993.615423105988,99.39724221284618,1.4733758473790033,46.20232757619239,13,0.951,5
162.16,GT-0076,15720.791070854455,10329.240844348533,96.92887131241699,0.9844806524238834,92.121515296557,11,0.853,5
162.16,GT-0381,6447.644909328455,13138.533901976349,-64.59895193071685,-75.71131624376531,52.46038065950682,13,0.984,1
162.47,GT-0004,16078.373011087091,9994.072169618676,99.39724221284618,1.4733758473790033,46.48745293231147,13,0.923,5
162.47,GT-0381,6427.619234229932,13115.063393940782,-64.59895193071685,-75.71131624376531,52.461181634399956,13,0.955,1
163.91,GT-0004,16221.64285956962,9996.465097463435,99.3235228238558,1.473551345941047,47.689698456358364,13,0.985,5
163.91,GT-0381,6334.5967434497,13006.03909854976,-64.59895193071685,-75.71131624376531,52.49975434742109,13,0.926,1
164.22,GT-0004,16252.433151645015,9996.921898380677,99.3235228238558,1.473551345941047,47.95315161405256,13,0.955,5
164.22,GT-0076,15920.442924235707,10331.311129490692,96.93059865221835,0.9842613223162573,95.60129112497023,11,0.939,5
164.22,GT-0381,6314.571068351177,12982.568590514193,-64.59895193071685,-75.71131624376531,52.519099792109685,13,0.898,1
164.23,GT-0004,16253.426386873252,9996.936633894136,99.3235228238558,1.473551345941047,47.961851536072366,13,0.926,5
164.23,GT-0076,15921.41223022223,10331.320972103915,96.93059865221835,0.9842613223162573,95.61951104198616,11,0.911,5
164.23,GT-0381,6196.864519959323,13026.601688928611,-61.42325219239214,-77.33633240698141,52.46037151380713,13,0.985,1
164.38,GT-0004,16268.324915296831,9997.157666596027,99.3235228238558,1.473551345941047,48.093887434450885,13,0.899,5
164.38,GT-0076,15935.951820020064,10331.468611302262,96.93059865221835,0.9842613223162573,95.894533474671,11,0.884,5
164.38,GT-0381,6187.651032130464,13015.001239067564,-61.42325219239214,-77.33633240698141,52.46054918630574,13,0.956,1
164.45,GT-0004,16275.2775618945,9997.260815190244,99.3235228238558,1.473551345941047,48.1564985755244,13,0.872,5
164.45,GT-0076,15942.736961925719,10331.537509594824,96.93059865221835,0.9842613223162573,96.02398458776325,11,0.857,5
164.45,GT-0381,6183.351404476997,13009.587695799075,-61.42325219239214,-77.33633240698141,52.46076249097065,13,0.927,1
165.8,GT-0381,6100.430014017266,12905.18364704965,-61.42325219239214,-77.33633240698141,52.490660537463725,13,0.899,1
165.8,GT-0399,5699.626502024182,13164.782110327684,-67.8102870528118,-75.13920270382364,69.8518851272105,12,0.91,1
165.99,GT-0381,6088.801866442559,12890.470571773061,-61.42250509749508,-77.34706784950086,52.511522919417,13,0.981,1
165.99,GT-0399,5686.7425474841475,13150.505661813957,-67.8102870528118,-75.13920270382364,69.90080533537393,12,0.882,1
166.32,GT-0381,6068.532439760386,12864.946039382727,-61.42250509749508,-77.34706784950086,52.53242308552742,13,0.952,1
166.32,GT-0399,5664.365152756721,13125.709724921697,-67.8102870528118,-75.13920270382364,69.99339398882817,12,0.856,1
166.35,GT-0004,16464.378017088442,10001.988921233984,99.77884011251035,1.3044025030314685,49.7043727281987,13,0.967,5
166.35,GT-0381,6066.689764607461,12862.62562734724,-61.42250509749508,-77.34706784950086,52.53460564498469,13,0.923,1
168.08,GT-0004,16636.995410483087,10004.245537564228,99.77884011251035,1.3044025030314685,51.26847655599752,13,0.938,5
168.08,GT-0381,5960.428830788794,12728.815199967603,-61.42250509749508,-77.34706784950086,52.75994199607655,13,0.896,1
168.36,GT-0004,16664.93348571459,10004.610770265077,99.77884011251035,1.3044025030314685,51.55840044561727,13,0.909,5
168.36,GT-0381,5943.230529361495,12707.158020969742,-61.42250509749508,-77.34706784950086,52.81832718028322,13,0.869,1
168.46,GT-0004,16674.911369725844,10004.74121051538,99.77884011251035,1.3044025030314685,51.66458672135551,13,0.882,5
168.46,GT-0381,5951.020860663989,12680.85651959294,-56.07489251726278,-82.86917855482233,39.67987247039837,14,0.987,1
168.6,GT-0004,16589.815165739645,9986.225429301046,99.64026524249644,1.056685509889376,39.67766184817361,14,0.988,5
168.6,GT-0381,5943.170375711573,12669.254834595267,-56.07489251726278,-82.86917855482233,39.67999422381877,14,0.957,1
169.8,GT-0004,16709.38348403064,9987.493451912913,99.64026524249644,1.056685509889376,39.692917646592996,14,0.959,5
169.8,GT-0076,16404.503080742532,10244.926182895668,97.87067155017914,2.010901935934699,91.43961951916916,11,0.938,5
169.8,GT-0381,5875.8805046908565,12569.81182032948,-56.07489251726278,-82.86917855482233,39.69989490644994,14,0.929,1
169.82,GT-0004,16711.37628933549,9987.51458562311,99.64026524249644,1.056685509889376,39.69355428826052,14,0.93,5
169.82,GT-0076,16406.460494173534,10244.966400934387,97.87067155017914,2.010901935934699,91.44206087397431,11,0.91,5
169.82,GT-0381,5874.7590068405125,12568.154436758385,-56.07489251726278,-82.86917855482233,39.70065187809264,14,0.901,1
170.31,GT-0004,16760.200019304313,9988.032361522955,99.64026524249644,1.056685509889376,39.714857185187554,14,0.902,5
170.31,GT-0076,16454.417123233125,10245.951742882995,97.87067155017914,2.010901935934699,91.5063006620598,11,0.882,5
170.31,GT-0381,5847.278057112164,12527.561898180445,-56.07398991383323,-82.87000816904524,39.74463952173095,14,0.965,2
170.53,GT-0004,16803.998486149507,10025.181451010296,99.74809911179348,2.0494875961274728,39.671302067306335,14,0.99,5
170.53,GT-0076,16475.948670974165,10246.394141308901,97.87067155017914,2.010901935934699,91.53811453893951,11,0.856,5
170.53,GT-0381,5834.94177933112,12509.330496383256,-56.07398991383323,-82.87000816904524,39.76004282268806,14,0.936,2
170.67,GT-0004,16817.963220025158,10025.468379273754,99.74809911179348,2.0494875961274728,39.6714234533521,14,0.96,5
170.67,GT-0381,5827.181498381588,12497.66103821864,-56.06005352131211,-82.88078730032684,39.77973232824828,14,0.99,2
171.57,GT-0004,16907.73650922577,10027.312918110269,99.74809911179348,2.0494875961274728,39.68200397623847,14,0.931,5
171.57,GT-0381,5776.73209978092,12423.074248680074,-56.0598143013825,-82.88047229051061,39.906312037795324,14,0.986,3
171.73,GT-0004,16923.69620508366,10027.640836125649,99.74809911179348,2.0494875961274728,39.686514788646,14,0.903,5
171.73,GT-0381,5767.762529492699,12409.813373113593,-56.0598143013825,-82.88047229051061,39.932280727390264,14,0.957,3
171.84,GT-0004,16934.66849598596,10027.866279761223,99.74809911179348,2.0494875961274728,39.69022212088064,14,0.876,5
171.84,GT-0381,5761.595949919546,12400.696521161635,-56.0598143013825,-82.88047229051061,39.951495806973064,14,0.928,3
171.98,GT-0381,5753.747575917353,12389.093255040965,-56.0598143013825,-82.88047229051061,39.97761290651701,14,0.9,3
172.58,GT-0004,17008.50820596286,10029.384072813054,99.74896016790811,2.049789991634775,39.74400236020375,14,0.974,5
172.58,GT-0381,5720.111687336523,12339.364971666657,-56.0598143013825,-82.88047229051061,40.11210081620989,14,0.873,3
173.14,GT-0004,17064.367623656883,10030.53195520837,99.74896016790811,2.049789991634775,39.79671080206216,14,0.945,5
173.14,GT-0381,5688.792650304736,12292.854880473671,-56.0300207867577,-82.90404699957651,40.2857346356051,14,0.978,3
174.3,GT-0004,17262.047919597786,10066.615360033451,100.0523908360973,1.2087104487870743,39.671371248294015,14,0.993,5
174.3,GT-0381,5623.797826192095,12196.68618595416,-56.0300207867577,-82.90404699957651,40.747623385012005,14,0.948,3
175.17,GT-0004,17349.09349962519,10067.666938123895,100.0523908360973,1.2087104487870743,39.678331315694365,14,0.963,5
175.17,GT-0076,16930.130678329864,10255.786649002808,97.87369361973177,2.0137124601391534,92.8800721426084,11,0.915,5
175.17,GT-0381,5575.051708107618,12124.559665064531,-56.0300207867577,-82.90404699957651,41.22290579729527,14,0.92,3
175.34,GT-0004,17366.102406067326,10067.87241890019,100.0523908360973,1.2087104487870743,39.682084327045494,14,0.934,5
175.34,GT-0076,16946.76920624522,10256.128980121031,97.87369361973177,2.0137124601391534,92.95835820666713,11,0.888,5
175.34,GT-0381,5565.526604573868,12110.465977074602,-56.0300207867577,-82.90404699957651,41.32989571763975,14,0.892,3
175.48,GT-0004,17380.109740784377,10068.04163836302,100.0523908360973,1.2087104487870743,39.68597723682278,14,0.906,5
175.48,GT-0076,16960.47152335198,10256.41089986545,97.87369361973177,2.0137124601391534,93.02478770893498,11,0.861,5
175.48,GT-0381,5557.682401663723,12098.859410494662,-56.0300207867577,-82.90404699957651,41.421617640687934,14,0.865,3
175.65,GT-0004,17397.118647226514,10068.247119139314,100.0523908360973,1.2087104487870743,39.69178432596937,14,0.879,5
176.2,GT-0004,17452.146544367206,10068.888296084653,100.0496787183634,1.2097040606679652,39.73347923603055,14,0.978,5
176.59,GT-0004,17491.16591906737,10069.360080668313,100.0496787183634,1.2097040606679652,39.76404500163526,14,0.949,5
177.66,GT-0004,17598.21907529602,10070.654464013229,100.0496787183634,1.2097040606679652,39.90561713874438,14,0.921,5
178.1,GT-0004,17642.2409339321,10071.186733799923,100.0496787183634,1.2097040606679652,39.99348424463012,14,0.893,5
178.1,GT-0432,5433.6684385677245,11867.320121551596,-45.11504601266114,-89.07957719024759,52.59352083250826,13,0.939,1
178.86,GT-0004,17718.305560761495,10072.129154880611,100.0514518801641,1.2079969360280387,40.212781259193804,14,0.968,6
178.86,GT-0432,5399.381003598101,11799.619642887006,-45.11504601266114,-89.07957719024759,52.69946528035889,13,0.911,1
179.27,GT-0004,17759.32665603236,10072.624433624384,100.0514518801641,1.2079969360280387,40.349588758936825,14,0.938,6
179.27,GT-0432,5380.88383473291,11763.097016239006,-45.11504601266114,-89.07957719024759,52.77544973128943,13,0.883,1
179.46,GT-0004,17778.2795045332,10072.860550949094,100.04087287426272,1.2054232868796788,40.43153950629937,14,0.987,7
179.46,GT-0432,5372.311975990505,11746.17189657286,-45.11504601266114,-89.07957719024759,52.81560619453303,13,0.857,1
179.61,GT-0004,17793.285635464337,10073.041364442126,100.04087287426272,1.2054232868796788,40.49061098979344,14,0.957,7
179.79,GT-0004,17811.2929925817,10073.258340633764,100.04087287426272,1.2054232868796788,40.565585498084864,14,0.929,7
179.83,GT-0004,17815.294627496674,10073.306557565238,100.04087287426272,1.2054232868796788,40.58286332985017,14,0.901,7
179.83,GT-0076,17376.216697911634,10395.666886899162,99.78230825875691,0.6550884596926893,69.38766642859457,12,0.944,5
179.92,GT-0004,17824.298306055356,10073.415045661057,100.04087287426272,1.2054232868796788,40.622570752087235,14,0.874,7
179.92,GT-0076,17385.19710565492,10395.725844860533,99.78230825875691,0.6550884596926893,69.3877531688089,12,0.915,5
181.27,GT-0076,17519.903221804245,10396.610214281118,99.78230825875691,0.6550884596926893,69.41493629675116,12,0.888,5
181.56,GT-0004,17988.381514305533,10075.396207656,100.04079719421654,1.213362653081873,41.56941864229043,14,0.974,7
181.56,GT-0076,17548.840091199283,10396.800189934429,99.78230825875691,0.6550884596926893,69.42907944718766,12,0.861,5
181.78,GT-0004,18010.39048968826,10075.663147439678,100.04079719421654,1.213362653081873,41.728582149656496,14,0.945,7
181.81,GT-0004,18013.391713604087,10075.699548319271,100.04079719421654,1.213362653081873,41.750939785132616,14,0.916,7
182.9,GT-0004,18122.436182545785,10077.02211361113,100.04079719421654,1.213362653081873,42.6734162404556,14,0.889,7
182.9,GT-0458,5741.797151447104,12082.440965728598,37.94635254757558,94.54322404468242,121.47768380664874,10,0.911,3
183.1,GT-0004,18142.44434198463,10077.264786141746,100.04079719421654,1.213362653081873,42.86666848584226,14,0.862,7
183.1,GT-0458,5574.130380934862,12165.715846240888,41.12136392275286,89.52322296825558,91.75612252043719,11,0.979,3
183.4,GT-0458,5586.466790111688,12192.572813131366,41.12136392275286,89.52322296825558,91.75732550614175,11,0.95,3
183.71,GT-0004,18200.367381099783,10077.189331935417,99.73466138193601,1.0990702356871225,43.403468011911734,14,0.972,7
183.71,GT-0458,5599.214412927741,12220.325012251526,41.12136392275286,89.52322296825558,91.76129133074458,11,0.921,3
184.58,GT-0004,18287.13653650207,10078.145523040464,99.73466138193601,1.0990702356871225,44.23827639092825,14,0.943,7
184.58,GT-0076,17850.077848054847,10398.793165664427,99.7820900843806,0.6611635954010708,69.87518151794477,12,0.946,5
184.58,GT-0458,5634.989999540537,12298.210216233909,41.12136392275286,89.52322296825558,91.78995742464119,11,0.894,3
184.63,GT-0004,18292.123269571162,10078.200476552249,99.73466138193601,1.0990702356871225,44.29021191870376,14,0.915,7
184.63,GT-0076,17855.066952559064,10398.826223844197,99.7820900843806,0.6611635954010708,69.88788571322644,12,0.917,5
184.63,GT-0458,5627.634001832052,12146.91831245198,46.361530996198184,85.65565998924319,91.73633220075043,11,0.976,3
185.79,GT-0004,18407.81547677421,10079.475398025646,99.73466138193601,1.0990702356871225,45.62076566474292,13,0.887,7
185.79,GT-0076,17970.814177056945,10399.593173614861,99.7820900843806,0.6611635954010708,70.24692722222677,12,0.89,5
185.79,GT-0458,5681.413377787641,12246.278878039502,46.361530996198184,85.65565998924319,91.75635367808542,11,0.947,3
185.92,GT-0004,18420.78098275386,10079.618277156285,99.73466138193601,1.0990702356871225,45.78520433187685,13,0.861,7
185.92,GT-0076,17983.785848767915,10399.679124882263,99.7820900843806,0.6611635954010708,70.29533479587856,12,0.863,5
185.92,GT-0458,5687.4379745967335,12257.652524789439,46.363210968404914,85.65442041512702,91.7925368599925,11,0.98,4
186.05,GT-0458,5693.465192022627,12268.787599443407,46.363210968404914,85.65442041512702,91.79833070197033,11,0.951,4
186.14,GT-0004,18388.233512986862,10030.644053487673,100.68191636168248,1.5359821081127207,39.67346660839804,14,0.984,7
186.14,GT-0458,5697.637881009782,12276.496497280767,46.363210968404914,85.65442041512702,91.80274569126769,11,0.922,4
186.68,GT-0004,18442.601747822173,10031.473483826054,100.68191636168248,1.5359821081127207,39.67576741101947,14,0.955,7
186.68,GT-0458,5827.303697621895,12394.365821999912,50.48921910186226,83.13010057244401,69.38728754985084,12,0.985,4
186.69,GT-0004,18443.619230395045,10031.490326319476,100.6817384581551,1.5361211327883295,39.69557003669748,14,0.975,7
186.69,GT-0458,5827.808589812913,12395.197123005637,50.48921910186226,83.13010057244401,69.38728869045183,12,0.955,4
187.42,GT-0004,18517.12037403234,10032.580305607724,100.68548686358501,1.5355261099221105,39.71959222077196,14,0.994,7
187.42,GT-0458,5864.665719757272,12455.88209642352,50.48921910186226,83.13010057244401,69.3935522029339,12,0.926,4
187.76,GT-0004,18551.35343956596,10033.102384485097,100.68548686358501,1.5355261099221105,39.73406642647647,14,0.964,7
187.76,GT-0458,5881.832054251906,12484.146330618152,50.48921910186226,83.13010057244401,69.4015744506687,12,0.899,4
187.89,GT-0004,18564.442552858225,10033.302002879387,100.68548686358501,1.5355261099221105,39.741126312337116,14,0.935,7
187.89,GT-0458,5888.395652735147,12494.95324369257,50.48921910186226,83.13010057244401,69.405674940862,12,0.872,4
188.67,GT-0004,18642.97723261182,10034.499713245126,100.68548686358501,1.5355261099221105,39.804890795499894,14,0.907,7
188.67,GT-0458,5965.892333056589,12508.173286795889,50.598502063790804,83.8457943422647,52.47167034499873,13,0.982,4
189.66,GT-0004,18742.687892031707,10035.98027554852,100.69409244903682,1.5259998596318312,39.95978158015266,14,0.986,7
189.66,GT-0458,6015.984850099743,12591.180623194732,50.598502063790804,83.8457943422647,52.48190806783765,13,0.953,4
189.81,GT-0004,18757.792005899064,10036.209175527465,100.69409244903682,1.5259998596318312,39.98978584237911,14,0.957,7
189.81,GT-0076,18371.930678948367,10402.276755415414,99.78322361860043,0.6605646433816048,72.697905511354,12,0.9,5
189.81,GT-0458,6023.574625409312,12603.757492346072,50.598502063790804,83.8457943422647,52.48586200935755,13,0.924,4
190.34,GT-0004,18811.159874897054,10037.01795545307,100.69409244903682,1.5259998596318312,40.1145666182049,14,0.928,7
190.34,GT-0076,18424.815787466225,10402.626854676406,99.78322361860043,0.6605646433816048,73.17829671731407,12,0.873,5
190.34,GT-0458,6050.3918315031215,12648.195763347472,50.598502063790804,83.8457943422647,52.506803443359026,13,0.897,4
190.61,GT-0004,18838.347279858295,10037.42997541517,100.69409244903682,1.5259998596318312,40.19016865708538,14,0.9,7
190.61,GT-0458,6064.053427060346,12670.834127819884,50.598502063790804,83.8457943422647,52.52229766585794,13,0.87,4
190.7,GT-0004,18847.409748178707,10037.567315402537,100.69409244903682,1.5259998596318312,40.217283312695905,14,0.873,7
190.7,GT-0458,5997.376671287724,12764.897062965732,56.02030186311097,83.6450561243055,39.67983970909917,14,0.987,4
191.89,GT-0004,18967.268204096687,10039.40093844556,100.69408675560628,1.526944150939002,40.684444093246526,14,0.978,7
191.89,GT-0458,6064.040830504826,12864.434679753656,56.02030186311097,83.6450561243055,39.69473233099039,14,0.958,4
192.49,GT-0004,19027.684656150053,10040.317104936124,100.69408675560628,1.526944150939002,40.99001916184066,14,0.948,7
192.49,GT-0458,6097.653011622694,12914.621713428241,56.02030186311097,83.6450561243055,39.72158793683851,14,0.929,4
192.6,GT-0004,19038.76100569317,10040.485068792728,100.69408675560628,1.526944150939002,41.052057937202214,14,0.92,7
192.6,GT-0458,6103.8074709614475,12923.847479870341,56.02414775830579,83.6423879863594,39.7463710929122,14,0.979,4
192.77,GT-0004,19055.879000441626,10040.744649298387,100.69408675560628,1.526944150939002,41.15172978207968,14,0.892,7
192.77,GT-0458,6113.396043129064,12938.061824680699,56.04425377987033,83.62926921648008,39.76688158294991,14,0.994,4
193.18,GT-0004,19096.493215569903,10041.814458200382,100.79265403606786,1.3801722885101242,41.363094592960934,14,0.985,7
193.18,GT-0458,6136.374187178811,12972.349825059455,56.04425377987033,83.62926921648008,39.80379370758045,14,0.964,4
193.84,GT-0004,19163.016367233708,10042.7253719108,100.79265403606786,1.3801722885101242,41.73747974276175,14,0.955,7
193.84,GT-0458,6173.366267410824,13027.568332060388,56.04703318000354,83.62649849548806,39.90843072078517,14,0.984,4
194.63,GT-0004,19242.6425639222,10043.815708018723,100.79265403606786,1.3801722885101242,42.270797331530325,14,0.926,7
194.63,GT-0458,6217.643423623026,13093.633265871822,56.04703318000354,83.62649849548806,40.06273323054855,14,0.955,4
195.2,GT-0004,19300.094376722758,10044.602406223174,100.79265403606786,1.3801722885101242,42.71752556886364,14,0.899,7
195.2,GT-0076,18915.92423162118,10411.801591681326,100.24227096619785,1.0925524901190613,79.53122677614024,12,0.925,5
195.2,GT-0458,6249.590232535627,13141.300370014249,56.04703318000354,83.62649849548806,40.215078592653136,14,0.926,4
195.29,GT-0004,19309.165715586005,10044.72662172914,100.79265403606786,1.3801722885101242,42.793020906021155,14,0.872,7
195.29,GT-0076,18924.946036008136,10411.899921405437,100.24227096619785,1.0925524901190613,79.66850860795599,12,0.897,5
195.29,GT-0458,6254.634465521828,13148.826754878843,56.04703318000354,83.62649849548806,40.242604318872665,14,0.898,4
195.52,GT-0076,18948.001758330363,10412.151208478164,100.24227096619785,1.0925524901190613,80.02512732566922,11,0.87,5
195.52,GT-0458,6267.52528315323,13168.060849532807,56.04703318000354,83.62649849548806,40.31749154139033,14,0.871,4
197.85,GT-0004,19567.19181112448,10048.27302065176,100.79027958269364,1.3812884324599395,45.5703844972021,14,0.93,7
198.15,GT-0004,19597.42889499929,10048.687407181498,100.79027958269364,1.3812884324599395,45.974353952028984,13,0.902,7
198.15,GT-0507,6507.572270425536,13357.36874599774,71.65856461094836,73.5536372011784,39.67129246074558,14,0.974,1
199.34,GT-0004,19717.369327702698,10050.331140416125,100.79027958269364,1.3812884324599395,47.750830669711995,13,0.875,7
199.34,GT-0507,6592.845962312565,13444.897574267141,71.65856461094836,73.5536372011784,39.68619181561791,14,0.945,1
199.69,GT-0507,6609.156525391093,13470.40471649212,71.54773661480432,71.89159985856612,39.6712902522451,14,0.993,1
200.73,GT-0076,19470.32347437706,10417.746194097712,100.2475090712328,1.08465234745114,90.42208129757846,11,0.89,6
200.73,GT-0507,6683.566171470489,13545.171980345027,71.54773661480432,71.89159985856612,39.68198960606839,14,0.963,1
201.73,GT-0076,19570.57098344829,10418.830846445164,100.2475090712328,1.08465234745114,92.91172350655974,11,0.863,6
201.73,GT-0507,6755.11594329194,13617.009935460921,71.55419262989685,71.88024388732828,39.7432349066722,14,0.99,1
201.76,GT-0458,6617.320574286053,13689.853217879656,56.05755693037824,83.61953828553732,45.65128754601281,13,0.896,4
201.76,GT-0507,6757.262569070837,13619.16634277754,71.55419262989685,71.88024388732828,39.745505030821604,14,0.961,1
201.83,GT-0458,6621.2446032711805,13695.706585559645,56.05755693037824,83.61953828553732,45.752991162775224,13,0.869,4
201.83,GT-0507,6762.271362554931,13624.197959849655,71.55419262989685,71.88024388732828,39.75102325191142,14,0.932,1
202.36,GT-0507,6800.195084648777,13662.294489109938,71.55419262989685,71.88024388732828,39.803680886508815,14,0.904,1
202.36,GT-0508,6624.852860500184,13902.143521558546,76.13881591322848,66.67531112456398,69.39583655251559,12,0.915,1
204.04,GT-0507,6920.406128267002,13783.053298840648,71.55419262989685,71.88024388732828,40.13184250709917,14,0.877,1
204.04,GT-0508,6897.75456953089,13775.95692841636,78.21324891218657,62.87426970756567,69.37235622423054,12,0.984,2
204.23,GT-0507,6934.001424866682,13796.710545179241,71.55419262989685,71.88024388732828,40.187750039846144,14,0.85,1
204.23,GT-0508,6912.615086824205,13787.903039660798,78.21324891218657,62.87426970756567,69.37272518769194,12,0.954,2
204.77,GT-0076,19867.993337118864,10502.30852823475,98.64831094875142,3.2307323990926875,86.14603015365043,11,0.95,7
204.77,GT-0508,6954.850241236787,13821.855145302885,78.21324891218657,62.87426970756567,69.37844511645233,12,0.925,2
205.27,GT-0004,20314.97135026673,10058.588750053834,100.78186444984885,1.3868079826813755,60.73072846194858,12,0.891,7
205.27,GT-0076,19917.31749259324,10503.923894434296,98.64831094875142,3.2307323990926875,86.41519747604598,11,0.921,7
205.27,GT-0508,6993.9568656928805,13853.292280156667,78.21324891218657,62.87426970756567,69.39143825273686,12,0.898,2
205.28,GT-0004,20315.979168911228,10058.60261813366,100.78186444984885,1.3868079826813755,60.75807904417486,12,0.864,7
205.28,GT-0076,19918.303975702725,10503.956201758287,98.64831094875142,3.2307323990926875,86.4207358928547,11,0.894,7
205.28,GT-0508,6994.7389981820015,13853.921022853743,78.21324891218657,62.87426970756567,69.39178644089921,12,0.871,2
205.79,GT-0076,19968.614614286587,10505.603875281824,98.64831094875142,3.2307323990926875,86.71172619142271,11,0.867,7
206.12,GT-0508,7073.954732265623,13846.1064179456,82.83380419853887,61.634211517806015,69.3723377790306,12,0.97,2
207.89,GT-0508,7220.570565697035,13955.198972332117,82.83380419853887,61.634211517806015,69.41590028214584,12,0.941,2
207.98,GT-0508,7215.1131981056615,14023.956149606747,80.09917020486876,57.572169879985715,39.68472059977032,14,0.993,2
209.86,GT-0076,20370.148353840545,10518.657014392411,98.65204598240615,3.2265415928299035,89.79846388225934,11,0.938,7
209.86,GT-0508,7365.699638090817,14132.191828981122,80.09917020486876,57.572169879985715,39.73209193383307,14,0.963,2
209.89,GT-0076,20373.107915220015,10518.753810640195,98.65204598240615,3.2265415928299035,89.82674276630186,11,0.91,7
209.89,GT-0508,7368.10261319696,14133.91899407752,80.09917020486876,57.572169879985715,39.73407383123019,14,0.934,2
210.1,GT-0076,20393.82484487632,10519.43138437469,98.65204598240615,3.2265415928299035,90.02735282787306,11,0.882,7
210.1,GT-0508,7384.9234389399835,14146.009149752317,80.09917020486876,57.572169879985715,39.74947069123318,14,0.906,2
210.53,GT-0076,20436.245224648756,10520.818797259606,98.65204598240615,3.2265415928299035,90.45287455939378,11,0.856,7
210.53,GT-0508,7419.367180666995,14170.694715808457,80.11555545182313,57.5633350220853,39.79826629875142,14,0.986,2
210.72,GT-0508,7434.554733077569,14181.659947407594,80.1169036535398,57.56231448174341,39.83822624962122,14,0.991,3
210.82,GT-0508,7442.585381106787,14187.43019805795,80.11825855331689,57.56211484512907,39.869781876332546,14,0.991,4
212.01,GT-0508,7537.926108785235,14255.929114723653,80.11825855331689,57.56211484512907,40.09133355927484,14,0.961,4
212.48,GT-0508,7575.581690305294,14282.983308700863,80.11825855331689,57.56211484512907,40.2194653415242,14,0.932,4
212.55,GT-0508,7581.189968404027,14287.012656740024,80.11825855331689,57.56211484512907,40.24076744070389,14,0.904,4
214.05,GT-0508,7701.367356234003,14373.355829007718,80.11825855331689,57.56211484512907,40.8527601189798,14,0.877,4
214.7,GT-0508,7753.444224293657,14410.77120365705,80.11825855331689,57.56211484512907,41.22066717895408,14,0.851,4
214.86,GT-0553,7882.064608429131,14394.33721905697,88.1422916630393,44.34081033643994,39.679836959295905,14,0.97,1
215.12,GT-0553,7904.98160426152,14405.865829744444,88.1422916630393,44.34081033643994,39.680285869517746,14,0.941,1
215.53,GT-0553,7941.119943843366,14424.045561982384,88.1422916630393,44.34081033643994,39.683581197414554,14,0.913,1
217.22,GT-0553,8037.703589148719,14473.926213644992,89.82630880338635,44.645811441914645,39.6713127998141,14,0.991,1
217.79,GT-0553,8088.904585166649,14499.374326166884,89.82630880338635,44.645811441914645,39.67389104966339,14,0.961,1
217.84,GT-0553,8093.395900606819,14501.60661673898,89.82630880338635,44.645811441914645,39.674443113205385,14,0.932,1
218.69,GT-0553,8169.763223259425,14539.515746087074,89.82980659427383,44.63129348091242,39.70507598151458,14,0.989,1
219.23,GT-0553,8218.271318820332,14563.616644566766,89.82980659427383,44.63129348091242,39.7361202834075,14,0.959,1
219.23,GT-0560,7833.735481049241,14836.30064712171,86.98116984221727,44.8501477815885,69.73228447834859,12,0.874,2
219.27,GT-0553,8221.864511084104,14565.401896306003,89.82980659427383,44.63129348091242,39.73908386194728,14,0.931,1
219.27,GT-0560,7837.237076381074,14838.116765139706,86.98702985266962,44.842885415988434,69.7686096113321,12,0.963,2
219.33,GT-0553,8227.25429947976,14568.079773914857,89.82980659427383,44.63129348091242,39.74371687134793,14,0.903,1
219.33,GT-0560,7842.456298172235,14840.807338264665,86.98702985266962,44.842885415988434,69.78093339512913,12,0.934,2
220.07,GT-0553,8293.728356359521,14601.106931090731,89.82980659427383,44.63129348091242,39.821418204815814,14,0.876,1
220.07,GT-0560,7906.826700263208,14873.991073472496,86.98702985266962,44.842885415988434,69.95719939656531,12,0.906,2
220.6,GT-0560,7952.929826085123,14897.75780274297,86.98702985266962,44.842885415988434,70.11304015611974,12,0.879,2
221.94,GT-0560,8069.4924460877,14957.847269200394,86.98702985266962,44.842885415988434,70.63141572381197,12,0.853,2
222.55,GT-0004,22071.080567709938,10146.900522820453,101.45263837091181,3.2268883149509406,116.26551144073875,10,0.863,7
222.59,GT-0582,8531.067725308705,14630.345983998284,95.87440476911128,35.3247259692487,39.73953225241754,14,0.954,1
223.97,GT-0582,8663.374403890079,14679.094105835848,95.87440476911128,35.3247259692487,39.90716680288125,14,0.925,1
224.27,GT-0582,8692.136725320814,14689.691523626623,95.87440476911128,35.3247259692487,39.96524540639003,14,0.897,1
224.94,GT-0582,8756.341583927971,14713.358376285474,95.87270735401461,35.31883927379775,40.147608186139756,14,0.969,2
225.08,GT-0582,8769.736759368465,14718.19906687166,95.8718366326433,35.29494044343578,40.20029989549485,14,0.991,2
225.97,GT-0582,8855.062693971517,14749.611563866318,95.8718366326433,35.29494044343578,40.51491915835092,14,0.961,2
226.55,GT-0582,8910.66835921845,14770.082629323511,95.8718366326433,35.29494044343578,40.778173083271945,14,0.933,2
226.96,GT-0582,8949.960160066441,14782.455449181762,95.8757525273027,34.63809553405025,40.99527206181797,14,0.989,2
227.2,GT-0582,8972.970340672991,14790.768592109933,95.8757525273027,34.63809553405025,41.12572609406535,14,0.959,2
227.45,GT-0582,8996.939278804817,14799.428115993445,95.8757525273027,34.63809553405025,41.27103588702929,14,0.931,2
227.93,GT-0582,9042.959640017923,14816.05440184979,95.8757525273027,34.63809553405025,41.577967516463254,14,0.903,2
228.16,GT-0582,9065.011063099202,14824.021163822621,95.8757525273027,34.63809553405025,41.738493317118014,14,0.876,2
228.16,GT-0595,9062.5620828972,14798.358140614702,99.07163261765506,22.29857123352561,52.48514014845337,13,0.933,2
229.06,GT-0595,9151.72655225309,14818.426854724876,99.07163261765506,22.29857123352561,52.49335979762615,13,0.905,2
229.27,GT-0595,9172.531595102799,14823.109554683917,99.07163261765506,22.29857123352561,52.49846385339518,13,0.878,2
230.36,GT-0595,9280.519674656043,14847.41499732846,99.07163261765506,22.29857123352561,52.55419113061089,13,0.851,2
231.46,GT-0076,22558.757949916253,10445.381942745818,98.45521768237191,0.9331995175471339,91.74803133155369,11,0.927,8
231.79,GT-0076,22591.248171751435,10445.689898586608,98.45521768237191,0.9331995175471339,91.7495894542226,11,0.899,8
232.85,GT-0076,22695.61070249475,10446.679090075208,98.45521768237191,0.9331995175471339,91.77797988925435,11,0.872,8
233.21,GT-0612,9511.286196314759,14866.18589719613,99.18709750286966,12.73339820012016,52.58262799820426,13,0.942,1
234.46,GT-0612,9635.270068193346,14882.10264494628,99.18709750286966,12.73339820012016,52.771436177133914,13,0.913,1
234.72,GT-0612,9661.058713544091,14885.413328478311,99.18709750286966,12.73339820012016,52.82674965385725,13,0.886,1
234.82,GT-0612,9754.96236551081,14856.29547277022,99.27503853815584,8.835278513226296,39.67987342450238,14,0.988,1
235.77,GT-0612,9849.27365212206,14864.688987357786,99.27503853815584,8.835278513226296,39.6884646470627,14,0.959,1
236.12,GT-0611,9624.916525954937,15091.175730496509,101.63704940553505,3.504644176754813,91.76740007293489,11,0.885,1
236.12,GT-0612,9884.019915610414,14867.781334837415,99.27503853815584,8.835278513226296,39.69843556822904,14,0.93,1
236.46,GT-0611,9659.47312275282,15092.367309516605,101.63704940553505,3.504644176754813,91.76895778069253,11,0.859,1
236.46,GT-0612,9917.795367195033,14870.82818403842,99.28128330001233,8.819992284793035,39.721702101674154,14,0.989,1
236.5,GT-0612,9921.766618527032,14871.180983729811,99.28128330001233,8.819992284793035,39.7238167919465,14,0.959,1
236.57,GT-0076,23061.861544284573,10450.155992904385,98.4558792466415,0.9369197054282878,92.36056926800276,11,0.907,8
236.57,GT-0612,9928.716308358033,14871.798383189747,99.28128330001233,8.819992284793035,39.72772306435035,14,0.93,1
238.28,GT-0076,23230.22109779633,10451.758125600667,98.4558792466415,0.9369197054282878,92.94940631863196,11,0.88,8
238.28,GT-0612,10098.470107177482,14886.836779443334,99.2785177194435,8.796102262862334,39.94015773822184,14,0.986,1
239.91,GT-0076,23390.704180968354,10453.285304720515,98.4558792466415,0.9369197054282878,93.77282661440488,11,0.854,8
239.91,GT-0612,10260.294091060174,14901.1744261318,99.2785177194435,8.796102262862334,40.38991703896368,14,0.956,1
240.07,GT-0612,10276.178653895284,14902.581802493858,99.2785177194435,8.796102262862334,40.45159343126475,14,0.927,1
240.23,GT-0612,10292.063216730394,14903.989178855916,99.2785177194435,8.796102262862334,40.5167627090064,14,0.9,1
240.25,GT-0612,10294.048787084783,14904.165100901173,99.2785177194435,8.796102262862334,40.52515866672645,14,0.873,1
240.25,GT-0635,9913.980534342905,15086.126183993356,-98.27664478466944,-4.91892986917697,160.4716471887298,9,0.851,2
240.58,GT-0076,23456.690959128726,10454.035739286717,98.47258120872887,0.9423102701897079,94.20855216174722,11,0.949,8
240.87,GT-0076,23485.248007679256,10454.309009265073,98.47258120872887,0.9423102701897079,94.4068691520712,11,0.92,8
242.41,GT-0076,23636.8957827407,10455.760167081165,98.47258120872887,0.9423102701897079,95.63226566935305,11,0.892,8
242.54,GT-0076,23649.697218297835,10455.88266741629,98.47258120872887,0.9423102701897079,95.74950451086731,11,0.866,8
242.54,GT-0635,9558.13458555128,15022.708322576987,-100.71336756039437,-5.619212567834117,121.33606303739798,10,0.948,2
244.01,GT-0635,9410.247096771072,15014.490305184207,-100.71382235996154,-5.621050342293529,121.42653856089024,10,0.975,3
244.45,GT-0635,9365.933014932689,15012.017043033597,-100.71382235996154,-5.621050342293529,121.45682105332362,10,0.946,3
244.46,GT-0635,9464.382762423822,14852.68134479202,-101.07526448810546,-13.229814590153053,121.30998688167077,10,0.983,3
245.68,GT-0635,9340.86477903397,14836.845750465498,-101.07267399457248,-13.230189290218213,121.36373330664821,10,0.989,3
246.19,GT-0076,24009.068097421714,10459.370795933659,98.47228390528494,0.9420565423657479,100.02610142023612,11,0.929,8
246.19,GT-0635,9289.317715296738,14830.098353927488,-101.07267399457248,-13.230189290218213,121.3937137043538,10,0.959,3
246.29,GT-0076,24018.915325812242,10459.465001587896,98.47228390528494,0.9420565423657479,100.16947418088353,11,0.902,8
246.29,GT-0635,9279.210447897281,14828.775334998465,-101.07267399457248,-13.230189290218213,121.40101932092875,10,0.93,3
246.35,GT-0076,24024.82366284656,10459.521524980439,98.47228390528494,0.9420565423657479,100.25621964133573,11,0.875,8
246.35,GT-0635,9406.751029712075,14910.072058167993,-98.14749604905658,-17.169416797053877,52.48182620172256,13,0.989,3
247.94,GT-0635,9250.696510994076,14882.772685460677,-98.14749604905658,-17.169416797053877,52.51301795605762,13,0.959,3
248.18,GT-0635,9227.138378396015,14878.657014392322,-98.14752337393857,-17.169305351794073,52.552055009234955,13,0.965,4
248.23,GT-0635,9182.905852485705,14839.17867090576,-97.0073679983554,-20.3308181548232,39.67985458490926,14,0.995,4
250.02,GT-0635,9009.262663768646,14802.786506408625,-97.0073679983554,-20.3308181548232,39.72160170628145,14,0.965,4
250.05,GT-0635,9006.392068406403,14802.124087636488,-97.00877815304301,-20.348046611392743,39.7318561577479,14,0.993,4
250.11,GT-0635,9000.57154171722,14800.903204839804,-97.00877815304301,-20.348046611392743,39.73565362365614,14,0.963,4
250.76,GT-0635,8937.515835917744,14787.676974542399,-97.00877815304301,-20.348046611392743,39.79132645276311,14,0.934,4
251.24,GT-0635,8890.951622404282,14777.90991216893,-97.00877815304301,-20.348046611392743,39.85217242843489,14,0.906,4
251.71,GT-0635,8845.357496672352,14768.346330261576,-97.00877815304301,-20.348046611392743,39.9308969980466,14,0.879,4
252.02,GT-0635,8815.389077605796,14761.913789575965,-96.99461031340095,-20.39227083558032,40.00155828454237,14,0.983,4
253.59,GT-0635,8663.107539413757,14729.897924364104,-96.99461031340095,-20.39227083558032,40.48886097701649,14,0.954,4
254.18,GT-0635,8605.87639918317,14717.751841594967,-96.99878001674912,-20.422171467197444,40.76541333446832,14,0.989,4
254.82,GT-0635,8543.797179972451,14704.68165185596,-96.99878001674912,-20.422171467197444,41.11258836486938,14,0.959,4
254.82,GT-0657,8188.489897583258,14980.274314351613,-97.62289485815629,-25.319606810984034,69.88647855885048,12,0.877,1
255.79,GT-0635,8449.708363356205,14684.87214553278,-96.99878001674912,-20.422171467197444,41.76601894820904,14,0.931,4
255.79,GT-0657,8093.795689570847,14955.714295744958,-97.62289485815629,-25.319606810984034,70.17830532596741,12,0.851,1
255.84,GT-0635,8444.94500349957,14683.54093026241,-96.97602675654093,-20.49654519711106,41.80830583982697,14,0.986,4
256.88,GT-0076,25082.202104653945,10561.991515410173,100.22276079708107,1.1870205643648257,91.74419018158856,11,0.917,9
256.88,GT-0635,8344.089935672768,14662.224523257415,-96.97602675654093,-20.49654519711106,42.698347119080374,14,0.956,4
257.59,GT-0076,25153.360264819872,10562.834300010873,100.22276079708107,1.1870205643648257,91.75147606126804,11,0.89,9
257.59,GT-0635,8275.236956675626,14647.671976167467,-96.97602675654093,-20.49654519711106,43.422835782037836,14,0.927,4
258.21,GT-0004,25796.42978118342,10518.938009237725,100.91349316890106,4.527185462629035,200.9100708256247,8,0.884,7
258.21,GT-0076,25215.498376514064,10563.57025276078,100.22276079708107,1.1870205643648257,91.77140549265096,11,0.863,9
258.21,GT-0635,8215.11182008657,14634.964118145257,-96.97602675654093,-20.49654519711106,44.13625877850864,14,0.9,4
258.5,GT-0004,25825.6946942024,10520.250893021888,100.91349316890106,4.527185462629035,201.572570197863,8,0.857,7
258.5,GT-0635,8186.98877232717,14629.020120038094,-96.97602675654093,-20.49654519711106,44.49634383249117,14,0.873,4
259.59,GT-0674,8184.142308139333,14574.299943382417,-90.80311998834372,-37.85737590667123,39.67983458084134,14,0.97,1
259.66,GT-0674,8177.786089740144,14571.649927068947,-90.80311998834372,-37.85737590667123,39.67986360390716,14,0.941,1
259.9,GT-0674,8155.993340942946,14562.564156851347,-90.80311998834372,-37.85737590667123,39.680492052192385,14,0.913,1
260.5,GT-0674,8101.511468949938,14539.849731307344,-90.80311998834372,-37.85737590667123,39.68757203966312,14,0.886,1
260.86,GT-0674,8068.822345754133,14526.221075980942,-90.80311998834372,-37.85737590667123,39.69733733129994,14,0.859,1
261.72,GT-0076,25565.448667131815,10647.430775922041,98.84809254645289,0.2756523729959134,91.73641837376951,11,0.942,9
262.28,GT-0076,25620.803598957824,10647.585141250918,98.84809254645289,0.2756523729959134,91.74078168524059,11,0.914,9
262.28,GT-0674,7939.870485839219,14472.419607259319,-90.78553366237091,-37.88462265327588,39.809444463350154,14,0.975,1
263.83,GT-0076,25774.018142404828,10648.012402429062,98.84809254645289,0.2756523729959134,91.81039205521368,11,0.887,9
263.83,GT-0674,7799.152908662543,14413.69844214674,-90.78553366237091,-37.88462265327588,40.1040483566495,14,0.946,1
264.28,GT-0076,25818.49978405073,10648.13644599691,98.84809254645289,0.2756523729959134,91.85059536888528,11,0.86,9
264.28,GT-0674,7758.299418514477,14396.650361952767,-90.78553366237091,-37.88462265327588,40.237305596876354,14,0.918,1
265.0,GT-0674,7692.933834277567,14369.373433642408,-90.78553366237091,-37.88462265327588,40.50379674471993,14,0.89,1
265.0,GT-0677,7264.749490656848,14675.710962507686,-89.15204559047987,-38.563643870430965,70.03804374637882,12,0.877,1
265.67,GT-0674,7632.1075267237775,14343.990736464712,-90.78553366237091,-37.88462265327588,40.81668009542774,14,0.863,1
265.67,GT-0677,7205.017620111225,14649.873321114497,-89.15204559047987,-38.563643870430965,70.26444889417625,12,0.851,1
266.48,GT-0704,7509.948535824731,14219.292761304172,-83.88397587509296,-50.398809522668614,39.671300653681755,14,0.972,1
267.41,GT-0076,26216.769512463397,10649.652255540774,99.48402296609176,-1.9327757111049888,69.38733777653006,12,0.962,9
267.41,GT-0704,7431.936438260894,14172.42186844809,-83.88397587509296,-50.398809522668614,39.67946180217425,14,0.943,1
267.93,GT-0076,26268.501204405762,10648.647212171,99.48402296609176,-1.9327757111049888,69.39030351579653,12,0.933,9
267.93,GT-0704,7388.316770805847,14146.214487496303,-83.88397587509296,-50.398809522668614,39.69571589067269,14,0.915,1
268.12,GT-0076,26287.40316876932,10648.27998478589,99.48402296609176,-1.9327757111049888,69.39308612636523,12,0.905,9
268.12,GT-0704,7372.378815389579,14136.638713686996,-83.88397587509296,-50.398809522668614,39.704673005310916,14,0.887,1
268.12,GT-0708,7435.4794463420585,14092.552191709097,-80.8189883626307,-57.60018324117285,52.483943418411044,13,0.941,2
268.18,GT-0076,26293.372210147285,10648.164018243224,99.48402296609176,-1.9327757111049888,69.39418147589258,12,0.878,9
268.18,GT-0704,7367.345776837074,14133.614785115637,-83.88397587509296,-50.398809522668614,39.707885368929276,14,0.861,1
268.18,GT-0708,7430.6303070403,14089.096180714627,-80.8189883626307,-57.60018324117285,52.48397036404078,13,0.913,2
269.2,GT-0076,26394.845913572695,10646.192587017897,99.48402296609176,-1.9327757111049888,69.43206305431445,12,0.851,9
269.2,GT-0708,7348.194938910418,14030.343993808632,-80.8189883626307,-57.60018324117285,52.49644497920909,13,0.886,2
269.75,GT-0708,7303.751903940254,13998.712468637628,-80.82004193303443,-57.59764223259713,52.52828610977047,13,0.979,2
270.28,GT-0708,7260.917281715748,13968.185718254354,-80.82004193303443,-57.59764223259713,52.561099688993835,13,0.95,2
270.77,GT-0708,7221.31546116856,13939.96287356038,-80.82004193303443,-57.59764223259713,52.60524387362315,13,0.921,2
270.86,GT-0708,7214.041657394585,13934.779085759445,-80.82004193303443,-57.59764223259713,52.61497501279279,13,0.894,2
270.91,GT-0004,27154.96436817104,10753.317122556511,101.2014015029234,2.9847025880060083,160.44226493855956,9,0.857,7
270.91,GT-0708,7210.000655297932,13931.899203647814,-80.82004193303443,-57.59764223259713,52.62061255205694,13,0.867,2
271.11,GT-0708,7193.802918266863,13920.367921716512,-80.81926832365784,-57.60470422497695,52.655776331854,13,0.977,2
272.01,GT-0708,7121.065576775573,13868.523687914034,-80.81926832365784,-57.60470422497695,52.801822620733134,13,0.947,2
273.14,GT-0708,6981.233768657142,13851.94030588892,-79.77303499404873,-64.96612076229857,52.460544788901096,13,0.991,2
273.26,GT-0708,6971.646803149142,13844.155658855347,-79.77302625008264,-64.96607715891064,52.486157735325314,13,0.988,2
273.69,GT-0708,6937.3444018616065,13816.220245677016,-79.77302625008264,-64.96607715891064,52.48880049237374,13,0.958,2
274.0,GT-0708,6912.614763724081,13796.080761757754,-79.77302625008264,-64.96607715891064,52.49349380945199,13,0.93,2
275.36,GT-0708,6804.123448023967,13707.726896821634,-79.77302625008264,-64.96607715891064,52.55679168668035,13,0.902,2
275.42,GT-0708,6799.2952694377655,13703.829783996285,-79.7646768745409,-64.97386976841322,52.57278028208496,13,0.982,2
275.76,GT-0076,27047.477681151846,10633.543514963489,99.48318708138348,-1.9302050054879913,71.45892502215283,12,0.878,10
275.76,GT-0708,6772.175279300423,13681.738668275026,-79.7646768745409,-64.97386976841322,52.60430596985425,13,0.952,2
277.55,GT-0076,27225.552586027523,10630.088448003666,99.48318708138348,-1.9302050054879913,72.8296938864463,12,0.852,10
277.55,GT-0708,6629.3965076949935,13565.435441389565,-79.7646768745409,-64.97386976841322,52.90942499602339,13,0.924,2
278.68,GT-0708,6539.262422826762,13492.014968551259,-79.7646768745409,-64.97386976841322,53.25477312753649,13,0.896,2
278.68,GT-0713,6162.850412918686,13739.642717975237,-80.49330901254324,-57.92591042662559,94.45577250482451,11,0.928,1
278.78,GT-0708,6531.285955139311,13485.51758157442,-79.7646768745409,-64.97386976841322,53.29210404047656,13,0.869,2
278.78,GT-0713,6154.801082017434,13733.850126932577,-80.49330901254324,-57.92591042662559,94.5273576860187,11,0.901,1
278.99,GT-0713,6137.897487124797,13721.685685742983,-80.49330901254324,-57.92591042662559,94.68161851677905,11,0.874,1
279.4,GT-0076,27308.22599854776,10598.307261505557,98.65298791361882,-1.4028697837391026,69.3736742643898,12,0.964,10
279.88,GT-0076,27355.5794327463,10597.633884009363,98.65298791361882,-1.4028697837391026,69.37622083040694,12,0.935,10
279.88,GT-0735,6528.3219820203185,13294.565826684578,-70.7208037523082,-68.83336796831372,39.67983713298268,14,0.967,1
280.72,GT-0076,27438.447942593742,10596.455473391023,98.65298791361882,-1.4028697837391026,69.39616139061877,12,0.907,10
280.72,GT-0735,6468.916506868377,13236.745797591193,-70.7208037523082,-68.83336796831372,39.686224191696546,14,0.938,1
282.23,GT-0076,27587.413954343305,10594.337140017577,98.65298791361882,-1.4028697837391026,69.50558264885608,12,0.88,10
282.23,GT-0735,6362.128093202392,13132.80741195904,-70.7208037523082,-68.83336796831372,39.7647269254197,14,0.91,1
282.71,GT-0076,27634.767388541837,10593.663762521383,98.65298791361882,-1.4028697837391026,69.56659223218034,12,0.853,10
282.71,GT-0735,6328.182107401287,13099.767395334253,-70.7208037523082,-68.83336796831372,39.81897638647462,14,0.883,1
282.84,GT-0735,6318.988402913487,13090.819057498373,-70.7208037523082,-68.83336796831372,39.83679246424471,14,0.856,1
284.47,GT-0743,6154.526917178031,13008.76106686616,-63.383646049100555,-73.12803391169557,39.759399468656035,14,0.948,1
284.67,GT-0743,6141.850187968212,12994.135460083822,-63.383646049100555,-73.12803391169557,39.77829620755389,14,0.919,1
285.07,GT-0743,6116.496729548573,12964.884246519146,-63.383646049100555,-73.12803391169557,39.824925963702704,14,0.892,1
285.66,GT-0076,27925.802433709297,10589.463698977077,98.65325681673409,-1.4019475579994207,70.35717092249796,12,0.935,10
285.66,GT-0743,6079.100378379601,12921.738706511243,-63.383646049100555,-73.12803391169557,39.9180330175753,14,0.865,1
286.19,GT-0076,27978.088659822162,10588.720666771338,98.65325681673409,-1.4019475579994207,70.58282282672631,12,0.907,10
288.52,GT-0076,28207.950748205152,10585.454128961199,98.65325681673409,-1.4019475579994207,71.9712954109326,12,0.879,10
288.55,GT-0076,28210.91034590966,10585.41207053446,98.65325681673409,-1.4019475579994207,71.99376034665787,12,0.853,10
288.55,GT-0759,6035.141248127197,12667.113128474359,-57.9462753441606,-81.53691302449201,52.553754808785776,13,0.95,1
289.37,GT-0752,5523.90178029619,12872.536544733079,-54.585712264267954,-86.48207950667711,121.31001140380656,10,0.88,1
289.37,GT-0759,5987.625302344986,12600.252859794276,-57.9462753441606,-81.53691302449201,52.64684630749937,13,0.922,1
290.39,GT-0752,5468.224353786638,12784.324823636269,-54.585712264267954,-86.48207950667711,121.32913454333215,10,0.854,1
290.39,GT-0759,5928.520101493944,12517.085208509296,-57.9462753441606,-81.53691302449201,52.833630642941706,13,0.894,1
290.54,GT-0759,5875.942852321199,12387.354256169981,-50.87838026615866,-87.83557322753806,52.46046480260536,13,0.985,1
290.7,GT-0076,28423.05469609852,10582.353493708784,98.65758845019786,-1.405081329612301,73.97064759755911,12,0.933,10
290.7,GT-0759,5867.802311478616,12373.300564453579,-50.87838026615866,-87.83557322753806,52.46067034211029,13,0.955,1
291.73,GT-0076,28524.672012202227,10580.906259939284,98.65758845019786,-1.405081329612301,75.15281920917263,12,0.905,10
291.73,GT-0759,5815.39757980447,12282.829924029213,-50.87838026615866,-87.83557322753806,52.47618636889404,13,0.927,1
292.0,GT-0004,29030.148614068476,10466.226185940559,94.13870803948932,2.2076609809817733,160.42149418925507,9,0.886,7
292.0,GT-0076,28551.309561083777,10580.526887980288,98.65758845019786,-1.405081329612301,75.49082187549084,12,0.878,10
292.0,GT-0759,5801.660417132608,12259.114319257778,-50.87838026615866,-87.83557322753806,52.48594358791925,13,0.899,1
292.47,GT-0004,29074.393806847038,10467.263786601621,94.13870803948932,2.2076609809817733,160.42679128493472,9,0.86,7
292.47,GT-0076,28597.678627655372,10579.86649975537,98.65758845019786,-1.405081329612301,76.10760522214436,12,0.851,10
292.47,GT-0759,5852.743308157997,12364.54193646887,-48.370204754967496,-87.75660550626746,52.46036942259794,13,0.985,1
292.87,GT-0759,5833.395226256011,12329.439294266365,-48.370204754967496,-87.75660550626746,52.461746629487166,13,0.956,1
294.23,GT-0759,5767.589484640151,12210.04761535613,-48.359549793243524,-87.7611275940216,52.511518586818156,13,0.989,1
294.28,GT-0752,5430.252570998017,12440.734862649757,-43.406535406606764,-92.43988688978122,121.31000022385057,10,0.93,1
294.28,GT-0759,5765.1715071504905,12205.659558976433,-48.359549793243524,-87.7611275940216,52.514332579542874,13,0.96,1
294.58,GT-0752,5417.263199095472,12413.036567137246,-43.40736260386108,-92.4400818225164,121.36612884566607,10,0.967,2
294.58,GT-0759,5750.663642212517,12179.331220698225,-48.359549793243524,-87.7611275940216,52.53386782116692,13,0.931,1
294.59,GT-0752,5416.829125469434,12412.11216631902,-43.40736260386108,-92.4400818225164,121.36623675708572,10,0.938,2
294.59,GT-0759,5750.180046714585,12178.453609422286,-48.359549793243524,-87.7611275940216,52.534600777795134,13,0.903,1
295.93,GT-0752,5358.663259580258,12288.242456676846,-43.40736260386108,-92.4400818225164,121.41681142946118,10,0.91,2
295.93,GT-0759,5685.378249991637,12060.853698446293,-48.359549793243524,-87.7611275940216,52.68985301944037,13,0.876,1
296.07,GT-0752,5352.586228815719,12275.300845221695,-43.40736260386108,-92.4400818225164,121.42665362316102,10,0.882,2
296.56,GT-0752,5331.316621139827,12230.00520512866,-43.40736260386108,-92.4400818225164,121.4687202257011,10,0.856,2
296.56,GT-0759,5625.499220163328,11970.863027141195,-42.668882183896706,-90.89751789346157,39.67986913941788,14,0.986,1
