time,sensor,local_track_id,source_map_found,active_track_count,predicted_global_track_id,position_innovation_m,velocity_innovation_mps,d2,base_gate,effective_gate,q_scale,maneuver_score,last_nis,assignment_cost,accepted_global_track_id,created_global_track_id,measurement_accepted,result
5.08,RADAR_A,RADAR_A-T2591,False,2,GT-0001,506.58437739399574,83.1679450107399,0.630831159994659,22.5,22.5,1.0,0.0,0.0,78.01242214406825,GT-0001,,True,ACCEPTED
9.61,RADAR_B,RADAR_B-T8280,False,4,GT-0003,764.7137065904662,44.815255797742175,1.3699362063361857,22.5,22.5,1.0,0.0,0.0,82.90178632933832,GT-0003,,True,ACCEPTED
10.77,RADAR_A,RADAR_A-T8041,False,5,GT-0003,845.9016171414197,31.130768744648556,4.2846190578546794,22.5,22.5,1.0,0.0,1.3699362063361857,60.814433779039454,GT-0003,,True,ACCEPTED
15.49,RADAR_B,RADAR_B-T8280,True,4,GT-0003,627.9161930670612,80.96278773619593,50.90412437236066,22.5,22.5,1.0,0.0,5.103975921986388,103.97571938203043,,GT-0006,False,MAHALANOBIS_GATE_FAIL;NEW_TRACK_CREATED
21.08,RADAR_A,RADAR_A-T3405,False,5,GT-0006,610.2775513990188,79.71529677564023,1.3975282016103716,22.5,22.5,1.0,0.0,0.0,85.01213519828733,GT-0006,,True,ACCEPTED
23.45,RADAR_A,RADAR_A-T3405,True,5,GT-0006,800.7332753834312,6.48007879880961,1.698911844813975,22.5,22.5,1.0,0.0,1.3975282016103716,57.6220884160212,GT-0006,,True,ACCEPTED
26.27,RADAR_A,RADAR_A-T3405,True,5,GT-0006,1061.5212972252148,7.97250450300981,2.7699819400069003,22.5,22.5,1.0,0.0,1.698911844813975,59.471311924676684,GT-0006,,True,ACCEPTED
26.54,RADAR_B,RADAR_B-T9563,False,5,GT-0006,859.184501230952,38.63014183957223,9.969555759124727,22.5,22.5,1.0,0.0,2.7699819400069003,65.17389451334562,GT-0006,,True,ACCEPTED
28.69,RADAR_A,RADAR_A-T3405,True,5,GT-0006,1195.1020615019927,24.647554853610057,5.881544467384722,22.5,22.5,1.0,0.06615926265207879,9.969555759124727,61.111833080033385,GT-0006,,True,ACCEPTED
31.17,RADAR_A,RADAR_A-T3405,True,5,GT-0006,1145.2130016334572,52.47445850850888,9.433429199512648,22.5,22.5,1.0,0.052927410121663035,5.881544467384722,66.15036440319084,GT-0006,,True,ACCEPTED
32.69,RADAR_B,RADAR_B-T9563,True,4,GT-0006,1843.6867402122061,60.65599493882356,23.478195222407397,22.5,22.5,1.0,0.0995657480892079,9.433429199512648,78.87642337347326,,GT-0007,False,MAHALANOBIS_GATE_FAIL;NEW_TRACK_CREATED
32.69,RADAR_C,RADAR_C-T1628,False,4,GT-0006,1313.9643837713609,10.353860194009552,3.7439048364703797,22.5,22.5,1.0,0.0995657480892079,9.433429199512648,59.35875807052576,GT-0006,,True,ACCEPTED
33.3,RADAR_A,RADAR_A-T3405,True,5,GT-0006,1649.807353247989,40.09443079949624,13.033414401579929,22.5,22.5,1.0,0.07965259847136633,3.7439048364703797,68.04608754175383,GT-0006,,True,ACCEPTED
36.24,RADAR_A,RADAR_A-T3405,True,5,GT-0006,1469.5620050897046,31.74542807919665,8.641447345634047,22.5,22.5,1.0,0.18094565213675856,13.033414401579929,64.12840588158645,GT-0006,,True,ACCEPTED
42.56,RADAR_A,RADAR_A-T7062,False,5,GT-0006,2038.9765053521926,33.347275242554,10.125597482513621,22.5,22.5,1.0,0.18878064413664097,8.641447345634047,69.22856607322046,GT-0006,,True,ACCEPTED
43.1,RADAR_C,RADAR_C-T5675,False,4,GT-0006,1562.3247738991922,89.7025779423593,54.0948851968126,22.5,22.5,1.0,0.2197844733512065,10.125597482513621,109.41376147768922,,GT-0008,False,SOURCE_MAP_NOT_FOUND;MAHALANOBIS_GATE_FAIL;NEW_TRACK_CREATED
44.18,RADAR_B,RADAR_B-T1196,False,5,GT-0008,1257.871920267798,30.999727004904376,1.8791176397658043,22.5,22.5,1.0,0.0,0.0,77.76533467149879,GT-0008,,True,ACCEPTED
47.64,RADAR_A,RADAR_A-T7894,False,5,GT-0006,1146.411912715538,23.446550244375747,4.615169741055232,22.5,22.5,1.0,0.2197844733512065,10.125597482513621,62.155807039381294,GT-0006,,True,ACCEPTED
52.3,RADAR_A,RADAR_A-T4156,False,5,GT-0006,719.1200793960508,12.593522439601605,1.5709498576346241,22.5,22.5,1.0,0.1758275786809652,4.615169741055232,58.30709310602573,GT-0006,,True,ACCEPTED
56.53,RADAR_A,RADAR_A-T1034,False,6,GT-0006,806.315917209856,30.055579744919513,3.4385313431129685,22.5,22.5,1.0,0.14066206294477218,1.5709498576346241,60.93246902569334,GT-0006,,True,ACCEPTED
58.57,RADAR_C,RADAR_C-T5675,True,6,GT-0006,982.1911718770244,42.79832452288871,8.208953274602496,22.5,22.5,1.0,0.11252965035581775,3.4385313431129685,64.81011798806787,GT-0006,,True,ACCEPTED
58.96,RADAR_A,RADAR_A-T1034,True,6,GT-0006,1068.1496588143395,22.517715254268328,4.122166344716328,22.5,22.5,1.0,0.1268396081946958,8.208953274602496,60.060222032988996,GT-0006,,True,ACCEPTED
61.62,RADAR_A,RADAR_A-T1034,True,7,GT-0006,1041.630965684524,18.16946115178102,3.8754575222730967,22.5,22.5,1.0,0.10147168655575665,4.122166344716328,58.908535221009544,GT-0006,,True,ACCEPTED
64.54,RADAR_A,RADAR_A-T1034,True,6,GT-0006,1580.3889890248017,26.125647313982075,7.361741799341995,22.5,22.5,1.0,0.08117734924460533,3.8754575222730967,64.71721878143371,GT-0006,,True,ACCEPTED
67.0,RADAR_B,RADAR_B-T6791,False,6,GT-0006,1397.6203631448861,22.522930290877877,6.5265357647741675,22.5,22.5,1.0,0.08763757605138418,7.361741799341995,61.87758195761271,GT-0006,,True,ACCEPTED
70.25,RADAR_B,RADAR_B-T6791,True,6,GT-0006,1353.7994778380337,19.34820985241455,4.635730849759413,22.5,22.5,1.0,0.07888565692067681,6.5265357647741675,62.79912468174325,GT-0006,,True,ACCEPTED
70.67,RADAR_C,RADAR_C-T5675,True,6,GT-0006,1369.3182720877141,51.84704344515872,12.109656163770842,22.5,22.5,1.0,0.06310852553654145,4.635730849759413,69.14402827890902,GT-0006,,True,ACCEPTED
71.95,RADAR_A,RADAR_A-T9644,False,6,GT-0006,1692.9566624364645,15.585075343089226,7.253975256825639,22.5,22.5,1.0,0.15231442315874721,12.109656163770842,63.572494810861464,GT-0006,,True,ACCEPTED
73.76,RADAR_A,RADAR_A-T9644,True,6,GT-0006,1573.9696076235875,6.842077705760974,6.393906297373253,22.5,22.5,1.0,0.1427511261407584,7.253975256825639,58.464630054234945,GT-0006,,True,ACCEPTED
79.34,RADAR_A,RADAR_A-T8786,False,5,GT-0006,193.28869041028315,9.917927025686357,0.12657748690092482,22.5,22.5,1.0,0.1207660058688276,6.393906297373253,64.68145916413208,GT-0006,,True,ACCEPTED
81.67,RADAR_A,RADAR_A-T8786,True,5,GT-0006,708.3654871141457,19.972991751078112,3.9003103966885777,22.5,22.5,1.0,0.09661280469506209,0.12657748690092482,57.6279842962548,GT-0006,,True,ACCEPTED
84.34,RADAR_A,RADAR_A-T8786,True,5,GT-0006,562.3084816422042,12.41830998089118,1.7134766416430205,22.5,22.5,1.0,0.07729024375604968,3.9003103966885777,55.93891611294207,GT-0006,,True,ACCEPTED
86.26,RADAR_A,RADAR_A-T8786,True,5,GT-0006,742.5665215772378,16.64495101594398,3.665146013369447,22.5,22.5,1.0,0.061832195004839746,1.7134766416430205,56.81962474054533,GT-0006,,True,ACCEPTED
87.72,RADAR_B,RADAR_B-T9407,False,5,GT-0006,893.0229325369287,55.04106235048523,28.40152419323255,22.5,22.5,1.0,0.0494657560038718,3.665146013369447,81.58548135074032,,GT-0014,False,SOURCE_MAP_NOT_FOUND;MAHALANOBIS_GATE_FAIL;NEW_TRACK_CREATED
88.3,RADAR_C,RADAR_C-T9630,False,6,GT-0014,360.95057804720125,12.773273685385302,0.20759743539957562,22.5,22.5,1.0,0.0,0.0,71.6599486002824,GT-0014,,True,ACCEPTED
88.47,RADAR_A,RADAR_A-T8786,True,6,GT-0006,902.7209039627955,14.798727277790007,3.428560086104103,22.5,22.5,1.0,0.0494657560038718,3.665146013369447,57.11683245703203,GT-0006,,True,ACCEPTED
90.15,RADAR_A,RADAR_A-T8786,True,6,GT-0006,576.7750083655307,4.606469814091612,1.0024155547993923,22.5,22.5,1.0,0.03957260480309744,3.428560086104103,53.49899844647153,GT-0006,,True,ACCEPTED
91.47,RADAR_B,RADAR_B-T9407,True,6,GT-0006,841.9030639669917,36.562442383595304,14.104941638555214,22.5,22.5,1.0,0.03165808384247795,1.0024155547993923,67.47280816575761,GT-0006,,True,ACCEPTED
92.7,RADAR_A,RADAR_A-T8786,True,6,GT-0006,709.2168032322035,9.99906667460813,1.9240426077028072,22.5,22.5,1.0,0.16040882771656928,14.104941638555214,55.60213389353315,GT-0006,,True,ACCEPTED
95.66,RADAR_A,RADAR_A-T8786,True,6,GT-0006,1043.0850668402345,16.24380289069327,4.885104932980149,22.5,22.5,1.0,0.12832706217325543,1.9240426077028072,58.070748209736415,GT-0006,,True,ACCEPTED
96.06,RADAR_B,RADAR_B-T9407,True,6,GT-0006,505.1936900970251,9.629010733217756,4.431367129827943,22.5,22.5,1.0,0.10266164973860435,4.885104932980149,52.766306657054805,GT-0006,,True,ACCEPTED
97.67,RADAR_C,RADAR_C-T9630,True,6,GT-0006,1032.1344316684722,69.22777477000034,5.0652183805931275,22.5,22.5,1.0,0.08212931979088349,4.431367129827943,66.57913945589189,GT-0006,,True,ACCEPTED
98.19,RADAR_A,RADAR_A-T8786,True,6,GT-0006,359.86923367798994,40.8712526965182,1.079394532497289,22.5,22.5,1.0,0.0657034558327068,5.0652183805931275,62.74498546756339,GT-0006,,True,ACCEPTED
100.54,RADAR_A,RADAR_A-T8786,True,6,GT-0006,615.7835733961932,20.22332148726118,1.6101192867419016,22.5,22.5,1.0,0.05256276466616544,1.079394532497289,59.0882523022064,GT-0006,,True,ACCEPTED
103.18,RADAR_A,RADAR_A-T8786,True,6,GT-0006,1259.4065317552722,29.08131444261933,6.0229570957473335,22.5,22.5,1.0,0.04205021173293236,1.6101192867419016,62.24542654015568,GT-0006,,True,ACCEPTED
104.62,RADAR_B,RADAR_B-T2905,False,6,GT-0006,1449.5552223654522,37.25237616276147,12.133754025637682,22.5,22.5,1.0,0.03402278764880145,6.0229570957473335,67.21200772851239,GT-0006,,True,ACCEPTED
105.77,RADAR_A,RADAR_A-T8786,True,6,GT-0006,551.5125326346716,8.842675906109102,1.2850530061859735,22.5,22.5,1.0,0.1294474638796692,12.133754025637682,55.23991419968735,GT-0006,,True,ACCEPTED
108.84,RADAR_A,RADAR_A-T8786,True,6,GT-0006,1813.047240444136,20.931746775937903,9.747017998918512,22.5,22.5,1.0,0.10355797110373538,1.2850530061859735,64.69496581781993,GT-0006,,True,ACCEPTED
109.45,RADAR_B,RADAR_B-T2905,True,5,GT-0006,1679.60503838933,28.371387116835677,10.797501298669477,22.5,22.5,1.0,0.1452966768649635,9.747017998918512,65.42633642897907,GT-0006,,True,ACCEPTED
114.45,RADAR_A,RADAR_A-T5614,False,4,GT-0006,1376.9121031256338,14.542965560044093,5.0425864421207,22.5,22.5,1.0,0.19619569646979543,10.797501298669477,62.903373199465655,GT-0006,,True,ACCEPTED
114.94,RADAR_B,RADAR_B-T2905,True,4,GT-0006,1066.2887646732213,14.132513967462634,4.373179878087078,22.5,22.5,1.0,0.15695655717583634,5.0425864421207,58.093199426503524,GT-0006,,True,ACCEPTED
117.2,RADAR_A,RADAR_A-T5614,True,4,GT-0006,413.48449898818524,11.312053782863845,0.5527067537480967,22.5,22.5,1.0,0.12556524574066907,4.373179878087078,60.33842086225817,GT-0006,,True,ACCEPTED
119.43,RADAR_A,RADAR_A-T5614,True,4,GT-0006,379.5430914577141,3.913978800867608,0.38807480806775585,22.5,22.5,1.0,0.10045219659253526,0.5527067537480967,58.965808218834205,GT-0006,,True,ACCEPTED
122.44,RADAR_A,RADAR_A-T5614,True,4,GT-0006,1038.9448674246091,13.089923435406767,3.139860825704802,22.5,22.5,1.0,0.08036175727402822,0.38807480806775585,58.68152242321887,GT-0006,,True,ACCEPTED
122.44,RADAR_C,RADAR_C-T5314,False,4,GT-0006,1211.0178436774238,34.90353079742706,5.077782084411018,22.5,22.5,1.0,0.08036175727402822,0.38807480806775585,63.73137536768936,,GT-0016,False,SOURCE_MAP_NOT_FOUND;HUNGARIAN_NOT_SELECTED;NEW_TRACK_CREATED
124.85,RADAR_B,RADAR_B-T8440,False,5,GT-0006,1436.7087299587222,59.46691951291004,18.97793755220496,22.5,22.5,1.0,0.06428940581922259,3.139860825704802,75.03098630149582,GT-0006,,True,ACCEPTED
125.4,RADAR_A,RADAR_A-T5614,True,5,GT-0006,824.7310703087794,107.7489627211608,58.66476839311251,22.5,22.5,1.0,0.2514315246553781,18.97793755220496,113.3451722196028,,GT-0017,False,MAHALANOBIS_GATE_FAIL;NEW_TRACK_CREATED
127.86,RADAR_A,RADAR_A-T5614,True,5,GT-0017,818.3346719510255,38.70081840941244,1.356691381549871,22.5,22.5,1.0,0.0,0.0,80.28778921110187,GT-0017,,True,ACCEPTED
129.61,RADAR_B,RADAR_B-T8440,True,5,GT-0017,352.1153820605852,7.95140066486729,0.34437270696319655,22.5,22.5,1.0,0.0,1.356691381549871,58.654784126763616,GT-0017,,True,ACCEPTED
130.11,RADAR_A,RADAR_A-T5614,True,5,GT-0017,515.1036194967731,34.793315709946086,2.478010273277142,22.5,22.5,1.0,0.0,0.34437270696319655,60.743858836008286,GT-0017,,True,ACCEPTED
134.8,RADAR_A,RADAR_A-T5410,False,5,GT-0017,740.3572318728407,63.10583778824681,2.3685353676828425,22.5,22.5,1.0,0.0,2.478010273277142,65.60414704220919,GT-0017,,True,ACCEPTED
136.69,RADAR_B,RADAR_B-T8440,True,5,GT-0017,837.2429241138633,14.39654279902383,2.4704472724695665,22.5,22.5,1.0,0.0,2.3685353676828425,57.507412923123645,GT-0017,,True,ACCEPTED
142.37,RADAR_A,RADAR_A-T8260,False,5,GT-0017,667.3211370864861,83.62137548163115,7.434270198721685,22.5,22.5,1.0,0.0,2.4704472724695665,67.015532661854,GT-0017,,True,ACCEPTED
142.5,RADAR_B,RADAR_B-T8440,True,5,GT-0017,462.76800392490253,45.54826673350191,29.50059722156364,22.5,22.5,1.0,0.023904503312028084,7.434270198721685,82.22357020918837,,GT-0018,False,MAHALANOBIS_GATE_FAIL;NEW_TRACK_CREATED
145.14,RADAR_A,RADAR_A-T8260,True,6,GT-0017,463.0362618906648,18.527763561797922,0.9446654915177382,22.5,22.5,1.0,0.023904503312028084,7.434270198721685,59.90061284426553,GT-0017,,True,ACCEPTED
149.57,RADAR_A,RADAR_A-T9349,False,5,GT-0017,327.7477309708228,32.814254060742435,5.455618121909601,22.5,22.5,1.0,0.01912360264962247,0.9446654915177382,60.40680511937552,GT-0017,,True,ACCEPTED
152.79,RADAR_A,RADAR_A-T9349,True,4,GT-0017,662.2426022423617,51.80982579107599,6.295966807100375,22.5,22.5,1.0,0.015298882119697977,5.455618121909601,63.718388789233714,GT-0017,,True,ACCEPTED
152.89,RADAR_B,RADAR_B-T2797,False,4,GT-0017,554.9149210081466,38.34422914243015,9.591880452341863,22.5,22.5,1.0,0.017171885814097964,6.295966807100375,64.82551705504179,GT-0017,,True,ACCEPTED
157.39,RADAR_A,RADAR_A-T4208,False,4,GT-0017,455.3295801094788,45.247487240252305,4.753774033093763,22.5,22.5,1.0,0.07360218285697609,9.591880452341863,62.26944143245339,GT-0017,,True,ACCEPTED
160.97,RADAR_C,RADAR_C-T3096,False,4,GT-0017,444.80771798171793,17.604300699464233,1.6336556038780876,22.5,22.5,1.0,0.05888174628558088,4.753774033093763,57.65805007446365,GT-0017,,True,ACCEPTED
161.72,RADAR_A,RADAR_A-T1475,False,4,GT-0017,181.77702619366585,34.80167610228421,4.284819181053815,22.5,22.5,1.0,0.0471053970284647,1.6336556038780876,60.285234967235176,GT-0017,,True,ACCEPTED
164.47,RADAR_A,RADAR_A-T1475,True,4,GT-0017,661.0152020979731,51.442356786601735,6.903544999613945,22.5,22.5,1.0,0.03768431762277177,4.284819181053815,64.02585914048142,GT-0017,,True,ACCEPTED
168.62,RADAR_B,RADAR_B-T8076,False,4,GT-0017,588.3133833392227,66.04534126538259,2.52480171731481,22.5,22.5,1.0,0.04520653742511649,6.903544999613945,64.98906386046303,GT-0017,,True,ACCEPTED
169.68,RADAR_A,RADAR_A-T2449,False,4,GT-0017,338.9140732875355,46.30831213944411,8.638867119771847,22.5,22.5,1.0,0.03616522994009319,2.52480171731481,64.07537196219046,GT-0017,,True,ACCEPTED
172.01,RADAR_C,RADAR_C-T3096,True,4,GT-0017,792.8140958529809,76.72018235326662,5.231166016236301,22.5,22.5,1.0,0.07291330261493867,8.638867119771847,67.69908779788902,GT-0017,,True,ACCEPTED
172.41,RADAR_A,RADAR_A-T2449,True,4,GT-0017,385.93917356472406,32.25858045813727,1.0781277759476422,22.5,22.5,1.0,0.058330642091950935,5.231166016236301,61.96571606851642,GT-0017,,True,ACCEPTED
177.43,RADAR_A,RADAR_A-T1734,False,4,GT-0017,586.9863228006392,16.359956601240793,1.0602116015237861,22.5,22.5,1.0,0.046664513673560754,1.0781277759476422,60.46429491931467,GT-0017,,True,ACCEPTED
180.06,RADAR_A,RADAR_A-T1734,True,4,GT-0017,528.3079375941804,48.9162268072172,9.981095526964799,22.5,22.5,1.0,0.037331610938848604,1.0602116015237861,65.60898130020928,GT-0017,,True,ACCEPTED
182.94,RADAR_A,RADAR_A-T1734,True,4,GT-0017,856.1540247708052,58.34184261452209,21.021421468798646,22.5,22.5,1.0,0.09621688086715886,9.981095526964799,75.49159045125441,GT-0017,,True,ACCEPTED
184.11,RADAR_B,RADAR_B-T4686,False,4,GT-0017,407.4031109365971,64.1577050026718,12.203760288989464,22.5,22.5,1.0,0.2769735046937271,21.021421468798646,69.64325401938117,GT-0017,,True,ACCEPTED
185.11,RADAR_C,RADAR_C-T3096,True,4,GT-0017,1693.3931400787278,64.0518965240403,14.596845010932638,22.5,22.5,1.0,0.32497480857147276,12.203760288989464,72.00019159074036,GT-0017,,True,ACCEPTED
187.57,RADAR_A,RADAR_A-T5309,False,4,GT-0017,325.96157322439774,135.98335457969827,21.726409006324953,22.5,22.5,1.0,0.4032605970393889,14.596845010932638,80.84256714023041,,GT-0020,False,SOURCE_MAP_NOT_FOUND;VELOCITY_GATE_FAIL;NEW_TRACK_CREATED
187.77,RADAR_B,RADAR_B-T4686,True,5,GT-0020,575.2873213927261,17.615832638132172,0.7299553778357873,22.5,22.5,1.0,0.0,0.0,65.038741204533,GT-0020,,True,ACCEPTED
192.55,RADAR_A,RADAR_A-T7787,False,5,GT-0020,1458.8394620659976,369.503026470316,1.6220015269251526,22.5,22.5,1.0,0.0,0.7299553778357873,77.01718712562352,,GT-0021,False,SOURCE_MAP_NOT_FOUND;VELOCITY_GATE_FAIL;NEW_TRACK_CREATED
197.03,RADAR_A,RADAR_A-T1150,False,6,GT-0021,1027.9163234542589,35.46135561624489,2.19673039270829,22.5,22.5,1.0,0.0,0.0,84.77021160184819,GT-0021,,True,ACCEPTED
197.45,RADAR_B,RADAR_B-T3916,False,6,GT-0021,1001.8576574003255,20.008608170490383,4.248134952287964,22.5,22.5,1.0,0.0,2.19673039270829,59.01406825406419,GT-0021,,True,ACCEPTED
199.1,RADAR_A,RADAR_A-T1150,True,6,GT-0021,521.7846814175309,31.231489651807102,4.671355780438768,22.5,22.5,1.0,0.0,4.248134952287964,60.25207195178323,GT-0021,,True,ACCEPTED
202.02,RADAR_A,RADAR_A-T1150,True,6,GT-0021,681.0256196086773,34.340776057650025,2.221389061501976,22.5,22.5,1.0,0.0,4.671355780438768,61.646377487830065,GT-0021,,True,ACCEPTED
204.8,RADAR_A,RADAR_A-T1150,True,6,GT-0021,535.1077755252377,5.139720004384772,0.6877752197240015,22.5,22.5,1.0,0.0,2.221389061501976,60.47519679809903,GT-0021,,True,ACCEPTED
207.29,RADAR_A,RADAR_A-T1150,True,6,GT-0021,105.06909905375318,13.547466125145368,0.6694430812131578,22.5,22.5,1.0,0.0,0.6877752197240015,56.48250789163509,GT-0021,,True,ACCEPTED
208.24,RADAR_B,RADAR_B-T7878,False,6,GT-0021,167.85895521837747,11.030090636260653,0.621396969135985,22.5,22.5,1.0,0.0,0.6694430812131578,56.142468139515636,GT-0021,,True,ACCEPTED
213.59,RADAR_A,RADAR_A-T1675,False,6,GT-0021,582.2765852491897,59.52234362766305,3.002442831396291,22.5,22.5,1.0,0.0,0.621396969135985,63.80160291259887,GT-0021,,True,ACCEPTED
215.55,RADAR_A,RADAR_A-T1675,True,5,GT-0021,187.74894069386286,34.38823822395166,7.688802390373519,22.5,22.5,1.0,0.0,3.002442831396291,61.76088373047471,GT-0021,,True,ACCEPTED
220.92,RADAR_A,RADAR_A-T2402,False,4,GT-0021,316.8919921187936,86.87074112205357,17.407473769722067,22.5,22.5,1.0,0.028146706506225323,7.688802390373519,74.5912776923123,GT-0021,,True,ACCEPTED
221.35,RADAR_B,RADAR_B-T3805,False,4,GT-0021,471.5580958807845,46.566508675949684,42.48472593608408,22.5,22.5,1.0,0.2126419280336814,17.407473769722067,93.31840128601937,,GT-0022,False,SOURCE_MAP_NOT_FOUND;MAHALANOBIS_GATE_FAIL;NEW_TRACK_CREATED
225.28,RADAR_A,RADAR_A-T7551,False,5,GT-0021,239.61826738418873,54.82937480426586,11.635319215422562,22.5,22.5,1.0,0.2126419280336814,17.407473769722067,67.32299381768826,GT-0021,,True,ACCEPTED
225.35,RADAR_C,RADAR_C-T8066,False,5,GT-0021,268.14400141292117,65.27230114720807,22.332364792304283,22.5,22.5,1.0,0.2640355293506545,11.635319215422562,78.21820543345385,GT-0021,,True,ACCEPTED
227.67,RADAR_B,RADAR_B-T3805,True,5,GT-0021,1179.6148984538745,69.93424637524276,14.49495526296102,22.5,22.5,1.0,0.41122842348052363,22.332364792304283,72.29035680167185,GT-0021,,True,ACCEPTED
228.12,RADAR_A,RADAR_A-T7551,True,5,GT-0021,525.978665463398,83.05547072589835,19.050770520417842,22.5,22.5,1.0,0.4705653265004359,14.49495526296102,75.85438552457143,GT-0021,,True,ACCEPTED
230.78,RADAR_A,RADAR_A-T7551,True,5,GT-0021,632.3335412110341,66.10804266253477,18.305397792702358,22.5,22.5,1.0,0.5764522612003488,19.050770520417842,73.718231320411,GT-0021,,True,ACCEPTED
232.25,RADAR_B,RADAR_B-T3805,True,4,GT-0021,357.77681553102815,20.777704419419575,1.2707779183552577,22.5,34.400912561285026,1.0,0.6611618089602791,18.305397792702358,58.341091776251176,GT-0021,,True,ACCEPTED
233.38,RADAR_C,RADAR_C-T8066,True,4,GT-0021,1085.538223437693,79.01964251948404,17.869557069431586,22.5,22.5,1.0,0.5289294471682233,1.2707779183552577,76.4715445561541,GT-0021,,True,ACCEPTED
235.89,RADAR_A,RADAR_A-T1047,False,4,GT-0021,470.5799747007513,112.11510708900914,5.462386985510302,22.5,33.677451160051895,1.0,0.6209695088917718,17.869557069431586,67.71566078145356,GT-0021,,True,ACCEPTED
239.97,RADAR_B,RADAR_B-T3696,False,4,GT-0021,682.0603237458174,18.900864909039473,1.5660920421928843,22.5,22.5,1.0,0.4967756071134175,5.462386985510302,60.67318259978395,GT-0021,,True,ACCEPTED
242.85,RADAR_A,RADAR_A-T3032,False,5,GT-0021,678.8798927867466,28.55356262297967,2.166447040266351,22.5,22.5,1.0,0.397420485690734,1.5660920421928843,61.657860472302296,GT-0021,,True,ACCEPTED
245.05,RADAR_A,RADAR_A-T3032,True,5,GT-0021,958.0718860837294,11.402043251705706,2.9278768936991284,22.5,22.5,1.0,0.3179363885525872,2.166447040266351,56.768485890629734,GT-0021,,True,ACCEPTED
247.75,RADAR_A,RADAR_A-T3032,True,4,GT-0021,1025.8599154935728,13.343192065458197,2.7663844979867886,22.5,22.5,1.0,0.2543491108420698,2.9278768936991284,59.82118063453985,GT-0021,,True,ACCEPTED
249.89,RADAR_A,RADAR_A-T3032,True,4,GT-0021,869.1592179417943,6.773347601019063,1.8878731430270057,22.5,22.5,1.0,0.20347928867365583,2.7663844979867886,57.93813343650649,GT-0021,,True,ACCEPTED
252.98,RADAR_A,RADAR_A-T3032,True,4,GT-0021,976.9595209915482,13.673349389423004,2.975671117376423,22.5,22.5,1.0,0.16278343093892467,1.8878731430270057,58.502198912793475,GT-0021,,True,ACCEPTED
254.99,RADAR_A,RADAR_A-T3032,True,4,GT-0021,461.7504049571802,6.368148190654439,0.8679214421657213,22.5,22.5,1.0,0.13022674475113974,2.975671117376423,53.900054516529444,GT-0021,,True,ACCEPTED
257.2,RADAR_A,RADAR_A-T3032,True,4,GT-0021,296.5156744315541,5.680389386744895,0.3793965939463788,22.5,22.5,1.0,0.10418139580091179,0.8679214421657213,55.10071051577259,GT-0021,,True,ACCEPTED
257.82,RADAR_B,RADAR_B-T7413,False,4,GT-0021,525.7575710940791,24.415827516026795,3.0485035375787644,22.5,22.5,1.0,0.08334511664072944,0.3793965939463788,58.671142671968454,GT-0021,,True,ACCEPTED
258.98,RADAR_A,RADAR_A-T3032,True,4,GT-0021,190.5869571840267,15.16678608718701,0.6869391815907129,22.5,22.5,1.0,0.06667609331258355,3.0485035375787644,57.27895795098493,GT-0021,,True,ACCEPTED
261.87,RADAR_A,RADAR_A-T3032,True,4,GT-0021,368.91871483288975,43.70984417705764,12.585471107487386,22.5,22.5,1.0,0.053340874650066844,0.6869391815907129,66.5991699965164,GT-0021,,True,ACCEPTED
266.69,RADAR_A,RADAR_A-T6347,False,5,GT-0021,116.81126292122912,61.878246267292184,9.879820572293976,22.5,22.5,1.0,0.15243055151150992,12.585471107487386,66.79634888835945,GT-0021,,True,ACCEPTED
269.67,RADAR_C,RADAR_C-T6579,False,4,GT-0021,969.2871495949038,21.154585227681846,2.4165723038553817,22.5,22.5,1.0,0.18660811741410754,9.879820572293976,60.734037325831274,GT-0021,,True,ACCEPTED
271.51,RADAR_A,RADAR_A-T2659,False,4,GT-0021,594.290704747642,100.41587753530304,16.12554200370194,22.5,22.5,1.0,0.14928649393128604,2.4165723038553817,74.57539308389335,GT-0021,,True,ACCEPTED
273.84,RADAR_B,RADAR_B-T5112,False,4,GT-0021,696.6934955412792,58.40695390167675,13.913619127073957,22.5,22.5,1.0,0.2881882285400612,16.12554200370194,70.61515083789212,GT-0021,,True,ACCEPTED
276.73,RADAR_A,RADAR_A-T8079,False,4,GT-0021,578.5714904724358,102.51509943475314,19.30343457990359,22.5,22.5,1.0,0.36244423494994826,13.913619127073957,77.25583819364256,GT-0021,,True,ACCEPTED
279.78,RADAR_A,RADAR_A-T8079,True,4,GT-0021,1156.608351196095,16.482056948515837,5.008627366228282,22.5,22.5,1.0,0.48995538795995863,19.30343457990359,58.82934880788493,GT-0021,,True,ACCEPTED
284.38,RADAR_A,RADAR_A-T8615,False,4,GT-0021,621.6969408559712,52.84598842848113,1.5779578210238325,22.5,22.5,1.0,0.3919643103679669,5.008627366228282,64.58292980004566,GT-0021,,True,ACCEPTED
285.17,RADAR_B,RADAR_B-T8849,False,4,GT-0021,921.463593159976,14.244889962546953,7.090060104473922,22.5,22.5,1.0,0.31357144829437356,1.5779578210238325,56.862046927443345,GT-0021,,True,ACCEPTED
286.72,RADAR_A,RADAR_A-T8615,True,4,GT-0021,685.881328374254,18.22537190568139,1.5128408245515699,22.5,22.5,1.0,0.26902482704339753,7.090060104473922,60.58816574696975,GT-0021,,True,ACCEPTED
289.38,RADAR_A,RADAR_A-T8615,True,4,GT-0021,668.4639880461821,25.483661399410323,1.385082050940145,22.5,22.5,1.0,0.21521986163471804,1.5128408245515699,62.628676537465346,GT-0021,,True,ACCEPTED
291.81,RADAR_A,RADAR_A-T8615,True,4,GT-0021,310.08477621479426,36.181220503544175,4.38773919506868,22.5,22.5,1.0,0.17217588930777444,1.385082050940145,60.37532029907787,GT-0021,,True,ACCEPTED
292.35,RADAR_C,RADAR_C-T8068,False,4,GT-0021,671.3972781926026,23.8163786957654,1.7978780133543322,22.5,22.5,1.0,0.13774071144621955,4.38773919506868,61.57319243676233,GT-0021,,True,ACCEPTED
294.17,RADAR_A,RADAR_A-T8615,True,4,GT-0021,344.41091223000404,7.878945145098115,0.48203884940616143,22.5,22.5,1.0,0.11019256915697564,1.7978780133543322,56.966032579294136,GT-0021,,True,ACCEPTED
296.57,RADAR_B,RADAR_B-T4518,False,4,GT-0021,1321.0362064678725,17.569898201647487,6.786810143255456,22.5,22.5,1.0,0.08815405532558052,0.48203884940616143,60.72529547275185,GT-0021,,True,ACCEPTED
297.22,RADAR_A,RADAR_A-T8615,True,4,GT-0021,535.6540252850465,17.688171287613148,4.120657472553788,22.5,22.5,1.0,0.08363674664805536,6.786810143255456,56.397011747494105,GT-0021,,True,ACCEPTED
299.43,RADAR_A,RADAR_A-T8615,True,4,GT-0021,320.91515038393334,21.89173840521104,0.5940657691741392,22.5,22.5,1.0,0.0669093973184443,4.120657472553788,61.20828192068647,GT-0021,,True,ACCEPTED
301.09,RADAR_B,RADAR_B-T4518,True,4,GT-0021,590.942536815914,26.12538604451832,1.689107036063287,22.5,22.5,1.0,0.05352751785475544,0.5940657691741392,61.03012657380864,GT-0021,,True,ACCEPTED
301.6,RADAR_A,RADAR_A-T8615,True,4,GT-0021,828.8657046955132,43.51111604638102,3.7553054552531644,22.5,22.5,1.0,0.042822014283804354,1.689107036063287,62.65683681743313,GT-0021,,True,ACCEPTED
307.48,RADAR_A,RADAR_A-T8303,False,4,GT-0021,584.5154558647013,78.62528957862241,6.606312940428505,22.5,22.5,1.0,0.034257611427043484,3.7553054552531644,66.03385252471396,GT-0021,,True,ACCEPTED
310.39,RADAR_A,RADAR_A-T8303,True,4,GT-0021,635.1720111440044,26.22232919893853,3.4364998752644254,22.5,22.5,1.0,0.0375113048154432,6.606312940428505,59.3848755638686,GT-0021,,True,ACCEPTED
318.02,RADAR_B,RADAR_B-T2259,False,4,GT-0021,688.8564397400119,37.28145177802513,2.014139632808794,22.5,22.5,1.0,0.03000904385235456,3.4364998752644254,63.19622554420462,GT-0021,,True,ACCEPTED
321.07,RADAR_B,RADAR_B-T2259,True,4,GT-0021,1155.4478662685046,9.94415931903129,3.3189866051850103,22.5,22.5,1.0,0.02400723508188365,2.014139632808794,61.87473631770384,GT-0021,,True,ACCEPTED
321.53,RADAR_A,RADAR_A-T6347,True,4,GT-0021,629.030086359105,19.520884265766405,6.037589059448376,22.5,22.5,1.0,0.01920578806550692,3.3189866051850103,57.74061944673299,GT-0021,,True,ACCEPTED
326.48,RADAR_B,RADAR_B-T2259,True,4,GT-0021,646.3235026778431,82.2707296961013,1.5618420126803088,22.5,22.5,1.0,0.01599111477654513,6.037589059448376,68.30317938218354,GT-0021,,True,ACCEPTED
326.86,RADAR_A,RADAR_A-T1381,False,4,GT-0021,451.6284787532274,21.410609272436595,0.9982350220955748,22.5,22.5,1.0,0.012792891821236106,1.5618420126803088,60.783266034463885,GT-0021,,True,ACCEPTED
330.52,RADAR_B,RADAR_B-T2259,True,4,GT-0021,888.3048172342412,21.13721638742138,3.4612883422736633,22.5,22.5,1.0,0.010234313456988886,0.9982350220955748,59.058479484263934,GT-0021,,True,ACCEPTED
330.82,RADAR_A,RADAR_A-T4108,False,4,GT-0021,726.4418231879353,14.164591031468778,1.9193853876955673,22.5,22.5,1.0,0.008187450765591109,3.4612883422736633,57.443733015715424,GT-0021,,True,ACCEPTED
332.54,RADAR_A,RADAR_A-T4108,True,4,GT-0021,1228.2271282530753,5.366860703134295,3.957572227309147,22.5,22.5,1.0,0.006549960612472887,1.9193853876955673,56.55272637632171,GT-0021,,True,ACCEPTED
335.03,RADAR_A,RADAR_A-T4108,True,4,GT-0021,1017.3913506249978,4.965866908361556,2.611979983144234,22.5,22.5,1.0,0.00523996848997831,3.957572227309147,57.074318982941605,GT-0021,,True,ACCEPTED
337.92,RADAR_A,RADAR_A-T4108,True,4,GT-0021,1324.164727811348,12.389781550192762,4.766562410156317,22.5,22.5,1.0,0.004191974791982648,2.611979983144234,59.74591841810724,GT-0021,,True,ACCEPTED
343.03,RADAR_A,RADAR_A-T2572,False,4,GT-0021,822.541208056075,3.8618548179300145,1.6582737885532284,22.5,22.5,1.0,0.0033535798335861187,4.766562410156317,60.92354197302254,GT-0021,,True,ACCEPTED
344.29,RADAR_B,RADAR_B-T8662,False,4,GT-0021,781.8007198625318,48.26526028682349,27.797734305613144,22.5,22.5,1.0,0.002682863866868895,1.6582737885532284,80.562449647855,,GT-0028,False,SOURCE_MAP_NOT_FOUND;MAHALANOBIS_GATE_FAIL;NEW_TRACK_CREATED
348.2,RADAR_A,RADAR_A-T7636,False,5,GT-0021,602.5087879917498,8.997610932582937,1.028504907217951,22.5,22.5,1.0,0.002682863866868895,1.6582737885532284,57.82404155099621,GT-0021,,True,ACCEPTED
350.51,RADAR_A,RADAR_A-T7636,True,5,GT-0021,801.1574250342348,5.47947376117761,1.4999780029937229,22.5,22.5,1.0,0.002146291093495116,1.028504907217951,58.419744067717495,GT-0021,,True,ACCEPTED
353.31,RADAR_A,RADAR_A-T7636,True,5,GT-0021,511.4353698831119,21.490998009505955,1.8855611334379168,22.5,22.5,1.0,0.0017170328747960928,1.4999780029937229,58.21872940117861,GT-0021,,True,ACCEPTED
353.93,RADAR_B,RADAR_B-T3402,False,4,GT-0021,1027.8155117232766,15.988272933057615,4.583650836424365,22.5,22.5,1.0,0.0013736262998368743,1.8855611334379168,57.99192444851491,GT-0021,,True,ACCEPTED
355.54,RADAR_A,RADAR_A-T7636,True,4,GT-0021,599.6942469017451,6.0377418498288105,1.0519588441750365,22.5,22.5,1.0,0.0010989010398694994,4.583650836424365,55.120033568796956,GT-0021,,True,ACCEPTED
357.95,RADAR_A,RADAR_A-T7636,True,4,GT-0021,506.7027623288283,18.18254246502788,1.4513484377926722,22.5,22.5,1.0,0.0008791208318955996,1.0519588441750365,58.377413043487884,GT-0021,,True,ACCEPTED
358.24,RADAR_B,RADAR_B-T3402,True,4,GT-0021,941.6561570487178,28.307037630921187,7.349178683202728,22.5,22.5,1.0,0.0007032966655164797,1.4513484377926722,61.53042698423699,GT-0021,,True,ACCEPTED
366.03,RADAR_B,RADAR_B-T5770,False,4,GT-0021,1386.6555595745338,8.938045854234144,3.00154803471206,22.5,22.5,1.0,0.02304894871912533,7.349178683202728,65.09095334186212,GT-0021,,True,ACCEPTED
370.31,RADAR_A,RADAR_A-T2029,False,4,GT-0021,1316.836751513631,89.88817055685146,7.22820719489549,22.5,22.5,1.0,0.018439158975300265,3.00154803471206,68.09940331828801,GT-0021,,True,ACCEPTED
372.39,RADAR_A,RADAR_A-T2029,True,4,GT-0021,262.2393197026623,19.31988570889855,0.35753290711105107,22.5,22.5,1.0,0.03522144709516505,7.22820719489549,61.79405036830773,GT-0021,,True,ACCEPTED
376.6,RADAR_A,RADAR_A-T8909,False,4,GT-0021,509.96921028026117,8.618166273336332,0.7510706472550042,22.5,22.5,1.0,0.028177157676132044,0.35753290711105107,58.195601772034706,GT-0021,,True,ACCEPTED
377.11,RADAR_B,RADAR_B-T5867,False,4,GT-0021,420.63917535416573,31.44849350653085,10.17457945406334,22.5,22.5,1.0,0.022541726140905636,0.7510706472550042,62.837709710410714,GT-0021,,True,ACCEPTED
377.27,RADAR_C,RADAR_C-T3878,False,4,GT-0021,556.7818539167888,78.78117808956912,72.30498491180695,22.5,22.5,1.0,0.0876097051471135,10.17457945406334,125.75628902367444,,GT-0029,False,SOURCE_MAP_NOT_FOUND;MAHALANOBIS_GATE_FAIL;NEW_TRACK_CREATED
379.29,RADAR_A,RADAR_A-T8909,True,5,GT-0021,530.6707163977668,40.44288719222208,2.044427638002103,22.5,22.5,1.0,0.0876097051471135,10.17457945406334,61.96243916423755,GT-0021,,True,ACCEPTED
382.54,RADAR_A,RADAR_A-T8909,True,5,GT-0021,746.9129099347384,27.739976822160315,2.5150336868007135,22.5,22.5,1.0,0.0700877641176908,2.044427638002103,61.350087538049074,GT-0021,,True,ACCEPTED
382.65,RADAR_B,RADAR_B-T5867,True,5,GT-0021,376.86715266467473,5.794448006929695,0.7952548530932739,22.5,22.5,1.0,0.05607021129415264,2.5150336868007135,52.31231123277749,GT-0021,,True,ACCEPTED
387.14,RADAR_A,RADAR_A-T8915,False,4,GT-0021,1008.6991403213963,11.466072293487985,2.6145892975420044,22.5,22.5,1.0,0.044856169035322115,0.7952548530932739,67.32536822174484,GT-0021,,True,ACCEPTED
388.75,RADAR_B,RADAR_B-T5867,True,4,GT-0021,1033.6596342687708,55.2229325614701,14.496859440522112,22.5,22.5,1.0,0.03588493522825769,2.6145892975420044,70.2462798049192,GT-0021,,True,ACCEPTED
389.65,RADAR_A,RADAR_A-T8915,True,4,GT-0021,1193.941427816292,21.051455493644454,4.761551376344396,22.5,22.5,1.0,0.17032227219130802,14.496859440522112,60.57589036606866,GT-0021,,True,ACCEPTED
392.72,RADAR_A,RADAR_A-T8915,True,4,GT-0021,1502.724092088844,83.89718922892513,24.520093153290148,22.5,22.5,1.0,0.13625781775304643,4.761551376344396,80.8200295413865,,GT-0030,False,MAHALANOBIS_GATE_FAIL;NEW_TRACK_CREATED
396.35,RADAR_C,RADAR_C-T1785,False,5,GT-0030,504.8795448342792,57.74754675849431,0.4777956131654023,22.5,22.5,1.0,0.0,0.0,82.93312671863423,GT-0030,,True,ACCEPTED
397.45,RADAR_B,RADAR_B-T6423,False,5,GT-0030,611.5755072815468,76.8862593151782,3.170649410766309,22.5,22.5,1.0,0.0,0.4777956131654023,65.0905519900468,GT-0030,,True,ACCEPTED
399.56,RADAR_A,RADAR_A-T2606,False,5,GT-0030,702.0869906145509,24.023350213373703,1.5060102958509927,22.5,22.5,1.0,0.0,3.170649410766309,62.55164884652735,GT-0030,,True,ACCEPTED
403.61,RADAR_B,RADAR_B-T6423,True,5,GT-0030,353.30734166455846,47.413245307423836,1.1505755896288137,22.5,22.5,1.0,0.0,1.5060102958509927,63.030288952211514,GT-0030,,True,ACCEPTED
404.04,RADAR_A,RADAR_A-T1011,False,5,GT-0030,328.03807741403693,8.631071187832038,0.4838370201217017,22.5,22.5,1.0,0.0,1.1505755896288137,56.80920188523357,GT-0030,,True,ACCEPTED
408.38,RADAR_B,RADAR_B-T6423,True,5,GT-0030,883.1369117701516,18.06585750895748,2.570405908750697,22.5,22.5,1.0,0.0,0.4838370201217017,60.13807299561714,GT-0030,,True,ACCEPTED
409.17,RADAR_A,RADAR_A-T7972,False,5,GT-0030,663.0780910741166,46.36460268660835,7.952575061873225,22.5,22.5,1.0,0.0,2.570405908750697,63.920049035126986,GT-0030,,True,ACCEPTED
411.75,RADAR_A,RADAR_A-T7972,True,5,GT-0030,812.4431305718055,12.958688225976946,2.016744295557516,22.5,22.5,1.0,0.032542917697887086,7.952575061873225,58.231473626568345,GT-0030,,True,ACCEPTED
416.79,RADAR_A,RADAR_A-T5396,False,4,GT-0030,1752.4271093717439,133.63475615943966,27.445158021151958,22.5,22.5,1.0,0.02603433415830967,2.016744295557516,86.26826536890934,,GT-0031,False,SOURCE_MAP_NOT_FOUND;MAHALANOBIS_GATE_FAIL;NEW_TRACK_CREATED
419.28,RADAR_C,RADAR_C-T6344,False,5,GT-0031,1041.9722985067017,23.716922943656694,1.3143243144367118,22.5,22.5,1.0,0.0,0.0,82.2801802847684,GT-0031,,True,ACCEPTED
419.35,RADAR_A,RADAR_A-T5396,True,5,GT-0031,1104.3853066840732,42.94089667865791,3.0260416892309725,22.5,22.5,1.0,0.0,1.3143243144367118,65.95948001264526,GT-0031,,True,ACCEPTED
419.4,RADAR_B,RADAR_B-T3876,False,5,GT-0031,623.6544088715528,14.354796690778029,14.581223514594711,22.5,22.5,1.0,0.0,3.0260416892309725,61.533794632762664,GT-0031,,True,ACCEPTED
423.53,RADAR_B,RADAR_B-T3876,True,5,GT-0031,674.1400217316415,53.2955828415244,0.8079307204822064,22.5,22.5,1.0,0.14302039190991186,14.581223514594711,71.84891694731941,GT-0031,,True,ACCEPTED
424.43,RADAR_A,RADAR_A-T3750,False,5,GT-0031,571.6320513397202,23.931454081314588,1.5071741523094613,22.5,22.5,1.0,0.1144163135279295,0.8079307204822064,61.15103604028945,GT-0031,,True,ACCEPTED
427.21,RADAR_A,RADAR_A-T3750,True,5,GT-0031,407.4876344286483,15.786806336092118,1.313375137852165,22.5,22.5,1.0,0.0915330508223436,1.5071741523094613,56.96181743811684,GT-0031,,True,ACCEPTED
430.73,RADAR_C,RADAR_C-T6344,True,5,GT-0031,1019.8737042234202,57.38512090640826,7.847002572779141,22.5,22.5,1.0,0.07322644065787488,1.313375137852165,67.24727076716009,GT-0031,,True,ACCEPTED
434.87,RADAR_A,RADAR_A-T7537,False,5,GT-0031,1091.4587454008208,38.38059988551084,3.220758233639555,22.5,22.5,1.0,0.0893645287392856,7.847002572779141,63.41963975945704,GT-0031,,True,ACCEPTED
437.28,RADAR_A,RADAR_A-T7537,True,5,GT-0031,1414.3605104016406,57.38283597200162,22.975603347167493,22.5,22.5,1.0,0.07149162299142849,3.220758233639555,77.28652891205019,,GT-0032,False,MAHALANOBIS_GATE_FAIL;NEW_TRACK_CREATED
441.87,RADAR_B,RADAR_B-T1746,False,5,GT-0032,1508.5642444732987,40.83137856537773,4.979013800235873,22.5,22.5,1.0,0.0,0.0,87.53577224198561,GT-0032,,True,ACCEPTED
442.96,RADAR_C,RADAR_C-T6344,True,5,GT-0032,1317.338011177571,13.9773137079401,4.162890811934692,22.5,22.5,1.0,0.0,4.979013800235873,61.03540260605605,GT-0032,,True,ACCEPTED
444.74,RADAR_A,RADAR_A-T7524,False,5,GT-0032,1502.0016839051,31.620935708566694,5.996639827166576,22.5,22.5,1.0,0.0,4.162890811934692,68.00395835201195,GT-0032,,True,ACCEPTED
447.28,RADAR_A,RADAR_A-T7524,True,5,GT-0032,1175.2062803759968,18.863159591252277,3.836966835831302,22.5,22.5,1.0,0.0,5.996639827166576,62.02236785682703,GT-0032,,True,ACCEPTED
447.87,RADAR_B,RADAR_B-T1746,True,5,GT-0032,1065.8823469562183,40.37095447006723,7.644372232337442,22.5,22.5,1.0,0.0,3.836966835831302,64.37081376036276,GT-0032,,True,ACCEPTED
449.58,RADAR_A,RADAR_A-T7524,True,5,GT-0032,1443.5191288069327,8.60387275699984,5.080532046259588,22.5,22.5,1.0,0.02740620387229071,7.644372232337442,61.75926562295193,GT-0032,,True,ACCEPTED
450.39,RADAR_C,RADAR_C-T6344,True,5,GT-0032,1301.0735297395788,35.20095533201738,8.776643171171095,22.5,22.5,1.0,0.021924963097832567,5.080532046259588,65.30120619503485,GT-0032,,True,ACCEPTED
451.61,RADAR_A,RADAR_A-T7524,True,5,GT-0032,522.8660641850688,14.637484401588466,2.3587351170642448,22.5,22.5,1.0,0.06381735666445097,8.776643171171095,55.87542743263514,GT-0032,,True,ACCEPTED
453.14,RADAR_B,RADAR_B-T1746,True,5,GT-0032,860.969889746115,18.10537440386373,3.065884658995094,22.5,22.5,1.0,0.05105388533156078,2.3587351170642448,58.651914481947706,GT-0032,,True,ACCEPTED
454.7,RADAR_A,RADAR_A-T7524,True,5,GT-0032,668.1965675100179,18.343723125946124,1.7020435049947855,22.5,22.5,1.0,0.040843108265248625,3.065884658995094,58.66776642436878,GT-0032,,True,ACCEPTED
459.47,RADAR_A,RADAR_A-T7431,False,5,GT-0032,1093.5615656727682,11.882194076264328,3.146915024586109,22.5,22.5,1.0,0.0326744866121989,1.7020435049947855,59.84627780538784,GT-0032,,True,ACCEPTED
461.74,RADAR_A,RADAR_A-T7431,True,4,GT-0032,1193.7039795766045,18.336215307772406,5.522345546001112,22.5,22.5,1.0,0.02613958928975912,3.146915024586109,59.28233621841131,GT-0032,,True,ACCEPTED
463.81,RADAR_A,RADAR_A-T7431,True,4,GT-0032,2153.291768532971,61.52478532579886,31.836469978268173,22.5,22.5,1.0,0.020911671431807298,5.522345546001112,86.24754238051871,,GT-0033,False,MAHALANOBIS_GATE_FAIL;NEW_TRACK_CREATED
464.9,RADAR_B,RADAR_B-T3202,False,5,GT-0033,576.8587836066031,26.631804379237323,0.6570313299812081,22.5,22.5,1.0,0.0,0.0,75.2528477462261,GT-0033,,True,ACCEPTED
466.35,RADAR_A,RADAR_A-T7431,True,5,GT-0033,511.1064031824014,80.97770221772926,1.742498688727688,22.5,22.5,1.0,0.0,0.6570313299812081,66.45675751417298,GT-0033,,True,ACCEPTED
468.93,RADAR_B,RADAR_B-T3202,True,6,GT-0033,886.7912387189828,12.537324677448032,2.043397466589409,22.5,22.5,1.0,0.0,1.742498688727688,62.36676435751125,GT-0033,,True,ACCEPTED
469.52,RADAR_A,RADAR_A-T7431,True,6,GT-0033,587.2115665703443,24.749466928262375,5.893682482135096,22.5,22.5,1.0,0.0,2.043397466589409,59.10185482771691,GT-0033,,True,ACCEPTED
473.37,RADAR_B,RADAR_B-T3202,True,5,GT-0033,614.8008316714001,20.428787890314297,0.9896112633688845,22.5,22.5,1.0,0.0,5.893682482135096,65.44053145985639,GT-0033,,True,ACCEPTED
478.88,RADAR_B,RADAR_B-T3202,True,5,GT-0033,468.91026504828625,32.73012907377735,1.156682946726058,22.5,22.5,1.0,0.0,0.9896112633688845,61.44745603653683,GT-0033,,True,ACCEPTED
480.71,RADAR_A,RADAR_A-T6678,False,5,GT-0033,760.7658307836505,25.952396958223932,3.7861178893145717,22.5,22.5,1.0,0.0,1.156682946726058,59.7659548157672,GT-0033,,True,ACCEPTED
484.12,RADAR_B,RADAR_B-T3202,True,5,GT-0033,1076.4133442670397,52.713409581388646,11.068454629359586,22.5,22.5,1.0,0.0,3.7861178893145717,67.11682090429808,GT-0033,,True,ACCEPTED
485.57,RADAR_A,RADAR_A-T9144,False,5,GT-0033,1617.0315654142576,95.3627001905082,24.56430300705363,22.5,22.5,1.0,0.08447424382265978,11.068454629359586,81.64191195738138,,GT-0035,False,SOURCE_MAP_NOT_FOUND;MAHALANOBIS_GATE_FAIL;NEW_TRACK_CREATED
488.91,RADAR_A,RADAR_A-T9144,True,5,GT-0035,528.0941508787969,42.407611634887715,0.4841534542958143,22.5,22.5,1.0,0.0,0.0,81.25194410216132,GT-0035,,True,ACCEPTED
491.3,RADAR_B,RADAR_B-T3202,True,5,GT-0035,375.16398628656805,21.58169647798832,0.9741137398637132,22.5,22.5,1.0,0.0,0.4841534542958143,59.66929615055719,GT-0035,,True,ACCEPTED
493.3,RADAR_A,RADAR_A-T4055,False,5,GT-0035,376.1629032553056,20.640280093529686,0.7799215681911817,22.5,22.5,1.0,0.0,0.9741137398637132,60.41467080515772,GT-0035,,True,ACCEPTED
496.2,RADAR_A,RADAR_A-T4055,True,5,GT-0035,842.1059976965889,25.631637998908612,2.3232676968263224,22.5,22.5,1.0,0.0,0.7799215681911817,63.04312036419109,GT-0035,,True,ACCEPTED
498.62,RADAR_C,RADAR_C-T1424,False,5,GT-0035,177.0182405425969,81.47991380086124,11.906594534770953,22.5,22.5,1.0,0.0,2.3232676968263224,72.66529823827287,GT-0035,,True,ACCEPTED
502.85,RADAR_A,RADAR_A-T4343,False,5,GT-0035,720.5912505881666,16.27838570825801,1.3864111041491087,22.5,22.5,1.0,0.09844324224618256,11.906594534770953,61.55115253064636,GT-0035,,True,ACCEPTED
505.84,RADAR_A,RADAR_A-T4343,True,5,GT-0035,713.9135443839622,22.070161088495784,2.6644070789280323,22.5,22.5,1.0,0.07875459379694605,1.3864111041491087,58.67818388025171,GT-0035,,True,ACCEPTED
508.39,RADAR_A,RADAR_A-T4343,True,5,GT-0035,714.3974422629333,5.2546819052417275,1.3037061289973966,22.5,22.5,1.0,0.06300367503755684,2.6644070789280323,57.73519646468018,GT-0035,,True,ACCEPTED
511.29,RADAR_A,RADAR_A-T4343,True,5,GT-0035,1172.2025034463454,1.9039073286355082,3.2812430776471735,22.5,22.5,1.0,0.05040294003004547,1.3037061289973966,59.3421284691411,GT-0035,,True,ACCEPTED
511.83,RADAR_B,RADAR_B-T7770,False,4,GT-0035,925.5297481372395,30.98399351006026,6.041773579770596,22.5,22.5,1.0,0.04032235202403638,3.2812430776471735,61.98021532856725,GT-0035,,True,ACCEPTED
513.04,RADAR_A,RADAR_A-T4343,True,4,GT-0035,1694.3294649285112,9.099657639210669,6.8794933985574716,22.5,22.5,1.0,0.03295410794873904,6.041773579770596,62.192450540423465,GT-0035,,True,ACCEPTED
517.97,RADAR_A,RADAR_A-T5546,False,5,GT-0035,2614.0274094233814,103.77244271350658,22.889484051344617,22.5,22.5,1.0,0.04102150966828243,6.8794933985574716,82.40071433663319,,GT-0039,False,SOURCE_MAP_NOT_FOUND;MAHALANOBIS_GATE_FAIL;NEW_TRACK_CREATED
524.87,RADAR_B,RADAR_B-T6509,False,6,GT-0039,1346.5101182311728,47.26749619205803,3.656922575882632,22.5,22.5,1.0,0.0,0.0,88.74817818279521,GT-0039,,True,ACCEPTED
526.78,RADAR_A,RADAR_A-T9337,False,5,GT-0039,821.4024680877309,44.744977008445005,3.066036992935114,22.5,22.5,1.0,0.0,3.656922575882632,63.886236497052735,GT-0039,,True,ACCEPTED
529.26,RADAR_C,RADAR_C-T5457,False,5,GT-0039,931.2507137710833,63.55145732859643,3.8847528351798437,22.5,22.5,1.0,0.0,3.066036992935114,65.75695838481646,GT-0039,,True,ACCEPTED
530.05,RADAR_A,RADAR_A-T9337,True,5,GT-0039,517.7035569768059,27.94555246605898,1.2520011551235237,22.5,22.5,1.0,0.0,3.8847528351798437,60.961831308962104,GT-0039,,True,ACCEPTED
531.82,RADAR_B,RADAR_B-T2523,False,5,GT-0039,524.4594053943488,21.95204748629983,3.351452384939337,22.5,22.5,1.0,0.0,1.2520011551235237,58.1124895149881,GT-0039,,True,ACCEPTED
534.86,RADAR_A,RADAR_A-T5175,False,5,GT-0039,1155.5136909196221,26.9731110436266,4.520349839747442,22.5,22.5,1.0,0.0,3.351452384939337,61.55939235169184,GT-0039,,True,ACCEPTED
537.35,RADAR_B,RADAR_B-T2523,True,5,GT-0039,517.9061086753542,21.492078676811794,3.581541909976111,22.5,22.5,1.0,0.0,4.520349839747442,57.77736462744403,GT-0039,,True,ACCEPTED
537.66,RADAR_A,RADAR_A-T5175,True,5,GT-0039,936.5829999555849,16.980747193073515,3.7365461408303626,22.5,22.5,1.0,0.0,3.581541909976111,57.90160158959219,GT-0039,,True,ACCEPTED
539.72,RADAR_A,RADAR_A-T5175,True,5,GT-0039,548.2024552646179,5.655780291389542,0.8145621656922077,22.5,22.5,1.0,0.0,3.7365461408303626,56.1794875078144,GT-0039,,True,ACCEPTED
541.84,RADAR_A,RADAR_A-T5175,True,4,GT-0039,490.4068944672993,5.239571644737789,0.7152044928735899,22.5,22.5,1.0,0.0,0.8145621656922077,54.64946614993487,GT-0039,,True,ACCEPTED
542.7,RADAR_B,RADAR_B-T2523,True,4,GT-0039,516.6560121985972,26.355873868148148,3.1185551921136723,22.5,22.5,1.0,0.0,0.7152044928735899,59.8019613785102,GT-0039,,True,ACCEPTED
544.72,RADAR_A,RADAR_A-T5175,True,4,GT-0039,626.5051969727351,13.388501385097253,1.4435953761088995,22.5,22.5,1.0,0.0,3.1185551921136723,58.557724915968116,GT-0039,,True,ACCEPTED
544.88,RADAR_C,RADAR_C-T9731,False,4,GT-0039,450.1272927464007,103.29520276449927,66.50446813487382,22.5,22.5,1.0,0.0,1.4435953761088995,122.62345177648915,,GT-0043,False,SOURCE_MAP_NOT_FOUND;MAHALANOBIS_GATE_FAIL;NEW_TRACK_CREATED
549.41,RADAR_A,RADAR_A-T2952,False,5,GT-0039,771.6914546123936,8.634045106716163,1.6200118286027068,22.5,22.5,1.0,0.0,1.4435953761088995,58.061775437590775,GT-0039,,True,ACCEPTED
551.86,RADAR_A,RADAR_A-T2952,True,4,GT-0039,787.2882728763269,6.947565156907502,1.7714882383907626,22.5,22.5,1.0,0.0,1.6200118286027068,55.50481535116205,GT-0039,,True,ACCEPTED
554.22,RADAR_A,RADAR_A-T2952,True,4,GT-0039,1157.7316823170863,5.284628196866692,3.2448290284767305,22.5,22.5,1.0,0.0,1.7714882383907626,59.026333716868315,GT-0039,,True,ACCEPTED
554.64,RADAR_B,RADAR_B-T9460,False,4,GT-0039,1863.0003117629312,38.47401906179709,18.866818206595948,22.5,22.5,1.0,0.0,3.2448290284767305,72.99770812361736,GT-0039,,True,ACCEPTED
555.84,RADAR_C,RADAR_C-T9731,False,4,GT-0039,1214.3161377457586,18.55006428720764,3.458174942148375,22.5,22.5,1.0,0.2,18.866818206595948,60.24260469368308,GT-0039,,True,ACCEPTED
556.56,RADAR_A,RADAR_A-T2952,True,4,GT-0039,1455.5380761420768,13.004490730672066,6.310111037804683,22.5,22.5,1.0,0.16000000000000003,3.458174942148375,59.66175268852614,GT-0039,,True,ACCEPTED
559.31,RADAR_A,RADAR_A-T2952,True,4,GT-0039,1732.0495101969325,5.694175310851041,7.109276222930122,22.5,22.5,1.0,0.13316851729674475,6.310111037804683,61.56640733967959,GT-0039,,True,ACCEPTED
560.19,RADAR_B,RADAR_B-T9460,True,4,GT-0039,1854.4612369743445,10.400612521216248,8.887324835741689,22.5,22.5,1.0,0.1250227508862312,7.109276222930122,61.116896196240674,GT-0039,,True,ACCEPTED
564.34,RADAR_A,RADAR_A-T9225,False,4,GT-0039,2386.801673376222,50.757859116237405,18.036823677512167,22.5,22.5,1.0,0.14814028130467977,8.887324835741689,74.96457771814944,GT-0039,,True,ACCEPTED
564.64,RADAR_B,RADAR_B-T9460,True,4,GT-0039,1608.1234713293138,9.126279296774982,7.17879215626676,22.5,22.5,1.0,0.3185122250437438,18.036823677512167,59.07727809983614,GT-0039,,True,ACCEPTED
566.78,RADAR_A,RADAR_A-T9225,True,4,GT-0039,352.4015920824078,17.725940078334848,0.5471334540349263,22.5,22.5,1.0,0.27445631597277437,7.17879215626676,60.88449028088675,GT-0039,,True,ACCEPTED
569.04,RADAR_A,RADAR_A-T9225,True,5,GT-0039,323.4421314718486,26.713529650788523,1.589442242758241,22.5,22.5,1.0,0.2195650527782195,0.5471334540349263,59.275581534116604,GT-0039,,True,ACCEPTED
569.68,RADAR_B,RADAR_B-T9460,True,5,GT-0039,668.0394019187681,14.104252721481554,2.9506377989151593,22.5,22.5,1.0,0.1756520422225756,1.589442242758241,55.64478449583062,GT-0039,,True,ACCEPTED
571.77,RADAR_A,RADAR_A-T9225,True,5,GT-0039,539.0721714143234,28.2216708346108,1.3443972664196475,22.5,22.5,1.0,0.14052163377806048,2.9506377989151593,61.406162068590035,GT-0039,,True,ACCEPTED
574.63,RADAR_A,RADAR_A-T9225,True,6,GT-0039,532.4550972467205,17.818857995674506,1.1271947692868285,22.5,22.5,1.0,0.1124173070224484,1.3443972664196475,60.53880648618018,GT-0039,,True,ACCEPTED
576.4,RADAR_A,RADAR_A-T9225,True,6,GT-0039,240.0979987332533,10.167288637973808,0.6774293230538885,22.5,22.5,1.0,0.08993384561795872,1.1271947692868285,55.39955538373086,GT-0039,,True,ACCEPTED
577.1,RADAR_C,RADAR_C-T3985,False,5,GT-0039,590.7470311070822,16.80774744161972,1.4860375149997993,22.5,22.5,1.0,0.07194707649436698,0.6774293230538885,59.04185803268946,GT-0039,,True,ACCEPTED
579.21,RADAR_A,RADAR_A-T9225,True,4,GT-0039,426.7297822886755,8.322561047907943,0.6709835834051621,22.5,22.5,1.0,0.05755766119549358,1.4860375149997993,56.96967658518722,GT-0039,,True,ACCEPTED
579.49,RADAR_B,RADAR_B-T4784,False,4,GT-0039,1084.714517604157,27.622291487958535,6.889930441255458,22.5,22.5,1.0,0.04604612895639487,0.6709835834051621,61.31751817129188,GT-0039,,True,ACCEPTED
588.1,RADAR_B,RADAR_B-T3691,False,4,GT-0039,1074.7142899509392,63.42890122914324,3.6512720013658435,22.5,22.5,1.0,0.05166907718604019,6.889930441255458,66.27677729090829,GT-0039,,True,ACCEPTED
590.07,RADAR_A,RADAR_A-T6873,False,4,GT-0039,728.3649355992727,23.023477980183944,1.5917270451072738,22.5,22.5,1.0,0.041335261748832154,3.6512720013658435,60.429793857402906,GT-0039,,True,ACCEPTED
593.05,RADAR_A,RADAR_A-T6873,True,5,GT-0039,962.6260101695008,17.379903477335173,3.750866612404684,22.5,22.5,1.0,0.033068209399065726,1.5917270451072738,58.36243013613166,GT-0039,,True,ACCEPTED
595.43,RADAR_A,RADAR_A-T6873,True,5,GT-0039,846.9097442422217,23.844044628441097,3.0339872928911777,22.5,22.5,1.0,0.026454567519252584,3.750866612404684,60.18146451939499,GT-0039,,True,ACCEPTED
597.14,RADAR_C,RADAR_C-T5823,False,5,GT-0039,583.6969939851025,72.53064873178205,9.733919848765717,22.5,22.5,1.0,0.02116365401540207,3.0339872928911777,68.89294335926924,GT-0039,,True,ACCEPTED
598.22,RADAR_A,RADAR_A-T6873,True,4,GT-0039,849.5421591670396,20.62994848060561,2.403532661074587,22.5,22.5,1.0,0.07916292069175028,9.733919848765717,60.9411600670502,GT-0039,,True,ACCEPTED
599.12,RADAR_B,RADAR_B-T1697,False,4,GT-0039,400.35594553231834,4.2745914064849035,0.9768828351571481,22.5,22.5,1.0,0.06333033655340023,2.403532661074587,50.024034345141814,GT-0039,,True,ACCEPTED
600.17,RADAR_A,RADAR_A-T6873,True,4,GT-0039,859.4844297666128,33.90822378499878,4.3150893536985855,22.5,22.5,1.0,0.05066426924272019,0.9768828351571481,61.4125327440899,GT-0039,,True,ACCEPTED
604.3,RADAR_B,RADAR_B-T1697,True,4,GT-0039,976.8841572739009,13.20528681774756,1.9524345159113836,22.5,22.5,1.0,0.04053141539417615,4.3150893536985855,67.32543438531293,GT-0039,,True,ACCEPTED
605.72,RADAR_A,RADAR_A-T4154,False,4,GT-0039,681.86909904776,20.563867237902663,1.5042771300884061,22.5,22.5,1.0,0.03242513231534092,1.9524345159113836,60.98923070334402,GT-0039,,True,ACCEPTED
609.37,RADAR_B,RADAR_B-T1697,True,4,GT-0039,478.58812213981656,44.769632054825614,4.3342366816592195,22.5,22.5,1.0,0.02594010585227274,1.5042771300884061,61.90031880670367,GT-0039,,True,ACCEPTED
610.67,RADAR_A,RADAR_A-T2894,False,4,GT-0039,230.2716745167086,32.15193569680638,3.368012750887287,22.5,22.5,1.0,0.020752084681818193,4.3342366816592195,59.54978336785612,GT-0039,,True,ACCEPTED
611.64,RADAR_C,RADAR_C-T5823,True,4,GT-0039,738.5292878090294,32.6827944185868,4.468492115457388,22.5,22.5,1.0,0.016601667745454556,3.368012750887287,62.17070158675573,GT-0039,,True,ACCEPTED
613.83,RADAR_A,RADAR_A-T2894,True,4,GT-0039,797.1015811696902,33.81004436507162,4.316737621594949,22.5,22.5,1.0,0.013281334196363646,4.468492115457388,60.71501684701048,GT-0039,,True,ACCEPTED
616.84,RADAR_A,RADAR_A-T2894,True,4,GT-0039,833.8116211093492,45.07427232099924,10.975431824583088,22.5,22.5,1.0,0.010625067357090918,4.316737621594949,65.96848069132032,GT-0039,,True,ACCEPTED
619.28,RADAR_A,RADAR_A-T2894,True,4,GT-0039,208.57668647382545,86.43342614898863,14.360437265390981,22.5,22.5,1.0,0.09142391762872422,10.975431824583088,71.8649970381471,GT-0039,,True,ACCEPTED
619.51,RADAR_B,RADAR_B-T4154,False,5,GT-0039,721.5075266838412,21.49419023630961,7.203287214021181,22.5,22.5,1.0,0.21247975519282908,14.360437265390981,58.9548671114596,GT-0039,,True,ACCEPTED
624.5,RADAR_A,RADAR_A-T3842,False,5,GT-0039,752.6015107807245,101.38117742775951,5.572966008689785,22.5,22.5,1.0,0.1900385910546163,7.203287214021181,67.58006485513368,GT-0039,,True,ACCEPTED
625.68,RADAR_B,RADAR_B-T4154,True,5,GT-0039,714.1774726039055,32.93048857021255,9.20963987474646,22.5,22.5,1.0,0.15203087284369304,5.572966008689785,62.752697849857576,GT-0039,,True,ACCEPTED
628.96,RADAR_A,RADAR_A-T4376,False,5,GT-0039,392.33620767008955,99.67350250854268,24.995141002747594,22.5,22.5,1.0,0.17511869618739545,9.20963987474646,81.70498241342776,,GT-0049,False,SOURCE_MAP_NOT_FOUND;MAHALANOBIS_GATE_FAIL;NEW_TRACK_CREATED
630.75,RADAR_B,RADAR_B-T4154,True,6,GT-0049,70.55189324614186,25.571335291067008,0.015375033914379638,22.5,22.5,1.0,0.0,0.0,77.00237804595216,GT-0049,,True,ACCEPTED
634.0,RADAR_A,RADAR_A-T4948,False,6,GT-0049,444.4492958697865,57.267306911721526,1.1795635816641272,22.5,22.5,1.0,0.0,0.015375033914379638,64.50711390952272,GT-0049,,True,ACCEPTED
635.71,RADAR_A,RADAR_A-T4948,True,6,GT-0049,831.7335775179071,8.949933227802894,2.300883725092603,22.5,22.5,1.0,0.0,1.1795635816641272,55.57565124200355,GT-0049,,True,ACCEPTED
636.72,RADAR_B,RADAR_B-T4154,True,6,GT-0049,571.4695182350376,8.20182477085787,1.6388831590973827,22.5,22.5,1.0,0.0,2.300883725092603,53.57116835099705,GT-0049,,True,ACCEPTED
637.79,RADAR_C,RADAR_C-T3861,False,6,GT-0049,915.2684075202685,32.10361044398459,4.871043887239053,22.5,22.5,1.0,0.0,1.6388831590973827,61.92870739639233,GT-0049,,True,ACCEPTED
638.08,RADAR_A,RADAR_A-T4948,True,6,GT-0049,349.59322673142117,36.18579872441217,4.741325858452087,22.5,22.5,1.0,0.0,4.871043887239053,60.71688998705518,GT-0049,,True,ACCEPTED
640.2,RADAR_A,RADAR_A-T4948,True,5,GT-0049,491.3753734321086,67.25033316730611,5.581390480568306,22.5,22.5,1.0,0.0,4.741325858452087,64.72556146938332,GT-0049,,True,ACCEPTED
640.83,RADAR_B,RADAR_B-T4154,True,5,GT-0049,814.3207347171847,8.951590662918289,2.348058274681419,22.5,22.5,1.0,0.0,5.581390480568306,55.012551893518975,GT-0049,,True,ACCEPTED
642.37,RADAR_A,RADAR_A-T4948,True,5,GT-0049,1121.8874586657794,9.428297839242697,3.1019877383853043,22.5,22.5,1.0,0.0,2.348058274681419,61.09434176520213,GT-0049,,True,ACCEPTED
646.91,RADAR_A,RADAR_A-T2609,False,5,GT-0049,663.2868044672983,35.74019743572071,1.1527808284071188,22.5,22.5,1.0,0.0,3.1019877383853043,65.452777192528,GT-0049,,True,ACCEPTED
649.3,RADAR_A,RADAR_A-T2609,True,4,GT-0049,370.22934028403586,23.509418259408942,2.7772992139405828,22.5,22.5,1.0,0.0,1.1527808284071188,57.81165097529747,GT-0049,,True,ACCEPTED
650.07,RADAR_B,RADAR_B-T8594,False,4,GT-0049,529.5055187207658,16.997108348387233,2.1953606341011174,22.5,22.5,1.0,0.0,2.7772992139405828,56.86070675174277,GT-0049,,True,ACCEPTED
651.13,RADAR_A,RADAR_A-T2609,True,4,GT-0049,757.0271563717205,9.39236684194099,1.7028501333434718,22.5,22.5,1.0,0.0,2.1953606341011174,57.13174323337124,GT-0049,,True,ACCEPTED
656.6,RADAR_A,RADAR_A-T3101,False,5,GT-0049,691.6283103654058,17.147923103554792,1.486848150651745,22.5,22.5,1.0,0.0,1.7028501333434718,59.57777878148396,GT-0049,,True,ACCEPTED
661.91,RADAR_A,RADAR_A-T5065,False,5,GT-0049,741.541865568229,17.29186746657272,2.028727974325172,22.5,22.5,1.0,0.0,1.486848150651745,59.689370599090886,GT-0049,,True,ACCEPTED
663.99,RADAR_A,RADAR_A-T5065,True,5,GT-0049,568.0657427563742,9.416494873852852,1.2690531068527515,22.5,22.5,1.0,0.0,2.028727974325172,55.356866410832104,GT-0049,,True,ACCEPTED
664.05,RADAR_B,RADAR_B-T4764,False,5,GT-0049,732.7025733787475,25.274434064322747,12.373591311213946,22.5,22.5,1.0,0.0,1.2690531068527515,63.3064425899221,GT-0049,,True,ACCEPTED
666.0,RADAR_C,RADAR_C-T8890,False,5,GT-0049,691.7873238267662,24.123558669285696,1.1518430086747173,22.5,22.5,1.0,0.10622652185356579,12.373591311213946,62.83635793453138,GT-0049,,True,ACCEPTED
668.37,RADAR_A,RADAR_A-T7625,False,5,GT-0049,687.2004314293177,32.79152679221049,1.4825747731037895,22.5,22.5,1.0,0.08498121748285264,1.1518430086747173,65.55046709345672,GT-0049,,True,ACCEPTED
668.9,RADAR_B,RADAR_B-T4764,True,5,GT-0049,419.8779288369029,6.874942808570292,0.7413359429768416,22.5,22.5,1.0,0.06798497398628212,1.4825747731037895,54.476612381942275,GT-0049,,True,ACCEPTED
673.36,RADAR_A,RADAR_A-T1053,False,4,GT-0049,1020.6107065805263,123.86042934982996,4.2074629365645215,22.5,22.5,1.0,0.054387979189025694,0.7413359429768416,68.78013685103895,,GT-0052,False,SOURCE_MAP_NOT_FOUND;VELOCITY_GATE_FAIL;NEW_TRACK_CREATED
674.31,RADAR_C,RADAR_C-T8890,True,5,GT-0052,911.4262244084647,26.80401664498404,1.2958203954823062,22.5,22.5,1.0,0.0,0.0,75.67695679433865,GT-0052,,True,ACCEPTED
674.36,RADAR_B,RADAR_B-T4764,True,5,GT-0052,705.3929834295498,49.14445803825263,2.2744568360028197,22.5,22.5,1.0,0.0,1.2958203954823062,64.15670700154175,GT-0052,,True,ACCEPTED
680.66,RADAR_A,RADAR_A-T7852,False,5,GT-0052,643.0425763975676,117.43010617273507,2.0150604617468693,22.5,22.5,1.0,0.0,2.2744568360028197,70.0575840051135,GT-0052,,True,ACCEPTED
682.81,RADAR_A,RADAR_A-T7852,True,5,GT-0052,798.1348873542738,21.617357492346997,4.804487849775496,22.5,22.5,1.0,0.0,2.0150604617468693,58.7254741391104,GT-0052,,True,ACCEPTED
684.64,RADAR_C,RADAR_C-T8890,True,5,GT-0052,799.8768567997969,42.279894437497454,7.487376789330305,22.5,22.5,1.0,0.0,4.804487849775496,65.15317506918886,GT-0052,,True,ACCEPTED
686.83,RADAR_B,RADAR_B-T4361,False,5,GT-0052,474.4022458823025,44.62939206685839,5.792549992573771,22.5,22.5,1.0,0.02478961315550509,7.487376789330305,62.539532849666706,GT-0052,,True,ACCEPTED
687.37,RADAR_A,RADAR_A-T1951,False,5,GT-0052,1090.9151920063994,18.817060713586134,5.497253947325347,22.5,22.5,1.0,0.019831690524404075,5.792549992573771,59.00841631937322,GT-0052,,True,ACCEPTED
690.76,RADAR_A,RADAR_A-T1951,True,5,GT-0052,889.6381794172389,46.000491147110104,1.8967151256825345,22.5,22.5,1.0,0.01586535241952326,5.497253947325347,66.75050248963606,GT-0052,,True,ACCEPTED
693.23,RADAR_A,RADAR_A-T1951,True,5,GT-0052,778.4194235704846,52.92638891186804,6.129714846398039,22.5,22.5,1.0,0.012692281935618608,1.8967151256825345,64.18845204888919,GT-0052,,True,ACCEPTED
694.91,RADAR_C,RADAR_C-T8890,True,5,GT-0052,1497.996392618308,19.560036353052737,3.842882459464498,22.5,22.5,1.0,0.012315739655128864,6.129714846398039,62.43337476528061,GT-0052,,True,ACCEPTED
695.98,RADAR_A,RADAR_A-T1951,True,5,GT-0052,559.879040980435,18.862332030359628,1.5840615090989962,22.5,22.5,1.0,0.00985259172410309,3.842882459464498,58.12969628852796,GT-0052,,True,ACCEPTED
698.21,RADAR_A,RADAR_A-T1951,True,4,GT-0052,371.6802782343444,26.45833418788364,5.6968770556117,22.5,22.5,1.0,0.007882073379282473,1.5840615090989962,59.14483376569608,GT-0052,,True,ACCEPTED
701.22,RADAR_A,RADAR_A-T1951,True,4,GT-0052,722.3339819888728,64.37212107589288,11.859841840862149,22.5,22.5,1.0,0.006305658703425979,5.6968770556117,68.66455393920158,GT-0052,,True,ACCEPTED
701.38,RADAR_C,RADAR_C-T8890,True,4,GT-0052,1188.532811555721,22.734574502429368,6.032264684765839,22.5,22.5,1.0,0.10270855764377661,11.859841840862149,60.35200425003697,GT-0052,,True,ACCEPTED
703.23,RADAR_A,RADAR_A-T1951,True,4,GT-0052,634.9883388648348,27.03932948031236,3.27061553312357,22.5,22.5,1.0,0.0827045908611186,6.032264684765839,59.389490384166535,GT-0052,,True,ACCEPTED
710.12,RADAR_A,RADAR_A-T5249,False,4,GT-0052,1143.6681912278393,73.79546125718822,7.895305304044066,22.5,22.5,1.0,0.06616367268889488,3.27061553312357,68.00337858913188,GT-0052,,True,ACCEPTED
712.2,RADAR_A,RADAR_A-T5249,True,4,GT-0052,283.6303290439622,23.894028636554637,6.8100573623108325,22.5,22.5,1.0,0.08451935988518368,7.895305304044066,59.09767141317916,GT-0052,,True,ACCEPTED
713.05,RADAR_B,RADAR_B-T1537,False,5,GT-0052,543.0042140189529,8.925334575853064,0.8796693040411946,22.5,22.5,1.0,0.08111644394666083,6.8100573623108325,56.74443662501511,GT-0052,,True,ACCEPTED
713.91,RADAR_C,RADAR_C-T8890,True,5,GT-0052,524.5666411668979,45.749397643303595,8.997223904197098,22.5,22.5,1.0,0.06489315515732867,0.8796693040411946,65.14207751862887,GT-0052,,True,ACCEPTED
717.23,RADAR_A,RADAR_A-T7644,False,5,GT-0052,491.88856340165245,34.3735091337544,1.994781691228849,22.5,22.5,1.0,0.10186825586248124,8.997223904197098,60.85269126544966,GT-0052,,True,ACCEPTED
719.6,RADAR_A,RADAR_A-T7644,True,5,GT-0052,767.4619421701843,18.037939372400093,3.012500539172452,22.5,22.5,1.0,0.081494604689985,1.994781691228849,57.941845374779234,GT-0052,,True,ACCEPTED
719.99,RADAR_B,RADAR_B-T1537,True,5,GT-0052,498.8896545612637,73.22298955890744,24.572052395233445,22.5,22.5,1.0,0.065195683751988,3.012500539172452,80.78379881681828,,GT-0056,False,MAHALANOBIS_GATE_FAIL;NEW_TRACK_CREATED
721.92,RADAR_A,RADAR_A-T7644,True,6,GT-0052,914.2849628739006,48.2052241485777,9.207582849995603,22.5,22.5,1.0,0.065195683751988,3.012500539172452,65.69384107162342,GT-0052,,True,ACCEPTED
723.95,RADAR_A,RADAR_A-T7644,True,6,GT-0052,596.2100205353972,15.01126813691436,1.744533042497685,22.5,22.5,1.0,0.10561626116818379,9.207582849995603,57.383987417412705,GT-0052,,True,ACCEPTED
725.77,RADAR_A,RADAR_A-T7644,True,5,GT-0052,1068.4854527221635,13.63040974619699,3.742266639079943,22.5,22.5,1.0,0.08449300893454703,1.744533042497685,57.63877765997982,GT-0052,,True,ACCEPTED
728.34,RADAR_A,RADAR_A-T7644,True,4,GT-0052,868.813052596689,14.305353976961351,2.183796657752608,22.5,22.5,1.0,0.06759440714763763,3.742266639079943,59.12977943999174,GT-0052,,True,ACCEPTED
731.49,RADAR_B,RADAR_B-T1080,False,4,GT-0052,1054.0759151460156,46.1134234513856,7.293702336161747,22.5,22.5,1.0,0.05407552571811011,2.183796657752608,64.47314285276056,GT-0052,,True,ACCEPTED
731.68,RADAR_A,RADAR_A-T7644,True,4,GT-0052,999.8730681098643,23.838030206574114,5.191716640314355,22.5,22.5,1.0,0.06482212617718387,7.293702336161747,60.22511640620748,GT-0052,,True,ACCEPTED
733.35,RADAR_A,RADAR_A-T7644,True,4,GT-0052,658.1840087608847,9.772767882094863,1.4974584851351183,22.5,22.5,1.0,0.051857700941747104,5.191716640314355,56.439835174464726,GT-0052,,True,ACCEPTED
736.58,RADAR_A,RADAR_A-T7644,True,4,GT-0052,564.1760980021905,20.34002246410303,2.673000441150388,22.5,22.5,1.0,0.041486160753397686,1.4974584851351183,57.768994905518305,GT-0052,,True,ACCEPTED
741.57,RADAR_B,RADAR_B-T7771,False,4,GT-0052,794.507363114354,13.550369501958132,1.1916999716874275,22.5,22.5,1.0,0.03318892860271815,2.673000441150388,64.95909918229205,GT-0052,,True,ACCEPTED
742.23,RADAR_A,RADAR_A-T1161,False,4,GT-0052,502.78176474608784,8.498773502809962,0.689797789578923,22.5,22.5,1.0,0.026551142882174524,1.1916999716874275,59.599697261309906,GT-0052,,True,ACCEPTED
745.22,RADAR_A,RADAR_A-T1161,True,4,GT-0052,445.96486462998627,8.129918073002292,0.8402285438723665,22.5,22.5,1.0,0.02124091430573962,0.689797789578923,55.25510776362303,GT-0052,,True,ACCEPTED
746.84,RADAR_C,RADAR_C-T8669,False,4,GT-0052,1510.9212135709297,81.23614545580804,14.342718356089094,22.5,22.5,1.0,0.016992731444591697,0.8402285438723665,75.05670029500828,GT-0052,,True,ACCEPTED
747.26,RADAR_A,RADAR_A-T1161,True,4,GT-0052,876.4759316686772,23.168423614788082,2.738434489985687,22.5,22.5,1.0,0.15263949109049157,14.342718356089094,60.57754046101208,GT-0052,,True,ACCEPTED
749.24,RADAR_B,RADAR_B-T8570,False,4,GT-0052,513.6808758435911,82.64076731585054,15.684552020599712,22.5,22.5,1.0,0.12211159287239326,2.738434489985687,72.975531881481,GT-0052,,True,ACCEPTED
750.19,RADAR_A,RADAR_A-T1161,True,4,GT-0052,857.9540290102558,29.393042659792705,5.654171385571525,22.5,22.5,1.0,0.25909847464124314,15.684552020599712,60.795215256781475,GT-0052,,True,ACCEPTED
752.4,RADAR_A,RADAR_A-T1161,True,4,GT-0052,1080.0828836925757,29.923301493241105,3.213179081395211,22.5,22.5,1.0,0.20727877971299452,5.654171385571525,65.02152556576635,GT-0052,,True,ACCEPTED
755.41,RADAR_A,RADAR_A-T1161,True,4,GT-0052,799.880172383949,21.90788342222122,2.130619866833005,22.5,22.5,1.0,0.16582302377039562,3.213179081395211,60.46378879193692,GT-0052,,True,ACCEPTED
757.33,RADAR_A,RADAR_A-T1161,True,4,GT-0052,1567.4337460570264,16.210947745724443,6.527296565933668,22.5,22.5,1.0,0.1326584190163165,2.130619866833005,61.48785537857342,GT-0052,,True,ACCEPTED
758.5,RADAR_B,RADAR_B-T3981,False,4,GT-0052,1415.9885622883023,5.374428282738648,5.24477688012866,22.5,22.5,1.0,0.11491501131194767,6.527296565933668,60.05084720649032,GT-0052,,True,ACCEPTED
762.79,RADAR_B,RADAR_B-T3981,True,4,GT-0052,625.789283574544,32.973897003665,0.9556395157009834,22.5,22.5,1.0,0.09193200904955814,5.24477688012866,66.46084899158382,GT-0052,,True,ACCEPTED
762.98,RADAR_A,RADAR_A-T8086,False,4,GT-0052,792.9086189318011,18.052975263226042,1.8846415606834022,22.5,22.5,1.0,0.07354560723964652,0.9556395157009834,60.66389154459681,GT-0052,,True,ACCEPTED
764.98,RADAR_A,RADAR_A-T8086,True,4,GT-0052,960.066144656764,20.342084464647495,3.562133351665986,22.5,22.5,1.0,0.05883648579171722,1.8846415606834022,59.117748759335,GT-0052,,True,ACCEPTED
766.95,RADAR_A,RADAR_A-T8086,True,4,GT-0052,809.6931393963628,6.379489211348619,1.6728093051499568,22.5,22.5,1.0,0.04706918863337378,3.562133351665986,58.136206468227776,GT-0052,,True,ACCEPTED
768.5,RADAR_B,RADAR_B-T3981,True,4,GT-0052,913.1688923607136,50.927338544720676,14.454051413165288,22.5,22.5,1.0,0.037655350906699026,1.6728093051499568,70.18894472871628,GT-0052,,True,ACCEPTED
769.6,RADAR_A,RADAR_A-T8086,True,4,GT-0052,1098.4142666508926,13.015720768761385,3.7415409909282937,22.5,22.5,1.0,0.17102513761144736,14.454051413165288,58.60795460189789,GT-0052,,True,ACCEPTED
772.51,RADAR_A,RADAR_A-T8086,True,4,GT-0052,1746.8190522488433,12.450650603120824,7.660800420743417,22.5,22.5,1.0,0.1368201100891579,3.7415409909282937,64.08815874526158,GT-0052,,True,ACCEPTED
772.76,RADAR_B,RADAR_B-T3981,True,4,GT-0052,1419.170063584577,43.414532090457335,15.978722224313076,22.5,22.5,1.0,0.1371360950837166,7.660800420743417,70.42639035947158,GT-0052,,True,ACCEPTED
777.91,RADAR_C,RADAR_C-T7749,False,4,GT-0052,686.1051397933068,42.1769024067384,2.4035420191152723,22.5,22.5,1.0,0.2760209131388579,15.978722224313076,64.64715560859574,GT-0052,,True,ACCEPTED
778.13,RADAR_B,RADAR_B-T3981,True,4,GT-0052,914.9978285916702,59.113314798475535,5.2449488838295695,22.5,22.5,1.0,0.22081673051108633,2.4035420191152723,65.26644113381951,GT-0052,,True,ACCEPTED
784.25,RADAR_B,RADAR_B-T3981,True,4,GT-0052,514.9902012122801,19.159667511980867,0.6275397188333021,22.5,22.5,1.0,0.17665338440886907,5.2449488838295695,64.50474070420502,GT-0052,,True,ACCEPTED
785.87,RADAR_C,RADAR_C-T7749,True,4,GT-0052,1835.9968484368496,62.1113106415716,7.396463223962829,22.5,22.5,1.0,0.14132270752709528,0.6275397188333021,69.5546241173261,GT-0052,,True,ACCEPTED
786.09,RADAR_A,RADAR_A-T9799,False,4,GT-0052,1121.5142922901484,29.89797974103398,3.889294646964875,22.5,22.5,1.0,0.13633255308772338,7.396463223962829,62.679011771307735,GT-0052,,True,ACCEPTED
790.3,RADAR_B,RADAR_B-T3981,True,4,GT-0052,790.7895556315734,24.29492942969182,2.7355642035428676,22.5,22.5,1.0,0.1090660424701787,3.889294646964875,60.01565344514023,GT-0052,,True,ACCEPTED
790.8,RADAR_A,RADAR_A-T3634,False,4,GT-0052,903.9034947509567,8.13912459514989,1.8429008253838002,22.5,22.5,1.0,0.08725283397614297,2.7355642035428676,59.55210349075172,GT-0052,,True,ACCEPTED
793.63,RADAR_A,RADAR_A-T3634,True,4,GT-0052,666.4307186853495,8.009970790827884,1.0387782373906849,22.5,22.5,1.0,0.06980226718091438,1.8429008253838002,59.573763794528915,GT-0052,,True,ACCEPTED
795.24,RADAR_A,RADAR_A-T3634,True,4,GT-0052,542.3145963849292,15.100080167205235,2.0008967552462873,22.5,22.5,1.0,0.05584181374473151,1.0387782373906849,56.54164296870308,GT-0052,,True,ACCEPTED
796.08,RADAR_B,RADAR_B-T3981,True,4,GT-0052,404.9411535433289,61.737966309341566,9.328626359766478,22.5,22.5,1.0,0.04467345099578521,2.0008967552462873,67.5535975985883,GT-0052,,True,ACCEPTED
798.24,RADAR_A,RADAR_A-T3634,True,5,GT-0052,653.3198316824295,12.515575567770302,0.9992441993468496,22.5,22.5,1.0,0.09121586679273613,9.328626359766478,61.54946737869452,GT-0052,,True,ACCEPTED
800.95,RADAR_A,RADAR_A-T3634,True,5,GT-0052,123.45741537774805,14.44978566214676,0.21479233028222772,22.5,22.5,1.0,0.07297269343418891,0.9992441993468496,60.41057007341434,GT-0052,,True,ACCEPTED
801.05,RADAR_B,RADAR_B-T3981,True,5,GT-0052,827.6584102128695,59.17250347840219,13.412353042433455,22.5,22.5,1.0,0.058378154747351134,0.21479233028222772,70.41797457265511,GT-0052,,True,ACCEPTED
801.49,RADAR_C,RADAR_C-T3423,False,5,GT-0052,324.839654127334,26.07975946033177,1.4700128786558242,22.5,22.5,1.0,0.17024174117177185,13.412353042433455,61.97781353460471,GT-0052,,True,ACCEPTED
803.49,RADAR_A,RADAR_A-T3634,True,4,GT-0052,867.3912468762496,11.534433843987369,1.812480172083208,22.5,22.5,1.0,0.13619339293741747,1.4700128786558242,60.93438650805075,GT-0052,,True,ACCEPTED
805.51,RADAR_A,RADAR_A-T3634,True,4,GT-0052,870.268420488852,5.844748963302449,1.9574789430786854,22.5,22.5,1.0,0.10895471434993398,1.812480172083208,55.811012385730734,GT-0052,,True,ACCEPTED
805.81,RADAR_B,RADAR_B-T3981,True,4,GT-0052,635.2372162430645,16.652272636857436,13.987466208270872,22.5,22.5,1.0,0.0871637714799472,1.9574789430786854,62.130351941253885,GT-0052,,True,ACCEPTED
807.45,RADAR_C,RADAR_C-T3423,True,4,GT-0052,779.7741959759795,62.83437911443403,3.391095669324898,22.5,22.5,1.0,0.20285545398847232,13.987466208270872,65.17808451058272,GT-0052,,True,ACCEPTED
808.37,RADAR_A,RADAR_A-T3634,True,4,GT-0052,868.5364923306885,54.670059383184906,3.1054971408668797,22.5,22.5,1.0,0.16228436319077788,3.391095669324898,64.64239695399272,GT-0052,,True,ACCEPTED
810.81,RADAR_A,RADAR_A-T3634,True,4,GT-0052,1169.7237725739526,11.888749226160169,3.157460258250521,22.5,22.5,1.0,0.1298274905526223,3.1054971408668797,61.7560928649407,GT-0052,,True,ACCEPTED
813.43,RADAR_A,RADAR_A-T3634,True,4,GT-0052,1570.1389916607636,36.259821608086845,9.136080912671213,22.5,22.5,1.0,0.10386199244209784,3.157460258250521,65.31499908771345,GT-0052,,True,ACCEPTED
816.72,RADAR_A,RADAR_A-T3634,True,4,GT-0052,2197.338381936344,19.65535858620101,11.95013797650626,22.5,22.5,1.0,0.13535760916486517,9.136080912671213,67.23056543718629,GT-0052,,True,ACCEPTED
819.87,RADAR_B,RADAR_B-T3345,False,4,GT-0052,1733.9388309738051,18.999132615269797,6.494118709628885,22.5,22.5,1.0,0.2074550536069965,11.95013797650626,63.611975955581755,GT-0052,,True,ACCEPTED
821.13,RADAR_A,RADAR_A-T7594,False,4,GT-0052,2220.869301815397,16.43560555117494,11.033245551242768,22.5,22.5,1.0,0.17419935471274528,6.494118709628885,68.7889311058138,GT-0052,,True,ACCEPTED
823.23,RADAR_A,RADAR_A-T7594,True,4,GT-0052,2386.4609168166794,4.854379009545234,12.923755755253818,22.5,22.5,1.0,0.22324690962424235,11.033245551242768,68.5710444255242,GT-0052,,True,ACCEPTED
828.49,RADAR_A,RADAR_A-T8580,False,4,GT-0052,2605.939419453154,4.264369237029899,14.946802934639086,22.5,22.5,1.0,0.2939934569536242,12.923755755253818,72.36223455859664,GT-0052,,True,ACCEPTED
833.34,RADAR_A,RADAR_A-T9991,False,4,GT-0052,2747.4493799827123,14.1557323527067,16.871201281802147,22.5,22.5,1.0,0.38430814780688416,14.946802934639086,74.64783889163081,GT-0052,,True,ACCEPTED
834.65,RADAR_B,RADAR_B-T7382,False,4,GT-0052,2610.8694861487184,47.61644235352646,48.94796495664646,22.5,22.5,1.0,0.48863320627554313,16.871201281802147,100.60758192406419,,GT-0062,False,SOURCE_MAP_NOT_FOUND;MAHALANOBIS_GATE_FAIL;NEW_TRACK_CREATED
840.0,RADAR_B,RADAR_B-T7382,True,5,GT-0062,1255.6778886830255,69.42522811283125,2.3256160329799744,22.5,22.5,1.0,0.0,0.0,86.38649320069379,GT-0062,,True,ACCEPTED
846.81,RADAR_A,RADAR_A-T7364,False,5,GT-0062,451.3748638333895,41.45618640581224,0.6354682916184179,22.5,22.5,1.0,0.0,2.3256160329799744,64.14667340632786,GT-0062,,True,ACCEPTED
849.02,RADAR_A,RADAR_A-T7364,True,4,GT-0062,516.511758795499,31.7447172030803,6.858602997883855,22.5,22.5,1.0,0.0,0.6354682916184179,61.20467264996754,GT-0062,,True,ACCEPTED
850.5,RADAR_B,RADAR_B-T2407,False,4,GT-0062,563.8950335987249,13.203792779509188,2.4328995803994617,22.5,22.5,1.0,0.014310049964730918,6.858602997883855,55.388049560216416,GT-0062,,True,ACCEPTED
851.39,RADAR_A,RADAR_A-T7364,True,4,GT-0062,553.4897835926608,4.20030986934176,0.8000764669936329,22.5,22.5,1.0,0.011448039971784736,2.4328995803994617,54.593762811765664,GT-0062,,True,ACCEPTED
854.3,RADAR_C,RADAR_C-T4624,False,4,GT-0062,447.4188965997006,76.92626557031166,10.308779863096223,22.5,22.5,1.0,0.00915843197742779,0.8000764669936329,70.3937694892456,GT-0062,,True,ACCEPTED
856.87,RADAR_A,RADAR_A-T5198,False,4,GT-0062,681.7147258739991,12.98514434318294,1.2546157225714796,22.5,22.5,1.0,0.07913974330021262,10.308779863096223,61.30102529369944,GT-0062,,True,ACCEPTED
861.95,RADAR_A,RADAR_A-T9481,False,4,GT-0062,1297.0858075360936,4.772221997212336,3.723150326423299,22.5,22.5,1.0,0.0633117946401701,1.2546157225714796,61.1366479478,GT-0062,,True,ACCEPTED
864.04,RADAR_B,RADAR_B-T9501,False,4,GT-0062,1487.7743948282655,12.454755668213535,4.27612550290032,22.5,22.5,1.0,0.050649435712136086,3.723150326423299,60.17150341662464,GT-0062,,True,ACCEPTED
867.59,RADAR_A,RADAR_A-T4940,False,4,GT-0062,1868.2186886352417,13.618768101412648,7.643482778074725,22.5,22.5,1.0,0.04051954856970887,4.27612550290032,65.72584542916755,GT-0062,,True,ACCEPTED
870.83,RADAR_C,RADAR_C-T2175,False,4,GT-0062,2511.8155394421456,20.033231402450724,8.239517827304187,22.5,22.5,1.0,0.05980701849034586,7.643482778074725,67.52957057847082,GT-0062,,True,ACCEPTED
872.59,RADAR_A,RADAR_A-T4048,False,4,GT-0062,2209.7452040453977,20.268887549145127,10.870125320356806,22.5,22.5,1.0,0.08517091191401314,8.239517827304187,69.12651542362977,GT-0062,,True,ACCEPTED
873.88,RADAR_B,RADAR_B-T2425,False,4,GT-0062,599.0798685110286,26.87203458487763,2.659769082820678,22.5,22.5,1.0,0.1493054848704906,10.870125320356806,59.90290464226988,GT-0062,,True,ACCEPTED
875.96,RADAR_A,RADAR_A-T4048,True,4,GT-0062,789.9140364063742,8.331277885667037,1.3616902437790335,22.5,22.5,1.0,0.1194443878963925,2.659769082820678,63.595008068039924,GT-0062,,True,ACCEPTED
878.49,RADAR_A,RADAR_A-T4048,True,4,GT-0062,710.8050217559787,26.989258992836042,3.7387633771799518,22.5,22.5,1.0,0.09555551031711401,1.3616902437790335,59.92830681802556,GT-0062,,True,ACCEPTED
878.51,RADAR_B,RADAR_B-T2425,True,4,GT-0062,712.9901114121866,33.38479664753392,8.894439050721052,22.5,22.5,1.0,0.07644440825369121,3.7387633771799518,62.90106403734012,GT-0062,,True,ACCEPTED
880.83,RADAR_A,RADAR_A-T4048,True,4,GT-0062,949.344822165936,26.667620137515286,4.0289603776292315,22.5,22.5,1.0,0.10939617744830385,8.894439050721052,60.26927755021719,GT-0062,,True,ACCEPTED
883.86,RADAR_A,RADAR_A-T4048,True,4,GT-0062,1674.9631233635032,5.709782966522086,6.085988054188314,22.5,22.5,1.0,0.08751694195864308,4.0289603776292315,62.2988070953817,GT-0062,,True,ACCEPTED
886.01,RADAR_C,RADAR_C-T5660,False,4,GT-0062,1090.0599049360474,25.733916555684694,6.192239324448287,22.5,22.5,1.0,0.07144668780338637,6.085988054188314,61.45369195859846,GT-0062,,True,ACCEPTED
889.9,RADAR_B,RADAR_B-T1904,False,4,GT-0062,1324.7132962270857,30.342997393594867,5.311579838173702,22.5,22.5,1.0,0.060361338983513875,6.192239324448287,63.122311710508754,GT-0062,,True,ACCEPTED
891.44,RADAR_A,RADAR_A-T4724,False,4,GT-0062,650.3773434278817,30.781774895824576,2.1600627502727456,22.5,22.5,1.0,0.048289071186811104,5.311579838173702,61.29627775065385,GT-0062,,True,ACCEPTED
895.05,RADAR_B,RADAR_B-T1904,True,4,GT-0062,352.7433582906102,55.787554104965885,0.9300166415858204,22.5,22.5,1.0,0.03863125694944888,2.1600627502727456,65.60162122320558,GT-0062,,True,ACCEPTED
896.51,RADAR_A,RADAR_A-T7386,False,4,GT-0062,841.3222664765706,28.223190160952882,2.1394359176670457,22.5,22.5,1.0,0.030905005559559107,0.9300166415858204,63.307454185002,GT-0062,,True,ACCEPTED
898.61,RADAR_A,RADAR_A-T7386,True,4,GT-0062,920.7446940767346,2.637109755926706,1.9453438488659813,22.5,22.5,1.0,0.024724004447647288,2.1394359176670457,55.10244798800573,GT-0062,,True,ACCEPTED
900.12,RADAR_B,RADAR_B-T1904,True,4,GT-0062,1260.0982355203264,32.477234080705344,9.225324150103756,22.5,22.5,1.0,0.019779203558117832,1.9453438488659813,64.09488531693472,GT-0062,,True,ACCEPTED
903.15,RADAR_A,RADAR_A-T5554,False,4,GT-0062,883.0823143599733,23.804252240355584,2.5065689745245927,22.5,22.5,1.0,0.06957876534822353,9.225324150103756,60.43901335474559,GT-0062,,True,ACCEPTED
903.83,RADAR_C,RADAR_C-T1309,False,4,GT-0062,658.043472187809,81.4721318417663,23.785253622606273,22.5,22.5,1.0,0.05566301227857883,2.5065689745245927,82.5925278141694,,GT-0064,False,SOURCE_MAP_NOT_FOUND;MAHALANOBIS_GATE_FAIL;NEW_TRACK_CREATED
905.01,RADAR_A,RADAR_A-T5554,True,4,GT-0062,1095.639640532326,10.976752524410335,3.7551100239161572,22.5,22.5,1.0,0.05566301227857883,2.5065689745245927,57.39515588995796,GT-0062,,True,ACCEPTED
906.95,RADAR_A,RADAR_A-T5554,True,4,GT-0062,913.322718558548,24.20675198460135,7.437457928529776,22.5,22.5,1.0,0.04453040982286307,3.7551100239161572,60.4692131942649,GT-0062,,True,ACCEPTED
911.08,RADAR_A,RADAR_A-T5092,False,4,GT-0062,1168.516533804053,8.334901243318205,3.1291574875785764,22.5,22.5,1.0,0.05958196000045339,7.437457928529776,61.301183365193104,GT-0062,,True,ACCEPTED
914.53,RADAR_B,RADAR_B-T2354,False,4,GT-0062,1947.6820811048817,12.902432222535476,6.476886280478997,22.5,22.5,1.0,0.047665568000362715,3.1291574875785764,64.87662443751991,GT-0062,,True,ACCEPTED
915.96,RADAR_A,RADAR_A-T5259,False,4,GT-0062,1498.9301542185776,2.0261243956379484,4.892311222987654,22.5,22.5,1.0,0.04608055907494012,6.476886280478997,63.27285479700221,GT-0062,,True,ACCEPTED
918.84,RADAR_A,RADAR_A-T5259,True,4,GT-0062,1716.8438396583422,5.984754500202209,6.776241817783886,22.5,22.5,1.0,0.036864447259952096,4.892311222987654,62.30870199369227,GT-0062,,True,ACCEPTED
921.12,RADAR_A,RADAR_A-T5259,True,4,GT-0062,278.1450760535697,6.9741706245862,0.21859138662535796,22.5,22.5,1.0,0.042428921437693105,6.776241817783886,59.903360778752344,GT-0062,,True,ACCEPTED
924.74,RADAR_C,RADAR_C-T9422,False,4,GT-0062,676.090460560806,6.138308388958771,0.7614186233304813,22.5,22.5,1.0,0.033943137150154484,0.21859138662535796,59.99004222221921,GT-0062,,True,ACCEPTED
925.22,RADAR_B,RADAR_B-T9409,False,4,GT-0062,832.6121075811043,23.217753991036655,2.361503220181015,22.5,22.5,1.0,0.02715450972012359,0.7614186233304813,60.544329475721334,GT-0062,,True,ACCEPTED
926.0,RADAR_A,RADAR_A-T9094,False,4,GT-0062,870.3664669076227,23.385687244354155,4.427815129860927,22.5,22.5,1.0,0.02172360777609887,2.361503220181015,59.26157906221005,GT-0062,,True,ACCEPTED
929.78,RADAR_A,RADAR_A-T1166,False,4,GT-0062,805.3160370859405,30.174623751946143,1.5161668513840836,22.5,22.5,1.0,0.0173788862208791,4.427815129860927,66.5627879864431,GT-0062,,True,ACCEPTED
930.42,RADAR_B,RADAR_B-T9409,True,4,GT-0062,494.80804479893135,30.10095803084238,5.281211052393251,22.5,22.5,1.0,0.01390310897670328,1.5161668513840836,59.64401536880242,GT-0062,,True,ACCEPTED
931.09,RADAR_C,RADAR_C-T9422,True,4,GT-0062,884.542032586013,17.733372266581377,5.9555763596897675,22.5,22.5,1.0,0.011122487181362625,5.281211052393251,57.96820243027351,GT-0062,,True,ACCEPTED
931.97,RADAR_A,RADAR_A-T1166,True,4,GT-0062,725.3837608231846,41.969056064962075,8.496937136629924,22.5,22.5,1.0,0.008897989745090101,5.9555763596897675,63.77852570777889,GT-0062,,True,ACCEPTED
934.57,RADAR_A,RADAR_A-T1166,True,4,GT-0062,526.7070101459774,55.945923044930076,2.517108891934743,22.5,22.5,1.0,0.04873401073990416,8.496937136629924,63.43721952326218,GT-0062,,True,ACCEPTED
939.6,RADAR_A,RADAR_A-T9246,False,4,GT-0062,742.7106404548114,34.7342572292658,2.172170853260973,22.5,22.5,1.0,0.03898720859192333,2.517108891934743,61.70804051908851,GT-0062,,True,ACCEPTED
940.46,RADAR_B,RADAR_B-T6464,False,4,GT-0062,502.3789634084702,23.06992068211064,3.4434826957176607,22.5,22.5,1.0,0.031189766873538666,2.172170853260973,57.97363109677833,GT-0062,,True,ACCEPTED
942.37,RADAR_A,RADAR_A-T9246,True,4,GT-0062,465.2084279324215,22.084965416014096,2.034514597399036,22.5,22.5,1.0,0.024951813498830935,3.4434826957176607,57.953331402257334,GT-0062,,True,ACCEPTED
944.03,RADAR_B,RADAR_B-T6464,True,4,GT-0062,770.2499208353598,13.49304126550061,2.4436708415107753,22.5,22.5,1.0,0.01996145079906475,2.034514597399036,56.90795423599616,GT-0062,,True,ACCEPTED
945.23,RADAR_A,RADAR_A-T9246,True,4,GT-0062,1144.5108971074048,8.622936384420955,3.3823471081121954,22.5,22.5,1.0,0.0159691606392518,2.4436708415107753,58.32244519582337,GT-0062,,True,ACCEPTED
947.59,RADAR_A,RADAR_A-T9246,True,4,GT-0062,1191.4450061106443,17.82138575417199,3.7397780793705078,22.5,22.5,1.0,0.012775328511401441,3.3823471081121954,61.26205306846637,GT-0062,,True,ACCEPTED
948.13,RADAR_B,RADAR_B-T6464,True,5,GT-0062,569.173049587683,43.68329677140001,9.061444285046287,22.5,22.5,1.0,0.010220262809121153,3.7397780793705078,64.70774471913539,GT-0062,,True,ACCEPTED
949.99,RADAR_A,RADAR_A-T9246,True,4,GT-0062,1491.6311238758803,7.576367616856614,5.513084281296614,22.5,22.5,1.0,0.05920028166473504,9.061444285046287,62.16991580214194,GT-0062,,True,ACCEPTED
952.18,RADAR_A,RADAR_A-T9246,True,4,GT-0062,1015.7753367352553,13.602701775242632,3.161290876403285,22.5,22.5,1.0,0.04736022533178803,5.513084281296614,59.30813113977673,GT-0062,,True,ACCEPTED
954.85,RADAR_A,RADAR_A-T9246,True,4,GT-0062,1408.7646900796124,6.638882329395895,4.998056552151879,22.5,22.5,1.0,0.03788818026543043,3.161290876403285,61.475886637276304,GT-0062,,True,ACCEPTED
957.81,RADAR_A,RADAR_A-T9246,True,4,GT-0062,1265.4689431236043,15.002630654727303,4.67122772739674,22.5,22.5,1.0,0.030310544212344345,4.998056552151879,59.64518695352487,GT-0062,,True,ACCEPTED
960.58,RADAR_A,RADAR_A-T9246,True,4,GT-0062,1257.7615238021033,12.455421421659992,3.778688934210902,22.5,22.5,1.0,0.024248435369875476,4.67122772739674,61.751406365991194,GT-0062,,True,ACCEPTED
963.25,RADAR_A,RADAR_A-T9246,True,4,GT-0062,1665.0042929844542,9.187245126150447,6.455388639014077,22.5,22.5,1.0,0.01939874829590038,3.778688934210902,63.084653283949756,GT-0062,,True,ACCEPTED
965.39,RADAR_A,RADAR_A-T9246,True,4,GT-0062,1276.879711858032,7.289896976085751,4.058451053891269,22.5,22.5,1.0,0.02310880928695493,6.455388639014077,59.653261904676754,GT-0062,,True,ACCEPTED
970.38,RADAR_A,RADAR_A-T5976,False,4,GT-0062,838.1178575792433,14.845178993817559,2.3503054681755486,22.5,22.5,1.0,0.018487047429563943,4.058451053891269,59.170799999598245,GT-0062,,True,ACCEPTED
972.97,RADAR_A,RADAR_A-T5976,True,4,GT-0062,1258.2164154275233,7.040248744300055,4.034278735058008,22.5,22.5,1.0,0.014789637943651155,2.3503054681755486,57.93508751615404,GT-0062,,True,ACCEPTED
975.33,RADAR_C,RADAR_C-T2797,False,4,GT-0062,1549.6734205041575,15.834115580001058,5.853509112177451,22.5,22.5,1.0,0.011831710354920925,4.034278735058008,62.961875318129685,GT-0062,,True,ACCEPTED
977.94,RADAR_A,RADAR_A-T6047,False,4,GT-0062,1338.1422400741187,17.722879003698427,4.318029512998829,22.5,22.5,1.0,0.00946536828393674,5.853509112177451,63.35235827367841,GT-0062,,True,ACCEPTED
978.18,RADAR_B,RADAR_B-T9637,False,4,GT-0062,884.8433524027182,24.729509749937744,35.938763076900166,22.5,22.5,1.0,0.0075722946271493926,4.318029512998829,83.21025828957804,,GT-0067,False,SOURCE_MAP_NOT_FOUND;MAHALANOBIS_GATE_FAIL;NEW_TRACK_CREATED
979.85,RADAR_A,RADAR_A-T6047,True,4,GT-0062,1511.9613346248757,19.34628627286396,12.096946785763318,22.5,22.5,1.0,0.0075722946271493926,4.318029512998829,63.005986087293266,GT-0062,,True,ACCEPTED
982.2,RADAR_B,RADAR_B-T9637,True,4,GT-0062,1078.7772368428355,9.468984222784975,3.052098342330183,22.5,22.5,1.0,0.1076736154644415,12.096946785763318,58.60929612284096,GT-0062,,True,ACCEPTED
985.75,RADAR_A,RADAR_A-T9975,False,4,GT-0062,1500.0393611625482,16.55869613116393,5.793547654116153,22.5,22.5,1.0,0.0861388923715532,3.052098342330183,64.99804865660134,GT-0062,,True,ACCEPTED
988.29,RADAR_A,RADAR_A-T9975,True,4,GT-0062,174.8771555330906,16.192933282636243,0.5491269919694584,22.5,22.5,1.0,0.06891111389724257,5.793547654116153,58.3864418649288,GT-0062,,True,ACCEPTED
992.65,RADAR_B,RADAR_B-T8038,False,4,GT-0062,178.4967952799669,65.24632546539233,5.958661908790766,22.5,22.5,1.0,0.05512889111779406,0.5491269919694584,64.5033707373097,GT-0062,,True,ACCEPTED
996.24,RADAR_A,RADAR_A-T2112,False,4,GT-0062,470.4620251145666,57.19867715787576,1.552846701642813,22.5,22.5,1.0,0.04410311289423525,5.958661908790766,64.11931318416183,GT-0062,,True,ACCEPTED
1000.67,RADAR_A,RADAR_A-T6606,False,4,GT-0062,332.9433512439964,12.551330604622118,0.6093983556165599,22.5,22.5,1.0,0.0352824903153882,1.552846701642813,58.38807645514344,GT-0062,,True,ACCEPTED
1003.77,RADAR_A,RADAR_A-T6606,True,4,GT-0062,877.5162380842995,33.13380840920718,4.527494294919649,22.5,22.5,1.0,0.028225992252310563,0.6093983556165599,60.896863640265266,GT-0062,,True,ACCEPTED
1005.01,RADAR_C,RADAR_C-T1580,False,4,GT-0062,1366.8763536829788,63.58050979032239,26.77067501368595,22.5,22.5,1.0,0.02258079380184845,4.527494294919649,82.18908802074763,,GT-0068,False,SOURCE_MAP_NOT_FOUND;MAHALANOBIS_GATE_FAIL;NEW_TRACK_CREATED
1006.92,RADAR_A,RADAR_A-T6606,True,5,GT-0062,582.3166954116033,13.677757021143446,1.569789900845129,22.5,22.5,1.0,0.02258079380184845,4.527494294919649,56.69913850878188,GT-0062,,True,ACCEPTED
1008.93,RADAR_B,RADAR_B-T9923,False,5,GT-0068,1114.389365770608,118.00316529244601,1.472893084416303,22.5,22.5,1.0,0.0,0.0,85.01947322161895,GT-0068,,True,ACCEPTED
1012.11,RADAR_A,RADAR_A-T7625,False,6,GT-0062,175.2124787855282,8.28110846305251,0.24280125863281354,22.5,22.5,1.0,0.01806463504147876,1.569789900845129,57.4094076848154,GT-0062,,True,ACCEPTED
1014.77,RADAR_A,RADAR_A-T7625,True,6,GT-0062,695.0650863339185,5.696427089694409,1.1899853201686803,22.5,22.5,1.0,0.014451708033183009,0.24280125863281354,57.66833380611494,GT-0062,,True,ACCEPTED
1014.77,RADAR_B,RADAR_B-T9923,True,6,GT-0068,1050.0730410377178,234.96614650717302,3.513913710363004,22.5,22.5,1.0,0.0,1.472893084416303,73.03506182766061,,GT-0071,False,VELOCITY_GATE_FAIL;NEW_TRACK_CREATED
1017.84,RADAR_A,RADAR_A-T7625,True,5,GT-0062,624.0917556882025,12.02171864129607,1.4902252577200537,22.5,22.5,1.0,0.011561366426546408,1.1899853201686803,57.66836991617266,GT-0062,,True,ACCEPTED
1018.52,RADAR_B,RADAR_B-T9923,True,5,GT-0062,627.0534110936644,17.0262873337223,5.442073663544136,22.5,22.5,1.0,0.009249093141237126,1.4902252577200537,56.81869488728161,GT-0062,,True,ACCEPTED
1023.43,RADAR_A,RADAR_A-T6264,False,5,GT-0062,520.316318036509,5.213760991421086,0.6788857455114959,22.5,22.5,1.0,0.007399274512989701,5.442073663544136,63.332336636391005,GT-0062,,True,ACCEPTED
1023.51,RADAR_B,RADAR_B-T9923,True,5,GT-0062,516.2195984036199,15.449004638251937,2.311985200930018,22.5,22.5,1.0,0.005919419610391761,0.6788857455114959,56.09876448614461,GT-0062,,True,ACCEPTED
1026.13,RADAR_A,RADAR_A-T6264,True,5,GT-0062,231.59313970789535,2.1986367775157007,0.1424901583921438,22.5,22.5,1.0,0.004735535688313409,2.311985200930018,56.17623059668772,GT-0062,,True,ACCEPTED
1028.3,RADAR_B,RADAR_B-T9923,True,5,GT-0062,673.0930242063722,10.406531491187664,2.2372825488571166,22.5,22.5,1.0,0.003788428550650727,0.1424901583921438,54.76635727982944,GT-0062,,True,ACCEPTED
1028.9,RADAR_A,RADAR_A-T6264,True,5,GT-0062,484.4044342712181,6.670591102930936,0.924164211013959,22.5,22.5,1.0,0.003030742840520582,2.2372825488571166,54.4604402963315,GT-0062,,True,ACCEPTED
1029.54,RADAR_C,RADAR_C-T3321,False,5,GT-0062,1447.3691247757592,45.92938095735336,5.933319966013986,22.5,22.5,1.0,0.0024245942724164657,0.924164211013959,66.10094756440951,GT-0062,,True,ACCEPTED
1030.37,RADAR_B,RADAR_B-T9923,True,5,GT-0062,429.46331094927024,13.432991738852355,0.6643872133038892,22.5,22.5,1.0,0.0019396754179331725,5.933319966013986,60.850399012624294,GT-0062,,True,ACCEPTED
1035.65,RADAR_B,RADAR_B-T9923,True,5,GT-0062,731.177915338757,36.05473766785889,1.635870751949071,22.5,22.5,1.0,0.001551740334346538,0.6643872133038892,63.6912731630595,GT-0062,,True,ACCEPTED
1036.77,RADAR_A,RADAR_A-T2832,False,5,GT-0062,453.5844991510028,36.8402048487929,1.518212161068743,22.5,22.5,1.0,0.0012413922674772305,1.635870751949071,61.787813257978875,GT-0062,,True,ACCEPTED
1041.29,RADAR_C,RADAR_C-T3321,True,4,GT-0062,1453.1725742571707,60.60698886634726,8.084656587871697,22.5,22.5,1.0,0.0009931138139817844,1.518212161068743,67.65489681105173,GT-0062,,True,ACCEPTED
1041.55,RADAR_B,RADAR_B-T9923,True,4,GT-0062,489.6088040717163,28.664817178730264,1.6772073437186985,22.5,22.5,1.0,0.035538767515713714,8.084656587871697,59.59831122563954,GT-0062,,True,ACCEPTED
1042.71,RADAR_A,RADAR_A-T5836,False,4,GT-0062,345.2533690031744,16.09897688990581,2.349268370482475,22.5,22.5,1.0,0.028431014012570973,1.6772073437186985,55.49147411383195,GT-0062,,True,ACCEPTED
1045.14,RADAR_A,RADAR_A-T5836,True,4,GT-0062,216.69253331880074,29.645022606496365,2.8185998367159115,22.5,22.5,1.0,0.02274481121005678,2.349268370482475,58.77123804754377,GT-0062,,True,ACCEPTED
1045.63,RADAR_B,RADAR_B-T9923,True,4,GT-0062,375.66273284217164,14.681844176099084,1.4452987968514808,22.5,22.5,1.0,0.018195848968045426,2.8185998367159115,55.617050604303046,GT-0062,,True,ACCEPTED
1048.19,RADAR_A,RADAR_A-T5836,True,4,GT-0062,367.43171788477554,20.86525230217113,0.5864079210799423,22.5,22.5,1.0,0.014556679174436342,1.4452987968514808,61.849449161656395,GT-0062,,True,ACCEPTED
1049.78,RADAR_C,RADAR_C-T3321,True,4,GT-0062,323.16561669914245,44.16773545526165,2.3538722829617544,22.5,22.5,1.0,0.011645343339549074,0.5864079210799423,62.71389023065694,GT-0062,,True,ACCEPTED
1049.9,RADAR_B,RADAR_B-T9923,True,4,GT-0062,449.432810060178,24.902541085700747,1.1944876373814806,22.5,22.5,1.0,0.00931627467163926,2.3538722829617544,60.008816933246486,GT-0062,,True,ACCEPTED
1056.53,RADAR_B,RADAR_B-T9923,True,6,GT-0062,173.6759000885111,36.49018679185571,0.7885543921833165,22.5,22.5,1.0,0.007453019737311408,1.1944876373814806,62.21529081619156,GT-0062,,True,ACCEPTED
1062.8,RADAR_A,RADAR_A-T6397,False,4,GT-0062,265.5863975610641,32.744742657546446,0.9576233174106051,22.5,22.5,1.0,0.005962415789849127,0.7885543921833165,61.625694145092645,GT-0062,,True,ACCEPTED
1067.6,RADAR_A,RADAR_A-T8687,False,4,GT-0062,596.4152116058749,11.648600964018362,1.169591378441565,22.5,22.5,1.0,0.004769932631879302,0.9576233174106051,58.32995489472384,GT-0062,,True,ACCEPTED
1068.23,RADAR_B,RADAR_B-T5429,False,4,GT-0062,780.4779657910483,56.88450292886189,43.07207769181434,22.5,22.5,1.0,0.0038159461055034417,1.169591378441565,95.29435502395572,,GT-0076,False,SOURCE_MAP_NOT_FOUND;MAHALANOBIS_GATE_FAIL;NEW_TRACK_CREATED
1070.33,RADAR_A,RADAR_A-T8687,True,5,GT-0062,320.97974414798995,27.846131013140706,5.866465990791197,22.5,22.5,1.0,0.0038159461055034417,1.169591378441565,59.38716967566505,GT-0062,,True,ACCEPTED
1072.53,RADAR_C,RADAR_C-T8400,False,5,GT-0062,855.589218870707,46.08207442827898,6.245640951550026,22.5,22.5,1.0,0.0030527568844027535,5.866465990791197,64.30632656023845,GT-0062,,True,ACCEPTED
1073.94,RADAR_B,RADAR_B-T5429,True,5,GT-0076,165.19745603405352,65.21823838633404,0.19789523070574425,22.5,22.5,1.0,0.0,0.0,84.16074871908434,GT-0076,,True,ACCEPTED
1080.68,RADAR_B,RADAR_B-T5429,True,5,GT-0062,388.32127536943085,68.71027756152058,2.4391167852026765,22.5,22.5,1.0,0.006536221366689306,6.245640951550026,65.82107789577672,GT-0062,,True,ACCEPTED
1082.35,RADAR_A,RADAR_A-T4110,False,5,GT-0062,295.05193285570044,36.49907870404949,3.49882212936853,22.5,22.5,1.0,0.005228977093351445,2.4391167852026765,60.35695612453069,GT-0062,,True,ACCEPTED
1084.52,RADAR_A,RADAR_A-T4110,True,5,GT-0062,864.2925269829746,34.46847957582518,11.937013054164593,22.5,22.5,1.0,0.004183181674681156,3.49882212936853,65.12768823678161,GT-0062,,True,ACCEPTED
1087.04,RADAR_A,RADAR_A-T4110,True,5,GT-0062,506.9847402185377,24.248701905399095,3.6734465591713055,22.5,22.5,1.0,0.1022967629091548,11.937013054164593,58.17313393527889,GT-0062,,True,ACCEPTED
1090.82,RADAR_A,RADAR_A-T7723,False,6,GT-0062,277.52516586203717,16.27258572995265,0.3058946084435276,22.5,22.5,1.0,0.08183741032732385,3.6734465591713055,63.501541195452866,GT-0062,,True,ACCEPTED
1091.13,RADAR_B,RADAR_B-T5662,False,6,GT-0062,614.7217014508664,27.043306686039678,7.015157292390878,22.5,22.5,1.0,0.06546992826185909,0.3058946084435276,60.50724805414478,GT-0062,,True,ACCEPTED
1093.38,RADAR_A,RADAR_A-T7723,True,6,GT-0062,461.98809819347616,13.553983801025625,1.2724074279468351,22.5,22.5,1.0,0.06929523081600192,7.015157292390878,56.158963937671246,GT-0062,,True,ACCEPTED
1094.94,RADAR_A,RADAR_A-T7723,True,6,GT-0062,292.9895158585249,8.506454677364003,0.5368941084501747,22.5,22.5,1.0,0.055436184652801535,1.2724074279468351,55.357802960630124,GT-0062,,True,ACCEPTED
1095.93,RADAR_B,RADAR_B-T5662,True,5,GT-0062,507.58889137192256,7.910482109458447,1.422534364069014,22.5,22.5,1.0,0.04434894772224123,0.5368941084501747,53.39683478624284,GT-0062,,True,ACCEPTED
1097.11,RADAR_A,RADAR_A-T7723,True,5,GT-0062,318.33985991943825,18.506899783305094,2.4836688782373075,22.5,22.5,1.0,0.035479158177792985,1.422534364069014,56.11628757169577,GT-0062,,True,ACCEPTED
1099.12,RADAR_A,RADAR_A-T7723,True,4,GT-0062,372.29851014219946,20.819196332956743,3.3719925047275217,22.5,22.5,1.0,0.02838332654223439,2.4836688782373075,56.790143786233955,GT-0062,,True,ACCEPTED
1101.85,RADAR_C,RADAR_C-T7162,False,4,GT-0062,1591.7861833774582,96.5275692210701,23.410446025952883,22.5,22.5,1.0,0.022706661233787513,3.3719925047275217,83.38238710661899,,GT-0078,False,SOURCE_MAP_NOT_FOUND;MAHALANOBIS_GATE_FAIL;NEW_TRACK_CREATED
1104.07,RADAR_A,RADAR_A-T2436,False,5,GT-0062,1064.0113562045628,57.16839149680147,6.374880971026212,22.5,22.5,1.0,0.022706661233787513,3.3719925047275217,65.12642459758105,GT-0062,,True,ACCEPTED
1107.97,RADAR_B,RADAR_B-T1414,False,5,GT-0062,624.2188133949375,72.09545947399025,10.796250791544562,22.5,22.5,1.0,0.024413345170800217,6.374880971026212,68.90581091444734,GT-0062,,True,ACCEPTED
1108.41,RADAR_A,RADAR_A-T1798,False,4,GT-0062,1006.1679611930571,7.88776445566655,2.755140273777396,22.5,22.5,1.0,0.09946818932904955,10.796250791544562,59.61201796681164,GT-0062,,True,ACCEPTED
1110.67,RADAR_A,RADAR_A-T1798,True,4,GT-0062,1047.676794144659,5.896319511988026,3.249132080529423,22.5,22.5,1.0,0.07957455146323965,2.755140273777396,55.27967368252585,GT-0062,,True,ACCEPTED
1112.32,RADAR_B,RADAR_B-T1414,True,4,GT-0062,533.8333122959754,8.696038858878422,1.5683527096174976,22.5,22.5,1.0,0.06365964117059172,3.249132080529423,53.618165362619465,GT-0062,,True,ACCEPTED
1112.48,RADAR_A,RADAR_A-T1798,True,4,GT-0062,184.90833242380884,13.366402302985826,7.568866609487989,22.5,22.5,1.0,0.050927712936473385,1.5683527096174976,55.49159971229365,GT-0062,,True,ACCEPTED
1115.64,RADAR_A,RADAR_A-T1798,True,4,GT-0062,428.14657956337487,15.36520052815225,0.585592596700811,22.5,22.5,1.0,0.06688994717397852,7.568866609487989,63.66544805782302,GT-0062,,True,ACCEPTED
1118.13,RADAR_A,RADAR_A-T1798,True,4,GT-0062,609.8459982587754,6.733290958381658,1.1401699480799325,22.5,22.5,1.0,0.05351195773918282,0.585592596700811,58.64683723473051,GT-0062,,True,ACCEPTED
1121.6,RADAR_C,RADAR_C-T2605,False,4,GT-0062,809.7800678953694,28.9596447120785,2.826945428668648,22.5,22.5,1.0,0.04280956619134626,1.1401699480799325,60.624444230452426,GT-0062,,True,ACCEPTED
1126.85,RADAR_A,RADAR_A-T2693,False,4,GT-0062,928.8999732857066,32.45869335374199,4.106910338507428,22.5,22.5,1.0,0.03424765295307701,2.826945428668648,63.75731836133998,GT-0062,,True,ACCEPTED
1128.41,RADAR_B,RADAR_B-T7147,False,4,GT-0062,663.917814039518,14.471707560826614,2.3920087603852584,22.5,22.5,1.0,0.02739812236246161,4.106910338507428,56.39510818507069,GT-0062,,True,ACCEPTED
1129.83,RADAR_A,RADAR_A-T2693,True,4,GT-0062,560.1406683322905,19.33085798711524,2.1683500544293657,22.5,22.5,1.0,0.021918497889969288,2.3920087603852584,57.25020275471532,GT-0062,,True,ACCEPTED
1132.39,RADAR_A,RADAR_A-T2693,True,4,GT-0062,1144.601654328928,11.805193400586184,4.237982226178499,22.5,22.5,1.0,0.017534798311975432,2.1683500544293657,58.57692586593993,GT-0062,,True,ACCEPTED
1137.29,RADAR_A,RADAR_A-T5989,False,4,GT-0062,1135.4194297510219,15.446250932511942,3.8046842536160064,22.5,22.5,1.0,0.014027838649580347,4.237982226178499,63.16362676504269,GT-0062,,True,ACCEPTED
1137.87,RADAR_C,RADAR_C-T6054,False,4,GT-0062,1183.9378114437502,16.90169435939236,5.018390032791199,22.5,22.5,1.0,0.011222270919664278,3.8046842536160064,59.099438098348216,GT-0062,,True,ACCEPTED
1141.53,RADAR_A,RADAR_A-T7316,False,4,GT-0062,738.7339309193238,5.244798729982861,1.5448691622059223,22.5,22.5,1.0,0.008977816735731423,5.018390032791199,58.45700537434941,GT-0062,,True,ACCEPTED
1144.15,RADAR_A,RADAR_A-T7316,True,4,GT-0062,949.8118875820238,12.625247450001003,3.745728835864302,22.5,22.5,1.0,0.007182253388585139,1.5448691622059223,56.5963025356523,GT-0062,,True,ACCEPTED
1145.12,RADAR_B,RADAR_B-T8570,True,4,GT-0062,802.4707156164694,21.14195498232711,3.993441839141277,22.5,22.5,1.0,0.005745802710868112,3.745728835864302,58.245610536280864,GT-0062,,True,ACCEPTED
1146.61,RADAR_C,RADAR_C-T6054,True,4,GT-0062,545.9345953346457,15.482767769547793,1.27066744732607,22.5,22.5,1.0,0.0045966421686944895,3.993441839141277,58.4315144593918,GT-0062,,True,ACCEPTED
1154.99,RADAR_B,RADAR_B-T7949,False,4,GT-0062,1009.7022907816441,38.061098266540064,3.5939340114200027,22.5,22.5,1.0,0.003677313734955592,1.27066744732607,71.62711782501087,GT-0062,,True,ACCEPTED
1155.97,RADAR_C,RADAR_C-T6054,True,4,GT-0062,491.7893664749379,44.672215986006314,9.244670061900466,22.5,22.5,1.0,0.0029418509879644734,3.5939340114200027,64.82435585912009,GT-0062,,True,ACCEPTED
1156.61,RADAR_A,RADAR_A-T1054,False,4,GT-0062,546.8628818994692,16.493296804035083,2.0396126013647384,22.5,22.5,1.0,0.05643131515537935,9.244670061900466,56.83543499704902,GT-0062,,True,ACCEPTED
1159.29,RADAR_A,RADAR_A-T1054,True,4,GT-0062,1342.8365052550264,13.474283959110936,6.536409747531387,22.5,22.5,1.0,0.04514505212430348,2.0396126013647384,59.178037904114255,GT-0062,,True,ACCEPTED
1159.85,RADAR_B,RADAR_B-T7949,True,4,GT-0062,724.3275065590691,12.740257068254609,4.990802641471154,22.5,22.5,1.0,0.04505620415829924,6.536409747531387,54.6921364395256,GT-0062,,True,ACCEPTED
1164.26,RADAR_B,RADAR_B-T7949,True,4,GT-0062,748.4113673331889,40.86427474602749,1.9780051896618613,22.5,22.5,1.0,0.03604496332663939,4.990802641471154,65.84238377214946,GT-0062,,True,ACCEPTED
1165.09,RADAR_A,RADAR_A-T5517,False,4,GT-0062,343.4553780932979,13.746398123447195,3.833225272809818,22.5,22.5,1.0,0.02883597066131151,1.9780051896618613,53.92984363405675,GT-0062,,True,ACCEPTED
1165.81,RADAR_C,RADAR_C-T6054,True,4,GT-0062,421.5717100287972,45.16837076217362,10.966387982624857,22.5,22.5,1.0,0.02306877652904921,3.833225272809818,65.7740184739364,GT-0062,,True,ACCEPTED
1167.16,RADAR_A,RADAR_A-T5517,True,4,GT-0062,643.2499217164997,21.22937492441649,2.1912520322328257,22.5,22.5,1.0,0.10122815426698699,10.966387982624857,59.10634678173189,GT-0062,,True,ACCEPTED
1167.4,RADAR_B,RADAR_B-T7949,True,4,GT-0062,346.05768325569437,18.789694379641283,2.0568750462120864,22.5,22.5,1.0,0.0809825234135896,2.1912520322328257,56.67781502789618,GT-0062,,True,ACCEPTED
1169.85,RADAR_A,RADAR_A-T5517,True,4,GT-0062,704.1886172498565,4.381720859375212,1.50960888705233,22.5,22.5,1.0,0.06478601873087168,2.0568750462120864,58.46836582099012,GT-0062,,True,ACCEPTED
1172.08,RADAR_A,RADAR_A-T5517,True,4,GT-0062,847.7621467213481,10.020859604946606,2.4640147936855827,22.5,22.5,1.0,0.05182881498469735,1.50960888705233,56.766112206311654,GT-0062,,True,ACCEPTED
1174.85,RADAR_C,RADAR_C-T6054,True,4,GT-0062,949.4757768031905,61.16439838733182,7.166045259885661,22.5,22.5,1.0,0.04146305198775788,2.4640147936855827,68.0121292192672,GT-0062,,True,ACCEPTED
1177.82,RADAR_A,RADAR_A-T9889,False,4,GT-0062,519.5731828956679,15.1188305148876,0.9909920528568057,22.5,22.5,1.0,0.05260452925496732,7.166045259885661,59.80968748956648,GT-0062,,True,ACCEPTED
1178.76,RADAR_B,RADAR_B-T3474,False,4,GT-0062,948.3322312877259,12.268133519227312,4.175090672275749,22.5,22.5,1.0,0.04208362340397386,0.9909920528568057,55.96284963716217,GT-0062,,True,ACCEPTED
1182.04,RADAR_B,RADAR_B-T3474,True,4,GT-0062,1186.1690162816324,44.341476528127906,9.533677442425503,22.5,22.5,1.0,0.033666898723179094,4.175090672275749,65.82595806833606,GT-0062,,True,ACCEPTED
1185.42,RADAR_C,RADAR_C-T6054,True,4,GT-0062,1408.9859439105167,61.38945069073634,4.822999665120521,22.5,22.5,1.0,0.08582814301896834,9.533677442425503,67.52441684757916,GT-0062,,True,ACCEPTED
1185.98,RADAR_B,RADAR_B-T3474,True,4,GT-0062,1661.8842187257092,47.587999660131075,6.567687670975298,22.5,22.5,1.0,0.06866251441517467,4.822999665120521,67.21810005815588,GT-0062,,True,ACCEPTED
1188.83,RADAR_A,RADAR_A-T4410,False,4,GT-0062,1126.6096021601538,24.262533745179766,4.712157755240081,22.5,22.5,1.0,0.06439147271506136,6.567687670975298,64.5633471461845,GT-0062,,True,ACCEPTED
1191.18,RADAR_B,RADAR_B-T3474,True,4,GT-0062,1279.1370924459122,13.607190910263524,5.898138409264058,22.5,22.5,1.0,0.05151317817204909,4.712157755240081,58.88717280171285,GT-0062,,True,ACCEPTED
1191.43,RADAR_A,RADAR_A-T4410,True,4,GT-0062,1329.9284362864516,15.941922827485454,6.882372828147533,22.5,22.5,1.0,0.041210542537639276,5.898138409264058,59.841039642710236,GT-0062,,True,ACCEPTED
1194.7,RADAR_C,RADAR_C-T6054,True,4,GT-0062,1791.229205321649,56.295242216732746,10.523233284738152,22.5,22.5,1.0,0.047674647832570305,6.882372828147533,69.39017370367993,GT-0062,,True,ACCEPTED
1197.05,RADAR_A,RADAR_A-T2443,False,4,GT-0062,2331.637596942449,21.907788436315247,14.78324797317289,22.5,22.5,1.0,0.1135269396783588,10.523233284738152,74.1861305273692,GT-0062,,True,ACCEPTED
1199.22,RADAR_A,RADAR_A-T2443,True,4,GT-0062,1847.3184171557864,11.297779147723885,10.687659632845508,22.5,22.5,1.0,0.2372090179622352,14.78324797317289,65.35632543116834,GT-0062,,True,ACCEPTED
1200.68,RADAR_C,RADAR_C-T6054,True,4,GT-0062,2636.1490925169023,25.815579186656635,13.224727082174487,22.5,22.5,1.0,0.2678948749172133,10.687659632845508,69.24104353274866,GT-0062,,True,ACCEPTED
1201.23,RADAR_A,RADAR_A-T2443,True,4,GT-0062,1570.65850329097,10.449774508334727,8.042170505360682,22.5,22.5,1.0,0.3347280179700121,13.224727082174487,59.853778195525955,GT-0062,,True,ACCEPTED
1204.0,RADAR_A,RADAR_A-T2443,True,4,GT-0062,2113.703289320933,10.44075535352412,12.80221256299516,22.5,22.5,1.0,0.3018185894653544,8.042170505360682,68.65900237527381,GT-0062,,True,ACCEPTED
1206.06,RADAR_B,RADAR_B-T6588,False,4,GT-0062,1823.0472051120487,37.95480726981093,8.963401077084733,22.5,22.5,1.0,0.3548250809555362,12.80221256299516,66.77300389354961,GT-0062,,True,ACCEPTED
1206.99,RADAR_A,RADAR_A-T2443,True,4,GT-0062,2095.2497261932117,14.122410157331277,13.203317967809225,22.5,22.5,1.0,0.3332500827158412,8.963401077084733,70.15194057007162,GT-0062,,True,ACCEPTED
1209.54,RADAR_A,RADAR_A-T2443,True,4,GT-0062,901.5336254970248,14.239355407230121,2.8702508252228585,22.5,22.5,1.0,0.3866553656361601,13.203317967809225,58.87895716824918,GT-0062,,True,ACCEPTED
1212.42,RADAR_B,RADAR_B-T6588,True,4,GT-0062,469.79595558840566,27.498156092528113,4.3783064185995215,22.5,22.5,1.0,0.3093242925089281,2.8702508252228585,58.44972800475342,GT-0062,,True,ACCEPTED
1213.95,RADAR_A,RADAR_A-T8314,False,4,GT-0062,749.5746916103765,32.227458946293126,4.325058612327146,22.5,22.5,1.0,0.24745943400714251,4.3783064185995215,60.46508088955584,GT-0062,,True,ACCEPTED
1215.69,RADAR_C,RADAR_C-T6054,True,4,GT-0062,190.9005974676706,15.921329454923388,0.27875805641036716,22.5,22.5,1.0,0.19796754720571402,4.325058612327146,60.817068320895864,GT-0062,,True,ACCEPTED
1215.96,RADAR_A,RADAR_A-T8314,True,4,GT-0062,728.662112549692,7.09079414583927,1.5517184288840529,22.5,22.5,1.0,0.15837403776457123,0.27875805641036716,60.51182715661837,GT-0062,,True,ACCEPTED
1217.86,RADAR_B,RADAR_B-T6588,True,4,GT-0062,787.5731088096873,28.42765106025292,4.858564443963341,22.5,22.5,1.0,0.126699230211657,1.5517184288840529,60.01584752516655,GT-0062,,True,ACCEPTED
1219.01,RADAR_A,RADAR_A-T8314,True,4,GT-0062,1061.47725693047,15.18212557220627,4.657043869226938,22.5,22.5,1.0,0.1013593841693256,4.858564443963341,58.10164617679138,GT-0062,,True,ACCEPTED
1221.91,RADAR_C,RADAR_C-T6054,True,4,GT-0062,788.8522585105675,41.78298996064407,2.195978468616759,22.5,22.5,1.0,0.0810875073354605,4.657043869226938,63.501453938084296,GT-0062,,True,ACCEPTED
1226.88,RADAR_A,RADAR_A-T6279,False,4,GT-0062,1264.7061637771703,11.546882484734459,4.855271977612334,22.5,22.5,1.0,0.0648700058683684,2.195978468616759,67.8901954651606,GT-0062,,True,ACCEPTED
1230.16,RADAR_A,RADAR_A-T6279,True,4,GT-0062,1103.0016036143766,18.50717557045883,5.097864963427381,22.5,22.5,1.0,0.05189600469469472,4.855271977612334,59.18807376253166,GT-0062,,True,ACCEPTED
1232.09,RADAR_C,RADAR_C-T6054,True,4,GT-0062,2173.9456984393664,72.61652503762981,22.45124323303984,22.5,22.5,1.0,0.04151680375575578,5.097864963427381,81.11039382109152,GT-0062,,True,ACCEPTED
1233.17,RADAR_A,RADAR_A-T6279,True,4,GT-0062,1002.6923120145375,27.61079666065384,7.441304356876658,22.5,22.5,1.0,0.23321344300460464,22.45124323303984,61.16898646529988,GT-0062,,True,ACCEPTED
1237.82,RADAR_A,RADAR_A-T6406,False,4,GT-0062,1297.8272657562418,34.03358412114669,6.842476103508096,22.5,22.5,1.0,0.21059249368496136,7.441304356876658,65.474987434094,GT-0062,,True,ACCEPTED
1239.49,RADAR_B,RADAR_B-T3215,False,4,GT-0062,490.28105164263695,20.422520706198043,7.32567905144515,22.5,22.5,1.0,0.1825152633397707,6.842476103508096,58.178706013317395,GT-0062,,True,ACCEPTED
1240.62,RADAR_A,RADAR_A-T6406,True,4,GT-0062,1195.499766078384,14.432784867283752,6.122156302185242,22.5,22.5,1.0,0.16810686152923573,7.32567905144515,58.298475968203746,GT-0062,,True,ACCEPTED
1245.15,RADAR_B,RADAR_B-T3215,True,4,GT-0062,812.8080751153304,14.677948836692511,1.9112625504745222,22.5,22.5,1.0,0.13652142759314262,6.122156302185242,60.321109383566096,GT-0062,,True,ACCEPTED
1245.28,RADAR_A,RADAR_A-T3902,False,4,GT-0062,974.0710986404489,17.093305362705895,3.8018936754949317,22.5,22.5,1.0,0.1092171420745141,1.9112625504745222,58.538631665787044,GT-0062,,True,ACCEPTED
1247.71,RADAR_A,RADAR_A-T3902,True,4,GT-0062,651.398279718652,11.032040335907325,2.1148669136061082,22.5,22.5,1.0,0.08737371365961129,3.8018936754949317,55.21568803141502,GT-0062,,True,ACCEPTED
1247.73,RADAR_C,RADAR_C-T6054,True,4,GT-0062,2095.1578511081516,64.27461164300898,31.11853988993071,22.5,22.5,1.0,0.06989897092768903,2.1148669136061082,86.96366735055379,,GT-0081,False,MAHALANOBIS_GATE_FAIL;NEW_TRACK_CREATED
1250.07,RADAR_A,RADAR_A-T3902,True,5,GT-0062,504.1906873319426,8.929145323690946,1.2289506194020259,22.5,22.5,1.0,0.06989897092768903,2.1148669136061082,54.87254665945574,GT-0062,,True,ACCEPTED
1250.45,RADAR_B,RADAR_B-T3215,True,5,GT-0062,490.2204389653811,9.311688056623069,1.0426238461311652,22.5,22.5,1.0,0.05591917674215122,1.2289506194020259,55.752428899628185,GT-0062,,True,ACCEPTED
1252.59,RADAR_A,RADAR_A-T3902,True,4,GT-0062,214.4018090527073,10.392958718944856,0.40445616132983125,22.5,22.5,1.0,0.044735341393720984,1.0426238461311652,56.46602812666119,GT-0062,,True,ACCEPTED
1255.69,RADAR_A,RADAR_A-T3902,True,4,GT-0062,442.45266068765676,18.65452697839169,0.7413384417188378,22.5,22.5,1.0,0.03578827311497679,0.40445616132983125,60.86014145069397,GT-0062,,True,ACCEPTED
1256.99,RADAR_B,RADAR_B-T3215,True,4,GT-0062,309.8669735589029,12.1280196460285,0.9249565662226082,22.5,22.5,1.0,0.02863061849198143,0.7413384417188378,55.985440705738526,GT-0062,,True,ACCEPTED
1258.0,RADAR_A,RADAR_A-T3902,True,4,GT-0062,565.1177417047921,19.468352816847553,2.2815757999711583,22.5,22.5,1.0,0.022904494793585146,0.9249565662226082,57.51632738763018,GT-0062,,True,ACCEPTED
1261.03,RADAR_A,RADAR_A-T3902,True,4,GT-0062,761.9059712497245,15.79724687432035,2.1302947627057423,22.5,22.5,1.0,0.018323595834868117,2.2815757999711583,59.33920089010345,GT-0062,,True,ACCEPTED
1262.53,RADAR_B,RADAR_B-T3215,True,4,GT-0062,1293.9144967843479,14.437666760934793,4.275206412148347,22.5,22.5,1.0,0.014658876667894494,2.1302947627057423,61.61949555648306,GT-0062,,True,ACCEPTED
1263.69,RADAR_A,RADAR_A-T3902,True,4,GT-0062,539.6675895138636,14.014396444340596,1.0742623844739272,22.5,22.5,1.0,0.011727101334315596,4.275206412148347,58.94329442993222,GT-0062,,True,ACCEPTED
1266.13,RADAR_A,RADAR_A-T3902,True,5,GT-0062,1418.2277945071814,12.272316631643443,5.9207760642354135,22.5,22.5,1.0,0.009381681067452477,1.0742623844739272,62.07986234268854,GT-0062,,True,ACCEPTED
1267.86,RADAR_B,RADAR_B-T3215,True,5,GT-0062,1245.0891352115061,19.9063157477845,5.67556449904388,22.5,22.5,1.0,0.007505344853961982,5.9207760642354135,63.07379036693379,GT-0062,,True,ACCEPTED
1268.69,RADAR_A,RADAR_A-T3902,True,5,GT-0062,443.6099726930767,19.45624544934244,2.410143344984693,22.5,22.5,1.0,0.006004275883169586,5.67556449904388,56.55472243664646,GT-0062,,True,ACCEPTED
1271.62,RADAR_A,RADAR_A-T3902,True,4,GT-0062,201.85032107313032,27.82271421276235,0.3885985598182169,22.5,22.5,1.0,0.0048034207065356695,2.410143344984693,63.30331772965823,GT-0062,,True,ACCEPTED
1271.78,RADAR_B,RADAR_B-T3215,True,4,GT-0062,720.5034813792576,32.847241422889546,4.376211741061724,22.5,22.5,1.0,0.0038427365652285357,0.3885985598182169,61.04453472155655,GT-0062,,True,ACCEPTED
1276.28,RADAR_A,RADAR_A-T2112,True,4,GT-0062,1255.9842691747178,65.73267428946804,6.673838202548175,22.5,22.5,1.0,0.0030741892521828286,4.376211741061724,66.19514980037452,GT-0062,,True,ACCEPTED
1277.12,RADAR_B,RADAR_B-T3215,True,4,GT-0062,754.5264367612633,13.229620939423963,2.889656732300681,22.5,22.5,1.0,0.013689988110882508,6.673838202548175,55.76422051142238,GT-0062,,True,ACCEPTED
1278.82,RADAR_A,RADAR_A-T2112,True,4,GT-0062,1025.8691663699215,15.584068850211429,4.541292005314477,22.5,22.5,1.0,0.010951990488706008,2.889656732300681,57.95096767867872,GT-0062,,True,ACCEPTED
1280.77,RADAR_B,RADAR_B-T3215,True,4,GT-0062,1334.8132640477215,17.474575486557004,5.380633754008646,22.5,22.5,1.0,0.008761592390964806,4.541292005314477,61.852102750103164,GT-0062,,True,ACCEPTED
1281.66,RADAR_A,RADAR_A-T2112,True,4,GT-0062,1559.7399180087605,34.8152818136369,9.028195233680405,22.5,22.5,1.0,0.007009273912771845,5.380633754008646,65.60976475764191,GT-0062,,True,ACCEPTED
1284.04,RADAR_A,RADAR_A-T2112,True,4,GT-0062,1423.6687856068002,14.877392088461397,6.29325641120161,22.5,22.5,1.0,0.056077339691557565,9.028195233680405,61.878532840208045,GT-0062,,True,ACCEPTED
1285.48,RADAR_C,RADAR_C-T3861,False,4,GT-0062,837.4490881226808,16.84989592297904,3.0619085576772043,22.5,22.5,1.0,0.04974947860660622,6.29325641120161,58.11838174816088,GT-0062,,True,ACCEPTED
1286.84,RADAR_A,RADAR_A-T2112,True,4,GT-0062,1559.4530617600753,7.907657577907588,7.204489818213458,22.5,22.5,1.0,0.039799582885284984,3.0619085576772043,63.13054561910297,GT-0062,,True,ACCEPTED
1287.15,RADAR_B,RADAR_B-T3215,True,4,GT-0062,1311.1289594718232,13.1169785362299,6.644407450719814,22.5,22.5,1.0,0.05191449661178561,7.204489818213458,59.88425449085092,GT-0062,,True,ACCEPTED
1288.63,RADAR_A,RADAR_A-T2112,True,4,GT-0062,1396.5204213235493,17.054842621025102,7.504606177843248,22.5,22.5,1.0,0.05227172146809205,6.644407450719814,61.15363584945431,GT-0062,,True,ACCEPTED
1292.91,RADAR_B,RADAR_B-T3215,True,4,GT-0062,1498.0853570468676,26.377694871054057,8.929534580602352,22.5,22.5,1.0,0.06689414680519444,7.504606177843248,66.59239049548316,GT-0062,,True,ACCEPTED
1293.69,RADAR_A,RADAR_A-T7762,False,4,GT-0062,636.2816468778412,6.504701244517646,1.5121622549286475,22.5,22.5,1.0,0.10234089378752809,8.929534580602352,55.267488059048674,GT-0062,,True,ACCEPTED
1295.8,RADAR_C,RADAR_C-T3861,True,4,GT-0062,543.7808368193851,46.39068151762291,1.586494908665717,22.5,22.5,1.0,0.08187271503002247,1.5121622549286475,63.97349244383385,GT-0062,,True,ACCEPTED
1298.07,RADAR_B,RADAR_B-T3215,True,4,GT-0062,404.99667674031065,24.288414166694643,0.7914203918010833,22.5,22.5,1.0,0.06549817202401798,1.586494908665717,64.05802531914733,GT-0062,,True,ACCEPTED
1298.1,RADAR_A,RADAR_A-T5937,False,4,GT-0062,508.0667045204965,21.015199915257845,3.4145783491785284,22.5,22.5,1.0,0.05239853761921438,0.7914203918010833,56.90023904343712,GT-0062,,True,ACCEPTED
1300.19,RADAR_A,RADAR_A-T5937,True,4,GT-0062,662.0062040427206,23.01854527016766,3.430693091987588,22.5,22.5,1.0,0.041918830095371507,3.4145783491785284,58.39408308959984,GT-0062,,True,ACCEPTED
1302.07,RADAR_C,RADAR_C-T3861,True,4,GT-0062,1142.6039038563174,46.696156200371846,11.528130718509825,22.5,22.5,1.0,0.03353506407629721,3.430693091987588,66.88454882489482,GT-0062,,True,ACCEPTED
1302.15,RADAR_A,RADAR_A-T5937,True,4,GT-0062,939.6233005502077,11.696245956493748,3.1366828953369894,22.5,22.5,1.0,0.11896356323620152,11.528130718509825,57.39149940372486,GT-0062,,True,ACCEPTED
1308.18,RADAR_A,RADAR_A-T4233,True,4,GT-0062,1111.3086306415894,9.081928355334163,3.7256233581557616,22.5,22.5,1.0,0.09517085058896123,3.1366828953369894,62.54409344075694,GT-0062,,True,ACCEPTED
1310.49,RADAR_A,RADAR_A-T4233,True,4,GT-0062,1484.0560509788677,4.5640179771158795,6.809026334750638,22.5,22.5,1.0,0.07613668047116899,3.7256233581557616,59.496907029219344,GT-0062,,True,ACCEPTED
1311.63,RADAR_B,RADAR_B-T7456,False,4,GT-0062,2067.7786018098113,26.61350825646408,14.904598105831852,22.5,22.5,1.0,0.07439311662277917,6.809026334750638,69.50137030068834,GT-0062,,True,ACCEPTED
1313.19,RADAR_A,RADAR_A-T4233,True,4,GT-0062,1941.1511763435756,40.39303993466734,14.625826821639135,22.5,22.5,1.0,0.2079244617287542,14.904598105831852,70.68898876829952,GT-0062,,True,ACCEPTED
1315.7,RADAR_A,RADAR_A-T4233,True,4,GT-0062,1833.1206891392278,36.71822039236814,13.09384909271504,22.5,22.5,1.0,0.3101033497436556,14.625826821639135,68.60472335933557,GT-0062,,True,ACCEPTED
1318.39,RADAR_A,RADAR_A-T4233,True,4,GT-0062,2156.7115683380316,39.73385941824547,16.33428828580094,22.5,22.5,1.0,0.3663134980068418,13.09384909271504,72.51778780069857,GT-0062,,True,ACCEPTED
1319.19,RADAR_C,RADAR_C-T5202,False,4,GT-0062,2264.716966760278,19.3326588506907,14.439078256639618,22.5,22.5,1.0,0.46528893650215586,16.33428828580094,68.43542887912848,GT-0062,,True,ACCEPTED
1320.72,RADAR_B,RADAR_B-T6337,False,4,GT-0062,1920.1330734310154,10.573266660647999,12.169779273141694,22.5,22.5,1.0,0.5128824534790517,14.439078256639618,66.31136466053788,GT-0062,,True,ACCEPTED
1321.12,RADAR_A,RADAR_A-T4233,True,4,GT-0062,2223.264520945686,11.007765565309533,16.061730680393765,22.5,22.5,1.0,0.513135617335603,12.169779273141694,67.59276180848488,GT-0062,,True,ACCEPTED
1325.5,RADAR_B,RADAR_B-T6337,True,4,GT-0062,2295.8318060036772,25.522891063381685,17.326431785135792,22.5,22.5,1.0,0.5782040052083786,16.061730680393765,73.80305880497568,GT-0062,,True,ACCEPTED
1325.71,RADAR_A,RADAR_A-T2763,False,4,GT-0062,1544.9640622554016,13.709291091964534,9.854413902386415,22.5,34.22406721054139,1.0,0.6513370672522995,17.326431785135792,60.53585556431385,GT-0062,,True,ACCEPTED
1328.69,RADAR_A,RADAR_A-T2763,True,4,GT-0062,1493.381009011217,26.83078894004728,9.650854340579558,22.5,22.5,1.0,0.5853098855082798,9.854413902386415,64.25442567786438,GT-0062,,True,ACCEPTED
1329.66,RADAR_B,RADAR_B-T6337,True,4,GT-0062,1142.1185631361698,18.8884498240639,4.0572676465662605,22.5,22.5,1.0,0.5290954807496164,9.650854340579558,60.18134551692502,GT-0062,,True,ACCEPTED
1333.86,RADAR_B,RADAR_B-T6337,True,5,GT-0062,1669.017534663519,28.9496104412952,10.139500031209431,22.5,22.5,1.0,0.4232763845996932,4.0572676465662605,69.06011223539318,GT-0062,,True,ACCEPTED
1334.48,RADAR_C,RADAR_C-T3157,False,5,GT-0062,503.2493024163771,13.13126780290426,1.7294008599711346,22.5,22.5,1.0,0.40761277486657843,10.139500031209431,55.51064892646168,GT-0062,,True,ACCEPTED
1336.99,RADAR_A,RADAR_A-T9545,False,6,GT-0062,459.0096823289205,11.17923712893553,0.715432920175257,22.5,22.5,1.0,0.32609021989326276,1.7294008599711346,63.132762922062646,GT-0062,,True,ACCEPTED
1339.14,RADAR_B,RADAR_B-T6337,True,4,GT-0062,625.8882493721302,34.46819257690564,4.60278521208041,22.5,22.5,1.0,0.2608721759146102,0.715432920175257,60.45751048978358,GT-0062,,True,ACCEPTED
1343.81,RADAR_A,RADAR_A-T2634,False,4,GT-0062,964.3937347859783,27.135418674509683,3.383169908496781,22.5,22.5,1.0,0.20869774073168817,4.60278521208041,61.57321367137439,GT-0062,,True,ACCEPTED
1346.16,RADAR_A,RADAR_A-T2634,True,4,GT-0062,1085.8908325522534,14.98779275325381,4.977764996855333,22.5,22.5,1.0,0.16695819258535055,3.383169908496781,57.98663416164222,GT-0062,,True,ACCEPTED
1349.15,RADAR_C,RADAR_C-T2118,False,4,GT-0062,1567.6557941152867,41.25946540967193,8.865193003663519,22.5,22.5,1.0,0.13356655406828044,4.977764996855333,66.00738654402679,GT-0062,,True,ACCEPTED
1351.64,RADAR_A,RADAR_A-T2619,False,4,GT-0062,1956.3910908089263,68.3317334703254,14.431455508100385,22.5,22.5,1.0,0.15460645998234968,8.865193003663519,72.76416417944493,GT-0062,,True,ACCEPTED
1354.27,RADAR_A,RADAR_A-T2619,True,4,GT-0062,1794.4217141380211,17.041789431484748,11.474551307851339,22.5,22.5,1.0,0.2642094264542195,14.431455508100385,64.84861233437394,GT-0062,,True,ACCEPTED
1356.97,RADAR_A,RADAR_A-T2619,True,4,GT-0062,2283.552734290501,7.210402742585629,16.04098345092853,22.5,22.5,1.0,0.302610062960898,11.474551307851339,71.04068101730371,GT-0062,,True,ACCEPTED
1359.29,RADAR_A,RADAR_A-T2619,True,4,GT-0062,2326.861996107957,11.182972041702287,17.166129593075393,22.5,22.5,1.0,0.40943777455086056,16.04098345092853,71.29366234374078,GT-0062,,True,ACCEPTED
1360.1,RADAR_B,RADAR_B-T3456,False,4,GT-0062,2675.4278174640785,5.83229941504703,24.161012420162947,22.5,22.5,1.0,0.5136523795252783,17.166129593075393,76.20595507557235,,GT-0087,False,SOURCE_MAP_NOT_FOUND;MAHALANOBIS_GATE_FAIL;NEW_TRACK_CREATED
1364.17,RADAR_B,RADAR_B-T3456,True,5,GT-0087,473.31123440927894,51.54352788149097,0.44567162044940095,22.5,22.5,1.0,0.0,0.0,82.78569232084887,GT-0087,,True,ACCEPTED
1364.45,RADAR_A,RADAR_A-T7206,False,5,GT-0087,515.8912971834901,26.502116080760157,1.5367744142388404,22.5,22.5,1.0,0.0,0.44567162044940095,60.95586049866145,GT-0087,,True,ACCEPTED
1367.55,RADAR_A,RADAR_A-T7206,True,5,GT-0087,209.4564665304989,17.23471134449189,0.9769878785571476,22.5,22.5,1.0,0.0,1.5367744142388404,56.479091526379015,GT-0087,,True,ACCEPTED
1369.2,RADAR_B,RADAR_B-T3456,True,5,GT-0087,443.8131136368024,17.967100593414322,2.351301534465087,22.5,22.5,1.0,0.0,0.9769878785571476,55.76014395927605,GT-0087,,True,ACCEPTED
1370.05,RADAR_A,RADAR_A-T7206,True,5,GT-0087,228.19129763830026,18.459530227715103,2.3202259143932316,22.5,22.5,1.0,0.0,2.351301534465087,55.48394597270769,GT-0087,,True,ACCEPTED
1374.26,RADAR_B,RADAR_B-T3456,True,5,GT-0087,861.106606049932,15.141521880663884,1.5001523106889978,22.5,22.5,1.0,0.0,2.3202259143932316,66.44665668734505,GT-0087,,True,ACCEPTED
1374.45,RADAR_A,RADAR_A-T6406,True,4,GT-0087,301.200830338847,16.331566402052,0.5110119348405863,22.5,22.5,1.0,0.0,1.5001523106889978,59.4453811226759,GT-0087,,True,ACCEPTED
1376.74,RADAR_A,RADAR_A-T6406,True,4,GT-0087,203.19822009787268,19.28569654307784,0.9872851129248537,22.5,22.5,1.0,0.0,0.5110119348405863,57.19736288568117,GT-0087,,True,ACCEPTED
1378.59,RADAR_A,RADAR_A-T6406,True,4,GT-0087,546.8950140720242,12.255085007973898,1.4629168302951814,22.5,22.5,1.0,0.0,0.9872851129248537,56.15475724465058,GT-0087,,True,ACCEPTED
1378.95,RADAR_B,RADAR_B-T3456,True,4,GT-0087,920.0065640806515,45.03891860954016,17.549829024458695,22.5,22.5,1.0,0.0,1.4629168302951814,71.57037084791276,GT-0087,,True,ACCEPTED
1382.76,RADAR_A,RADAR_A-T3934,True,4,GT-0087,388.32814788272594,11.865487016767261,0.8304671134605628,22.5,22.5,1.0,0.19249715040764492,17.549829024458695,56.362814273562805,GT-0087,,True,ACCEPTED
1383.49,RADAR_B,RADAR_B-T3456,True,4,GT-0087,190.01766450414328,7.8460142064945595,0.49866596592125884,22.5,22.5,1.0,0.15399772032611594,0.8304671134605628,53.86216069411821,GT-0087,,True,ACCEPTED
1384.88,RADAR_A,RADAR_A-T3934,True,4,GT-0087,724.0673971751937,18.579065019570688,3.1432739035830743,22.5,22.5,1.0,0.12319817626089276,0.49866596592125884,57.706036335897956,GT-0087,,True,ACCEPTED
1387.72,RADAR_A,RADAR_A-T3934,True,4,GT-0087,271.5818492901891,24.91126485251822,1.6859352207495422,22.5,22.5,1.0,0.09855854100871421,3.1432739035830743,58.16835897830916,GT-0087,,True,ACCEPTED
1388.23,RADAR_B,RADAR_B-T3456,True,4,GT-0087,528.3434842467134,16.603880705561973,2.3512450795743467,22.5,22.5,1.0,0.07884683280697137,1.6859352207495422,56.19785975605447,GT-0087,,True,ACCEPTED
1390.03,RADAR_A,RADAR_A-T3934,True,4,GT-0087,639.0949140886263,5.7601525105059235,1.3008520293091077,22.5,22.5,1.0,0.0630774662455771,2.3512450795743467,56.44870992887553,GT-0087,,True,ACCEPTED
1395.08,RADAR_A,RADAR_A-T3467,True,4,GT-0087,884.9268601691944,7.718261555824785,2.4408674160882153,22.5,22.5,1.0,0.050461972996461685,1.3008520293091077,58.84012479235434,GT-0087,,True,ACCEPTED
1397.79,RADAR_B,RADAR_B-T8462,False,4,GT-0087,1301.509326574175,3.9470616499148563,5.670645972521489,22.5,22.5,1.0,0.04036957839716935,2.4408674160882153,59.19476927045866,GT-0087,,True,ACCEPTED
1402.22,RADAR_B,RADAR_B-T8462,True,4,GT-0087,736.9347989715292,21.601323348762495,1.7747716014824846,22.5,22.5,1.0,0.03229566271773548,5.670645972521489,65.77639632188796,GT-0087,,True,ACCEPTED
1402.35,RADAR_A,RADAR_A-T6305,False,4,GT-0087,629.537106028919,12.323559601650116,2.0448503501258792,22.5,22.5,1.0,0.025836530174188382,1.7747716014824846,56.003716638024535,GT-0087,,True,ACCEPTED
1404.75,RADAR_A,RADAR_A-T6305,True,4,GT-0087,1090.8180096070612,21.10881911750116,5.109904305427136,22.5,22.5,1.0,0.020669224139350708,2.0448503501258792,60.05348632205273,GT-0087,,True,ACCEPTED
1407.86,RADAR_A,RADAR_A-T6305,True,4,GT-0087,1666.5206127809367,20.155542001062095,9.175033625122742,22.5,22.5,1.0,0.016535379311480566,5.109904305427136,65.62091390042411,GT-0087,,True,ACCEPTED
1409.66,RADAR_A,RADAR_A-T6305,True,4,GT-0087,1622.2301043320276,19.576195164082343,10.986887688512782,22.5,22.5,1.0,0.0661455305345635,9.175033625122742,63.414406006939494,GT-0087,,True,ACCEPTED
1412.17,RADAR_A,RADAR_A-T6305,True,5,GT-0087,2128.7550983436413,24.69981901037762,15.80308242086588,22.5,22.5,1.0,0.13603121923619718,10.986887688512782,70.22523422718038,GT-0087,,True,ACCEPTED
1414.02,RADAR_A,RADAR_A-T6305,True,5,GT-0087,2406.1429194372263,18.454975022550823,18.738518203190228,22.5,22.5,1.0,0.2722096824033891,15.80308242086588,73.34762384438307,GT-0087,,True,ACCEPTED
1415.29,RADAR_C,RADAR_C-T2887,False,5,GT-0087,3152.044872004837,37.25647128556976,25.34680398061532,22.5,22.5,1.0,0.4177677459227113,18.738518203190228,80.6999908977399,,GT-0089,False,SOURCE_MAP_NOT_FOUND;MAHALANOBIS_GATE_FAIL;NEW_TRACK_CREATED
1417.68,RADAR_B,RADAR_B-T9147,False,6,GT-0089,798.0197908073214,18.14493575735107,1.2055914638612812,22.5,22.5,1.0,0.0,0.0,80.62675131547472,GT-0089,,True,ACCEPTED
1418.38,RADAR_A,RADAR_A-T2447,False,5,GT-0089,690.7167760561634,10.424711994630755,1.5563735041236548,22.5,22.5,1.0,0.0,1.2055914638612812,58.97869940169388,GT-0089,,True,ACCEPTED
1421.18,RADAR_A,RADAR_A-T2447,True,5,GT-0089,699.7593186448759,24.28647172314285,1.5309453160899635,22.5,22.5,1.0,0.0,1.5563735041236548,65.75150310289997,GT-0089,,True,ACCEPTED
1423.74,RADAR_B,RADAR_B-T9147,True,5,GT-0089,577.6578707561729,19.691315616371295,1.385452070208118,22.5,22.5,1.0,0.0,1.5309453160899635,59.68066561266641,GT-0089,,True,ACCEPTED
1423.97,RADAR_A,RADAR_A-T2447,True,5,GT-0089,438.28072037010776,15.679126145340664,1.0044160985122386,22.5,22.5,1.0,0.0,1.385452070208118,58.12286619243818,GT-0089,,True,ACCEPTED
1426.31,RADAR_A,RADAR_A-T2447,True,5,GT-0089,449.50702465548943,11.77870584114,1.3887512008944274,22.5,22.5,1.0,0.0,1.0044160985122386,55.15266830267134,GT-0089,,True,ACCEPTED
1428.67,RADAR_A,RADAR_A-T2447,True,5,GT-0089,815.079187307657,11.919639425833358,2.813290037559577,22.5,22.5,1.0,0.0,1.3887512008944274,56.602267259860724,GT-0089,,True,ACCEPTED
1430.17,RADAR_B,RADAR_B-T9147,True,5,GT-0089,775.9161038014021,20.29451193087714,6.517115919750684,22.5,22.5,1.0,0.0,2.813290037559577,58.238831114221796,GT-0089,,True,ACCEPTED
1433.44,RADAR_A,RADAR_A-T6205,False,5,GT-0089,1251.913713575213,13.810842157169716,5.028338897585188,22.5,22.5,1.0,0.008618598662511402,6.517115919750684,60.56656376949313,GT-0089,,True,ACCEPTED
1435.8,RADAR_B,RADAR_B-T9147,True,5,GT-0089,1423.381375543744,24.48554985293424,10.984059722646613,22.5,22.5,1.0,0.006894878930009122,5.028338897585188,63.5661676006811,GT-0089,,True,ACCEPTED
1436.04,RADAR_A,RADAR_A-T6205,True,5,GT-0089,816.1624511530092,4.505814123037195,2.1053877185747982,22.5,22.5,1.0,0.08858356518811751,10.984059722646613,54.38691623964228,GT-0089,,True,ACCEPTED
1443.03,RADAR_A,RADAR_A-T2495,False,4,GT-0089,1249.2274589464957,8.255803648421878,4.629657937995081,22.5,22.5,1.0,0.07086685215049401,2.1053877185747982,64.31928116823991,GT-0089,,True,ACCEPTED
1443.78,RADAR_C,RADAR_C-T7701,False,4,GT-0089,1738.7129262078245,58.309051391818684,25.334321550018934,22.5,22.5,1.0,0.05669348172039521,4.629657937995081,81.12160307219732,,GT-0090,False,SOURCE_MAP_NOT_FOUND;MAHALANOBIS_GATE_FAIL;NEW_TRACK_CREATED
1447.94,RADAR_A,RADAR_A-T9858,False,4,GT-0089,954.1513974677459,5.996612944401863,2.7293793014618988,22.5,22.5,1.0,0.05669348172039521,4.629657937995081,58.65770787533463,GT-0089,,True,ACCEPTED
1450.53,RADAR_A,RADAR_A-T9858,True,4,GT-0089,585.3344608015635,19.05080087044987,1.3359902837920095,22.5,22.5,1.0,0.045354785376316174,2.7293793014618988,59.91610747300943,GT-0089,,True,ACCEPTED
1451.28,RADAR_B,RADAR_B-T9258,False,4,GT-0089,371.3583253891166,23.116410012095624,3.476390974444517,22.5,22.5,1.0,0.036283828301052944,1.3359902837920095,56.90561774279856,GT-0089,,True,ACCEPTED
1452.73,RADAR_C,RADAR_C-T7701,False,4,GT-0089,345.884445570082,33.68776501376119,1.6159990752293245,22.5,22.5,1.0,0.029027062640842358,3.476390974444517,63.021091194862414,GT-0089,,True,ACCEPTED
1453.08,RADAR_A,RADAR_A-T9858,True,4,GT-0089,889.0907675797655,22.01116605323258,2.896781453098226,22.5,22.5,1.0,0.023221650112673888,1.6159990752293245,61.2491476400715,GT-0089,,True,ACCEPTED
1456.63,RADAR_B,RADAR_B-T9258,True,4,GT-0089,349.53046883010444,47.21067147470881,1.04803549536735,22.5,22.5,1.0,0.01857732009013911,2.896781453098226,64.53664137004824,GT-0089,,True,ACCEPTED
1459.61,RADAR_A,RADAR_A-T1669,False,4,GT-0089,532.5452189824541,32.727929768705685,1.1260809223451331,22.5,22.5,1.0,0.014861856072111289,1.04803549536735,62.39922005510861,GT-0089,,True,ACCEPTED
1461.68,RADAR_B,RADAR_B-T9258,True,4,GT-0089,476.91579835672314,39.930529545315984,7.5007338537175245,22.5,22.5,1.0,0.011889484857689031,1.1260809223451331,61.524586952777625,GT-0089,,True,ACCEPTED
1462.65,RADAR_A,RADAR_A-T1669,True,4,GT-0089,611.3453219903354,18.919531554712833,2.629537883311186,22.5,22.5,1.0,0.034523818781443304,7.5007338537175245,57.12540619316943,GT-0089,,True,ACCEPTED
1465.04,RADAR_A,RADAR_A-T1669,True,4,GT-0089,435.00117204629015,9.729918762892984,0.6322650631254707,22.5,22.5,1.0,0.027619055025154646,2.629537883311186,61.329825343342236,GT-0089,,True,ACCEPTED
1465.91,RADAR_B,RADAR_B-T9258,True,4,GT-0089,588.8075658703224,18.09650159953426,2.095859309404359,22.5,22.5,1.0,0.02209524402012372,0.6322650631254707,57.436523255662244,GT-0089,,True,ACCEPTED
1470.36,RADAR_A,RADAR_A-T8155,False,4,GT-0089,719.7769478242285,7.778391791921833,1.5877742449094512,22.5,22.5,1.0,0.017676195216098974,2.095859309404359,61.287527701637764,GT-0089,,True,ACCEPTED
1472.76,RADAR_B,RADAR_B-T9258,True,4,GT-0089,1828.6824892498075,28.681389200160314,9.803348153328097,22.5,22.5,1.0,0.01414095617287918,1.5877742449094512,65.8064428220399,GT-0089,,True,ACCEPTED
1473.15,RADAR_A,RADAR_A-T8155,True,4,GT-0089,1177.826037856705,8.7776582512795,4.846756361276435,22.5,22.5,1.0,0.07470190082710496,9.803348153328097,59.09301148993421,GT-0089,,True,ACCEPTED
1473.22,RADAR_C,RADAR_C-T9103,False,4,GT-0089,2276.2082063424273,90.93050000917002,32.90536200123536,22.5,22.5,1.0,0.05976152066168397,4.846756361276435,91.5309128607506,,GT-0091,False,SOURCE_MAP_NOT_FOUND;MAHALANOBIS_GATE_FAIL;NEW_TRACK_CREATED
1478.11,RADAR_A,RADAR_A-T2882,False,4,GT-0089,1646.834626686606,24.895053909240342,8.646121263398292,22.5,22.5,1.0,0.05976152066168397,4.846756361276435,66.01534837418501,GT-0089,,True,ACCEPTED
1478.75,RADAR_B,RADAR_B-T9258,True,4,GT-0089,2419.2764000260204,59.00790966215576,33.27229422778703,22.5,22.5,1.0,0.09191123758598539,8.646121263398292,87.87877179752394,,GT-0092,False,MAHALANOBIS_GATE_FAIL;NEW_TRACK_CREATED
1480.84,RADAR_A,RADAR_A-T2882,True,5,GT-0092,579.4306496959618,45.945648282437936,0.6664348392724727,22.5,22.5,1.0,0.0,0.0,78.60308686953394,GT-0092,,True,ACCEPTED
1483.1,RADAR_A,RADAR_A-T2882,True,5,GT-0092,897.9852740194507,67.32270315720515,3.0556332190332185,22.5,22.5,1.0,0.0,0.6664348392724727,66.18917492368641,GT-0092,,True,ACCEPTED
1484.62,RADAR_B,RADAR_B-T9258,True,4,GT-0092,786.0667381504705,85.57425825053643,36.07134596858116,22.5,22.5,1.0,0.0,3.0556332190332185,91.7060152674691,,GT-0093,False,MAHALANOBIS_GATE_FAIL;NEW_TRACK_CREATED
1485.26,RADAR_A,RADAR_A-T2882,True,5,GT-0092,655.6461694727097,36.94992762539578,5.959361081568367,22.5,22.5,1.0,0.0,3.0556332190332185,61.24513133240809,GT-0092,,True,ACCEPTED
1486.8,RADAR_C,RADAR_C-T9103,False,5,GT-0092,771.7257313130285,17.364349308767586,1.656683158896296,22.5,22.5,1.0,0.0,5.959361081568367,60.09355493042373,GT-0092,,True,ACCEPTED
1487.35,RADAR_B,RADAR_B-T9258,True,5,GT-0093,1557.2516516657552,44.56468738467745,3.438276553673492,22.5,22.5,1.0,0.0,0.0,84.42860870165681,GT-0093,,True,ACCEPTED
1488.08,RADAR_A,RADAR_A-T2882,True,4,GT-0092,503.0626960194455,30.98609230632578,1.458424752969143,22.5,22.5,1.0,0.0,1.656683158896296,61.59771200512255,GT-0092,,True,ACCEPTED
1490.4,RADAR_A,RADAR_A-T2882,True,4,GT-0092,566.7784793931747,14.585076003836098,1.1626403988712868,22.5,22.5,1.0,0.0,1.458424752969143,59.26379299264104,GT-0092,,True,ACCEPTED
1492.74,RADAR_A,RADAR_A-T2882,True,4,GT-0092,548.5748136281933,9.119173797415604,0.9943798009393916,22.5,22.5,1.0,0.0,1.1626403988712868,59.55489022994869,GT-0092,,True,ACCEPTED
1494.78,RADAR_A,RADAR_A-T2882,True,4,GT-0092,1198.1239388092038,13.55198914745947,5.174246410027319,22.5,22.5,1.0,0.0,0.9943798009393916,58.6307261486844,GT-0092,,True,ACCEPTED
1497.28,RADAR_A,RADAR_A-T2882,True,4,GT-0092,1397.1606530982276,15.305167505003826,6.642993508677355,22.5,22.5,1.0,0.0,5.174246410027319,62.04057928168632,GT-0092,,True,ACCEPTED
1500.33,RADAR_B,RADAR_B-T5117,False,4,GT-0092,918.9022550089966,15.482547044741631,2.6218337988682148,22.5,22.5,1.0,0.010716558477955919,6.642993508677355,58.496026225795376,GT-0092,,True,ACCEPTED
1504.11,RADAR_C,RADAR_C-T5503,False,4,GT-0092,2202.7582439068237,36.38463835261467,8.125336659139487,22.5,22.5,1.0,0.008573246782364735,2.6218337988682148,68.78105280246322,GT-0092,,True,ACCEPTED
1504.77,RADAR_B,RADAR_B-T5117,True,4,GT-0092,2211.222656104797,31.326545404493157,10.696144516487806,22.5,22.5,1.0,0.04228087507821657,8.125336659139487,70.68462235774473,GT-0092,,True,ACCEPTED
1504.83,RADAR_A,RADAR_A-T7982,False,4,GT-0092,1952.4667806685438,15.892756929027197,11.523376983276423,22.5,22.5,1.0,0.11209377533737003,10.696144516487806,69.28251629261727,GT-0092,,True,ACCEPTED
1507.61,RADAR_A,RADAR_A-T7982,True,4,GT-0092,628.2248880599465,25.240633848405018,1.838259814668882,22.5,22.5,1.0,0.1817313033245031,11.523376983276423,60.25534081650006,GT-0092,,True,ACCEPTED
1510.65,RADAR_C,RADAR_C-T5503,True,4,GT-0092,204.10557336972943,89.51895399523845,7.946618165532044,22.5,22.5,1.0,0.14538504265960248,1.838259814668882,70.31852974575611,GT-0092,,True,ACCEPTED
1511.2,RADAR_B,RADAR_B-T5117,True,4,GT-0092,1164.6108374589594,9.145296749717623,4.174857015993056,22.5,22.5,1.0,0.14875167021988273,7.946618165532044,63.02699698160877,GT-0092,,True,ACCEPTED
1513.25,RADAR_A,RADAR_A-T2827,False,4,GT-0092,383.4888716815474,31.94845952677832,1.3154270622699282,22.5,22.5,1.0,0.11900133617590619,4.174857015993056,60.511991554744206,GT-0092,,True,ACCEPTED
1514.94,RADAR_B,RADAR_B-T5117,True,4,GT-0092,383.35011589736797,32.41398583528995,2.184457071790901,22.5,22.5,1.0,0.09520106894072496,1.3154270622699282,59.94958369119265,GT-0092,,True,ACCEPTED
1516.39,RADAR_A,RADAR_A-T2827,True,4,GT-0092,201.1790278011097,24.887186151252894,0.7319549756536621,22.5,22.5,1.0,0.07616085515257998,2.184457071790901,59.62430690125805,GT-0092,,True,ACCEPTED
1518.36,RADAR_A,RADAR_A-T2827,True,4,GT-0092,684.1973286032447,6.798451167702574,1.7834709751270486,22.5,22.5,1.0,0.06092868412206398,0.7319549756536621,54.44248929937416,GT-0092,,True,ACCEPTED
1519.65,RADAR_C,RADAR_C-T5503,True,4,GT-0092,512.4790058362623,33.10372387240044,5.573198664391738,22.5,22.5,1.0,0.04874294729765119,1.7834709751270486,60.3513481186764,GT-0092,,True,ACCEPTED
1519.84,RADAR_B,RADAR_B-T5117,True,4,GT-0092,658.6263116135456,34.63499119194496,6.921238710353745,22.5,22.5,1.0,0.038994357838120955,5.573198664391738,60.95923039499294,GT-0092,,True,ACCEPTED
1521.21,RADAR_A,RADAR_A-T2827,True,4,GT-0092,819.0171694042215,18.147231271059407,2.797415289604238,22.5,22.5,1.0,0.046549464776392525,6.921238710353745,59.8005103196766,GT-0092,,True,ACCEPTED
1524.33,RADAR_A,RADAR_A-T2827,True,4,GT-0092,780.7141939454983,22.150131868415006,2.204347432980751,22.5,22.5,1.0,0.03723957182111402,2.797415289604238,62.63590812452263,GT-0092,,True,ACCEPTED
1526.97,RADAR_A,RADAR_A-T2827,True,4,GT-0092,870.4030867396468,10.593476222971839,2.7364871746400024,22.5,22.5,1.0,0.02979165745689122,2.204347432980751,57.806358141152344,GT-0092,,True,ACCEPTED
1528.4,RADAR_B,RADAR_B-T5117,True,4,GT-0092,755.0872227125183,21.36261394720257,2.8838675621216874,22.5,22.5,1.0,0.023833325965512978,2.7364871746400024,58.55210391953463,GT-0092,,True,ACCEPTED
1529.18,RADAR_A,RADAR_A-T2827,True,4,GT-0092,1113.3021617037655,7.901078768742336,3.999237111518121,22.5,22.5,1.0,0.019066660772410385,2.8838675621216874,59.5376005938466,GT-0092,,True,ACCEPTED
1531.31,RADAR_C,RADAR_C-T5503,True,4,GT-0092,1771.2556973359783,22.30203176150211,7.6147656334027225,22.5,22.5,1.0,0.01525332861792831,3.999237111518121,64.66934073297615,GT-0092,,True,ACCEPTED
1531.78,RADAR_A,RADAR_A-T2827,True,4,GT-0092,879.4521694914444,15.24848104146618,3.3226365415703647,22.5,22.5,1.0,0.03911542345105469,7.6147656334027225,58.62067919369805,GT-0092,,True,ACCEPTED
1534.51,RADAR_A,RADAR_A-T2827,True,5,GT-0092,1454.4021259346048,4.723589405350255,6.874007858969339,22.5,22.5,1.0,0.03129233876084375,3.3226365415703647,60.498419599704405,GT-0092,,True,ACCEPTED
1536.7,RADAR_A,RADAR_A-T2827,True,5,GT-0092,1616.2691701180506,11.050176966782429,8.282871940682746,22.5,22.5,1.0,0.03960066865816399,6.874007858969339,62.50472227124464,GT-0092,,True,ACCEPTED
1538.47,RADAR_B,RADAR_B-T9914,False,4,GT-0092,1578.1435150570856,8.128629763673827,8.215488024646362,22.5,22.5,1.0,0.06972840060457697,8.282871940682746,63.94965319861277,GT-0092,,True,ACCEPTED
1538.98,RADAR_A,RADAR_A-T2827,True,4,GT-0092,1547.6516198344723,7.19021975556824,8.000467887191187,22.5,22.5,1.0,0.09270752089443428,8.215488024646362,60.8871896699881,GT-0092,,True,ACCEPTED
1545.01,RADAR_A,RADAR_A-T7933,False,5,GT-0092,1811.2544596014095,13.7589197617847,9.789475254541228,22.5,22.5,1.0,0.10750714816873388,8.000467887191187,67.62902483153425,GT-0092,,True,ACCEPTED
1547.93,RADAR_A,RADAR_A-T7933,True,5,GT-0092,1977.4830557254295,11.536919348454965,12.92331559946297,22.5,22.5,1.0,0.1491636394440076,9.789475254541228,68.34782256940201,GT-0092,,True,ACCEPTED
1549.69,RADAR_C,RADAR_C-T4532,False,4,GT-0092,1829.8050716914186,42.99503788172909,9.239276555903993,22.5,22.5,1.0,0.23471950487958892,12.92331559946297,67.96032088262807,GT-0092,,True,ACCEPTED
1550.27,RADAR_A,RADAR_A-T7933,True,4,GT-0092,1821.7936417907515,14.516632920300443,11.956517458502333,22.5,22.5,1.0,0.24176354650207105,9.239276555903993,64.77306108414643,GT-0092,,True,ACCEPTED
1553.94,RADAR_B,RADAR_B-T3598,False,4,GT-0092,2113.2110738947,15.12333631210479,14.49950614448954,22.5,22.5,1.0,0.29268612817669576,11.956517458502333,70.52258885108523,GT-0092,,True,ACCEPTED
1555.99,RADAR_A,RADAR_A-T7777,False,4,GT-0092,1419.3046560292325,19.18270769786958,9.736233418838703,22.5,22.5,1.0,0.37580733828284896,14.49950614448954,61.8400895992601,GT-0092,,True,ACCEPTED
1558.58,RADAR_B,RADAR_B-T3598,True,4,GT-0092,1409.6742086122242,15.309379040088384,7.561855081741263,22.5,22.5,1.0,0.3629164276069242,9.736233418838703,62.71034944975407,GT-0092,,True,ACCEPTED
1558.94,RADAR_A,RADAR_A-T7777,True,4,GT-0092,303.3027134212108,9.99921778252023,2.2856699637665767,22.5,22.5,1.0,0.3163640601145604,7.561855081741263,51.958287318829825,GT-0092,,True,ACCEPTED
1562.79,RADAR_B,RADAR_B-T3598,True,4,GT-0092,545.1471128966637,29.13351729440013,1.0640162380060547,22.5,22.5,1.0,0.25309124809164835,2.2856699637665767,64.31498299055393,GT-0092,,True,ACCEPTED
1566.73,RADAR_A,RADAR_A-T2320,False,4,GT-0092,485.57252559373165,13.960593676607587,0.9194086466698012,22.5,22.5,1.0,0.20247299847331868,1.0640162380060547,58.92617556215911,GT-0092,,True,ACCEPTED
1567.84,RADAR_B,RADAR_B-T3598,True,4,GT-0092,481.9983839516727,38.64217690137074,4.772865085211843,22.5,22.5,1.0,0.16197839877865494,0.9194086466698012,60.18795915712337,GT-0092,,True,ACCEPTED
1571.4,RADAR_A,RADAR_A-T2333,False,4,GT-0092,834.4830499187175,33.40130625245894,3.8219550934869884,22.5,22.5,1.0,0.12958271902292395,4.772865085211843,62.16739892623722,GT-0092,,True,ACCEPTED
1572.23,RADAR_C,RADAR_C-T5502,False,4,GT-0092,434.57952033642647,41.911454498115525,9.35185503005793,22.5,22.5,1.0,0.10366617521833917,3.8219550934869884,63.57912556842889,GT-0092,,True,ACCEPTED
1572.7,RADAR_B,RADAR_B-T3598,True,4,GT-0092,934.5116615701419,21.0408483025786,4.82828892667301,22.5,22.5,1.0,0.13879719067563684,9.35185503005793,58.9159642771967,GT-0092,,True,ACCEPTED
1573.73,RADAR_A,RADAR_A-T2333,True,4,GT-0092,606.6188442829188,8.831490245752653,1.3950755723683326,22.5,22.5,1.0,0.11103775254050947,4.82828892667301,56.23773126555168,GT-0092,,True,ACCEPTED
1575.76,RADAR_A,RADAR_A-T2333,True,4,GT-0092,485.0122418562828,10.188559345617193,1.2106468012485172,22.5,22.5,1.0,0.08883020203240759,1.3950755723683326,55.91061346068122,GT-0092,,True,ACCEPTED
1578.9,RADAR_A,RADAR_A-T2333,True,4,GT-0092,414.7594893760479,8.237190394458178,0.745370024382439,22.5,22.5,1.0,0.07106416162592608,1.2106468012485172,56.93474764175921,GT-0092,,True,ACCEPTED
1583.25,RADAR_B,RADAR_B-T1511,False,4,GT-0092,426.7441605839155,28.813974639884762,2.2776058478373606,22.5,22.5,1.0,0.05685132930074086,0.745370024382439,58.686396858219894,GT-0092,,True,ACCEPTED
1584.46,RADAR_A,RADAR_A-T9549,False,4,GT-0092,486.80587907653484,9.411419228940744,0.876424024950756,22.5,22.5,1.0,0.04548106344059269,2.2776058478373606,56.830785610020534,GT-0092,,True,ACCEPTED
1586.99,RADAR_A,RADAR_A-T9549,True,4,GT-0092,450.5730868433019,14.228658657826823,1.317862400226256,22.5,22.5,1.0,0.036384850752474156,0.876424024950756,56.56103730850622,GT-0092,,True,ACCEPTED
1588.6,RADAR_B,RADAR_B-T1511,True,4,GT-0092,390.6657696959683,32.18561921848854,4.979695335670374,22.5,22.5,1.0,0.029107880601979327,1.317862400226256,60.5978420592904,GT-0092,,True,ACCEPTED
1592.41,RADAR_A,RADAR_A-T2435,False,4,GT-0092,297.3264774112058,13.083318026204413,0.560462434386829,22.5,22.5,1.0,0.02328630448158346,4.979695335670374,58.08507992220999,GT-0092,,True,ACCEPTED
1593.78,RADAR_B,RADAR_B-T1511,True,4,GT-0092,513.6215457162575,37.81574058200719,6.090495013620162,22.5,22.5,1.0,0.01862904358526677,0.560462434386829,62.225206045362626,GT-0092,,True,ACCEPTED
1595.21,RADAR_A,RADAR_A-T2435,True,4,GT-0092,669.4234527536206,23.139235938468012,3.238790081494788,22.5,22.5,1.0,0.016411485095216113,6.090495013620162,58.68907378273268,GT-0092,,True,ACCEPTED
1598.36,RADAR_A,RADAR_A-T2435,True,4,GT-0092,377.08779483339777,15.114287949724133,1.2629874421630167,22.5,22.5,1.0,0.013129188076172891,3.238790081494788,56.02928032869765,GT-0092,,True,ACCEPTED
1599.32,RADAR_C,RADAR_C-T1060,False,4,GT-0092,628.4100043137629,9.646547174795927,2.0366909443778876,22.5,22.5,1.0,0.010503350460938313,1.2629874421630167,54.20787018009422,GT-0092,,True,ACCEPTED
1599.71,RADAR_B,RADAR_B-T1511,True,4,GT-0092,554.8598439244297,12.98350721447913,1.6842800397628284,22.5,22.5,1.0,0.00840268036875065,2.0366909443778876,56.22578111320192,GT-0092,,True,ACCEPTED
1603.97,RADAR_B,RADAR_B-T1511,True,4,GT-0092,808.5001451123852,31.856808015967157,3.5107892647810814,22.5,22.5,1.0,0.006722144295000521,1.6842800397628284,61.29182496630285,GT-0092,,True,ACCEPTED
1604.15,RADAR_A,RADAR_A-T6202,False,4,GT-0092,428.5720608006014,3.029185137222123,0.5671141350166521,22.5,22.5,1.0,0.005377715436000417,3.5107892647810814,57.62583955319514,GT-0092,,True,ACCEPTED
1604.33,RADAR_C,RADAR_C-T1060,True,4,GT-0092,1805.4326304317703,81.46622444920143,39.60510060530429,22.5,22.5,1.0,0.004302172348800334,0.5671141350166521,95.79915787346606,,GT-0100,False,MAHALANOBIS_GATE_FAIL;NEW_TRACK_CREATED
1607.45,RADAR_A,RADAR_A-T6202,True,4,GT-0092,880.2344286399381,4.595361846016867,2.48491861808736,22.5,22.5,1.0,0.004302172348800334,0.5671141350166521,57.174279751389676,GT-0092,,True,ACCEPTED
1607.76,RADAR_B,RADAR_B-T1511,True,4,GT-0092,744.4590448713782,11.222093863879753,4.80960585293941,22.5,22.5,1.0,0.0034417378790402675,2.48491861808736,53.937995304139584,GT-0092,,True,ACCEPTED
1611.3,RADAR_B,RADAR_B-T1511,True,4,GT-0092,493.8326401177204,28.01444420930316,0.84925963802457,22.5,22.5,1.0,0.002753390303232214,4.80960585293941,63.64544553317859,GT-0092,,True,ACCEPTED
1611.63,RADAR_C,RADAR_C-T1060,False,4,GT-0092,676.3053467400744,17.402378913940925,1.2109439058503804,22.5,22.5,1.0,0.0022027122425857712,0.84925963802457,62.13322997786116,GT-0092,,True,ACCEPTED
1613.04,RADAR_A,RADAR_A-T6006,False,4,GT-0092,431.1438958042308,29.991174258134535,1.0681718234987643,22.5,22.5,1.0,0.0017621697940686171,1.2109439058503804,61.01699808667826,GT-0092,,True,ACCEPTED
1614.31,RADAR_A,RADAR_A-T6006,True,4,GT-0092,963.4381488265437,9.803876017602503,3.7717587236729018,22.5,22.5,1.0,0.0014097358352548937,1.0681718234987643,56.25959636971678,GT-0092,,True,ACCEPTED
1617.05,RADAR_A,RADAR_A-T6006,True,4,GT-0092,1023.7198652946914,38.8476681030943,9.66559015159908,22.5,22.5,1.0,0.001127788668203915,3.7717587236729018,63.893976477829995,GT-0092,,True,ACCEPTED
1623.9,RADAR_C,RADAR_C-T1060,True,5,GT-0092,843.5383406367421,68.69022604312742,5.864273276877302,22.5,22.5,1.0,0.061995400127881135,9.66559015159908,66.90822761668242,GT-0092,,True,ACCEPTED
1628.08,RADAR_B,RADAR_B-T8070,False,5,GT-0092,1232.8395547057642,66.88022172185208,7.700106548338363,22.5,22.5,1.0,0.049596320102304914,5.864273276877302,68.94082820050136,GT-0092,,True,ACCEPTED
1632.35,RADAR_A,RADAR_A-T7892,False,4,GT-0092,308.87182554805247,19.802993119476806,0.2900091387822355,22.5,22.5,1.0,0.06801216522081666,7.700106548338363,64.54607334166005,GT-0092,,True,ACCEPTED
1635.0,RADAR_A,RADAR_A-T7892,True,4,GT-0092,539.4801779525767,15.09492971648414,1.3887377958440168,22.5,22.5,1.0,0.054409732176653326,0.2900091387822355,58.173233748205085,GT-0092,,True,ACCEPTED
1637.4,RADAR_A,RADAR_A-T7892,True,4,GT-0092,831.5109589606845,22.951044479895007,3.910248619940236,22.5,22.5,1.0,0.04352778574132266,1.3887377958440168,58.974563417854434,GT-0092,,True,ACCEPTED
1639.56,RADAR_A,RADAR_A-T7892,True,4,GT-0092,831.6809612713242,5.125552219921858,2.1925020961615322,22.5,22.5,1.0,0.034822228593058134,3.910248619940236,56.79114917438955,GT-0092,,True,ACCEPTED
1642.12,RADAR_A,RADAR_A-T7892,True,4,GT-0092,1083.4249220789152,19.590117981021333,5.226974978308153,22.5,22.5,1.0,0.02785778287444651,2.1925020961615322,60.29744450841311,GT-0092,,True,ACCEPTED
1642.45,RADAR_B,RADAR_B-T6361,False,4,GT-0092,1193.7576200030474,16.654406568837917,9.212295468747755,22.5,22.5,1.0,0.022286226299557208,5.226974978308153,59.47549988316196,GT-0092,,True,ACCEPTED
1647.13,RADAR_A,RADAR_A-T3981,False,4,GT-0092,453.26957080568405,17.78150314523406,0.767925389591629,22.5,22.5,1.0,0.07136723885210834,9.212295468747755,65.6483678654388,GT-0092,,True,ACCEPTED
1649.37,RADAR_A,RADAR_A-T3981,True,4,GT-0092,625.8510046116337,15.102873416860623,2.3559077131258666,22.5,22.5,1.0,0.057093791081686676,0.767925389591629,56.41847800999353,GT-0092,,True,ACCEPTED
1652.48,RADAR_B,RADAR_B-T3070,False,4,GT-0092,1135.0850649674937,22.347852480937494,4.197755581221644,22.5,22.5,1.0,0.045675032865349345,2.3559077131258666,60.756060240976204,GT-0092,,True,ACCEPTED
1652.93,RADAR_C,RADAR_C-T3532,False,4,GT-0092,1790.158464502036,9.783043360539864,6.4934731444385605,22.5,22.5,1.0,0.036540026292279475,4.197755581221644,63.64832848055704,GT-0092,,True,ACCEPTED
1656.52,RADAR_A,RADAR_A-T2380,True,4,GT-0092,1580.7829620245034,17.443043232178148,8.4311334879413,22.5,22.5,1.0,0.03745657344113292,6.4934731444385605,66.80188137457355,GT-0092,,True,ACCEPTED
1658.59,RADAR_B,RADAR_B-T3070,True,4,GT-0092,1794.0455405333446,15.946550207064908,11.527667853826424,22.5,22.5,1.0,0.0704841502185947,8.4311334879413,65.11366547845412,GT-0092,,True,ACCEPTED
1659.43,RADAR_A,RADAR_A-T2380,True,4,GT-0092,1889.0695466719637,2.2739770088885094,11.83799538270565,22.5,22.5,1.0,0.1485151177386495,11.527667853826424,65.82415201727649,GT-0092,,True,ACCEPTED
1661.87,RADAR_A,RADAR_A-T2380,True,4,GT-0092,2041.1054569994271,16.34493075786881,15.147306651807611,22.5,22.5,1.0,0.21611201723601375,11.83799538270565,68.93925505736621,GT-0092,,True,ACCEPTED
1663.7,RADAR_A,RADAR_A-T2380,True,4,GT-0092,2221.190371231427,7.978943625544702,15.873350582180535,22.5,22.5,1.0,0.3253447246522712,15.147306651807611,69.733873701393,GT-0092,,True,ACCEPTED
1663.75,RADAR_B,RADAR_B-T3070,True,4,GT-0092,2363.126269876945,10.624401101996932,14.856902859779503,22.5,22.5,1.0,0.4248316227581592,15.873350582180535,69.72792067037926,GT-0092,,True,ACCEPTED
1673.01,RADAR_A,RADAR_A-T6381,False,4,GT-0092,3717.00677408384,14.539746006773365,44.859697335500215,22.5,22.5,1.0,0.4874803458695191,14.856902859779503,106.45090335021804,,GT-0104,False,SOURCE_MAP_NOT_FOUND;MAHALANOBIS_GATE_FAIL;NEW_TRACK_CREATED
1675.23,RADAR_A,RADAR_A-T6381,True,5,GT-0104,647.9568666208978,8.25750797006279,1.3052591178690152,22.5,22.5,1.0,0.0,0.0,78.6929089156379,GT-0104,,True,ACCEPTED
1676.56,RADAR_B,RADAR_B-T1561,False,5,GT-0104,657.379342974852,15.665513586691219,2.274943597184093,22.5,22.5,1.0,0.0,1.3052591178690152,57.0587701394741,GT-0104,,True,ACCEPTED
1677.11,RADAR_A,RADAR_A-T6381,True,5,GT-0104,464.75540724986143,11.147739911189985,2.4949264577641865,22.5,22.5,1.0,0.0,2.274943597184093,53.24281444351828,GT-0104,,True,ACCEPTED
1679.39,RADAR_A,RADAR_A-T6381,True,5,GT-0104,917.1277946405905,15.373625990274972,2.6523363657515655,22.5,22.5,1.0,0.0,2.4949264577641865,62.03613670188709,GT-0104,,True,ACCEPTED
1681.88,RADAR_B,RADAR_B-T1561,True,5,GT-0104,467.6650680243706,62.06027862778471,5.292957642523936,22.5,22.5,1.0,0.0,2.6523363657515655,63.249086050155775,GT-0104,,True,ACCEPTED
1685.85,RADAR_A,RADAR_A-T5748,False,5,GT-0104,498.4882753720119,60.8987372198975,4.056212352568613,22.5,22.5,1.0,0.0,5.292957642523936,63.38247896773492,GT-0104,,True,ACCEPTED
1687.22,RADAR_B,RADAR_B-T1561,True,5,GT-0104,499.5136563425112,11.499320470149073,2.0305696429246782,22.5,22.5,1.0,0.0,4.056212352568613,53.95953831287062,GT-0104,,True,ACCEPTED
1687.97,RADAR_A,RADAR_A-T5748,True,5,GT-0104,363.9178764982178,18.713974155282965,2.5521925340153926,22.5,22.5,1.0,0.0,2.0305696429246782,55.62392388482053,GT-0104,,True,ACCEPTED
1690.05,RADAR_A,RADAR_A-T5748,True,5,GT-0104,800.8810329366675,32.55920483905942,2.5284057223583387,22.5,22.5,1.0,0.0,2.5521925340153926,62.942327977326066,GT-0104,,True,ACCEPTED
1694.3,RADAR_B,RADAR_B-T1561,True,4,GT-0104,341.17852580463676,21.467698699746453,0.92176611890357,22.5,22.5,1.0,0.0,2.5284057223583387,59.84162917400271,GT-0104,,True,ACCEPTED
1694.69,RADAR_A,RADAR_A-T4408,False,4,GT-0104,311.7328162102889,16.929667710948234,10.834009570764088,22.5,22.5,1.0,0.0,0.92176611890357,58.53205943527926,GT-0104,,True,ACCEPTED
1696.91,RADAR_A,RADAR_A-T4408,True,4,GT-0104,361.9993358062232,21.941394928705805,1.1600351947760283,22.5,22.5,1.0,0.08056682617940147,10.834009570764088,58.46005135584816,GT-0104,,True,ACCEPTED
1697.76,RADAR_C,RADAR_C-T6100,False,4,GT-0104,447.53145850342344,42.92395603100497,6.234116724201041,22.5,22.5,1.0,0.06445346094352118,1.1600351947760283,62.92338889422746,GT-0104,,True,ACCEPTED
1699.27,RADAR_B,RADAR_B-T1561,True,4,GT-0104,606.9259676023049,11.848060271968215,1.2538046484796923,22.5,22.5,1.0,0.05546471415816762,6.234116724201041,58.78843412666286,GT-0104,,True,ACCEPTED
1703.56,RADAR_A,RADAR_A-T9758,False,4,GT-0104,716.9884235657291,24.615393515262742,1.749901786686335,22.5,22.5,1.0,0.0443717713265341,1.2538046484796923,62.46365130197216,GT-0104,,True,ACCEPTED
1704.26,RADAR_B,RADAR_B-T1561,True,4,GT-0104,634.1913146524621,53.813987068712144,24.094940339631528,22.5,22.5,1.0,0.035497417061227284,1.749901786686335,77.16008477263924,,GT-0106,False,MAHALANOBIS_GATE_FAIL;NEW_TRACK_CREATED
1705.68,RADAR_A,RADAR_A-T9758,True,5,GT-0104,802.7740422818842,16.396709471366815,3.907900528534312,22.5,22.5,1.0,0.035497417061227284,1.749901786686335,56.80841534970992,GT-0104,,True,ACCEPTED
1707.81,RADAR_C,RADAR_C-T6100,True,6,GT-0104,1008.8606251400266,17.791929294477125,3.899506555551223,22.5,22.5,1.0,0.028397933648981827,3.907900528534312,58.60514028010565,GT-0104,,True,ACCEPTED
1708.0,RADAR_B,RADAR_B-T1561,True,6,GT-0106,593.6674603266184,46.948226207908164,0.9708623839289955,22.5,22.5,1.0,0.0,0.0,81.90594540442369,GT-0106,,True,ACCEPTED
1708.71,RADAR_A,RADAR_A-T9758,True,5,GT-0104,794.5811477011887,47.575245381106726,11.101801916519678,22.5,22.5,1.0,0.022718346919185464,3.899506555551223,65.58791305173513,GT-0104,,True,ACCEPTED
1718.35,RADAR_A,RADAR_A-T3890,False,4,GT-0104,1535.2298335663183,209.1542958041729,16.95758810046437,22.5,22.5,1.0,0.10320470947734302,11.101801916519678,78.68963699883857,,GT-0108,False,SOURCE_MAP_NOT_FOUND;VELOCITY_GATE_FAIL;NEW_TRACK_CREATED
1718.67,RADAR_B,RADAR_B-T1083,False,5,GT-0108,572.5039229898961,17.848756136880784,1.102469856128639,22.5,22.5,1.0,0.0,0.0,66.71620922270444,GT-0108,,True,ACCEPTED
1723.5,RADAR_B,RADAR_B-T1083,True,5,GT-0108,843.9644501752468,192.46454170579105,3.4977606046596508,22.5,22.5,1.0,0.0,1.102469856128639,69.52574042065388,,GT-0109,False,VELOCITY_GATE_FAIL;NEW_TRACK_CREATED
1726.16,RADAR_C,RADAR_C-T7502,False,6,GT-0109,761.745705239313,49.24729766187944,0.8280064059353561,22.5,22.5,1.0,0.0,0.0,81.5798517900905,GT-0109,,True,ACCEPTED
1726.69,RADAR_A,RADAR_A-T1164,False,6,GT-0109,1062.7999833172476,54.69942790582991,4.196340500371846,22.5,22.5,1.0,0.0,0.8280064059353561,66.0939306354668,GT-0109,,True,ACCEPTED
1731.45,RADAR_A,RADAR_A-T7967,False,6,GT-0109,464.74157147967543,79.95677317650316,6.2146933064013306,22.5,22.5,1.0,0.0,4.196340500371846,65.26801561512247,GT-0109,,True,ACCEPTED
1732.43,RADAR_B,RADAR_B-T1001,False,6,GT-0109,680.8879314077111,34.62722023114281,11.638360411800951,22.5,22.5,1.0,0.0035782217733555093,6.2146933064013306,63.82435277154345,GT-0109,,True,ACCEPTED
1733.72,RADAR_A,RADAR_A-T7967,True,6,GT-0109,385.20588320443784,39.588087587538645,9.788685602720426,22.5,22.5,1.0,0.09683525094870027,11.638360411800951,63.05581234360549,GT-0109,,True,ACCEPTED
1736.16,RADAR_A,RADAR_A-T7967,True,6,GT-0109,727.7663241221591,61.50766910429559,16.7967819113741,22.5,22.5,1.0,0.14061296080430064,9.788685602720426,71.10986776990299,GT-0109,,True,ACCEPTED
1739.34,RADAR_A,RADAR_A-T7967,True,5,GT-0109,707.6200193706196,42.8735451385884,8.678025563998196,22.5,22.5,1.0,0.2924367338330089,16.7967819113741,63.2115990957727,GT-0109,,True,ACCEPTED
1741.23,RADAR_A,RADAR_A-T7967,True,5,GT-0109,1038.2655443484775,12.23888739859741,3.939277566175197,22.5,22.5,1.0,0.27858314646637705,8.678025563998196,58.25162769901509,GT-0109,,True,ACCEPTED
1743.24,RADAR_B,RADAR_B-T8735,False,5,GT-0109,744.5609551115862,9.1245270563658,2.2332300757287618,22.5,22.5,1.0,0.22286651717310166,3.939277566175197,56.1836740328285,GT-0109,,True,ACCEPTED
1743.85,RADAR_A,RADAR_A-T7967,True,5,GT-0109,228.74614247255573,3.181488619371201,0.2592838134702074,22.5,22.5,1.0,0.17829321373848134,2.2332300757287618,52.334837233066494,GT-0109,,True,ACCEPTED
1745.37,RADAR_C,RADAR_C-T3301,False,5,GT-0109,1467.6994631353261,18.008922384593596,3.392168338543163,22.5,22.5,1.0,0.14263457099078508,0.2592838134702074,65.21039463764738,GT-0109,,True,ACCEPTED
1746.31,RADAR_A,RADAR_A-T7967,True,5,GT-0109,637.5914250323458,20.922795134913407,1.4641580443114934,22.5,22.5,1.0,0.11410765679262808,3.392168338543163,62.753135304909314,GT-0109,,True,ACCEPTED
1747.26,RADAR_B,RADAR_B-T8735,True,4,GT-0109,441.0526849602514,18.724414696531632,1.4744566147091764,22.5,22.5,1.0,0.09128612543410247,1.4641580443114934,57.71287370582145,GT-0109,,True,ACCEPTED
1750.49,RADAR_A,RADAR_A-T9926,False,4,GT-0109,865.695169805484,19.92970157167903,3.3157810410673276,22.5,22.5,1.0,0.07302890034728197,1.4744566147091764,60.99421378280554,GT-0109,,True,ACCEPTED
1752.75,RADAR_B,RADAR_B-T8735,True,4,GT-0109,812.1427306663918,37.72952402935425,7.656767356832937,22.5,22.5,1.0,0.058423120277825584,3.3157810410673276,63.168675696196026,GT-0109,,True,ACCEPTED
1753.42,RADAR_A,RADAR_A-T9926,True,4,GT-0109,578.2684507202493,11.29968507251253,1.8020388327038654,22.5,22.5,1.0,0.07435128550280942,7.656767356832937,55.62373551243653,GT-0109,,True,ACCEPTED
1755.89,RADAR_A,RADAR_A-T9926,True,4,GT-0109,829.0297766220862,11.025183611463369,2.7224366317308846,22.5,22.5,1.0,0.05948102840224754,1.8020388327038654,56.65004605194145,GT-0109,,True,ACCEPTED
1756.39,RADAR_B,RADAR_B-T8735,True,4,GT-0109,1044.0287796105933,65.89241946330093,18.092728058987667,22.5,22.5,1.0,0.04758482272179804,2.7224366317308846,74.17445788363895,GT-0109,,True,ACCEPTED
1759.31,RADAR_A,RADAR_A-T9926,True,5,GT-0109,1058.8320060371755,13.097602897155337,3.787754809116316,22.5,22.5,1.0,0.23806785817743845,18.092728058987667,60.72388166787267,GT-0109,,True,ACCEPTED
1765.63,RADAR_C,RADAR_C-T3225,False,4,GT-0109,934.65852278986,18.383978786553474,2.5680293142744235,22.5,22.5,1.0,0.19045428654195076,3.787754809116316,61.137093014092216,GT-0109,,True,ACCEPTED
1766.14,RADAR_B,RADAR_B-T3289,False,4,GT-0109,1165.1731190255534,14.65778212644165,5.1444870418038295,22.5,22.5,1.0,0.1523634292335606,2.5680293142744235,62.0043132294638,GT-0109,,True,ACCEPTED
1768.14,RADAR_A,RADAR_A-T6087,False,4,GT-0109,1368.8364369165386,30.904157732844713,11.255481816539925,22.5,22.5,1.0,0.1218907433868485,5.1444870418038295,65.03886101022569,GT-0109,,True,ACCEPTED
1771.25,RADAR_A,RADAR_A-T6087,True,4,GT-0109,1537.9228411464044,16.90345331417456,7.869302540492599,22.5,22.5,1.0,0.18510395831847756,11.255481816539925,63.425398384938475,GT-0109,,True,ACCEPTED
1774.54,RADAR_A,RADAR_A-T6087,True,4,GT-0109,1351.5835110033813,5.844918765556854,5.953251880766867,22.5,22.5,1.0,0.17923820899632537,7.869302540492599,61.46734627501982,GT-0109,,True,ACCEPTED
1775.76,RADAR_B,RADAR_B-T4348,False,4,GT-0109,1679.2981481987215,63.03265693086188,37.52231296193655,22.5,22.5,1.0,0.1433905671970603,5.953251880766867,90.88464002368417,,GT-0113,False,SOURCE_MAP_NOT_FOUND;MAHALANOBIS_GATE_FAIL;NEW_TRACK_CREATED
1776.61,RADAR_C,RADAR_C-T3225,True,5,GT-0113,613.4178792935104,38.11441897964007,0.3548222033584778,22.5,22.5,1.0,0.0,0.0,75.73370402907454,GT-0113,,True,ACCEPTED
1779.83,RADAR_A,RADAR_A-T3058,False,5,GT-0109,1691.2718350594134,6.780980086357555,9.152740798830987,22.5,22.5,1.0,0.1433905671970603,5.953251880766867,65.79616644891536,GT-0109,,True,ACCEPTED
1781.3,RADAR_B,RADAR_B-T4348,True,5,GT-0109,1042.7868092605745,11.21821240538335,2.8801554685062265,22.5,22.5,1.0,0.1672581337381647,9.152740798830987,57.54892878344433,GT-0109,,True,ACCEPTED
1784.09,RADAR_A,RADAR_A-T8336,False,6,GT-0109,1358.897861976988,13.25064930212173,6.1189667853919065,22.5,22.5,1.0,0.13380650699053176,2.8801554685062265,61.52827138030843,GT-0109,,True,ACCEPTED
1785.46,RADAR_B,RADAR_B-T4348,True,6,GT-0109,1215.0675584076514,22.767280691209503,7.499574311881997,22.5,22.5,1.0,0.10902798534895719,6.1189667853919065,61.323274938824795,GT-0109,,True,ACCEPTED
1786.61,RADAR_C,RADAR_C-T3225,True,7,GT-0109,1618.5465803997715,46.65190929069217,14.146063289959747,22.5,22.5,1.0,0.11221529347719904,7.499574311881997,70.06164390943391,GT-0109,,True,ACCEPTED
1786.7,RADAR_A,RADAR_A-T8336,True,7,GT-0109,1283.7167510444433,11.368880326591476,5.815168125142125,22.5,22.5,1.0,0.22553995628108836,14.146063289959747,60.47471837165031,GT-0109,,True,ACCEPTED
1789.2,RADAR_A,RADAR_A-T8336,True,6,GT-0109,1178.939800737833,8.57404265336045,4.755903552942444,22.5,22.5,1.0,0.1804319650248707,5.815168125142125,57.94249658086271,GT-0109,,True,ACCEPTED
1789.98,RADAR_B,RADAR_B-T4348,True,6,GT-0109,1514.1431986688604,40.208304343574895,15.19227267952263,22.5,22.5,1.0,0.14434557201989656,4.755903552942444,69.71575575662823,GT-0109,,True,ACCEPTED
1791.54,RADAR_A,RADAR_A-T8336,True,6,GT-0109,1371.5700477891862,8.394678152482701,6.142434673698885,22.5,22.5,1.0,0.26868100227462777,15.19227267952263,59.89229058301117,GT-0109,,True,ACCEPTED
1793.4,RADAR_B,RADAR_B-T4348,True,6,GT-0109,1262.0470276843507,14.102588347224506,3.760750771854906,22.5,22.5,1.0,0.21731871304801695,6.142434673698885,60.204160356983955,GT-0109,,True,ACCEPTED
1793.61,RADAR_A,RADAR_A-T8336,True,5,GT-0109,1648.3839483855513,7.06195723575058,8.709844251115442,22.5,22.5,1.0,0.17385497043841358,3.760750771854906,63.26701981725731,GT-0109,,True,ACCEPTED
1797.81,RADAR_C,RADAR_C-T3225,True,4,GT-0109,679.1832738482833,78.12464975606073,12.327151286044867,22.5,22.5,1.0,0.1842480472026549,8.709844251115442,72.60774883383836,GT-0109,,True,ACCEPTED
1798.61,RADAR_A,RADAR_A-T7508,False,4,GT-0109,1605.5593532614994,6.012980230190719,7.533081439140195,22.5,22.5,1.0,0.25285095919620504,12.327151286044867,63.89360112662772,GT-0109,,True,ACCEPTED
1799.24,RADAR_B,RADAR_B-T4348,True,4,GT-0109,1175.2843396250667,17.22855855697563,4.685023349471816,22.5,22.5,1.0,0.22783212467596728,7.533081439140195,59.31458311213483,GT-0109,,True,ACCEPTED
1801.38,RADAR_A,RADAR_A-T7508,True,4,GT-0109,1303.8549403904942,9.976985558163568,5.285837098319885,22.5,22.5,1.0,0.18226569974077383,4.685023349471816,60.9650970889367,GT-0109,,True,ACCEPTED
1803.36,RADAR_A,RADAR_A-T7508,True,4,GT-0109,1580.5988498866188,13.612021980018088,8.790364538700642,22.5,22.5,1.0,0.14581255979261906,5.285837098319885,61.719071910521066,GT-0109,,True,ACCEPTED
1805.97,RADAR_A,RADAR_A-T7508,True,4,GT-0109,1220.2347378091602,35.53516764762325,13.22606554033225,22.5,22.5,1.0,0.16315612347910596,8.790364538700642,66.4226352884475,GT-0109,,True,ACCEPTED
1807.75,RADAR_B,RADAR_B-T8548,False,4,GT-0109,1211.695761465522,8.554170710721431,5.190048320454585,22.5,22.5,1.0,0.25095932445548896,13.22606554033225,60.28372141927722,GT-0109,,True,ACCEPTED
1808.43,RADAR_A,RADAR_A-T7508,True,4,GT-0109,365.16966717649086,19.01461613367971,2.6642749172895432,22.5,22.5,1.0,0.20076745956439118,5.190048320454585,55.870619647304906,GT-0109,,True,ACCEPTED
1811.11,RADAR_A,RADAR_A-T7508,True,4,GT-0109,707.331817118315,15.212337160153474,1.6885234500356823,22.5,22.5,1.0,0.16061396765151295,2.6642749172895432,64.26076690244597,GT-0109,,True,ACCEPTED
1812.22,RADAR_B,RADAR_B-T8548,True,4,GT-0109,603.5394344150553,13.02769741739009,1.5952370839425585,22.5,22.5,1.0,0.12849117412121036,1.6885234500356823,57.859432862575346,GT-0109,,True,ACCEPTED
1813.8,RADAR_A,RADAR_A-T7508,True,4,GT-0109,683.5596432797311,17.44861336847674,2.278388506041845,22.5,22.5,1.0,0.1027929392969683,1.5952370839425585,57.99435558667838,GT-0109,,True,ACCEPTED
1816.23,RADAR_A,RADAR_A-T7508,True,4,GT-0109,604.7277192221417,6.650233612970367,1.222564897053464,22.5,22.5,1.0,0.08223435143757464,2.278388506041845,56.26083707430997,GT-0109,,True,ACCEPTED
1820.88,RADAR_C,RADAR_C-T2909,False,4,GT-0109,414.6744201269279,10.986260035585708,0.6150085523836966,22.5,22.5,1.0,0.06578748115005971,1.222564897053464,58.67303670611706,GT-0109,,True,ACCEPTED
1821.14,RADAR_A,RADAR_A-T6183,False,4,GT-0109,294.92137333535885,12.853663862793384,0.8271850276505468,22.5,22.5,1.0,0.05262998492004777,0.6150085523836966,55.71387886948584,GT-0109,,True,ACCEPTED
1823.63,RADAR_A,RADAR_A-T6183,True,4,GT-0109,273.11997120730814,5.035530620873326,0.3868646804679652,22.5,22.5,1.0,0.04210398793603822,0.8271850276505468,53.461562773243514,GT-0109,,True,ACCEPTED
1825.18,RADAR_B,RADAR_B-T2200,False,4,GT-0109,805.5299159891838,9.086981995775236,2.5700161540134783,22.5,22.5,1.0,0.03368319034883058,0.3868646804679652,56.15131445448969,GT-0109,,True,ACCEPTED
1825.48,RADAR_A,RADAR_A-T6183,True,4,GT-0109,788.4163452413462,31.67453983797737,29.926613931227582,22.5,22.5,1.0,0.026946552279064465,2.5700161540134783,78.75463510029866,,GT-0118,False,MAHALANOBIS_GATE_FAIL;NEW_TRACK_CREATED
1827.45,RADAR_A,RADAR_A-T6183,True,5,GT-0118,777.2507346394589,6.737441507455094,1.6844540644959427,22.5,22.5,1.0,0.0,0.0,78.62452467696357,GT-0118,,True,ACCEPTED
1829.4,RADAR_B,RADAR_B-T2200,True,5,GT-0109,983.9870571855561,25.438069274299302,2.1771157186864327,22.5,22.5,1.0,0.026946552279064465,2.5700161540134783,66.54483588252323,GT-0109,,True,ACCEPTED
1829.71,RADAR_C,RADAR_C-T2909,True,5,GT-0109,927.2229804495697,65.34727777047897,4.965387475378004,22.5,22.5,1.0,0.021557241823251572,2.1771157186864327,65.34203574478956,GT-0109,,True,ACCEPTED
1830.52,RADAR_A,RADAR_A-T6183,True,5,GT-0109,359.5894464246487,21.690490823145904,0.9243117076230103,22.5,22.5,1.0,0.01724579345860126,4.965387475378004,59.638891377509864,GT-0109,,True,ACCEPTED
1833.09,RADAR_A,RADAR_A-T6183,True,5,GT-0109,944.5765213707723,18.880661940986144,4.318883254660449,22.5,22.5,1.0,0.013796634766881009,0.9243117076230103,59.439820644757205,GT-0109,,True,ACCEPTED
1834.0,RADAR_B,RADAR_B-T2200,True,5,GT-0109,895.2091778040464,18.536652889240074,3.8287505815718146,22.5,22.5,1.0,0.011037307813504808,4.318883254660449,58.33769141441527,GT-0109,,True,ACCEPTED
1835.7,RADAR_A,RADAR_A-T6183,True,5,GT-0109,373.8262593028744,30.08195915118715,5.241556918582324,22.5,22.5,1.0,0.008829846250803847,3.8287505815718146,59.130114926062646,GT-0109,,True,ACCEPTED
1838.03,RADAR_A,RADAR_A-T6183,True,5,GT-0109,406.6872744267077,28.750574611216095,2.6775785981267757,22.5,22.5,1.0,0.007063877000643078,5.241556918582324,58.492421483568606,GT-0109,,True,ACCEPTED
1839.32,RADAR_B,RADAR_B-T2200,True,5,GT-0109,318.5382835486051,15.861912807372216,2.522834235336582,22.5,22.5,1.0,0.005651101600514463,2.6775785981267757,54.67462628812513,GT-0109,,True,ACCEPTED
1840.6,RADAR_A,RADAR_A-T6183,True,5,GT-0109,722.4451958811422,21.666569865621042,3.988170514385686,22.5,22.5,1.0,0.004520881280411571,2.522834235336582,57.82344688039226,GT-0109,,True,ACCEPTED
1842.13,RADAR_A,RADAR_A-T6183,True,5,GT-0109,415.0064607065312,15.628767793336284,1.1647371993355666,22.5,22.5,1.0,0.003616705024329257,3.988170514385686,56.72421474966548,GT-0109,,True,ACCEPTED
1845.05,RADAR_A,RADAR_A-T6183,True,5,GT-0109,531.3775186355954,8.846267858348117,1.003688004963317,22.5,22.5,1.0,0.0028933640194634055,1.1647371993355666,57.425645457127146,GT-0109,,True,ACCEPTED
1845.15,RADAR_B,RADAR_B-T2200,True,5,GT-0109,733.1525301694813,4.92265304783721,1.8067611269073918,22.5,22.5,1.0,0.0023146912155707247,1.003688004963317,54.154340271395625,GT-0109,,True,ACCEPTED
1845.69,RADAR_C,RADAR_C-T8515,False,5,GT-0109,695.7736050619352,71.94021066684007,17.241188813040164,22.5,22.5,1.0,0.0018517529724565798,1.8067611269073918,76.00049810715022,GT-0109,,True,ACCEPTED
1850.3,RADAR_B,RADAR_B-T2200,True,5,GT-0109,489.6447101712483,42.945794220449045,3.2192721827522357,22.5,22.5,1.0,0.188834549261968,17.241188813040164,62.053265313287866,GT-0109,,True,ACCEPTED
1850.75,RADAR_A,RADAR_A-T1280,False,5,GT-0109,485.96584492235957,22.493799423832606,1.535308107744755,22.5,22.5,1.0,0.1510676394095744,3.2192721827522357,59.26866922303351,GT-0109,,True,ACCEPTED
1853.13,RADAR_A,RADAR_A-T1280,True,4,GT-0109,490.1439027338727,31.991901383430722,4.405317119453519,22.5,22.5,1.0,0.12085411152765953,1.535308107744755,59.55417689456627,GT-0109,,True,ACCEPTED
1855.41,RADAR_B,RADAR_B-T2200,True,5,GT-0109,853.4261859267542,13.030987474339982,2.917767293898189,22.5,22.5,1.0,0.09668328922212763,4.405317119453519,57.944926714789226,GT-0109,,True,ACCEPTED
1855.75,RADAR_A,RADAR_A-T1280,True,5,GT-0109,527.5452357841009,10.970487457075693,3.077214102484486,22.5,22.5,1.0,0.0773466313777021,2.917767293898189,53.18634172102522,GT-0109,,True,ACCEPTED
1861.24,RADAR_A,RADAR_A-T4198,False,5,GT-0109,677.8170260344612,23.943547003952883,1.2978789953066527,22.5,22.5,1.0,0.06187730510216169,3.077214102484486,67.39265950611893,GT-0109,,True,ACCEPTED
1863.22,RADAR_B,RADAR_B-T5737,False,4,GT-0109,1000.7029323643601,9.408332867062075,4.000046607189969,22.5,22.5,1.0,0.049501844081729356,1.2978789953066527,58.080010777567196,GT-0109,,True,ACCEPTED
1864.2,RADAR_A,RADAR_A-T4198,True,5,GT-0109,456.02471455528706,8.527960695058866,1.4491126184078698,22.5,22.5,1.0,0.03960147526538349,4.000046607189969,53.009349166114646,GT-0109,,True,ACCEPTED
1867.31,RADAR_A,RADAR_A-T4198,True,5,GT-0109,693.291449452772,12.330957933638881,1.597496037031055,22.5,22.5,1.0,0.03168118021230679,1.4491126184078698,61.485850667791574,GT-0109,,True,ACCEPTED
1868.73,RADAR_B,RADAR_B-T5737,True,4,GT-0109,892.7241520639609,39.18570013306805,5.9876362586953205,22.5,22.5,1.0,0.025344944169845438,1.597496037031055,61.94962906711125,GT-0109,,True,ACCEPTED
1870.47,RADAR_A,RADAR_A-T4198,True,4,GT-0109,573.6545360573949,28.421426215147967,5.567685352044557,22.5,22.5,1.0,0.020275955335876353,5.9876362586953205,59.15279566401273,GT-0109,,True,ACCEPTED
1875.7,RADAR_C,RADAR_C-T9697,False,4,GT-0109,282.8441760394897,97.64395491321567,3.5326599754555166,22.5,22.5,1.0,0.016220764268701084,5.567685352044557,66.19088637254977,GT-0109,,True,ACCEPTED
1876.13,RADAR_A,RADAR_A-T3023,False,4,GT-0109,829.6430118966343,15.062266269190735,2.2871249497856136,22.5,22.5,1.0,0.012976611414960868,3.5326599754555166,59.302672383472284,GT-0109,,True,ACCEPTED
1877.96,RADAR_A,RADAR_A-T3023,True,5,GT-0109,236.10212490802618,14.624757710568634,1.8294477737942834,22.5,22.5,1.0,0.010381289131968695,2.2871249497856136,54.39703997578575,GT-0109,,True,ACCEPTED
1878.98,RADAR_B,RADAR_B-T4981,False,5,GT-0109,895.7009609604106,14.559102151101115,2.8255389815130596,22.5,22.5,1.0,0.008305031305574957,1.8294477737942834,57.758154337318224,GT-0109,,True,ACCEPTED
1883.43,RADAR_B,RADAR_B-T4981,True,4,GT-0109,1115.7825738991924,88.99646966005656,13.95394096771571,22.5,22.5,1.0,0.006644025044459966,2.8255389815130596,72.21713369691383,GT-0109,,True,ACCEPTED
1884.99,RADAR_A,RADAR_A-T4372,False,4,GT-0109,1322.3875963513551,18.035054214495744,5.257623904638953,22.5,22.5,1.0,0.1378809028308298,13.95394096771571,63.0156029109331,GT-0109,,True,ACCEPTED
1886.74,RADAR_C,RADAR_C-T9697,True,4,GT-0109,1485.578525647282,13.997053948212383,3.92552833466495,22.5,22.5,1.0,0.11030472226466384,5.257623904638953,60.588565793836565,GT-0109,,True,ACCEPTED
1887.78,RADAR_A,RADAR_A-T4372,True,4,GT-0109,1702.2509156803617,11.019135616332143,9.465244961434095,22.5,22.5,1.0,0.08824377781173108,3.92552833466495,62.98546863967907,GT-0109,,True,ACCEPTED
1888.39,RADAR_B,RADAR_B-T4981,True,4,GT-0109,1454.4886335652898,35.06596220787236,13.263271948663375,22.5,22.5,1.0,0.1283491049399531,9.465244961434095,67.14000274577486,GT-0109,,True,ACCEPTED
1893.14,RADAR_A,RADAR_A-T7716,False,4,GT-0109,2123.8472056555524,7.028658149328056,12.739973589929182,22.5,22.5,1.0,0.2237338164296854,13.263271948663375,70.73779808806184,GT-0109,,True,ACCEPTED
1893.16,RADAR_C,RADAR_C-T9697,True,4,GT-0109,1674.2073335550622,55.19773983279661,20.481650341572387,22.5,22.5,1.0,0.2913199463092347,12.739973589929182,76.01988107694034,GT-0109,,True,ACCEPTED
1895.76,RADAR_A,RADAR_A-T7716,True,4,GT-0109,2206.9684301814473,24.240839158214133,15.852267093069315,22.5,22.5,1.0,0.43305595704738775,20.481650341572387,71.35926122664748,GT-0109,,True,ACCEPTED
1897.03,RADAR_B,RADAR_B-T7425,False,4,GT-0109,2183.9318542279566,41.82044471974511,22.177525962586515,22.5,22.5,1.0,0.5106492171890655,15.852267093069315,76.30362330013585,GT-0109,,True,ACCEPTED
1901.81,RADAR_B,RADAR_B-T7425,True,4,GT-0109,3156.839562185059,40.593034818414594,33.51011877728617,22.5,33.45334872752254,1.0,0.6085193737512524,22.177525962586515,91.24979260999463,,GT-0125,False,MAHALANOBIS_GATE_FAIL;NEW_TRACK_CREATED
1903.0,RADAR_A,RADAR_A-T4596,False,6,GT-0125,490.7376607486045,13.908758348366119,0.7288843106497304,22.5,22.5,1.0,0.0,0.0,74.40195604098007,GT-0125,,True,ACCEPTED
1904.98,RADAR_A,RADAR_A-T4596,True,6,GT-0125,717.6531909575225,29.038074846438143,2.3052726978480163,22.5,22.5,1.0,0.0,0.7288843106497304,62.67801988881597,GT-0125,,True,ACCEPTED
1906.3,RADAR_B,RADAR_B-T7425,True,6,GT-0125,474.6676224733397,78.37106633821531,19.354974549482538,22.5,22.5,1.0,0.0,2.3052726978480163,76.12871714733286,GT-0125,,True,ACCEPTED
1907.64,RADAR_A,RADAR_A-T4596,True,6,GT-0125,416.2114268651938,7.063167222968441,0.6739471809962974,22.5,22.5,1.0,0.2,19.354974549482538,57.13354640611288,GT-0125,,True,ACCEPTED
1909.97,RADAR_A,RADAR_A-T4596,True,5,GT-0125,572.438836697056,8.209279098890082,1.381081455182755,22.5,22.5,1.0,0.16000000000000003,0.6739471809962974,55.41068464968336,GT-0125,,True,ACCEPTED
1910.22,RADAR_B,RADAR_B-T7425,True,5,GT-0125,366.9474832027967,26.744347146153185,8.54872915273819,22.5,22.5,1.0,0.12800000000000003,1.381081455182755,60.00573511542265,GT-0125,,True,ACCEPTED
1911.16,RADAR_C,RADAR_C-T3159,False,5,GT-0125,513.7995911671129,25.410336916898736,2.306159461576749,22.5,22.5,1.0,0.1448788192123032,8.54872915273819,61.14779528438631,GT-0125,,True,ACCEPTED
1913.1,RADAR_A,RADAR_A-T4596,True,5,GT-0125,870.3582676004573,23.52391766267459,4.3510990473220135,22.5,22.5,1.0,0.11590305536984256,2.306159461576749,59.265934634160814,GT-0125,,True,ACCEPTED
1914.53,RADAR_B,RADAR_B-T7425,True,5,GT-0125,1027.7119283218021,13.970272547523104,4.278715539606605,22.5,22.5,1.0,0.09272244429587406,4.3510990473220135,58.818486049451636,GT-0125,,True,ACCEPTED
1915.01,RADAR_A,RADAR_A-T4596,True,5,GT-0125,252.25831221673738,20.555727313839572,8.879919199609436,22.5,22.5,1.0,0.07417795543669925,4.278715539606605,58.57043981656604,GT-0125,,True,ACCEPTED
1917.96,RADAR_A,RADAR_A-T4596,True,5,GT-0125,452.45622535076785,17.144597833849396,0.7169811012813619,22.5,22.5,1.0,0.10734101767618334,8.879919199609436,61.45627290280238,GT-0125,,True,ACCEPTED
1918.71,RADAR_B,RADAR_B-T7425,True,5,GT-0125,187.3696043570905,25.96572231425017,3.5316344760020186,22.5,22.5,1.0,0.08587281414094668,0.7169811012813619,57.34338720589297,GT-0125,,True,ACCEPTED
1920.25,RADAR_A,RADAR_A-T4596,True,5,GT-0125,481.28419138008337,5.3666936919020145,0.7595551723497594,22.5,22.5,1.0,0.06869825131275735,3.5316344760020186,56.58413243615467,GT-0125,,True,ACCEPTED
1923.13,RADAR_A,RADAR_A-T4596,True,4,GT-0125,575.4996360073069,16.696806179900587,1.9166776360420843,22.5,22.5,1.0,0.054958601050205884,0.7595551723497594,57.654267705043466,GT-0125,,True,ACCEPTED
1923.69,RADAR_C,RADAR_C-T3159,True,4,GT-0125,578.1887766191401,21.149929080914408,4.287846328395748,22.5,22.5,1.0,0.04396688084016471,1.9166776360420843,57.555802954161905,GT-0125,,True,ACCEPTED
1927.98,RADAR_A,RADAR_A-T1490,False,4,GT-0125,958.9890155224366,8.382629448402572,3.021886420633403,22.5,22.5,1.0,0.03517350467213177,4.287846328395748,59.99730184878361,GT-0125,,True,ACCEPTED
1928.93,RADAR_B,RADAR_B-T1430,False,4,GT-0125,917.2020842555089,20.00797136344362,5.423855582928885,22.5,22.5,1.0,0.028138803737705415,3.021886420633403,58.507871534549906,GT-0125,,True,ACCEPTED
1930.67,RADAR_A,RADAR_A-T1490,True,4,GT-0125,545.7556472534225,11.92558710863273,1.5188295305539563,22.5,22.5,1.0,0.022511042990164334,5.423855582928885,56.025899379461876,GT-0125,,True,ACCEPTED
1932.35,RADAR_B,RADAR_B-T1430,True,4,GT-0125,478.12991929234573,8.560753279302558,1.0377040506111288,22.5,22.5,1.0,0.018008834392131468,1.5188295305539563,55.14590655664449,GT-0125,,True,ACCEPTED
1934.39,RADAR_A,RADAR_A-T1490,True,4,GT-0125,655.5363112689807,22.508723129585533,3.0354841668358077,22.5,22.5,1.0,0.014407067513705175,1.0377040506111288,58.21013100471321,GT-0125,,True,ACCEPTED
1934.88,RADAR_C,RADAR_C-T3159,True,4,GT-0125,377.9549598334748,88.99815047591768,32.344918139024635,22.5,22.5,1.0,0.01152565401096414,3.0354841668358077,89.36719225397178,,GT-0128,False,MAHALANOBIS_GATE_FAIL;NEW_TRACK_CREATED
1936.29,RADAR_A,RADAR_A-T1490,True,5,GT-0125,1135.5213640513737,2.8430511283605315,3.873250161970616,22.5,22.5,1.0,0.01152565401096414,3.0354841668358077,58.365939216952896,GT-0125,,True,ACCEPTED
1941.46,RADAR_A,RADAR_A-T8245,False,4,GT-0125,1024.8869299319417,9.00392476400123,3.2007986026665702,22.5,22.5,1.0,0.009220523208771312,3.873250161970616,61.05312342004366,GT-0125,,True,ACCEPTED
1941.57,RADAR_B,RADAR_B-T9965,False,4,GT-0125,755.8688528967184,6.925713620298326,2.4713828329898555,22.5,22.5,1.0,0.0073764185670170505,3.2007986026665702,53.76268915422918,GT-0125,,True,ACCEPTED
1943.11,RADAR_A,RADAR_A-T8245,True,4,GT-0125,358.51044740128094,16.918038307186688,0.7471592411505001,22.5,22.5,1.0,0.00590113485361364,2.4713828329898555,58.769162053362734,GT-0125,,True,ACCEPTED
1947.24,RADAR_B,RADAR_B-T9965,True,4,GT-0125,525.901098445782,8.213235477350466,0.5492289482485556,22.5,22.5,1.0,0.004720907882890913,0.7471592411505001,65.63886729495114,GT-0125,,True,ACCEPTED
1952.09,RADAR_B,RADAR_B-T9965,True,4,GT-0125,611.075321283487,23.82976643732665,1.08786963387426,22.5,22.5,1.0,0.0037767263063127306,0.5492289482485556,63.12985146636255,GT-0125,,True,ACCEPTED
1953.71,RADAR_A,RADAR_A-T1627,False,4,GT-0125,593.329860416889,21.847665126421717,1.7389437802854013,22.5,22.5,1.0,0.0030213810450501846,1.08786963387426,59.53378982651916,GT-0125,,True,ACCEPTED
1956.55,RADAR_A,RADAR_A-T1627,True,4,GT-0125,560.7619901617014,18.91153293756926,1.2239002818435407,22.5,22.5,1.0,0.002417104836040148,1.7389437802854013,63.255393283631705,GT-0125,,True,ACCEPTED
1957.12,RADAR_B,RADAR_B-T9965,True,4,GT-0125,132.25448691998724,13.502562478953838,0.9415070375603086,22.5,22.5,1.0,0.0019336838688321185,1.2239002818435407,55.18809888820157,GT-0125,,True,ACCEPTED
1959.07,RADAR_A,RADAR_A-T1627,True,4,GT-0125,468.30112828920716,10.244469361027136,0.9299995597558095,22.5,22.5,1.0,0.0015469470950656948,0.9415070375603086,56.869201300546436,GT-0125,,True,ACCEPTED
1963.56,RADAR_A,RADAR_A-T8426,False,4,GT-0125,214.91190293411552,23.269004229867022,1.5443519953705196,22.5,22.5,1.0,0.001237557676052556,0.9299995597558095,57.58624817045463,GT-0125,,True,ACCEPTED
1966.07,RADAR_A,RADAR_A-T8426,True,4,GT-0125,366.6893494288803,7.516164751822015,0.6917428398141867,22.5,22.5,1.0,0.000990046140842045,1.5443519953705196,54.56759487436146,GT-0125,,True,ACCEPTED
1967.42,RADAR_B,RADAR_B-T1917,False,4,GT-0125,886.2117041160413,68.0737425693333,15.887548149445099,22.5,22.5,1.0,0.000792036912673636,0.6917428398141867,72.06552344315516,GT-0125,,True,ACCEPTED
1969.63,RADAR_A,RADAR_A-T8426,True,4,GT-0125,716.2673931668846,14.279833261545082,1.8120855209971123,22.5,22.5,1.0,0.16542609868755723,15.887548149445099,59.22435538583858,GT-0125,,True,ACCEPTED
1972.84,RADAR_B,RADAR_B-T1917,True,4,GT-0125,1181.514323786689,11.306452552755156,3.201501209842721,22.5,22.5,1.0,0.1323408789500458,1.8120855209971123,59.67157284249793,GT-0125,,True,ACCEPTED
1978.22,RADAR_A,RADAR_A-T4575,False,4,GT-0125,1320.7745932583048,14.331258287515828,5.6641379008293,22.5,22.5,1.0,0.10587270316003664,3.201501209842721,65.24363753692323,GT-0125,,True,ACCEPTED
1979.08,RADAR_B,RADAR_B-T1917,True,4,GT-0125,2136.103730194824,23.45766661699154,13.113897469170134,22.5,22.5,1.0,0.08469816252802931,5.6641379008293,67.13319441732139,GT-0125,,True,ACCEPTED
1979.92,RADAR_A,RADAR_A-T4575,True,4,GT-0125,1373.3020612866621,3.8914494572759137,5.818929949712111,22.5,22.5,1.0,0.18632348784192568,13.113897469170134,57.56302714999775,GT-0125,,True,ACCEPTED
1981.98,RADAR_B,RADAR_B-T1917,True,4,GT-0125,1457.217279635655,4.537894875681141,7.052989216399291,22.5,22.5,1.0,0.14905879027354055,5.818929949712111,61.4139359518277,GT-0125,,True,ACCEPTED
1982.47,RADAR_A,RADAR_A-T4575,True,4,GT-0125,908.9137555765113,23.013593764567016,9.488780917133559,22.5,22.5,1.0,0.13679685249215395,7.052989216399291,60.583981742117096,GT-0125,,True,ACCEPTED
1985.15,RADAR_A,RADAR_A-T4575,True,4,GT-0125,924.1539557621612,23.99117431333354,2.8950063464055047,22.5,22.5,1.0,0.1675838306126158,9.488780917133559,64.63525664333855,GT-0125,,True,ACCEPTED
1987.35,RADAR_A,RADAR_A-T4575,True,4,GT-0125,1646.657341494734,20.778258919167335,8.830004420145482,22.5,22.5,1.0,0.13406706449009265,2.8950063464055047,65.90311658723196,GT-0125,,True,ACCEPTED
1989.03,RADAR_A,RADAR_A-T4575,True,4,GT-0125,1665.852119376315,10.755660502234564,8.410471372858385,22.5,22.5,1.0,0.15442039192783213,8.830004420145482,63.10678747404974,GT-0125,,True,ACCEPTED
1991.15,RADAR_C,RADAR_C-T7838,False,4,GT-0125,415.659023851152,50.195996507877254,4.90318930861685,22.5,22.5,1.0,0.1637108364232388,8.410471372858385,65.2855054721021,GT-0125,,True,ACCEPTED
1991.95,RADAR_B,RADAR_B-T4904,False,4,GT-0125,1722.806178482825,8.162940856707724,8.848461462155521,22.5,22.5,1.0,0.13096866913859104,4.90318930861685,65.4526840292752,GT-0125,,True,ACCEPTED
1994.0,RADAR_A,RADAR_A-T8819,False,4,GT-0125,1856.2018178715052,5.686861774853874,10.548365883188662,22.5,22.5,1.0,0.15224929301346488,8.848461462155521,67.04948125436522,GT-0125,,True,ACCEPTED
1997.19,RADAR_A,RADAR_A-T8819,True,4,GT-0125,2327.0054267697,3.825795000255951,16.289968297566325,22.5,22.5,1.0,0.19760553246391627,10.548365883188662,71.18635123729878,GT-0125,,True,ACCEPTED
2000.37,RADAR_A,RADAR_A-T8819,True,4,GT-0125,2683.6168611251296,10.198253329687452,20.952197987985326,22.5,22.5,1.0,0.3295838975972385,16.289968297566325,76.0281464524323,GT-0125,,True,ACCEPTED
2001.24,RADAR_B,RADAR_B-T8675,False,4,GT-0125,3215.1216172752565,14.457669253356132,32.515782692970305,22.5,22.5,1.0,0.4636671180777908,20.952197987985326,87.42509766263436,,GT-0129,False,SOURCE_MAP_NOT_FOUND;MAHALANOBIS_GATE_FAIL;NEW_TRACK_CREATED
2001.65,RADAR_C,RADAR_C-T7838,True,5,GT-0125,1971.7368405831173,31.461315580279575,11.091540562267609,22.5,22.5,1.0,0.4636671180777908,20.952197987985326,67.63066320747261,GT-0125,,True,ACCEPTED
2002.87,RADAR_A,RADAR_A-T8819,True,5,GT-0129,622.6966508929797,11.459378281653564,1.1094499326708989,22.5,22.5,1.0,0.0,0.0,76.79805147299014,GT-0129,,True,ACCEPTED
2005.21,RADAR_A,RADAR_A-T8819,True,5,GT-0129,810.3503083636714,20.899522450331204,2.662537363885909,22.5,22.5,1.0,0.0,1.1094499326708989,60.22777474000407,GT-0129,,True,ACCEPTED
2005.92,RADAR_B,RADAR_B-T8675,True,5,GT-0129,714.2228620763957,30.600193559279518,9.67073986791274,22.5,22.5,1.0,0.0,2.662537363885909,62.34958466411359,GT-0129,,True,ACCEPTED
2007.8,RADAR_A,RADAR_A-T8819,True,5,GT-0129,1127.2719570360487,15.545550046670616,4.357904790574025,22.5,22.5,1.0,0.061178997798545666,9.67073986791274,59.0408726230111,GT-0129,,True,ACCEPTED
2009.91,RADAR_A,RADAR_A-T8819,True,5,GT-0129,1291.5972746302577,18.909587809042318,6.017244699389433,22.5,22.5,1.0,0.048943198238836534,4.357904790574025,61.71668267476437,GT-0129,,True,ACCEPTED
2013.01,RADAR_A,RADAR_A-T8819,True,5,GT-0129,1840.2888047355943,18.889246854819362,10.705445844869388,22.5,22.5,1.0,0.039441970247559785,6.017244699389433,66.67308982489409,GT-0129,,True,ACCEPTED
2015.49,RADAR_B,RADAR_B-T3769,False,5,GT-0129,2578.8834819593303,46.417719997607115,21.129728932172057,22.5,22.5,1.0,0.10997767361253763,10.705445844869388,77.05776987926998,GT-0129,,True,ACCEPTED
2015.89,RADAR_A,RADAR_A-T8819,True,5,GT-0129,1937.4395132388702,8.323437638506284,11.028402221448756,22.5,22.5,1.0,0.2879821388900301,21.129728932172057,65.20437460975701,GT-0129,,True,ACCEPTED
2018.69,RADAR_A,RADAR_A-T8819,True,5,GT-0129,2472.517892710242,14.114474877009886,18.764181828587606,22.5,22.5,1.0,0.3141924148028367,11.028402221448756,72.08916274379322,GT-0129,,True,ACCEPTED
2019.96,RADAR_B,RADAR_B-T3769,True,5,GT-0129,2431.260374617901,7.795868166967841,18.08548823111702,22.5,22.5,1.0,0.4513539318422694,18.764181828587606,70.19357154134269,GT-0129,,True,ACCEPTED
2021.04,RADAR_C,RADAR_C-T2979,False,5,GT-0129,1097.6553857978513,13.22193031145994,3.7917328008258475,22.5,22.5,1.0,0.5610831454738155,18.08548823111702,58.87903799197247,GT-0129,,True,ACCEPTED
2023.71,RADAR_B,RADAR_B-T3769,True,5,GT-0129,934.4276055153487,14.862629962822218,2.669443248521219,22.5,22.5,1.0,0.44886651637905245,3.7917328008258475,64.20303199832357,GT-0129,,True,ACCEPTED
2023.97,RADAR_A,RADAR_A-T9646,False,5,GT-0129,1007.8575598129959,6.39184992695499,4.948093745105263,22.5,22.5,1.0,0.359093213103242,2.669443248521219,52.25423363760551,GT-0129,,True,ACCEPTED
2026.38,RADAR_A,RADAR_A-T9646,True,5,GT-0129,604.27678751247,2.8544033534764917,1.0381270160097806,22.5,22.5,1.0,0.2872745704825936,4.948093745105263,56.45821498271063,GT-0129,,True,ACCEPTED
2027.72,RADAR_C,RADAR_C-T2979,True,5,GT-0129,1455.796447802121,15.405837770693816,3.2252524991482403,22.5,22.5,1.0,0.22981965638607488,1.0381270160097806,63.12549957894391,GT-0129,,True,ACCEPTED
2028.54,RADAR_B,RADAR_B-T3769,True,5,GT-0129,943.1124203454336,9.312938019347227,3.0714874015252924,22.5,22.5,1.0,0.18385572510885992,3.2252524991482403,60.94038938005498,GT-0129,,True,ACCEPTED
2035.86,RADAR_A,RADAR_A-T5987,False,5,GT-0129,1455.7890748846642,19.115272167602452,5.967666716376668,22.5,22.5,1.0,0.14708458008708794,3.0714874015252924,72.89711118743267,GT-0129,,True,ACCEPTED
2037.93,RADAR_A,RADAR_A-T5987,True,5,GT-0129,1280.1266047081804,9.53769320540623,5.265978144542425,22.5,22.5,1.0,0.11766766406967036,5.967666716376668,59.03784633335059,GT-0129,,True,ACCEPTED
2039.99,RADAR_B,RADAR_B-T1536,False,5,GT-0129,2219.0239477552627,10.198886734663967,15.777491547312527,22.5,22.5,1.0,0.09413413125573629,5.265978144542425,69.92666160917479,GT-0129,,True,ACCEPTED
2040.33,RADAR_A,RADAR_A-T5987,True,5,GT-0129,1401.394036295991,6.511077315156795,5.988232274483567,22.5,22.5,1.0,0.23826549745979786,15.777491547312527,59.3101733369175,GT-0129,,True,ACCEPTED
2044.94,RADAR_C,RADAR_C-T1052,False,5,GT-0129,2456.5890829827244,10.715407087161495,11.324442660826257,22.5,22.5,1.0,0.1906123979678383,5.988232274483567,70.99895270506039,GT-0129,,True,ACCEPTED
2045.43,RADAR_A,RADAR_A-T3842,False,5,GT-0129,2329.4837059863376,12.910762805719457,16.94900299603224,22.5,22.5,1.0,0.2412306293880416,11.324442660826257,75.06070200701552,GT-0129,,True,ACCEPTED
2050.24,RADAR_A,RADAR_A-T6773,False,4,GT-0129,2940.8709897863982,7.141977205382728,25.71293111778815,22.5,22.5,1.0,0.3754678867776373,16.94900299603224,82.29946456717718,,GT-0131,False,SOURCE_MAP_NOT_FOUND;MAHALANOBIS_GATE_FAIL;NEW_TRACK_CREATED
2052.72,RADAR_A,RADAR_A-T6773,True,5,GT-0131,368.8605425438022,7.6093716481180405,0.36438178698691165,22.5,22.5,1.0,0.0,0.0,78.79620508050719,GT-0131,,True,ACCEPTED
2054.45,RADAR_B,RADAR_B-T6047,False,5,GT-0131,533.390038720128,23.013969328265702,1.3600569429827618,22.5,22.5,1.0,0.0,0.36438178698691165,60.45949304649414,GT-0131,,True,ACCEPTED
2056.59,RADAR_A,RADAR_A-T4430,False,5,GT-0131,591.5709232510682,15.844459592065105,1.230602680244362,22.5,22.5,1.0,0.0,1.3600569429827618,61.45247647837003,GT-0131,,True,ACCEPTED
2059.32,RADAR_A,RADAR_A-T4430,True,5,GT-0131,951.8016527127814,33.45696193923221,6.9616924467766115,22.5,22.5,1.0,0.0,1.230602680244362,62.09530199032014,GT-0131,,True,ACCEPTED
2062.17,RADAR_A,RADAR_A-T4430,True,5,GT-0131,927.8400640887695,21.68831306914528,2.900584505281803,22.5,22.5,1.0,0.01602820744627686,6.9616924467766115,61.97433373468383,GT-0131,,True,ACCEPTED
2064.36,RADAR_C,RADAR_C-T3573,False,5,GT-0131,715.1858745598224,38.49692717597484,5.394751369032841,22.5,22.5,1.0,0.012822565957021487,2.900584505281803,62.15252552486432,GT-0131,,True,ACCEPTED
2066.45,RADAR_A,RADAR_A-T3532,True,4,GT-0131,1336.4084901815977,20.59458771966649,5.729134099454979,22.5,22.5,1.0,0.010258052765617191,5.394751369032841,63.67920707276607,GT-0131,,True,ACCEPTED
2066.71,RADAR_B,RADAR_B-T2445,False,4,GT-0131,889.5704629279935,12.467575160833904,3.5881099626573567,22.5,22.5,1.0,0.008206442212493753,5.729134099454979,56.06453892270405,GT-0131,,True,ACCEPTED
2068.64,RADAR_A,RADAR_A-T3532,True,4,GT-0131,454.4314884386861,31.132448238826296,3.783486085486553,22.5,22.5,1.0,0.0065651537699950024,3.5881099626573567,59.34512113609236,GT-0131,,True,ACCEPTED
2071.4,RADAR_B,RADAR_B-T2445,True,4,GT-0131,302.22843072632315,16.840194678613933,0.4290718295507736,22.5,22.5,1.0,0.005252123015996002,3.783486085486553,60.85830208672436,GT-0131,,True,ACCEPTED
2073.03,RADAR_A,RADAR_A-T2956,False,4,GT-0131,787.6596383253233,23.80457278922714,2.332086677158973,22.5,22.5,1.0,0.004201698412796802,0.4290718295507736,61.60425637633987,GT-0131,,True,ACCEPTED
2075.12,RADAR_C,RADAR_C-T3573,True,4,GT-0131,1024.0746604040814,28.28504543803969,9.211675023102647,22.5,22.5,1.0,0.0033613587302374417,2.332086677158973,62.36066009026385,GT-0131,,True,ACCEPTED
2078.78,RADAR_A,RADAR_A-T7555,False,4,GT-0131,948.1346284752358,14.69566006628743,3.177078705936262,22.5,22.5,1.0,0.05621700403590073,9.211675023102647,59.96448985483236,GT-0131,,True,ACCEPTED
2080.82,RADAR_A,RADAR_A-T7555,True,4,GT-0131,436.0667232178136,11.834741007257293,0.7805311250019802,22.5,22.5,1.0,0.044973603228720585,3.177078705936262,58.44695666929183,GT-0131,,True,ACCEPTED
2082.11,RADAR_B,RADAR_B-T8161,False,4,GT-0131,459.17549288678777,37.87541224266201,25.116654145908246,22.5,22.5,1.0,0.03597888258297647,0.7805311250019802,75.82660981540214,,GT-0132,False,SOURCE_MAP_NOT_FOUND;MAHALANOBIS_GATE_FAIL;NEW_TRACK_CREATED
2085.32,RADAR_A,RADAR_A-T9689,False,5,GT-0131,472.55620091355104,34.58114903288583,3.4248173780883167,22.5,22.5,1.0,0.03597888258297647,0.7805311250019802,60.033103053446574,GT-0131,,True,ACCEPTED
2087.3,RADAR_B,RADAR_B-T8161,True,4,GT-0131,814.0123716780121,5.99934658412501,2.3262601306020936,22.5,22.5,1.0,0.028783106066381178,3.4248173780883167,55.7346287209109,GT-0131,,True,ACCEPTED
2090.4,RADAR_A,RADAR_A-T3433,False,4,GT-0131,491.45461909661464,16.66962006951586,0.742485743430692,22.5,22.5,1.0,0.023026484853104944,2.3262601306020936,63.15979694588253,GT-0131,,True,ACCEPTED
2091.24,RADAR_B,RADAR_B-T8161,True,4,GT-0131,553.5954569017182,71.07123485598854,10.53180327686719,22.5,22.5,1.0,0.018421187882483956,0.742485743430692,68.62582777103353,GT-0131,,True,ACCEPTED
2097.75,RADAR_C,RADAR_C-T1936,False,4,GT-0131,742.6334127689839,49.09730414861179,1.2383456143548242,22.5,22.5,1.0,0.09026700492044035,10.53180327686719,66.30045718205675,GT-0131,,True,ACCEPTED
2097.86,RADAR_A,RADAR_A-T6484,False,4,GT-0131,818.7734289617816,29.821423044227,3.3025007285416974,22.5,22.5,1.0,0.07221360393635227,1.2383456143548242,61.768172907883965,GT-0131,,True,ACCEPTED
2100.29,RADAR_A,RADAR_A-T6484,True,4,GT-0131,557.3831892888139,22.66130093598784,3.308698246788661,22.5,22.5,1.0,0.057770883149081825,3.3025007285416974,57.70401490130727,GT-0131,,True,ACCEPTED
2103.05,RADAR_B,RADAR_B-T3360,False,4,GT-0131,803.4089287822969,7.59473573749267,2.2554647800778027,22.5,22.5,1.0,0.04621670651926546,3.308698246788661,58.13187825491409,GT-0131,,True,ACCEPTED
2104.64,RADAR_A,RADAR_A-T6372,False,4,GT-0131,288.8230042976103,9.053288633413098,0.3336445897616247,22.5,22.5,1.0,0.03697336521541237,2.2554647800778027,58.95312284833319,GT-0131,,True,ACCEPTED
2107.38,RADAR_A,RADAR_A-T6372,True,4,GT-0131,246.8095489463796,6.798892634396346,0.20530049869862044,22.5,22.5,1.0,0.029578692172329897,0.3336445897616247,60.96882613528768,GT-0131,,True,ACCEPTED
2110.52,RADAR_A,RADAR_A-T6372,True,4,GT-0131,731.8023625193721,4.299289974136845,1.6643905342552754,22.5,22.5,1.0,0.02366295373786392,0.20530049869862044,58.378144217168355,GT-0131,,True,ACCEPTED
2114.71,RADAR_B,RADAR_B-T7731,False,4,GT-0131,388.6631985274937,10.72726549262809,0.8548273343029336,22.5,22.5,1.0,0.018930362990291136,1.6643905342552754,56.2237478358288,GT-0131,,True,ACCEPTED
2116.79,RADAR_A,RADAR_A-T8334,False,4,GT-0131,443.3858178417264,24.09421513635175,1.4598203919001058,22.5,22.5,1.0,0.01514429039223291,0.8548273343029336,58.99080008614277,GT-0131,,True,ACCEPTED
2119.05,RADAR_A,RADAR_A-T8334,True,4,GT-0131,725.6289343395299,13.993311690249488,1.8344929882513095,22.5,22.5,1.0,0.01211543231378633,1.4598203919001058,59.82972354257812,GT-0131,,True,ACCEPTED
2119.74,RADAR_B,RADAR_B-T7731,True,4,GT-0131,540.4655584187002,8.180787841268929,1.221041651793444,22.5,22.5,1.0,0.009692345851029065,1.8344929882513095,55.32374097175961,GT-0131,,True,ACCEPTED
2120.77,RADAR_A,RADAR_A-T8334,True,4,GT-0131,801.5101235649882,22.889591833985982,4.10965042090273,22.5,22.5,1.0,0.007753876680823252,1.221041651793444,59.07445556999658,GT-0131,,True,ACCEPTED
2124.05,RADAR_A,RADAR_A-T8334,True,4,GT-0131,740.51883381086,26.966566285727254,3.8327979847506284,22.5,22.5,1.0,0.006203101344658602,4.10965042090273,59.87532010359246,GT-0131,,True,ACCEPTED
2126.58,RADAR_A,RADAR_A-T8334,True,4,GT-0131,477.1612112229265,6.811624813660686,0.9053733169590442,22.5,22.5,1.0,0.004962481075726882,3.8327979847506284,55.43842191769362,GT-0131,,True,ACCEPTED
2127.75,RADAR_B,RADAR_B-T1654,False,4,GT-0131,771.2665895378464,10.310019209353499,2.599426827470903,22.5,22.5,1.0,0.0039699848605815055,0.9053733169590442,55.59387568787022,GT-0131,,True,ACCEPTED
2128.55,RADAR_A,RADAR_A-T8334,True,5,GT-0131,704.1081664746403,11.526176319639365,2.519539904685816,22.5,22.5,1.0,0.0031759878884652045,2.599426827470903,55.25751237637571,GT-0131,,True,ACCEPTED
2130.03,RADAR_C,RADAR_C-T8020,False,5,GT-0131,148.75750911474398,28.959966098296814,0.933216926903969,22.5,22.5,1.0,0.002540790310772164,2.519539904685816,60.067672798653845,GT-0131,,True,ACCEPTED
2131.24,RADAR_A,RADAR_A-T8334,True,5,GT-0131,734.7635560935812,16.33166016316161,1.7741358974498174,22.5,22.5,1.0,0.0020326322486177314,0.933216926903969,62.25528316644226,GT-0131,,True,ACCEPTED
2132.7,RADAR_B,RADAR_B-T1654,True,4,GT-0131,511.1162949273514,15.930885719991487,1.6092315116032874,22.5,22.5,1.0,0.0016261057988941853,1.7741358974498174,57.35600407754655,GT-0131,,True,ACCEPTED
2134.23,RADAR_A,RADAR_A-T8334,True,4,GT-0131,899.1836443817014,34.26564272355616,5.765499777891259,22.5,22.5,1.0,0.0013008846391153483,1.6092315116032874,61.43424533639067,GT-0131,,True,ACCEPTED
2136.21,RADAR_A,RADAR_A-T8334,True,4,GT-0131,207.1758038892189,6.322301558907587,0.2500004282605397,22.5,22.5,1.0,0.0010407077112922786,5.765499777891259,55.925495433124524,GT-0131,,True,ACCEPTED
2137.62,RADAR_C,RADAR_C-T8020,True,4,GT-0131,416.3007405205546,22.611158243658252,1.6943242615253307,22.5,22.5,1.0,0.0008325661690338229,0.2500004282605397,59.666970998705494,GT-0131,,True,ACCEPTED
2138.37,RADAR_B,RADAR_B-T1654,True,4,GT-0131,562.4606924613907,19.04392380226403,2.148484791052151,22.5,22.5,1.0,0.0006660529352270584,1.6943242615253307,57.06081671913002,GT-0131,,True,ACCEPTED
2141.07,RADAR_A,RADAR_A-T6633,False,4,GT-0131,80.83500166391671,19.32442766243667,0.29654556762966905,22.5,22.5,1.0,0.0005328423481816468,2.148484791052151,59.89190663097717,GT-0131,,True,ACCEPTED
2144.25,RADAR_A,RADAR_A-T6633,True,4,GT-0131,763.037977149797,13.274075693550458,1.886077375659834,22.5,22.5,1.0,0.00042627387854531746,0.29654556762966905,59.782507608336886,GT-0131,,True,ACCEPTED
2147.5,RADAR_C,RADAR_C-T8020,True,4,GT-0131,519.9052920834348,9.412332045632795,1.0716377818176597,22.5,22.5,1.0,0.00034101910283625397,1.886077375659834,56.729805197680314,GT-0131,,True,ACCEPTED
2148.01,RADAR_B,RADAR_B-T3337,False,4,GT-0131,705.2109543203455,33.22193844181044,5.27559877967323,22.5,22.5,1.0,0.0002728152822690032,1.0716377818176597,60.785678901306156,GT-0131,,True,ACCEPTED
2152.92,RADAR_A,RADAR_A-T9045,False,4,GT-0131,772.5291094730358,11.810909629928783,1.8852488990668854,22.5,22.5,1.0,0.00021825222581520255,5.27559877967323,59.62830794718615,GT-0131,,True,ACCEPTED
2153.34,RADAR_C,RADAR_C-T8020,True,4,GT-0131,1038.9309473979545,18.64938679484438,5.2481706252011655,22.5,22.5,1.0,0.00017460178065216206,1.8852488990668854,58.97885465428628,GT-0131,,True,ACCEPTED
2153.49,RADAR_B,RADAR_B-T3337,True,4,GT-0131,558.25754565515,6.836621010301581,1.4104748019132693,22.5,22.5,1.0,0.00013968142452172965,5.2481706252011655,54.25013824981752,GT-0131,,True,ACCEPTED
2154.87,RADAR_A,RADAR_A-T9045,True,4,GT-0131,464.586602202931,4.50357560091712,0.6755804714072843,22.5,22.5,1.0,0.00011174513961738373,1.4104748019132693,57.24534279099946,GT-0131,,True,ACCEPTED
2157.1,RADAR_A,RADAR_A-T9045,True,4,GT-0131,806.8686932474101,4.578047409023278,2.0521392042733195,22.5,22.5,1.0,8.9396111693907e-05,0.6755804714072843,63.73742753059835,GT-0131,,True,ACCEPTED
2158.77,RADAR_B,RADAR_B-T3337,True,4,GT-0131,707.8038867536212,15.557274790885977,2.450114502304342,22.5,22.5,1.0,7.151688935512559e-05,2.0521392042733195,57.079081608012736,GT-0131,,True,ACCEPTED
2159.23,RADAR_A,RADAR_A-T9045,True,4,GT-0131,570.0616352994288,16.809485704804665,11.95599962763746,22.5,22.5,1.0,5.721351148410048e-05,2.450114502304342,59.81304346588865,GT-0131,,True,ACCEPTED
2161.45,RADAR_A,RADAR_A-T9045,True,4,GT-0131,376.0322384497579,22.28556688665469,1.5641695953352661,22.5,22.5,1.0,0.09931243126981164,11.95599962763746,58.03748263326829,GT-0131,,True,ACCEPTED
2163.68,RADAR_B,RADAR_B-T3337,True,4,GT-0131,644.0308917514791,47.45449880139728,4.118646482972156,22.5,22.5,1.0,0.07944994501584932,1.5641695953352661,62.68665682251712,GT-0131,,True,ACCEPTED
2163.68,RADAR_A,RADAR_A-T9045,True,4,GT-0131,592.5025003547184,8.892640323975863,1.1975109385822973,22.5,22.5,1.0,0.07944994501584932,1.5641695953352661,59.10172693871376,,GT-0136,False,HUNGARIAN_NOT_SELECTED;NEW_TRACK_CREATED
2166.07,RADAR_A,RADAR_A-T9045,True,4,GT-0131,391.43278660071246,16.402944921090015,0.7552779267417411,22.5,22.5,1.0,0.06355995601267946,4.118646482972156,60.61078946628528,GT-0131,,True,ACCEPTED
2167.12,RADAR_B,RADAR_B-T3337,True,4,GT-0131,240.4994089038834,58.433212903248524,21.488896262523657,22.5,22.5,1.0,0.050847964810143566,0.7552779267417411,76.15491206643306,GT-0131,,True,ACCEPTED
2169.22,RADAR_A,RADAR_A-T9045,True,4,GT-0131,344.0441343413228,4.421297998650568,0.44648241110173237,22.5,22.5,1.0,0.24067837184811486,21.488896262523657,54.719833402432585,GT-0131,,True,ACCEPTED
2171.99,RADAR_B,RADAR_B-T3337,True,4,GT-0131,357.50801542227765,44.92153878970149,7.2378404480009175,22.5,22.5,1.0,0.1925426974784919,0.44648241110173237,63.69954060467535,GT-0131,,True,ACCEPTED
2172.4,RADAR_A,RADAR_A-T9045,True,4,GT-0131,385.5153429643672,12.691165772327322,1.0204835671435126,22.5,22.5,1.0,0.17466483211614214,7.2378404480009175,55.85486624784898,GT-0131,,True,ACCEPTED
2174.14,RADAR_B,RADAR_B-T3337,True,4,GT-0131,768.5556371531079,77.4986286697975,28.380391446855146,22.5,22.5,1.0,0.1397318656929137,1.0204835671435126,84.03680117186595,,GT-0137,False,MAHALANOBIS_GATE_FAIL;NEW_TRACK_CREATED
2175.06,RADAR_A,RADAR_A-T9045,True,5,GT-0131,269.71910781224284,17.961402175510784,1.598754511996151,22.5,22.5,1.0,0.1397318656929137,1.0204835671435126,56.213497516912454,GT-0131,,True,ACCEPTED
2177.24,RADAR_A,RADAR_A-T9045,True,5,GT-0131,675.9609931481045,11.324324215200406,1.6540120839102055,22.5,22.5,1.0,0.11178549255433097,1.598754511996151,57.683665442528294,GT-0131,,True,ACCEPTED
2183.5,RADAR_A,RADAR_A-T9778,False,4,GT-0131,1079.5724490159332,25.525423389172634,4.61102067626768,22.5,22.5,1.0,0.08942839404346478,1.6540120839102055,62.60069182739593,GT-0131,,True,ACCEPTED
2184.0,RADAR_B,RADAR_B-T8939,False,4,GT-0131,1598.4712119483784,67.0950624653538,25.308650947352827,22.5,22.5,1.0,0.07154271523477183,4.61102067626768,80.91665926348492,,GT-0138,False,SOURCE_MAP_NOT_FOUND;MAHALANOBIS_GATE_FAIL;NEW_TRACK_CREATED
2186.27,RADAR_A,RADAR_A-T9778,True,5,GT-0131,1369.8549145624643,27.59565939890379,7.460934801345503,22.5,22.5,1.0,0.07154271523477183,4.61102067626768,62.96784625669762,GT-0131,,True,ACCEPTED
2188.54,RADAR_B,RADAR_B-T8939,True,5,GT-0138,761.0730270279702,38.63842454986537,0.824641496558912,22.5,22.5,1.0,0.0,0.0,84.46235425217921,GT-0138,,True,ACCEPTED
2188.56,RADAR_A,RADAR_A-T9778,True,5,GT-0131,1434.906470223888,16.817177310801544,7.85449765084746,22.5,22.5,1.0,0.08158308554357585,7.460934801345503,61.26733367575014,GT-0131,,True,ACCEPTED
2192.63,RADAR_A,RADAR_A-T8983,False,4,GT-0131,1442.0962616155766,15.430354302429931,6.527796604861549,22.5,22.5,1.0,0.09617476261565168,7.85449765084746,64.49620836599404,GT-0131,,True,ACCEPTED
2193.91,RADAR_B,RADAR_B-T8939,True,4,GT-0131,1641.800825527743,30.076713797403475,12.334571070544245,22.5,22.5,1.0,0.08573642017354716,6.527796604861549,66.34978142659087,GT-0131,,True,ACCEPTED
2195.63,RADAR_A,RADAR_A-T8983,True,4,GT-0131,452.3661384662864,25.47808366613835,1.3280451986698685,22.5,22.5,1.0,0.17416532064790846,12.334571070544245,60.0816083104221,GT-0131,,True,ACCEPTED
2196.75,RADAR_C,RADAR_C-T6739,False,4,GT-0131,1487.4520416543464,22.82962988708366,4.8115172969857,22.5,22.5,1.0,0.13933225651832679,1.3280451986698685,64.2318891778602,GT-0131,,True,ACCEPTED
2197.74,RADAR_A,RADAR_A-T8983,True,4,GT-0131,763.4367116983193,10.085995183700408,1.8039341811507403,22.5,22.5,1.0,0.11146580521466143,4.8115172969857,61.20828367814441,GT-0131,,True,ACCEPTED
2202.48,RADAR_A,RADAR_A-T2049,False,4,GT-0131,899.9968588040365,28.22896514820066,3.2370936927812943,22.5,22.5,1.0,0.08917264417172915,1.8039341811507403,61.13304260675925,GT-0131,,True,ACCEPTED
2205.2,RADAR_A,RADAR_A-T2049,True,4,GT-0131,1080.483558461232,7.063307433213447,3.6932845380774877,22.5,22.5,1.0,0.07133811533738332,3.2370936927812943,58.23200229655633,GT-0131,,True,ACCEPTED
2208.3,RADAR_A,RADAR_A-T2049,True,4,GT-0131,1670.8498324862094,12.755301250888596,8.95425897541122,22.5,22.5,1.0,0.05707049226990666,3.6932845380774877,64.37168981275907,GT-0131,,True,ACCEPTED
2211.28,RADAR_A,RADAR_A-T2049,True,4,GT-0131,1972.6312629421611,24.757153418229507,12.592983687294995,22.5,22.5,1.0,0.09489404340611232,8.95425897541122,68.14743924007429,GT-0131,,True,ACCEPTED
2213.36,RADAR_A,RADAR_A-T2049,True,4,GT-0131,2004.2353139430882,27.7745063099604,13.32234024532295,22.5,22.5,1.0,0.18579829617980645,12.592983687294995,69.02802083237748,GT-0131,,True,ACCEPTED
2214.27,RADAR_C,RADAR_C-T1372,False,4,GT-0131,3476.5142894325268,37.20806173264146,21.099131640994017,22.5,22.5,1.0,0.270677641032561,13.32234024532295,78.86575509786161,GT-0131,,True,ACCEPTED
2215.6,RADAR_A,RADAR_A-T2049,True,4,GT-0131,2426.8131660229465,16.686902967830196,18.119483522527137,22.5,22.5,1.0,0.4165421128260488,21.099131640994017,73.78108585733197,GT-0131,,True,ACCEPTED
2216.7,RADAR_B,RADAR_B-T1780,False,4,GT-0131,3193.2100248677857,15.697898031008128,25.086190129817407,22.5,22.5,1.0,0.533233690260839,18.119483522527137,80.41788941147352,,GT-0140,False,SOURCE_MAP_NOT_FOUND;MAHALANOBIS_GATE_FAIL;NEW_TRACK_CREATED
2218.33,RADAR_A,RADAR_A-T2049,True,5,GT-0140,1796.017319713134,15.49790651404254,7.468768749516473,22.5,22.5,1.0,0.0,0.0,83.88738628778526,GT-0140,,True,ACCEPTED
2220.52,RADAR_A,RADAR_A-T2049,True,5,GT-0140,1306.7054717494232,23.106360031306323,5.0070388637778445,22.5,22.5,1.0,0.02447947915860788,7.468768749516473,68.65001979460943,GT-0140,,True,ACCEPTED
2222.92,RADAR_A,RADAR_A-T2049,True,5,GT-0140,1319.6814935985724,8.79683874625206,4.993643244697439,22.5,22.5,1.0,0.019583583326886304,5.0070388637778445,61.574991027264765,GT-0140,,True,ACCEPTED
2225.56,RADAR_A,RADAR_A-T2049,True,5,GT-0140,662.0145365037351,16.977491617330983,1.8238182626947865,22.5,22.5,1.0,0.015666866661509044,4.993643244697439,58.64972846233999,GT-0140,,True,ACCEPTED
2228.3,RADAR_A,RADAR_A-T2049,True,5,GT-0140,1444.0520177262447,19.26247344168436,6.47242153107864,22.5,22.5,1.0,0.012533493329207236,1.8238182626947865,63.163754717831054,GT-0140,,True,ACCEPTED
2228.64,RADAR_C,RADAR_C-T1372,True,5,GT-0131,3845.1048905993266,56.34056878009038,18.082299822251287,22.5,22.5,1.0,0.533233690260839,18.119483522527137,83.8247912716931,GT-0131,,True,ACCEPTED
2230.72,RADAR_B,RADAR_B-T4446,False,5,GT-0140,1433.3080832814055,58.471531039066974,16.21005141100314,22.5,22.5,1.0,0.017900486848009795,6.47242153107864,72.16051851491612,GT-0140,,True,ACCEPTED
2231.02,RADAR_A,RADAR_A-T2049,True,5,GT-0140,1322.305289289419,10.03396112175301,5.277355051577599,22.5,22.5,1.0,0.18448791299512682,16.21005141100314,59.77994819733877,GT-0140,,True,ACCEPTED
2233.66,RADAR_A,RADAR_A-T2049,True,5,GT-0140,413.8709881726829,7.123808369693591,0.5335819803223998,22.5,22.5,1.0,0.14759033039610145,5.277355051577599,59.09735086903344,GT-0140,,True,ACCEPTED
2235.74,RADAR_A,RADAR_A-T2049,True,5,GT-0140,780.8601690475219,12.368107675392563,1.9878863402354765,22.5,22.5,1.0,0.11807226431688117,0.5335819803223998,59.97446853212532,GT-0140,,True,ACCEPTED
2238.38,RADAR_A,RADAR_A-T2049,True,5,GT-0140,1352.4356673728162,11.773416209797722,5.426729788608059,22.5,22.5,1.0,0.09445781145350494,1.9878863402354765,59.82080788759163,GT-0140,,True,ACCEPTED
2240.92,RADAR_A,RADAR_A-T2049,True,5,GT-0140,1761.211441708307,7.782175208588226,8.85380346677747,22.5,22.5,1.0,0.07556624916280397,5.426729788608059,64.26367641307192,GT-0140,,True,ACCEPTED
2242.93,RADAR_A,RADAR_A-T2049,True,5,GT-0140,2052.3681785373824,20.506161944039075,15.485223395407818,22.5,22.5,1.0,0.108016390443201,8.85380346677747,67.82386927014169,GT-0140,,True,ACCEPTED
2246.83,RADAR_B,RADAR_B-T8328,False,5,GT-0140,2316.2275763294174,9.625402795682017,16.792249924851415,22.5,22.5,1.0,0.24450016894469112,15.485223395407818,72.31284003891888,GT-0140,,True,ACCEPTED
2247.59,RADAR_A,RADAR_A-T5534,False,5,GT-0140,821.4914554202621,9.914838019015862,2.474642175186134,22.5,22.5,1.0,0.3754709672366099,16.792249924851415,56.82215854127497,GT-0140,,True,ACCEPTED
2250.15,RADAR_A,RADAR_A-T5534,True,5,GT-0140,1172.1465689289903,19.51084845092924,4.052345627005454,22.5,22.5,1.0,0.30037677378928795,2.474642175186134,67.0336887058829,GT-0140,,True,ACCEPTED
2250.6,RADAR_B,RADAR_B-T8328,True,4,GT-0140,1880.1530873874844,24.571498265968117,8.483388200820265,22.5,22.5,1.0,0.24030141903143037,4.052345627005454,65.89674063871647,GT-0140,,True,ACCEPTED
2252.21,RADAR_A,RADAR_A-T5534,True,4,GT-0140,906.048644119652,11.95510333330822,2.614935451585395,22.5,22.5,1.0,0.23363093857214873,8.483388200820265,60.39871863896832,GT-0140,,True,ACCEPTED
2255.57,RADAR_B,RADAR_B-T8328,True,4,GT-0140,1481.91047876888,28.065199055815576,9.351844955517567,22.5,22.5,1.0,0.186904750857719,2.614935451585395,65.49285380865513,GT-0140,,True,ACCEPTED
2257.42,RADAR_A,RADAR_A-T5960,False,4,GT-0140,1999.7350391901282,10.21707950439857,12.247247993625905,22.5,22.5,1.0,0.20538788327813465,9.351844955517567,66.81707277792967,GT-0140,,True,ACCEPTED
2264.09,RADAR_A,RADAR_A-T9664,False,4,GT-0140,2569.8931405051294,11.588309189141608,18.73059081071408,22.5,22.5,1.0,0.26843110651627283,12.247247993625905,78.23451637086032,GT-0140,,True,ACCEPTED
2266.92,RADAR_A,RADAR_A-T9664,True,4,GT-0140,2747.794538856384,74.63961446063428,41.824922290992504,22.5,22.5,1.0,0.4147448852130183,18.73059081071408,96.85255319564399,,GT-0143,False,MAHALANOBIS_GATE_FAIL;NEW_TRACK_CREATED
2269.5,RADAR_A,RADAR_A-T9664,True,5,GT-0143,730.5625520083158,59.466720857606084,1.6512551596826037,22.5,22.5,1.0,0.0,0.0,80.38809030448876,GT-0143,,True,ACCEPTED
2272.51,RADAR_B,RADAR_B-T7689,False,5,GT-0143,654.2882545852808,69.29968143425906,6.882814156456,22.5,22.5,1.0,0.0,1.6512551596826037,65.1544844358551,GT-0143,,True,ACCEPTED
2273.76,RADAR_A,RADAR_A-T5464,False,5,GT-0143,1105.5927181810625,19.67240193597971,4.3434416950752555,22.5,22.5,1.0,0.014713569274266668,6.882814156456,61.44412520310426,GT-0143,,True,ACCEPTED
2276.64,RADAR_A,RADAR_A-T5464,True,5,GT-0143,794.9677934177963,9.137014815230323,2.0232635381716575,22.5,22.5,1.0,0.011770855419413334,4.3434416950752555,63.72313566147885,GT-0143,,True,ACCEPTED
2277.78,RADAR_B,RADAR_B-T7689,True,5,GT-0143,1121.9855824985796,12.381735284826288,5.018890834630221,22.5,22.5,1.0,0.009416684335530667,2.0232635381716575,58.39906435946268,GT-0143,,True,ACCEPTED
2279.4,RADAR_A,RADAR_A-T5464,True,5,GT-0143,199.8788329470223,30.909723852832883,4.3594029084110755,22.5,22.5,1.0,0.0075333474684245345,5.018890834630221,58.74602839656362,GT-0143,,True,ACCEPTED
2280.99,RADAR_C,RADAR_C-T4986,False,5,GT-0143,602.0016472093382,28.15819167993582,1.5710315615240504,22.5,22.5,1.0,0.006026677974739628,4.3594029084110755,61.495785375537935,GT-0143,,True,ACCEPTED
2284.04,RADAR_B,RADAR_B-T7689,True,5,GT-0143,1791.0424327030917,28.743826455730662,6.39529183184861,22.5,22.5,1.0,0.004821342379791703,1.5710315615240504,70.0082886052493,GT-0143,,True,ACCEPTED
2287.82,RADAR_A,RADAR_A-T8974,False,5,GT-0143,875.279614357178,47.58443452382469,4.23774648765513,22.5,22.5,1.0,0.010445271101310192,6.39529183184861,65.56011883335725,GT-0143,,True,ACCEPTED
2289.31,RADAR_B,RADAR_B-T7689,True,4,GT-0143,1053.5747594604763,13.141597876345516,3.9217094731965827,22.5,22.5,1.0,0.008356216881048154,4.23774648765513,57.79693317349926,GT-0143,,True,ACCEPTED
2290.48,RADAR_A,RADAR_A-T8974,True,4,GT-0143,1319.4654217121451,28.879730278107846,7.804867566563834,22.5,22.5,1.0,0.006684973504838524,3.9217094731965827,62.581147542147605,GT-0143,,True,ACCEPTED
2292.61,RADAR_A,RADAR_A-T8974,True,4,GT-0143,1187.8349863943695,23.086064196662655,6.084694249398736,22.5,22.5,1.0,0.035429104913268054,7.804867566563834,61.23964556999753,GT-0143,,True,ACCEPTED
2294.95,RADAR_B,RADAR_B-T7689,True,4,GT-0143,1438.667618929354,26.910605036837236,9.732975298820833,22.5,22.5,1.0,0.029754854753926713,6.084694249398736,63.78610837282243,GT-0143,,True,ACCEPTED
2297.24,RADAR_C,RADAR_C-T4986,True,4,GT-0143,1854.4803344295658,26.066977473199717,5.996459291824196,22.5,22.5,1.0,0.08602013878348858,9.732975298820833,65.33174408096714,GT-0143,,True,ACCEPTED
2300.48,RADAR_B,RADAR_B-T7689,True,4,GT-0143,2396.2407284403366,29.926264295528927,16.795624235107507,22.5,22.5,1.0,0.06881611102679086,5.996459291824196,76.33757088228506,GT-0143,,True,ACCEPTED
2301.19,RADAR_A,RADAR_A-T6005,False,4,GT-0143,1733.151922618021,15.784186823333966,9.627637374461257,22.5,22.5,1.0,0.23497995940655783,16.795624235107507,64.74023594224501,GT-0143,,True,ACCEPTED
2303.01,RADAR_A,RADAR_A-T6005,True,4,GT-0143,1988.450309812266,10.53240790349893,11.748852586852895,22.5,22.5,1.0,0.24844459043293388,9.627637374461257,65.93035151889451,GT-0143,,True,ACCEPTED
2305.49,RADAR_A,RADAR_A-T6005,True,4,GT-0143,1867.1882515742893,18.298163025723834,12.105081756544047,22.5,22.5,1.0,0.2945698821272287,11.748852586852895,65.20245044596709,GT-0143,,True,ACCEPTED
2305.74,RADAR_B,RADAR_B-T7689,True,4,GT-0143,2218.2058508453765,18.17218777260349,15.350218405782204,22.5,22.5,1.0,0.33740726831085044,12.105081756544047,69.12490179974506,GT-0143,,True,ACCEPTED
2307.76,RADAR_A,RADAR_A-T6005,True,4,GT-0143,2147.9579261515996,11.913092914914355,13.770877597793046,22.5,22.5,1.0,0.42576278807838375,15.350218405782204,69.70589559030398,GT-0143,,True,ACCEPTED
2307.97,RADAR_C,RADAR_C-T4986,True,4,GT-0143,2836.459918751485,4.61840198175627,17.786739092668952,22.5,22.5,1.0,0.4701248570925911,13.770877597793046,70.19371786413103,GT-0143,,True,ACCEPTED
2310.6,RADAR_A,RADAR_A-T6005,True,4,GT-0143,2351.758886899593,3.8469109623528066,16.124167915963383,22.5,22.5,1.0,0.5725455372185555,17.786739092668952,69.69680465079779,GT-0143,,True,ACCEPTED
2311.3,RADAR_B,RADAR_B-T7689,True,4,GT-0143,2550.147344921316,11.922230996865723,23.101047360292203,22.5,33.781906110736216,1.0,0.6267725617075675,16.124167915963383,73.196048858537,GT-0143,,True,ACCEPTED
2315.57,RADAR_B,RADAR_B-T7689,True,4,GT-0143,786.9579784213554,41.15411717219046,1.7079666795202835,22.5,35.12552488858897,1.8,0.701418049366054,23.101047360292203,66.64345940480304,GT-0143,,True,ACCEPTED
2317.75,RADAR_A,RADAR_A-T7388,False,4,GT-0143,738.148103796385,25.20897072415012,1.8699980349416536,22.5,22.5,1.8,0.5611344394928433,1.7079666795202835,62.23247736573705,GT-0143,,True,ACCEPTED
2320.31,RADAR_B,RADAR_B-T7689,True,4,GT-0143,1434.7465342636622,20.49236106722273,5.902959442981633,22.5,22.5,1.8,0.44890755159427465,1.8699980349416536,62.837419317913906,GT-0143,,True,ACCEPTED
2322.17,RADAR_C,RADAR_C-T9265,False,4,GT-0143,1357.7880265710044,98.71213688034409,12.214720843907147,22.5,22.5,1.8,0.35912604127541975,5.902959442981633,74.33830638928292,GT-0143,,True,ACCEPTED
2323.13,RADAR_A,RADAR_A-T4304,False,4,GT-0143,873.6424980693655,15.57157556377455,2.271524164662715,22.5,22.5,1.8,0.3908795137521216,12.214720843907147,61.18495538736993,GT-0143,,True,ACCEPTED
2324.2,RADAR_B,RADAR_B-T7689,True,4,GT-0143,682.3813815314852,25.063874753444676,6.73001816172764,22.5,22.5,1.8,0.3127036110016973,2.271524164662715,59.038659528051056,GT-0143,,True,ACCEPTED
2325.66,RADAR_A,RADAR_A-T4304,True,4,GT-0143,596.0247449705089,36.396364441334605,2.8231498027158377,22.5,22.5,1.8,0.2623298581634852,6.73001816172764,60.8049190362059,GT-0143,,True,ACCEPTED
2327.96,RADAR_A,RADAR_A-T4304,True,4,GT-0143,394.66441752492995,15.305980112541054,0.5585333761058621,22.5,22.5,1.8,0.20986388653078816,2.8231498027158377,61.15468348617412,GT-0143,,True,ACCEPTED
2328.1,RADAR_B,RADAR_B-T7689,True,4,GT-0143,866.6556239168161,19.093180955284733,3.858169572183377,22.5,22.5,1.62,0.16789110922463055,0.5585333761058621,58.662955798145035,GT-0143,,True,ACCEPTED
2330.49,RADAR_A,RADAR_A-T4304,True,4,GT-0143,832.9552532138792,27.417316338280305,3.516468593658448,22.5,22.5,1.4580000000000002,0.13431288737970445,3.858169572183377,60.900011487361844,GT-0143,,True,ACCEPTED
2332.06,RADAR_C,RADAR_C-T9265,True,4,GT-0143,433.73774586192894,13.078506427312258,1.3085333498436529,22.5,22.5,1.3122000000000003,0.10745030990376357,3.516468593658448,56.12537291822567,GT-0143,,True,ACCEPTED
2332.54,RADAR_B,RADAR_B-T7689,True,4,GT-0143,949.9110701557208,9.107635861659892,3.1137916693972736,22.5,22.5,1.1809800000000004,0.08596024792301087,1.3085333498436529,57.77052691106595,GT-0143,,True,ACCEPTED
2333.08,RADAR_A,RADAR_A-T4304,True,4,GT-0143,1083.6315822361216,12.2868345831477,4.417134462974978,22.5,22.5,1.0628820000000003,0.06876819833840869,3.1137916693972736,58.02703238655851,GT-0143,,True,ACCEPTED
2335.16,RADAR_B,RADAR_B-T7689,True,4,GT-0143,1229.6533205204403,20.09924055437192,4.621837183226881,22.5,22.5,1.0,0.05501455867072696,4.417134462974978,61.288164780461074,GT-0143,,True,ACCEPTED
2335.66,RADAR_A,RADAR_A-T4304,True,4,GT-0143,1038.2517441233272,19.16575876749355,4.324371902445291,22.5,22.5,1.0,0.04401164693658157,4.621837183226881,60.59607089684441,GT-0143,,True,ACCEPTED
2341.33,RADAR_B,RADAR_B-T7689,True,4,GT-0143,901.3626363111831,53.56541661932471,5.568453637787387,22.5,22.5,1.0,0.035209317549265255,4.324371902445291,65.03334361861009,GT-0143,,True,ACCEPTED
2344.79,RADAR_A,RADAR_A-T8125,False,4,GT-0143,1610.9473524781067,18.021837570201416,8.134507564783076,22.5,22.5,1.0,0.028167454039412204,5.568453637787387,68.489121623944,GT-0143,,True,ACCEPTED
2348.23,RADAR_B,RADAR_B-T7689,True,4,GT-0143,1682.3533889219036,9.441462246152843,9.548420462977905,22.5,22.5,1.0,0.058109089311247704,8.134507564783076,63.9688046343323,GT-0143,,True,ACCEPTED
2351.04,RADAR_A,RADAR_A-T7095,False,4,GT-0143,245.44191809834612,25.542167796323344,0.4938817865582669,22.5,22.5,1.0,0.10562761249862992,9.548420462977905,61.9283359131555,GT-0143,,True,ACCEPTED
2351.5,RADAR_B,RADAR_B-T7689,True,4,GT-0143,843.3804687623024,21.92163407623769,3.9733444953481127,22.5,22.5,1.0,0.08450208999890395,0.4938817865582669,58.96363730110658,GT-0143,,True,ACCEPTED
2354.47,RADAR_C,RADAR_C-T3777,False,4,GT-0143,742.6596048465091,23.67243067975291,2.1099610287815205,22.5,22.5,1.0,0.06760167199912316,3.9733444953481127,61.051828355170954,GT-0143,,True,ACCEPTED
2355.67,RADAR_A,RADAR_A-T3909,False,4,GT-0143,488.4659183286757,31.777601132585914,2.1646571510737767,22.5,22.5,1.0,0.054081337599298535,2.1099610287815205,60.35374987549157,GT-0143,,True,ACCEPTED
2356.72,RADAR_B,RADAR_B-T7689,True,4,GT-0143,420.2859337739622,12.732835591821736,1.7932085633254924,22.5,22.5,1.0,0.04326507007943883,2.1646571510737767,54.661681967742894,GT-0143,,True,ACCEPTED
2357.48,RADAR_A,RADAR_A-T3909,True,4,GT-0143,495.7522401695089,7.813335350907872,1.18796363076139,22.5,22.5,1.0,0.03461205606355107,1.7932085633254924,54.354992610413426,GT-0143,,True,ACCEPTED
2360.13,RADAR_A,RADAR_A-T3909,True,4,GT-0143,941.7177074845221,14.15572304768592,3.5046595924151114,22.5,22.5,1.0,0.027689644850840855,1.18796363076139,57.564040403544745,GT-0143,,True,ACCEPTED
2360.84,RADAR_B,RADAR_B-T7689,True,4,GT-0143,1291.7098132401218,11.493149880057295,6.617754487907962,22.5,22.5,1.0,0.022151715880672686,3.5046595924151114,59.490230221255594,GT-0143,,True,ACCEPTED
2361.83,RADAR_A,RADAR_A-T3909,True,4,GT-0143,743.4095505001444,11.831624080120791,2.337636144453672,22.5,22.5,1.0,0.02801728083633751,6.617754487907962,56.47822268354098,GT-0143,,True,ACCEPTED
2364.38,RADAR_A,RADAR_A-T3909,True,4,GT-0143,546.0646017035242,13.600857405665895,1.0026797345401384,22.5,22.5,1.0,0.02241382466907001,2.337636144453672,62.50431139625212,GT-0143,,True,ACCEPTED
2365.56,RADAR_B,RADAR_B-T7689,True,4,GT-0143,404.71999801086184,19.970820445211544,1.0940834109199415,22.5,22.5,1.0,0.017931059735256008,1.0026797345401384,59.25203810881728,GT-0143,,True,ACCEPTED
2367.19,RADAR_A,RADAR_A-T3909,True,4,GT-0143,251.55351353387456,14.016441354186249,0.49014496340543096,22.5,22.5,1.0,0.014344847788204808,1.0940834109199415,58.73511492692949,GT-0143,,True,ACCEPTED
2369.27,RADAR_A,RADAR_A-T3909,True,4,GT-0143,305.7891551837794,7.347426727673787,0.5874023811268022,22.5,22.5,1.0,0.011475878230563848,0.49014496340543096,53.994869416302,GT-0143,,True,ACCEPTED
2371.86,RADAR_B,RADAR_B-T7689,True,4,GT-0143,440.58268325497164,33.239806201910156,4.4388290993583235,22.5,22.5,1.0,0.009180702584451078,0.5874023811268022,59.79226397285025,GT-0143,,True,ACCEPTED
2373.88,RADAR_A,RADAR_A-T3350,False,4,GT-0143,495.61501425421744,10.645721862945994,0.9264196537256347,22.5,22.5,1.0,0.007344562067560863,4.4388290993583235,57.82342266709653,GT-0143,,True,ACCEPTED
2376.02,RADAR_A,RADAR_A-T3350,True,5,GT-0143,169.53146988552913,15.669842772531982,1.4010682735273121,22.5,22.5,1.0,0.00587564965404869,0.9264196537256347,55.24828059841893,GT-0143,,True,ACCEPTED
2376.38,RADAR_C,RADAR_C-T7242,False,5,GT-0143,1011.6448589433404,33.22414165316265,7.934390605970344,22.5,22.5,1.0,0.0047005197232389525,1.4010682735273121,63.12941397657182,GT-0143,,True,ACCEPTED
2381.45,RADAR_B,RADAR_B-T2926,False,4,GT-0143,521.3686270919584,16.614345685314326,1.2756407818599695,22.5,22.5,1.0,0.03600025921143022,7.934390605970344,58.87282008087376,GT-0143,,True,ACCEPTED
2381.8,RADAR_A,RADAR_A-T2477,False,4,GT-0143,676.206749235608,16.54402486238593,7.660976252344559,22.5,22.5,1.0,0.02880020736914418,1.2756407818599695,57.03889073576395,GT-0143,,True,ACCEPTED
2385.69,RADAR_B,RADAR_B-T2926,True,4,GT-0143,1049.6276754469814,23.76986447099419,2.7555534224552782,22.5,22.5,1.0,0.050723103434391334,7.660976252344559,66.8201800374164,GT-0143,,True,ACCEPTED
2388.63,RADAR_C,RADAR_C-T7242,True,4,GT-0143,1463.269233028854,47.75731673857435,2.759050575467077,22.5,22.5,1.0,0.04057848274751307,2.7555534224552782,67.45693672916833,GT-0143,,True,ACCEPTED
2395.76,RADAR_B,RADAR_B-T4826,False,4,GT-0143,313.2207331720437,44.67706521299561,1.0144757948556307,22.5,22.5,1.0,0.032462786198010456,2.759050575467077,65.55903589892684,GT-0143,,True,ACCEPTED
2400.09,RADAR_B,RADAR_B-T4826,True,4,GT-0143,209.79753424995232,43.12305811679567,2.3586039480222167,22.5,22.5,1.0,0.025970228958408365,1.0144757948556307,60.62186341724886,GT-0143,,True,ACCEPTED
2400.51,RADAR_A,RADAR_A-T1371,False,4,GT-0143,219.88631228121935,7.880979372033471,0.7748491345078814,22.5,22.5,1.0,0.02077618316672669,2.3586039480222167,52.83086118565865,GT-0143,,True,ACCEPTED
2403.19,RADAR_A,RADAR_A-T1371,True,4,GT-0143,805.381827812992,32.872323541566296,5.86985636734211,22.5,22.5,1.0,0.016620946533381354,0.7748491345078814,61.23023164335304,GT-0143,,True,ACCEPTED
2405.61,RADAR_A,RADAR_A-T1371,True,4,GT-0143,632.6211699905609,8.901312244148075,1.3977513221202877,22.5,22.5,1.0,0.013296757226705085,5.86985636734211,57.56668975152459,GT-0143,,True,ACCEPTED
2405.87,RADAR_B,RADAR_B-T4826,True,4,GT-0143,474.65198948391384,24.224601377780594,5.132604649034647,22.5,22.5,1.0,0.010637405781364068,1.3977513221202877,57.80448695152313,GT-0143,,True,ACCEPTED
2407.42,RADAR_A,RADAR_A-T1371,True,4,GT-0143,383.589459442847,11.249263275680775,0.6270538540749362,22.5,22.5,1.0,0.008509924625091255,5.132604649034647,58.72464346412393,GT-0143,,True,ACCEPTED
2409.39,RADAR_A,RADAR_A-T1371,True,4,GT-0143,540.1688097000343,14.123826133081732,1.0794024456591955,22.5,22.5,1.0,0.006807939700073005,0.6270538540749362,59.473352408364164,GT-0143,,True,ACCEPTED
2411.56,RADAR_B,RADAR_B-T4826,True,4,GT-0143,299.24193477286474,36.45338806072898,2.963357033270614,22.5,22.5,1.0,0.005446351760058404,1.0794024456591955,60.32967133410615,GT-0143,,True,ACCEPTED
2411.72,RADAR_A,RADAR_A-T1371,True,4,GT-0143,445.68923639717286,21.253994560064335,1.4553065360938788,22.5,22.5,1.0,0.004357081408046723,2.963357033270614,58.230641809618334,GT-0143,,True,ACCEPTED
2414.33,RADAR_A,RADAR_A-T1371,True,4,GT-0143,339.85011435807564,6.5481503317834395,0.4115180414003651,22.5,22.5,1.0,0.0034856651264373786,1.4553065360938788,56.75501126417443,GT-0143,,True,ACCEPTED
2415.26,RADAR_C,RADAR_C-T4119,False,4,GT-0143,627.8974705575012,38.32956553055454,7.437121664046095,22.5,22.5,1.0,0.002788532101149903,0.4115180414003651,62.52909505192584,GT-0143,,True,ACCEPTED
2416.96,RADAR_A,RADAR_A-T1371,True,5,GT-0143,419.32024175498464,6.725243470981715,0.6214435718321635,22.5,22.5,1.0,0.026182853415021506,7.437121664046095,56.02784626221896,GT-0143,,True,ACCEPTED
2419.71,RADAR_A,RADAR_A-T1371,True,5,GT-0143,296.1519317274759,11.286620313857037,0.7508277364471476,22.5,22.5,1.0,0.020946282732017207,0.6214435718321635,55.24711364386279,GT-0143,,True,ACCEPTED
2420.57,RADAR_B,RADAR_B-T7892,False,5,GT-0143,634.7126076455392,26.586947647194954,8.270063900967882,22.5,22.5,1.0,0.016757026185613765,0.7508277364471476,59.87597337208085,GT-0143,,True,ACCEPTED
2422.52,RADAR_A,RADAR_A-T1371,True,5,GT-0143,844.4609757787022,33.33024513633078,3.4356656898998525,22.5,22.5,1.0,0.05124001929795571,8.270063900967882,61.70513306107728,GT-0143,,True,ACCEPTED
2423.71,RADAR_B,RADAR_B-T7892,True,4,GT-0143,185.10959510365507,23.620472992597488,1.3741084232719487,22.5,22.5,1.0,0.040992015438364574,3.4356656898998525,57.58531759638695,GT-0143,,True,ACCEPTED
2425.45,RADAR_A,RADAR_A-T1371,True,4,GT-0143,240.7927924517636,4.982267303596171,0.21498178708244434,22.5,22.5,1.0,0.03279361235069166,1.3741084232719487,57.5565595075005,GT-0143,,True,ACCEPTED
2426.99,RADAR_C,RADAR_C-T4119,True,4,GT-0143,591.4526680043595,25.517820562042623,3.806283340625777,22.5,22.5,1.0,0.026234889880553332,0.21498178708244434,58.82728745782701,GT-0143,,True,ACCEPTED
2427.01,RADAR_A,RADAR_A-T1371,True,4,GT-0143,404.9335004738789,11.029579517427464,1.202832046170934,22.5,22.5,1.0,0.020987911904442668,3.806283340625777,54.73653799353167,GT-0143,,True,ACCEPTED
2428.65,RADAR_A,RADAR_A-T1371,True,4,GT-0143,521.1719606620549,7.951119024407034,1.2002112947237802,22.5,22.5,1.0,0.016790329523554134,1.202832046170934,54.30108382936195,GT-0143,,True,ACCEPTED
2434.43,RADAR_C,RADAR_C-T4119,True,4,GT-0143,512.618036030968,28.952528362267756,1.7576077006583288,22.5,22.5,1.0,0.013432263618843308,1.2002112947237802,60.35489905963488,GT-0143,,True,ACCEPTED
2436.23,RADAR_A,RADAR_A-T2531,False,4,GT-0143,240.51923745671317,12.004583703772141,0.44411510741917287,22.5,22.5,1.0,0.010745810895074648,1.7576077006583288,58.37875515974908,GT-0143,,True,ACCEPTED
2437.73,RADAR_A,RADAR_A-T2531,True,4,GT-0143,895.6192688706551,7.500546850687198,2.777978986443157,22.5,22.5,1.0,0.008596648716059719,0.44411510741917287,56.5708765183616,GT-0143,,True,ACCEPTED
2439.44,RADAR_A,RADAR_A-T2531,True,4,GT-0143,958.1727499212859,19.406224700863685,4.453980597251233,22.5,22.5,1.0,0.006877318972847775,2.777978986443157,59.040687225515065,GT-0143,,True,ACCEPTED
2442.46,RADAR_A,RADAR_A-T2531,True,4,GT-0143,970.9777218569798,6.198043693498662,2.9818720819827864,22.5,22.5,1.0,0.00550185517827822,4.453980597251233,58.232139430003386,GT-0143,,True,ACCEPTED
2443.62,RADAR_C,RADAR_C-T4119,True,4,GT-0143,1178.861999284596,35.67652683647884,11.879359351457062,22.5,22.5,1.0,0.004401484142622577,2.9818720819827864,65.77292667748824,GT-0143,,True,ACCEPTED
2444.17,RADAR_A,RADAR_A-T2531,True,4,GT-0143,1087.5286212112856,15.187067968043294,4.966679547897701,22.5,22.5,1.0,0.10151050983838243,11.879359351457062,58.05281650718468,GT-0143,,True,ACCEPTED
2444.17,RADAR_B,RADAR_B-T5978,False,4,GT-0143,1041.424547982435,30.161281007694768,9.642594108397704,22.5,22.5,1.0,0.10151050983838243,11.879359351457062,62.60510267173837,,GT-0148,False,SOURCE_MAP_NOT_FOUND;HUNGARIAN_NOT_SELECTED;NEW_TRACK_CREATED
2445.82,RADAR_A,RADAR_A-T2531,True,4,GT-0143,927.8725181632536,7.69523197270358,2.8017347493201807,22.5,22.5,1.0,0.08120840787070595,4.966679547897701,57.72919474335193,GT-0143,,True,ACCEPTED
2452.1,RADAR_A,RADAR_A-T8940,False,4,GT-0143,917.2308649535814,28.3745020462849,2.940622308369108,22.5,22.5,1.0,0.06496672629656476,2.8017347493201807,61.77207978250119,GT-0143,,True,ACCEPTED
2455.23,RADAR_B,RADAR_B-T4898,False,4,GT-0143,945.9625112190748,14.737973551411864,2.495321362869472,22.5,22.5,1.0,0.05197338103725181,2.940622308369108,58.853463056805225,GT-0143,,True,ACCEPTED
2459.24,RADAR_B,RADAR_B-T4898,True,4,GT-0143,1091.935568727889,18.278077121555,4.6217710232887645,22.5,22.5,1.0,0.04157870482980145,2.495321362869472,62.83236524946336,GT-0143,,True,ACCEPTED
2460.22,RADAR_A,RADAR_A-T1837,False,4,GT-0143,600.7056506754785,14.43871121174988,1.7323787597047555,22.5,22.5,1.0,0.033262963863841165,4.6217710232887645,57.372245484200846,GT-0143,,True,ACCEPTED
2464.41,RADAR_C,RADAR_C-T2677,False,4,GT-0143,390.405568446646,36.1135240862166,0.8447636242605485,22.5,22.5,1.0,0.026610371091072935,1.7323787597047555,64.56076649448255,GT-0143,,True,ACCEPTED
2465.26,RADAR_A,RADAR_A-T5923,False,4,GT-0143,253.87739459117458,45.48040777424672,3.822006736355806,22.5,22.5,1.0,0.02128829687285835,0.8447636242605485,60.801544687236444,GT-0143,,True,ACCEPTED
2466.57,RADAR_B,RADAR_B-T4898,True,4,GT-0143,1034.0648514217532,13.968859715721564,4.730331982549986,22.5,22.5,1.0,0.01703063749828668,3.822006736355806,58.248955400834454,GT-0143,,True,ACCEPTED
2469.79,RADAR_A,RADAR_A-T7908,False,4,GT-0143,1140.7478844250527,8.993136252168135,4.303300632580602,22.5,22.5,1.0,0.013624509998629346,4.730331982549986,60.413012084695815,GT-0143,,True,ACCEPTED
2470.23,RADAR_B,RADAR_B-T4898,True,4,GT-0143,630.8746422924145,15.553482225109622,3.0837559049959653,22.5,22.5,1.0,0.010899607998903478,4.303300632580602,55.909330912442925,GT-0143,,True,ACCEPTED
2472.58,RADAR_A,RADAR_A-T7908,True,4,GT-0143,589.0452215872299,15.47601165460851,1.3537099058283102,22.5,22.5,1.0,0.008719686399122782,3.0837559049959653,60.5863924985836,GT-0143,,True,ACCEPTED
2475.0,RADAR_B,RADAR_B-T4898,True,4,GT-0143,593.6805271484948,44.94724187190393,3.8211110545995393,22.5,22.5,1.0,0.0069757491192982265,1.3537099058283102,61.5453870645069,GT-0143,,True,ACCEPTED
2477.72,RADAR_A,RADAR_A-T7845,False,4,GT-0143,776.781527180238,27.11582552849099,3.118138944716779,22.5,22.5,1.0,0.005580599295438582,3.8211110545995393,61.76364929939713,GT-0143,,True,ACCEPTED
2479.01,RADAR_C,RADAR_C-T2677,True,4,GT-0143,1155.266374578211,30.022606180381683,5.983414593416967,22.5,22.5,1.0,0.0044644794363508655,3.118138944716779,62.563795179153566,GT-0143,,True,ACCEPTED
2480.11,RADAR_A,RADAR_A-T7845,True,4,GT-0143,879.9009748222112,13.424308257630734,3.4036446448206976,22.5,22.5,1.0,0.0035715835490806925,5.983414593416967,56.85414601790611,GT-0143,,True,ACCEPTED
2482.89,RADAR_A,RADAR_A-T7845,True,4,GT-0143,1368.243051269625,14.47427917164207,6.139701954996218,22.5,22.5,1.0,0.0028572668392645544,3.4036446448206976,62.47417463672947,GT-0143,,True,ACCEPTED
2485.75,RADAR_A,RADAR_A-T7845,True,4,GT-0143,1578.4835962808668,11.43499056626301,8.005993898184068,22.5,22.5,1.0,0.004614179388015272,6.139701954996218,63.68580176989098,GT-0143,,True,ACCEPTED
2487.09,RADAR_B,RADAR_B-T9169,False,4,GT-0143,1019.0928368355674,37.948571795112535,13.272217211017058,22.5,22.5,1.0,0.037124575146813346,8.005993898184068,66.72294843982512,GT-0143,,True,ACCEPTED
2490.68,RADAR_A,RADAR_A-T5923,True,4,GT-0143,1694.0689726689022,21.916159809903732,10.362649326218708,22.5,22.5,1.0,0.1509032803010683,13.272217211017058,66.6211008990871,GT-0143,,True,ACCEPTED
2492.74,RADAR_A,RADAR_A-T5923,True,4,GT-0143,1836.3879449057902,17.856536526156763,12.164782667886323,22.5,22.5,1.0,0.1934334463444998,10.362649326218708,65.5900510467735,GT-0143,,True,ACCEPTED
2493.0,RADAR_B,RADAR_B-T9169,True,4,GT-0143,1045.794235407695,29.24142703579384,7.027705315449306,22.5,22.5,1.0,0.25749313487370523,12.164782667886323,61.74322583789209,GT-0143,,True,ACCEPTED
2494.32,RADAR_A,RADAR_A-T5923,True,4,GT-0143,1686.458110655049,6.543747042232127,9.193332832918921,22.5,22.5,1.0,0.2231229298231193,7.027705315449306,64.19972660501739,GT-0143,,True,ACCEPTED
2496.49,RADAR_C,RADAR_C-T2359,False,4,GT-0143,1314.6190158379832,45.925265328473664,12.025185536534872,22.5,22.5,1.0,0.23172055774047745,9.193332832918921,68.02615682537976,GT-0143,,True,ACCEPTED
2497.64,RADAR_B,RADAR_B-T9169,True,4,GT-0143,2501.764995222744,38.099582028155716,16.520357155421905,22.5,22.5,1.0,0.28579620513462983,12.025185536534872,73.39255283462555,GT-0143,,True,ACCEPTED
2499.33,RADAR_A,RADAR_A-T7698,False,4,GT-0143,2095.1335147285945,38.344721897071416,15.32262612368462,22.5,22.5,1.0,0.4039762500314023,16.520357155421905,72.16809766270467,GT-0143,,True,ACCEPTED
2503.2,RADAR_B,RADAR_B-T9169,True,4,GT-0143,2128.0588375092534,14.85924366390215,11.549504873519618,22.5,22.5,1.0,0.47855810208653216,15.32262612368462,69.16251213059635,GT-0143,,True,ACCEPTED
2504.76,RADAR_C,RADAR_C-T2359,True,4,GT-0143,2257.848884071573,43.41857211882805,11.937122383974597,22.5,22.5,1.0,0.4753382295612194,11.549504873519618,71.32214386373994,GT-0143,,True,ACCEPTED
2504.92,RADAR_A,RADAR_A-T7045,False,4,GT-0143,2572.0332599536437,24.935334632678376,21.882416658908742,22.5,22.5,1.0,0.4792226233818855,11.937122383974597,79.47346056318545,GT-0143,,True,ACCEPTED
2508.07,RADAR_A,RADAR_A-T7045,True,4,GT-0143,2891.942723818006,16.35570138407396,26.521692826631828,22.5,22.5,1.0,0.5833780987055084,21.882416658908742,80.04386073826984,,GT-0149,False,MAHALANOBIS_GATE_FAIL;NEW_TRACK_CREATED
2510.22,RADAR_A,RADAR_A-T7045,True,5,GT-0149,285.90409990171634,10.471214365016134,0.22013721997002828,22.5,22.5,1.0,0.0,0.0,77.60855085544942,GT-0149,,True,ACCEPTED
2512.49,RADAR_B,RADAR_B-T9121,False,5,GT-0149,613.1445860756681,45.42416016796866,12.698630918697546,22.5,22.5,1.0,0.0,0.22013721997002828,67.67245984501506,GT-0149,,True,ACCEPTED
2514.55,RADAR_A,RADAR_A-T3144,False,5,GT-0149,505.8866622946205,22.655145319240475,2.0783869336972245,22.5,22.5,1.0,0.11164384864495912,12.698630918697546,58.20941212569949,GT-0149,,True,ACCEPTED
2516.98,RADAR_A,RADAR_A-T3144,True,5,GT-0149,356.6545868172729,7.588957264758682,0.6088188783110363,22.5,22.5,1.0,0.0893150789159673,2.0783869336972245,55.19209562512631,GT-0149,,True,ACCEPTED
2521.95,RADAR_A,RADAR_A-T4404,False,5,GT-0149,1159.9528155007354,3.8824288851336934,3.919344079812408,22.5,22.5,1.0,0.07145206313277384,0.6088188783110363,64.57222352545972,GT-0149,,True,ACCEPTED
2523.1,RADAR_B,RADAR_B-T2887,True,5,GT-0149,753.2693917071173,13.081043092711113,3.019326504696814,22.5,22.5,1.0,0.057161650506219075,3.919344079812408,55.712511635695485,GT-0149,,True,ACCEPTED
2528.1,RADAR_B,RADAR_B-T2887,True,4,GT-0149,898.6941121677559,9.435976830129787,2.7110775860234155,22.5,22.5,1.0,0.045729320404975266,3.019326504696814,64.35295039815031,GT-0149,,True,ACCEPTED
2532.78,RADAR_A,RADAR_A-T2321,False,4,GT-0149,745.4197883937795,3.0102805559266277,1.7771792267441582,22.5,22.5,1.0,0.03658345632398021,2.7110775860234155,66.66784275884527,GT-0149,,True,ACCEPTED
2534.11,RADAR_B,RADAR_B-T2887,True,4,GT-0149,880.3117776180767,18.59113759417413,3.792627913941798,22.5,22.5,1.0,0.02926676505918417,1.7771792267441582,58.44937260328015,GT-0149,,True,ACCEPTED
2535.63,RADAR_A,RADAR_A-T2321,True,4,GT-0149,1075.945523485498,4.092113513493693,3.793319863852809,22.5,22.5,1.0,0.02341341204734734,3.792627913941798,59.64514912379313,GT-0149,,True,ACCEPTED
2538.36,RADAR_A,RADAR_A-T2321,True,4,GT-0149,1260.747827423775,3.9491367968917315,5.253842004375016,22.5,22.5,1.0,0.018730729637877874,3.793319863852809,59.84487891786638,GT-0149,,True,ACCEPTED
2540.33,RADAR_C,RADAR_C-T6937,False,4,GT-0149,2752.512016790184,47.48178740998125,13.95995974236198,22.5,22.5,1.0,0.014984583710302299,5.253842004375016,73.03550994907853,GT-0149,,True,ACCEPTED
2540.81,RADAR_B,RADAR_B-T2887,True,4,GT-0149,1479.078799057879,18.86455197327508,5.801441594292944,22.5,22.5,1.0,0.14465366267427482,13.95995974236198,61.62304161584697,GT-0149,,True,ACCEPTED
2541.36,RADAR_A,RADAR_A-T2321,True,4,GT-0149,1868.8868203645866,23.569247908323568,12.752814321107872,22.5,22.5,1.0,0.11572293013941987,5.801441594292944,67.13415172457853,GT-0149,,True,ACCEPTED
2544.58,RADAR_A,RADAR_A-T2321,True,4,GT-0149,1840.342566533102,12.08963715938848,11.220946550501699,22.5,22.5,1.0,0.20512524946333377,12.752814321107872,68.08526132838901,GT-0149,,True,ACCEPTED
2545.01,RADAR_B,RADAR_B-T2887,True,4,GT-0149,1609.4212056883816,12.166617210859457,10.75894772366234,22.5,22.5,1.0,0.251115975412362,11.220946550501699,62.46131398468247,GT-0149,,True,ACCEPTED
2548.98,RADAR_C,RADAR_C-T6937,True,4,GT-0149,1188.1429371970662,53.32859318680659,2.20047960449016,22.5,22.5,1.0,0.28020857572426194,10.75894772366234,68.49838499930898,GT-0149,,True,ACCEPTED
2549.9,RADAR_B,RADAR_B-T2887,True,4,GT-0149,981.0177544671332,13.787900208460409,2.882326311261208,22.5,22.5,1.0,0.22416686057940957,2.20047960449016,65.6036531985301,GT-0149,,True,ACCEPTED
2553.08,RADAR_A,RADAR_A-T5353,False,4,GT-0149,1028.7021294114547,13.088008840760098,3.3775705823175906,22.5,22.5,1.0,0.17933348846352767,2.882326311261208,62.28555572232714,GT-0149,,True,ACCEPTED
2554.68,RADAR_B,RADAR_B-T2887,True,4,GT-0149,1008.382755078794,8.061286069727927,3.909501833344449,22.5,22.5,1.0,0.14346679077082214,3.3775705823175906,57.58540334488757,GT-0149,,True,ACCEPTED
2555.39,RADAR_A,RADAR_A-T5353,True,4,GT-0149,313.97353439347074,13.823189865466729,1.660237029973441,22.5,22.5,1.0,0.11477343261665772,3.909501833344449,54.52825427357672,GT-0149,,True,ACCEPTED
2558.56,RADAR_A,RADAR_A-T5353,True,4,GT-0149,982.086402739201,18.838020609331675,3.0792060530901884,22.5,22.5,1.0,0.09181874609332619,1.660237029973441,65.59270097999445,GT-0149,,True,ACCEPTED
2560.64,RADAR_A,RADAR_A-T5353,True,4,GT-0149,840.7860197961721,7.821764003373756,2.5007139929397346,22.5,22.5,1.0,0.07345499687466095,3.0792060530901884,57.43963121583479,GT-0149,,True,ACCEPTED
2561.93,RADAR_B,RADAR_B-T9870,False,4,GT-0149,940.2187152045792,6.754229143538833,3.1408364770769333,22.5,22.5,1.0,0.058763997499728764,2.5007139929397346,57.8925561253576,GT-0149,,True,ACCEPTED
2563.55,RADAR_A,RADAR_A-T5353,True,4,GT-0149,982.0952707562514,12.932244818057818,3.6025570434708767,22.5,22.5,1.0,0.04701119799978301,3.1408364770769333,57.99715271119493,GT-0149,,True,ACCEPTED
2566.53,RADAR_B,RADAR_B-T9870,True,4,GT-0149,1161.0398925349025,9.786932366070879,5.034085982254249,22.5,22.5,1.0,0.03760895839982641,3.6025570434708767,59.95304754671862,GT-0149,,True,ACCEPTED
2566.95,RADAR_A,RADAR_A-T5353,True,4,GT-0149,1325.4209297916989,13.603140091155131,7.196402459400686,22.5,22.5,1.0,0.03008716671986113,5.034085982254249,59.792608975388724,GT-0149,,True,ACCEPTED
2569.39,RADAR_A,RADAR_A-T5353,True,4,GT-0149,798.6375563420114,10.08416211848856,2.5933684295582466,22.5,22.5,1.0,0.044009774365900346,7.196402459400686,56.445102646746776,GT-0149,,True,ACCEPTED
2572.32,RADAR_B,RADAR_B-T9870,True,4,GT-0149,1531.9523355875115,17.242262671030183,8.841257502143366,22.5,22.5,1.0,0.035207819492720276,2.5933684295582466,65.5821978521045,GT-0149,,True,ACCEPTED
2573.94,RADAR_A,RADAR_A-T1184,False,4,GT-0149,859.4349747289718,8.748349522400336,2.8016785837458356,22.5,22.5,1.0,0.07552054729656565,8.841257502143366,56.44404594313541,GT-0149,,True,ACCEPTED
2575.83,RADAR_C,RADAR_C-T5144,False,4,GT-0149,1421.669605322312,23.47211472388726,7.261961096822693,22.5,22.5,1.0,0.06041643783725253,2.8016785837458356,62.67366200968619,GT-0149,,True,ACCEPTED
2576.31,RADAR_A,RADAR_A-T1184,True,4,GT-0149,1396.069159467082,10.659858524807667,6.542932270257956,22.5,22.5,1.0,0.06936583521684692,7.261961096822693,61.26237264518413,GT-0149,,True,ACCEPTED
2578.27,RADAR_B,RADAR_B-T9870,True,4,GT-0149,1615.0387604482025,5.941479450528452,9.292501926901377,22.5,22.5,1.0,0.06454153934444347,6.542932270257956,64.36927660478301,GT-0149,,True,ACCEPTED
2579.19,RADAR_A,RADAR_A-T1184,True,4,GT-0149,434.77134634762257,12.565975151090868,1.2679014031363716,22.5,22.5,1.0,0.10650826359057773,9.292501926901377,55.674769031146376,GT-0149,,True,ACCEPTED
2581.94,RADAR_A,RADAR_A-T1184,True,4,GT-0149,489.5158981638532,21.430303204827815,1.0090333855703122,22.5,22.5,1.0,0.08520661087246219,1.2679014031363716,62.26727626666626,GT-0149,,True,ACCEPTED
2583.7,RADAR_A,RADAR_A-T1184,True,4,GT-0149,306.684356818403,18.099088295223662,1.1414324056231837,22.5,22.5,1.0,0.06816528869796976,1.0090333855703122,56.666976576772754,GT-0149,,True,ACCEPTED
2585.11,RADAR_B,RADAR_B-T9870,True,4,GT-0149,388.521111613248,35.21375569883641,7.223165827828043,22.5,22.5,1.0,0.05453223095837581,1.1414324056231837,61.42352333054881,GT-0149,,True,ACCEPTED
2588.48,RADAR_A,RADAR_A-T9858,False,5,GT-0149,407.26551408013626,6.857531328629694,0.6657630901198076,22.5,22.5,1.0,0.06401188189716804,7.223165827828043,57.30349783763553,GT-0149,,True,ACCEPTED
2588.76,RADAR_B,RADAR_B-T9870,True,5,GT-0149,270.2349907127317,5.984720166700528,0.49969709704410514,22.5,22.5,1.0,0.051209505517734434,0.6657630901198076,52.908437551829905,GT-0149,,True,ACCEPTED
2591.03,RADAR_A,RADAR_A-T9858,True,4,GT-0149,670.3128759713418,19.917235171041966,1.9000130032671845,22.5,22.5,1.0,0.04096760441418755,0.49969709704410514,60.45480390373627,GT-0149,,True,ACCEPTED
2598.73,RADAR_A,RADAR_A-T4831,False,4,GT-0149,1028.6594488687201,57.93252529451201,2.611121408185368,22.5,22.5,1.0,0.03277408353135004,1.9000130032671845,66.85767166165432,GT-0149,,True,ACCEPTED
2601.35,RADAR_B,RADAR_B-T1939,False,4,GT-0149,645.3652159071152,15.006503205024408,3.1843217634964,22.5,22.5,1.0,0.026219266825080037,2.611121408185368,55.629353555135324,GT-0149,,True,ACCEPTED
2603.7,RADAR_C,RADAR_C-T6967,False,4,GT-0149,425.5894440256436,10.703666856930854,0.5502058693238728,22.5,22.5,1.0,0.02097541346006403,3.1843217634964,60.3480884508752,GT-0149,,True,ACCEPTED
2606.12,RADAR_B,RADAR_B-T1939,True,4,GT-0149,554.5515153322508,34.184054643213635,0.8805903888021018,22.5,22.5,1.0,0.016780330768051226,0.5502058693238728,64.50050122251155,GT-0149,,True,ACCEPTED
2606.25,RADAR_A,RADAR_A-T6245,False,4,GT-0149,693.7746256214704,28.201276798631653,2.6281188577001853,22.5,22.5,1.0,0.013424264614440982,0.8805903888021018,60.03599911498464,GT-0149,,True,ACCEPTED
2608.25,RADAR_A,RADAR_A-T6245,True,4,GT-0149,873.2640354035949,12.00764794001772,2.997568397294241,22.5,22.5,1.0,0.010739411691552786,2.6281188577001853,58.724532693175725,GT-0149,,True,ACCEPTED
2610.93,RADAR_B,RADAR_B-T1939,True,4,GT-0149,175.0958936757881,12.016729809976527,0.7817133052142665,22.5,22.5,1.0,0.00859152935324223,2.997568397294241,54.85126962151898,GT-0149,,True,ACCEPTED
2611.15,RADAR_A,RADAR_A-T6245,True,4,GT-0149,960.8317767052115,5.228972317006207,3.0454805453673774,22.5,22.5,1.0,0.006873223482593784,0.7817133052142665,57.042668752196036,GT-0149,,True,ACCEPTED
2613.97,RADAR_A,RADAR_A-T6245,True,4,GT-0149,226.71673620508633,18.370055534244596,0.9713581897090415,22.5,22.5,1.0,0.005498578786075028,3.0454805453673774,56.8140367989113,GT-0149,,True,ACCEPTED
2616.65,RADAR_A,RADAR_A-T6245,True,4,GT-0149,313.402478770971,8.556201666504526,0.7044275948591285,22.5,22.5,1.0,0.004398863028860022,0.9713581897090415,54.216145187691026,GT-0149,,True,ACCEPTED
2619.51,RADAR_A,RADAR_A-T6245,True,4,GT-0149,771.6968516720793,37.663415985913474,4.239419607438298,22.5,22.5,1.0,0.003519090423088018,0.7044275948591285,60.80449686967812,GT-0149,,True,ACCEPTED
2619.56,RADAR_C,RADAR_C-T4862,False,4,GT-0149,404.9667950842779,19.566311639479675,2.7864300709988203,22.5,22.5,1.0,0.0028152723384704146,4.239419607438298,57.35699718763571,GT-0149,,True,ACCEPTED
2622.91,RADAR_B,RADAR_B-T4691,False,4,GT-0149,209.4430773725879,15.413100935555796,0.9269205915408901,22.5,22.5,1.0,0.0022522178707763316,2.7864300709988203,55.71543812504312,GT-0149,,True,ACCEPTED
2625.31,RADAR_A,RADAR_A-T6482,False,5,GT-0149,172.1143719093549,29.589928949175736,0.6673307196079784,22.5,22.5,1.0,0.0018017742966210653,0.9269205915408901,60.55676281527488,GT-0149,,True,ACCEPTED
2627.78,RADAR_A,RADAR_A-T6482,True,5,GT-0149,388.12637524114524,38.714989757357166,2.737711773174931,22.5,22.5,1.0,0.0014414194372968524,0.6673307196079784,59.91518719273034,GT-0149,,True,ACCEPTED
2631.41,RADAR_C,RADAR_C-T4862,True,5,GT-0149,559.4368522362375,59.85549247510672,5.323999331920368,22.5,22.5,1.0,0.001153135549837482,2.737711773174931,63.87077141229516,GT-0149,,True,ACCEPTED
2631.48,RADAR_B,RADAR_B-T4629,False,5,GT-0149,283.1720266710049,33.35010691002525,2.435951210174527,22.5,22.5,1.0,0.0009225084398699856,5.323999331920368,60.33966660848666,GT-0149,,True,ACCEPTED
2632.6,RADAR_A,RADAR_A-T5331,False,5,GT-0149,1047.187576322022,17.3600931919364,4.055330758156831,22.5,22.5,1.0,0.0007380067518959885,2.435951210174527,61.04672946092576,GT-0149,,True,ACCEPTED
2635.42,RADAR_A,RADAR_A-T5331,True,5,GT-0149,705.6818654375996,12.677699048847792,2.305524222881907,22.5,22.5,1.0,0.0005904054015167909,4.055330758156831,56.36306854674139,GT-0149,,True,ACCEPTED
2637.86,RADAR_A,RADAR_A-T5331,True,5,GT-0149,682.615284109631,8.404546213198849,1.900750953389202,22.5,22.5,1.0,0.0004723243212134327,2.305524222881907,57.321973404797575,GT-0149,,True,ACCEPTED
2639.63,RADAR_B,RADAR_B-T4629,True,5,GT-0149,228.44756724671225,19.05278425309061,2.7276682050773187,22.5,22.5,1.0,0.00037785945697074616,1.900750953389202,55.580872421446664,GT-0149,,True,ACCEPTED
2640.09,RADAR_A,RADAR_A-T5331,True,4,GT-0149,622.3968955167697,7.005296653959293,1.6489680214447318,22.5,22.5,1.0,0.00030228756557659694,2.7276682050773187,54.39333569848677,GT-0149,,True,ACCEPTED
2642.43,RADAR_A,RADAR_A-T5331,True,4,GT-0149,488.7768984718858,11.006205899428014,1.3294013939617662,22.5,22.5,1.0,0.00024183005246127757,1.6489680214447318,55.41719836055241,GT-0149,,True,ACCEPTED
2644.66,RADAR_B,RADAR_B-T4629,True,4,GT-0149,360.4801833007028,6.21800316315126,0.589846472706576,22.5,22.5,1.0,0.00019346404196902208,1.3294013939617662,55.077735516366566,GT-0149,,True,ACCEPTED
2645.05,RADAR_A,RADAR_A-T5331,True,4,GT-0149,248.06922812914854,9.339537078926208,1.7366714169484485,22.5,22.5,1.0,0.00015477123357521768,0.589846472706576,51.655268250230726,GT-0149,,True,ACCEPTED
2649.44,RADAR_C,RADAR_C-T5092,False,4,GT-0149,244.68706325659207,26.430428594555867,0.1954568182728419,22.5,22.5,1.0,0.00012381698686017415,1.7366714169484485,65.14449317319885,GT-0149,,True,ACCEPTED
2649.85,RADAR_A,RADAR_A-T1948,False,4,GT-0149,322.15049545072054,40.5675475030675,2.6334168927885764,22.5,22.5,1.0,9.905358948813933e-05,0.1954568182728419,60.20023047476496,GT-0149,,True,ACCEPTED
2650.07,RADAR_B,RADAR_B-T4629,True,4,GT-0149,1121.761244248186,41.496180929386995,14.0562603156805,22.5,22.5,1.0,7.924287159051147e-05,2.6334168927885764,68.27866355558855,GT-0149,,True,ACCEPTED
2653.28,RADAR_A,RADAR_A-T1948,True,4,GT-0149,463.2242279659354,28.08239886026424,3.310194937706436,22.5,22.5,1.0,0.1343343995586141,14.0562603156805,58.134561384228554,GT-0149,,True,ACCEPTED
2654.35,RADAR_B,RADAR_B-T4629,True,4,GT-0149,487.73063053689367,25.97047392244469,4.76267979897334,22.5,22.5,1.0,0.10746751964689127,3.310194937706436,58.612500291468315,GT-0149,,True,ACCEPTED
2655.87,RADAR_A,RADAR_A-T1948,True,4,GT-0149,325.5952261858909,23.08259805952031,2.4435488274692068,22.5,22.5,1.0,0.08597401571751302,4.76267979897334,56.77729436588656,GT-0149,,True,ACCEPTED
2661.75,RADAR_A,RADAR_A-T1826,False,4,GT-0149,823.8590472351082,4.184549545108358,2.412986530226681,22.5,22.5,1.0,0.06877921257401041,2.4435488274692068,60.68984648649744,GT-0149,,True,ACCEPTED
2663.4,RADAR_B,RADAR_B-T7385,False,4,GT-0149,1135.634872985642,26.42450879444223,9.371284598760543,22.5,22.5,1.0,0.055023370059208335,2.412986530226681,62.172876842748664,GT-0149,,True,ACCEPTED
2664.6,RADAR_A,RADAR_A-T1826,True,4,GT-0149,956.2035659380253,8.49516709120639,3.410375869469524,22.5,22.5,1.0,0.10020677269337572,9.371284598760543,56.44639123935464,GT-0149,,True,ACCEPTED
2670.22,RADAR_A,RADAR_A-T7919,False,4,GT-0149,1188.335040080002,7.222479733980788,4.602694053719972,22.5,22.5,1.0,0.08016541815470057,3.410375869469524,63.63888738514753,GT-0149,,True,ACCEPTED
2672.5,RADAR_A,RADAR_A-T7919,True,4,GT-0149,1993.098053215411,7.826267443088373,13.79760016892629,22.5,22.5,1.0,0.06413233452376046,4.602694053719972,67.83441675413272,GT-0149,,True,ACCEPTED
2675.32,RADAR_A,RADAR_A-T7919,True,4,GT-0149,1300.5381239760634,28.556308484860814,11.000799868647569,22.5,22.5,1.0,0.18126587043444656,13.79760016892629,64.01248203734306,GT-0149,,True,ACCEPTED
2678.28,RADAR_A,RADAR_A-T7919,True,4,GT-0149,1342.9635604784703,23.65878416683592,7.6748964402885615,22.5,22.5,1.0,0.22835936082501673,11.000799868647569,64.14248472328502,GT-0149,,True,ACCEPTED
2680.18,RADAR_A,RADAR_A-T7919,True,4,GT-0149,1571.4745798812128,8.682760847075397,9.29988564996662,22.5,22.5,1.0,0.21060242933148943,7.6748964402885615,60.242670916533875,GT-0149,,True,ACCEPTED
2680.64,RADAR_C,RADAR_C-T3643,False,4,GT-0149,1724.0895789615752,27.170225629051306,8.767781830747152,22.5,22.5,1.0,0.2234800376313019,9.29988564996662,64.4551426486978,GT-0149,,True,ACCEPTED
2681.66,RADAR_B,RADAR_B-T9067,False,4,GT-0149,1560.7613150873544,11.120891375755722,8.642226833497757,22.5,22.5,1.0,0.22491372728416073,8.767781830747152,60.76517324307035,GT-0149,,True,ACCEPTED
2682.86,RADAR_A,RADAR_A-T7919,True,4,GT-0149,1511.7564086354544,19.40710189093375,9.300099296477589,22.5,22.5,1.0,0.22396809571895787,8.642226833497757,62.645468829772646,GT-0149,,True,ACCEPTED
2684.62,RADAR_B,RADAR_B-T9067,True,4,GT-0149,2129.9969325127568,20.600662032867202,13.538443059492659,22.5,22.5,1.0,0.23417613151645944,9.300099296477589,69.903382862619,GT-0149,,True,ACCEPTED
2685.43,RADAR_A,RADAR_A-T7919,True,4,GT-0149,1685.7570359342287,17.078947749242662,9.84674167960935,22.5,22.5,1.0,0.31298162287137854,13.538443059492659,65.99758250440712,GT-0149,,True,ACCEPTED
2687.05,RADAR_A,RADAR_A-T7919,True,4,GT-0149,1833.9216625220322,3.4798527158352512,11.825877978978404,22.5,22.5,1.0,0.31449765962392534,9.84674167960935,60.45002068623114,GT-0149,,True,ACCEPTED
2689.12,RADAR_A,RADAR_A-T7919,True,4,GT-0149,475.80619549157393,3.636734544587688,0.9050405547698955,22.5,22.5,1.0,0.34869609401544704,11.825877978978404,52.66305221378757,GT-0149,,True,ACCEPTED
2691.7,RADAR_A,RADAR_A-T7919,True,4,GT-0149,211.78174130680617,11.320220402090909,0.7942875677175953,22.5,22.5,1.0,0.2789568752123576,0.9050405547698955,54.36984784254949,GT-0149,,True,ACCEPTED
2693.63,RADAR_B,RADAR_B-T6094,False,4,GT-0149,428.14776820761057,12.076719207083956,1.8393601414260412,22.5,22.5,1.0,0.22316550016988612,0.7942875677175953,53.92855687062114,GT-0149,,True,ACCEPTED
2694.39,RADAR_A,RADAR_A-T7919,True,4,GT-0149,526.377990363104,13.422317390709557,2.264936472813488,22.5,22.5,1.0,0.1785324001359089,1.8393601414260412,54.7969483276578,GT-0149,,True,ACCEPTED
2696.91,RADAR_A,RADAR_A-T7919,True,4,GT-0149,153.66267348008822,21.59104821052947,0.26226792690798806,22.5,22.5,1.0,0.14282592010872713,2.264936472813488,60.940864731238364,GT-0149,,True,ACCEPTED
2698.25,RADAR_B,RADAR_B-T6094,True,4,GT-0149,1002.7002854109804,8.134625365195081,4.253903104962096,22.5,22.5,1.0,0.11426073608698172,0.26226792690798806,58.108788609189325,GT-0149,,True,ACCEPTED
2699.98,RADAR_C,RADAR_C-T7599,False,4,GT-0149,1360.298170449874,11.407589185215691,3.064562412793872,22.5,22.5,1.0,0.09140858886958537,4.253903104962096,61.90822532104931,GT-0149,,True,ACCEPTED
2704.52,RADAR_A,RADAR_A-T7207,False,4,GT-0149,1007.3681854897746,4.165501158756876,3.8520056962780522,22.5,22.5,1.0,0.0731268710956683,3.064562412793872,63.18418214473793,GT-0149,,True,ACCEPTED
2704.75,RADAR_B,RADAR_B-T6094,True,4,GT-0149,1307.0536138745235,30.91698858029692,22.236685210287863,22.5,22.5,1.0,0.058501496876534644,3.8520056962780522,71.86872364198246,GT-0149,,True,ACCEPTED
2707.03,RADAR_A,RADAR_A-T7207,True,4,GT-0149,1773.7609711253995,4.208152483947104,11.496035251101816,22.5,22.5,1.0,0.24680119750122773,22.236685210287863,63.80008969336724,GT-0149,,True,ACCEPTED
2708.98,RADAR_A,RADAR_A-T7207,True,4,GT-0149,1670.3202926085753,21.822211963071258,12.186964139481699,22.5,22.5,1.0,0.2890415455193458,11.496035251101816,66.99512847377255,GT-0149,,True,ACCEPTED
2710.78,RADAR_A,RADAR_A-T7207,True,4,GT-0149,1758.1057737566598,4.062192012695516,10.850984870582401,22.5,22.5,1.0,0.3343493054068383,12.186964139481699,65.1056560645791,GT-0149,,True,ACCEPTED
2712.35,RADAR_B,RADAR_B-T6094,True,4,GT-0149,2176.1022982015825,9.969720607252079,15.896025877551892,22.5,22.5,1.0,0.34832919216851066,10.850984870582401,71.04030288620561,GT-0149,,True,ACCEPTED
2713.85,RADAR_A,RADAR_A-T7207,True,4,GT-0149,2102.045360622181,17.523047592169817,16.05692734271578,22.5,22.5,1.0,0.4435971183606734,15.896025877551892,72.12492764190334,GT-0149,,True,ACCEPTED
2716.54,RADAR_C,RADAR_C-T4197,False,4,GT-0149,2271.74319162431,40.187445579164766,16.889618304960514,22.5,22.5,1.0,0.5224931504004684,16.05692734271578,72.5824325713212,GT-0149,,True,ACCEPTED
2717.73,RADAR_B,RADAR_B-T6094,True,4,GT-0149,2548.6085050442593,12.130563160963767,27.044751731630555,22.5,22.5,1.0,0.5994881587363834,16.889618304960514,81.24197076830465,,GT-0153,False,MAHALANOBIS_GATE_FAIL;NEW_TRACK_CREATED
2719.28,RADAR_A,RADAR_A-T6422,False,5,GT-0153,255.17339377021162,12.270668289965785,0.23341812192767103,22.5,22.5,1.0,0.0,0.0,74.81161484931043,GT-0153,,True,ACCEPTED
2722.08,RADAR_A,RADAR_A-T6422,True,5,GT-0153,72.4923287903077,12.078129010003408,0.1395579596003585,22.5,22.5,1.0,0.0,0.23341812192767103,58.934218537693276,GT-0153,,True,ACCEPTED
2722.98,RADAR_B,RADAR_B-T6094,True,5,GT-0153,377.57952106077875,13.666239640725268,1.7455059775387873,22.5,22.5,1.0,0.0,0.1395579596003585,54.11671839007647,GT-0153,,True,ACCEPTED
2723.73,RADAR_A,RADAR_A-T6422,True,5,GT-0153,234.42566576976498,15.664808138759303,1.5347156204181802,22.5,22.5,1.0,0.0,1.7455059775387873,54.766023950011146,GT-0153,,True,ACCEPTED
2724.43,RADAR_C,RADAR_C-T4197,True,5,GT-0149,3559.656496190965,42.92572698119823,12.396138539213005,22.5,22.5,1.0,0.5994881587363834,16.889618304960514,76.90735882068174,GT-0149,,True,ACCEPTED
2725.68,RADAR_A,RADAR_A-T6422,True,5,GT-0153,899.3527547678087,15.907037067244195,4.253282883689269,22.5,22.5,1.0,0.0,1.5347156204181802,58.3248476615379,GT-0153,,True,ACCEPTED
2728.14,RADAR_A,RADAR_A-T6422,True,5,GT-0153,514.4611614046174,9.755975372338384,1.3009879448018298,22.5,22.5,1.0,0.0,4.253282883689269,56.34666383400323,GT-0153,,True,ACCEPTED
2730.7,RADAR_A,RADAR_A-T6422,True,4,GT-0153,1252.2273328275758,17.371104042133428,7.183277292048705,22.5,22.5,1.0,0.0,1.3009879448018298,61.09439766291594,GT-0153,,True,ACCEPTED
2732.16,RADAR_B,RADAR_B-T2371,False,4,GT-0153,1474.1745269724545,30.253829862825697,10.000751947468327,22.5,22.5,1.0,0.019721288200811746,7.183277292048705,65.22309035730736,GT-0153,,True,ACCEPTED
2733.24,RADAR_A,RADAR_A-T6422,True,4,GT-0153,1281.2335446243903,9.036690363842755,6.53516527157079,22.5,22.5,1.0,0.08245622968512152,10.000751947468327,61.63770605376162,GT-0153,,True,ACCEPTED
2735.84,RADAR_B,RADAR_B-T2371,True,4,GT-0153,1484.0766524715455,34.276954896742815,15.494409999520876,22.5,22.5,1.0,0.07488440494094371,6.53516527157079,68.52738294118444,GT-0153,,True,ACCEPTED
2736.75,RADAR_A,RADAR_A-T6422,True,4,GT-0153,1607.3530794136068,11.586002848405666,9.95618991932423,22.5,22.5,1.0,0.21814769061143624,15.494409999520876,63.61988647555193,GT-0153,,True,ACCEPTED
2740.01,RADAR_B,RADAR_B-T2371,True,4,GT-0153,1471.8137802713802,17.089527658045107,6.84148216711917,22.5,22.5,1.0,0.24045465114455283,9.95618991932423,63.418477660285994,GT-0153,,True,ACCEPTED
2741.47,RADAR_A,RADAR_A-T8793,False,4,GT-0153,1307.759137559507,19.74897345161711,7.199665773619335,22.5,22.5,1.0,0.20638842370096178,6.84148216711917,64.26446644596095,GT-0153,,True,ACCEPTED
2743.31,RADAR_B,RADAR_B-T2371,True,4,GT-0153,1769.447236591839,61.46469990809835,24.239285298749856,22.5,22.5,1.0,0.1851051685210917,7.199665773619335,78.52870186788407,,GT-0155,False,MAHALANOBIS_GATE_FAIL;NEW_TRACK_CREATED
2744.57,RADAR_A,RADAR_A-T8793,True,5,GT-0153,2079.962025723636,18.903007945841335,16.240364370851587,22.5,22.5,1.0,0.1851051685210917,7.199665773619335,71.27179021853476,GT-0153,,True,ACCEPTED
2746.78,RADAR_A,RADAR_A-T8793,True,5,GT-0153,1389.6211025958812,6.6453330660408865,7.5078063354108115,22.5,22.5,1.0,0.31875687433106653,16.240364370851587,59.277279272006545,GT-0153,,True,ACCEPTED
2747.79,RADAR_B,RADAR_B-T2371,True,5,GT-0155,561.0128804851672,47.61427983078947,1.0678540560882095,22.5,22.5,1.0,0.0,0.0,82.47362050216447,GT-0155,,True,ACCEPTED
2751.5,RADAR_A,RADAR_A-T5074,False,4,GT-0153,1902.2654188836323,11.31171241764562,12.684519640683689,22.5,22.5,1.0,0.28013560505503343,7.5078063354108115,69.50965738198553,GT-0153,,True,ACCEPTED
2752.04,RADAR_B,RADAR_B-T2371,True,4,GT-0153,1999.720566082787,7.664170479657041,15.03021465931462,22.5,22.5,1.0,0.33551714472208827,12.684519640683689,67.84487531099678,GT-0153,,True,ACCEPTED
2754.19,RADAR_A,RADAR_A-T5074,True,4,GT-0153,463.35120915874774,15.976716954396865,1.5250883453559376,22.5,22.5,1.0,0.41891729343291434,15.03021465931462,56.58681043601756,GT-0153,,True,ACCEPTED
2755.44,RADAR_B,RADAR_B-T2371,True,4,GT-0153,310.76070214687445,4.338830676143448,0.4048500511361216,22.5,22.5,1.0,0.3351338347463315,1.5250883453559376,55.683601075449545,GT-0153,,True,ACCEPTED
2759.07,RADAR_A,RADAR_A-T1530,False,4,GT-0153,513.9434852846141,20.171217436807503,1.65459924460564,22.5,22.5,1.0,0.2681070677970652,0.4048500511361216,58.8972979339809,GT-0153,,True,ACCEPTED
2760.02,RADAR_B,RADAR_B-T2371,True,4,GT-0153,500.83228480059284,9.994181373489804,1.8659024483200373,22.5,22.5,1.0,0.2144856542376522,1.65459924460564,53.29138369400886,GT-0153,,True,ACCEPTED
2761.76,RADAR_A,RADAR_A-T1530,True,4,GT-0153,733.4670071179823,8.39574113900251,2.5036149266096284,22.5,22.5,1.0,0.17158852339012176,1.8659024483200373,55.45544304318789,GT-0153,,True,ACCEPTED
2765.17,RADAR_A,RADAR_A-T1530,True,4,GT-0153,706.0414221267506,22.07984511581721,4.428202679745484,22.5,22.5,1.0,0.13727081871209743,2.5036149266096284,57.51546933815636,GT-0153,,True,ACCEPTED
2766.02,RADAR_B,RADAR_B-T2371,True,4,GT-0153,591.480642577562,16.016071314616262,7.168578272290883,22.5,22.5,1.0,0.10981665496967795,4.428202679745484,55.88503508766996,GT-0153,,True,ACCEPTED
2767.23,RADAR_A,RADAR_A-T1530,True,4,GT-0153,343.3013921168802,12.92042733712563,0.8338994024842197,22.5,22.5,1.0,0.10732962851392375,7.168578272290883,56.4534993460545,GT-0153,,True,ACCEPTED
2770.3,RADAR_B,RADAR_B-T2371,True,4,GT-0153,598.6965362165355,62.20347215737671,2.715466285530637,22.5,22.5,1.0,0.085863702811139,0.8338994024842197,64.71978646637416,GT-0153,,True,ACCEPTED
2774.22,RADAR_A,RADAR_A-T3553,True,4,GT-0153,214.50375369566592,80.11751926823072,2.6889192397510673,22.5,22.5,1.0,0.0686909622489112,2.715466285530637,63.66391856170884,GT-0153,,True,ACCEPTED
2774.46,RADAR_B,RADAR_B-T2371,True,4,GT-0153,364.04183502045726,3.530460617979068,0.6429594258309768,22.5,22.5,1.0,0.05495276979912897,2.6889192397510673,52.54822758078743,GT-0153,,True,ACCEPTED
2776.97,RADAR_A,RADAR_A-T3553,True,4,GT-0153,259.7692902397007,5.218181794665202,0.39614900674850045,22.5,22.5,1.0,0.04396221583930318,0.6429594258309768,54.071680819229336,GT-0153,,True,ACCEPTED
2779.26,RADAR_A,RADAR_A-T3553,True,4,GT-0153,266.6472022314361,2.924770750780571,0.3100732169120602,22.5,22.5,1.0,0.03516977267144255,0.39614900674850045,52.94465579848964,GT-0153,,True,ACCEPTED
2781.72,RADAR_C,RADAR_C-T4612,False,4,GT-0153,541.5716723976419,53.049532220560295,4.901673385860005,22.5,22.5,1.0,0.02813581813715404,0.3100732169120602,65.50064658206104,GT-0153,,True,ACCEPTED
2782.06,RADAR_A,RADAR_A-T3553,True,4,GT-0153,663.6167199370625,12.960929502677569,1.982462379005819,22.5,22.5,1.0,0.022508654509723235,4.901673385860005,57.95046193947787,GT-0153,,True,ACCEPTED
2785.46,RADAR_B,RADAR_B-T4705,False,4,GT-0153,572.2404218834427,18.306598492096345,1.8967498078447793,22.5,22.5,1.0,0.01800692360777859,1.982462379005819,58.19200332616624,GT-0153,,True,ACCEPTED
2786.67,RADAR_A,RADAR_A-T5935,False,4,GT-0153,379.52318286892177,19.619986706528078,1.6064043469755045,22.5,22.5,1.0,0.014405538886222872,1.8967498078447793,56.65382484074686,GT-0153,,True,ACCEPTED
2789.01,RADAR_A,RADAR_A-T5935,True,4,GT-0153,428.8988021344448,6.048603423326076,0.8807979383473576,22.5,22.5,1.0,0.011524431108978299,1.6064043469755045,53.76757519682806,GT-0153,,True,ACCEPTED
2791.05,RADAR_B,RADAR_B-T4705,True,4,GT-0153,61.22240237797628,7.76922677810548,0.2693996073214611,22.5,22.5,1.0,0.00921954488718264,0.8807979383473576,54.44956294916985,GT-0153,,True,ACCEPTED
2791.72,RADAR_A,RADAR_A-T5935,True,4,GT-0153,370.6957879880742,9.213509594002996,0.8170986327460774,22.5,22.5,1.0,0.007375635909746112,0.2693996073214611,55.28396360824213,GT-0153,,True,ACCEPTED
2794.31,RADAR_A,RADAR_A-T5935,True,4,GT-0153,200.18874905215904,6.503432607714692,0.3487805837885756,22.5,22.5,1.0,0.00590050872779689,0.8170986327460774,54.16822175838867,GT-0153,,True,ACCEPTED
2796.31,RADAR_C,RADAR_C-T7273,False,4,GT-0153,487.71227258730914,40.65314818438768,11.748864370853038,22.5,22.5,1.0,0.004720406982237513,0.3487805837885756,66.02575245110809,GT-0153,,True,ACCEPTED
2796.76,RADAR_A,RADAR_A-T5935,True,4,GT-0153,297.12225073523376,20.228070558055506,4.163430935432371,22.5,22.5,1.0,0.09959073176667399,11.748864370853038,55.6177783993905,GT-0153,,True,ACCEPTED
2797.07,RADAR_B,RADAR_B-T4705,True,4,GT-0153,293.8062143904402,6.480054535275792,1.11861216068159,22.5,22.5,1.0,0.0796725854133392,4.163430935432371,50.48465326341126,GT-0153,,True,ACCEPTED
2799.03,RADAR_A,RADAR_A-T5935,True,4,GT-0153,399.13406905193625,15.331584911557194,1.155832099334886,22.5,22.5,1.0,0.06373806833067136,1.11861216068159,56.79989434904402,GT-0153,,True,ACCEPTED
2801.66,RADAR_A,RADAR_A-T5935,True,5,GT-0153,503.330169637784,14.753589912570947,1.1447455663478747,22.5,22.5,1.0,0.05099045466453709,1.155832099334886,58.48613834388667,GT-0153,,True,ACCEPTED
2802.77,RADAR_B,RADAR_B-T4705,True,5,GT-0153,564.1175878015224,12.82351129586374,1.8866755352891194,22.5,22.5,1.0,0.04079236373162967,1.1447455663478747,55.48269538406714,GT-0153,,True,ACCEPTED
2805.92,RADAR_C,RADAR_C-T7273,True,5,GT-0153,759.7433642726508,17.00373188737557,2.0066298523462227,22.5,22.5,1.0,0.03263389098530374,1.8866755352891194,59.0153038458186,GT-0153,,True,ACCEPTED
2810.03,RADAR_A,RADAR_A-T3267,False,5,GT-0153,367.2930163971751,20.82788921856163,0.5820162700816112,22.5,22.5,1.0,0.026107112788242993,2.0066298523462227,59.88970330942881,GT-0153,,True,ACCEPTED
2811.94,RADAR_A,RADAR_A-T3267,True,5,GT-0153,395.4286899845095,11.8548154969007,1.487232350055244,22.5,22.5,1.0,0.020885690230594396,0.5820162700816112,53.98020093913258,GT-0153,,True,ACCEPTED
2814.46,RADAR_A,RADAR_A-T3267,True,4,GT-0153,713.7895320086818,14.1680905505213,2.5182295525634038,22.5,22.5,1.0,0.016708552184475516,1.487232350055244,57.215802298448445,GT-0153,,True,ACCEPTED
2816.19,RADAR_B,RADAR_B-T1217,False,4,GT-0153,628.5762229320926,25.10211081630766,2.302970737624474,22.5,22.5,1.0,0.013366841747580413,2.5182295525634038,59.404351636252,GT-0153,,True,ACCEPTED
2817.13,RADAR_A,RADAR_A-T3267,True,4,GT-0153,503.51973769029024,10.63630394305118,1.0217062295324357,22.5,22.5,1.0,0.010693473398064332,2.302970737624474,60.1635869733493,GT-0153,,True,ACCEPTED
2822.35,RADAR_B,RADAR_B-T1217,True,4,GT-0153,611.4083151272296,36.64335296388346,2.8137993485128296,22.5,22.5,1.0,0.008554778718451466,1.0217062295324357,60.73446961518812,GT-0153,,True,ACCEPTED
2824.46,RADAR_A,RADAR_A-T7215,False,4,GT-0153,545.5372998205215,9.615446468491436,1.2800897637571749,22.5,22.5,1.0,0.006843822974761173,2.8137993485128296,60.31786898214671,GT-0153,,True,ACCEPTED
2825.87,RADAR_B,RADAR_B-T1217,True,4,GT-0153,549.4842169412602,17.770327164793017,1.9781755729197201,22.5,22.5,1.0,0.005475058379808939,1.2800897637571749,57.05124707279142,GT-0153,,True,ACCEPTED
2827.04,RADAR_A,RADAR_A-T7215,True,4,GT-0153,543.4199273038391,3.860290663673321,1.2608172326177671,22.5,22.5,1.0,0.004380046703847152,1.9781755729197201,56.55402237119466,GT-0153,,True,ACCEPTED
2829.51,RADAR_C,RADAR_C-T8234,False,4,GT-0153,835.0257723658186,22.132793442909595,3.3178349924244985,22.5,22.5,1.0,0.0035040373630777217,1.2608172326177671,59.47066216714487,GT-0153,,True,ACCEPTED
2830.0,RADAR_A,RADAR_A-T7215,True,4,GT-0153,641.2212636499846,12.099001980801672,1.9974152355354313,22.5,22.5,1.0,0.0028032298904621775,3.3178349924244985,57.185362385431006,GT-0153,,True,ACCEPTED
2831.22,RADAR_B,RADAR_B-T1217,True,4,GT-0153,676.1065288801633,5.986778520313071,1.5671728608354891,22.5,22.5,1.0,0.002242583912369742,1.9974152355354313,55.15130887348984,GT-0153,,True,ACCEPTED
2833.14,RADAR_A,RADAR_A-T7215,True,4,GT-0153,905.4570802115965,13.317909015770885,3.8376003133096206,22.5,22.5,1.0,0.0017940671298957937,1.5671728608354891,58.0248029113595,GT-0153,,True,ACCEPTED
2835.0,RADAR_A,RADAR_A-T7215,True,4,GT-0153,1094.8727932583042,17.22320673581543,7.0661572897382925,22.5,22.5,1.0,0.001435253703916635,3.8376003133096206,59.68243188047855,GT-0153,,True,ACCEPTED
2837.45,RADAR_C,RADAR_C-T8234,True,4,GT-0153,705.510390311529,37.675170218006194,7.072581983086823,22.5,22.5,1.0,0.018917491125438182,7.0661572897382925,62.73163897684652,GT-0153,,True,ACCEPTED
2837.7,RADAR_A,RADAR_A-T7215,True,4,GT-0153,762.1191947131477,9.124313613853346,2.7534746696759247,22.5,22.5,1.0,0.033010359285130936,7.072581983086823,55.83561596064419,GT-0153,,True,ACCEPTED
2837.74,RADAR_B,RADAR_B-T1217,True,4,GT-0153,978.8805981477257,10.22062188159133,5.780312572265336,22.5,22.5,1.0,0.02640828742810475,2.7534746696759247,55.715854066880105,GT-0153,,True,ACCEPTED
2839.94,RADAR_A,RADAR_A-T7215,True,4,GT-0153,524.875312660949,6.630081244790036,1.111111277243842,22.5,22.5,1.0,0.0211266299424838,5.780312572265336,59.19770775971837,GT-0153,,True,ACCEPTED
2841.57,RADAR_B,RADAR_B-T1217,True,4,GT-0153,689.4783255018446,31.671659589060987,2.68643021296381,22.5,22.5,1.0,0.01690130395398704,1.111111277243842,60.75924598542166,GT-0153,,True,ACCEPTED
2847.33,RADAR_B,RADAR_B-T1217,True,4,GT-0153,826.2713552997233,19.362709415171512,3.16566879453121,22.5,22.5,1.0,0.013521043163189634,2.68643021296381,64.66578375600196,GT-0153,,True,ACCEPTED
2847.9,RADAR_A,RADAR_A-T6251,False,4,GT-0153,601.9075439140349,5.705120293416269,1.6450511814095128,22.5,22.5,1.0,0.010816834530551708,3.16566879453121,55.04284347831083,GT-0153,,True,ACCEPTED
2852.79,RADAR_A,RADAR_A-T8236,False,4,GT-0153,792.6260904462321,8.051774457610435,2.6030601605204016,22.5,22.5,1.0,0.008653467624441366,1.6450511814095128,57.80180007755099,GT-0153,,True,ACCEPTED
2854.37,RADAR_B,RADAR_B-T1217,True,4,GT-0153,1292.4441654353495,21.41366055315388,6.704439599027334,22.5,22.5,1.0,0.006922774099553094,2.6030601605204016,61.15599790725837,GT-0153,,True,ACCEPTED
2858.26,RADAR_A,RADAR_A-T8314,True,4,GT-0153,1204.5034227503286,31.31722171296639,7.9364152846136164,22.5,22.5,1.0,0.01727887926343138,6.704439599027334,65.1098234158881,GT-0153,,True,ACCEPTED
2859.28,RADAR_B,RADAR_B-T1217,True,4,GT-0153,1520.8363029407167,78.88259676586112,35.805080134433055,22.5,22.5,1.0,0.046096691487638716,7.9364152846136164,90.8555796605607,,GT-0161,False,MAHALANOBIS_GATE_FAIL;NEW_TRACK_CREATED
2860.63,RADAR_A,RADAR_A-T8314,True,5,GT-0153,1472.495466793758,14.881497073360945,9.136853291181987,22.5,22.5,1.0,0.046096691487638716,7.9364152846136164,62.90498756324567,GT-0153,,True,ACCEPTED
2863.41,RADAR_B,RADAR_B-T1217,True,5,GT-0161,981.0868038128306,78.1786638249387,1.9186103789460365,22.5,22.5,1.0,0.0,0.0,83.83843719772156,GT-0161,,True,ACCEPTED
2863.46,RADAR_A,RADAR_A-T8314,True,5,GT-0153,1639.1610323081493,19.494209702888526,12.12495668176914,22.5,22.5,1.0,0.08915824137647743,9.136853291181987,65.54127574355209,GT-0153,,True,ACCEPTED
2871.55,RADAR_A,RADAR_A-T7067,False,4,GT-0153,2124.6754034343826,31.60695001724829,19.39080451984615,22.5,22.5,1.0,0.17340920446400093,12.12495668176914,77.70689447954715,GT-0153,,True,ACCEPTED
2875.81,RADAR_B,RADAR_B-T5573,False,4,GT-0153,2338.6945555312254,11.179965600857823,23.692001122159915,22.5,22.5,1.0,0.33872736357120076,19.39080451984615,78.820845642153,,GT-0162,False,SOURCE_MAP_NOT_FOUND;MAHALANOBIS_GATE_FAIL;NEW_TRACK_CREATED
2876.11,RADAR_A,RADAR_A-T4581,False,5,GT-0162,460.3497711581239,16.984797300472135,0.9038218957522063,22.5,22.5,1.0,0.0,0.0,65.43702055860831,GT-0162,,True,ACCEPTED
2878.69,RADAR_A,RADAR_A-T4581,True,5,GT-0162,1075.9197044246619,147.05491535322668,5.206127462398954,22.5,22.5,1.0,0.0,0.9038218957522063,70.74746722769599,,GT-0163,False,VELOCITY_GATE_FAIL;NEW_TRACK_CREATED
2880.72,RADAR_A,RADAR_A-T4581,True,6,GT-0163,315.45797613400504,13.150368565761303,0.39845217146197975,22.5,22.5,1.0,0.0,0.0,76.70506035797354,GT-0163,,True,ACCEPTED
2885.87,RADAR_B,RADAR_B-T5895,False,6,GT-0163,676.2492386617412,65.06465097275104,1.8397007258984484,22.5,22.5,1.0,0.0,0.39845217146197975,65.10304972527018,GT-0163,,True,ACCEPTED
2886.27,RADAR_A,RADAR_A-T4262,False,6,GT-0163,503.98747102730766,53.29776513031352,11.050222899526348,22.5,22.5,1.0,0.0,1.8397007258984484,65.43165281537003,GT-0163,,True,ACCEPTED
2889.4,RADAR_C,RADAR_C-T6019,False,6,GT-0163,757.704921658784,23.155315362015067,1.7081397662355298,22.5,22.5,1.0,0.08417038165877248,11.050222899526348,62.95048709156242,GT-0163,,True,ACCEPTED
2890.13,RADAR_B,RADAR_B-T5895,True,6,GT-0163,597.1829617096874,21.978909772457342,1.7942125445049426,22.5,22.5,1.0,0.067336305327018,1.7081397662355298,60.50723446228726,GT-0163,,True,ACCEPTED
2890.5,RADAR_A,RADAR_A-T9550,False,6,GT-0163,541.0834127995691,9.949827572609367,4.3098726010832165,22.5,22.5,1.0,0.0538690442616144,1.7942125445049426,51.90060272185394,GT-0163,,True,ACCEPTED
2893.18,RADAR_A,RADAR_A-T9550,True,6,GT-0163,268.3355463282537,19.53667746730094,0.6382964080382235,22.5,22.5,1.0,0.04309523540929153,4.3098726010832165,58.59484764776895,GT-0163,,True,ACCEPTED
2894.58,RADAR_B,RADAR_B-T5895,True,5,GT-0163,636.441982984924,33.014716859475115,12.194249315024502,22.5,22.5,1.0,0.034476188327433224,0.6382964080382235,64.16349745182663,GT-0163,,True,ACCEPTED
2898.71,RADAR_C,RADAR_C-T6019,True,5,GT-0163,1155.9379563854197,49.631521250510694,9.447412919983725,22.5,22.5,1.0,0.13081843924568828,12.194249315024502,65.76692907670432,GT-0163,,True,ACCEPTED
2901.03,RADAR_A,RADAR_A-T9353,False,5,GT-0163,621.5622150790998,22.90602043364707,2.174163505448472,22.5,22.5,1.0,0.16211163339627938,9.447412919983725,58.83137701027259,GT-0163,,True,ACCEPTED
2902.61,RADAR_B,RADAR_B-T3280,False,5,GT-0163,589.0627754084396,27.99983394058264,11.613910472715029,22.5,22.5,1.0,0.1296893067170235,2.174163505448472,61.651464518895,GT-0163,,True,ACCEPTED
2903.26,RADAR_A,RADAR_A-T9353,True,5,GT-0163,476.81508553444286,6.163445452887455,1.1890853431576796,22.5,22.5,1.0,0.19731661991886928,11.613910472715029,53.508202538617546,GT-0163,,True,ACCEPTED
2905.51,RADAR_A,RADAR_A-T9353,True,4,GT-0163,622.065344716223,28.775654874070394,1.8221808569310416,22.5,22.5,1.0,0.15785329593509545,1.1890853431576796,62.60856434748456,GT-0163,,True,ACCEPTED
2908.25,RADAR_B,RADAR_B-T3280,True,4,GT-0163,333.8685115297029,75.77545551253989,8.446890279489498,22.5,22.5,1.0,0.12628263674807635,1.8221808569310416,66.10879644875669,GT-0163,,True,ACCEPTED
2908.55,RADAR_A,RADAR_A-T9353,True,4,GT-0163,839.4097252505276,7.74082765142907,3.2286781667465445,22.5,22.5,1.0,0.1418076140566194,8.446890279489498,59.309660187663226,GT-0163,,True,ACCEPTED
2911.3,RADAR_A,RADAR_A-T9353,True,4,GT-0163,715.7561253578968,20.653949521242822,3.302042808983342,22.5,22.5,1.0,0.11344609124529553,3.2286781667465445,57.37353957487919,GT-0163,,True,ACCEPTED
2911.97,RADAR_C,RADAR_C-T6019,True,4,GT-0163,934.6887218451013,39.85410943392296,10.613765346439779,22.5,22.5,1.0,0.09075687299623643,3.302042808983342,64.74679534614268,GT-0163,,True,ACCEPTED
2913.97,RADAR_B,RADAR_B-T3280,True,4,GT-0163,216.51692567319415,20.243049816620935,1.230050563091494,22.5,22.5,1.0,0.1495015875043188,10.613765346439779,56.925785281029356,GT-0163,,True,ACCEPTED
2914.85,RADAR_A,RADAR_A-T9353,True,4,GT-0163,213.7276218056848,35.8451616401205,3.264003645240204,22.5,22.5,1.0,0.11960127000345505,1.230050563091494,58.583448585690164,GT-0163,,True,ACCEPTED
2918.04,RADAR_A,RADAR_A-T9353,True,4,GT-0163,812.0589185608692,21.967983951645007,5.097573584250083,22.5,22.5,1.0,0.09568101600276405,3.264003645240204,58.74096508223667,GT-0163,,True,ACCEPTED
2918.71,RADAR_B,RADAR_B-T3280,True,4,GT-0163,210.40602512935567,8.978067867128939,0.6850010205431523,22.5,22.5,1.0,0.07654481280221125,5.097573584250083,54.36478254516526,GT-0163,,True,ACCEPTED
2924.03,RADAR_B,RADAR_B-T3280,True,4,GT-0163,713.2308923420057,5.125992740735664,2.4605332029231843,22.5,22.5,1.0,0.061235850241769,0.6850010205431523,58.63367511753176,GT-0163,,True,ACCEPTED
2925.72,RADAR_A,RADAR_A-T2819,False,4,GT-0163,196.85418347311423,7.743382015504747,0.2572573554773303,22.5,22.5,1.0,0.04898868019341521,2.4605332029231843,56.91860297458078,GT-0163,,True,ACCEPTED
2930.52,RADAR_A,RADAR_A-T9560,False,4,GT-0163,604.1908830705717,18.07532130735429,1.5275243677655865,22.5,22.5,1.0,0.03919094415473217,0.2572573554773303,61.72637321241435,GT-0163,,True,ACCEPTED
2932.64,RADAR_A,RADAR_A-T9560,True,4,GT-0163,419.36866416398425,22.110988726946093,3.046265400918414,22.5,22.5,1.0,0.03135275532378574,1.5275243677655865,56.05075441012664,GT-0163,,True,ACCEPTED
2934.55,RADAR_A,RADAR_A-T9560,True,4,GT-0163,178.18392317417485,18.843191484473174,1.5124949504195706,22.5,22.5,1.0,0.02508220425902859,3.046265400918414,55.39512132141754,GT-0163,,True,ACCEPTED
2936.47,RADAR_B,RADAR_B-T9313,False,4,GT-0163,500.06894962697083,4.964816021259004,1.3218019719841192,22.5,22.5,1.0,0.020065763407222874,1.5124949504195706,54.650700007368144,GT-0163,,True,ACCEPTED
2936.78,RADAR_A,RADAR_A-T9560,True,4,GT-0163,196.01491283516606,6.935015070626396,1.6255456652958375,22.5,22.5,1.0,0.0160526107257783,1.3218019719841192,49.21224609264286,GT-0163,,True,ACCEPTED
2939.37,RADAR_A,RADAR_A-T9560,True,4,GT-0163,238.70092218583812,17.449185387678824,0.45076207818814545,22.5,22.5,1.0,0.012842088580622642,1.6255456652958375,59.47093671411711,GT-0163,,True,ACCEPTED
2940.84,RADAR_B,RADAR_B-T9313,True,4,GT-0163,514.9410493590756,22.00716140444238,1.8760437232176117,22.5,22.5,1.0,0.010273670864498114,0.45076207818814545,58.07153424123169,GT-0163,,True,ACCEPTED
2942.0,RADAR_A,RADAR_A-T9560,True,4,GT-0163,347.83011888059434,11.845457606855131,0.683427852143374,22.5,22.5,1.0,0.008218936691598492,1.8760437232176117,57.044305587264446,GT-0163,,True,ACCEPTED
2944.35,RADAR_A,RADAR_A-T9560,True,4,GT-0163,674.0094855020928,18.014328796065797,3.5631302534471456,22.5,22.5,1.0,0.006575149353278794,0.683427852143374,56.436014596829594,GT-0163,,True,ACCEPTED
2946.62,RADAR_A,RADAR_A-T9560,True,4,GT-0163,248.68034620672972,15.982776626550786,1.099234598738906,22.5,22.5,1.0,0.005260119482623036,3.5631302534471456,55.38062032685265,GT-0163,,True,ACCEPTED
2948.44,RADAR_A,RADAR_A-T9560,True,4,GT-0163,509.2635114164706,4.14134353655774,1.3598307753671957,22.5,22.5,1.0,0.004208095586098429,1.099234598738906,52.590005207711954,GT-0163,,True,ACCEPTED
2951.45,RADAR_B,RADAR_B-T7257,True,4,GT-0163,465.051995978166,14.46552541765524,1.7226892829479854,22.5,22.5,1.0,0.0033664764688787433,1.3598307753671957,55.448077912816494,GT-0163,,True,ACCEPTED
2952.26,RADAR_C,RADAR_C-T5927,False,4,GT-0163,670.9460350455805,32.208782116279565,3.0554823519663015,22.5,22.5,1.0,0.002693181175102995,1.7226892829479854,62.34955464094622,GT-0163,,True,ACCEPTED
2956.55,RADAR_A,RADAR_A-T9508,False,4,GT-0163,651.9359900926503,13.84837524358056,2.3493441617619464,22.5,22.5,1.0,0.002154544940082396,3.0554823519663015,59.62096714708221,GT-0163,,True,ACCEPTED
2959.08,RADAR_A,RADAR_A-T9508,True,4,GT-0163,702.6096041739731,13.060697894257457,3.0335239167949064,22.5,22.5,1.0,0.0017236359520659168,2.3493441617619464,55.526805375945806,GT-0163,,True,ACCEPTED
2959.12,RADAR_B,RADAR_B-T7257,True,4,GT-0163,896.6874848856944,38.79671992606509,14.30712091337025,22.5,22.5,1.0,0.0013789087616527336,3.0335239167949064,67.58945698296732,GT-0163,,True,ACCEPTED
2962.26,RADAR_A,RADAR_A-T9508,True,4,GT-0163,627.6844254533531,19.68196759366809,3.0614404971610787,22.5,22.5,1.0,0.1395551422321597,14.30712091337025,56.843214766018555,GT-0163,,True,ACCEPTED
2964.28,RADAR_A,RADAR_A-T9508,True,4,GT-0163,828.7786343856499,6.08179517348774,3.141401712265282,22.5,22.5,1.0,0.11164411378572776,3.0614404971610787,58.14259720724062,GT-0163,,True,ACCEPTED
2964.6,RADAR_B,RADAR_B-T7257,True,4,GT-0163,861.0366263649858,53.92246643037246,34.89558141664545,22.5,22.5,1.0,0.08931529102858221,3.141401712265282,86.41655178332428,,GT-0164,False,MAHALANOBIS_GATE_FAIL;NEW_TRACK_CREATED
2966.65,RADAR_C,RADAR_C-T2030,False,5,GT-0163,222.96570330869574,54.05338612947424,11.762366849658301,22.5,22.5,1.0,0.08931529102858221,3.141401712265282,68.43618036081803,GT-0163,,True,ACCEPTED
2966.79,RADAR_A,RADAR_A-T9508,True,5,GT-0163,810.251002696743,19.686649679106242,5.356006295261152,22.5,22.5,1.0,0.1674916803171708,11.762366849658301,57.441497908878816,GT-0163,,True,ACCEPTED
2968.73,RADAR_A,RADAR_A-T9508,True,5,GT-0163,1139.4295778539936,7.083799341516328,5.849170454387571,22.5,22.5,1.0,0.13399334425373663,5.356006295261152,59.34851717758072,GT-0163,,True,ACCEPTED
2968.98,RADAR_B,RADAR_B-T7257,True,5,GT-0164,566.3685306962313,52.60281841558312,0.7465763155169157,22.5,22.5,1.0,0.0,0.0,82.24477910525404,GT-0164,,True,ACCEPTED
2971.63,RADAR_A,RADAR_A-T9508,True,4,GT-0163,725.4457339233869,10.794708294456205,2.8127619374079007,22.5,22.5,1.0,0.10719467540298931,5.849170454387571,55.696987275079934,GT-0163,,True,ACCEPTED
2974.09,RADAR_B,RADAR_B-T7257,True,4,GT-0163,1525.9468767889,22.342942413503206,8.428720909868815,22.5,22.5,1.0,0.08575574032239146,2.8127619374079007,64.92737440304055,GT-0163,,True,ACCEPTED
2974.49,RADAR_A,RADAR_A-T9508,True,4,GT-0163,973.8349202883253,5.55920986928261,4.272225188239494,22.5,22.5,1.0,0.10908327408906009,8.428720909868815,59.90391486941633,GT-0163,,True,ACCEPTED
2976.6,RADAR_A,RADAR_A-T9508,True,4,GT-0163,1053.0779663491512,4.5843722542766745,4.985660515831188,22.5,22.5,1.0,0.08726661927124807,4.272225188239494,55.4576073825402,GT-0163,,True,ACCEPTED
2979.21,RADAR_A,RADAR_A-T9508,True,4,GT-0163,1053.6193032017025,5.7355852537229355,4.550919899878834,22.5,22.5,1.0,0.06981329541699846,4.985660515831188,57.586050527702774,GT-0163,,True,ACCEPTED
2981.04,RADAR_B,RADAR_B-T7257,True,4,GT-0163,1148.0125758674585,14.461111270167704,5.2090991390204575,22.5,22.5,1.0,0.05585063633359877,4.550919899878834,60.55120821831267,GT-0163,,True,ACCEPTED
2984.25,RADAR_A,RADAR_A-T8842,False,4,GT-0163,1241.6712421422233,21.082677686996135,6.476395923032253,22.5,22.5,1.0,0.044680509066879016,5.2090991390204575,63.63370809378155,GT-0163,,True,ACCEPTED
2984.75,RADAR_B,RADAR_B-T7257,True,4,GT-0163,1014.0679865091512,11.879465702318509,6.116566776551418,22.5,22.5,1.0,0.043684339304040774,6.476395923032253,55.76544246795293,GT-0163,,True,ACCEPTED
2986.67,RADAR_A,RADAR_A-T8842,True,4,GT-0163,938.890894766631,9.106915081745834,4.5624910935904825,22.5,22.5,1.0,0.03689025105242291,6.116566776551418,55.27784761931876,GT-0163,,True,ACCEPTED
2989.08,RADAR_A,RADAR_A-T8842,True,4,GT-0163,924.9089473783023,20.667003788949586,4.740154737135125,22.5,22.5,1.0,0.02951220084193833,4.5624910935904825,59.60481773464008,GT-0163,,True,ACCEPTED
2990.99,RADAR_C,RADAR_C-T3071,False,4,GT-0163,593.9401927430512,64.06563820518814,10.540339514275205,22.5,22.5,1.0,0.023609760673550667,4.740154737135125,69.86608757162749,GT-0163,,True,ACCEPTED
2991.88,RADAR_A,RADAR_A-T8842,True,4,GT-0163,957.4734879420072,10.146057495365193,4.081694981414325,22.5,22.5,1.0,0.09456013377676062,10.540339514275205,58.38183377850795,GT-0163,,True,ACCEPTED
2994.9,RADAR_A,RADAR_A-T8842,True,4,GT-0163,804.5901481775237,7.379888963018823,2.951665517132778,22.5,22.5,1.0,0.0756481070214085,4.081694981414325,57.5550765146283,GT-0163,,True,ACCEPTED
2995.35,RADAR_B,RADAR_B-T7056,False,4,GT-0163,432.0504010381963,22.78318860646775,14.806325903839193,22.5,22.5,1.0,0.060518485617126805,2.951665517132778,62.715915754167256,GT-0163,,True,ACCEPTED
2997.21,RADAR_A,RADAR_A-T8842,True,4,GT-0163,487.03349888576287,86.37601755803351,14.638836182340043,22.5,22.5,1.0,0.19518688689102134,14.806325903839193,70.71716371334553,GT-0163,,True,ACCEPTED
3000.85,RADAR_B,RADAR_B-T7056,True,4,GT-0163,241.83813594418993,19.033406994190965,1.8471082400683827,22.5,22.5,1.0,0.30013011255181776,14.638836182340043,55.14882415808722,GT-0163,,True,ACCEPTED
3001.7,RADAR_A,RADAR_A-T5721,False,4,GT-0163,467.3737151991651,17.364667242552844,6.434358067944409,22.5,22.5,1.0,0.24010409004145422,1.8471082400683827,55.69326584126928,GT-0163,,True,ACCEPTED
3002.29,RADAR_C,RADAR_C-T3071,True,4,GT-0163,949.2277324557972,23.625370347523862,5.251565618014777,22.5,22.5,1.0,0.1993225731655702,6.434358067944409,59.78138526066248,GT-0163,,True,ACCEPTED
3003.84,RADAR_A,RADAR_A-T5721,True,4,GT-0163,711.0212122463304,17.16245737953382,2.7380159588536097,22.5,22.5,1.0,0.15945805853245618,5.251565618014777,57.78845085221113,GT-0163,,True,ACCEPTED
3005.18,RADAR_B,RADAR_B-T7056,True,4,GT-0163,417.32022366074983,18.533273706567186,1.7509915847904987,22.5,22.5,1.0,0.12756644682596494,2.7380159588536097,57.270241907763264,GT-0163,,True,ACCEPTED
3006.59,RADAR_A,RADAR_A-T5721,True,4,GT-0163,319.7998441542527,1.062744226689674,0.4130202019944305,22.5,22.5,1.0,0.10205315746077195,1.7509915847904987,55.37986856715661,GT-0163,,True,ACCEPTED
3009.29,RADAR_A,RADAR_A-T5721,True,4,GT-0163,598.1295181561965,36.786901257371625,5.254960367332469,22.5,22.5,1.0,0.08164252596861757,0.4130202019944305,59.86756893521061,GT-0163,,True,ACCEPTED
3010.16,RADAR_C,RADAR_C-T3071,True,5,GT-0163,316.2954592471287,14.61718373810871,3.043164457103777,22.5,22.5,1.0,0.06531402077489405,5.254960367332469,54.04401017540367,GT-0163,,True,ACCEPTED
3012.14,RADAR_A,RADAR_A-T5721,True,5,GT-0163,322.86053395792356,16.46249562406975,2.2165950801288763,22.5,22.5,1.0,0.05225121661991525,3.043164457103777,54.507955281790196,GT-0163,,True,ACCEPTED
3017.49,RADAR_A,RADAR_A-T1004,False,5,GT-0163,735.3678970990342,22.32816211745817,2.260263966465969,22.5,22.5,1.0,0.0418009732959322,2.2165950801288763,63.89813197308795,GT-0163,,True,ACCEPTED
3019.01,RADAR_B,RADAR_B-T1875,False,5,GT-0163,300.6808150698884,18.06813266780097,3.4075647633473825,22.5,22.5,1.0,0.033440778636745765,2.260263966465969,54.36683856394247,GT-0163,,True,ACCEPTED
3019.89,RADAR_A,RADAR_A-T1004,True,5,GT-0163,814.139982674002,14.550120172938879,3.7783223759213715,22.5,22.5,1.0,0.026752622909396614,3.4075647633473825,57.260241920213154,GT-0163,,True,ACCEPTED
3022.86,RADAR_A,RADAR_A-T1004,True,5,GT-0163,184.77637746071218,12.752805362412627,0.19388695395006367,22.5,22.5,1.0,0.021402098327517292,3.7783223759213715,62.25873199990703,GT-0163,,True,ACCEPTED
3023.57,RADAR_B,RADAR_B-T1875,True,5,GT-0163,319.2544722846476,25.63909918200758,2.510464088792263,22.5,22.5,1.0,0.017121678662013834,0.19388695395006367,56.95832458765528,GT-0163,,True,ACCEPTED
3025.54,RADAR_A,RADAR_A-T1004,True,5,GT-0163,499.64698356989817,18.50507941053176,1.9901748264725811,22.5,22.5,1.0,0.013697342929611068,2.510464088792263,58.09273983555783,GT-0163,,True,ACCEPTED
3026.39,RADAR_C,RADAR_C-T4514,False,5,GT-0163,648.3018026054085,17.170998520099264,3.7619639615535743,22.5,22.5,1.0,0.010957874343688855,1.9901748264725811,56.34239298148699,GT-0163,,True,ACCEPTED
3028.22,RADAR_A,RADAR_A-T1004,True,5,GT-0163,696.0055588972284,9.550225553384603,2.711430993802281,22.5,22.5,1.0,0.008766299474951084,3.7619639615535743,55.09886684991763,GT-0163,,True,ACCEPTED
3028.39,RADAR_B,RADAR_B-T1875,True,5,GT-0163,521.3234504730087,14.162456604004355,3.5037590471209317,22.5,22.5,1.0,0.007013039579960867,2.711430993802281,54.07732561720447,GT-0163,,True,ACCEPTED
3038.0,RADAR_A,RADAR_A-T9167,False,4,GT-0163,428.2057063670299,15.353224613288665,0.7707888688391705,22.5,22.5,1.0,0.005610431663968694,3.5037590471209317,60.09518116666072,GT-0163,,True,ACCEPTED
3038.62,RADAR_C,RADAR_C-T4514,True,4,GT-0163,1557.132291557514,179.811734255547,135.84109289006307,22.5,22.5,1.0,0.004488345331174956,0.7707888688391705,193.60189108112866,,GT-0167,False,MAHALANOBIS_GATE_FAIL;NEW_TRACK_CREATED
3040.47,RADAR_A,RADAR_A-T9167,True,4,GT-0163,662.6281728486136,24.293695817709697,6.770167358524314,22.5,22.5,1.0,0.004488345331174956,0.7707888688391705,58.27079064577398,GT-0163,,True,ACCEPTED
3041.38,RADAR_B,RADAR_B-T1598,False,4,GT-0163,425.8207366080665,24.041856631276453,2.7759943253440813,22.5,22.5,1.0,0.016426798907011868,6.770167358524314,58.12980292492282,GT-0163,,True,ACCEPTED
3042.58,RADAR_A,RADAR_A-T9167,True,4,GT-0163,868.6678284985798,9.137516029326067,3.5843279370669303,22.5,22.5,1.0,0.013141439125609495,2.7759943253440813,57.881000491260224,GT-0163,,True,ACCEPTED
3045.68,RADAR_A,RADAR_A-T9167,True,4,GT-0163,576.4680139835915,8.783915869180198,1.7218983299848118,22.5,22.5,1.0,0.010513151300487597,3.5843279370669303,57.16124119007491,GT-0163,,True,ACCEPTED
3046.69,RADAR_C,RADAR_C-T4514,False,4,GT-0163,580.2442509884496,12.269414152496966,1.809449798667646,22.5,22.5,1.0,0.008410521040390077,1.7218983299848118,55.66154860379476,GT-0163,,True,ACCEPTED
3046.93,RADAR_B,RADAR_B-T1598,True,4,GT-0163,155.47663645541294,27.54999468387681,7.679169446402028,22.5,22.5,1.0,0.006728416832312062,1.809449798667646,58.88924946800202,GT-0163,,True,ACCEPTED
3047.9,RADAR_A,RADAR_A-T9167,True,4,GT-0163,613.891951890822,5.068980651555098,1.7342408754970766,22.5,22.5,1.0,0.03336889090588346,7.679169446402028,53.55854991079228,GT-0163,,True,ACCEPTED
3050.23,RADAR_A,RADAR_A-T9167,True,4,GT-0163,642.5072814638164,1.8623534425366166,1.8555434643221267,22.5,22.5,1.0,0.026695112724706767,1.7342408754970766,56.26054062586929,GT-0163,,True,ACCEPTED
3051.84,RADAR_A,RADAR_A-T9167,True,4,GT-0163,600.5326753208998,11.402978513223504,3.074574854591404,22.5,22.5,1.0,0.021356090179765416,1.8555434643221267,53.59326243459378,GT-0163,,True,ACCEPTED
3054.2,RADAR_A,RADAR_A-T9167,True,4,GT-0163,546.4274929015866,29.551483318273238,6.4705053710039016,22.5,22.5,1.0,0.017084872143812335,3.074574854591404,59.01024960462918,GT-0163,,True,ACCEPTED
3056.53,RADAR_A,RADAR_A-T9167,True,4,GT-0163,498.1981187550142,41.174121133460865,7.679002995915054,22.5,22.5,1.0,0.02150965389844823,6.4705053710039016,61.33892364923289,GT-0163,,True,ACCEPTED
3056.75,RADAR_B,RADAR_B-T4822,False,4,GT-0163,701.5379161427767,4.525858433680078,2.2720590777890184,22.5,22.5,1.0,0.045191106384009486,7.679002995915054,51.91933164215357,GT-0163,,True,ACCEPTED
3058.92,RADAR_B,RADAR_B-T4822,True,4,GT-0163,448.78116804459967,32.70878070275099,7.569105155903625,22.5,22.5,1.0,0.03615288510720759,2.2720590777890184,60.680982654388245,GT-0163,,True,ACCEPTED
3059.45,RADAR_A,RADAR_A-T9167,True,4,GT-0163,462.03617302354826,15.882745312217043,2.6547535383590946,22.5,22.5,1.0,0.05507406068415982,7.569105155903625,54.70294040240611,GT-0163,,True,ACCEPTED
3061.92,RADAR_A,RADAR_A-T9167,True,4,GT-0163,643.3246777222404,35.590448457684275,10.944314839040231,22.5,22.5,1.0,0.04405924854732786,2.6547535383590946,62.6405848173259,GT-0163,,True,ACCEPTED
3063.74,RADAR_B,RADAR_B-T4822,True,4,GT-0163,840.7350638524593,58.96783341116668,36.72954578370546,22.5,22.5,1.0,0.11765264615519949,10.944314839040231,87.62303559836488,,GT-0169,False,MAHALANOBIS_GATE_FAIL;NEW_TRACK_CREATED
3064.24,RADAR_A,RADAR_A-T9167,True,5,GT-0163,805.4099426391799,35.63155654165453,13.187379863121892,22.5,22.5,1.0,0.11765264615519949,10.944314839040231,64.53501838324125,GT-0163,,True,ACCEPTED
3066.31,RADAR_A,RADAR_A-T9167,True,5,GT-0163,1018.1306217296421,15.542630902648265,6.820163978431398,22.5,22.5,1.0,0.21391178130952448,13.187379863121892,57.59058344509126,GT-0163,,True,ACCEPTED
3068.81,RADAR_C,RADAR_C-T5764,False,5,GT-0163,1275.43107377899,13.467059847746034,5.708190191386733,22.5,22.5,1.0,0.1847988246881429,6.820163978431398,59.179732815161024,GT-0163,,True,ACCEPTED
3069.57,RADAR_B,RADAR_B-T4822,True,5,GT-0169,711.8506786478823,8.343776208440032,1.1314971496385644,22.5,22.5,1.0,0.0,0.0,85.12500918215017,GT-0169,,True,ACCEPTED
3074.32,RADAR_B,RADAR_B-T4822,True,5,GT-0169,1027.1043563349876,57.49981983687171,4.253131822548158,22.5,22.5,1.0,0.0,1.1314971496385644,66.94862314400315,GT-0169,,True,ACCEPTED
3074.45,RADAR_A,RADAR_A-T5331,True,4,GT-0169,1108.2820343886794,15.408619472648697,4.969910405329719,22.5,22.5,1.0,0.0,4.253131822548158,61.02748922319957,GT-0169,,True,ACCEPTED
3076.6,RADAR_A,RADAR_A-T5331,True,4,GT-0169,703.6414203004289,16.50260934790825,2.395359789734879,22.5,22.5,1.0,0.0,4.969910405329719,59.257073617984396,GT-0169,,True,ACCEPTED
3079.26,RADAR_A,RADAR_A-T5331,True,4,GT-0169,496.80860673970096,15.333629848117898,1.24754057494367,22.5,22.5,1.0,0.0,2.395359789734879,60.464754204876066,GT-0169,,True,ACCEPTED
3081.14,RADAR_C,RADAR_C-T5764,True,4,GT-0169,902.2397186710682,14.101798608244554,3.434118901859762,22.5,22.5,1.0,0.0,1.24754057494367,58.326037031571985,GT-0169,,True,ACCEPTED
3081.48,RADAR_A,RADAR_A-T5331,True,4,GT-0169,586.9644457814203,11.254836395817723,1.8981679550146286,22.5,22.5,1.0,0.0,3.434118901859762,56.310994352278854,GT-0169,,True,ACCEPTED
3081.55,RADAR_B,RADAR_B-T3300,False,4,GT-0169,239.3580204389289,19.02391405485085,2.986791151410858,22.5,22.5,1.0,0.0,1.8981679550146286,56.38992537162963,GT-0169,,True,ACCEPTED
3084.05,RADAR_A,RADAR_A-T5331,True,4,GT-0169,686.1297301114699,8.876284717843516,2.4285442531176105,22.5,22.5,1.0,0.0,2.986791151410858,55.12193258351422,GT-0169,,True,ACCEPTED
3086.04,RADAR_B,RADAR_B-T3300,True,4,GT-0169,497.71329494051867,33.520807422448996,4.396113217703685,22.5,22.5,1.0,0.0,2.4285442531176105,58.73054979467691,GT-0169,,True,ACCEPTED
3086.73,RADAR_A,RADAR_A-T5331,True,4,GT-0169,449.40132235061213,38.3992104058618,15.248422141762926,22.5,22.5,1.0,0.0,4.396113217703685,65.87939740762765,GT-0169,,True,ACCEPTED
3088.87,RADAR_A,RADAR_A-T5331,True,4,GT-0169,218.5703790583741,56.659945768612694,2.3702217295907286,22.5,22.5,1.0,0.1541403690293821,15.248422141762926,61.07186642640595,GT-0169,,True,ACCEPTED
3090.47,RADAR_B,RADAR_B-T3300,True,4,GT-0169,199.50602331493565,27.48135700060696,2.099984575546026,22.5,22.5,1.0,0.12331229522350569,2.3702217295907286,56.594161862709726,GT-0169,,True,ACCEPTED
3091.29,RADAR_A,RADAR_A-T5331,True,4,GT-0169,541.8415826807363,27.98337747947506,15.974596047542612,22.5,22.5,1.0,0.09864983617880456,2.099984575546026,64.72413110460735,GT-0169,,True,ACCEPTED
3094.05,RADAR_A,RADAR_A-T5331,True,4,GT-0169,705.7183175541887,26.12676141908604,3.010327736677312,22.5,22.5,1.0,0.24516313640208717,15.974596047542612,59.71409471099965,GT-0169,,True,ACCEPTED
3095.45,RADAR_B,RADAR_B-T3300,True,4,GT-0169,718.7848105948583,41.04963682565968,10.029205517847075,22.5,22.5,1.0,0.19613050912166974,3.010327736677312,63.28605285260937,GT-0169,,True,ACCEPTED
3096.15,RADAR_A,RADAR_A-T5331,True,4,GT-0169,647.1097711393177,8.157594213367958,2.302051945223799,22.5,22.5,1.0,0.22405783259478704,10.029205517847075,55.80511272822955,GT-0169,,True,ACCEPTED
3098.29,RADAR_A,RADAR_A-T5331,True,4,GT-0169,699.0101653054209,15.5577740580741,3.548638062573371,22.5,22.5,1.0,0.17924626607582964,2.302051945223799,56.75502151529459,GT-0169,,True,ACCEPTED
3100.79,RADAR_A,RADAR_A-T5331,True,4,GT-0169,969.2210708196808,26.279901213800603,8.68223030055714,22.5,22.5,1.0,0.14339701286066373,3.548638062573371,60.94909459307381,GT-0169,,True,ACCEPTED
3101.83,RADAR_B,RADAR_B-T3300,True,4,GT-0169,1001.8973854827543,20.567058439471246,7.770595642442321,22.5,22.5,1.0,0.15942144863115,8.68223030055714,59.66402406185356,GT-0169,,True,ACCEPTED
3105.9,RADAR_A,RADAR_A-T8280,False,4,GT-0169,1264.2075252193983,17.88205982154007,8.137653603082303,22.5,22.5,1.0,0.15704708627895866,7.770595642442321,64.23993340316648,GT-0169,,True,ACCEPTED
3107.92,RADAR_B,RADAR_B-T3300,True,4,GT-0169,1186.9193621984518,15.700113930845003,7.687419918828581,22.5,22.5,1.0,0.16126522907453866,8.137653603082303,59.54535595724865,GT-0169,,True,ACCEPTED
3108.13,RADAR_A,RADAR_A-T8280,True,4,GT-0169,1380.2766820898594,16.755118596055137,11.04757704765993,22.5,22.5,1.0,0.1571358485734406,7.687419918828581,62.38919924578587,GT-0169,,True,ACCEPTED
3111.26,RADAR_C,RADAR_C-T6510,False,4,GT-0169,1203.506395247119,10.300878553328936,4.316274523403534,22.5,22.5,1.0,0.20983496298641796,11.04757704765993,60.98832594129878,GT-0169,,True,ACCEPTED
3112.66,RADAR_A,RADAR_A-T7892,False,4,GT-0169,1661.9229428369472,23.077850521731463,14.048271250882692,22.5,22.5,1.0,0.16786797038913437,4.316274523403534,70.41554748302164,GT-0169,,True,ACCEPTED
3112.98,RADAR_B,RADAR_B-T3300,True,4,GT-0169,1502.4492160452598,14.818057578862895,14.143027390784559,22.5,22.5,1.0,0.2684322304926857,14.048271250882692,63.33223099515446,GT-0169,,True,ACCEPTED
3117.99,RADAR_A,RADAR_A-T7937,False,4,GT-0169,1599.6927121296783,3.38532819320077,11.027266846832594,22.5,22.5,1.0,0.35046290757389126,14.143027390784559,66.39608417089187,GT-0169,,True,ACCEPTED
3119.26,RADAR_B,RADAR_B-T3300,True,4,GT-0169,1804.8512238614694,10.306191288018699,17.038025182379737,22.5,22.5,1.0,0.3641581068396562,11.027266846832594,69.80673648542988,GT-0169,,True,ACCEPTED
3120.14,RADAR_A,RADAR_A-T7937,True,4,GT-0169,350.79400867139026,13.09826280470293,1.363246848513107,22.5,22.5,1.0,0.4752935718447206,17.038025182379737,54.35052378855468,GT-0169,,True,ACCEPTED
3122.87,RADAR_A,RADAR_A-T7937,True,4,GT-0169,530.7219541623471,8.517908204495418,1.2818363447162633,22.5,22.5,1.0,0.3802348574757765,1.363246848513107,62.455746313148005,GT-0169,,True,ACCEPTED
3123.83,RADAR_C,RADAR_C-T6510,True,4,GT-0169,290.7229525667437,9.605028890103373,0.5222772226294357,22.5,22.5,1.0,0.30418788598062124,1.2818363447162633,56.547518489726095,GT-0169,,True,ACCEPTED
3125.25,RADAR_A,RADAR_A-T7937,True,4,GT-0169,272.45554851666975,18.79939062849913,1.0041770037451259,22.5,22.5,1.0,0.243350308784497,0.5222772226294357,57.23146559272076,GT-0169,,True,ACCEPTED
3128.04,RADAR_A,RADAR_A-T7937,True,4,GT-0169,249.34283256929876,6.351170622515854,0.38425939845847856,22.5,22.5,1.0,0.19468024702759762,1.0041770037451259,55.04419434157001,GT-0169,,True,ACCEPTED
3129.98,RADAR_B,RADAR_B-T4578,False,4,GT-0169,562.838219453642,4.828784778787851,1.4211719306233561,22.5,22.5,1.0,0.1557441976220781,0.38425939845847856,54.141233693675595,GT-0169,,True,ACCEPTED
3130.79,RADAR_A,RADAR_A-T7937,True,4,GT-0169,896.1891967493981,17.17812440223143,5.213403409494538,22.5,22.5,1.0,0.12459535809766249,1.4211719306233561,58.38303902344595,GT-0169,,True,ACCEPTED
3133.43,RADAR_A,RADAR_A-T7937,True,4,GT-0169,808.5810321684912,14.18003088950225,3.4523490444361444,22.5,22.5,1.0,0.09967628647813,5.213403409494538,57.82504476136984,GT-0169,,True,ACCEPTED
3134.23,RADAR_B,RADAR_B-T4578,True,4,GT-0169,388.0661028500258,17.297143037552555,2.622172284472036,22.5,22.5,1.0,0.079741029182504,3.4523490444361444,56.02810556287657,GT-0169,,True,ACCEPTED
3136.26,RADAR_C,RADAR_C-T6510,True,4,GT-0169,965.2246923107641,21.859566477897424,5.83240438640391,22.5,22.5,1.0,0.06379282334600321,2.622172284472036,59.30084893278916,GT-0169,,True,ACCEPTED
3136.29,RADAR_A,RADAR_A-T7937,True,4,GT-0169,321.924704616004,7.960353205261467,0.7754651612438946,22.5,22.5,1.0,0.05103425867680257,5.83240438640391,53.38455136837652,GT-0169,,True,ACCEPTED
3137.69,RADAR_B,RADAR_B-T4578,True,4,GT-0169,396.201366563585,7.527434441451023,0.9223938675439551,22.5,22.5,1.0,0.04082740694144206,0.7754651612438946,55.01556967255817,GT-0169,,True,ACCEPTED
3137.84,RADAR_A,RADAR_A-T7937,True,4,GT-0169,1079.6501037523897,2.2584330154504775,5.131842490181146,22.5,22.5,1.0,0.03266192555315365,0.9223938675439551,57.21650971175535,GT-0169,,True,ACCEPTED
3140.3,RADAR_A,RADAR_A-T7937,True,4,GT-0169,1067.7910471963635,5.143693596040324,5.342820169997843,22.5,22.5,1.0,0.02612954044252292,5.131842490181146,59.89118312967785,GT-0169,,True,ACCEPTED
3142.88,RADAR_A,RADAR_A-T7937,True,4,GT-0169,904.9340191844096,3.3415760651816773,3.889510118901102,22.5,22.5,1.0,0.020903632354018337,5.342820169997843,56.83209262318236,GT-0169,,True,ACCEPTED
3147.17,RADAR_B,RADAR_B-T7184,False,5,GT-0169,677.0363144927375,12.235496539599604,2.3809378419377265,22.5,22.5,1.0,0.01672290588321467,3.889510118901102,57.179569543684615,GT-0169,,True,ACCEPTED
3147.72,RADAR_A,RADAR_A-T3388,False,4,GT-0169,686.981739674548,25.869690237706106,3.5770909287452843,22.5,22.5,1.0,0.013378324706571737,2.3809378419377265,58.603862243892415,GT-0169,,True,ACCEPTED
3148.0,RADAR_C,RADAR_C-T6510,True,4,GT-0169,1425.3817894585345,16.712732712911045,8.651611042342118,22.5,22.5,1.0,0.01070265976525739,3.5770909287452843,61.81578315434481,GT-0169,,True,ACCEPTED
3150.23,RADAR_A,RADAR_A-T3388,True,3,GT-0169,813.0038043936261,27.78867265424068,4.834243019905725,22.5,22.5,1.0,0.052755645184574554,8.651611042342118,59.42871459072022,GT-0169,,True,ACCEPTED
3151.99,RADAR_A,RADAR_A-T3388,True,3,GT-0169,936.216913942932,6.21591458873515,4.2803030015235555,22.5,22.5,1.0,0.042204516147659646,4.834243019905725,57.26179546943632,GT-0169,,True,ACCEPTED
3152.34,RADAR_B,RADAR_B-T7184,True,3,GT-0169,945.7718062577768,50.96300094264945,30.856483574262352,22.5,22.5,1.0,0.03376361291812772,4.2803030015235555,83.18590183900199,,GT-0171,False,MAHALANOBIS_GATE_FAIL;NEW_TRACK_CREATED
3154.67,RADAR_A,RADAR_A-T3388,True,4,GT-0169,557.2211308545963,17.48300063092358,4.054595621376905,22.5,22.5,1.0,0.03376361291812772,4.2803030015235555,55.21635345863081,GT-0169,,True,ACCEPTED
3157.36,RADAR_A,RADAR_A-T3388,True,4,GT-0169,1045.0061367467445,8.47233989052723,5.109388277878446,22.5,22.5,1.0,0.027010890334502175,4.054595621376905,59.88959406832192,GT-0169,,True,ACCEPTED
3158.26,RADAR_B,RADAR_B-T7184,True,4,GT-0171,408.553715560859,33.226288699149954,0.23292421406808456,22.5,22.5,1.0,0.0,0.0,84.87560553576434,GT-0171,,True,ACCEPTED
3159.76,RADAR_A,RADAR_A-T3388,True,3,GT-0169,817.163681413451,13.437631916756075,5.118193476033301,22.5,22.5,1.0,0.02160871226760174,5.109388277878446,55.46800495651537,GT-0169,,True,ACCEPTED
3162.99,RADAR_A,RADAR_A-T3388,True,3,GT-0169,731.941322827538,9.486947785795302,2.4662223665994327,22.5,22.5,1.0,0.017286969814081395,5.118193476033301,57.302245236787925,GT-0169,,True,ACCEPTED
3163.47,RADAR_B,RADAR_B-T7184,True,3,GT-0169,990.8912810632661,15.470025313660525,7.642875564481551,22.5,22.5,1.0,0.013829575851265118,2.4662223665994327,57.73917462460188,GT-0169,,True,ACCEPTED
3165.87,RADAR_A,RADAR_A-T3388,True,3,GT-0169,1035.6698151918945,17.444529586648507,6.897260322420663,22.5,22.5,1.0,0.03844492008903795,7.642875564481551,58.671010662280956,GT-0169,,True,ACCEPTED
3168.51,RADAR_B,RADAR_B-T7184,True,3,GT-0169,643.2529458700075,16.340705020281405,2.597854027543601,22.5,22.5,1.0,0.04571027477824141,6.897260322420663,57.30110715464329,GT-0169,,True,ACCEPTED
3171.2,RADAR_A,RADAR_A-T3385,False,3,GT-0169,567.0552703513254,1.9326436157993516,1.562945787198718,22.5,22.5,1.0,0.03656821982259313,2.597854027543601,61.24365848112024,GT-0169,,True,ACCEPTED
3174.25,RADAR_A,RADAR_A-T3385,True,3,GT-0169,272.18973664136723,10.12469796520485,0.45742541496212064,22.5,22.5,1.0,0.029254575858074505,1.562945787198718,57.175675503081315,GT-0169,,True,ACCEPTED
3177.04,RADAR_A,RADAR_A-T3385,True,3,GT-0169,139.92865519006983,7.702542547545076,0.38978173991675785,22.5,22.5,1.0,0.023403660686459604,0.45742541496212064,52.949227531966685,GT-0169,,True,ACCEPTED
3179.42,RADAR_A,RADAR_A-T3385,True,3,GT-0169,585.1963702101662,5.161856593337096,1.7736564304056057,22.5,22.5,1.0,0.018722928549167683,0.38978173991675785,54.061054719216,GT-0169,,True,ACCEPTED
3182.0,RADAR_A,RADAR_A-T3385,True,3,GT-0169,520.0520371788327,7.8704885378806715,1.5034643933881962,22.5,22.5,1.0,0.014978342839334148,1.7736564304056057,56.281699472408356,GT-0169,,True,ACCEPTED
3183.97,RADAR_B,RADAR_B-T7288,False,3,GT-0169,741.2051103016234,22.261508056901956,4.410904539637329,22.5,22.5,1.0,0.01198267427146732,1.5034643933881962,58.2602578585916,GT-0169,,True,ACCEPTED
3184.52,RADAR_A,RADAR_A-T3385,True,3,GT-0169,833.6321364488051,13.71041746551955,3.730223523936835,22.5,22.5,1.0,0.009586139417173857,4.410904539637329,56.833626985228115,GT-0169,,True,ACCEPTED
3187.06,RADAR_A,RADAR_A-T3385,True,3,GT-0169,629.557910855538,10.370449233440686,2.1353671379460084,22.5,22.5,1.0,0.0076689115337390855,3.730223523936835,56.74024807430497,GT-0169,,True,ACCEPTED
3187.81,RADAR_B,RADAR_B-T7288,True,3,GT-0169,912.0171118332227,19.376630513890607,4.893120675567857,22.5,22.5,1.0,0.006135129226991269,2.1353671379460084,58.627892668614784,GT-0169,,True,ACCEPTED
3189.94,RADAR_A,RADAR_A-T3385,True,3,GT-0169,871.1832787466467,18.456429576729168,4.292637115056542,22.5,22.5,1.0,0.0049081033815930155,4.893120675567857,58.70565177151171,GT-0169,,True,ACCEPTED
3193.19,RADAR_A,RADAR_A-T3385,True,3,GT-0169,850.0092535075473,11.716190749500422,3.8354433135914348,22.5,22.5,1.0,0.003926482705274413,4.292637115056542,57.64353842333345,GT-0169,,True,ACCEPTED
3193.26,RADAR_B,RADAR_B-T7288,True,3,GT-0169,560.2670837691016,18.636150827844798,3.2289487464639146,22.5,22.5,1.0,0.0031411861642195306,3.8354433135914348,55.83788232304689,GT-0169,,True,ACCEPTED
3195.53,RADAR_A,RADAR_A-T3385,True,3,GT-0169,365.74611641748686,12.733643822905087,1.0404984979049732,22.5,22.5,1.0,0.0025129489313756247,3.2289487464639146,55.36285996680738,GT-0169,,True,ACCEPTED
3195.89,RADAR_C,RADAR_C-T8121,False,3,GT-0169,1404.1781865871653,43.62169663438841,9.899278221780284,22.5,22.5,1.0,0.0020103591451005,1.0404984979049732,67.6598959074295,GT-0169,,True,ACCEPTED
3197.99,RADAR_A,RADAR_A-T3385,True,3,GT-0169,1323.4673470926243,12.062403485225062,9.191818239688443,22.5,22.5,1.0,0.06659625767908513,9.899278221780284,60.54152459851689,GT-0169,,True,ACCEPTED
3200.31,RADAR_A,RADAR_A-T3385,True,3,GT-0169,869.0748069190552,13.610360273539653,4.03958898189903,22.5,22.5,1.0,0.10647397680474216,9.191818239688443,58.307362179517824,GT-0169,,True,ACCEPTED
3202.59,RADAR_C,RADAR_C-T8121,True,3,GT-0169,590.3062266276953,13.161709696037432,1.735221475716049,22.5,22.5,1.0,0.08517918144379373,4.03958898189903,56.34580708243608,GT-0169,,True,ACCEPTED
3203.89,RADAR_A,RADAR_A-T3385,True,3,GT-0169,1355.9922832864727,1.8170258420117185,8.585126306597378,22.5,22.5,1.0,0.06814334515503499,1.735221475716049,61.43964401391506,GT-0169,,True,ACCEPTED
3204.71,RADAR_B,RADAR_B-T6032,False,3,GT-0169,1360.6614570435931,52.73077125928931,28.957403011215135,22.5,22.5,1.0,0.09760011456731763,8.585126306597378,81.93510373602071,,GT-0172,False,SOURCE_MAP_NOT_FOUND;MAHALANOBIS_GATE_FAIL;NEW_TRACK_CREATED
3206.9,RADAR_A,RADAR_A-T3385,True,4,GT-0169,1247.9475985157608,9.182955077695537,7.715706056410823,22.5,22.5,1.0,0.09760011456731763,8.585126306597378,59.77075193184929,GT-0169,,True,ACCEPTED
3208.05,RADAR_C,RADAR_C-T8121,True,4,GT-0169,1180.5159781935463,51.82861205482691,21.32124999108011,22.5,22.5,1.0,0.10667519259403448,7.715706056410823,74.33018045563482,GT-0169,,True,ACCEPTED
3210.25,RADAR_A,RADAR_A-T3385,True,4,GT-0169,1309.162793792652,18.998235010956144,8.366036242143128,22.5,22.5,1.0,0.2853401540752276,21.32124999108011,63.04817432483482,GT-0169,,True,ACCEPTED
3212.63,RADAR_A,RADAR_A-T3385,True,4,GT-0169,1145.3620253128718,22.130206372665796,7.99870250756593,22.5,22.5,1.0,0.26770606062923424,8.366036242143128,61.684759954230124,GT-0169,,True,ACCEPTED
3215.01,RADAR_A,RADAR_A-T3385,True,4,GT-0169,464.15914890371226,6.560480299824342,1.0945593808015093,22.5,22.5,1.0,0.2474765569628196,7.99870250756593,56.04427989635889,GT-0169,,True,ACCEPTED
3217.13,RADAR_A,RADAR_A-T3385,True,3,GT-0169,148.560139601213,8.680532991026864,0.8759292969928296,22.5,22.5,1.0,0.19798124557025568,1.0945593808015093,51.493316311631624,GT-0169,,True,ACCEPTED
3219.4,RADAR_A,RADAR_A-T3385,True,3,GT-0169,353.6012051336351,6.895727750506329,0.6747422299206962,22.5,22.5,1.0,0.15838499645620455,0.8759292969928296,55.49789931083432,GT-0169,,True,ACCEPTED
3222.19,RADAR_A,RADAR_A-T3385,True,3,GT-0169,290.3005686678643,6.981147066019071,0.6094290431145424,22.5,22.5,1.0,0.12670799716496364,0.6747422299206962,53.93995176859037,GT-0169,,True,ACCEPTED
3227.96,RADAR_A,RADAR_A-T7055,False,3,GT-0169,417.93471703528314,22.06801447332823,1.5079822998993557,22.5,22.5,1.0,0.10136639773197093,0.6094290431145424,58.364654081971395,GT-0169,,True,ACCEPTED
3228.3,RADAR_B,RADAR_B-T7641,False,3,GT-0169,735.952671670155,14.921370983106442,17.84970429875844,22.5,22.5,1.0,0.08109311818557674,1.5079822998993557,62.48590728470985,GT-0169,,True,ACCEPTED
3230.13,RADAR_A,RADAR_A-T7055,True,3,GT-0169,517.7161365821584,66.13481606245546,4.208008825570585,22.5,22.5,1.0,0.2623695661944354,17.84970429875844,63.15948332347506,GT-0169,,True,ACCEPTED
3232.56,RADAR_A,RADAR_A-T7055,True,3,GT-0169,692.4746987144448,21.34731575545225,2.618051393339144,22.5,22.5,1.0,0.20989565295554835,4.208008825570585,60.027545758951106,GT-0169,,True,ACCEPTED
3237.61,RADAR_C,RADAR_C-T7272,False,3,GT-0169,725.3505675283587,57.185215394607496,4.926520506753755,22.5,22.5,1.0,0.1679165223644387,2.618051393339144,66.1211190209172,GT-0169,,True,ACCEPTED
3237.64,RADAR_A,RADAR_A-T3762,False,3,GT-0169,603.4544092795119,12.788933094983955,1.9528057546604236,22.5,22.5,1.0,0.13433321789155095,4.926520506753755,57.90053526731522,GT-0169,,True,ACCEPTED
3238.29,RADAR_B,RADAR_B-T3622,False,3,GT-0169,974.6314700709672,9.052020450016116,5.707447393083712,22.5,22.5,1.0,0.10746657431324076,1.9528057546604236,56.912380240326236,GT-0169,,True,ACCEPTED
3240.2,RADAR_A,RADAR_A-T3762,True,3,GT-0169,504.99675443225834,14.10100859549623,1.6366634779907285,22.5,22.5,1.0,0.08597325945059262,5.707447393083712,57.4519516337267,GT-0169,,True,ACCEPTED
3242.52,RADAR_A,RADAR_A-T3762,True,3,GT-0169,464.30841427805103,21.7643286846724,1.4223943795487854,22.5,22.5,1.0,0.06877860756047409,1.6366634779907285,59.009520411141935,GT-0169,,True,ACCEPTED
3244.4,RADAR_B,RADAR_B-T3622,True,4,GT-0169,1067.0709809183588,103.89883785242067,24.97997448549393,22.5,22.5,1.0,0.05502288604837927,1.4223943795487854,82.19270780600036,,GT-0174,False,MAHALANOBIS_GATE_FAIL;NEW_TRACK_CREATED
3244.85,RADAR_A,RADAR_A-T3762,True,5,GT-0169,265.904855296997,26.780477484334252,1.86714592746142,22.5,22.5,1.0,0.05502288604837927,1.4223943795487854,57.05173181383919,GT-0169,,True,ACCEPTED
3245.75,RADAR_C,RADAR_C-T7272,True,5,GT-0169,810.5474435898125,51.30924103754526,23.971980423786245,22.5,22.5,1.0,0.04401830883870342,1.86714592746142,76.43916352733788,,GT-0175,False,MAHALANOBIS_GATE_FAIL;NEW_TRACK_CREATED
3247.28,RADAR_A,RADAR_A-T3762,True,6,GT-0169,628.8596933621781,15.701753958599665,3.5260390751671,22.5,22.5,1.0,0.04401830883870342,1.86714592746142,55.30461537671103,GT-0169,,True,ACCEPTED
3248.68,RADAR_B,RADAR_B-T3622,True,6,GT-0174,591.0179546477317,89.04437344528927,0.3255021224509139,22.5,22.5,1.0,0.0,0.0,82.98754591433122,GT-0174,,True,ACCEPTED
3249.6,RADAR_A,RADAR_A-T3762,True,5,GT-0169,1000.5690872599787,3.609820533906092,5.027854256316157,22.5,22.5,1.0,0.03521464707096274,3.5260390751671,57.0845766712127,GT-0169,,True,ACCEPTED
3252.18,RADAR_A,RADAR_A-T3762,True,5,GT-0169,1076.6718245238658,10.922582677081001,5.969287250920114,22.5,22.5,1.0,0.028171717656770193,5.027854256316157,59.8218881740622,GT-0169,,True,ACCEPTED
3254.14,RADAR_B,RADAR_B-T3622,True,5,GT-0169,1002.2061325219189,15.885948010787166,4.089101844300922,22.5,22.5,1.0,0.022537374125416156,5.969287250920114,59.18501890749123,GT-0169,,True,ACCEPTED
3254.45,RADAR_A,RADAR_A-T3762,True,4,GT-0169,972.80870827212,10.517549309647745,4.690479297264421,22.5,22.5,1.0,0.018029899300332924,4.089101844300922,58.87528115891867,GT-0169,,True,ACCEPTED
3256.62,RADAR_C,RADAR_C-T7272,True,4,GT-0169,786.5757352379119,82.47830505128326,15.064239223460492,22.5,22.5,1.0,0.01442391944026634,4.690479297264421,74.78388162357305,GT-0169,,True,ACCEPTED
3257.09,RADAR_A,RADAR_A-T3762,True,4,GT-0169,1304.4482224711219,5.732439731269949,8.109893160689357,22.5,22.5,1.0,0.16260978927655462,15.064239223460492,62.17252604890736,GT-0169,,True,ACCEPTED
3259.36,RADAR_A,RADAR_A-T3762,True,4,GT-0169,1381.316996637825,3.2672328849426697,8.656066749985094,22.5,22.5,1.0,0.16525271743273298,8.109893160689357,61.24537171955449,GT-0169,,True,ACCEPTED
3261.11,RADAR_B,RADAR_B-T6885,False,3,GT-0169,1759.4221889200517,5.728272071909402,12.779703857061639,22.5,22.5,1.0,0.1764699531126046,8.656066749985094,67.21823932602841,GT-0169,,True,ACCEPTED
3261.66,RADAR_A,RADAR_A-T3762,True,3,GT-0169,1665.1599400126818,13.840592348564368,12.882071785366323,22.5,22.5,1.0,0.25417102677444436,12.779703857061639,67.48636746613904,GT-0169,,True,ACCEPTED
3263.29,RADAR_B,RADAR_B-T6885,True,3,GT-0169,1899.6433270977666,16.054079733501368,19.965115162562007,22.5,22.5,1.0,0.31803801784232755,12.882071785366323,72.85672393341889,GT-0169,,True,ACCEPTED
3264.88,RADAR_A,RADAR_A-T3762,True,3,GT-0169,455.3765034349344,14.946106303022606,1.2732366454323552,22.5,22.5,1.0,0.45443041427386205,19.965115162562007,57.61654978426014,GT-0169,,True,ACCEPTED
3265.12,RADAR_B,RADAR_B-T6885,True,3,GT-0169,738.1516130905705,30.220849269992243,3.2742250812953797,22.5,22.5,1.0,0.36354433141908965,1.2732366454323552,60.46381510297439,GT-0169,,True,ACCEPTED
3267.02,RADAR_A,RADAR_A-T3762,True,3,GT-0169,426.96218167292216,28.684196668447367,1.4321440244419406,22.5,22.5,1.0,0.29083546513527175,3.2742250812953797,60.61262442098821,GT-0169,,True,ACCEPTED
3268.65,RADAR_A,RADAR_A-T3762,True,3,GT-0169,532.078671117109,4.409978166133784,1.4223823398858833,22.5,22.5,1.0,0.23266837210821742,1.4321440244419406,56.34310049242965,GT-0169,,True,ACCEPTED
3270.85,RADAR_A,RADAR_A-T3762,True,3,GT-0169,779.8137889853244,10.918988257393403,3.474596941368532,22.5,22.5,1.0,0.18613469768657395,1.4223823398858833,56.473197245522016,GT-0169,,True,ACCEPTED
3274.0,RADAR_A,RADAR_A-T3762,True,3,GT-0169,820.4015470626626,11.67116466602952,3.948982564366348,22.5,22.5,1.0,0.14890775814925916,3.474596941368532,56.72412309204475,GT-0169,,True,ACCEPTED
3276.55,RADAR_A,RADAR_A-T3762,True,3,GT-0169,1322.9431524675517,20.25704576535139,9.81814688666534,22.5,22.5,1.0,0.11912620651940733,3.948982564366348,63.29187283165374,GT-0169,,True,ACCEPTED
3276.99,RADAR_B,RADAR_B-T3373,False,3,GT-0169,1061.1921491097175,49.702617758022186,16.34373153181989,22.5,22.5,1.0,0.15893674665994822,9.81814688666534,69.93204152074097,GT-0169,,True,ACCEPTED
3278.89,RADAR_A,RADAR_A-T3762,True,3,GT-0169,1450.4969875361999,33.20310688736503,11.784458540974722,22.5,22.5,1.0,0.29954492285829015,16.34373153181989,66.00644019203455,GT-0169,,True,ACCEPTED
3281.51,RADAR_A,RADAR_A-T3762,True,3,GT-0169,1458.4650367167594,62.289113396243,20.077206336997968,22.5,22.5,1.0,0.3360435806362108,11.784458540974722,74.09818362293915,GT-0169,,True,ACCEPTED
3283.89,RADAR_B,RADAR_B-T3373,True,3,GT-0169,1185.2471249113994,46.097337565619824,15.593329995360447,22.5,22.5,1.0,0.46883486450896866,20.077206336997968,68.76314361462057,GT-0169,,True,ACCEPTED
3284.27,RADAR_A,RADAR_A-T3762,True,3,GT-0169,1183.191049675922,49.99278889880019,16.952559224704334,22.5,22.5,1.0,0.5349567248631824,15.593329995360447,69.8992220085907,GT-0169,,True,ACCEPTED
3285.37,RADAR_C,RADAR_C-T9881,False,3,GT-0169,1979.2898065002644,55.80526976746189,13.474155428333823,22.5,33.489144605441126,1.0,0.6105080336356181,16.952559224704334,72.18964859259506,GT-0169,,True,ACCEPTED
3286.96,RADAR_A,RADAR_A-T3762,True,3,GT-0169,1120.9967208792802,23.36724887508578,7.964816727689104,22.5,33.53356231285305,1.0,0.6129756840473916,13.474155428333823,61.329745998026844,GT-0169,,True,ACCEPTED
3289.37,RADAR_A,RADAR_A-T3762,True,3,GT-0169,1049.5833842474208,34.37920272656163,14.22939823025214,22.5,22.5,1.0,0.5231274926993983,7.964816727689104,65.81167490019784,GT-0169,,True,ACCEPTED
3289.96,RADAR_B,RADAR_B-T3373,True,3,GT-0169,1104.6705581836884,32.894283400387415,8.312834363098034,22.5,22.5,1.0,0.5556586313303877,14.22939823025214,63.076889590965735,GT-0169,,True,ACCEPTED
3292.2,RADAR_A,RADAR_A-T3762,True,3,GT-0169,1195.1721035037986,69.28119749027427,21.70828014815735,22.5,22.5,1.0,0.48307414444927743,8.312834363098034,76.2269632352416,GT-0169,,True,ACCEPTED
3293.97,RADAR_B,RADAR_B-T3373,True,3,GT-0169,1250.1648540284677,19.426750985825624,11.050931094437674,22.5,22.5,1.0,0.586459315559422,21.70828014815735,62.628823354185656,GT-0169,,True,ACCEPTED
3295.22,RADAR_A,RADAR_A-T3762,True,3,GT-0169,642.2000291528859,21.35674625890052,2.9725018400136523,22.5,22.5,1.0,0.5533496373548321,11.050931094437674,57.93230631997329,GT-0169,,True,ACCEPTED
3296.78,RADAR_C,RADAR_C-T9881,True,3,GT-0169,105.10496834273623,20.85365449517235,0.32679284054471536,22.5,22.5,1.0,0.44267970988386574,2.9725018400136523,60.51115039082038,GT-0169,,True,ACCEPTED
3297.57,RADAR_A,RADAR_A-T3762,True,3,GT-0169,152.966288726281,6.971681829377934,0.1415788302155989,22.5,22.5,1.0,0.3541437679070926,0.32679284054471536,58.71550333905019,GT-0169,,True,ACCEPTED
3299.14,RADAR_B,RADAR_B-T3373,True,3,GT-0169,350.0850961316425,20.3944628028291,1.6864511151251569,22.5,22.5,1.0,0.28331501432567413,0.1415788302155989,56.55808039266062,GT-0169,,True,ACCEPTED
3300.42,RADAR_A,RADAR_A-T3762,True,3,GT-0169,433.4915077917953,6.321454687459429,1.1336534210402247,22.5,22.5,1.0,0.22665201146053932,1.6864511151251569,54.40308898620307,GT-0169,,True,ACCEPTED
3304.83,RADAR_A,RADAR_A-T5562,False,3,GT-0169,678.364726392883,18.487628829953074,3.2809580245487755,22.5,22.5,1.0,0.18132160916843146,1.1336534210402247,57.65875394981694,GT-0169,,True,ACCEPTED
3305.68,RADAR_C,RADAR_C-T9881,True,3,GT-0169,579.1134586723632,150.94510219087576,62.52833965532828,22.5,22.5,1.0,0.14505728733474518,3.2809580245487755,121.47357777803946,,GT-0176,False,MAHALANOBIS_GATE_FAIL;NEW_TRACK_CREATED
3307.72,RADAR_A,RADAR_A-T5562,True,3,GT-0169,476.78103185007615,11.657627606799812,1.4225112168736542,22.5,22.5,1.0,0.14505728733474518,3.2809580245487755,55.81034269092959,GT-0169,,True,ACCEPTED
3309.7,RADAR_B,RADAR_B-T7962,False,3,GT-0169,617.9047961116596,18.89427686737562,3.052974005345633,22.5,22.5,1.0,0.11604582986779616,1.4225112168736542,56.70489988217634,GT-0169,,True,ACCEPTED
3312.19,RADAR_B,RADAR_B-T7962,True,3,GT-0169,767.7370594965145,10.081586182698247,2.3346216879107016,22.5,22.5,1.0,0.09283666389423693,3.052974005345633,59.15182659593979,GT-0169,,True,ACCEPTED
3313.32,RADAR_A,RADAR_A-T7613,False,3,GT-0169,596.7430589497119,13.604531055350924,1.8871207393431702,22.5,22.5,1.0,0.07426933111538955,2.3346216879107016,57.4228131168576,GT-0169,,True,ACCEPTED
3315.9,RADAR_A,RADAR_A-T7613,True,3,GT-0169,728.2955241960028,12.692872658648,4.100928736658914,22.5,22.5,1.0,0.05941546489231164,1.8871207393431702,54.78802526313042,GT-0169,,True,ACCEPTED
3317.82,RADAR_A,RADAR_A-T7613,True,3,GT-0169,751.9231956775585,5.583459975317094,2.912828782508488,22.5,22.5,1.0,0.04753237191384932,4.100928736658914,56.4006954992132,GT-0169,,True,ACCEPTED
3318.37,RADAR_B,RADAR_B-T7962,True,3,GT-0169,544.2760929837909,11.362713589007287,3.0046228321386232,22.5,22.5,1.0,0.03802589753107946,2.912828782508488,52.98902879400262,GT-0169,,True,ACCEPTED
3320.42,RADAR_A,RADAR_A-T7613,True,3,GT-0169,848.962895745566,13.68596066841393,4.795399153537051,22.5,22.5,1.0,0.03042071802486357,3.0046228321386232,56.33278019366077,GT-0169,,True,ACCEPTED
3323.3,RADAR_A,RADAR_A-T7613,True,3,GT-0169,851.3176373985351,21.29404139864007,7.257245361413097,22.5,22.5,1.0,0.024336574419890858,4.795399153537051,58.2999615364079,GT-0169,,True,ACCEPTED
3324.04,RADAR_B,RADAR_B-T7962,True,3,GT-0169,687.9027651944326,24.524684704259766,12.257872074055179,22.5,22.5,1.0,0.04042334889279764,7.257245361413097,62.17153476823509,GT-0169,,True,ACCEPTED
3328.56,RADAR_A,RADAR_A-T7487,False,3,GT-0169,972.6259810036515,19.533870780350505,5.5154030857959,22.5,22.5,1.0,0.13663654701515776,12.257872074055179,59.687064249416565,GT-0169,,True,ACCEPTED
3329.17,RADAR_B,RADAR_B-T7962,True,3,GT-0169,1673.5466397299351,45.91486944980276,20.22866867381451,22.5,22.5,1.0,0.10930923761212621,5.5154030857959,73.92426740732915,GT-0169,,True,ACCEPTED
3331.44,RADAR_A,RADAR_A-T7487,True,3,GT-0169,951.8509964547982,12.595582396109625,4.85805573796303,22.5,22.5,1.0,0.287447390089701,20.22866867381451,59.299466380963906,GT-0169,,True,ACCEPTED
3331.61,RADAR_C,RADAR_C-T5347,False,3,GT-0169,1156.9619845792008,18.817302219286645,3.1188870937135498,22.5,22.5,1.0,0.2299579120717608,4.85805573796303,60.402718284857556,GT-0169,,True,ACCEPTED
3334.01,RADAR_A,RADAR_A-T7487,True,3,GT-0169,832.057508760032,21.249205952469634,3.9658330058322337,22.5,22.5,1.0,0.18396632965740867,3.1188870937135498,60.110800651750736,GT-0169,,True,ACCEPTED
3336.47,RADAR_A,RADAR_A-T7487,True,3,GT-0169,525.0288897054336,16.42537713846709,3.058723345395306,22.5,22.5,1.0,0.14717306372592695,3.9658330058322337,55.047729776528165,GT-0169,,True,ACCEPTED
3338.75,RADAR_B,RADAR_B-T6309,False,3,GT-0169,592.1501788546386,23.806290268937534,2.165193888786913,22.5,22.5,1.0,0.11773845098074157,3.058723345395306,59.15149227009877,GT-0169,,True,ACCEPTED
3340.89,RADAR_A,RADAR_A-T5773,False,3,GT-0169,1430.1932030362896,29.491212050724076,10.654666247615127,22.5,22.5,1.0,0.09419076078459326,2.165193888786913,67.82537805788127,GT-0169,,True,ACCEPTED
3342.26,RADAR_C,RADAR_C-T5347,True,3,GT-0169,1247.8204417444463,16.28150516621786,6.213863775303104,22.5,22.5,1.0,0.1529303794212601,10.654666247615127,60.21662804935005,GT-0169,,True,ACCEPTED
3344.05,RADAR_B,RADAR_B-T6309,True,3,GT-0169,1506.301578706592,9.299481277994557,12.566765634727933,22.5,22.5,1.0,0.12590869979205982,6.213863775303104,66.13920100687777,GT-0169,,True,ACCEPTED
3344.15,RADAR_A,RADAR_A-T5773,True,3,GT-0169,436.73208860730824,17.870961168330528,19.000641550727526,22.5,22.5,1.0,0.21017305374578008,12.566765634727933,64.27228089833096,GT-0169,,True,ACCEPTED
3348.76,RADAR_B,RADAR_B-T6309,True,3,GT-0169,218.30935388793108,27.821191089679235,0.38800007685516685,22.5,22.5,1.0,0.36813844299662407,19.000641550727526,63.29427659441065,GT-0169,,True,ACCEPTED
3349.17,RADAR_A,RADAR_A-T3365,False,3,GT-0169,965.9874508232936,19.846445678504352,6.426085446378482,22.5,22.5,1.0,0.2945107543972993,0.38800007685516685,59.21103837993005,GT-0169,,True,ACCEPTED
3353.8,RADAR_A,RADAR_A-T5221,False,3,GT-0169,1355.6292967324014,28.56428229027454,11.301718099176387,22.5,22.5,1.0,0.24271002762414748,6.426085446378482,67.65478293194865,GT-0169,,True,ACCEPTED
3355.29,RADAR_B,RADAR_B-T6309,True,3,GT-0169,1298.4853797318565,11.71709690423556,10.414795150361211,22.5,22.5,1.0,0.28252999041892446,11.301718099176387,60.31693544263625,GT-0169,,True,ACCEPTED
3356.19,RADAR_A,RADAR_A-T5221,True,3,GT-0169,1698.819030600555,5.102280455743528,15.571168427487823,22.5,22.5,1.0,0.29960391150782645,10.414795150361211,66.39224075627995,GT-0169,,True,ACCEPTED
3358.33,RADAR_C,RADAR_C-T5347,True,3,GT-0169,1471.4654132701257,43.876722489901546,12.4590312295674,22.5,22.5,1.0,0.3992026029977249,15.571168427487823,68.04846705398602,GT-0169,,True,ACCEPTED
3358.5,RADAR_B,RADAR_B-T6309,True,3,GT-0169,2012.5604383267864,11.763491190046533,21.831259480812705,22.5,22.5,1.0,0.42701260289097,12.4590312295674,74.53084911653144,GT-0169,,True,ACCEPTED
3358.55,RADAR_A,RADAR_A-T5221,True,3,GT-0169,1717.8113156173813,3.1441678465539433,15.101500678515128,22.5,22.5,1.0,0.5416100823127761,21.831259480812705,67.22083334829732,GT-0169,,True,ACCEPTED
3361.0,RADAR_A,RADAR_A-T5221,True,3,GT-0169,2041.6063053481853,11.774718537124636,21.68017006947637,22.5,22.5,1.0,0.584979743825473,15.101500678515128,75.33716742203015,GT-0169,,True,ACCEPTED
3363.49,RADAR_A,RADAR_A-T5221,True,3,GT-0169,2303.2110911628906,12.132405693384747,27.2320800031349,22.5,34.523708311086814,1.0,0.6679837950603784,21.68017006947637,80.20055287515865,GT-0169,,True,ACCEPTED
3364.27,RADAR_B,RADAR_B-T6309,True,3,GT-0169,2287.6989216472543,43.07220868548704,37.06987726757973,22.5,35.718966648869454,1.8,0.7343870360483027,27.2320800031349,88.74112775041539,,GT-0178,False,MAHALANOBIS_GATE_FAIL;NEW_TRACK_CREATED
3366.55,RADAR_A,RADAR_A-T5221,True,4,GT-0178,497.19406797841157,37.029157155754014,1.1250884478464322,22.5,22.5,1.0,0.0,0.0,77.81512765971185,GT-0178,,True,ACCEPTED
3369.0,RADAR_C,RADAR_C-T5347,True,4,GT-0169,4000.5525243446627,131.9296066826281,36.27277595501008,22.5,35.718966648869454,1.8,0.7343870360483027,27.2320800031349,98.05963413182394,,GT-0179,False,MAHALANOBIS_GATE_FAIL;NEW_TRACK_CREATED
3369.86,RADAR_B,RADAR_B-T6309,True,4,GT-0178,431.1741396524284,75.549388044187,2.5159830436743755,22.5,22.5,1.0,0.0,1.1250884478464322,64.3105618978912,GT-0178,,True,ACCEPTED
3374.23,RADAR_A,RADAR_A-T3599,False,4,GT-0178,409.17860996138984,55.319325021929735,2.751703353920372,22.5,22.5,1.0,0.0,2.5159830436743755,62.14607890475835,GT-0178,,True,ACCEPTED
3375.08,RADAR_B,RADAR_B-T6309,True,4,GT-0178,234.45453268926326,15.156644693649255,2.495175201078048,22.5,22.5,1.0,0.0,2.751703353920372,53.066515889354974,GT-0178,,True,ACCEPTED
3376.49,RADAR_A,RADAR_A-T3599,True,4,GT-0178,480.0680697151057,20.766248332599147,1.8537558825260037,22.5,22.5,1.0,0.0,2.495175201078048,57.88251973061394,GT-0178,,True,ACCEPTED
3379.14,RADAR_A,RADAR_A-T3599,True,4,GT-0178,514.8440982812439,11.6621751197096,1.427796563115286,22.5,22.5,1.0,0.0,1.8537558825260037,56.99806187928266,GT-0178,,True,ACCEPTED
3381.49,RADAR_B,RADAR_B-T6309,True,4,GT-0178,1038.7084078536748,34.90076799811864,9.102031443488729,22.5,22.5,1.0,0.0,1.427796563115286,63.22043770916307,GT-0178,,True,ACCEPTED
3381.63,RADAR_A,RADAR_A-T3599,True,4,GT-0178,443.98395282393875,11.542111113354213,3.068674650250179,22.5,22.5,1.0,0.051700524058145486,9.102031443488729,52.26429445344404,GT-0178,,True,ACCEPTED
3386.54,RADAR_A,RADAR_A-T1874,False,4,GT-0178,870.4100521134067,13.216982321791045,4.090999780040147,22.5,22.5,1.0,0.04136041924651639,3.068674650250179,59.02883082501447,GT-0178,,True,ACCEPTED
3387.81,RADAR_C,RADAR_C-T3940,False,4,GT-0178,777.3090421668018,35.78418128494013,3.7073797525961902,22.5,22.5,1.0,0.03308833539721311,4.090999780040147,63.0556268365844,GT-0178,,True,ACCEPTED
3389.55,RADAR_B,RADAR_B-T7821,False,4,GT-0178,339.30239929072553,28.02663173900572,1.230649072722344,22.5,22.5,1.0,0.026470668317770493,3.7073797525961902,59.66973754636095,GT-0178,,True,ACCEPTED
3393.99,RADAR_A,RADAR_A-T3538,False,3,GT-0178,1188.3942757304378,43.07356539893399,6.613270126130505,22.5,22.5,1.0,0.021176534654216397,1.230649072722344,67.2410010070384,GT-0178,,True,ACCEPTED
3395.16,RADAR_B,RADAR_B-T7821,True,3,GT-0178,1145.937284262388,35.54538749682559,17.204667950309748,22.5,22.5,1.0,0.02716239649221487,6.613270126130505,68.77176105297517,GT-0178,,True,ACCEPTED
3396.2,RADAR_A,RADAR_A-T3538,True,3,GT-0178,981.3956964215596,3.0560199263140015,4.671874854622319,22.5,22.5,1.0,0.2084743830322677,17.204667950309748,55.39406699015475,GT-0178,,True,ACCEPTED
3396.48,RADAR_C,RADAR_C-T3940,True,3,GT-0178,984.9696124285886,93.7606249983272,35.05960975544799,22.5,22.5,1.0,0.16677950642581418,4.671874854622319,92.97636408513365,,GT-0180,False,MAHALANOBIS_GATE_FAIL;NEW_TRACK_CREATED
3398.39,RADAR_A,RADAR_A-T3538,True,3,GT-0178,1113.320943961464,5.3376582468776315,6.395493364883196,22.5,22.5,1.0,0.16677950642581418,4.671874854622319,58.088305711521286,GT-0178,,True,ACCEPTED
3400.51,RADAR_A,RADAR_A-T3538,True,3,GT-0178,642.5235182504478,13.656820630159997,2.303762688105348,22.5,22.5,1.0,0.14001516122203794,6.395493364883196,58.18581766812692,GT-0178,,True,ACCEPTED
3400.86,RADAR_B,RADAR_B-T7821,True,3,GT-0178,529.3497091118136,25.95367602658589,3.506629361920181,22.5,22.5,1.0,0.11201212897763035,2.303762688105348,57.13736164085576,GT-0178,,True,ACCEPTED
3402.87,RADAR_A,RADAR_A-T3538,True,3,GT-0178,427.3041616089941,24.83816756133429,1.6902279618310285,22.5,22.5,1.0,0.08960970318210429,3.506629361920181,57.97960264110327,GT-0178,,True,ACCEPTED
3405.2,RADAR_A,RADAR_A-T3538,True,3,GT-0178,669.0903011125928,13.466297887179861,2.507095500801844,22.5,22.5,1.0,0.07168776254568343,1.6902279618310285,59.184898902110234,GT-0178,,True,ACCEPTED
3405.6,RADAR_B,RADAR_B-T7821,True,3,GT-0178,345.92170062091446,17.608552481931977,2.176344428465461,22.5,22.5,1.0,0.05735021003654675,2.507095500801844,55.27845888485371,GT-0178,,True,ACCEPTED
3407.61,RADAR_C,RADAR_C-T3940,False,3,GT-0178,758.5051440768567,41.82475623907827,4.029701711917853,22.5,22.5,1.0,0.0458801680292374,2.176344428465461,63.9524681801161,GT-0178,,True,ACCEPTED
3407.89,RADAR_A,RADAR_A-T3538,True,3,GT-0178,664.9276074414374,11.952231092702103,2.626499945567603,22.5,22.5,1.0,0.03670413442338993,4.029701711917853,56.84275119655603,GT-0178,,True,ACCEPTED
3409.89,RADAR_B,RADAR_B-T7821,True,3,GT-0178,886.6973890278658,14.505565372523435,5.337622137263866,22.5,22.5,1.0,0.02936330753871194,2.626499945567603,58.233653829845686,GT-0178,,True,ACCEPTED
3413.31,RADAR_A,RADAR_A-T5399,False,3,GT-0178,304.8145018964224,37.86833581391022,1.387741937321015,22.5,22.5,1.0,0.023490646030969554,5.337622137263866,60.05020495297378,GT-0178,,True,ACCEPTED
3414.21,RADAR_B,RADAR_B-T7821,True,3,GT-0178,321.0670584549895,34.44318411309116,3.8016498461236665,22.5,22.5,1.0,0.018792516824775646,1.387741937321015,58.45936307911041,GT-0178,,True,ACCEPTED
3415.33,RADAR_A,RADAR_A-T5399,True,3,GT-0178,316.68216292153016,35.27330938027794,3.005382503239452,22.5,22.5,1.0,0.015034013459820517,3.8016498461236665,58.6518539642863,GT-0178,,True,ACCEPTED
3417.66,RADAR_A,RADAR_A-T5399,True,3,GT-0178,423.2798431967903,12.019246356205803,1.438399399792027,22.5,22.5,1.0,0.012027210767856414,3.005382503239452,55.746591045655,GT-0178,,True,ACCEPTED
3420.0,RADAR_A,RADAR_A-T5399,True,3,GT-0178,685.8088101879304,12.208508014246922,3.1894326028051805,22.5,22.5,1.0,0.009621768614285132,1.438399399792027,56.41279143940247,GT-0178,,True,ACCEPTED
3420.33,RADAR_B,RADAR_B-T7821,True,3,GT-0178,535.8581540944472,15.649761656239082,4.713243210283796,22.5,22.5,1.0,0.007697414891428106,3.1894326028051805,54.4473567253481,GT-0178,,True,ACCEPTED
3422.33,RADAR_C,RADAR_C-T3940,True,3,GT-0178,692.7046172104693,23.80693709893391,4.954251663596919,22.5,22.5,1.0,0.006157931913142485,4.713243210283796,58.38154773627823,GT-0178,,True,ACCEPTED
3422.59,RADAR_A,RADAR_A-T5399,True,3,GT-0178,604.6326415179067,14.347939308422154,3.3361605331003004,22.5,22.5,1.0,0.004926345530513989,4.954251663596919,54.890996559532965,GT-0178,,True,ACCEPTED
3425.09,RADAR_A,RADAR_A-T5399,True,3,GT-0178,574.3685229498992,5.001162756179128,1.820479255897317,22.5,22.5,1.0,0.003941076424411191,3.3361605331003004,55.44253536465911,GT-0178,,True,ACCEPTED
3425.16,RADAR_B,RADAR_B-T7821,True,3,GT-0178,1106.2532131061555,8.28687084291176,6.233287416278202,22.5,22.5,1.0,0.003152861139528953,1.820479255897317,56.1784862755427,GT-0178,,True,ACCEPTED
3427.79,RADAR_A,RADAR_A-T5399,True,3,GT-0178,740.6138994212037,3.7411228103254692,2.711905205186958,22.5,22.5,1.0,0.006410412516259861,6.233287416278202,55.03544572878674,GT-0178,,True,ACCEPTED
3428.87,RADAR_B,RADAR_B-T7821,True,3,GT-0178,663.8077297400671,13.85738538836646,2.207448680591115,22.5,22.5,1.0,0.005128330013007889,2.711905205186958,56.89634895429607,GT-0178,,True,ACCEPTED
3433.05,RADAR_A,RADAR_A-T9788,False,4,GT-0178,1008.8725267898479,7.585471967911873,5.312033686279284,22.5,22.5,1.0,0.004102664010406312,2.207448680591115,62.48239829423809,GT-0178,,True,ACCEPTED
3433.62,RADAR_B,RADAR_B-T7821,True,4,GT-0178,1173.3090491623634,21.778498118461727,8.167327844234745,22.5,22.5,1.0,0.0032821312083250497,5.312033686279284,60.69055332699891,GT-0178,,True,ACCEPTED
3435.31,RADAR_C,RADAR_C-T3940,True,4,GT-0178,940.2479896266038,22.71111235320308,7.705647684528454,22.5,22.5,1.0,0.03874783570390579,8.167327844234745,59.50126829491046,GT-0178,,True,ACCEPTED
3435.84,RADAR_A,RADAR_A-T9788,True,4,GT-0178,874.1540633093545,5.929616158279019,4.219062715993653,22.5,22.5,1.0,0.059425729971932205,7.705647684528454,55.30021151521733,GT-0178,,True,ACCEPTED
3438.76,RADAR_A,RADAR_A-T9788,True,4,GT-0178,752.059097540171,8.339795796896864,3.0061999136511868,22.5,22.5,1.0,0.047540583977545764,4.219062715993653,56.85625097115584,GT-0178,,True,ACCEPTED
3441.3,RADAR_A,RADAR_A-T9788,True,4,GT-0178,909.3136481378896,11.207357454799405,4.096225948255881,22.5,22.5,1.0,0.038032467182036615,3.0061999136511868,59.027892937243564,GT-0178,,True,ACCEPTED
3444.29,RADAR_A,RADAR_A-T9788,True,4,GT-0178,751.4742191930021,3.8568378567266333,2.7884368798701513,22.5,22.5,1.0,0.030425973745629293,4.096225948255881,56.89272344214558,GT-0178,,True,ACCEPTED
3444.69,RADAR_B,RADAR_B-T9283,False,4,GT-0178,813.5044625407019,26.551734805216938,13.045848874558073,22.5,22.5,1.0,0.024340778996503436,2.7884368798701513,62.48618539725292,GT-0178,,True,ACCEPTED
3446.79,RADAR_A,RADAR_A-T9788,True,3,GT-0178,1023.385268440932,10.115238553073455,6.036174066738166,22.5,22.5,1.0,0.13690343777317066,13.045848874558073,57.817654344097534,GT-0178,,True,ACCEPTED
3449.45,RADAR_A,RADAR_A-T9788,True,3,GT-0178,197.5194619404531,19.933637499954663,2.4833263303239588,22.5,22.5,1.0,0.11012565133083929,6.036174066738166,54.77738742168285,GT-0178,,True,ACCEPTED
3450.11,RADAR_B,RADAR_B-T9283,True,3,GT-0178,1027.8462946081322,13.156008341730647,4.246332471116756,22.5,22.5,1.0,0.08810052106467144,2.4833263303239588,59.06771461699218,GT-0178,,True,ACCEPTED
3451.4,RADAR_A,RADAR_A-T9788,True,3,GT-0178,262.69933242170873,10.919377686098356,0.5580534862258866,22.5,22.5,1.0,0.07048041685173716,4.246332471116756,56.103513102577544,GT-0178,,True,ACCEPTED
3453.65,RADAR_A,RADAR_A-T9788,True,3,GT-0178,209.52327765032155,9.659902023338077,0.45652376261257893,22.5,22.5,1.0,0.05638433348138973,0.5580534862258866,55.112622669848236,GT-0178,,True,ACCEPTED
3455.46,RADAR_A,RADAR_A-T9788,True,3,GT-0178,443.39981814174047,18.202942108278435,2.6363816646398512,22.5,22.5,1.0,0.04510746678511179,0.45652376261257893,55.26537954780387,GT-0178,,True,ACCEPTED
3456.66,RADAR_C,RADAR_C-T6859,False,3,GT-0178,1653.468115269099,56.95352280618832,7.483290518514287,22.5,22.5,1.0,0.03608597342808943,2.6363816646398512,68.41788032092347,GT-0178,,True,ACCEPTED
3458.37,RADAR_A,RADAR_A-T9788,True,3,GT-0178,502.4441600400905,2.830946538900494,1.2676071545418126,22.5,22.5,1.0,0.05359028738437633,7.483290518514287,59.27543237502614,GT-0178,,True,ACCEPTED
3461.5,RADAR_A,RADAR_A-T9788,True,3,GT-0178,268.52698554774594,19.295479197449797,1.3770425726184063,22.5,22.5,1.0,0.042872229907501065,1.2676071545418126,55.736793418008176,GT-0178,,True,ACCEPTED
3463.96,RADAR_B,RADAR_B-T8407,True,3,GT-0178,536.8897285814367,24.220213680466077,1.7347982010411778,22.5,22.5,1.0,0.03429778392600085,1.3770425726184063,59.971330063666464,GT-0178,,True,ACCEPTED
3465.66,RADAR_C,RADAR_C-T6859,True,3,GT-0178,203.9300070001947,43.54015906041462,1.9976921335956799,22.5,22.5,1.0,0.027438227140800683,1.7347982010411778,61.25681226273616,GT-0178,,True,ACCEPTED
3466.59,RADAR_A,RADAR_A-T8963,False,3,GT-0178,374.65183946281644,12.484134578874565,0.8181651929839485,22.5,22.5,1.0,0.021950581712640548,1.9976921335956799,56.51148272318409,GT-0178,,True,ACCEPTED
3468.46,RADAR_A,RADAR_A-T8963,True,3,GT-0178,160.77298502236368,12.833981341208421,0.4310917688608078,22.5,22.5,1.0,0.017560465370112438,0.8181651929839485,56.13116089144604,GT-0178,,True,ACCEPTED
3470.81,RADAR_A,RADAR_A-T8963,True,3,GT-0178,744.6655011294639,19.906876951306497,3.214426793263991,22.5,22.5,1.0,0.014048372296089951,0.4310917688608078,58.93773914770757,GT-0178,,True,ACCEPTED
3473.36,RADAR_A,RADAR_A-T8963,True,3,GT-0178,136.10217708146982,10.714277880759553,0.5446705846065862,22.5,22.5,1.0,0.011238697836871961,3.214426793263991,53.89882015884724,GT-0178,,True,ACCEPTED
3473.67,RADAR_C,RADAR_C-T6859,True,3,GT-0178,774.6953278186462,25.802890463330876,3.7524660178666314,22.5,22.5,1.0,0.008990958269497569,0.5446705846065862,60.17172612092682,GT-0178,,True,ACCEPTED
3475.76,RADAR_A,RADAR_A-T8963,True,3,GT-0178,508.0966217358415,10.161044861979494,1.3954344425429555,22.5,22.5,1.0,0.007192766615598055,3.7524660178666314,56.15910575301301,GT-0178,,True,ACCEPTED
3479.41,RADAR_B,RADAR_B-T4156,False,3,GT-0178,376.961352065877,28.002758089317634,1.7209248451617751,22.5,22.5,1.0,0.0057542132924784445,1.3954344425429555,59.446057603305164,GT-0178,,True,ACCEPTED
3480.92,RADAR_A,RADAR_A-T8813,False,3,GT-0178,326.9936313481635,11.905797923969928,0.6022953233296351,22.5,22.5,1.0,0.004603370633982756,1.7209248451617751,57.305703394406144,GT-0178,,True,ACCEPTED
3483.45,RADAR_B,RADAR_B-T4156,True,3,GT-0178,315.62476292256656,27.038354111651337,4.28596699320283,22.5,22.5,1.0,0.003682696507186205,0.6022953233296351,58.570891595911206,GT-0178,,True,ACCEPTED
3483.94,RADAR_A,RADAR_A-T8813,True,3,GT-0178,604.7603982078175,13.142496855073682,2.951817943393335,22.5,22.5,1.0,0.0029461572057489643,4.28596699320283,54.60345091561737,GT-0178,,True,ACCEPTED
3486.7,RADAR_A,RADAR_A-T8813,True,3,GT-0178,229.22835306242797,19.470538621472862,0.686346385615723,22.5,22.5,1.0,0.0023569257645991715,2.951817943393335,58.0409281125672,GT-0178,,True,ACCEPTED
3487.72,RADAR_B,RADAR_B-T4156,True,3,GT-0178,404.527203025142,7.6920495949846455,2.3457186763827123,22.5,22.5,1.0,0.0018855406116793372,0.686346385615723,49.931475552389,GT-0178,,True,ACCEPTED
3488.51,RADAR_A,RADAR_A-T8813,True,3,GT-0178,312.0778016568601,15.482045155940257,3.5725129483462683,22.5,22.5,1.0,0.00150843248934347,2.3457186763827123,53.20469882286347,GT-0178,,True,ACCEPTED
3491.01,RADAR_A,RADAR_A-T8813,True,3,GT-0178,280.7788555158263,16.015606641418277,2.916466392392746,22.5,22.5,1.0,0.001206745991474776,3.5725129483462683,53.38213474808258,GT-0178,,True,ACCEPTED
3493.02,RADAR_A,RADAR_A-T8813,True,3,GT-0178,362.01472292420544,20.322666455193076,1.8600838840119467,22.5,22.5,1.0,0.0009653967931798207,2.916466392392746,55.835753289055496,GT-0178,,True,ACCEPTED
3493.38,RADAR_B,RADAR_B-T4156,True,3,GT-0178,858.8740983443018,13.459072027543266,4.034223197627101,22.5,22.5,1.0,0.0007723174345438566,1.8600838840119467,56.019288522304855,GT-0178,,True,ACCEPTED
3495.2,RADAR_C,RADAR_C-T6786,True,3,GT-0178,289.39931717451225,35.78132072096545,6.206872736580036,22.5,22.5,1.0,0.0006178539476350853,4.034223197627101,60.43442841035885,GT-0178,,True,ACCEPTED
3499.13,RADAR_B,RADAR_B-T4156,True,3,GT-0178,984.9236345060099,19.23899693717528,5.054825336408396,22.5,22.5,1.0,0.003942162101108665,6.206872736580036,61.37738044905555,GT-0178,,True,ACCEPTED
3502.88,RADAR_A,RADAR_A-T8328,False,3,GT-0178,918.5524798255403,14.201097489524852,4.601832422526617,22.5,22.5,1.0,0.003153729680886932,5.054825336408396,58.242095007666826,GT-0178,,True,ACCEPTED
3503.18,RADAR_B,RADAR_B-T4156,True,3,GT-0178,1034.448500192398,21.152793435095237,6.024857328862616,22.5,22.5,1.0,0.0025229837447095457,4.601832422526617,59.45211628859086,GT-0178,,True,ACCEPTED
3505.29,RADAR_A,RADAR_A-T8328,True,3,GT-0178,1112.1441679745747,3.033084744853396,6.202974436356705,22.5,22.5,1.0,0.0024326758101445725,6.024857328862616,60.31018422021671,GT-0178,,True,ACCEPTED
3505.61,RADAR_C,RADAR_C-T6786,True,3,GT-0178,67.39128035144834,83.19448872130454,51.040326266772496,22.5,22.5,1.0,0.005329047920727404,6.202974436356705,105.77080008799612,,GT-0187,False,MAHALANOBIS_GATE_FAIL;NEW_TRACK_CREATED
3507.55,RADAR_B,RADAR_B-T4156,True,4,GT-0178,519.4748770708455,25.41715785521904,2.1708195795018232,22.5,22.5,1.0,0.005329047920727404,6.202974436356705,58.61086143609444,GT-0178,,True,ACCEPTED
3507.77,RADAR_A,RADAR_A-T8328,True,4,GT-0178,358.4776590843286,13.603788783137546,10.371710125713031,22.5,22.5,1.0,0.004263238336581924,2.1708195795018232,55.54676087692222,GT-0178,,True,ACCEPTED
3509.77,RADAR_A,RADAR_A-T8328,True,4,GT-0178,545.9190878117281,37.06020416630169,2.9349796400945256,22.5,22.5,1.0,0.07627242609781607,10.371710125713031,59.81332164611338,GT-0178,,True,ACCEPTED
3514.32,RADAR_A,RADAR_A-T1984,False,3,GT-0178,1062.3637853418118,22.490392355060404,6.105592238932978,22.5,22.5,1.0,0.06101794087825285,2.9349796400945256,65.94510975038995,GT-0178,,True,ACCEPTED
3517.34,RADAR_A,RADAR_A-T1984,True,3,GT-0178,1181.6976656961162,16.073025774264263,9.145623088580965,22.5,22.5,1.0,0.05057422335148525,6.105592238932978,61.15214170374007,GT-0178,,True,ACCEPTED
3517.57,RADAR_B,RADAR_B-T1371,False,3,GT-0178,1208.3810027930765,11.640200624998567,8.8895028064232,22.5,22.5,1.0,0.09288643015753763,9.145623088580965,59.27273385900323,GT-0178,,True,ACCEPTED
3520.32,RADAR_A,RADAR_A-T1984,True,3,GT-0178,1453.2467823158445,11.618988534281854,12.05619400176098,22.5,22.5,1.0,0.12246752423308345,8.8895028064232,65.47451319181857,GT-0178,,True,ACCEPTED
3521.88,RADAR_B,RADAR_B-T1371,True,3,GT-0178,1693.9062458743554,17.972378933847843,9.315444612271078,22.5,22.5,1.0,0.19891058608248313,12.05619400176098,63.24241662586285,GT-0178,,True,ACCEPTED
3523.14,RADAR_A,RADAR_A-T1984,True,3,GT-0178,1627.2328709751655,9.339780599279253,13.593557175205971,22.5,22.5,1.0,0.2143858790705045,9.315444612271078,65.91707658234434,GT-0178,,True,ACCEPTED
3526.02,RADAR_A,RADAR_A-T1984,True,3,GT-0178,2013.3482704823482,23.06555711682878,21.284050418387054,22.5,22.5,1.0,0.2980679895098365,13.593557175205971,76.52795275454542,GT-0178,,True,ACCEPTED
3528.2,RADAR_B,RADAR_B-T1371,True,3,GT-0178,2414.470955750237,12.450964776357104,30.71449557816049,22.5,22.5,1.0,0.4384543916078692,21.284050418387054,84.0407503013948,,GT-0188,False,MAHALANOBIS_GATE_FAIL;NEW_TRACK_CREATED
3528.78,RADAR_A,RADAR_A-T1984,True,4,GT-0188,287.3236767959793,19.190722363134476,0.40192155655254147,22.5,22.5,1.0,0.0,0.0,68.37918411067244,GT-0188,,True,ACCEPTED
3530.88,RADAR_C,RADAR_C-T7873,False,4,GT-0188,994.3592588860803,191.33928670902438,30.401404999521183,22.5,22.5,1.0,0.0,0.40192155655254147,91.81837950997564,,GT-0189,False,SOURCE_MAP_NOT_FOUND;MAHALANOBIS_GATE_FAIL;NEW_TRACK_CREATED
3531.61,RADAR_A,RADAR_A-T1984,True,5,GT-0188,625.8218425558142,111.43223854990333,8.186150620750878,22.5,22.5,1.0,0.0,0.40192155655254147,67.6753256461966,GT-0188,,True,ACCEPTED
3534.26,RADAR_A,RADAR_A-T1984,True,5,GT-0188,409.72451899947146,10.613200530295144,0.9458982763469678,22.5,22.5,1.0,0.0364358436791813,8.186150620750878,56.35600463262036,GT-0188,,True,ACCEPTED
3536.49,RADAR_A,RADAR_A-T1984,True,4,GT-0188,789.0147075921811,7.224954908832134,3.2234265254067056,22.5,22.5,1.0,0.02914867494334504,0.9458982763469678,59.717827054193656,GT-0188,,True,ACCEPTED
3538.13,RADAR_B,RADAR_B-T1774,False,4,GT-0188,702.2526257566749,6.440602919971031,2.5708959102757647,22.5,22.5,1.0,0.023318939954676033,3.2234265254067056,53.03407555964208,GT-0188,,True,ACCEPTED
3539.09,RADAR_A,RADAR_A-T1984,True,4,GT-0188,545.0900261653696,28.21564344277859,6.02873048632668,22.5,22.5,1.0,0.01865515196374083,2.5708959102757647,58.18022295330756,GT-0188,,True,ACCEPTED
3541.34,RADAR_A,RADAR_A-T1984,True,4,GT-0188,1020.6431581025016,10.318403047847788,5.140744012673313,22.5,22.5,1.0,0.015402963009770659,6.02873048632668,60.826365213844056,GT-0188,,True,ACCEPTED
3543.4,RADAR_B,RADAR_B-T1774,True,4,GT-0188,666.2468783291267,20.033011369662514,2.85250990887099,22.5,22.5,1.0,0.012322370407816528,5.140744012673313,57.64989396067215,GT-0188,,True,ACCEPTED
3544.78,RADAR_A,RADAR_A-T1984,True,3,GT-0188,1149.8637285829714,10.857535561300697,6.7541246578855505,22.5,22.5,1.0,0.009857896326253224,2.85250990887099,60.33725189499382,GT-0188,,True,ACCEPTED
3548.06,RADAR_B,RADAR_B-T1774,True,3,GT-0188,1796.7724012679894,14.800659906147787,14.113254741655055,22.5,22.5,1.0,0.02045506135909509,6.7541246578855505,68.89209404391411,GT-0188,,True,ACCEPTED
3549.55,RADAR_A,RADAR_A-T5397,False,3,GT-0188,1565.9996900428173,28.13750189996184,13.932792169427577,22.5,22.5,1.0,0.15158496144819364,14.113254741655055,68.28516806650613,GT-0188,,True,ACCEPTED
3551.94,RADAR_A,RADAR_A-T5397,True,3,GT-0188,1618.8064201582092,18.19822590219778,16.49072747594831,22.5,22.5,1.0,0.2534811719823479,13.932792169427577,66.91650557499291,GT-0188,,True,ACCEPTED
3554.62,RADAR_A,RADAR_A-T5397,True,3,GT-0188,505.3931625722894,8.105048546548357,1.3151525218521853,22.5,22.5,1.0,0.3776303955183502,16.49072747594831,58.97130140305918,GT-0188,,True,ACCEPTED
3554.81,RADAR_B,RADAR_B-T1774,True,3,GT-0188,515.6472487642095,10.332596616293507,2.407071060888594,22.5,22.5,1.0,0.30210431641468016,1.3151525218521853,52.962107294786605,GT-0188,,True,ACCEPTED
3555.52,RADAR_C,RADAR_C-T4317,False,3,GT-0188,699.8904181207279,17.164840098526515,2.158823442318695,22.5,22.5,1.0,0.24168345313174414,2.407071060888594,58.257727977508665,GT-0188,,True,ACCEPTED
3559.81,RADAR_A,RADAR_A-T3318,True,3,GT-0188,740.5390623866875,20.015355989664872,2.9469122202221927,22.5,22.5,1.0,0.19334676250539531,2.158823442318695,64.69677630431309,GT-0188,,True,ACCEPTED
3563.21,RADAR_A,RADAR_A-T3318,True,3,GT-0188,1241.1462106253896,11.799688825995354,9.17404122154818,22.5,22.5,1.0,0.15467741000431626,2.9469122202221927,63.12632639696761,GT-0188,,True,ACCEPTED
3564.25,RADAR_B,RADAR_B-T9574,False,3,GT-0188,1632.5780911968775,15.066593488986882,18.665685675442376,22.5,22.5,1.0,0.17664261502925602,9.17404122154818,67.80891809836086,GT-0188,,True,ACCEPTED
3565.59,RADAR_A,RADAR_A-T3318,True,3,GT-0188,326.71719991049326,9.579637295722655,1.007498909532162,22.5,22.5,1.0,0.3413140920234048,18.665685675442376,53.59901724820914,GT-0188,,True,ACCEPTED
3567.97,RADAR_B,RADAR_B-T9574,True,3,GT-0188,830.3091025117241,4.618322871024108,3.154042705832642,22.5,22.5,1.0,0.27305127361872383,1.007498909532162,60.846160964413265,GT-0188,,True,ACCEPTED
3568.39,RADAR_C,RADAR_C-T4317,True,3,GT-0188,909.3485794915547,31.606531665957192,4.813892533309468,22.5,22.5,1.0,0.21844101889497908,3.154042705832642,61.13931279949436,GT-0188,,True,ACCEPTED
3569.6,RADAR_A,RADAR_A-T7493,False,3,GT-0188,309.6427032020642,9.19146251349108,0.5352282069576895,22.5,22.5,1.0,0.17475281511598328,4.813892533309468,57.131873029743176,GT-0188,,True,ACCEPTED
3571.5,RADAR_A,RADAR_A-T7493,True,3,GT-0188,640.0015723170717,7.8278801589423335,2.2574817860638943,22.5,22.5,1.0,0.13980225209278663,0.5352282069576895,55.89287764984501,GT-0188,,True,ACCEPTED
3573.33,RADAR_A,RADAR_A-T7493,True,3,GT-0188,470.64236627311936,10.9434304401378,1.9255792064108943,22.5,22.5,1.0,0.1118418016742293,2.2574817860638943,53.85259611569105,GT-0188,,True,ACCEPTED
3574.01,RADAR_B,RADAR_B-T9574,True,3,GT-0188,450.35695812586704,10.493591432907008,1.7627664851279607,22.5,22.5,1.0,0.08947344133938345,1.9255792064108943,53.25399201818878,GT-0188,,True,ACCEPTED
3576.25,RADAR_A,RADAR_A-T7493,True,3,GT-0188,510.8548787907179,47.57172212490897,4.426628091724675,22.5,22.5,1.0,0.07157875307150677,1.7627664851279607,60.7076048388481,GT-0188,,True,ACCEPTED
3576.87,RADAR_C,RADAR_C-T4317,True,3,GT-0188,545.1394157608242,32.79553384752915,3.692449115354378,22.5,22.5,1.0,0.05726300245720542,4.426628091724675,60.23587163885341,GT-0188,,True,ACCEPTED
3578.92,RADAR_B,RADAR_B-T9574,True,3,GT-0188,642.4160573028196,86.08792052854722,8.475966357672407,22.5,22.5,1.0,0.04581040196576434,3.692449115354378,67.63755020359149,GT-0188,,True,ACCEPTED
3578.97,RADAR_A,RADAR_A-T7493,True,3,GT-0188,353.61475411850404,38.63230215562662,2.4159213409941396,22.5,22.5,1.0,0.07791442753381825,8.475966357672407,59.03700739419259,GT-0188,,True,ACCEPTED
3581.8,RADAR_A,RADAR_A-T7493,True,3,GT-0188,186.31026913188282,23.767359944896054,1.907952609589508,22.5,22.5,1.0,0.0623315420270546,2.4159213409941396,55.644381958532136,GT-0188,,True,ACCEPTED
3582.66,RADAR_B,RADAR_B-T9574,True,3,GT-0188,380.54203388998917,20.30432683627294,4.356091411844343,22.5,22.5,1.0,0.04986523362164368,1.907952609589508,55.15555822999694,GT-0188,,True,ACCEPTED
3585.01,RADAR_A,RADAR_A-T7493,True,3,GT-0188,728.5686236598021,15.19616404232987,3.6759734844641807,22.5,22.5,1.0,0.03989218689731495,4.356091411844343,57.21187630113464,GT-0188,,True,ACCEPTED
3586.03,RADAR_B,RADAR_B-T9574,True,3,GT-0188,498.31403772901194,8.003022456742304,0.9446751383283434,22.5,22.5,1.0,0.03191374951785196,3.6759734844641807,56.01793160003538,GT-0188,,True,ACCEPTED
3586.48,RADAR_C,RADAR_C-T4317,True,3,GT-0188,445.657383643109,14.743729389004615,0.7622689721205569,22.5,22.5,1.0,0.02553099961428157,0.9446751383283434,60.045401683291196,GT-0188,,True,ACCEPTED
3587.84,RADAR_A,RADAR_A-T7493,True,3,GT-0188,381.3261693671372,8.842555268439929,1.0056697583307137,22.5,22.5,1.0,0.020424799691425258,0.7622689721205569,55.083117034969476,GT-0188,,True,ACCEPTED
3590.36,RADAR_B,RADAR_B-T9574,True,3,GT-0188,288.29830519104735,11.906699751479348,0.957500965054007,22.5,22.5,1.0,0.01633983975314021,1.0056697583307137,54.15072304567125,GT-0188,,True,ACCEPTED
3593.09,RADAR_C,RADAR_C-T4317,True,3,GT-0188,288.8766437493068,35.51741262026597,2.7935494359425883,22.5,22.5,1.0,0.013071871802512167,0.957500965054007,59.323136099588616,GT-0188,,True,ACCEPTED
3593.29,RADAR_A,RADAR_A-T2553,False,3,GT-0188,471.7784830595698,7.961888779814768,1.3094200691813531,22.5,22.5,1.0,0.010457497442009734,2.7935494359425883,55.50035509885462,GT-0188,,True,ACCEPTED
3594.33,RADAR_B,RADAR_B-T9574,True,3,GT-0188,712.4397185174436,17.314026318774243,2.539602761203973,22.5,22.5,1.0,0.008365997953607788,1.3094200691813531,57.47973023366414,GT-0188,,True,ACCEPTED
3595.45,RADAR_A,RADAR_A-T2553,True,3,GT-0188,162.69156844807827,11.447204002632544,0.6775874922438722,22.5,22.5,1.0,0.006692798362886231,2.539602761203973,53.72204828009407,GT-0188,,True,ACCEPTED
3597.4,RADAR_A,RADAR_A-T2553,True,3,GT-0188,367.2722548300415,9.161232382652623,1.5281675725697927,22.5,22.5,1.0,0.005354238690308985,0.6775874922438722,51.9690192218577,GT-0188,,True,ACCEPTED
3599.6,RADAR_B,RADAR_B-T9574,True,3,GT-0188,441.5418298285254,32.43894641598267,4.354516215946764,22.5,22.5,1.0,0.004283390952247188,1.5281675725697927,58.50187191536434,GT-0188,,True,ACCEPTED
3602.13,RADAR_A,RADAR_A-T6226,False,3,GT-0188,135.24338736519883,14.965889261847073,0.37190280535890574,22.5,22.5,1.0,0.0034267127617977505,4.354516215946764,56.63662178200299,GT-0188,,True,ACCEPTED
3603.56,RADAR_B,RADAR_B-T9574,True,3,GT-0188,221.14943614210534,7.823762001661772,0.7579865579818843,22.5,22.5,1.0,0.0027413702094382006,0.37190280535890574,51.931675214040105,GT-0188,,True,ACCEPTED
3604.02,RADAR_A,RADAR_A-T6226,True,3,GT-0188,428.241601121793,10.006398476640658,1.529743849820645,22.5,22.5,1.0,0.0021930961675505605,0.7579865579818843,53.146917309251215,GT-0188,,True,ACCEPTED
3606.23,RADAR_A,RADAR_A-T6226,True,3,GT-0188,367.21462870215424,18.480784776559076,1.6521616657895517,22.5,22.5,1.0,0.0017544769340404485,1.529743849820645,55.82401480200933,GT-0188,,True,ACCEPTED
3611.3,RADAR_A,RADAR_A-T2964,False,3,GT-0188,425.3693613481236,22.11192376046826,1.3360926677552059,22.5,22.5,1.0,0.001403581547232359,1.6521616657895517,57.94504987832934,GT-0188,,True,ACCEPTED
3612.96,RADAR_A,RADAR_A-T2964,True,3,GT-0188,259.7834625641509,4.975757425606931,0.4803499481188591,22.5,22.5,1.0,0.0011228652377858871,1.3360926677552059,52.41601597827552,GT-0188,,True,ACCEPTED
3613.48,RADAR_B,RADAR_B-T2463,False,3,GT-0188,304.30234909504054,7.0911335511051705,1.8382217449080431,22.5,22.5,1.0,0.0008982921902287097,0.4803499481188591,49.16418392275457,GT-0188,,True,ACCEPTED
3615.43,RADAR_C,RADAR_C-T2019,False,3,GT-0188,824.901294330084,100.01847677554751,7.582945248182562,22.5,22.5,1.0,0.0007186337521829678,1.8382217449080431,69.6315529509298,GT-0188,,True,ACCEPTED
3616.26,RADAR_A,RADAR_A-T2964,True,3,GT-0188,690.9657700702929,19.53785940108687,2.4952175760742743,22.5,22.5,1.0,0.026957327804789075,7.582945248182562,62.86275382298534,GT-0188,,True,ACCEPTED
3619.1,RADAR_A,RADAR_A-T2964,True,3,GT-0188,335.61532114369896,23.36002630937746,1.627218361272317,22.5,22.5,1.0,0.021565862243831262,2.4952175760742743,56.73119804717854,GT-0188,,True,ACCEPTED
3619.75,RADAR_B,RADAR_B-T2463,True,3,GT-0188,842.6657397860689,49.211269662332235,13.044911166407005,22.5,22.5,1.0,0.017252689795065012,1.627218361272317,67.05804575722753,GT-0188,,True,ACCEPTED
3625.48,RADAR_C,RADAR_C-T2019,True,3,GT-0188,703.0604366005739,8.222925209531587,1.9260670123154358,22.5,22.5,1.0,0.13121733794283544,13.044911166407005,60.68422334124801,GT-0188,,True,ACCEPTED
3625.75,RADAR_A,RADAR_A-T5094,False,3,GT-0188,502.09207688420037,9.149810279547655,1.4403746730198719,22.5,22.5,1.0,0.10497387035426836,1.9260670123154358,54.79095227919124,GT-0188,,True,ACCEPTED
3627.67,RADAR_A,RADAR_A-T5094,True,3,GT-0188,263.68753950298543,29.167992580135717,5.3453833662001635,22.5,22.5,1.0,0.0839790962834147,1.4403746730198719,57.53297357479693,GT-0188,,True,ACCEPTED
3629.89,RADAR_A,RADAR_A-T5094,True,3,GT-0188,370.298302078361,15.08604513550061,1.8344052649356042,22.5,22.5,1.0,0.06718327702673176,5.3453833662001635,54.60002521491433,GT-0188,,True,ACCEPTED
3632.55,RADAR_A,RADAR_A-T5094,True,3,GT-0188,497.3572049393204,9.650480639272994,1.193921709566158,22.5,22.5,1.0,0.05374662162138541,1.8344052649356042,56.93517358190715,GT-0188,,True,ACCEPTED
3632.58,RADAR_B,RADAR_B-T2565,False,3,GT-0188,605.7217136242506,25.765329910658036,4.9168676864622585,22.5,22.5,1.0,0.04299729729710833,1.193921709566158,58.219436601725434,GT-0188,,True,ACCEPTED
3637.33,RADAR_A,RADAR_A-T9428,False,3,GT-0188,471.87864650300577,28.368002424765255,2.0872757224842617,22.5,22.5,1.0,0.034397837837686664,4.9168676864622585,58.416454605983034,GT-0188,,True,ACCEPTED
3639.32,RADAR_B,RADAR_B-T2565,True,3,GT-0188,121.99217759858487,18.183641600825894,2.6441124334163,22.5,22.5,1.0,0.02751827027014933,2.0872757224842617,54.037478016517795,GT-0188,,True,ACCEPTED
3640.11,RADAR_A,RADAR_A-T9428,True,3,GT-0188,188.96851074909645,18.448312173728365,2.2176517480097027,22.5,22.5,1.0,0.022014616216119467,2.6441124334163,54.405509926723184,GT-0188,,True,ACCEPTED
3642.14,RADAR_A,RADAR_A-T9428,True,3,GT-0188,444.9684020181629,7.1496558800975105,1.211575599226852,22.5,22.5,1.0,0.017611692972895575,2.2176517480097027,54.17224407116202,GT-0188,,True,ACCEPTED
3644.5,RADAR_A,RADAR_A-T9428,True,3,GT-0188,549.852028227438,6.460721800019633,1.9875615070737342,22.5,22.5,1.0,0.01408935437831646,1.211575599226852,51.639887582755655,GT-0188,,True,ACCEPTED
3646.76,RADAR_B,RADAR_B-T2565,True,3,GT-0188,329.7353003148455,35.761362036839216,8.000329236918823,22.5,22.5,1.0,0.011271483502653168,1.9875615070737342,61.28969177142884,GT-0188,,True,ACCEPTED
3647.33,RADAR_A,RADAR_A-T9428,True,3,GT-0188,322.33558856421655,14.98213324754698,1.6845054523277587,22.5,22.5,1.0,0.04235600741743625,8.000329236918823,54.10251594069049,GT-0188,,True,ACCEPTED
3650.23,RADAR_A,RADAR_A-T9428,True,3,GT-0188,216.03486425040916,7.910298590993097,0.4320886597959578,22.5,22.5,1.0,0.033884805933949005,1.6845054523277587,54.69114024613291,GT-0188,,True,ACCEPTED
3652.24,RADAR_B,RADAR_B-T2565,True,3,GT-0188,585.4921629618481,95.5184069348716,45.905715763806434,22.5,22.5,1.0,0.027107844747159205,0.4320886597959578,100.609826580754,,GT-0191,False,MAHALANOBIS_GATE_FAIL;NEW_TRACK_CREATED
3655.48,RADAR_B,RADAR_B-T2565,True,3,GT-0191,1246.1236182254056,57.99603229291327,2.3448870750979727,22.5,22.5,1.0,0.0,0.0,83.91117290355268,GT-0191,,True,ACCEPTED
3655.53,RADAR_A,RADAR_A-T1282,False,3,GT-0191,707.4085717323117,31.764336863002107,12.337598716600876,22.5,22.5,1.0,0.0,2.3448870750979727,64.77147991147615,GT-0191,,True,ACCEPTED
3657.89,RADAR_A,RADAR_A-T1282,True,3,GT-0191,680.8949797782651,92.58013695836007,2.370385052061105,22.5,22.5,1.0,0.10562664527668127,12.337598716600876,67.55742894487368,GT-0191,,True,ACCEPTED
3659.63,RADAR_B,RADAR_B-T2565,True,3,GT-0191,807.0937862343475,66.79835018364744,17.3517849666892,22.5,22.5,1.0,0.08450131622134502,2.370385052061105,72.46997386134248,GT-0191,,True,ACCEPTED
3660.77,RADAR_A,RADAR_A-T1282,True,3,GT-0191,301.16110823337607,51.530911881982256,4.4102756677112485,22.5,22.5,1.0,0.25679746908856266,17.3517849666892,61.01375522422827,GT-0191,,True,ACCEPTED
3663.45,RADAR_A,RADAR_A-T1282,True,3,GT-0191,983.7279104590867,10.591017289141318,4.26339551076214,22.5,22.5,1.0,0.20543797527085014,4.4102756677112485,63.4087755903481,GT-0191,,True,ACCEPTED
3665.13,RADAR_A,RADAR_A-T1282,True,3,GT-0191,384.0990071996424,14.803695064719218,1.0753293952289253,22.5,22.5,1.0,0.16435038021668014,4.26339551076214,56.946996049004234,GT-0191,,True,ACCEPTED
3666.23,RADAR_C,RADAR_C-T1453,False,3,GT-0191,574.4578193286104,35.64095375810159,5.597827536994466,22.5,22.5,1.0,0.1314803041733441,1.0753293952289253,60.670879853832304,GT-0191,,True,ACCEPTED
3667.51,RADAR_B,RADAR_B-T3472,False,3,GT-0191,758.4592266700471,30.19148241640497,5.28158941821862,22.5,22.5,1.0,0.10518424333867529,5.597827536994466,59.99139856590869,GT-0191,,True,ACCEPTED
3667.55,RADAR_A,RADAR_A-T1282,True,3,GT-0191,174.27043025148765,20.036933896272707,8.122001986830576,22.5,22.5,1.0,0.08414739467094023,5.28158941821862,56.95813203815983,GT-0191,,True,ACCEPTED
3671.6,RADAR_A,RADAR_A-T6232,False,3,GT-0191,500.4181558446372,16.538566343116692,2.0381537935021434,22.5,22.5,1.0,0.1026846155172618,8.122001986830576,56.21128097570454,GT-0191,,True,ACCEPTED
3674.32,RADAR_A,RADAR_A-T6232,True,3,GT-0191,935.7064636344007,10.476877809333764,4.298676008913969,22.5,22.5,1.0,0.08214769241380944,2.0381537935021434,58.48170489226463,GT-0191,,True,ACCEPTED
3676.72,RADAR_A,RADAR_A-T6232,True,3,GT-0191,568.7841490386434,16.03530400022743,1.7494594590516217,22.5,22.5,1.0,0.06571815393104756,4.298676008913969,58.817710196243226,GT-0191,,True,ACCEPTED
3678.87,RADAR_A,RADAR_A-T6232,True,3,GT-0191,540.5760356769545,52.98755346617671,8.008401166741244,22.5,22.5,1.0,0.05257452314483805,1.7494594590516217,62.88888659836463,GT-0191,,True,ACCEPTED
3679.56,RADAR_B,RADAR_B-T7733,False,3,GT-0191,791.3428790821955,31.02090107947377,7.650532209931862,22.5,22.5,1.0,0.07553297129489117,8.008401166741244,61.627733618719084,GT-0191,,True,ACCEPTED
3681.24,RADAR_A,RADAR_A-T6232,True,2,GT-0191,1063.2280728849494,46.64254571252363,15.128079592270922,22.5,22.5,1.0,0.08793524720144398,7.650532209931862,68.05404605384444,GT-0191,,True,ACCEPTED
3681.43,RADAR_C,RADAR_C-T1453,True,2,GT-0191,922.5183447477926,19.888222772640184,3.055991536581888,22.5,22.5,1.0,0.22248285763233722,15.128079592270922,59.531566846542006,GT-0191,,True,ACCEPTED
3683.73,RADAR_B,RADAR_B-T7733,True,2,GT-0191,1043.7109848993257,26.23060916510381,4.276021136475923,22.5,22.5,1.0,0.17798628610586978,3.055991536581888,60.709410859275614,GT-0191,,True,ACCEPTED
3683.77,RADAR_A,RADAR_A-T6232,True,2,GT-0191,1344.7787355111802,56.20687343097646,16.53485009146752,22.5,22.5,1.0,0.14238902888469582,4.276021136475923,70.7333777849028,GT-0191,,True,ACCEPTED
3686.48,RADAR_A,RADAR_A-T6232,True,2,GT-0191,1314.7520666562266,22.874078560872015,9.17860528729943,22.5,22.5,1.0,0.2894920579655486,16.53485009146752,62.77471572902954,GT-0191,,True,ACCEPTED
3688.75,RADAR_A,RADAR_A-T6232,True,2,GT-0191,509.31989539045276,8.081528341243624,1.2630982941505255,22.5,22.5,1.0,0.2845704011607627,9.17860528729943,57.997409409683804,GT-0191,,True,ACCEPTED
3691.51,RADAR_A,RADAR_A-T6232,True,2,GT-0191,273.50500918914156,12.229894645681885,1.2273274925227327,22.5,22.5,1.0,0.22765632092861018,1.2630982941505255,53.44651438871789,GT-0191,,True,ACCEPTED
3693.66,RADAR_A,RADAR_A-T6232,True,2,GT-0191,569.6311798908195,15.320731743536475,2.0021422647023943,22.5,22.5,1.0,0.18212505674288815,1.2273274925227327,56.33115785991404,GT-0191,,True,ACCEPTED
3698.66,RADAR_A,RADAR_A-T1161,False,2,GT-0191,365.33345510865803,11.146513235052343,0.7383041615548808,22.5,22.5,1.0,0.14570004539431053,2.0021422647023943,57.66551357180479,GT-0191,,True,ACCEPTED
3701.01,RADAR_A,RADAR_A-T1161,True,2,GT-0191,563.4730392425806,6.7267146269557285,1.8775988505804242,22.5,22.5,1.0,0.11656003631544842,0.7383041615548808,52.81742217856449,GT-0191,,True,ACCEPTED
3704.61,RADAR_A,RADAR_A-T1161,True,2,GT-0191,459.48759059073944,12.721105212347837,1.1375770652673203,22.5,22.5,1.0,0.09324802905235874,1.8775988505804242,60.21701631299271,GT-0191,,True,ACCEPTED
3705.38,RADAR_B,RADAR_B-T5888,False,2,GT-0191,358.6651148462545,25.072249749885728,11.992867089108227,22.5,22.5,1.0,0.074598423241887,1.1375770652673203,61.92017515522865,GT-0191,,True,ACCEPTED
3706.98,RADAR_A,RADAR_A-T1161,True,2,GT-0191,412.7949841535209,22.12095195217178,4.346324306265403,22.5,22.5,1.0,0.15955985674531337,11.992867089108227,56.151279478575354,GT-0191,,True,ACCEPTED
3709.63,RADAR_A,RADAR_A-T1161,True,2,GT-0191,590.5115375630704,9.732050473176686,1.8157898186639214,22.5,22.5,1.0,0.1276478853962507,4.346324306265403,57.85651499208568,GT-0191,,True,ACCEPTED
3710.5,RADAR_B,RADAR_B-T5888,True,2,GT-0191,488.21717110408974,9.100507102866155,2.0929861171680053,22.5,22.5,1.0,0.10211830831700056,1.8157898186639214,52.43924573233861,GT-0191,,True,ACCEPTED
3711.41,RADAR_C,RADAR_C-T1141,False,2,GT-0191,845.9108434315372,41.744119415482764,15.334992457945358,22.5,22.5,1.0,0.08169464665360045,2.0929861171680053,68.31406352540526,GT-0191,,True,ACCEPTED
3711.96,RADAR_A,RADAR_A-T1161,True,2,GT-0191,566.3076216544899,27.746613921675277,6.181766977462756,22.5,22.5,1.0,0.22093892495530298,15.334992457945358,58.26348513470157,GT-0191,,True,ACCEPTED
3713.85,RADAR_B,RADAR_B-T5888,True,2,GT-0191,861.5669066511053,46.864369362214305,18.146846565753943,22.5,22.5,1.0,0.17978058958862167,6.181766977462756,71.66430256870746,GT-0191,,True,ACCEPTED
3713.96,RADAR_A,RADAR_A-T1161,True,2,GT-0191,707.4044851974396,14.482489506127921,4.7086926388643455,22.5,22.5,1.0,0.34382447167089736,18.146846565753943,55.051141830739425,GT-0191,,True,ACCEPTED
3716.98,RADAR_A,RADAR_A-T1161,True,2,GT-0191,1165.9836972718467,30.42845474408952,8.599239612456385,22.5,22.5,1.0,0.2750595773367179,4.7086926388643455,64.20188626723018,GT-0191,,True,ACCEPTED
3717.99,RADAR_B,RADAR_B-T5888,True,2,GT-0191,835.4669990205718,22.60564126938381,5.900798214737823,22.5,22.5,1.0,0.2633683220769807,8.599239612456385,58.52707461956123,GT-0191,,True,ACCEPTED
3720.05,RADAR_A,RADAR_A-T1161,True,2,GT-0191,1344.9579638146413,3.9880968568039403,8.113078772167954,22.5,22.5,1.0,0.21069465766158457,5.900798214737823,61.386859821580444,GT-0191,,True,ACCEPTED
3721.91,RADAR_B,RADAR_B-T5888,True,2,GT-0191,1857.8093723651837,10.69980510417867,16.341919266010667,22.5,22.5,1.0,0.20377370566540023,8.113078772167954,67.73370674696484,GT-0191,,True,ACCEPTED
3722.14,RADAR_A,RADAR_A-T1161,True,2,GT-0191,1302.3786862608326,16.71425340082852,12.217811500287873,22.5,22.5,1.0,0.335384285632498,16.341919266010667,61.30468887166395,GT-0191,,True,ACCEPTED
3725.06,RADAR_A,RADAR_A-T1161,True,2,GT-0191,337.64175485082234,9.854000760192454,0.6147489638801671,22.5,22.5,1.0,0.37193762017746296,12.217811500287873,57.4610308512634,GT-0191,,True,ACCEPTED
3725.36,RADAR_B,RADAR_B-T5888,True,2,GT-0191,777.6333438293183,15.18356943207195,5.015887330442025,22.5,22.5,1.0,0.29755009614197037,0.6147489638801671,56.07965960560406,GT-0191,,True,ACCEPTED
3727.4,RADAR_A,RADAR_A-T1161,True,2,GT-0191,519.8726070492844,5.75564711954438,1.38438535178919,22.5,22.5,1.0,0.23804007691357632,5.015887330442025,58.26101590464037,GT-0191,,True,ACCEPTED
3729.47,RADAR_A,RADAR_A-T1161,True,2,GT-0191,564.1049434012523,30.63405569042915,3.2883645145823914,22.5,22.5,1.0,0.19043206153086106,1.38438535178919,58.73012121092444,GT-0191,,True,ACCEPTED
3732.03,RADAR_A,RADAR_A-T1161,True,2,GT-0191,697.8649136479346,17.620460874118084,3.531006758636921,22.5,22.5,1.0,0.15234564922468885,3.2883645145823914,57.95875124812504,GT-0191,,True,ACCEPTED
3735.03,RADAR_A,RADAR_A-T1161,True,2,GT-0191,1601.9002352034868,19.987953796172395,14.286664534673344,22.5,22.5,1.0,0.12187651937975108,3.531006758636921,67.25016900962757,GT-0191,,True,ACCEPTED
3735.52,RADAR_B,RADAR_B-T2877,False,2,GT-0191,1711.5722634116253,9.807403004063723,14.271720925338137,22.5,22.5,1.0,0.23561229108168993,14.286664534673344,66.46008406076103,GT-0191,,True,ACCEPTED
3740.33,RADAR_A,RADAR_A-T5703,False,2,GT-0191,1566.8931244794583,26.71072905895155,10.763603688268663,22.5,22.5,1.0,0.32635184828765423,14.271720925338137,67.52072832683844,GT-0191,,True,ACCEPTED
3741.34,RADAR_B,RADAR_B-T2877,True,2,GT-0191,1448.3087472762402,8.688360407412613,9.107104081072238,22.5,22.5,1.0,0.3404748734346011,10.763603688268663,61.61765495029819,GT-0191,,True,ACCEPTED
3742.24,RADAR_C,RADAR_C-T5560,False,2,GT-0191,2273.7246272332873,19.758326181620287,6.328064362510102,22.5,22.5,1.0,0.3241649667655515,9.107104081072238,65.5858232236058,GT-0191,,True,ACCEPTED
3743.0,RADAR_A,RADAR_A-T5703,True,2,GT-0191,1630.3142135135988,57.29285308127148,26.48762765074,22.5,22.5,1.0,0.2647997127876096,6.328064362510102,80.23054229334879,,GT-0193,False,MAHALANOBIS_GATE_FAIL;NEW_TRACK_CREATED
3745.43,RADAR_B,RADAR_B-T2877,True,3,GT-0191,1767.7130600221972,40.232980826416494,20.591554326885095,22.5,22.5,1.0,0.2647997127876096,6.328064362510102,76.28740908064952,GT-0191,,True,ACCEPTED
3750.06,RADAR_A,RADAR_A-T8874,False,2,GT-0191,995.1299324333347,30.24412780091679,4.150715599064807,22.5,22.5,1.0,0.4118397702300877,20.591554326885095,66.70256230507822,GT-0191,,True,ACCEPTED
3750.76,RADAR_B,RADAR_B-T2877,True,2,GT-0191,1554.0581934755894,66.60420424976567,21.04184717019755,22.5,22.5,1.0,0.3294718161840702,4.150715599064807,76.8970087715719,GT-0191,,True,ACCEPTED
3752.19,RADAR_A,RADAR_A-T8874,True,2,GT-0191,1228.3350173452554,12.783135535479074,7.537489807520988,22.5,22.5,1.0,0.46357745294725616,21.04184717019755,62.51073329044014,GT-0191,,True,ACCEPTED
3754.68,RADAR_C,RADAR_C-T5560,True,2,GT-0191,1303.9882089877585,7.684489705183469,6.210058557806023,22.5,22.5,1.0,0.3964867924831547,7.537489807520988,61.384520658357694,GT-0191,,True,ACCEPTED
3754.89,RADAR_A,RADAR_A-T8874,True,2,GT-0191,1117.823570664253,14.131567442434076,6.5188490542221444,22.5,22.5,1.0,0.3206904099499575,6.210058557806023,60.70422473384411,GT-0191,,True,ACCEPTED
3756.01,RADAR_B,RADAR_B-T2877,True,2,GT-0191,1120.65065125502,39.83142875089372,11.820723649579358,22.5,22.5,1.0,0.2651998121970018,6.5188490542221444,65.67212115102123,GT-0191,,True,ACCEPTED
3757.49,RADAR_A,RADAR_A-T8874,True,2,GT-0191,1555.0659215619833,5.547339154792351,11.39243456629695,22.5,22.5,1.0,0.30917191058392407,11.820723649579358,65.25830007618224,GT-0191,,True,ACCEPTED
3760.01,RADAR_A,RADAR_A-T8874,True,2,GT-0191,1713.0196968114194,10.561272854593915,13.922756160006404,22.5,22.5,1.0,0.3372114379054218,11.39243456629695,66.69790840489095,GT-0191,,True,ACCEPTED
3761.29,RADAR_B,RADAR_B-T2877,True,2,GT-0191,2035.687571735526,21.98119416242676,12.84411817582553,22.5,22.5,1.0,0.4018150863244442,13.922756160006404,66.952769076252,GT-0191,,True,ACCEPTED
3761.54,RADAR_A,RADAR_A-T8874,True,2,GT-0191,1808.8659593917332,11.616629362938745,15.572337463331909,22.5,22.5,1.0,0.4355207053233142,12.84411817582553,66.94577991210812,GT-0191,,True,ACCEPTED
3763.58,RADAR_A,RADAR_A-T8874,True,2,GT-0191,2421.281258574889,7.936271863379815,25.648766211172184,22.5,22.5,1.0,0.5079555219808499,15.572337463331909,79.600803645561,,GT-0194,False,MAHALANOBIS_GATE_FAIL;NEW_TRACK_CREATED
3763.85,RADAR_C,RADAR_C-T5560,True,3,GT-0191,2324.6921114778847,79.77463845646936,18.21050191015398,22.5,22.5,1.0,0.5079555219808499,15.572337463331909,78.20065279904753,GT-0191,,True,ACCEPTED
3765.95,RADAR_A,RADAR_A-T8874,True,3,GT-0194,952.5328779620165,2.1461776773983314,3.514457751803493,22.5,22.5,1.0,0.0,0.0,80.61976079162031,GT-0194,,True,ACCEPTED
3766.64,RADAR_B,RADAR_B-T2877,True,3,GT-0191,1960.1980715492844,15.628226315847183,18.117279451165505,22.5,33.41455951652424,1.0,0.60636441758468,18.21050191015398,75.01777830676225,GT-0191,,True,ACCEPTED
3768.95,RADAR_A,RADAR_A-T8874,True,3,GT-0194,540.8655065570629,11.588161572986856,1.9850689111816322,22.5,22.5,1.0,0.0,3.514457751803493,54.74362506614302,GT-0194,,True,ACCEPTED
3771.07,RADAR_B,RADAR_B-T2877,True,3,GT-0191,1685.5800746535751,24.41510559087444,9.50645277772388,22.5,34.83164761321939,1.0,0.6850915340677439,18.117279451165505,66.18821806271274,GT-0191,,True,ACCEPTED
3771.98,RADAR_A,RADAR_A-T8874,True,3,GT-0194,474.49297689775665,36.18932173274089,1.7912176356650884,22.5,22.5,1.0,0.0,1.9850689111816322,61.915324234070624,GT-0194,,True,ACCEPTED
3772.87,RADAR_C,RADAR_C-T5560,True,3,GT-0191,2380.43690629126,29.55872976413724,7.107895363244582,22.5,33.41725392389268,1.0,0.6065141068829265,9.50645277772388,68.94020790741608,GT-0191,,True,ACCEPTED
3774.97,RADAR_A,RADAR_A-T8874,True,3,GT-0194,495.74972078219236,49.63041299837634,7.061034099091825,22.5,22.5,1.0,0.0,1.7912176356650884,61.99267183817686,GT-0194,,True,ACCEPTED
3777.94,RADAR_A,RADAR_A-T8874,True,2,GT-0191,3177.630454759012,20.63521336897652,44.37402439811732,22.5,22.5,1.0,0.5036762082270843,7.107895363244582,104.7838738679746,,GT-0195,False,MAHALANOBIS_GATE_FAIL;NEW_TRACK_CREATED
3780.35,RADAR_A,RADAR_A-T8874,True,3,GT-0195,269.9996639847605,4.855386428444018,0.30605663473672323,22.5,22.5,1.0,0.0,0.0,77.33130964449573,GT-0195,,True,ACCEPTED
3782.8,RADAR_B,RADAR_B-T3643,False,3,GT-0195,120.06663990845513,25.595445706738985,0.749728193709134,22.5,22.5,1.0,0.0,0.30605663473672323,59.175819646148724,GT-0195,,True,ACCEPTED
3783.2,RADAR_A,RADAR_A-T8874,True,3,GT-0195,789.6524062370021,26.58825273739002,4.177803576613116,22.5,22.5,1.0,0.0,0.749728193709134,60.72576008760373,GT-0195,,True,ACCEPTED
3787.96,RADAR_B,RADAR_B-T3643,True,3,GT-0195,572.8356552829956,23.379456061546033,2.1685943225017947,22.5,22.5,1.0,0.0,4.177803576613116,59.31816578964651,GT-0195,,True,ACCEPTED
3788.44,RADAR_A,RADAR_A-T6249,False,3,GT-0195,350.3700709745867,15.190060571252245,1.0019372604684977,22.5,22.5,1.0,0.0,2.1685943225017947,56.54988858785466,GT-0195,,True,ACCEPTED
3790.71,RADAR_A,RADAR_A-T6249,True,3,GT-0195,284.23458417782746,20.203410031255345,2.3069406187173884,22.5,22.5,1.0,0.0,1.0019372604684977,55.3540318802808,GT-0195,,True,ACCEPTED
3792.83,RADAR_B,RADAR_B-T3643,True,3,GT-0195,102.43995477062798,12.458774550760726,0.24844154124627096,22.5,22.5,1.0,0.0,2.3069406187173884,58.127273437967354,GT-0195,,True,ACCEPTED
3793.24,RADAR_A,RADAR_A-T6249,True,3,GT-0195,262.70144115876707,6.590250140995769,0.36213466286219004,22.5,22.5,1.0,0.0,0.24844154124627096,58.065078581171946,GT-0195,,True,ACCEPTED
3795.86,RADAR_C,RADAR_C-T1040,False,3,GT-0195,991.4617046540768,20.275679148923317,5.27236318627599,22.5,22.5,1.0,0.0,0.36213466286219004,59.0830876426184,GT-0195,,True,ACCEPTED
3796.04,RADAR_A,RADAR_A-T6249,True,3,GT-0195,128.28738288641304,16.31316771363964,3.5446530935434937,22.5,22.5,1.0,0.0,5.27236318627599,53.65260271988371,GT-0195,,True,ACCEPTED
3797.92,RADAR_B,RADAR_B-T3643,True,3,GT-0195,99.62072318534729,35.41819951403082,5.733768279739351,22.5,22.5,1.0,0.0,3.5446530935434937,58.96880131372294,GT-0195,,True,ACCEPTED
3799.04,RADAR_A,RADAR_A-T6249,True,3,GT-0195,442.50588813171066,37.06526495609041,14.083048620114266,22.5,22.5,1.0,0.0,5.733768279739351,65.07203544823706,GT-0195,,True,ACCEPTED
3801.38,RADAR_A,RADAR_A-T6249,True,3,GT-0195,410.85676439419944,24.153884253567846,3.7620366270789805,22.5,22.5,1.0,0.13471747700190442,14.083048620114266,56.66365242434586,GT-0195,,True,ACCEPTED
3803.05,RADAR_C,RADAR_C-T1040,True,2,GT-0195,1391.2768536345075,116.06616556627951,60.52480574343474,22.5,22.5,1.0,0.10777398160152354,3.7620366270789805,117.05485530950429,,GT-0197,False,MAHALANOBIS_GATE_FAIL;NEW_TRACK_CREATED
3803.76,RADAR_A,RADAR_A-T6249,True,3,GT-0195,313.25200372717984,4.849550639306009,0.5601901716029579,22.5,22.5,1.0,0.10777398160152354,3.7620366270789805,53.00194354101573,GT-0195,,True,ACCEPTED
3811.94,RADAR_A,RADAR_A-T9864,False,3,GT-0195,543.6762668942682,9.22842972877992,1.0816521486103419,22.5,22.5,1.0,0.08621918528121884,0.5601901716029579,59.62163066146685,GT-0195,,True,ACCEPTED
3812.45,RADAR_B,RADAR_B-T6364,False,3,GT-0195,221.2216997315363,8.61646928684659,1.1016100429753843,22.5,22.5,1.0,0.06897534822497507,1.0816521486103419,51.39379408269796,GT-0195,,True,ACCEPTED
3815.07,RADAR_A,RADAR_A-T9864,True,2,GT-0195,374.0268578688147,7.32110694838516,0.6096166458962805,22.5,22.5,1.0,0.05518027857998006,1.1016100429753843,61.26934344287732,GT-0195,,True,ACCEPTED
3816.91,RADAR_B,RADAR_B-T6364,True,2,GT-0195,311.60205545529493,17.86711270352863,0.6623792235027021,22.5,22.5,1.0,0.044144222863984055,0.6096166458962805,58.71795993956983,GT-0195,,True,ACCEPTED
3817.29,RADAR_A,RADAR_A-T9864,True,2,GT-0195,685.247994555208,15.590354698489211,2.720572817291597,22.5,22.5,1.0,0.03531537829118724,0.6623792235027021,59.298777746736064,GT-0195,,True,ACCEPTED
3820.3,RADAR_A,RADAR_A-T9864,True,2,GT-0195,507.6267433092723,19.209033150078238,2.4437428535754684,22.5,22.5,1.0,0.028252302632949797,2.720572817291597,56.05272441618206,GT-0195,,True,ACCEPTED
3822.22,RADAR_B,RADAR_B-T6364,True,2,GT-0195,256.2507542059508,18.10653742075866,1.6540907632779862,22.5,22.5,1.0,0.022601842106359838,2.4437428535754684,55.787655594109665,GT-0195,,True,ACCEPTED
3823.06,RADAR_A,RADAR_A-T9864,True,2,GT-0195,626.8415804768556,19.13247140037025,3.4312076138384215,22.5,22.5,1.0,0.018081473685087873,1.6540907632779862,57.02173138400129,GT-0195,,True,ACCEPTED
3823.83,RADAR_C,RADAR_C-T9154,False,2,GT-0195,602.9070880827051,81.29149152883056,38.858156861818514,22.5,22.5,1.0,0.014465178948070298,3.4312076138384215,93.49862215937263,,GT-0198,False,SOURCE_MAP_NOT_FOUND;MAHALANOBIS_GATE_FAIL;NEW_TRACK_CREATED
3825.9,RADAR_A,RADAR_A-T9864,True,3,GT-0195,299.7130077787826,13.503308597956755,0.9999918981882445,22.5,22.5,1.0,0.014465178948070298,3.4312076138384215,54.806856468463074,GT-0195,,True,ACCEPTED
3828.79,RADAR_A,RADAR_A-T9864,True,3,GT-0195,263.03090931102236,15.644181577665963,0.8834556753153405,22.5,22.5,1.0,0.01157214315845624,0.9999918981882445,55.79801234874715,GT-0195,,True,ACCEPTED
3829.66,RADAR_C,RADAR_C-T9154,True,3,GT-0198,415.0299453698547,158.87372165147661,0.21089598560294323,22.5,22.5,1.0,0.0,0.0,85.8000129986009,,GT-0199,False,VELOCITY_GATE_FAIL;NEW_TRACK_CREATED
3830.96,RADAR_A,RADAR_A-T9864,True,4,GT-0195,303.6509417232529,12.718740045912122,1.2661360717874386,22.5,22.5,1.0,0.009257714526764991,0.8834556753153405,53.90370234435661,GT-0195,,True,ACCEPTED
3832.78,RADAR_B,RADAR_B-T8305,False,4,GT-0195,590.8543933792376,32.84842922839294,4.86991062816434,22.5,22.5,1.0,0.0074061716214119935,1.2661360717874386,60.40432574273065,GT-0195,,True,ACCEPTED
3835.79,RADAR_A,RADAR_A-T2300,False,4,GT-0195,263.53258250213656,6.410335550290651,0.38462548283289255,22.5,22.5,1.0,0.005924937297129595,4.86991062816434,56.46803828390986,GT-0195,,True,ACCEPTED
3838.22,RADAR_A,RADAR_A-T2300,True,4,GT-0195,144.3157395251568,8.2345163202061,0.6068873389713114,22.5,22.5,1.0,0.004739949837703677,0.38462548283289255,52.332339099340885,GT-0195,,True,ACCEPTED
3839.45,RADAR_B,RADAR_B-T8305,True,4,GT-0195,660.9154374388743,17.650606876626604,2.1473545176392195,22.5,22.5,1.0,0.0037919598701629414,0.6068873389713114,57.94068740637835,GT-0195,,True,ACCEPTED
3840.36,RADAR_A,RADAR_A-T2300,True,3,GT-0195,180.76307240181947,9.151252245884132,0.4057724602194973,22.5,22.5,1.0,0.003033567896130353,2.1473545176392195,54.67657816171363,GT-0195,,True,ACCEPTED
3840.99,RADAR_C,RADAR_C-T9154,True,3,GT-0199,848.3995194720823,38.2747603040802,0.7046742070621352,22.5,22.5,1.0,0.0,0.0,89.55353573289126,GT-0199,,True,ACCEPTED
3842.47,RADAR_A,RADAR_A-T2300,True,2,GT-0195,274.1069777690779,16.014521101615784,2.2323797435293318,22.5,22.5,1.0,0.0024268543169042828,0.4057724602194973,54.058140482678695,GT-0195,,True,ACCEPTED
3844.51,RADAR_A,RADAR_A-T2300,True,2,GT-0195,193.6359526671132,8.393692795063199,0.5892056248425364,22.5,22.5,1.0,0.0019414834535234262,2.2323797435293318,53.000771044011756,GT-0195,,True,ACCEPTED
3845.73,RADAR_B,RADAR_B-T8305,True,2,GT-0195,227.42606274044218,11.994402096610601,0.7726264712815921,22.5,22.5,1.0,0.0015531867628187411,0.5892056248425364,54.19187624397435,GT-0195,,True,ACCEPTED
3847.11,RADAR_A,RADAR_A-T2300,True,2,GT-0195,338.36166359693397,22.463340286685064,1.6232616560146393,22.5,22.5,1.0,0.001242549410254993,0.7726264712815921,56.95196794379897,GT-0195,,True,ACCEPTED
3852.01,RADAR_A,RADAR_A-T4356,False,2,GT-0195,453.4971182863412,42.82788478252814,1.4093015282516719,22.5,22.5,1.0,0.0009940395282039946,1.6232616560146393,62.60071795581996,GT-0195,,True,ACCEPTED
3853.08,RADAR_C,RADAR_C-T9154,True,2,GT-0195,125.39948363520604,50.29434622902131,9.70850636981327,22.5,22.5,1.0,0.0007952316225631957,1.4093015282516719,65.57140222843059,GT-0195,,True,ACCEPTED
3854.61,RADAR_A,RADAR_A-T4356,True,2,GT-0195,203.9245320096395,11.820699681944939,0.6986431318640762,22.5,22.5,1.0,0.06244462479493838,9.70850636981327,55.00183810420362,GT-0195,,True,ACCEPTED
3854.87,RADAR_B,RADAR_B-T9742,False,2,GT-0195,349.2773845761599,15.237830634034221,4.196306615747849,22.5,22.5,1.0,0.04995569983595071,0.6986431318640762,53.704805939555904,GT-0195,,True,ACCEPTED
3857.32,RADAR_A,RADAR_A-T4356,True,2,GT-0195,430.6547431921531,8.472380697365084,1.2889808521909258,22.5,22.5,1.0,0.039964559868760574,4.196306615747849,53.542717791712064,GT-0195,,True,ACCEPTED
3859.47,RADAR_A,RADAR_A-T4356,True,2,GT-0195,501.269280019057,4.359840551545707,1.197451554357203,22.5,22.5,1.0,0.03197164789500846,1.2889808521909258,53.75388317233829,GT-0195,,True,ACCEPTED
3861.91,RADAR_A,RADAR_A-T4356,True,2,GT-0195,705.7704054673875,13.405168406085682,2.820798618190275,22.5,22.5,1.0,0.02557731831600677,1.197451554357203,55.956169838345836,GT-0195,,True,ACCEPTED
3864.16,RADAR_A,RADAR_A-T4356,True,2,GT-0195,717.8072176437371,6.790751959103045,2.4955941312624383,22.5,22.5,1.0,0.02046185465280542,2.820798618190275,56.19939499315848,GT-0195,,True,ACCEPTED
3864.41,RADAR_B,RADAR_B-T3255,False,2,GT-0195,368.3538716986866,11.274052392248224,2.3765990700898376,22.5,22.5,1.0,0.016369483722244334,2.4955941312624383,51.93099469305143,GT-0195,,True,ACCEPTED
3865.16,RADAR_C,RADAR_C-T9154,True,2,GT-0195,732.6352194714052,31.129818741681188,7.938056244183296,22.5,22.5,1.0,0.013095586977795469,2.3765990700898376,61.37010446152378,GT-0195,,True,ACCEPTED
3865.92,RADAR_A,RADAR_A-T4356,True,2,GT-0195,873.7771912848599,11.664928768141612,3.7862510296237004,22.5,22.5,1.0,0.04277740698529131,7.938056244183296,58.894044866540156,GT-0195,,True,ACCEPTED
3868.69,RADAR_B,RADAR_B-T3255,True,2,GT-0195,675.6816114470764,7.175393667636505,2.185170505603241,22.5,22.5,1.0,0.03422192558823305,3.7862510296237004,60.39403512035306,GT-0195,,True,ACCEPTED
3869.92,RADAR_C,RADAR_C-T9154,True,2,GT-0195,395.9189317251747,58.21185104150964,8.924152635801464,22.5,22.5,1.0,0.027377540470586444,2.185170505603241,66.10090993017685,GT-0195,,True,ACCEPTED
3871.22,RADAR_A,RADAR_A-T5271,False,2,GT-0195,817.5636929053206,8.468776066140588,3.1227353386621086,22.5,22.5,1.0,0.07063790963982688,8.924152635801464,59.073451057353715,GT-0195,,True,ACCEPTED
3873.91,RADAR_B,RADAR_B-T3255,True,2,GT-0195,1147.7412398980027,22.59524085573972,4.920636691770806,22.5,22.5,1.0,0.05651032771186151,3.1227353386621086,60.94143486051087,GT-0195,,True,ACCEPTED
3875.59,RADAR_A,RADAR_A-T2679,False,2,GT-0195,1176.5219711974926,21.30113251519627,6.701359921988016,22.5,22.5,1.0,0.04520826216948921,4.920636691770806,61.972758198304646,GT-0195,,True,ACCEPTED
3878.2,RADAR_A,RADAR_A-T2679,True,2,GT-0195,1037.4853979187753,9.881378203580343,4.731679830901352,22.5,22.5,1.0,0.04785594176872497,6.701359921988016,58.038220744909125,GT-0195,,True,ACCEPTED
3879.53,RADAR_C,RADAR_C-T9154,True,2,GT-0195,1336.3387673548652,31.590666709531735,6.983859468558507,22.5,22.5,1.0,0.03828475341497998,4.731679830901352,63.32300157417401,GT-0195,,True,ACCEPTED
3883.95,RADAR_A,RADAR_A-T9229,False,2,GT-0195,1498.4840065479873,13.669856505104772,9.156875300364002,22.5,22.5,1.0,0.04702546054129244,6.983859468558507,67.14031179734592,GT-0195,,True,ACCEPTED
3884.69,RADAR_B,RADAR_B-T1049,False,2,GT-0195,1813.8121588078989,25.306114660527747,13.472669603545278,22.5,22.5,1.0,0.09023495677243398,9.156875300364002,66.80466166103444,GT-0195,,True,ACCEPTED
3886.92,RADAR_C,RADAR_C-T9154,True,2,GT-0195,1881.3942566774263,15.884535167306232,12.012257285277586,22.5,22.5,1.0,0.1967324588103685,13.472669603545278,67.10551907970995,GT-0195,,True,ACCEPTED
3887.81,RADAR_B,RADAR_B-T1049,True,2,GT-0195,2019.5934800202656,42.17315536626991,14.442627136774128,22.5,22.5,1.0,0.25759025513625455,12.012257285277586,71.63925353008824,GT-0195,,True,ACCEPTED
3888.53,RADAR_A,RADAR_A-T7017,False,2,GT-0195,2040.854044004977,4.816601480862795,17.596668814818763,22.5,22.5,1.0,0.3467826563885724,14.442627136774128,73.22477974461714,GT-0195,,True,ACCEPTED
3891.42,RADAR_A,RADAR_A-T7017,True,2,GT-0195,1854.8669716805753,1.4104978386842586,14.062119972660835,22.5,22.5,1.0,0.47070393869117066,17.596668814818763,66.4722234556713,GT-0195,,True,ACCEPTED
3891.75,RADAR_B,RADAR_B-T1049,True,2,GT-0195,2079.09770724656,10.358976074838138,18.56069051815315,22.5,22.5,1.0,0.5109318171639505,14.062119972660835,71.39853369180543,GT-0195,,True,ACCEPTED
3893.96,RADAR_A,RADAR_A-T7017,True,2,GT-0195,2191.442613668668,10.659920670404736,19.262383593299692,22.5,33.45741816716089,1.0,0.6087454537311605,18.56069051815315,74.89980479104796,GT-0195,,True,ACCEPTED
3896.11,RADAR_C,RADAR_C-T9154,True,2,GT-0195,2578.7791487607424,11.946702061693445,21.154738400263852,22.5,34.86593453372871,1.0,0.6869963629849285,19.262383593299692,77.01391783364586,GT-0195,,True,ACCEPTED
3896.29,RADAR_B,RADAR_B-T1049,True,2,GT-0195,2730.9272617709034,11.972347082690384,27.128933189107997,22.5,35.99274762698297,1.8,0.7495970903879428,21.154738400263852,82.6284329716072,GT-0195,,True,ACCEPTED
3896.52,RADAR_A,RADAR_A-T7017,True,2,GT-0195,2543.070290606979,1.8007577360076767,26.144881586695142,22.5,36.894198101586376,3.24,0.7996776723103542,27.128933189107997,80.44209254333879,GT-0195,,True,ACCEPTED
3899.51,RADAR_A,RADAR_A-T7017,True,2,GT-0195,3179.5818840638963,29.91056749155875,39.52244027168832,22.5,37.6153584812691,5.832000000000001,0.8397421378482834,26.144881586695142,95.07436046344192,,GT-0201,False,MAHALANOBIS_GATE_FAIL;NEW_TRACK_CREATED
3901.29,RADAR_A,RADAR_A-T7017,True,3,GT-0201,670.0296427329179,31.901232992132876,1.5947977704459304,22.5,22.5,1.0,0.0,0.0,77.03051798775715,GT-0201,,True,ACCEPTED
3901.73,RADAR_B,RADAR_B-T1049,True,3,GT-0195,2880.0073770953263,4.355797831007388,33.84502213092733,22.5,37.6153584812691,5.832000000000001,0.8397421378482834,26.144881586695142,92.96269422237557,GT-0195,,True,ACCEPTED
3903.72,RADAR_A,RADAR_A-T7017,True,2,GT-0195,2420.0935935054204,21.04992138329252,23.08946053348672,22.5,38.192286785015284,10.497600000000002,0.8717937102786268,33.84502213092733,78.47408185182914,GT-0195,,True,ACCEPTED
3907.05,RADAR_A,RADAR_A-T7017,True,2,GT-0195,2807.0956157757405,18.062586043544005,30.433221536125064,22.5,38.65382942801223,12.0,0.8974349682229015,23.08946053348672,91.54766773622703,GT-0195,,True,ACCEPTED
3909.63,RADAR_C,RADAR_C-T9154,True,2,GT-0195,2778.446395772797,91.04032788420737,15.361602726870874,22.5,39.02306354240979,12.0,0.9179479745783212,30.433221536125064,77.80811045736844,GT-0195,,True,ACCEPTED
3909.83,RADAR_A,RADAR_A-T7017,True,2,GT-0195,2516.1636226384753,58.78700720992254,27.83692473712629,22.5,38.52693165198909,12.0,0.8903850917771716,15.361602726870874,86.18389349595402,GT-0195,,True,ACCEPTED
3910.94,RADAR_B,RADAR_B-T2293,False,2,GT-0195,2978.711734787534,18.30849621827117,20.789700241676087,22.5,38.921545321591275,12.0,0.9123080734217373,27.83692473712629,78.77382119454185,GT-0195,,True,ACCEPTED
3912.23,RADAR_A,RADAR_A-T7017,True,2,GT-0195,3065.259254243436,25.74129140804927,37.12663354295375,22.5,39.23723625727302,12.0,0.9298464587373898,20.789700241676087,95.72673693566949,GT-0195,,True,ACCEPTED
3916.83,RADAR_B,RADAR_B-T2293,True,2,GT-0195,1175.6716628211377,28.903535285411248,5.578727706731519,22.5,39.489789005818416,12.0,0.943877166989912,37.12663354295375,69.90879640587477,GT-0195,,True,ACCEPTED
3917.34,RADAR_A,RADAR_A-T5657,True,2,GT-0195,361.64959613601525,16.29163202058283,1.6024906949772904,22.5,36.09183120465473,12.0,0.7551017335919297,5.578727706731519,55.80815820741853,GT-0195,,True,ACCEPTED
3919.6,RADAR_A,RADAR_A-T5657,True,2,GT-0195,792.0516376614479,17.027059087778856,2.7134989544133536,22.5,33.373464963723784,12.0,0.6040813868735437,1.6024906949772904,66.02029332634721,GT-0195,,True,ACCEPTED
3921.44,RADAR_C,RADAR_C-T9154,True,2,GT-0195,1132.0756028999608,56.32901888948537,4.1402485175042045,22.5,22.5,12.0,0.483265109498835,2.7134989544133536,66.70198379133595,GT-0195,,True,ACCEPTED
3921.46,RADAR_B,RADAR_B-T2293,True,2,GT-0195,1105.4735771864669,12.70705896178156,4.9020553001582305,22.5,22.5,12.0,0.386612087599068,4.1402485175042045,63.084852117019345,GT-0195,,True,ACCEPTED
3923.22,RADAR_A,RADAR_A-T5657,True,2,GT-0195,1197.020264063907,20.22752642772141,6.624786593884666,22.5,22.5,12.0,0.30928967007925445,4.9020553001582305,65.27438188591873,GT-0195,,True,ACCEPTED
3925.22,RADAR_B,RADAR_B-T2293,True,2,GT-0195,1206.937997040929,13.457472834680555,6.322322431808814,22.5,22.5,12.0,0.25784484596148133,6.624786593884666,63.07112245343764,GT-0195,,True,ACCEPTED
3925.36,RADAR_A,RADAR_A-T5657,True,2,GT-0195,1638.9978168557584,10.815177055708647,11.635019248613936,22.5,22.5,12.0,0.21164791729933197,6.322322431808814,65.67552295207904,GT-0195,,True,ACCEPTED
3927.76,RADAR_A,RADAR_A-T5657,True,2,GT-0195,1853.5348701692892,12.499750377153214,14.680230530169629,22.5,22.5,12.0,0.2632353213163645,11.635019248613936,72.3719127771419,GT-0195,,True,ACCEPTED
3930.38,RADAR_A,RADAR_A-T5657,True,2,GT-0195,1568.3737411710338,9.482619271020617,10.27965822935271,22.5,22.5,12.0,0.3552587658892521,14.680230530169629,68.2687493280841,GT-0195,,True,ACCEPTED
3932.96,RADAR_A,RADAR_A-T5657,True,2,GT-0195,2352.002447567403,17.608166265697562,23.80856179887009,22.5,22.5,12.0,0.35553464986728023,10.27965822935271,82.09265955326164,,GT-0203,False,MAHALANOBIS_GATE_FAIL;NEW_TRACK_CREATED
3937.57,RADAR_A,RADAR_A-T9743,False,3,GT-0203,846.7883239220946,23.93636356764291,2.5073488591060493,22.5,22.5,1.0,0.0,0.0,83.5189219831896,GT-0203,,True,ACCEPTED
3939.31,RADAR_B,RADAR_B-T7064,False,3,GT-0203,1153.4587401010863,16.358961421232298,5.431971688544012,22.5,22.5,1.0,0.0,2.5073488591060493,58.51061536546541,GT-0203,,True,ACCEPTED
3939.76,RADAR_A,RADAR_A-T9743,True,2,GT-0195,3110.9905329308085,6.402879830099532,35.34944527236708,22.5,22.5,12.0,0.35553464986728023,10.27965822935271,102.47622817766965,,GT-0204,False,MAHALANOBIS_GATE_FAIL;NEW_TRACK_CREATED
3940.62,RADAR_C,RADAR_C-T9828,False,2,GT-0195,3390.072193729914,53.43044528664845,14.47319960857811,22.5,22.5,12.0,0.35553464986728023,10.27965822935271,85.14026326151046,GT-0195,,True,ACCEPTED
3941.64,RADAR_A,RADAR_A-T9743,True,2,GT-0195,3379.8466357732495,61.14807360120734,42.57963025418792,22.5,22.5,12.0,0.4256477133701261,14.47319960857811,101.91915305243748,,GT-0205,False,MAHALANOBIS_GATE_FAIL;NEW_TRACK_CREATED
3943.12,RADAR_B,RADAR_B-T7064,True,3,GT-0205,501.3816255971591,6.498617524988011,0.9847655715290364,22.5,22.5,1.0,0.0,0.0,75.18663945139393,GT-0205,,True,ACCEPTED
3943.99,RADAR_A,RADAR_A-T9743,True,3,GT-0205,598.4479270681217,10.267399755243623,2.8163857536976424,22.5,22.5,1.0,0.0,0.9847655715290364,53.08163017442398,GT-0205,,True,ACCEPTED
3946.31,RADAR_A,RADAR_A-T9743,True,3,GT-0205,633.3883520018393,19.08895662429203,2.181071399656225,22.5,22.5,1.0,0.0,2.8163857536976424,58.40767704279292,GT-0205,,True,ACCEPTED
3947.97,RADAR_B,RADAR_B-T7064,True,3,GT-0205,619.2695770894285,13.282623753997624,2.746202249996469,22.5,22.5,1.0,0.0,2.181071399656225,55.04811890573664,GT-0205,,True,ACCEPTED
3949.33,RADAR_A,RADAR_A-T9743,True,3,GT-0205,585.9502349560619,5.980227400152308,1.6017285388366669,22.5,22.5,1.0,0.0,2.746202249996469,53.92628581755615,GT-0205,,True,ACCEPTED
3951.74,RADAR_A,RADAR_A-T9743,True,3,GT-0205,639.7165022987818,9.31653707316746,2.4601573748469567,22.5,22.5,1.0,0.0,1.6017285388366669,53.63906914374465,GT-0205,,True,ACCEPTED
3952.77,RADAR_C,RADAR_C-T9828,True,3,GT-0205,1164.4635496700128,14.078899579493697,4.478571399194614,22.5,22.5,1.0,0.0,2.4601573748469567,58.85239952060641,GT-0205,,True,ACCEPTED
3957.04,RADAR_A,RADAR_A-T5788,False,3,GT-0205,1267.8183978107793,12.358661778456284,5.790460186575911,22.5,22.5,1.0,0.0,4.478571399194614,63.3014010940487,GT-0205,,True,ACCEPTED
3959.11,RADAR_B,RADAR_B-T1114,False,3,GT-0205,1730.4990179375764,12.64291437801505,11.52284115971588,22.5,22.5,1.0,0.0,5.790460186575911,65.25311857424558,GT-0205,,True,ACCEPTED
3960.83,RADAR_C,RADAR_C-T9828,True,3,GT-0205,1430.97809519885,70.71380153875137,19.73229937738432,22.5,22.5,1.0,0.09204735266193133,11.52284115971588,76.27480672097464,GT-0205,,True,ACCEPTED
3960.98,RADAR_A,RADAR_A-T9869,True,3,GT-0205,1628.711852700975,27.46308844483976,13.470810384180648,22.5,22.5,1.0,0.2736378821295451,19.73229937738432,68.54579446052838,GT-0205,,True,ACCEPTED
3965.19,RADAR_B,RADAR_B-T1114,True,3,GT-0205,408.6366581180405,18.608603164166603,0.5582362335986047,22.5,22.5,1.0,0.3434238121066469,13.470810384180648,62.677999496361174,GT-0205,,True,ACCEPTED
3966.17,RADAR_A,RADAR_A-T1704,False,3,GT-0205,810.9253561564718,20.922713800340716,2.7315767293511293,22.5,22.5,1.0,0.27473904968531754,0.5582362335986047,62.33210177697167,GT-0205,,True,ACCEPTED
3968.93,RADAR_A,RADAR_A-T1704,True,3,GT-0205,260.51549712071136,13.867445847685662,0.5312036838060599,22.5,22.5,1.0,0.21979123974825404,2.7315767293511293,57.65350159664883,GT-0205,,True,ACCEPTED
3969.32,RADAR_B,RADAR_B-T1114,True,3,GT-0205,732.9118641706563,17.52788397508465,4.851874449110653,22.5,22.5,1.0,0.17583299179860323,0.5312036838060599,57.21070120477558,GT-0205,,True,ACCEPTED
3971.5,RADAR_C,RADAR_C-T9828,True,2,GT-0205,797.5061154818596,28.283120789757447,6.805242782702547,22.5,22.5,1.0,0.1406663934388826,4.851874449110653,61.15174058446042,GT-0205,,True,ACCEPTED
3971.74,RADAR_A,RADAR_A-T1704,True,2,GT-0205,224.18535393005888,22.114794123698914,5.446379312801625,22.5,22.5,1.0,0.12595382779614853,6.805242782702547,56.47477954468423,GT-0205,,True,ACCEPTED
3977.16,RADAR_A,RADAR_A-T1050,False,3,GT-0205,891.2324736310314,15.13567202573947,4.045652921516777,22.5,22.5,1.0,0.10076306223691883,5.446379312801625,58.69347960474273,GT-0205,,True,ACCEPTED
3979.36,RADAR_A,RADAR_A-T1050,True,2,GT-0205,1127.0540115996878,9.967689986929242,6.543790139683057,22.5,22.5,1.0,0.08061044978953508,4.045652921516777,56.29718259519351,GT-0205,,True,ACCEPTED
3980.06,RADAR_B,RADAR_B-T1600,False,2,GT-0205,1086.0567985877835,13.486818316497512,7.129787670167869,22.5,22.5,1.0,0.07355152882634568,6.543790139683057,57.062134911236214,GT-0205,,True,ACCEPTED
3982.03,RADAR_A,RADAR_A-T1050,True,2,GT-0205,1194.8854636303615,6.660038623919776,5.549532497466009,22.5,22.5,1.0,0.07767101756387436,7.129787670167869,57.763182755603545,GT-0205,,True,ACCEPTED
3984.93,RADAR_A,RADAR_A-T1050,True,2,GT-0205,940.6926139129253,18.46286109146217,3.8044565979350193,22.5,22.5,1.0,0.06213681405109949,5.549532497466009,59.5228228163525,GT-0205,,True,ACCEPTED
3990.09,RADAR_A,RADAR_A-T5316,False,2,GT-0205,1560.663146258487,14.384614248848475,9.632205626737958,22.5,22.5,1.0,0.049709451240879596,3.8044565979350193,65.58228004711026,GT-0205,,True,ACCEPTED
3992.08,RADAR_A,RADAR_A-T5316,True,2,GT-0205,1088.6706064389914,5.004861429314097,4.699375994290455,22.5,22.5,1.0,0.10030432143833631,9.632205626737958,58.09397164823228,GT-0205,,True,ACCEPTED
3992.73,RADAR_B,RADAR_B-T3336,False,2,GT-0205,835.513770721542,14.998742375710338,3.4388010486172407,22.5,22.5,1.0,0.08024345715066905,4.699375994290455,56.833622031202125,GT-0205,,True,ACCEPTED
3994.28,RADAR_C,RADAR_C-T1281,False,2,GT-0205,671.5027755231248,19.893214761571492,1.5373352428136053,22.5,22.5,1.0,0.06419476572053524,3.4388010486172407,60.2402795489112,GT-0205,,True,ACCEPTED
3994.79,RADAR_A,RADAR_A-T5316,True,2,GT-0205,492.99705813152434,24.105827099612267,1.4778740638791914,22.5,22.5,1.0,0.0513558125764282,1.5373352428136053,59.325449715697424,GT-0205,,True,ACCEPTED
3996.6,RADAR_A,RADAR_A-T5316,True,2,GT-0205,778.4477685151978,22.00621896978925,3.1053219365418663,22.5,22.5,1.0,0.041084650061142564,1.4778740638791914,60.028301217451784,GT-0205,,True,ACCEPTED
3999.01,RADAR_A,RADAR_A-T5316,True,2,GT-0205,1451.2809797538137,11.314863462159545,7.99069036503014,22.5,22.5,1.0,0.03286772004891405,3.1053219365418663,63.50358659769104,GT-0205,,True,ACCEPTED
4001.61,RADAR_A,RADAR_A-T5316,True,2,GT-0205,599.5516253121098,7.051927579486522,1.4135239422034387,22.5,22.5,1.0,0.05947234878963358,7.99069036503014,55.907294301342056,GT-0205,,True,ACCEPTED
4003.52,RADAR_B,RADAR_B-T9194,False,2,GT-0205,1097.4510891478492,18.63843432929671,6.213257659859696,22.5,22.5,1.0,0.04757787903170687,1.4135239422034387,59.605492658884984,GT-0205,,True,ACCEPTED
4003.89,RADAR_C,RADAR_C-T1281,True,2,GT-0205,886.0064325754977,22.720100708560416,6.453583525912168,22.5,22.5,1.0,0.041616597556360435,6.213257659859696,59.83188119054029,GT-0205,,True,ACCEPTED
4004.74,RADAR_A,RADAR_A-T5316,True,2,GT-0205,765.3213165435938,13.257662682513189,2.7968371250349833,22.5,22.5,1.0,0.04085300347695782,6.453583525912168,57.22082230915642,GT-0205,,True,ACCEPTED
4007.56,RADAR_B,RADAR_B-T9194,True,2,GT-0205,1082.0881433370807,6.662039925545478,3.314969735961012,22.5,22.5,1.0,0.032682402781566255,2.7968371250349833,63.6003284734746,GT-0205,,True,ACCEPTED
4007.71,RADAR_A,RADAR_A-T5316,True,2,GT-0205,491.071644352655,12.677640601846488,1.1020522399264496,22.5,22.5,1.0,0.026145922225253006,3.314969735961012,58.349746700870334,GT-0205,,True,ACCEPTED
4010.46,RADAR_A,RADAR_A-T5316,True,2,GT-0205,275.111299109653,11.017814649003517,1.5735744191573187,22.5,22.5,1.0,0.020916737780202407,1.1020522399264496,52.81327660312099,GT-0205,,True,ACCEPTED
4013.83,RADAR_A,RADAR_A-T5316,True,2,GT-0205,647.2296457476484,10.0823126890531,1.6669238084316897,22.5,22.5,1.0,0.016733390224161926,1.5735744191573187,57.547470551081766,GT-0205,,True,ACCEPTED
4016.16,RADAR_A,RADAR_A-T5316,True,2,GT-0205,582.3437977175627,10.280935842438579,1.5708643352563139,22.5,22.5,1.0,0.013386712179329541,1.6669238084316897,55.90927453410449,GT-0205,,True,ACCEPTED
4018.45,RADAR_B,RADAR_B-T8705,False,2,GT-0205,980.1953074722184,30.520534090888457,6.80753733504546,22.5,22.5,1.0,0.010709369743463634,1.5708643352563139,61.768112061565766,GT-0205,,True,ACCEPTED
4022.25,RADAR_C,RADAR_C-T3872,False,2,GT-0205,116.83079138902559,10.259381094505754,0.20931875152466597,22.5,22.5,1.0,0.022026451378861903,6.80753733504546,57.76767145429855,GT-0205,,True,ACCEPTED
4023.04,RADAR_B,RADAR_B-T8705,True,2,GT-0205,255.2816797677663,14.390167362238873,0.8378936584819368,22.5,22.5,1.0,0.017621161103089523,0.20931875152466597,56.17352237518598,GT-0205,,True,ACCEPTED
4024.44,RADAR_A,RADAR_A-T3123,False,2,GT-0205,348.12017349536075,11.334266591753236,0.6320133453037481,22.5,22.5,1.0,0.014096928882471618,0.8378936584819368,57.880117352143664,GT-0205,,True,ACCEPTED
4029.37,RADAR_A,RADAR_A-T5050,False,2,GT-0205,538.0200082548811,24.38830081097322,0.9498638844049264,22.5,22.5,1.0,0.011277543105977296,0.6320133453037481,64.98659765127776,GT-0205,,True,ACCEPTED
4029.5,RADAR_B,RADAR_B-T8705,True,2,GT-0205,292.4483734055473,18.745862895286177,2.778498992722179,22.5,22.5,1.0,0.009022034484781836,0.9498638844049264,54.9181623985195,GT-0205,,True,ACCEPTED
4031.09,RADAR_A,RADAR_A-T5050,True,2,GT-0205,1134.6835843296176,8.020429824800402,5.0461918108623545,22.5,22.5,1.0,0.00721762758782547,2.778498992722179,59.318320636003854,GT-0205,,True,ACCEPTED
4033.97,RADAR_A,RADAR_A-T5050,True,2,GT-0205,738.2326043810172,12.79596445669271,2.1091732833193757,22.5,22.5,1.0,0.005774102070260376,5.0461918108623545,62.37360038504845,GT-0205,,True,ACCEPTED
4036.51,RADAR_A,RADAR_A-T5050,True,2,GT-0205,516.0404748485169,9.744573822856367,1.2500931554468757,22.5,22.5,1.0,0.0046192816562083015,2.1091732833193757,57.526237423879955,GT-0205,,True,ACCEPTED
4039.0,RADAR_A,RADAR_A-T5050,True,2,GT-0205,320.1620916608533,40.296180356261324,5.539867240897484,22.5,22.5,1.0,0.0036954253249666413,1.2500931554468757,60.2704322134545,GT-0205,,True,ACCEPTED
4041.58,RADAR_A,RADAR_A-T5050,True,2,GT-0205,534.6082964629982,19.462927725866574,3.0648065300350593,22.5,22.5,1.0,0.0029563402599733133,5.539867240897484,56.66783050451125,GT-0205,,True,ACCEPTED
4041.94,RADAR_B,RADAR_B-T5214,False,2,GT-0205,473.0826412317886,26.17019496532636,4.520397187488227,22.5,22.5,1.0,0.002365072207978651,3.0648065300350593,58.98903709158214,GT-0205,,True,ACCEPTED
4047.4,RADAR_A,RADAR_A-T9991,False,2,GT-0205,453.709859793412,22.403382265529764,1.3978535252771804,22.5,22.5,1.0,0.0018920577663829208,4.520397187488227,58.74826914594501,GT-0205,,True,ACCEPTED
4050.04,RADAR_A,RADAR_A-T9991,True,3,GT-0205,1220.6216724817557,22.452620136377185,8.301773290720622,22.5,22.5,1.0,0.0015136462131063368,1.3978535252771804,61.10815182523049,GT-0205,,True,ACCEPTED
4052.69,RADAR_C,RADAR_C-T2594,False,3,GT-0205,893.1745877064554,93.0332355025185,14.054195970031506,22.5,22.5,1.0,0.039573805149162096,8.301773290720622,74.91203685175843,GT-0205,,True,ACCEPTED
4054.95,RADAR_A,RADAR_A-T6405,False,3,GT-0205,1209.1895417572534,23.697013868353977,5.222612206373128,22.5,22.5,1.0,0.1658956436198548,14.054195970031506,63.30687366429212,GT-0205,,True,ACCEPTED
4057.9,RADAR_A,RADAR_A-T6405,True,3,GT-0205,625.2483158136849,8.237835620276226,1.7542468541026728,22.5,22.5,1.0,0.13271651489588385,5.222612206373128,56.60014622873599,GT-0205,,True,ACCEPTED
4060.48,RADAR_B,RADAR_B-T6006,False,3,GT-0205,1267.5518324116345,12.071177427726028,6.650194342909921,22.5,22.5,1.0,0.10617321191670709,1.7542468541026728,60.328533729845724,GT-0205,,True,ACCEPTED
4062.39,RADAR_A,RADAR_A-T1522,False,3,GT-0205,1375.3558109688138,9.485410282700187,7.54522922655821,22.5,22.5,1.0,0.09577514191519769,6.650194342909921,61.31803013777423,GT-0205,,True,ACCEPTED
4062.61,RADAR_C,RADAR_C-T2594,True,3,GT-0205,1119.2686586904244,27.581603413331433,8.319953911976015,22.5,22.5,1.0,0.102373933974795,7.54522922655821,62.317343624162234,GT-0205,,True,ACCEPTED
4064.22,RADAR_A,RADAR_A-T1522,True,3,GT-0205,1327.310812225169,3.7677621763172366,6.2211078082581475,22.5,22.5,1.0,0.12056504571276958,8.319953911976015,58.67837885166104,GT-0205,,True,ACCEPTED
4065.38,RADAR_B,RADAR_B-T6006,True,2,GT-0205,1426.5142162758493,28.95241192437153,11.044160288223885,22.5,22.5,1.0,0.10013716670785146,6.2211078082581475,64.80822642550902,GT-0205,,True,ACCEPTED
4066.51,RADAR_A,RADAR_A-T1522,True,2,GT-0205,1206.146795082447,35.143247029148924,12.959690335920685,22.5,22.5,1.0,0.16417907150334593,11.044160288223885,66.02634821508249,GT-0205,,True,ACCEPTED
4068.85,RADAR_A,RADAR_A-T1522,True,2,GT-0205,1311.5226346807633,24.20863008116546,8.037453154297673,22.5,22.5,1.0,0.24733809613468816,12.959690335920685,63.576907576415906,GT-0205,,True,ACCEPTED
4069.83,RADAR_C,RADAR_C-T2594,True,2,GT-0205,1753.5626263284576,30.454843904899548,16.16508743857598,22.5,22.5,1.0,0.23182802947937842,8.037453154297673,69.17756391648334,GT-0205,,True,ACCEPTED
4071.71,RADAR_B,RADAR_B-T6006,True,2,GT-0205,1405.783006547104,51.86351830676477,16.10597057344356,22.5,22.5,1.0,0.35488054755976906,16.16508743857598,71.38275827383653,GT-0205,,True,ACCEPTED
4071.87,RADAR_A,RADAR_A-T1522,True,2,GT-0205,1404.2022968452145,2.8839861396436257,6.720149014925335,22.5,22.5,1.0,0.45233728093854125,16.10597057344356,61.144235918061476,GT-0205,,True,ACCEPTED
4073.74,RADAR_A,RADAR_A-T1522,True,2,GT-0205,1307.063905774524,18.168207577002512,7.41195824638569,22.5,22.5,1.0,0.37387230833292195,6.720149014925335,62.0344736734723,GT-0205,,True,ACCEPTED
4076.48,RADAR_A,RADAR_A-T1522,True,2,GT-0205,1671.0427677886732,22.390083557747502,10.509333444430148,22.5,22.5,1.0,0.32263048410609907,7.41195824638569,65.67697550159515,GT-0205,,True,ACCEPTED
4077.49,RADAR_B,RADAR_B-T6006,True,2,GT-0205,1764.4106185084454,4.745144707726237,10.171425060678306,22.5,22.5,1.0,0.3332599446920484,10.509333444430148,62.17738117285944,GT-0205,,True,ACCEPTED
4078.43,RADAR_A,RADAR_A-T1522,True,2,GT-0205,2151.6276656495584,4.309903551951698,16.734341002656993,22.5,22.5,1.0,0.3361317067649438,10.171425060678306,69.09524649891571,GT-0205,,True,ACCEPTED
4081.42,RADAR_C,RADAR_C-T2594,True,2,GT-0205,1902.5169601589437,77.40900175961066,20.674631642847164,22.5,22.5,1.0,0.4478110487895716,16.734341002656993,79.73866183402727,GT-0205,,True,ACCEPTED
4081.61,RADAR_B,RADAR_B-T6006,True,2,GT-0205,2122.354013772128,23.412761318287576,19.116858197748442,22.5,22.5,1.0,0.5582488390316573,20.674631642847164,72.15239091354107,GT-0205,,True,ACCEPTED
4082.4,RADAR_A,RADAR_A-T4594,False,2,GT-0205,393.8013754647948,35.954519768037805,15.274532753308913,22.5,34.13878328205587,1.0,0.6465990712253259,19.116858197748442,66.49609856351726,GT-0205,,True,ACCEPTED
4085.15,RADAR_A,RADAR_A-T4594,True,2,GT-0205,575.4285230692587,29.641815476240282,2.070408141202644,22.5,34.593386451637365,1.0,0.6718548028687427,15.274532753308913,61.210958373839645,GT-0205,,True,ACCEPTED
4087.38,RADAR_B,RADAR_B-T6006,True,2,GT-0205,865.5152837967826,25.362600256811245,5.912420766777322,22.5,22.5,1.0,0.5374838422949941,2.070408141202644,59.29074194700443,GT-0205,,True,ACCEPTED
4091.92,RADAR_A,RADAR_A-T4799,False,2,GT-0205,673.7384719046877,14.722306294599122,1.9141427144673742,22.5,22.5,1.0,0.4299870738359953,5.912420766777322,59.81012915927674,GT-0205,,True,ACCEPTED
4092.53,RADAR_C,RADAR_C-T2594,True,2,GT-0205,1430.6560829194896,56.265596688008195,28.82174387697174,22.5,22.5,1.0,0.3439896590687963,1.9141427144673742,81.86417139845881,,GT-0209,False,MAHALANOBIS_GATE_FAIL;NEW_TRACK_CREATED
4093.2,RADAR_B,RADAR_B-T6006,True,3,GT-0205,1257.6425804327273,31.33754608876675,11.356805705045453,22.5,22.5,1.0,0.3439896590687963,1.9141427144673742,64.0344984631864,GT-0205,,True,ACCEPTED
4095.13,RADAR_A,RADAR_A-T4799,True,2,GT-0205,799.7174886477345,15.504746335002402,2.7580481043314085,22.5,22.5,1.0,0.36447182233912795,11.356805705045453,59.12438553788616,GT-0205,,True,ACCEPTED
4097.39,RADAR_A,RADAR_A-T4799,True,2,GT-0205,453.8843721113843,27.225141040943566,1.6050574017010708,22.5,22.5,1.0,0.29157745787130235,2.7580481043314085,59.17027509843995,GT-0205,,True,ACCEPTED
4099.18,RADAR_A,RADAR_A-T4799,True,2,GT-0205,802.1819355662185,10.400132857829483,2.632519106882864,22.5,22.5,1.0,0.23326196629704188,1.6050574017010708,58.10546504275502,GT-0205,,True,ACCEPTED
4101.12,RADAR_B,RADAR_B-T2726,False,2,GT-0205,896.6313378431564,5.295886106799087,2.652515098154403,22.5,22.5,1.0,0.1866095730376335,2.632519106882864,56.09666108009461,GT-0205,,True,ACCEPTED
4101.45,RADAR_A,RADAR_A-T4799,True,2,GT-0205,1713.6729244985142,7.269290235564019,10.250653636647959,22.5,22.5,1.0,0.1492876584301068,2.652515098154403,63.519972065680754,GT-0205,,True,ACCEPTED
4103.19,RADAR_C,RADAR_C-T2594,True,2,GT-0205,1573.0383969032512,5.968672105015932,7.016109596884985,22.5,22.5,1.0,0.19027435402155143,10.250653636647959,60.58412674946035,GT-0205,,True,ACCEPTED
4106.55,RADAR_A,RADAR_A-T6923,False,2,GT-0205,2071.929443014214,29.198475484933404,17.03494314445698,22.5,22.5,1.0,0.16915464316532425,7.016109596884985,73.57098108748889,GT-0205,,True,ACCEPTED
4107.73,RADAR_B,RADAR_B-T2726,True,2,GT-0205,1842.4813990934135,14.640174531054488,13.401434259346527,22.5,22.5,1.0,0.3192394336065425,17.03494314445698,66.37542844142574,GT-0205,,True,ACCEPTED
4109.38,RADAR_A,RADAR_A-T6923,True,2,GT-0205,553.0384107216435,39.282437706533216,4.362728718729418,22.5,22.5,1.0,0.37874878454100946,13.401434259346527,60.566773775090255,GT-0205,,True,ACCEPTED
4111.78,RADAR_A,RADAR_A-T6923,True,2,GT-0205,613.7575559911604,12.148588574487475,1.3320456928233093,22.5,22.5,1.0,0.3029990276328076,4.362728718729418,61.4652939943356,GT-0205,,True,ACCEPTED
4112.53,RADAR_B,RADAR_B-T2726,True,2,GT-0205,1210.0408853923066,49.44680728514307,13.32769509328385,22.5,22.5,1.0,0.2423992221062461,1.3320456928233093,68.02316726664213,GT-0205,,True,ACCEPTED
4114.23,RADAR_A,RADAR_A-T6923,True,2,GT-0205,957.8331181685037,10.554682012512577,3.3387011027927342,22.5,22.5,1.0,0.31604762923972773,13.32769509328385,59.496238056392954,GT-0205,,True,ACCEPTED
4119.6,RADAR_C,RADAR_C-T2594,True,3,GT-0205,1461.5812825257005,14.742903049013393,4.381912836889995,22.5,22.5,1.0,0.2528381033917822,3.3387011027927342,62.23966195285094,GT-0205,,True,ACCEPTED
4119.68,RADAR_A,RADAR_A-T4918,False,3,GT-0205,817.4699112123355,20.24941004224276,3.3517798567282537,22.5,22.5,1.0,0.20227048271342576,4.381912836889995,58.97709540286146,GT-0205,,True,ACCEPTED
4122.13,RADAR_A,RADAR_A-T4918,True,3,GT-0205,1157.437805053504,18.15776320173192,7.956389388830949,22.5,22.5,1.0,0.16181638617074062,3.3517798567282537,59.58756932809969,GT-0205,,True,ACCEPTED
4122.63,RADAR_B,RADAR_B-T5376,False,3,GT-0205,793.1033311517984,6.208381550005381,2.6572605770864697,22.5,22.5,1.0,0.16205959875044168,7.956389388830949,54.76096361691303,GT-0205,,True,ACCEPTED
4124.36,RADAR_A,RADAR_A-T4918,True,3,GT-0205,361.01972903973456,7.899999465166752,0.5243282145726029,22.5,22.5,1.0,0.12964767900035334,2.6572605770864697,58.50307164691886,GT-0205,,True,ACCEPTED
4128.82,RADAR_A,RADAR_A-T7071,False,3,GT-0205,679.9506883296266,31.117679310801183,1.8993870568193019,22.5,22.5,1.0,0.10371814320028268,0.5243282145726029,64.60994834028902,GT-0205,,True,ACCEPTED
4128.96,RADAR_B,RADAR_B-T5376,True,3,GT-0205,381.4620063020749,26.343217716598307,4.388584771325955,22.5,22.5,1.0,0.08297451456022614,1.8993870568193019,58.91385390923635,GT-0205,,True,ACCEPTED
4130.59,RADAR_C,RADAR_C-T2594,True,3,GT-0205,989.2389313749153,48.74641114498436,12.666915556774391,22.5,22.5,1.0,0.06637961164818092,4.388584771325955,67.65093854030313,GT-0205,,True,ACCEPTED
4131.46,RADAR_A,RADAR_A-T7071,True,3,GT-0205,459.22810884220746,31.149989589670493,4.3084855683809495,22.5,22.5,1.0,0.16421894859811795,12.666915556774391,58.66546608468101,GT-0205,,True,ACCEPTED
4133.15,RADAR_B,RADAR_B-T5376,True,3,GT-0205,667.2867139879138,23.85448208225939,3.6505372779373024,22.5,22.5,1.0,0.13137515887849435,4.3084855683809495,57.72999224753472,GT-0205,,True,ACCEPTED
4134.09,RADAR_A,RADAR_A-T7071,True,3,GT-0205,425.083027034005,4.884489341914704,0.8124451894647854,22.5,22.5,1.0,0.10510012710279548,3.6505372779373024,53.76021466258883,GT-0205,,True,ACCEPTED
4136.77,RADAR_A,RADAR_A-T7071,True,3,GT-0205,648.0455028173275,6.851444722967447,1.7788079296933037,22.5,22.5,1.0,0.0840801016822364,0.8124451894647854,55.248681429881216,GT-0205,,True,ACCEPTED
4138.56,RADAR_A,RADAR_A-T7071,True,2,GT-0205,894.0573755684287,8.951069677933456,3.32355488540516,22.5,22.5,1.0,0.06726408134578912,1.7788079296933037,56.43348797143786,GT-0205,,True,ACCEPTED
4143.0,RADAR_A,RADAR_A-T8084,False,2,GT-0205,846.2891712591622,9.109497275987552,2.607047375116002,22.5,22.5,1.0,0.0538112650766313,3.32355488540516,59.59426333061649,GT-0205,,True,ACCEPTED
4144.34,RADAR_B,RADAR_B-T2319,False,2,GT-0205,873.4387494848858,28.78943887357453,9.875243141420562,22.5,22.5,1.0,0.04304901206130504,2.607047375116002,61.937796236114096,GT-0205,,True,ACCEPTED
4145.45,RADAR_A,RADAR_A-T8084,True,2,GT-0205,776.5899048774426,11.332995445284928,2.9077293818689136,22.5,22.5,1.0,0.09902659533938674,9.875243141420562,55.85454883506662,GT-0205,,True,ACCEPTED
4147.58,RADAR_A,RADAR_A-T8084,True,2,GT-0205,691.0462143755219,15.340433175739118,2.31653590786762,22.5,22.5,1.0,0.07922127627150939,2.9077293818689136,57.64163141927061,GT-0205,,True,ACCEPTED
4149.19,RADAR_A,RADAR_A-T8084,True,2,GT-0205,1142.4097204025804,16.88588065063292,5.889508594212341,22.5,22.5,1.0,0.06337702101720752,2.31653590786762,59.463258508483136,GT-0205,,True,ACCEPTED
4150.84,RADAR_B,RADAR_B-T2319,True,3,GT-0205,1060.789615383177,20.39187225989028,4.205706443547135,22.5,22.5,1.0,0.05070161681376602,5.889508594212341,60.08300834291186,GT-0205,,True,ACCEPTED
4152.6,RADAR_A,RADAR_A-T8084,True,3,GT-0205,1151.9459765566417,22.89796720270316,5.435399845720834,22.5,22.5,1.0,0.040561293451012816,4.205706443547135,62.130792815075694,GT-0205,,True,ACCEPTED
4155.06,RADAR_A,RADAR_A-T8084,True,3,GT-0205,984.1866933840374,7.194367635106226,3.535003977963144,22.5,22.5,1.0,0.03244903476081026,5.435399845720834,58.21441119184571,GT-0205,,True,ACCEPTED
4155.39,RADAR_B,RADAR_B-T2319,True,3,GT-0205,879.5208357220101,6.932265788654328,3.1230175217280483,22.5,22.5,1.0,0.025959227808648205,3.535003977963144,53.94362985827611,GT-0205,,True,ACCEPTED
4157.43,RADAR_A,RADAR_A-T8084,True,3,GT-0205,1414.5055494363303,21.128135517215775,9.75454128100655,22.5,22.5,1.0,0.020767382246918566,3.1230175217280483,62.531916457325735,GT-0205,,True,ACCEPTED
4159.82,RADAR_B,RADAR_B-T2319,True,3,GT-0205,1456.710898923863,16.811127432528536,8.828881133714676,22.5,22.5,1.0,0.07918959381431068,9.75454128100655,64.14129143968641,GT-0205,,True,ACCEPTED
4162.52,RADAR_A,RADAR_A-T7993,False,3,GT-0205,248.28077654957698,24.35694311139178,0.4913873628877334,22.5,22.5,1.0,0.11049969394669315,8.828881133714676,60.88941157860412,GT-0205,,True,ACCEPTED
4165.08,RADAR_A,RADAR_A-T7993,True,3,GT-0205,324.5927916939321,16.98308088025129,0.9035616047274113,22.5,22.5,1.0,0.08839975515735453,0.4913873628877334,57.35224887610381,GT-0205,,True,ACCEPTED
4165.35,RADAR_B,RADAR_B-T2319,True,3,GT-0205,245.24409289547717,33.47547270857566,5.738286245993362,22.5,22.5,1.0,0.07071980412588362,0.9035616047274113,60.773221687496466,GT-0205,,True,ACCEPTED
4167.73,RADAR_A,RADAR_A-T7993,True,2,GT-0205,292.07105513617176,12.449673474913846,0.7529160460966444,22.5,22.5,1.0,0.0565758433007069,5.738286245993362,55.947021987430055,GT-0205,,True,ACCEPTED
4169.68,RADAR_B,RADAR_B-T2319,True,2,GT-0205,567.3926672722125,29.391500902904735,3.8395140757901736,22.5,22.5,1.0,0.04526067464056552,0.7529160460966444,59.479980584552564,GT-0205,,True,ACCEPTED
4172.08,RADAR_A,RADAR_A-T4432,False,2,GT-0205,355.7496539554643,24.428209009848032,1.6922520843984301,22.5,22.5,1.0,0.036208539712452414,3.8395140757901736,58.43723066472765,GT-0205,,True,ACCEPTED
4176.68,RADAR_A,RADAR_A-T8486,False,2,GT-0205,521.5972377768101,2.0944910839753166,0.9379608206176315,22.5,22.5,1.0,0.028966831769961933,1.6922520843984301,56.31878217491259,GT-0205,,True,ACCEPTED
4180.03,RADAR_B,RADAR_B-T8919,False,3,GT-0205,815.39392294766,1.8400108960890629,2.5680412466140394,22.5,22.5,1.0,0.023173465415969548,0.9379608206176315,57.866291180512626,GT-0205,,True,ACCEPTED
4181.47,RADAR_A,RADAR_A-T4409,False,3,GT-0205,932.9706425228942,32.01143962736575,5.2121326457595565,22.5,22.5,1.0,0.01853877233277564,2.5680412466140394,61.32882845754979,GT-0205,,True,ACCEPTED
4183.59,RADAR_C,RADAR_C-T8234,False,3,GT-0205,252.33985801576196,20.91900430251789,0.32635011355012417,22.5,22.5,1.0,0.014831017866220512,5.2121326457595565,63.00004395724385,GT-0205,,True,ACCEPTED
4183.74,RADAR_A,RADAR_A-T4409,True,3,GT-0205,611.8186860202601,5.90983035204985,1.243008299689721,22.5,22.5,1.0,0.01186481429297641,0.32635011355012417,60.69199646763848,GT-0205,,True,ACCEPTED
4185.76,RADAR_B,RADAR_B-T8919,True,2,GT-0205,449.75536708722353,13.353277892268151,0.8979158772446312,22.5,22.5,1.0,0.009491851434381129,1.243008299689721,57.97616752650926,GT-0205,,True,ACCEPTED
4186.66,RADAR_A,RADAR_A-T4409,True,2,GT-0205,373.1041144530464,10.35271365187498,0.7660621359715258,22.5,22.5,1.0,0.007593481147504903,0.8979158772446312,56.8500767403046,GT-0205,,True,ACCEPTED
4189.41,RADAR_A,RADAR_A-T4409,True,2,GT-0205,312.3412131626722,17.0207445210227,1.2261091200083134,22.5,22.5,1.0,0.006074784918003923,0.7660621359715258,56.726779655703616,GT-0205,,True,ACCEPTED
4191.16,RADAR_B,RADAR_B-T8919,True,2,GT-0205,272.91989401620384,6.971325541512999,0.5852740710260889,22.5,22.5,1.0,0.004859827934403139,1.2261091200083134,53.52613711393342,GT-0205,,True,ACCEPTED
4192.2,RADAR_A,RADAR_A-T4409,True,2,GT-0205,130.43191519891965,3.6785958451495895,0.13610298709751,22.5,22.5,1.0,0.0038878623475225114,0.5852740710260889,53.60780568035989,GT-0205,,True,ACCEPTED
4193.11,RADAR_C,RADAR_C-T8234,True,2,GT-0205,414.28969064385046,72.14170158094504,16.20326837450255,22.5,22.5,1.0,0.0031102898780180094,0.13610298709751,73.99958176234642,GT-0205,,True,ACCEPTED
4194.17,RADAR_A,RADAR_A-T4409,True,2,GT-0205,538.5626225364399,6.551084393122981,1.1543094284446962,22.5,22.5,1.0,0.17254270481079023,16.20326837450255,56.219315825942786,GT-0205,,True,ACCEPTED
4199.61,RADAR_A,RADAR_A-T7990,False,2,GT-0205,713.4457954870287,5.672099300892603,1.725811843655938,22.5,22.5,1.0,0.13803416384863218,1.1543094284446962,59.137255896572135,GT-0205,,True,ACCEPTED
4201.42,RADAR_C,RADAR_C-T8234,True,2,GT-0205,582.6815674651792,40.508914379326676,7.420185339053862,22.5,22.5,1.0,0.11042733107890575,1.725811843655938,63.0169057692959,GT-0205,,True,ACCEPTED
4201.73,RADAR_A,RADAR_A-T7990,True,1,GT-0205,290.61721339351845,17.580075111527204,1.5922226730484748,22.5,22.5,1.0,0.11201162051402232,7.420185339053862,56.089733875002764,GT-0205,,True,ACCEPTED
4210.54,RADAR_A,RADAR_A-T3421,False,1,GT-0205,586.742106609203,3.7764270488189697,1.074673114527053,22.5,22.5,1.0,0.08960929641121786,1.5922226730484748,61.60399118608649,GT-0205,,True,ACCEPTED
4213.42,RADAR_A,RADAR_A-T3421,True,1,GT-0205,148.56352695691302,20.565513249391895,2.6627742175694813,22.5,22.5,1.0,0.07168743712897428,1.074673114527053,55.901771084097874,GT-0205,,True,ACCEPTED
4216.24,RADAR_A,RADAR_A-T3421,True,1,GT-0205,441.3194110470922,11.422601737163902,0.8096809515387487,22.5,22.5,1.0,0.05734994970317943,2.6627742175694813,57.6681570443706,GT-0205,,True,ACCEPTED
4218.4,RADAR_A,RADAR_A-T3421,True,1,GT-0205,574.9303257104705,7.439037443625947,1.143854731699595,22.5,22.5,1.0,0.04587995976254355,0.8096809515387487,56.85061222367714,GT-0205,,True,ACCEPTED
4221.41,RADAR_B,RADAR_B-T5416,False,1,GT-0205,525.9612735347547,31.243986491631816,5.093732523076836,22.5,22.5,1.0,0.03670396781003484,1.143854731699595,59.6291485706403,GT-0205,,True,ACCEPTED
4226.98,RADAR_A,RADAR_A-T3185,False,1,GT-0205,757.3532226957502,16.99744566785451,2.348584568770115,22.5,22.5,1.0,0.029363174248027875,5.093732523076836,61.842962697057914,GT-0205,,True,ACCEPTED
4229.34,RADAR_A,RADAR_A-T3185,True,1,GT-0205,323.96837881347057,9.190940708075658,1.1458711258371275,22.5,22.5,1.0,0.0234905393984223,2.348584568770115,53.05450666537241,GT-0205,,True,ACCEPTED
4231.07,RADAR_A,RADAR_A-T3185,True,1,GT-0205,653.5545446446938,12.635286581075853,1.6979323168349019,22.5,22.5,1.0,0.018792431518737843,1.1458711258371275,57.955396707186914,GT-0205,,True,ACCEPTED
4233.12,RADAR_A,RADAR_A-T3185,True,1,GT-0205,313.08918744892304,13.428309749719634,0.48698257074091034,22.5,22.5,1.0,0.015033945214990276,1.6979323168349019,59.80290494404774,GT-0205,,True,ACCEPTED
4238.85,RADAR_A,RADAR_A-T6068,False,1,GT-0205,593.9742339721324,20.76437600736219,2.5070199979569767,22.5,22.5,1.0,0.012027156171992221,0.48698257074091034,58.1740544826854,GT-0205,,True,ACCEPTED
4241.6,RADAR_B,RADAR_B-T1616,False,1,GT-0205,460.85072729491833,31.347413903258573,3.1522993144371334,22.5,22.5,1.0,0.009621724937593779,2.5070199979569767,59.02282515187099,GT-0205,,True,ACCEPTED
4244.12,RADAR_A,RADAR_A-T3081,False,1,GT-0205,362.4006523659013,16.220647086703792,0.8480669577122675,22.5,22.5,1.0,0.007697379950075023,3.1522993144371334,57.481524518625235,GT-0205,,True,ACCEPTED
4246.6,RADAR_C,RADAR_C-T8052,False,1,GT-0205,710.1431308424369,25.91038686676416,3.9648845984415995,22.5,22.5,1.0,0.006157903960060019,0.8480669577122675,59.57930197225056,GT-0205,,True,ACCEPTED
4248.83,RADAR_A,RADAR_A-T7028,False,1,GT-0205,130.39930465577007,7.007851123866843,0.15163899753937526,22.5,22.5,1.0,0.004926323168048015,3.9648845984415995,56.68188852070696,GT-0205,,True,ACCEPTED
4252.04,RADAR_A,RADAR_A-T7028,True,1,GT-0205,487.66593879664447,13.913810730995143,1.9966141535996478,22.5,22.5,1.0,0.003941058534438413,0.15163899753937526,55.15188193835505,GT-0205,,True,ACCEPTED
4255.75,RADAR_A,RADAR_A-T3249,False,1,GT-0205,855.3576463044016,7.543159839227624,2.540461309768289,22.5,22.5,1.0,0.00315284682755073,1.9966141535996478,57.964244623934036,GT-0205,,True,ACCEPTED
4256.24,RADAR_B,RADAR_B-T5925,False,1,GT-0205,1043.6590384804786,20.861119650083833,6.190675623269772,22.5,22.5,1.0,0.0025222774620405845,2.540461309768289,59.632723353372285,GT-0205,,True,ACCEPTED
4258.48,RADAR_A,RADAR_A-T3249,True,1,GT-0205,557.941611515948,7.9584460966816994,1.022222467799479,22.5,22.5,1.0,0.005195749024128674,6.190675623269772,60.35220456148895,GT-0205,,True,ACCEPTED
4260.5,RADAR_C,RADAR_C-T3102,False,1,GT-0205,706.7291892670667,15.002162471691982,2.0400829260986035,22.5,22.5,1.0,0.00415659921930294,1.022222467799479,58.078672454219394,GT-0205,,True,ACCEPTED
4261.42,RADAR_A,RADAR_A-T3249,True,1,GT-0205,487.2721549960279,16.028369069601016,1.4262336910647098,22.5,22.5,1.0,0.003325279375442352,2.0400829260986035,57.76444955426151,GT-0205,,True,ACCEPTED
4262.12,RADAR_B,RADAR_B-T5925,True,1,GT-0205,738.2019690367408,16.718180774251824,4.598152255308307,22.5,22.5,1.0,0.0026602235003538818,1.4262336910647098,56.55369679210086,GT-0205,,True,ACCEPTED
4265.4,RADAR_B,RADAR_B-T5925,True,1,GT-0205,255.87433498468292,8.386860657425835,0.4126718855159949,22.5,22.5,1.0,0.0021281788002831055,4.598152255308307,55.948837111716266,GT-0205,,True,ACCEPTED
4266.32,RADAR_A,RADAR_A-T2666,False,1,GT-0205,429.08399807921273,6.1089111564627805,0.7396966968134657,22.5,22.5,1.0,0.0017025430402264844,0.4126718855159949,55.845573198408395,GT-0205,,True,ACCEPTED
4269.06,RADAR_A,RADAR_A-T2666,True,1,GT-0205,467.53248295015885,20.94848608866356,1.1626795813821396,22.5,22.5,1.0,0.0013620344321811876,0.7396966968134657,59.30675381819067,GT-0205,,True,ACCEPTED
4271.26,RADAR_C,RADAR_C-T3102,True,1,GT-0205,336.05695814840044,96.31322481118939,11.476125590661274,22.5,22.5,1.0,0.00108962754574495,1.1626795813821396,72.19778328447052,GT-0205,,True,ACCEPTED
4272.09,RADAR_A,RADAR_A-T2666,True,1,GT-0205,841.8720956544923,38.57706324259879,4.171554613089046,22.5,22.5,1.0,0.09214046188095054,11.476125590661274,62.915131927840015,GT-0205,,True,ACCEPTED
4274.69,RADAR_A,RADAR_A-T2666,True,1,GT-0205,302.57604290013455,5.1094099006092835,0.43488805834293437,22.5,22.5,1.0,0.07371236950476044,4.171554613089046,53.76891428380696,GT-0205,,True,ACCEPTED
4278.01,RADAR_B,RADAR_B-T6715,False,1,GT-0205,1032.813293345081,31.82534943923775,3.3459570894214647,22.5,22.5,1.0,0.05896989560380836,0.43488805834293437,62.71066098408428,GT-0205,,True,ACCEPTED
4279.94,RADAR_A,RADAR_A-T1523,False,1,GT-0205,540.9521541935836,6.4854449938882865,0.9651098570953116,22.5,22.5,1.0,0.04717591648304669,3.3459570894214647,61.43562522930329,GT-0205,,True,ACCEPTED
4281.69,RADAR_C,RADAR_C-T3102,True,1,GT-0205,750.1531521465006,35.2905420865754,12.904503169214916,22.5,22.5,1.0,0.03774073318643736,0.9651098570953116,66.61040625729993,GT-0205,,True,ACCEPTED
4282.68,RADAR_B,RADAR_B-T6715,True,1,GT-0205,386.37655000302357,4.221665005376531,0.6791895557089216,22.5,22.5,1.0,0.1452676393693985,12.904503169214916,52.17092091862694,GT-0205,,True,ACCEPTED
4282.79,RADAR_A,RADAR_A-T1523,True,1,GT-0205,886.588372676973,5.762529363656848,4.167454710912327,22.5,22.5,1.0,0.1162141114955188,0.6791895557089216,51.090847744984046,GT-0205,,True,ACCEPTED
4285.15,RADAR_A,RADAR_A-T1523,True,1,GT-0205,1130.4216655513726,25.772588080650504,4.854678053010137,22.5,22.5,1.0,0.09297128919641505,4.167454710912327,63.18416529642797,GT-0205,,True,ACCEPTED
4287.54,RADAR_A,RADAR_A-T1523,True,1,GT-0205,465.75378267115866,17.20743069263035,0.9653448951772778,22.5,22.5,1.0,0.07437703135713204,4.854678053010137,59.402060394741106,GT-0205,,True,ACCEPTED
4288.75,RADAR_B,RADAR_B-T6715,True,1,GT-0205,276.0384963420626,20.631999680759233,4.010746357442124,22.5,22.5,1.0,0.05950162508570564,0.9653448951772778,56.898331343852874,GT-0205,,True,ACCEPTED
4290.09,RADAR_A,RADAR_A-T1523,True,1,GT-0205,206.19663715650722,15.515999848398979,1.73788853140912,22.5,22.5,1.0,0.047601300068564514,4.010746357442124,54.88268024289211,GT-0205,,True,ACCEPTED
4294.64,RADAR_C,RADAR_C-T6732,False,1,GT-0205,467.06832774101184,13.447469012825293,0.5730263445826553,22.5,22.5,1.0,0.03808104005485161,1.73788853140912,60.34024068144311,GT-0205,,True,ACCEPTED
4299.06,RADAR_B,RADAR_B-T4563,False,1,GT-0205,743.771645665175,80.82154208286185,4.861593340609251,22.5,22.5,1.0,0.03046483204388129,0.5730263445826553,66.46012991813768,GT-0205,,True,ACCEPTED
4302.66,RADAR_A,RADAR_A-T8858,False,1,GT-0205,1123.0870079604867,74.90172542408561,10.373172750828966,22.5,22.5,1.0,0.024371865635105034,4.861593340609251,68.1948341438976,GT-0205,,True,ACCEPTED
4303.91,RADAR_B,RADAR_B-T4563,True,1,GT-0205,261.1129047939924,20.97945832472263,0.8508142048708649,22.5,22.5,1.0,0.09238370502190012,10.373172750828966,59.553554019504396,GT-0205,,True,ACCEPTED
4304.85,RADAR_A,RADAR_A-T8858,True,1,GT-0205,353.05664478029644,9.993172641666883,0.4295978515295613,22.5,22.5,1.0,0.0739069640175201,0.8508142048708649,60.805344771004584,GT-0205,,True,ACCEPTED
4306.52,RADAR_C,RADAR_C-T6732,True,1,GT-0205,693.0002869960447,8.01900704430804,0.9609626377897976,22.5,22.5,1.0,0.059125571214016084,0.4295978515295613,58.94280535085499,GT-0205,,True,ACCEPTED
4306.89,RADAR_A,RADAR_A-T8858,True,1,GT-0205,178.5549849558893,25.429294355970754,1.540490056322498,22.5,22.5,1.0,0.04730045697121287,0.9609626377897976,58.07551875089339,GT-0205,,True,ACCEPTED
4308.32,RADAR_B,RADAR_B-T4563,True,1,GT-0205,64.66948617510104,7.275346221737652,0.1888343087297869,22.5,22.5,1.0,0.0378403655769703,1.540490056322498,55.11940545972512,GT-0205,,True,ACCEPTED
4309.05,RADAR_A,RADAR_A-T8858,True,1,GT-0205,311.6226054362773,17.47702896329782,2.072765852590284,22.5,22.5,1.0,0.030272292461576242,0.1888343087297869,55.44550234945447,GT-0205,,True,ACCEPTED
4311.67,RADAR_A,RADAR_A-T8858,True,1,GT-0205,414.2401041967196,20.891833127345745,0.7472784405777304,22.5,22.5,1.0,0.024217833969260995,2.072765852590284,62.94542013212518,GT-0205,,True,ACCEPTED
4313.92,RADAR_B,RADAR_B-T4563,True,1,GT-0205,896.0511046414902,17.633403068678845,2.750663360809883,22.5,22.5,1.0,0.0193742671754088,0.7472784405777304,60.14528731154336,GT-0205,,True,ACCEPTED
4314.25,RADAR_A,RADAR_A-T8858,True,1,GT-0205,437.6600565480802,5.052535201808034,0.6863038835418805,22.5,22.5,1.0,0.01549941374032704,2.750663360809883,57.520981989476155,GT-0205,,True,ACCEPTED
4316.86,RADAR_A,RADAR_A-T8858,True,1,GT-0205,683.5548595673465,11.042342467187172,1.951118900337544,22.5,22.5,1.0,0.012399530992261633,0.6863038835418805,56.78953066406249,GT-0205,,True,ACCEPTED
4317.98,RADAR_B,RADAR_B-T4563,True,1,GT-0205,348.90537020385455,17.799616898972523,3.23995800220988,22.5,22.5,1.0,0.009919624793809307,1.951118900337544,55.12608219434292,GT-0205,,True,ACCEPTED
4321.27,RADAR_C,RADAR_C-T1033,False,1,GT-0205,1093.8855346279956,50.87478803994023,9.585980135690011,22.5,22.5,1.0,0.007935699835047445,3.23995800220988,66.66842676548536,GT-0205,,True,ACCEPTED
4322.17,RADAR_A,RADAR_A-T4485,False,1,GT-0205,946.9670948774051,9.746897213820217,3.2376161983817004,22.5,22.5,1.0,0.06611489546287147,9.585980135690011,59.8424226056994,GT-0205,,True,ACCEPTED
4322.85,RADAR_B,RADAR_B-T4563,True,1,GT-0205,669.2644029539418,11.902891403514877,2.745683835921414,22.5,22.5,1.0,0.05289191637029718,3.2376161983817004,54.70124820656126,GT-0205,,True,ACCEPTED
4325.03,RADAR_A,RADAR_A-T4485,True,1,GT-0205,406.54250285925946,31.058118760836365,1.6166410700779217,22.5,22.5,1.0,0.04231353309623775,2.745683835921414,59.707292612194195,GT-0205,,True,ACCEPTED
4326.13,RADAR_B,RADAR_B-T4563,True,1,GT-0205,631.3090782620793,9.9576361088614,1.6401378539311842,22.5,22.5,1.0,0.0338508264769902,1.6166410700779217,56.94597959661986,GT-0205,,True,ACCEPTED
4327.72,RADAR_A,RADAR_A-T4485,True,1,GT-0205,219.94648105611483,13.155824721747463,2.2502014890260633,22.5,22.5,1.0,0.02708066118159216,1.6401378539311842,53.53617872112067,GT-0205,,True,ACCEPTED
4330.69,RADAR_A,RADAR_A-T4485,True,1,GT-0205,534.5361416940965,35.39541907583123,3.063908597211052,22.5,22.5,1.0,0.02166452894527373,2.2502014890260633,60.12078099290016,GT-0205,,True,ACCEPTED
4332.22,RADAR_B,RADAR_B-T4563,True,1,GT-0205,594.8475916150238,25.313448632464706,2.9612899870668192,22.5,22.5,1.0,0.017331623156218983,3.063908597211052,58.61210508152308,GT-0205,,True,ACCEPTED
4333.66,RADAR_A,RADAR_A-T4485,True,1,GT-0205,368.72516835775497,7.211545876391032,0.6861575788154006,22.5,22.5,1.0,0.013865298524975186,2.9612899870668192,55.30417662240333,GT-0205,,True,ACCEPTED
4336.62,RADAR_A,RADAR_A-T4485,True,1,GT-0205,848.5371438843041,17.182127909854238,3.2077973340708867,22.5,22.5,1.0,0.01109223881998015,0.6861575788154006,58.373766684009475,GT-0205,,True,ACCEPTED
4338.94,RADAR_A,RADAR_A-T4485,True,1,GT-0205,651.1903463163164,13.640811450573274,1.8326321327933874,22.5,22.5,1.0,0.00887379105598412,3.2077973340708867,57.22448975427621,GT-0205,,True,ACCEPTED
4339.61,RADAR_C,RADAR_C-T1713,False,1,GT-0205,1970.9212562119658,62.76732649370584,14.252036331887082,22.5,22.5,1.0,0.007099032844787297,1.8326321327933874,73.61700641522762,GT-0205,,True,ACCEPTED
4339.94,RADAR_B,RADAR_B-T4139,False,1,GT-0205,615.4075109151466,7.241785603382991,1.1951528275097179,22.5,22.5,1.0,0.14321316514061452,14.252036331887082,56.151825667124896,GT-0205,,True,ACCEPTED
4344.95,RADAR_B,RADAR_B-T4139,True,1,GT-0205,1500.4749498104218,19.66106939924165,5.9615300725717315,22.5,22.5,1.0,0.11457053211249163,1.1951528275097179,65.34315160330748,GT-0205,,True,ACCEPTED
4346.4,RADAR_A,RADAR_A-T1241,False,1,GT-0205,757.1139406224019,22.13216620523156,2.9292491263316887,22.5,22.5,1.0,0.09165642568999331,5.9615300725717315,60.04455648847168,GT-0205,,True,ACCEPTED
4349.07,RADAR_A,RADAR_A-T1241,True,1,GT-0205,883.0314684359344,22.79003732795929,4.68694681029705,22.5,22.5,1.0,0.07332514055199466,2.9292491263316887,59.417935925733644,GT-0205,,True,ACCEPTED
4351.54,RADAR_B,RADAR_B-T4139,True,1,GT-0205,689.8691109339895,25.83049699387782,4.132594183858157,22.5,22.5,1.0,0.058660112441595726,4.68694681029705,59.04939009524344,GT-0205,,True,ACCEPTED
4351.75,RADAR_A,RADAR_A-T1241,True,1,GT-0205,704.8217419532878,25.90451151343523,4.302911955392741,22.5,22.5,1.0,0.04692808995327658,4.132594183858157,59.03593048109745,GT-0205,,True,ACCEPTED
4354.46,RADAR_A,RADAR_A-T1241,True,1,GT-0205,894.2303666806279,24.97187051839164,4.472543143955715,22.5,22.5,1.0,0.03754247196262127,4.302911955392741,59.99641501485108,GT-0205,,True,ACCEPTED
4356.09,RADAR_B,RADAR_B-T4139,True,1,GT-0205,815.5914180180524,9.845244915066385,2.193731385232797,22.5,22.5,1.0,0.030033977570097015,4.472543143955715,57.78789979380279,GT-0205,,True,ACCEPTED
4357.11,RADAR_A,RADAR_A-T1241,True,1,GT-0205,767.2569719766313,14.13281143994518,2.3168753719423445,22.5,22.5,1.0,0.024027182056077612,2.193731385232797,58.463399817439765,GT-0205,,True,ACCEPTED
4359.03,RADAR_B,RADAR_B-T4139,True,1,GT-0205,1013.0052579395696,20.965144108405877,7.671364508993975,22.5,22.5,1.0,0.019221745644862093,2.3168753719423445,59.580060993993705,GT-0205,,True,ACCEPTED
4360.1,RADAR_A,RADAR_A-T1241,True,1,GT-0205,1116.269537632635,27.407807251435997,9.151202758129692,22.5,22.5,1.0,0.04323347166578925,7.671364508993975,62.05022959011371,GT-0205,,True,ACCEPTED
4362.76,RADAR_A,RADAR_A-T1241,True,1,GT-0205,1277.780353245363,57.91212425644323,11.947693028280389,22.5,22.5,1.0,0.08710682330145961,9.151202758129692,68.31726495801693,GT-0205,,True,ACCEPTED
4363.04,RADAR_C,RADAR_C-T5419,False,1,GT-0205,1546.4604862522974,30.061221730578467,10.09807653962534,22.5,22.5,1.0,0.16881367577917417,11.947693028280389,64.90657175824539,GT-0205,,True,ACCEPTED
4363.13,RADAR_B,RADAR_B-T4139,True,1,GT-0205,1742.37381266842,18.14346623199532,12.688324682140996,22.5,22.5,1.0,0.20335221628376168,10.09807653962534,64.4688887379096,GT-0205,,True,ACCEPTED
4365.7,RADAR_A,RADAR_A-T1241,True,1,GT-0205,281.90638840191065,40.80072421289782,1.759732163655153,22.5,22.5,1.0,0.27415385106269263,12.688324682140996,60.9141287213275,GT-0205,,True,ACCEPTED
4368.21,RADAR_A,RADAR_A-T1241,True,1,GT-0205,717.5113645311909,38.47158791093169,4.546811036866411,22.5,22.5,1.0,0.21932308085015412,1.759732163655153,61.69404215381124,GT-0205,,True,ACCEPTED
4370.78,RADAR_A,RADAR_A-T1241,True,1,GT-0205,1166.8070899137006,15.044957098305316,4.781261790054158,22.5,22.5,1.0,0.1754584646801233,4.546811036866411,60.984755537582075,GT-0205,,True,ACCEPTED
4373.6,RADAR_B,RADAR_B-T5544,False,1,GT-0205,917.747800880684,38.8380580913219,7.590986991128883,22.5,22.5,1.0,0.14036677174409865,4.781261790054158,63.26951050800899,GT-0205,,True,ACCEPTED
4375.11,RADAR_C,RADAR_C-T5419,True,1,GT-0205,1127.3924511246125,29.61565000492637,3.546059669247838,22.5,22.5,1.0,0.13880986724742697,7.590986991128883,62.58564058029531,GT-0205,,True,ACCEPTED
4378.5,RADAR_A,RADAR_A-T2694,False,1,GT-0205,1479.2128503951124,11.483487431881958,6.403668472177473,22.5,22.5,1.0,0.11104789379794158,3.546059669247838,65.28013787462287,GT-0205,,True,ACCEPTED
4380.81,RADAR_A,RADAR_A-T2694,True,1,GT-0205,2236.754183962464,1.2609679086627676,14.852585348659874,22.5,22.5,1.0,0.09556612290797781,6.403668472177473,68.49353791069247,GT-0205,,True,ACCEPTED
4382.79,RADAR_C,RADAR_C-T5419,True,1,GT-0205,608.0787789184403,10.63210282484492,0.9307395992080122,22.5,22.5,1.0,0.22399598747071348,14.852585348659874,60.150135319553094,GT-0205,,True,ACCEPTED
4383.08,RADAR_A,RADAR_A-T2694,True,1,GT-0205,635.3642654870671,4.587026948881107,1.177152729189273,22.5,22.5,1.0,0.1791967899765708,0.9307395992080122,60.07851374077412,GT-0205,,True,ACCEPTED
4384.89,RADAR_B,RADAR_B-T3168,False,1,GT-0205,939.0938073706351,33.04700581825034,3.6476667130624993,22.5,22.5,1.0,0.14335743198125664,1.177152729189273,62.613331539884825,GT-0205,,True,ACCEPTED
4385.24,RADAR_A,RADAR_A-T2694,True,1,GT-0205,1115.9441797616112,12.459783408873797,3.7852286688972256,22.5,22.5,1.0,0.11468594558500532,3.6476667130624993,62.12529576557281,GT-0205,,True,ACCEPTED
4387.79,RADAR_A,RADAR_A-T2694,True,1,GT-0205,877.187105202006,11.125580099783674,2.8834485260732103,22.5,22.5,1.0,0.09174875646800426,3.7852286688972256,57.1466388471436,GT-0205,,True,ACCEPTED
4389.4,RADAR_B,RADAR_B-T3168,True,1,GT-0205,1160.7579544960981,7.715099247481071,3.8778579356652765,22.5,22.5,1.0,0.07339900517440341,2.8834485260732103,58.54434779632125,GT-0205,,True,ACCEPTED
4389.91,RADAR_A,RADAR_A-T2694,True,1,GT-0205,1761.46879334836,4.33034312144481,9.457913126055029,22.5,22.5,1.0,0.05871920413952273,3.8778579356652765,64.16259227413131,GT-0205,,True,ACCEPTED
4390.43,RADAR_C,RADAR_C-T5419,True,1,GT-0205,571.9409485700656,37.258857112819705,14.39675683435325,22.5,22.5,1.0,0.10460724874586869,9.457913126055029,68.04601579589021,GT-0205,,True,ACCEPTED
4394.8,RADAR_A,RADAR_A-T9639,False,1,GT-0205,655.3886913053478,4.040527050115038,1.2778692037790151,22.5,22.5,1.0,0.22363174623591578,14.39675683435325,63.27612116559357,GT-0205,,True,ACCEPTED
4395.33,RADAR_B,RADAR_B-T3168,True,1,GT-0205,439.7722743250308,8.714991962798878,1.4723570254945268,22.5,22.5,1.0,0.17890539698873265,1.2778692037790151,52.98398063463446,GT-0205,,True,ACCEPTED
4397.56,RADAR_A,RADAR_A-T9639,True,1,GT-0205,557.0514283893895,23.42918953300004,1.5527577116210651,22.5,22.5,1.0,0.14312431759098612,1.4723570254945268,59.82096207732705,GT-0205,,True,ACCEPTED
4399.02,RADAR_B,RADAR_B-T3168,True,1,GT-0205,704.1250814926343,40.62850650531967,6.952428215487667,22.5,22.5,1.0,0.1144994540727889,1.5527577116210651,63.21021024802535,GT-0205,,True,ACCEPTED
4400.92,RADAR_A,RADAR_A-T9639,True,1,GT-0205,967.9970681353738,20.852893411473215,3.903309408373138,22.5,22.5,1.0,0.10747336684969225,6.952428215487667,60.72058800298842,GT-0205,,True,ACCEPTED
4402.33,RADAR_B,RADAR_B-T3168,True,1,GT-0205,936.3425241577702,18.652485604924024,5.14412983305816,22.5,22.5,1.0,0.0859786934797538,3.903309408373138,58.13263151436784,GT-0205,,True,ACCEPTED
4403.6,RADAR_A,RADAR_A-T9639,True,1,GT-0205,857.188252628786,14.808710564671642,3.832041234574271,22.5,22.5,1.0,0.06878295478380304,5.14412983305816,56.78049589900647,GT-0205,,True,ACCEPTED
4405.52,RADAR_A,RADAR_A-T9639,True,1,GT-0205,1545.2829379247557,20.53991922033366,11.820220383101564,22.5,22.5,1.0,0.055026363827042436,3.832041234574271,63.75424304489434,GT-0205,,True,ACCEPTED
4408.97,RADAR_B,RADAR_B-T3168,True,1,GT-0205,1884.7022511730602,12.01155530794779,9.268114573001045,22.5,22.5,1.0,0.14102476411332668,11.820220383101564,64.83113841010412,GT-0205,,True,ACCEPTED
4410.41,RADAR_A,RADAR_A-T2835,False,1,GT-0205,1949.821393463868,21.828785907097693,12.207747669631814,22.5,22.5,1.0,0.16728838750734543,9.268114573001045,68.37668471885405,GT-0205,,True,ACCEPTED
4411.75,RADAR_B,RADAR_B-T3168,True,1,GT-0205,2184.9172494900495,13.038360438657818,15.995592941580938,22.5,22.5,1.0,0.23729317116640658,12.207747669631814,68.38676240038401,GT-0205,,True,ACCEPTED
4413.0,RADAR_A,RADAR_A-T2835,True,1,GT-0205,551.0726635794302,14.553062024894723,1.775154492650135,22.5,22.5,1.0,0.3564277526261409,15.995592941580938,56.37968985889328,GT-0205,,True,ACCEPTED
4414.98,RADAR_C,RADAR_C-T3934,False,1,GT-0205,929.6826901340177,26.982581819297103,2.267281531373264,22.5,22.5,1.0,0.28514220210091273,1.775154492650135,63.06632532729393,GT-0205,,True,ACCEPTED
4415.8,RADAR_A,RADAR_A-T2835,True,1,GT-0205,456.93167151946653,8.018793471346028,0.6829836925274185,22.5,22.5,1.0,0.2281137616807302,2.267281531373264,60.967085113004245,GT-0205,,True,ACCEPTED
4416.3,RADAR_B,RADAR_B-T3168,True,1,GT-0205,400.11424712741217,10.63229269201612,1.3621568001874138,22.5,22.5,1.0,0.18249100934458418,0.6829836925274185,53.784915474999586,GT-0205,,True,ACCEPTED
4418.15,RADAR_A,RADAR_A-T2835,True,1,GT-0205,563.8964958303935,25.22875476566994,1.6789870534326452,22.5,22.5,1.0,0.14599280747566734,1.3621568001874138,60.30422356583643,GT-0205,,True,ACCEPTED
4420.83,RADAR_A,RADAR_A-T2835,True,1,GT-0205,575.693358808639,22.945487036483428,1.2347240919797606,22.5,22.5,1.0,0.11679424598053388,1.6789870534326452,61.95354092014733,GT-0205,,True,ACCEPTED
4421.35,RADAR_B,RADAR_B-T3168,True,1,GT-0205,533.5680551231105,12.499102041295346,2.2392104875051877,22.5,22.5,1.0,0.09343539678442711,1.2347240919797606,54.247769023561204,GT-0205,,True,ACCEPTED
4423.4,RADAR_A,RADAR_A-T2835,True,1,GT-0205,162.5850888223864,12.12725655233239,0.5249574207844808,22.5,22.5,1.0,0.07474831742754169,2.2392104875051877,55.96316821619769,GT-0205,,True,ACCEPTED
4424.85,RADAR_C,RADAR_C-T3934,True,1,GT-0205,723.7492337648882,5.4985436994750625,1.1876523370451142,22.5,22.5,1.0,0.059798653942033354,0.5249574207844808,59.81558071762115,GT-0205,,True,ACCEPTED
4425.93,RADAR_A,RADAR_A-T2835,True,1,GT-0205,749.3701839656648,9.408718147444546,1.7306585411797226,22.5,22.5,1.0,0.047838923153626686,1.1876523370451142,60.78186624761428,GT-0205,,True,ACCEPTED
4426.1,RADAR_B,RADAR_B-T3168,True,1,GT-0205,478.31792520159405,21.567280956430363,2.366127160726183,22.5,22.5,1.0,0.03827113852290135,1.7306585411797226,57.589419186227516,GT-0205,,True,ACCEPTED
4428.8,RADAR_A,RADAR_A-T2835,True,1,GT-0205,741.8856214999954,15.847849582578222,2.3067706500586844,22.5,22.5,1.0,0.03061691081832108,2.366127160726183,59.375483299148456,GT-0205,,True,ACCEPTED
4430.26,RADAR_B,RADAR_B-T3168,True,1,GT-0205,1287.525639202831,31.55713815669181,7.980073137268937,22.5,22.5,1.0,0.024493528654656867,2.3067706500586844,63.496080384530735,GT-0205,,True,ACCEPTED
4430.83,RADAR_A,RADAR_A-T2835,True,1,GT-0205,989.0490683493273,14.623328685801042,4.320026082920583,22.5,22.5,1.0,0.052596041878207773,7.980073137268937,58.21247158273865,GT-0205,,True,ACCEPTED
4433.57,RADAR_A,RADAR_A-T2835,True,1,GT-0205,812.3103185394895,14.746540197166958,2.5614171418700837,22.5,22.5,1.0,0.04207683350256622,4.320026082920583,58.31073762250711,GT-0205,,True,ACCEPTED
4435.94,RADAR_A,RADAR_A-T2835,True,1,GT-0205,966.6330739079789,6.840408596152182,3.1690243788153243,22.5,22.5,1.0,0.033661466802052974,2.5614171418700837,57.19535206732338,GT-0205,,True,ACCEPTED
4436.31,RADAR_B,RADAR_B-T3168,True,1,GT-0205,1058.322949894718,23.82705837867281,10.475638238656341,22.5,22.5,1.0,0.02692917344164238,3.1690243788153243,61.78911593436318,GT-0205,,True,ACCEPTED
4438.41,RADAR_A,RADAR_A-T2835,True,1,GT-0205,1037.308442640753,5.4567273027545165,3.5125934793458837,22.5,22.5,1.0,0.09613730939758626,10.475638238656341,57.34152858191405,GT-0205,,True,ACCEPTED
4440.38,RADAR_A,RADAR_A-T2835,True,1,GT-0205,1182.8940566303977,28.625817685488748,7.452764057452499,22.5,22.5,1.0,0.07690984751806901,3.5125934793458837,62.47699318017668,GT-0205,,True,ACCEPTED
4441.38,RADAR_B,RADAR_B-T3168,True,1,GT-0205,1400.0315122087097,15.185758210409695,7.470567643931288,22.5,22.5,1.0,0.0857406123053302,7.452764057452499,61.80493725042217,GT-0205,,True,ACCEPTED
4443.06,RADAR_A,RADAR_A-T2835,True,1,GT-0205,190.97410439216347,10.167420048084812,0.2621709580990053,22.5,22.5,1.0,0.09310195057645229,7.470567643931288,57.894434150085274,GT-0205,,True,ACCEPTED
4445.17,RADAR_A,RADAR_A-T2835,True,1,GT-0205,408.1119383760716,24.208841412050404,0.9772071452470603,22.5,22.5,1.0,0.07448156046116183,0.2621709580990053,61.393746348508664,GT-0205,,True,ACCEPTED
4446.2,RADAR_B,RADAR_B-T3168,True,1,GT-0205,252.45032662247937,33.760304281064734,5.984441938519916,22.5,22.5,1.0,0.05958524836892947,0.9772071452470603,60.005157007295615,GT-0205,,True,ACCEPTED
4447.6,RADAR_A,RADAR_A-T2835,True,1,GT-0205,636.575585068579,38.288287025566845,5.860111431929462,22.5,22.5,1.0,0.04766819869514358,5.984441938519916,61.038165449682616,GT-0205,,True,ACCEPTED
4452.86,RADAR_C,RADAR_C-T9315,False,1,GT-0205,1077.1037610382214,18.643320405838267,2.0478232925418225,22.5,22.5,1.0,0.03813455895611487,5.860111431929462,62.044433720713364,GT-0205,,True,ACCEPTED
4453.09,RADAR_A,RADAR_A-T2198,False,1,GT-0205,735.1405189807238,11.929944639469081,1.810673291065096,22.5,22.5,1.0,0.030507647164891894,2.0478232925418225,58.80654073175289,GT-0205,,True,ACCEPTED
4461.38,RADAR_A,RADAR_A-T5257,False,1,GT-0205,685.3718075083983,11.402842357704374,1.5173489510883085,22.5,22.5,1.0,0.024406117731913517,1.810673291065096,60.60354252736791,GT-0205,,True,ACCEPTED
4464.1,RADAR_A,RADAR_A-T5257,True,1,GT-0205,855.0721499962639,11.89642262118263,3.175853418090357,22.5,22.5,1.0,0.019524894185530814,1.5173489510883085,56.50843379781703,GT-0205,,True,ACCEPTED
4466.9,RADAR_B,RADAR_B-T9009,False,1,GT-0205,521.8938208299232,32.08061624315766,2.3226098382148868,22.5,22.5,1.0,0.015619915348424652,3.175853418090357,60.592359761318,GT-0205,,True,ACCEPTED
4467.26,RADAR_A,RADAR_A-T5257,True,1,GT-0205,955.4816576465998,8.382994322197389,2.7606127698521763,22.5,22.5,1.0,0.012495932278739722,2.3226098382148868,59.77584736218068,GT-0205,,True,ACCEPTED
4469.42,RADAR_A,RADAR_A-T5257,True,1,GT-0205,1198.8718373971158,9.85384630758537,5.030028313975413,22.5,22.5,1.0,0.009996745822991778,2.7606127698521763,60.392015855915254,GT-0205,,True,ACCEPTED
4474.96,RADAR_A,RADAR_A-T2757,False,1,GT-0205,951.1367549805616,7.429339304930635,2.8783863196661192,22.5,22.5,1.0,0.007997396658393423,5.030028313975413,59.66411333705296,GT-0205,,True,ACCEPTED
4475.36,RADAR_B,RADAR_B-T9418,False,1,GT-0205,807.4656841796176,11.4418248876868,4.138862548921505,22.5,22.5,1.0,0.006397917326714739,2.8783863196661192,54.384618957371984,GT-0205,,True,ACCEPTED
4478.63,RADAR_C,RADAR_C-T6461,False,1,GT-0205,1111.7017549303819,68.92094354854343,3.056557465038682,22.5,22.5,1.0,0.005118333861371792,4.138862548921505,67.87440635709676,GT-0205,,True,ACCEPTED
4480.66,RADAR_A,RADAR_A-T7056,False,1,GT-0205,415.4483643511263,30.50485998529954,0.8401469203851238,22.5,22.5,1.0,0.004094667089097433,3.056557465038682,64.53485553126906,GT-0205,,True,ACCEPTED
4485.11,RADAR_B,RADAR_B-T8772,False,1,GT-0205,584.109088873828,25.175286449341076,1.498276596764037,22.5,22.5,1.0,0.0032757336712779467,0.8401469203851238,60.92065642888043,GT-0205,,True,ACCEPTED
4485.81,RADAR_A,RADAR_A-T9006,False,1,GT-0205,187.88379037804623,7.480097256568134,0.20117230439017203,22.5,22.5,1.0,0.0026205869370223575,1.498276596764037,57.84762036099545,GT-0205,,True,ACCEPTED
4488.6,RADAR_A,RADAR_A-T9006,True,1,GT-0205,865.6753934271569,27.144902335778212,6.797646057935307,22.5,22.5,1.0,0.002096469549617886,0.20117230439017203,60.17675731327189,GT-0205,,True,ACCEPTED
4489.39,RADAR_C,RADAR_C-T6461,True,1,GT-0205,716.1373240481693,32.98279407313032,3.059724899538596,22.5,22.5,1.0,0.014971276605282753,6.797646057935307,62.815579979854256,GT-0205,,True,ACCEPTED
4491.19,RADAR_A,RADAR_A-T9006,True,1,GT-0205,297.16921751952145,26.352105279572175,1.8315012983931114,22.5,22.5,1.0,0.011977021284226202,3.059724899538596,58.33297061556146,GT-0205,,True,ACCEPTED
4493.3,RADAR_A,RADAR_A-T9006,True,1,GT-0205,512.564010422273,8.862044930073953,0.9791870286276034,22.5,22.5,1.0,0.009581617027380963,1.8315012983931114,56.57512571490673,GT-0205,,True,ACCEPTED
4493.8,RADAR_B,RADAR_B-T9394,False,1,GT-0205,966.5119747231977,39.238808079845406,8.419043968906028,22.5,22.5,1.0,0.007665293621904771,0.9791870286276034,64.11487679870135,GT-0205,,True,ACCEPTED
4495.91,RADAR_A,RADAR_A-T9006,True,1,GT-0205,894.0514449489007,15.581520846236685,3.154192246449342,22.5,22.5,1.0,0.04644963437929095,8.419043968906028,58.72439717633945,GT-0205,,True,ACCEPTED
4496.85,RADAR_B,RADAR_B-T9394,True,1,GT-0205,817.1157535906187,11.422958615318812,2.507219345126904,22.5,22.5,1.0,0.03715970750343276,3.154192246449342,56.191731273277675,GT-0205,,True,ACCEPTED
4499.86,RADAR_B,RADAR_B-T9394,True,1,GT-0205,638.394858299529,29.848878609450853,3.5195685067330924,22.5,22.5,1.0,0.02972776600274621,2.507219345126904,59.63177847378592,GT-0205,,True,ACCEPTED
4505.27,RADAR_A,RADAR_A-T2760,False,1,GT-0205,1182.212864275355,18.161361220384215,4.758708160916359,22.5,22.5,1.0,0.02378221280219697,3.5195685067330924,64.60153784097241,GT-0205,,True,ACCEPTED
4507.31,RADAR_A,RADAR_A-T2760,True,1,GT-0205,739.7607308792838,11.823575446391777,2.9330525734895527,22.5,22.5,1.0,0.019025770241757577,4.758708160916359,55.09279367986898,GT-0205,,True,ACCEPTED
4510.5,RADAR_A,RADAR_A-T2760,True,1,GT-0205,1101.8664054220155,14.358564612845223,4.743252995869823,22.5,22.5,1.0,0.015220616193406061,2.9330525734895527,58.86839953264992,GT-0205,,True,ACCEPTED
4510.6,RADAR_B,RADAR_B-T6559,False,1,GT-0205,1306.9971268652566,11.413666654182354,8.499448726394947,22.5,22.5,1.0,0.01217649295472485,4.743252995869823,57.8507416858877,GT-0205,,True,ACCEPTED
4511.74,RADAR_C,RADAR_C-T4046,False,1,GT-0205,456.0057930754133,11.892167723694248,0.7717352951371593,22.5,22.5,1.0,0.051398673137029005,8.499448726394947,58.21461273242301,GT-0205,,True,ACCEPTED
4513.62,RADAR_A,RADAR_A-T2760,True,1,GT-0205,426.0391710784284,33.202523263187935,0.8853457964102486,22.5,22.5,1.0,0.041118938509623205,0.7717352951371593,62.71176547725056,GT-0205,,True,ACCEPTED
4515.65,RADAR_A,RADAR_A-T2760,True,1,GT-0205,813.2734511450816,22.459760663937487,3.4059884487957826,22.5,22.5,1.0,0.032895150807698566,0.8853457964102486,60.04444625937035,GT-0205,,True,ACCEPTED
4516.92,RADAR_B,RADAR_B-T6559,True,1,GT-0205,690.6083621732887,45.20879622512811,10.862374526137964,22.5,22.5,1.0,0.026316120646158854,3.4059884487957826,66.24277567921506,GT-0205,,True,ACCEPTED
4520.26,RADAR_A,RADAR_A-T1187,False,1,GT-0205,773.7681542794799,10.213928021864609,2.1863571294914954,22.5,22.5,1.0,0.10209247195255983,10.862374526137964,58.86100479434897,GT-0205,,True,ACCEPTED
4521.31,RADAR_B,RADAR_B-T6559,True,1,GT-0205,758.8141651595215,9.117730900970015,2.4688744374815035,22.5,22.5,1.0,0.08167397756204786,2.1863571294914954,56.083700663736224,GT-0205,,True,ACCEPTED
4522.91,RADAR_A,RADAR_A-T1187,True,1,GT-0205,1044.0678202378474,10.868916424406343,3.84929615212976,22.5,22.5,1.0,0.06533918204963829,2.4688744374815035,57.95200774007781,GT-0205,,True,ACCEPTED
4525.62,RADAR_A,RADAR_A-T1187,True,1,GT-0205,1066.0321523349119,22.054373616234013,5.334442357655299,22.5,22.5,1.0,0.052271345639710635,3.84929615212976,61.142092408234596,GT-0205,,True,ACCEPTED
4525.96,RADAR_B,RADAR_B-T6559,True,1,GT-0205,1054.0721532338355,29.04404527430294,10.994853606846492,22.5,22.5,1.0,0.04181707651176851,5.334442357655299,62.96046726605759,GT-0205,,True,ACCEPTED
4527.74,RADAR_A,RADAR_A-T1187,True,1,GT-0205,826.9426357241608,15.011301378728973,3.120110862117471,22.5,22.5,1.0,0.11670122132352301,10.994853606846492,57.008331597224874,GT-0205,,True,ACCEPTED
4530.45,RADAR_A,RADAR_A-T1187,True,1,GT-0205,1617.2922934173614,5.2266112939984355,8.124755951257155,22.5,22.5,1.0,0.0933609770588184,3.120110862117471,63.30838290860161,GT-0205,,True,ACCEPTED
4530.9,RADAR_B,RADAR_B-T6559,True,1,GT-0205,1266.1825914063452,11.844635751419466,5.647157239580241,22.5,22.5,1.0,0.11010138083467398,8.124755951257155,58.69283520349916,GT-0205,,True,ACCEPTED
4535.53,RADAR_A,RADAR_A-T1916,False,1,GT-0205,1606.1736280186194,4.481660610573383,8.050378174071728,22.5,22.5,1.0,0.08808110466773919,5.647157239580241,65.45179276825026,GT-0205,,True,ACCEPTED
4538.33,RADAR_A,RADAR_A-T1916,True,1,GT-0205,2045.0139616451108,6.347174956189178,12.659945116913546,22.5,22.5,1.0,0.1046378533020535,8.050378174071728,67.09075394860228,GT-0205,,True,ACCEPTED
4540.48,RADAR_A,RADAR_A-T1916,True,1,GT-0205,2139.4643929513422,6.141559750328447,14.243773104901564,22.5,22.5,1.0,0.19470936792353527,12.659945116913546,69.83396680292316,GT-0205,,True,ACCEPTED
4542.58,RADAR_B,RADAR_B-T3748,False,1,GT-0205,1892.8202221501836,17.00337189965476,10.73800154765243,22.5,22.5,1.0,0.29316371275385433,14.243773104901564,64.69188928406635,GT-0205,,True,ACCEPTED
4546.42,RADAR_A,RADAR_A-T4753,False,1,GT-0205,3039.3385807067593,7.861262319726929,28.14848489137962,22.5,22.5,1.0,0.3134976626639573,10.73800154765243,85.31894611045438,,GT-0213,False,SOURCE_MAP_NOT_FOUND;MAHALANOBIS_GATE_FAIL;NEW_TRACK_CREATED
4549.19,RADAR_A,RADAR_A-T4753,True,2,GT-0213,451.1880944567838,10.440027111834945,0.5782042235581912,22.5,22.5,1.0,0.0,0.0,79.45516869740959,GT-0213,,True,ACCEPTED
4552.03,RADAR_A,RADAR_A-T4753,True,2,GT-0213,311.14981559207985,36.29829390793393,10.694494121562732,22.5,22.5,1.0,0.0,0.5782042235581912,63.433452743422954,GT-0213,,True,ACCEPTED
4554.62,RADAR_A,RADAR_A-T4753,True,2,GT-0213,630.6822746484842,36.02715827824367,12.339524989695345,22.5,22.5,1.0,0.0782415686927122,10.694494121562732,64.80306244645027,GT-0213,,True,ACCEPTED
4555.19,RADAR_B,RADAR_B-T6796,False,2,GT-0213,1025.1637952860378,59.124120715395065,33.16211098006762,22.5,22.5,1.0,0.16825200478242552,12.339524989695345,86.80694664473191,,GT-0214,False,SOURCE_MAP_NOT_FOUND;MAHALANOBIS_GATE_FAIL;NEW_TRACK_CREATED
4558.77,RADAR_A,RADAR_A-T6257,False,3,GT-0213,1291.165868624082,6.14756496438204,5.103761132159609,22.5,22.5,1.0,0.16825200478242552,12.339524989695345,66.4225206543131,GT-0213,,True,ACCEPTED
4560.36,RADAR_B,RADAR_B-T6796,True,3,GT-0214,727.4230245820306,53.11742494680688,0.8041527195416274,22.5,22.5,1.0,0.0,0.0,84.6531094608036,GT-0214,,True,ACCEPTED
4561.7,RADAR_A,RADAR_A-T6257,True,2,GT-0213,977.2268190361106,19.659825822517924,4.3225890566064535,22.5,22.5,1.0,0.1346016038259404,5.103761132159609,58.97677001463593,GT-0213,,True,ACCEPTED
4563.79,RADAR_A,RADAR_A-T6257,True,1,GT-0213,1179.6991154657314,7.007586414377526,4.509326795043791,22.5,22.5,1.0,0.10768128306075234,4.3225890566064535,59.636641460794706,GT-0213,,True,ACCEPTED
4565.77,RADAR_B,RADAR_B-T6796,True,1,GT-0213,677.8835898854766,27.11326841857877,6.202707644582261,22.5,22.5,1.0,0.08614502644860188,4.509326795043791,59.371638234444674,GT-0213,,True,ACCEPTED
4566.52,RADAR_A,RADAR_A-T6257,True,1,GT-0213,607.5084948891274,42.37154279857812,21.85360144929546,22.5,22.5,1.0,0.07229448190191917,6.202707644582261,73.2970311756886,GT-0213,,True,ACCEPTED
4569.18,RADAR_A,RADAR_A-T6257,True,1,GT-0213,354.37118851687717,48.25245386656774,2.3605940809900696,22.5,22.5,1.0,0.25783558552153535,21.85360144929546,61.844886693046995,GT-0213,,True,ACCEPTED
4570.21,RADAR_B,RADAR_B-T6796,True,1,GT-0213,1037.739766015404,43.717855875407494,8.203370031179531,22.5,22.5,1.0,0.2062684684172283,2.3605940809900696,64.63484531620489,GT-0213,,True,ACCEPTED
4572.35,RADAR_A,RADAR_A-T6257,True,1,GT-0213,1064.4102948447162,14.090278214798738,3.55659640355174,22.5,22.5,1.0,0.20173760858677484,8.203370031179531,61.54743902146292,GT-0213,,True,ACCEPTED
4574.79,RADAR_B,RADAR_B-T6796,True,1,GT-0213,1221.1692228767954,16.920369538465764,6.437682672796868,22.5,22.5,1.0,0.16139008686941989,3.55659640355174,59.75441198151518,GT-0213,,True,ACCEPTED
4575.23,RADAR_A,RADAR_A-T6257,True,1,GT-0213,561.5942344540289,11.414081832396224,2.760837248288364,22.5,22.5,1.0,0.13640678070881704,6.437682672796868,53.638993335324294,GT-0213,,True,ACCEPTED
4578.14,RADAR_A,RADAR_A-T6257,True,1,GT-0213,884.3375708769972,18.786721997980415,2.544842258604607,22.5,22.5,1.0,0.10912542456705364,2.760837248288364,64.97515649802165,GT-0213,,True,ACCEPTED
4579.57,RADAR_B,RADAR_B-T6796,True,1,GT-0213,758.2967998076635,11.157071309863582,2.590124336617418,22.5,22.5,1.0,0.08730033965364292,2.544842258604607,56.75098247376859,GT-0213,,True,ACCEPTED
4579.96,RADAR_A,RADAR_A-T6257,True,1,GT-0213,218.16315253108073,14.438294009702481,9.64793006938207,22.5,22.5,1.0,0.06984027172291433,2.590124336617418,56.85315150374087,GT-0213,,True,ACCEPTED
4581.81,RADAR_C,RADAR_C-T4637,False,1,GT-0213,888.5258874639708,45.45261082213524,4.747257456708942,22.5,22.5,1.0,0.11667105186803264,9.64793006938207,65.09408795923618,GT-0213,,True,ACCEPTED
4582.97,RADAR_A,RADAR_A-T6257,True,1,GT-0213,673.3810519078662,18.30185619580383,1.9324797312791293,22.5,22.5,1.0,0.09333684149442611,4.747257456708942,59.54557874212899,GT-0213,,True,ACCEPTED
4584.9,RADAR_B,RADAR_B-T6796,True,1,GT-0213,1077.3111945861544,19.288696914605044,5.265018538506084,22.5,22.5,1.0,0.07466947319554089,1.9324797312791293,60.2831090872656,GT-0213,,True,ACCEPTED
4588.41,RADAR_A,RADAR_A-T6550,False,1,GT-0213,1978.6897372327564,13.729838306082785,12.31685896428445,22.5,22.5,1.0,0.05973557855643272,5.265018538506084,69.47510230451506,GT-0213,,True,ACCEPTED
4590.63,RADAR_A,RADAR_A-T6550,True,1,GT-0213,1795.7026957794274,21.700461894886825,11.750866886142148,22.5,22.5,1.0,0.15306944558322033,12.31685896428445,65.63093004591401,GT-0213,,True,ACCEPTED
4590.66,RADAR_B,RADAR_B-T6796,True,1,GT-0213,1993.1225525799812,11.867513893667628,14.561139588181604,22.5,22.5,1.0,0.21830333790227874,11.750866886142148,67.15849778021595,GT-0213,,True,ACCEPTED
4595.13,RADAR_B,RADAR_B-T6796,True,1,GT-0213,553.8203875009013,30.379616558975055,1.4368883699185786,22.5,22.5,1.0,0.31732833012484973,14.561139588181604,63.56165006404534,GT-0213,,True,ACCEPTED
4600.59,RADAR_C,RADAR_C-T2154,False,1,GT-0213,511.13968720816337,108.98776494736002,9.736155445274271,22.5,22.5,1.0,0.2538626640998798,1.4368883699185786,70.24099123433697,GT-0213,,True,ACCEPTED
4601.41,RADAR_B,RADAR_B-T6796,True,1,GT-0213,529.4199209256965,12.73779107644517,1.39174403677409,22.5,22.5,1.0,0.2653593887011417,9.736155445274271,57.78619719500719,GT-0213,,True,ACCEPTED
4602.22,RADAR_A,RADAR_A-T1196,False,1,GT-0213,272.8221515646641,8.585283647161148,0.6849262403475687,22.5,22.5,1.0,0.21228751096091336,1.39174403677409,53.96626591837293,GT-0213,,True,ACCEPTED
4605.13,RADAR_A,RADAR_A-T1196,True,1,GT-0213,448.85758211728313,13.187474890207247,0.7057487361786919,22.5,22.5,1.0,0.1698300087687307,0.6849262403475687,62.82736946226105,GT-0213,,True,ACCEPTED
4608.04,RADAR_A,RADAR_A-T1196,True,1,GT-0213,470.5160441838244,13.213568440428112,0.9490782793149564,22.5,22.5,1.0,0.13586400701498455,0.7057487361786919,58.04031238315361,GT-0213,,True,ACCEPTED
4610.39,RADAR_A,RADAR_A-T1196,True,1,GT-0213,45.52824025806387,13.617890719663178,0.5497967304682719,22.5,22.5,1.0,0.10869120561198764,0.9490782793149564,56.05971026562782,GT-0213,,True,ACCEPTED
4611.01,RADAR_B,RADAR_B-T7073,False,1,GT-0213,118.22131183383021,15.956547980006347,2.2331545944415128,22.5,22.5,1.0,0.08695296448959011,0.5497967304682719,54.46244875008317,GT-0213,,True,ACCEPTED
4612.96,RADAR_A,RADAR_A-T1196,True,1,GT-0213,354.69480511584294,29.284813564415185,4.217402347669587,22.5,22.5,1.0,0.0695623715916721,2.2331545944415128,58.67518084919479,GT-0213,,True,ACCEPTED
4614.94,RADAR_A,RADAR_A-T1196,True,1,GT-0213,493.1353725707114,5.192629134918435,0.8248922307819927,22.5,22.5,1.0,0.05564989727333768,4.217402347669587,55.96952940304527,GT-0213,,True,ACCEPTED
4616.01,RADAR_B,RADAR_B-T7073,True,1,GT-0213,462.0534186564921,6.2561993763911214,0.778336655795633,22.5,22.5,1.0,0.04451991781867015,0.8248922307819927,55.01040961047607,GT-0213,,True,ACCEPTED
4619.85,RADAR_A,RADAR_A-T6943,False,1,GT-0213,190.08015901272805,10.443561109350014,0.31886837915510574,22.5,22.5,1.0,0.03561593425493612,0.778336655795633,57.415401238706785,GT-0213,,True,ACCEPTED
4622.55,RADAR_A,RADAR_A-T6943,True,1,GT-0213,406.1911019613614,11.285822278074875,1.034934931308925,22.5,22.5,1.0,0.0284927474039489,0.31886837915510574,55.68403423918552,GT-0213,,True,ACCEPTED
4623.49,RADAR_C,RADAR_C-T3912,False,1,GT-0213,611.9805644077591,16.965860840837642,2.06064477675473,22.5,22.5,1.0,0.02279419792315912,1.034934931308925,57.37052932088628,GT-0213,,True,ACCEPTED
4625.31,RADAR_B,RADAR_B-T3692,False,1,GT-0213,157.9552216869109,5.257974543681755,0.13885000529673874,22.5,22.5,1.0,0.018235358338527297,2.06064477675473,56.17748679750772,GT-0213,,True,ACCEPTED
4631.83,RADAR_A,RADAR_A-T7454,False,1,GT-0213,785.333628794189,8.816319445595965,2.0283363628028552,22.5,22.5,1.0,0.014588286670821838,0.13885000529673874,67.92214743140812,GT-0213,,True,ACCEPTED
4636.44,RADAR_B,RADAR_B-T7133,False,1,GT-0213,1123.1722746325647,32.941154701861315,5.704580016969354,22.5,22.5,1.0,0.011670629336657471,2.0283363628028552,61.96865521754241,GT-0213,,True,ACCEPTED
4636.73,RADAR_A,RADAR_A-T4585,False,1,GT-0213,1271.2783023500554,2.6149341658804013,5.047335246953858,22.5,22.5,1.0,0.009336503469325977,5.704580016969354,59.958523226160686,GT-0213,,True,ACCEPTED
4639.07,RADAR_A,RADAR_A-T4585,True,1,GT-0213,1775.6282783687293,19.94186307838496,11.225803250335842,22.5,22.5,1.0,0.007469202775460782,5.047335246953858,64.7948006798171,GT-0213,,True,ACCEPTED
4640.95,RADAR_B,RADAR_B-T7133,True,1,GT-0213,1677.3849456918438,23.414080303709685,9.895970553211736,22.5,22.5,1.0,0.09307208305929933,11.225803250335842,65.45843276360606,GT-0213,,True,ACCEPTED
4644.17,RADAR_A,RADAR_A-T9211,False,1,GT-0213,1882.3217552795409,21.707452382738783,11.688158543624656,22.5,22.5,1.0,0.1393905090009684,9.895970553211736,67.98181371574648,GT-0213,,True,ACCEPTED
4646.14,RADAR_B,RADAR_B-T7133,True,1,GT-0213,2109.5003586171774,17.021908255300076,17.021885971277467,22.5,22.5,1.0,0.20631504959451896,11.688158543624656,69.69582835215294,GT-0213,,True,ACCEPTED
4647.02,RADAR_A,RADAR_A-T9211,True,1,GT-0213,813.4022032678201,8.752494308755217,2.5136016657892686,22.5,22.5,1.0,0.34875013919690634,17.021885971277467,56.11471121076087,GT-0213,,True,ACCEPTED
4649.73,RADAR_A,RADAR_A-T9211,True,1,GT-0213,990.5817917130532,27.523078136930845,3.0552610307742873,22.5,22.5,1.0,0.27900011135752506,2.5136016657892686,64.63512222973085,GT-0213,,True,ACCEPTED
4650.51,RADAR_B,RADAR_B-T7133,True,1,GT-0213,1117.712641473368,32.2267927635442,6.593646512392938,22.5,22.5,1.0,0.22320008908602007,3.0552610307742873,62.33786403586932,GT-0213,,True,ACCEPTED
4653.47,RADAR_C,RADAR_C-T7384,False,1,GT-0213,1134.8515480409064,11.50257134979238,1.8642249399757038,22.5,22.5,1.0,0.18845417980869839,6.593646512392938,62.24134647906908,GT-0213,,True,ACCEPTED
4654.13,RADAR_A,RADAR_A-T1364,False,1,GT-0213,1458.1636834084318,48.138249669795734,10.455828624559661,22.5,22.5,1.0,0.15076334384695872,1.8642249399757038,68.3529860986217,GT-0213,,True,ACCEPTED
4655.32,RADAR_B,RADAR_B-T7133,True,1,GT-0213,1771.7037976744782,14.373543940425568,10.804043411169651,22.5,22.5,1.0,0.19487448548689468,10.455828624559661,63.26596850309405,GT-0213,,True,ACCEPTED
4656.09,RADAR_A,RADAR_A-T1364,True,1,GT-0213,1772.7694629571754,18.6085022451058,12.21902664738294,22.5,22.5,1.0,0.2359669785756766,10.804043411169651,65.09283900006596,GT-0213,,True,ACCEPTED
4658.35,RADAR_A,RADAR_A-T1364,True,1,GT-0213,1993.3165587263134,15.249777137249344,13.255947116020986,22.5,22.5,1.0,0.2924240269835903,12.21902664738294,68.62784646905958,GT-0213,,True,ACCEPTED
4659.48,RADAR_B,RADAR_B-T7133,True,1,GT-0213,1990.9502079433405,46.384237393773084,25.633764456509713,22.5,22.5,1.0,0.3548716735205554,13.255947116020986,78.8276590463113,,GT-0215,False,MAHALANOBIS_GATE_FAIL;NEW_TRACK_CREATED
4660.76,RADAR_A,RADAR_A-T1364,True,2,GT-0213,2378.765107790061,11.912874379421835,17.089913317840704,22.5,22.5,1.0,0.3548716735205554,13.255947116020986,71.85555574538293,GT-0213,,True,ACCEPTED
4663.56,RADAR_A,RADAR_A-T1364,True,2,GT-0215,996.296459104624,38.54730117928494,2.6892654490144965,22.5,22.5,1.0,0.0,0.0,83.88360031729451,GT-0215,,True,ACCEPTED
4664.51,RADAR_B,RADAR_B-T7133,True,1,GT-0213,3109.682850081206,17.319401535942898,27.7598309007207,22.5,22.5,1.0,0.46872922744712275,17.089913317840704,85.1718124765938,,GT-0216,False,MAHALANOBIS_GATE_FAIL;NEW_TRACK_CREATED
4669.06,RADAR_A,RADAR_A-T3777,False,2,GT-0216,981.2554272742556,6.240147041449524,2.5292731448624473,22.5,22.5,1.0,0.0,0.0,84.7477464296092,GT-0216,,True,ACCEPTED
4671.79,RADAR_C,RADAR_C-T3530,False,2,GT-0216,994.832921635258,33.97845459888071,1.5824400922073223,22.5,22.5,1.0,0.0,2.5292731448624473,65.79277954669621,GT-0216,,True,ACCEPTED
4672.22,RADAR_A,RADAR_A-T3777,True,2,GT-0216,282.1354688625058,1.9271248790312463,0.21755457545094375,22.5,22.5,1.0,0.0,1.5824400922073223,61.60227344282638,GT-0216,,True,ACCEPTED
4674.24,RADAR_B,RADAR_B-T8402,False,2,GT-0216,923.0879112912459,37.55982672773936,3.988985032182124,22.5,22.5,1.0,0.0,0.21755457545094375,62.485612357736535,GT-0216,,True,ACCEPTED
4674.52,RADAR_A,RADAR_A-T3777,True,2,GT-0216,744.4396412247045,32.92069556176119,3.559802309519612,22.5,22.5,1.0,0.0,3.988985032182124,60.9776763168955,GT-0216,,True,ACCEPTED
4676.48,RADAR_A,RADAR_A-T3777,True,2,GT-0216,1144.4111964397914,13.142096140834377,3.994935047927545,22.5,22.5,1.0,0.0,3.559802309519612,61.52632420598225,GT-0216,,True,ACCEPTED
4678.4,RADAR_B,RADAR_B-T8402,True,2,GT-0216,496.86213264807964,29.581518982195142,3.4252996533310864,22.5,22.5,1.0,0.0,3.994935047927545,60.048572562651295,GT-0216,,True,ACCEPTED
4679.11,RADAR_A,RADAR_A-T3777,True,2,GT-0216,890.3076982438832,12.220730628985198,2.542561055842264,22.5,22.5,1.0,0.0,3.4252996533310864,59.03397883630092,GT-0216,,True,ACCEPTED
4684.68,RADAR_A,RADAR_A-T6108,False,2,GT-0216,1016.8194275861365,26.702189107458306,3.477035616838363,22.5,22.5,1.0,0.0,2.542561055842264,62.13666838963199,GT-0216,,True,ACCEPTED
4687.43,RADAR_A,RADAR_A-T6108,True,2,GT-0216,1638.5738604058529,9.422115276278825,7.692904455297529,22.5,22.5,1.0,0.0,3.477035616838363,62.97176329370697,GT-0216,,True,ACCEPTED
4689.14,RADAR_B,RADAR_B-T2659,False,2,GT-0216,1193.0754761810147,17.753199132107,5.615723089911803,22.5,22.5,1.0,0.028215074254958818,7.692904455297529,59.554847653126544,GT-0216,,True,ACCEPTED
4689.98,RADAR_C,RADAR_C-T1502,False,2,GT-0216,800.0787650468657,10.920871451115048,1.2287661094003146,22.5,22.5,1.0,0.022572059403967056,5.615723089911803,59.2909682755949,GT-0216,,True,ACCEPTED
4692.25,RADAR_A,RADAR_A-T6468,False,1,GT-0216,1640.2072103088583,14.75406909869215,8.078458081620578,22.5,22.5,1.0,0.018057647523173646,1.2287661094003146,64.97454342469392,GT-0216,,True,ACCEPTED
4693.8,RADAR_B,RADAR_B-T2659,True,1,GT-0216,722.5939207418885,9.05941453128429,1.7524931812241642,22.5,22.5,1.0,0.04908708604554855,8.078458081620578,57.84014451435071,GT-0216,,True,ACCEPTED
4695.0,RADAR_A,RADAR_A-T6468,True,1,GT-0216,581.3589367846264,7.8774091201900855,1.2175508249558082,22.5,22.5,1.0,0.03926966883643884,1.7524931812241642,56.60556600662907,GT-0216,,True,ACCEPTED
4697.35,RADAR_A,RADAR_A-T6468,True,1,GT-0216,384.1400679984737,15.509096810210337,0.7486614289437398,22.5,22.5,1.0,0.031415735069151074,1.2175508249558082,58.747198731080786,GT-0216,,True,ACCEPTED
4697.83,RADAR_B,RADAR_B-T2659,True,1,GT-0216,674.9669685413487,6.9557127787371575,1.793854894291862,22.5,22.5,1.0,0.02513258805532086,0.7486614289437398,54.69318895706251,GT-0216,,True,ACCEPTED
4702.69,RADAR_A,RADAR_A-T5404,False,1,GT-0216,756.7090307394989,11.001230607709111,1.7668865047095297,22.5,22.5,1.0,0.02010607044425669,1.793854894291862,66.01646182527728,GT-0216,,True,ACCEPTED
4704.72,RADAR_B,RADAR_B-T2659,True,1,GT-0216,452.6555589088047,16.782676935180643,1.5568568148729787,22.5,22.5,1.0,0.016084856355405353,1.7668865047095297,56.87360432100966,GT-0216,,True,ACCEPTED
4705.25,RADAR_A,RADAR_A-T5404,True,1,GT-0216,383.75775375037114,10.700827263629478,0.8237775784193357,22.5,22.5,1.0,0.012867885084324283,1.5568568148729787,56.41460662391862,GT-0216,,True,ACCEPTED
4707.83,RADAR_A,RADAR_A-T5404,True,1,GT-0216,957.0459382607155,13.396688627781565,3.150522500815359,22.5,22.5,1.0,0.010294308067459427,0.8237775784193357,58.913188667112806,GT-0216,,True,ACCEPTED
4710.34,RADAR_A,RADAR_A-T5404,True,1,GT-0216,1358.6741546954947,17.571332238024553,6.387976879128699,22.5,22.5,1.0,0.008235446453967543,3.150522500815359,61.653095055609654,GT-0216,,True,ACCEPTED
4712.09,RADAR_C,RADAR_C-T7187,False,1,GT-0216,805.1434160191616,29.432100057065217,5.573987718781286,22.5,22.5,1.0,0.013054638481985681,6.387976879128699,60.690481334310405,GT-0216,,True,ACCEPTED
4712.96,RADAR_A,RADAR_A-T5404,True,1,GT-0216,1271.4368663340124,5.101043497542409,5.0645903361802915,22.5,22.5,1.0,0.010443710785588546,5.573987718781286,59.57617901204847,GT-0216,,True,ACCEPTED
4713.57,RADAR_B,RADAR_B-T6817,False,1,GT-0216,1059.8576190593371,42.207991972529484,11.4510755255509,22.5,22.5,1.0,0.008354968628470837,5.0645903361802915,66.69898647922176,GT-0216,,True,ACCEPTED
4717.6,RADAR_A,RADAR_A-T1709,False,1,GT-0216,1754.6292180815385,27.79837356405818,9.953198458342975,22.5,22.5,1.0,0.09753523366195833,11.4510755255509,67.26354116770035,GT-0216,,True,ACCEPTED
4719.74,RADAR_A,RADAR_A-T1709,True,1,GT-0216,1995.7216159318064,19.025198508093116,13.595843441331407,22.5,22.5,1.0,0.1439148279019496,9.953198458342975,68.53935416819687,GT-0216,,True,ACCEPTED
4722.51,RADAR_A,RADAR_A-T1709,True,1,GT-0216,2334.323238684223,9.78874166115062,16.772088978817425,22.5,22.5,1.0,0.24172925301041648,13.595843441331407,70.58099129585922,GT-0216,,True,ACCEPTED
4725.04,RADAR_A,RADAR_A-T1709,True,1,GT-0216,2393.2521802685396,4.855720066861765,17.45990769211308,22.5,22.5,1.0,0.37291821872195696,16.772088978817425,73.28470684652315,GT-0216,,True,ACCEPTED
4726.94,RADAR_B,RADAR_B-T2417,False,1,GT-0216,2650.3640438032203,14.497464427804115,20.69192952938317,22.5,22.5,1.0,0.48933303651278365,17.45990769211308,74.15878469391374,GT-0216,,True,ACCEPTED
4727.92,RADAR_A,RADAR_A-T1709,True,1,GT-0216,2673.7009389174505,11.135463423408478,20.811514969582365,22.5,22.5,1.0,0.591466429210227,20.69192952938317,75.09929105036937,GT-0216,,True,ACCEPTED
4730.53,RADAR_A,RADAR_A-T1709,True,1,GT-0216,2791.4026531254467,15.411611946138457,23.60913540014701,22.5,34.61711658062727,1.0,0.6731731433681816,20.811514969582365,80.14993234692379,GT-0216,,True,ACCEPTED
4732.07,RADAR_C,RADAR_C-T9032,False,1,GT-0216,3056.2880726282024,39.76388789618914,31.911291274965542,22.5,35.79369326450182,1.8,0.7385385146945453,23.60913540014701,85.68394580550267,GT-0216,,True,ACCEPTED
4733.61,RADAR_A,RADAR_A-T1709,True,1,GT-0216,2674.3411076569137,27.992997416029645,24.932055749503146,22.5,36.73495461160146,3.24,0.7908308117556364,31.911291274965542,79.20033377334474,GT-0216,,True,ACCEPTED
4738.48,RADAR_A,RADAR_A-T9761,False,1,GT-0216,3103.6068819680045,13.76988836591283,28.469219392062655,22.5,37.487963689281166,5.832000000000001,0.8326646494045091,24.932055749503146,89.09855628174441,GT-0216,,True,ACCEPTED
4742.02,RADAR_A,RADAR_A-T9761,True,1,GT-0216,3029.351530088309,29.45559327481063,26.792163994127876,22.5,38.09037095142493,10.497600000000002,0.8661317195236073,28.469219392062655,86.35749885405762,GT-0216,,True,ACCEPTED
4745.82,RADAR_B,RADAR_B-T1764,False,1,GT-0216,3500.919976211736,56.78206253622744,33.90152970544612,22.5,38.572296761139945,12.0,0.8929053756188858,26.792163994127876,95.98307710922263,GT-0216,,True,ACCEPTED
4748.17,RADAR_A,RADAR_A-T2263,False,1,GT-0216,3521.4931184445745,17.240952132437794,36.513310261211075,22.5,38.957837408911956,12.0,0.9143243004951087,33.90152970544612,96.39254222886275,GT-0216,,True,ACCEPTED
4750.79,RADAR_A,RADAR_A-T2263,True,1,GT-0216,754.2340732506716,20.366256548989558,1.6946758236336306,22.5,39.266269927129564,12.0,0.931459440396087,36.513310261211075,64.38735552625505,GT-0216,,True,ACCEPTED
4752.86,RADAR_A,RADAR_A-T2263,True,1,GT-0216,705.502362179504,10.904098552873288,1.5599934348095914,22.5,35.913015941703655,12.0,0.7451675523168696,1.6946758236336306,59.06392364298645,GT-0216,,True,ACCEPTED
4754.6,RADAR_B,RADAR_B-T8856,False,1,GT-0216,744.9381941798187,45.599722848930384,3.2540555172562633,22.5,22.5,12.0,0.5961340418534957,1.5599934348095914,62.998401781450696,GT-0216,,True,ACCEPTED
4755.33,RADAR_A,RADAR_A-T2263,True,1,GT-0216,1030.7455298435352,39.225029962274775,4.328397076546667,22.5,22.5,12.0,0.4769072334827966,3.2540555172562633,63.9148634619704,GT-0216,,True,ACCEPTED
4755.74,RADAR_C,RADAR_C-T3859,False,1,GT-0216,848.7266475495271,17.704362765318205,2.691849417650257,22.5,22.5,12.0,0.38152578678623733,4.328397076546667,58.79081065975768,GT-0216,,True,ACCEPTED
4758.33,RADAR_A,RADAR_A-T2263,True,1,GT-0216,917.6907253983909,21.80822870337799,2.6734087794584065,22.5,22.5,12.0,0.30522062942898986,2.691849417650257,64.89667795983941,GT-0216,,True,ACCEPTED
4759.26,RADAR_B,RADAR_B-T8856,True,1,GT-0216,223.11020646246524,26.141012463502364,3.649706700702626,22.5,22.5,12.0,0.2441765035431919,2.6734087794584065,59.152540114139306,GT-0216,,True,ACCEPTED
4759.55,RADAR_A,RADAR_A-T2263,True,1,GT-0216,270.0484820352709,8.206362920313035,0.48111562270338215,22.5,22.5,10.8,0.19534120283455353,3.649706700702626,55.32615011686923,GT-0216,,True,ACCEPTED
4767.37,RADAR_A,RADAR_A-T5883,False,1,GT-0216,733.3647676676931,39.66240419236339,1.5591992875692058,22.5,22.5,9.72,0.15627296226764284,0.48111562270338215,69.63341643018977,GT-0216,,True,ACCEPTED
4769.43,RADAR_B,RADAR_B-T5303,False,1,GT-0216,716.1423594771372,13.925604802177673,1.0034608617272944,22.5,22.5,8.748000000000001,0.12501836981411427,1.5591992875692058,65.00027885711395,GT-0216,,True,ACCEPTED
4769.5,RADAR_A,RADAR_A-T5883,True,1,GT-0216,340.87681830478266,11.036892389479995,0.392769858643269,22.5,22.5,7.8732000000000015,0.10001469585129141,1.0034608617272944,61.65163485820178,GT-0216,,True,ACCEPTED
4777.36,RADAR_A,RADAR_A-T3827,False,1,GT-0216,394.80206361848184,53.6899828044926,0.5375124721967611,22.5,22.5,7.085880000000001,0.08001175668103314,0.392769858643269,67.60836756046393,GT-0216,,True,ACCEPTED
4780.45,RADAR_A,RADAR_A-T3827,True,1,GT-0216,289.3381476700909,20.916499117982646,0.2530581433972691,22.5,22.5,6.3772920000000015,0.0640094053448265,0.5375124721967611,65.4310065170215,GT-0216,,True,ACCEPTED
4781.97,RADAR_B,RADAR_B-T9249,False,1,GT-0216,658.3746367031289,9.994041840840945,1.6122297218880575,22.5,22.5,5.739562800000002,0.051207524275861206,0.2530581433972691,56.930556610919396,GT-0216,,True,ACCEPTED
4782.59,RADAR_A,RADAR_A-T3827,True,1,GT-0216,317.13674341325816,16.54920685637305,1.4768802307402014,22.5,22.5,5.165606520000002,0.04096601942068897,1.6122297218880575,55.49852905777695,GT-0216,,True,ACCEPTED
4784.55,RADAR_A,RADAR_A-T3827,True,1,GT-0216,416.2344255622355,23.516071315104845,0.7235043233562033,22.5,22.5,4.649045868000002,0.032772815536551175,1.4768802307402014,61.61271996321353,GT-0216,,True,ACCEPTED
4786.87,RADAR_A,RADAR_A-T3827,True,1,GT-0216,251.5612440440135,21.36094081950114,0.6617535984863065,22.5,22.5,4.184141281200001,0.026218252429240942,0.7235043233562033,59.02648435305584,GT-0216,,True,ACCEPTED
4787.7,RADAR_B,RADAR_B-T9249,True,1,GT-0216,324.6226612488705,12.336831435903317,1.0501945810867845,22.5,22.5,3.765727153080001,0.020974601943392755,0.6617535984863065,55.330010022441286,GT-0216,,True,ACCEPTED
4789.41,RADAR_A,RADAR_A-T3827,True,1,GT-0216,568.6945352734181,9.445539812329079,1.1812367125604821,22.5,22.5,3.3891544377720013,0.016779681554714206,1.0501945810867845,58.052839183270365,GT-0216,,True,ACCEPTED
4792.6,RADAR_A,RADAR_A-T3827,True,1,GT-0216,406.20834080250523,22.74357514736398,1.1782598373562594,22.5,22.5,3.0502389939948014,0.013423745243771365,1.1812367125604821,59.37439519331721,GT-0216,,True,ACCEPTED
4796.73,RADAR_A,RADAR_A-T1895,False,1,GT-0216,605.7169512701126,33.517280894852824,1.784686994979654,22.5,22.5,2.7452150945953213,0.010738996195017093,1.1782598373562594,60.9664661646146,GT-0216,,True,ACCEPTED
4799.2,RADAR_B,RADAR_B-T8693,False,1,GT-0216,243.11390617038273,35.508403286141785,2.1690158380451674,22.5,22.5,2.4706935851357894,0.008591196956013675,1.784686994979654,60.99573257648115,GT-0216,,True,ACCEPTED
4799.92,RADAR_A,RADAR_A-T1895,True,1,GT-0216,745.9512313087699,12.515709543627896,2.005530352702694,22.5,22.5,2.2236242266222104,0.00687295756481094,2.1690158380451674,60.154736512406906,GT-0216,,True,ACCEPTED
4800.79,RADAR_C,RADAR_C-T7585,False,1,GT-0216,362.3062700082874,28.85811519488246,4.7238309505755085,22.5,22.5,2.001261803959989,0.005498366051848752,2.005530352702694,59.20681945983336,GT-0216,,True,ACCEPTED
4802.6,RADAR_A,RADAR_A-T1895,True,1,GT-0216,1018.1358418215832,8.70898792088624,3.228529668356898,22.5,22.5,1.8011356235639904,0.004398692841479002,4.7238309505755085,59.78048790235534,GT-0216,,True,ACCEPTED
4805.36,RADAR_A,RADAR_A-T1895,True,1,GT-0216,788.698445947852,23.334101006130936,2.4718378540526813,22.5,22.5,1.6210220612075914,0.0035189542731832017,3.228529668356898,60.470728900819374,GT-0216,,True,ACCEPTED
4806.92,RADAR_B,RADAR_B-T8693,True,1,GT-0216,986.8671332163184,5.220707719474102,2.856007794736073,22.5,22.5,1.4589198550868323,0.0028151634185465614,2.4718378540526813,58.46156163953387,GT-0216,,True,ACCEPTED
4807.09,RADAR_A,RADAR_A-T1895,True,1,GT-0216,1084.5079533605533,8.386330671319378,3.810340147842148,22.5,22.5,1.3130278695781492,0.0022521307348372494,2.856007794736073,59.14718806268688,GT-0216,,True,ACCEPTED
4809.86,RADAR_A,RADAR_A-T1895,True,1,GT-0216,656.0674637877449,13.76651977761415,2.158121993402624,22.5,22.5,1.1817250826203343,0.0018017045878697996,3.810340147842148,56.47167734864684,GT-0216,,True,ACCEPTED
4810.89,RADAR_C,RADAR_C-T7585,True,1,GT-0216,1480.4718396481028,22.266957259937293,4.861607336337842,22.5,22.5,1.063552574358301,0.0014413636702958399,2.158121993402624,61.992935537256976,GT-0216,,True,ACCEPTED
4811.0,RADAR_B,RADAR_B-T8693,True,1,GT-0216,913.263715045187,21.527685899682563,4.617528560453636,22.5,22.5,1.0,0.001153090936236672,4.861607336337842,58.90696668109352,GT-0216,,True,ACCEPTED
4812.87,RADAR_A,RADAR_A-T1895,True,1,GT-0216,915.0791215758928,10.728020518576422,2.796065980355006,22.5,22.5,1.0,0.0009224727489893377,4.617528560453636,58.34422512778558,GT-0216,,True,ACCEPTED
4816.05,RADAR_A,RADAR_A-T1895,True,1,GT-0216,708.4116672940418,13.489624894411453,1.8367434699063274,22.5,22.5,1.0,0.0007379781991914702,2.796065980355006,58.92206219134103,GT-0216,,True,ACCEPTED
4816.27,RADAR_B,RADAR_B-T8693,True,1,GT-0216,588.8770893920869,26.00320446044798,14.801635442409097,22.5,22.5,1.0,0.0005903825593531762,1.8367434699063274,64.59611240861688,GT-0216,,True,ACCEPTED
4818.27,RADAR_A,RADAR_A-T1895,True,1,GT-0216,497.4427088109457,34.92074243685388,3.505794438911152,22.5,22.5,1.0,0.1471662300876342,14.801635442409097,59.893457923505956,GT-0216,,True,ACCEPTED
4820.76,RADAR_A,RADAR_A-T1895,True,1,GT-0216,117.70417745041222,13.372345911956172,0.25132784459233926,22.5,22.5,1.0,0.11773298407010735,3.505794438911152,58.62376585485629,GT-0216,,True,ACCEPTED
4822.73,RADAR_A,RADAR_A-T1895,True,1,GT-0216,286.6401655294848,10.966450639123126,1.1444481485819515,22.5,22.5,1.0,0.09418638725608589,0.25132784459233926,53.94444831354658,GT-0216,,True,ACCEPTED
4826.05,RADAR_A,RADAR_A-T1895,True,1,GT-0216,249.34380955393416,21.671657489444435,2.3245239403259617,22.5,22.5,1.0,0.07534910980486871,1.1444481485819515,56.56745432158121,GT-0216,,True,ACCEPTED
4827.61,RADAR_C,RADAR_C-T7585,True,1,GT-0216,166.22985824760184,28.519392685228976,5.55183644839259,22.5,22.5,1.0,0.06027928784389497,2.3245239403259617,60.38711879484711,GT-0216,,True,ACCEPTED
4828.59,RADAR_A,RADAR_A-T1895,True,1,GT-0216,671.0107188679934,5.466476458666175,1.5017400936719598,22.5,22.5,1.0,0.048223430275115976,5.55183644839259,54.49475269188661,GT-0216,,True,ACCEPTED
4831.17,RADAR_A,RADAR_A-T1895,True,1,GT-0216,352.95492392546254,5.9722856120613645,0.5058792327555172,22.5,22.5,1.0,0.03857874422009278,1.5017400936719598,55.626551128119246,GT-0216,,True,ACCEPTED
4831.27,RADAR_B,RADAR_B-T1196,False,1,GT-0216,429.3424666193447,12.393641079979377,1.5838277772106466,22.5,22.5,1.0,0.030862995376074228,0.5058792327555172,54.6431582868321,GT-0216,,True,ACCEPTED
4834.16,RADAR_A,RADAR_A-T1895,True,1,GT-0216,281.53541230665536,14.114390168835204,0.4333668950631743,22.5,22.5,1.0,0.024690396300859382,1.5838277772106466,59.79147200705374,GT-0216,,True,ACCEPTED
4837.93,RADAR_C,RADAR_C-T7585,True,1,GT-0216,774.3799429438064,57.14528601945769,6.98823239510704,22.5,22.5,1.0,0.019752317040687507,0.4333668950631743,65.60647690462787,GT-0216,,True,ACCEPTED
4839.4,RADAR_A,RADAR_A-T7576,False,1,GT-0216,443.9391837425056,12.956606346742058,0.8870303907123721,22.5,22.5,1.0,0.032272393551000686,6.98823239510704,58.9683257584618,GT-0216,,True,ACCEPTED
4840.83,RADAR_B,RADAR_B-T1820,False,1,GT-0216,530.1984660108478,32.824192111084486,8.511754616336797,22.5,22.5,1.0,0.02581791484080055,0.8870303907123721,62.19158157178372,GT-0216,,True,ACCEPTED
4842.11,RADAR_A,RADAR_A-T7576,True,1,GT-0216,751.6024431911165,22.587879248674497,4.489097175985127,22.5,22.5,1.0,0.06251690881158706,8.511754616336797,58.447534584520156,GT-0216,,True,ACCEPTED
4844.84,RADAR_A,RADAR_A-T7576,True,1,GT-0216,922.8410361522225,34.88162598117671,5.492124588885953,22.5,22.5,1.0,0.050013527049269646,4.489097175985127,61.504612414914725,GT-0216,,True,ACCEPTED
4852.76,RADAR_A,RADAR_A-T2741,False,1,GT-0216,1026.5976790321174,18.331405721453113,3.5040861534525902,22.5,22.5,1.0,0.04001082163941572,5.492124588885953,63.607072492409934,GT-0216,,True,ACCEPTED
4854.8,RADAR_C,RADAR_C-T1862,False,1,GT-0216,1257.0069280844048,87.45905180049607,23.651906258430955,22.5,22.5,1.0,0.03200865731153257,3.5040861534525902,82.89546012191698,,GT-0218,False,SOURCE_MAP_NOT_FOUND;MAHALANOBIS_GATE_FAIL;NEW_TRACK_CREATED
4855.13,RADAR_B,RADAR_B-T5174,False,1,GT-0216,208.64838799964505,31.160615896802653,5.421185346930898,22.5,22.5,1.0,0.03200865731153257,3.5040861534525902,59.57742394750953,GT-0216,,True,ACCEPTED
4858.33,RADAR_A,RADAR_A-T6421,False,1,GT-0216,538.1691230736029,14.215518289620059,1.1789352810900215,22.5,22.5,1.0,0.02560692584922606,5.421185346930898,58.558053403244344,GT-0216,,True,ACCEPTED
4860.43,RADAR_B,RADAR_B-T5174,True,1,GT-0216,545.5154708037492,21.47684284136221,1.7105797970988157,22.5,22.5,1.0,0.02048554067938085,1.1789352810900215,58.98937527775465,GT-0216,,True,ACCEPTED
4865.06,RADAR_B,RADAR_B-T5174,True,1,GT-0216,336.24909471414395,38.892408036465085,0.7258370842248192,22.5,22.5,1.0,0.01638843254350468,1.7105797970988157,65.32274350060337,GT-0216,,True,ACCEPTED
4869.04,RADAR_A,RADAR_A-T3838,False,1,GT-0216,706.1396435107412,76.04048264400366,5.242032373732769,22.5,22.5,1.0,0.013110746034803744,0.7258370842248192,65.1524880806359,GT-0216,,True,ACCEPTED
4870.8,RADAR_B,RADAR_B-T5174,True,1,GT-0216,1009.4747775024977,29.91463123585233,9.47198733035535,22.5,22.5,1.0,0.010488596827842997,5.242032373732769,62.92333087514322,GT-0216,,True,ACCEPTED
4871.25,RADAR_A,RADAR_A-T3838,True,1,GT-0216,659.0093555219269,11.275602855316954,2.260551852582022,22.5,22.5,1.0,0.06625733296819691,9.47198733035535,55.05934687465068,GT-0216,,True,ACCEPTED
4873.61,RADAR_A,RADAR_A-T3838,True,1,GT-0216,629.818655264257,4.35710749587904,1.2083257171329738,22.5,22.5,1.0,0.053005866374557536,2.260551852582022,56.530895294412794,GT-0216,,True,ACCEPTED
4876.32,RADAR_A,RADAR_A-T3838,True,1,GT-0216,445.5189124302696,11.902596109834018,0.661574527681596,22.5,22.5,1.0,0.042404693099646035,1.2083257171329738,61.68771146268314,GT-0216,,True,ACCEPTED
4877.45,RADAR_B,RADAR_B-T5174,True,1,GT-0216,707.1106042212348,17.284217821556258,2.9994748845969528,22.5,22.5,1.0,0.03392375447971683,0.661574527681596,57.086058762374854,GT-0216,,True,ACCEPTED
4878.67,RADAR_A,RADAR_A-T3838,True,1,GT-0216,692.6860135829764,19.399497651271933,3.0327450393056186,22.5,22.5,1.0,0.027139003583773465,2.9994748845969528,57.60753972368096,GT-0216,,True,ACCEPTED
4881.92,RADAR_B,RADAR_B-T5174,True,1,GT-0216,436.981450528754,21.574935490461336,0.7819805260617143,22.5,22.5,1.0,0.021711202867018775,3.0327450393056186,60.857470977015815,GT-0216,,True,ACCEPTED
4881.97,RADAR_A,RADAR_A-T3838,True,1,GT-0216,443.5443550564895,18.094946568632547,1.107339789707105,22.5,22.5,1.0,0.01736896229361502,0.7819805260617143,58.68646348752759,GT-0216,,True,ACCEPTED
4884.7,RADAR_A,RADAR_A-T3838,True,1,GT-0216,622.481108137063,7.596361675062362,1.4463096970290379,22.5,22.5,1.0,0.013895169834892016,1.107339789707105,54.92605687785594,GT-0216,,True,ACCEPTED
4886.05,RADAR_B,RADAR_B-T5174,True,1,GT-0216,1130.0149342542006,55.608207335352056,17.779807583009898,22.5,22.5,1.0,0.011116135867913613,1.4463096970290379,73.17357670074075,GT-0216,,True,ACCEPTED
4886.54,RADAR_C,RADAR_C-T1359,False,1,GT-0216,664.8960910121908,55.518540175985315,11.716114738657852,22.5,22.5,1.0,0.2052230350778292,17.779807583009898,69.27549174159473,GT-0216,,True,ACCEPTED
4887.11,RADAR_A,RADAR_A-T3838,True,1,GT-0216,662.6498323880542,10.164350709747975,1.8297080478021523,22.5,22.5,1.0,0.25944700703989426,11.716114738657852,56.13175682183785,GT-0216,,True,ACCEPTED
4890.14,RADAR_A,RADAR_A-T3838,True,1,GT-0216,804.4368278278802,5.711216605517298,2.036815140028189,22.5,22.5,1.0,0.20755760563191542,1.8297080478021523,56.62217119750117,GT-0216,,True,ACCEPTED
4891.35,RADAR_B,RADAR_B-T5174,True,1,GT-0216,990.6811215670033,28.587131933827987,12.382196995241607,22.5,22.5,1.0,0.16604608450553235,2.036815140028189,64.44808434841497,GT-0216,,True,ACCEPTED
4892.49,RADAR_A,RADAR_A-T3838,True,1,GT-0216,1022.5164041596383,6.758812446902942,3.582569067721492,22.5,22.5,1.0,0.23920681752511935,12.382196995241607,55.2973663039703,GT-0216,,True,ACCEPTED
4894.56,RADAR_A,RADAR_A-T3838,True,1,GT-0216,884.3046043949489,3.957170845972487,2.4411250871486163,22.5,22.5,1.0,0.1913654540200955,3.582569067721492,54.97699650805172,GT-0216,,True,ACCEPTED
4896.11,RADAR_C,RADAR_C-T1359,True,1,GT-0216,1507.651113602745,33.16033373447759,6.132423700918877,22.5,22.5,1.0,0.15309236321607642,2.4411250871486163,64.6489154097905,GT-0216,,True,ACCEPTED
4896.32,RADAR_B,RADAR_B-T5174,True,1,GT-0216,1091.48075248832,18.93300067962321,6.923044069164432,22.5,22.5,1.0,0.12468095225484242,6.132423700918877,59.1472738939624,GT-0216,,True,ACCEPTED
4898.95,RADAR_A,RADAR_A-T9073,False,1,GT-0216,1353.3640359666256,5.221366440923296,5.492584358652642,22.5,22.5,1.0,0.11512882962328115,6.923044069164432,60.65669057019829,GT-0216,,True,ACCEPTED
4900.78,RADAR_B,RADAR_B-T5174,True,1,GT-0216,1507.8582289865144,31.220441853325408,12.350571413895223,22.5,22.5,1.0,0.09210306369862492,5.492584358652642,66.00935515428453,GT-0216,,True,ACCEPTED
4901.42,RADAR_A,RADAR_A-T9073,True,1,GT-0216,1199.3784147749109,7.725104731285163,4.229532220841109,22.5,22.5,1.0,0.17952530785715365,12.350571413895223,58.28667743217292,GT-0216,,True,ACCEPTED
4903.15,RADAR_A,RADAR_A-T9073,True,1,GT-0216,1698.030504326555,5.543182902428615,8.694334279293026,22.5,22.5,1.0,0.14362024628572292,4.229532220841109,63.31877750568513,GT-0216,,True,ACCEPTED
4905.29,RADAR_A,RADAR_A-T9073,True,1,GT-0216,279.64375172857604,10.817352203283043,0.5505062183014627,22.5,22.5,1.0,0.15980176835012877,8.694334279293026,56.59653642221272,GT-0216,,True,ACCEPTED
4907.7,RADAR_A,RADAR_A-T9073,True,1,GT-0216,833.4758962655975,42.41926215917177,5.264029037673483,22.5,22.5,1.0,0.12784141468010302,0.5505062183014627,62.5613300236243,GT-0216,,True,ACCEPTED
4911.02,RADAR_A,RADAR_A-T9073,True,1,GT-0216,745.5733590871636,38.88299133022247,4.994116254536799,22.5,22.5,1.0,0.10227313174408242,5.264029037673483,62.13979556263686,GT-0216,,True,ACCEPTED
4913.85,RADAR_A,RADAR_A-T9073,True,1,GT-0216,943.130688176051,7.792122777466849,2.6219419023275696,22.5,22.5,1.0,0.08181850539526594,4.994116254536799,57.73641359320063,GT-0216,,True,ACCEPTED
4914.26,RADAR_B,RADAR_B-T5076,False,1,GT-0216,1051.202339512037,8.94563962992743,3.1492666301622343,22.5,22.5,1.0,0.06545480431621276,2.6219419023275696,56.86715412129608,GT-0216,,True,ACCEPTED
4915.63,RADAR_A,RADAR_A-T9073,True,1,GT-0216,967.168951784892,7.14190468465487,2.8806371582668944,22.5,22.5,1.0,0.05236384345297021,3.1492666301622343,56.749671078148616,GT-0216,,True,ACCEPTED
4918.08,RADAR_A,RADAR_A-T9073,True,1,GT-0216,985.1899604953144,10.241233978353735,3.7058647508260822,22.5,22.5,1.0,0.04189107476237617,2.8806371582668944,56.246854378678336,GT-0216,,True,ACCEPTED
4919.02,RADAR_C,RADAR_C-T8558,False,1,GT-0216,1123.9145773822088,67.44676503016305,24.787224229976335,22.5,22.5,1.0,0.03351285980990094,3.7058647508260822,81.30966583958327,,GT-0220,False,SOURCE_MAP_NOT_FOUND;MAHALANOBIS_GATE_FAIL;NEW_TRACK_CREATED
4920.28,RADAR_A,RADAR_A-T9073,True,2,GT-0216,1200.7169518251626,14.371183055147648,5.459640338911169,22.5,22.5,1.0,0.03351285980990094,3.7058647508260822,58.867168186769135,GT-0216,,True,ACCEPTED
4922.73,RADAR_A,RADAR_A-T9073,True,2,GT-0216,990.5991592748107,4.0878009689714085,2.8934580777537393,22.5,22.5,1.0,0.02681028784792075,5.459640338911169,61.62691970152103,GT-0216,,True,ACCEPTED
4924.8,RADAR_B,RADAR_B-T6140,False,2,GT-0216,377.557266939403,7.499996479492171,0.9726244074467926,22.5,22.5,1.0,0.021448230278336602,2.8934580777537393,52.91854274720561,GT-0216,,True,ACCEPTED
4925.16,RADAR_A,RADAR_A-T9073,True,2,GT-0216,343.34141960596264,12.309522079312512,3.9608486920965604,22.5,22.5,1.0,0.017158584222669283,0.9726244074467926,53.210666334829654,GT-0216,,True,ACCEPTED
4927.98,RADAR_A,RADAR_A-T9073,True,2,GT-0216,693.3027862823877,5.96217829654762,1.5544297680934582,22.5,22.5,1.0,0.013726867378135428,3.9608486920965604,62.7440174210416,GT-0216,,True,ACCEPTED
4929.65,RADAR_B,RADAR_B-T6140,True,2,GT-0216,693.5630952911115,18.807170681968707,2.5846853326392223,22.5,22.5,1.0,0.010981493902508343,1.5544297680934582,58.39953506650754,GT-0216,,True,ACCEPTED
4929.95,RADAR_C,RADAR_C-T8558,True,2,GT-0220,1095.7862113119663,85.14686605738022,0.9626543803527611,22.5,22.5,1.0,0.0,0.0,91.05687046922908,GT-0220,,True,ACCEPTED
4930.29,RADAR_A,RADAR_A-T9073,True,2,GT-0216,272.4428304355348,8.395237073186511,2.0405636345564386,22.5,22.5,1.0,0.008785195122006675,2.5846853326392223,51.0512792154251,GT-0216,,True,ACCEPTED
4932.43,RADAR_A,RADAR_A-T9073,True,2,GT-0216,628.7001152812039,5.238924892248392,1.2794798950843842,22.5,22.5,1.0,0.00702815609760534,2.0405636345564386,57.97075285982444,GT-0216,,True,ACCEPTED
4935.09,RADAR_A,RADAR_A-T9073,True,2,GT-0216,397.7866111779679,7.327189886373301,0.5275751493275562,22.5,22.5,1.0,0.005622524878084272,1.2794798950843842,58.59650160612694,GT-0216,,True,ACCEPTED
4937.61,RADAR_A,RADAR_A-T9073,True,2,GT-0216,1209.3625921091525,25.2065004720718,6.3205175370977305,22.5,22.5,1.0,0.004498019902467418,0.5275751493275562,62.49656473019505,GT-0216,,True,ACCEPTED
4938.09,RADAR_C,RADAR_C-T7582,False,2,GT-0216,3329.2319738561205,46.64763696837534,18.370111554534724,22.5,22.5,1.0,0.008940374873602776,6.3205175370977305,76.86004657688704,GT-0216,,True,ACCEPTED
4941.63,RADAR_B,RADAR_B-T6448,False,2,GT-0216,1457.480846310922,8.483525745507897,5.50413204531105,22.5,22.5,1.0,0.20715229989888223,18.370111554534724,61.76274458740518,GT-0216,,True,ACCEPTED
4945.58,RADAR_A,RADAR_A-T6225,False,2,GT-0216,1696.8025182756764,23.549475248891905,9.517430143420665,22.5,22.5,1.0,0.1657218399191058,5.50413204531105,68.50221255517323,GT-0216,,True,ACCEPTED
4945.78,RADAR_C,RADAR_C-T7582,True,2,GT-0216,1380.3693735365598,35.61898287723991,12.518943665485835,22.5,22.5,1.0,0.1912013076589624,9.517430143420665,67.09220636315538,GT-0216,,True,ACCEPTED
4948.41,RADAR_A,RADAR_A-T6225,True,2,GT-0216,2206.212346465462,21.902205598772397,17.38082588134709,22.5,22.5,1.0,0.26161010721860056,12.518943665485835,71.51022991025485,GT-0216,,True,ACCEPTED
4952.81,RADAR_A,RADAR_A-T7255,False,2,GT-0216,2348.5340332954397,14.754168232940652,17.239318485683476,22.5,22.5,1.0,0.3989685171306653,17.38082588134709,74.37361521722163,GT-0216,,True,ACCEPTED
4955.37,RADAR_A,RADAR_A-T7255,True,2,GT-0216,2493.422049215086,11.959346159774585,19.54541891718902,22.5,22.5,1.0,0.5064967884659235,17.239318485683476,73.03427884597853,GT-0216,,True,ACCEPTED
4955.37,RADAR_B,RADAR_B-T3210,False,2,GT-0216,2721.117671565709,24.54573969063522,21.155040188781065,22.5,22.5,1.0,0.5064967884659235,17.239318485683476,75.84966345022389,,GT-0221,False,SOURCE_MAP_NOT_FOUND;HUNGARIAN_NOT_SELECTED;NEW_TRACK_CREATED
4958.12,RADAR_A,RADAR_A-T7255,True,3,GT-0216,3095.1180538832746,15.442714380852097,28.409759870536703,22.5,33.393553753909295,1.0,0.6051974307727388,19.54541891718902,84.54696125236808,GT-0216,,True,ACCEPTED
4960.37,RADAR_B,RADAR_B-T3210,True,1,GT-0216,2379.974573038101,15.939388682026431,11.829369486001234,22.5,34.81484300312744,1.0,0.6841579446181911,28.409759870536703,69.3518057608206,GT-0216,,True,ACCEPTED
4961.03,RADAR_A,RADAR_A-T7255,True,1,GT-0216,3247.5988702061295,13.8872803754776,32.42333549246031,22.5,34.10068524830233,1.0,0.6444825137945734,11.829369486001234,88.70530053405399,GT-0216,,True,ACCEPTED
4962.29,RADAR_C,RADAR_C-T2748,False,1,GT-0216,2456.616879659182,65.42170504526395,20.891672068500803,22.5,35.38054819864186,1.8,0.7155860110356589,32.42333549246031,79.46550255409859,GT-0216,,True,ACCEPTED
4963.64,RADAR_A,RADAR_A-T7255,True,1,GT-0216,3516.693983034266,7.32731807925598,37.88381386421235,22.5,36.40443855891349,3.24,0.7724688088285272,20.891672068500803,91.33940838094767,,GT-0222,False,MAHALANOBIS_GATE_FAIL;NEW_TRACK_CREATED
4965.8,RADAR_A,RADAR_A-T7255,True,2,GT-0222,700.6422269191005,14.398316297162648,1.4382529132077104,22.5,22.5,1.0,0.0,0.0,78.79060045923411,GT-0222,,True,ACCEPTED
4967.63,RADAR_B,RADAR_B-T3909,False,2,GT-0222,531.3118779426951,20.07401558067588,9.544159505446203,22.5,22.5,1.0,0.0,1.4382529132077104,59.01310199835058,GT-0222,,True,ACCEPTED
4970.87,RADAR_A,RADAR_A-T9117,False,2,GT-0222,635.1676556845991,27.117090993352843,1.374826382378001,22.5,22.5,1.0,0.05906932509077004,9.544159505446203,62.86479074817058,GT-0222,,True,ACCEPTED
4971.02,RADAR_B,RADAR_B-T3909,True,2,GT-0222,465.56543734908115,20.446691990089317,2.2786624424937654,22.5,22.5,1.0,0.04725546007261604,1.374826382378001,56.93048701973606,GT-0222,,True,ACCEPTED
4974.98,RADAR_B,RADAR_B-T3909,True,2,GT-0222,975.4053110886776,71.86440291610754,7.289073184668773,22.5,22.5,1.0,0.037804368058092834,2.2786624424937654,66.8812540375543,GT-0222,,True,ACCEPTED
4979.56,RADAR_A,RADAR_A-T3580,False,2,GT-0222,1271.6409141634283,27.377794736090422,5.607258614382365,22.5,22.5,1.0,0.051728047524287155,7.289073184668773,68.02304511485623,GT-0222,,True,ACCEPTED
4980.49,RADAR_B,RADAR_B-T3909,True,1,GT-0222,1730.8666035065753,43.04677907252759,19.486407127364394,22.5,22.5,1.0,0.04138243801942973,5.607258614382365,73.64950113440422,GT-0222,,True,ACCEPTED
4981.28,RADAR_C,RADAR_C-T5038,False,1,GT-0222,1258.820965217082,58.68956800150987,23.33090578430572,22.5,22.5,1.0,0.2331059504155438,19.486407127364394,78.4088974290505,,GT-0223,False,SOURCE_MAP_NOT_FOUND;MAHALANOBIS_GATE_FAIL;NEW_TRACK_CREATED
4983.67,RADAR_B,RADAR_B-T3909,True,2,GT-0222,1533.8029849800394,46.757611147903425,13.014741962428173,22.5,22.5,1.0,0.2331059504155438,19.486407127364394,69.04399774665269,GT-0222,,True,ACCEPTED
4988.84,RADAR_A,RADAR_A-T4564,False,2,GT-0222,2485.7880404383222,14.15357043005474,18.74926982015391,22.5,22.5,1.0,0.3033971263729046,13.014741962428173,78.58989007918427,GT-0222,,True,ACCEPTED
4991.08,RADAR_A,RADAR_A-T4564,True,2,GT-0223,1889.0278479473943,50.599383400796626,6.560432536667053,22.5,22.5,1.0,0.0,0.0,94.69417092887686,GT-0223,,True,ACCEPTED
4991.15,RADAR_C,RADAR_C-T5038,True,2,GT-0223,668.7943124056816,10.145311083987652,4.408495956333391,22.5,22.5,1.0,0.00934054227778421,6.560432536667053,53.59599390228862,GT-0223,,True,ACCEPTED
4992.92,RADAR_A,RADAR_A-T4564,True,2,GT-0223,176.3841352820065,18.60671052683026,0.20073466824059055,22.5,22.5,1.0,0.007472433822227369,4.408495956333391,62.57138024090977,GT-0223,,True,ACCEPTED
4994.42,RADAR_B,RADAR_B-T1735,False,2,GT-0223,880.7048364761699,28.01557922317714,4.390267274639353,22.5,22.5,1.0,0.0059779470577818955,0.20073466824059055,60.25889158748032,GT-0223,,True,ACCEPTED
4995.28,RADAR_A,RADAR_A-T4564,True,2,GT-0223,626.486369431694,39.60183642680499,3.109835289358305,22.5,22.5,1.0,0.004782357646225517,4.390267274639353,61.218994534869374,GT-0223,,True,ACCEPTED
4997.69,RADAR_A,RADAR_A-T4564,True,2,GT-0223,450.64426732319527,21.126918452166294,3.803935000052955,22.5,22.5,1.0,0.0038258861169804138,3.109835289358305,56.8780958647949,GT-0223,,True,ACCEPTED
5003.45,RADAR_B,RADAR_B-T4918,False,2,GT-0223,1603.7046013446247,35.25509306939603,8.967223468490022,22.5,22.5,1.0,0.003060708893584331,3.803935000052955,68.73770136247511,GT-0223,,True,ACCEPTED
5005.76,RADAR_A,RADAR_A-T6294,False,2,GT-0223,376.7615428396067,23.6271687710208,0.9227646270173752,22.5,22.5,1.0,0.05190229158970118,8.967223468490022,60.06314783102766,GT-0223,,True,ACCEPTED
5008.02,RADAR_A,RADAR_A-T6294,True,2,GT-0223,679.0697425051105,10.381072863954792,1.6602464214962247,22.5,22.5,1.0,0.04152183327176095,0.9227646270173752,57.21277482777183,GT-0223,,True,ACCEPTED
5008.28,RADAR_B,RADAR_B-T4918,True,2,GT-0223,666.3081533473324,22.21772496321312,9.17541771523165,22.5,22.5,1.0,0.03321746661740876,1.6602464214962247,59.55921029400474,GT-0223,,True,ACCEPTED
5010.69,RADAR_A,RADAR_A-T6294,True,2,GT-0223,642.3399893017237,14.900974536592802,1.533008495334225,22.5,22.5,1.0,0.07949760188112118,9.17541771523165,61.59924675400053,GT-0223,,True,ACCEPTED
5013.07,RADAR_C,RADAR_C-T6999,False,2,GT-0223,1717.5127481019122,45.72934452859851,8.346472899296739,22.5,22.5,1.0,0.06359808150489694,1.533008495334225,67.47581448268221,GT-0223,,True,ACCEPTED
5013.8,RADAR_A,RADAR_A-T6294,True,1,GT-0223,914.5013050742489,31.44876717207936,3.723023913961438,22.5,22.5,1.0,0.08998634685886321,8.346472899296739,61.84022393599386,GT-0223,,True,ACCEPTED
5019.13,RADAR_A,RADAR_A-T1169,False,1,GT-0223,975.4278662213383,117.2358718887749,16.74637143483962,22.5,22.5,1.0,0.07198907748709057,3.723023913961438,75.48769219545552,GT-0223,,True,ACCEPTED
5021.36,RADAR_A,RADAR_A-T1169,True,1,GT-0223,1051.9064115857614,50.693728739157145,14.839638844332631,22.5,22.5,1.0,0.2366974525703328,16.74637143483962,69.12240231137682,GT-0223,,True,ACCEPTED
5024.28,RADAR_A,RADAR_A-T1169,True,1,GT-0223,1246.4494134918293,51.80100801778503,14.207456147589436,22.5,22.5,1.0,0.33668527612847676,14.839638844332631,69.08713521493837,GT-0223,,True,ACCEPTED
5027.0,RADAR_C,RADAR_C-T6999,True,1,GT-0223,1825.0305918451172,68.03070123492077,21.610617878538445,22.5,22.5,1.0,0.4061391566959387,14.207456147589436,77.77336762669415,GT-0223,,True,ACCEPTED
5028.24,RADAR_B,RADAR_B-T3489,False,1,GT-0223,1994.0167461202084,45.798399868613224,14.972029623614187,22.5,22.5,1.0,0.524911325356751,21.610617878538445,71.85783043173409,GT-0223,,True,ACCEPTED
5029.42,RADAR_A,RADAR_A-T6009,False,1,GT-0223,2044.4155630461591,55.02622955468025,18.288867761203242,22.5,22.5,1.0,0.5694628873456373,14.972029623614187,74.57874037771587,GT-0223,,True,ACCEPTED
5033.63,RADAR_A,RADAR_A-T7296,False,1,GT-0223,2461.018953598979,40.10758440139711,20.13068681874186,22.5,34.300265577777175,1.0,0.6555703098765099,18.288867761203242,77.04876406778698,GT-0223,,True,ACCEPTED
5033.94,RADAR_B,RADAR_B-T3489,True,1,GT-0223,2665.060052339433,44.56180064851693,32.79132486878073,22.5,35.54021246222174,1.8,0.724456247901208,20.13068681874186,86.2559719330969,GT-0223,,True,ACCEPTED
5035.28,RADAR_A,RADAR_A-T7296,True,1,GT-0223,2907.896142803998,6.388742812376078,26.20238879795751,22.5,36.5321699697774,3.24,0.7795649983209665,32.79132486878073,77.79980756739397,GT-0223,,True,ACCEPTED
5036.98,RADAR_A,RADAR_A-T7296,True,1,GT-0223,2521.4175714853177,4.6184448858017415,18.481335667732615,22.5,37.325735975821914,5.832000000000001,0.8236519986567732,26.20238879795751,73.86084939225401,GT-0223,,True,ACCEPTED
5038.45,RADAR_B,RADAR_B-T3489,True,1,GT-0223,2921.7759676834507,17.865577421221303,27.370188628195688,22.5,37.96058878065754,10.497600000000002,0.8589215989254186,18.481335667732615,84.94980880264536,GT-0223,,True,ACCEPTED
5046.93,RADAR_A,RADAR_A-T3664,False,1,GT-0223,1832.6057937283906,81.26245254908864,8.002253260426711,22.5,38.468471024526025,12.0,0.8871372791403349,27.370188628195688,76.79973588670583,GT-0223,,True,ACCEPTED
5051.72,RADAR_A,RADAR_A-T9208,False,1,GT-0223,430.2253317443406,36.68880370756054,0.5546359455137603,22.5,35.875452797748835,12.0,0.7430807109860464,8.002253260426711,68.63915836469558,GT-0223,,True,ACCEPTED
5053.33,RADAR_A,RADAR_A-T9208,True,1,GT-0223,818.1995797742032,11.826525644847013,2.0675393303568366,22.5,22.5,12.0,0.5944645687888371,0.5546359455137603,60.06136126079798,GT-0223,,True,ACCEPTED
5056.11,RADAR_A,RADAR_A-T9208,True,1,GT-0223,1203.8701681432976,11.63600082651413,4.554493356125139,22.5,22.5,12.0,0.47557165503106974,2.0675393303568366,66.19431974434988,GT-0223,,True,ACCEPTED
5058.27,RADAR_A,RADAR_A-T9208,True,1,GT-0223,462.1186192625344,12.264378188911627,0.7620307011950956,22.5,22.5,12.0,0.3804573240248558,4.554493356125139,60.380538670050775,GT-0223,,True,ACCEPTED
5060.1,RADAR_A,RADAR_A-T9208,True,1,GT-0223,365.60869357435183,10.752381962058408,0.7580340179143294,22.5,22.5,12.0,0.3043658592198847,0.7620307011950956,57.30517979154337,GT-0223,,True,ACCEPTED
5061.61,RADAR_B,RADAR_B-T1337,False,1,GT-0223,603.9702459777501,14.032862656037905,1.469364782900095,22.5,22.5,12.0,0.24349268737590776,0.7580340179143294,58.25890819213112,GT-0223,,True,ACCEPTED
5065.56,RADAR_A,RADAR_A-T9204,False,1,GT-0223,469.29300257670485,39.104300652172334,1.0124391761438536,22.5,22.5,10.8,0.19479414990072622,1.469364782900095,66.27149604840321,GT-0223,,True,ACCEPTED
5067.02,RADAR_B,RADAR_B-T1337,True,1,GT-0223,1331.8125892834228,49.00324125856672,12.250252716906074,22.5,22.5,9.72,0.15583531992058097,1.0124391761438536,68.94145509430315,GT-0223,,True,ACCEPTED
5067.93,RADAR_A,RADAR_A-T9204,True,1,GT-0223,775.3696713831977,13.875833298699717,2.089521910060199,22.5,22.5,9.72,0.22883913455156601,12.250252716906074,59.28901099144917,GT-0223,,True,ACCEPTED
5070.44,RADAR_A,RADAR_A-T9204,True,1,GT-0223,840.4496501834657,20.979573233869093,2.5435154403893896,22.5,22.5,8.748000000000001,0.18307130764125282,2.089521910060199,60.28744457720436,GT-0223,,True,ACCEPTED
5071.9,RADAR_B,RADAR_B-T1337,True,1,GT-0223,758.1079983625995,30.30507966885066,2.5860515741690233,22.5,22.5,7.8732000000000015,0.14645704611300225,2.5435154403893896,61.62608387535175,GT-0223,,True,ACCEPTED
5072.87,RADAR_A,RADAR_A-T9204,True,1,GT-0223,912.9147435076169,17.176731673614842,2.9061265936670218,22.5,22.5,7.085880000000001,0.11716563689040181,2.5860515741690233,62.11328113433606,GT-0223,,True,ACCEPTED
5076.08,RADAR_B,RADAR_B-T1337,True,1,GT-0223,715.877906412573,29.78205488942247,2.433955500400294,22.5,22.5,6.3772920000000015,0.09373250951232145,2.9061265936670218,60.990682170415475,GT-0223,,True,ACCEPTED
5081.39,RADAR_A,RADAR_A-T8081,False,1,GT-0223,1204.6695874803393,49.9184933344682,3.9717589055464915,22.5,22.5,5.739562800000002,0.07498600760985717,2.433955500400294,72.18149488602107,GT-0223,,True,ACCEPTED
5082.69,RADAR_B,RADAR_B-T1337,True,1,GT-0223,1326.3183599244692,10.882788115134197,6.4433647648043175,22.5,22.5,5.165606520000002,0.05998880608788574,3.9717589055464915,61.06474546489346,GT-0223,,True,ACCEPTED
5084.36,RADAR_A,RADAR_A-T8081,True,1,GT-0223,828.5547625128878,5.625535636464886,2.2825560419201416,22.5,22.5,4.649045868000002,0.05538045761704722,6.4433647648043175,59.67101952838779,GT-0223,,True,ACCEPTED
5088.52,RADAR_B,RADAR_B-T1337,True,1,GT-0223,1056.4596765570907,12.887394945521443,3.918596288213626,22.5,22.5,4.184141281200001,0.044304366093637776,2.2825560419201416,63.97924869143746,GT-0223,,True,ACCEPTED
5089.6,RADAR_A,RADAR_A-T1031,False,1,GT-0223,947.5795434661906,13.711890663061343,3.633619948560041,22.5,22.5,3.765727153080001,0.03544349287491022,3.918596288213626,58.27180930812375,GT-0223,,True,ACCEPTED
5092.01,RADAR_A,RADAR_A-T1031,True,1,GT-0223,851.3452000144893,10.300176102146368,2.3760523703420664,22.5,22.5,3.3891544377720013,0.02835479429992818,3.633619948560041,59.1707948150554,GT-0223,,True,ACCEPTED
5094.24,RADAR_A,RADAR_A-T1031,True,1,GT-0223,745.201621993195,12.013166455955957,1.8642217209674623,22.5,22.5,3.0502389939948014,0.022683835439942544,2.3760523703420664,60.28349559561934,GT-0223,,True,ACCEPTED
5096.43,RADAR_A,RADAR_A-T1031,True,1,GT-0223,1482.1338035133688,9.061127606905222,6.938608103594654,22.5,22.5,2.7452150945953213,0.018147068351954034,1.8642217209674623,63.1600182360315,GT-0223,,True,ACCEPTED
5098.46,RADAR_A,RADAR_A-T1031,True,1,GT-0223,1187.7526461385278,16.61957120934342,4.717949777718999,22.5,22.5,2.4706935851357894,0.03016112307480746,6.938608103594654,61.933910880153896,GT-0223,,True,ACCEPTED
5098.68,RADAR_C,RADAR_C-T5598,False,1,GT-0223,864.8885846088037,25.815547289396996,5.683314810753078,22.5,22.5,2.2236242266222104,0.02412889845984597,4.717949777718999,59.98372919388879,GT-0223,,True,ACCEPTED
5099.14,RADAR_B,RADAR_B-T6276,False,1,GT-0223,1202.8488844679853,7.513594004220656,4.582680693973421,22.5,22.5,2.001261803959989,0.019303118767876777,5.683314810753078,58.3239214491915,GT-0223,,True,ACCEPTED
5100.41,RADAR_A,RADAR_A-T1031,True,1,GT-0223,1481.866589067701,9.979371222864474,6.91390635091817,22.5,22.5,1.8011356235639904,0.015442495014301422,4.582680693973421,62.38147967301341,GT-0223,,True,ACCEPTED
5103.52,RADAR_A,RADAR_A-T1031,True,1,GT-0223,1418.2179416151243,6.847100880198135,6.164511376187511,22.5,22.5,1.6210220612075914,0.02758576852674397,6.91390635091817,64.51390142865849,GT-0223,,True,ACCEPTED
5106.18,RADAR_A,RADAR_A-T1031,True,1,GT-0223,748.2024334922604,9.587030105445626,1.867063987708936,22.5,22.5,1.4589198550868323,0.024810471091187034,6.164511376187511,57.97647635562544,GT-0223,,True,ACCEPTED
5108.23,RADAR_A,RADAR_A-T1031,True,1,GT-0223,580.1361810455394,16.427821939759404,2.48389127333147,22.5,22.5,1.3130278695781492,0.01984837687294963,1.867063987708936,56.4593975161382,GT-0223,,True,ACCEPTED
5109.61,RADAR_C,RADAR_C-T5598,True,1,GT-0223,304.06091723848334,8.254678316799948,0.4082240520523675,22.5,22.5,1.1817250826203343,0.015878701498359706,2.48389127333147,56.7197008087855,GT-0223,,True,ACCEPTED
5111.56,RADAR_A,RADAR_A-T1031,True,1,GT-0223,836.7786342014276,13.752445618556536,2.388868970253204,22.5,22.5,1.063552574358301,0.012702961198687766,0.4082240520523675,60.02169485180254,GT-0223,,True,ACCEPTED
5114.58,RADAR_A,RADAR_A-T1031,True,1,GT-0223,651.4526132389128,19.075827474746617,3.0769499653073566,22.5,22.5,1.0,0.010162368958950214,2.388868970253204,57.33375863766956,GT-0223,,True,ACCEPTED
5115.85,RADAR_B,RADAR_B-T4591,False,1,GT-0223,479.11146422985195,6.9895707974153645,1.4615063193531408,22.5,22.5,1.0,0.008129895167160171,3.0769499653073566,52.02295770631552,GT-0223,,True,ACCEPTED
5116.76,RADAR_A,RADAR_A-T1031,True,1,GT-0223,506.85209050726104,9.706504457156575,1.5086202578530976,22.5,22.5,1.0,0.006503916133728137,1.4615063193531408,54.25817311206755,GT-0223,,True,ACCEPTED
5119.48,RADAR_C,RADAR_C-T5598,True,1,GT-0223,567.0417861824159,31.652163983972983,1.1112112835533698,22.5,22.5,1.0,0.00520313290698251,1.5086202578530976,64.14146777864023,GT-0223,,True,ACCEPTED
5121.96,RADAR_A,RADAR_A-T1215,False,1,GT-0223,414.2944183113948,25.602804450149417,0.8924441795233188,22.5,22.5,1.0,0.0041625063255860085,1.1112112835533698,62.919118394940035,GT-0223,,True,ACCEPTED
5124.85,RADAR_A,RADAR_A-T1215,True,1,GT-0223,635.6114280300784,7.87626455758494,1.7498157002891817,22.5,22.5,1.0,0.003330005060468807,0.8924441795233188,54.54882806396867,GT-0223,,True,ACCEPTED
5127.02,RADAR_A,RADAR_A-T1215,True,1,GT-0223,711.0644831782988,8.367890471948378,1.8931419767938584,22.5,22.5,1.0,0.002664004048375046,1.7498157002891817,56.176084523622265,GT-0223,,True,ACCEPTED
5128.66,RADAR_C,RADAR_C-T5598,True,1,GT-0223,677.145394065235,16.09674691547296,2.0488963703687926,22.5,22.5,1.0,0.0021312032387000366,1.8931419767938584,57.605253304527494,GT-0223,,True,ACCEPTED
5130.04,RADAR_A,RADAR_A-T1215,True,1,GT-0223,714.5842013747495,3.8516057065694684,1.5767753779237708,22.5,22.5,1.0,0.0017049625909600294,2.0488963703687926,57.83964910276598,GT-0223,,True,ACCEPTED
5133.19,RADAR_B,RADAR_B-T3817,False,1,GT-0223,1147.3437290137674,12.750029853702856,4.866460888430782,22.5,22.5,1.0,0.0013639700727680235,1.5767753779237708,60.29836586192273,GT-0223,,True,ACCEPTED
5135.71,RADAR_A,RADAR_A-T4245,False,1,GT-0223,158.7727212006276,24.259632096733657,0.5407716825877307,22.5,22.5,1.0,0.0010911760582144189,4.866460888430782,60.055140619802145,GT-0223,,True,ACCEPTED
5137.7,RADAR_A,RADAR_A-T4245,True,1,GT-0223,322.78324702870395,12.944003282176526,0.6849134729976764,22.5,22.5,1.0,0.0008729408465715351,0.5407716825877307,56.96971946809319,GT-0223,,True,ACCEPTED
5137.94,RADAR_C,RADAR_C-T5598,True,1,GT-0223,447.0859329021499,42.45529781875614,7.301075462835383,22.5,22.5,1.0,0.0006983526772572281,0.6849134729976764,65.52386225572856,GT-0223,,True,ACCEPTED
5138.83,RADAR_B,RADAR_B-T3817,True,1,GT-0223,138.98492518755782,21.203001682309644,5.083995774059348,22.5,22.5,1.0,0.022243273189062173,7.301075462835383,56.48618722926883,GT-0223,,True,ACCEPTED
5140.18,RADAR_A,RADAR_A-T4245,True,1,GT-0223,368.85428629355596,19.028731525929622,2.5388751309940814,22.5,22.5,1.0,0.01779461855124974,5.083995774059348,56.08029759717897,GT-0223,,True,ACCEPTED
5143.31,RADAR_A,RADAR_A-T4245,True,1,GT-0223,646.7593845541829,12.611276632961586,1.5461783878414703,22.5,22.5,1.0,0.01423569484099979,2.5388751309940814,61.67021806359927,GT-0223,,True,ACCEPTED
5145.97,RADAR_A,RADAR_A-T4245,True,1,GT-0223,1207.0292195695092,14.358945120890676,5.876139413013477,22.5,22.5,1.0,0.011388555872799834,1.5461783878414703,59.089001791036544,GT-0223,,True,ACCEPTED
5147.55,RADAR_B,RADAR_B-T5072,False,1,GT-0223,786.0893179863543,10.317881543671596,2.3247003922017835,22.5,22.5,1.0,0.009110844698239867,5.876139413013477,55.94890612823729,GT-0223,,True,ACCEPTED
5148.89,RADAR_A,RADAR_A-T4245,True,1,GT-0223,1219.8304478061702,25.225126712468985,6.713018151519289,22.5,22.5,1.0,0.007288675758591894,2.3247003922017835,61.34558058771266,GT-0223,,True,ACCEPTED
5151.31,RADAR_A,RADAR_A-T4245,True,1,GT-0223,1224.24821173306,11.625871461931915,6.038998959278104,22.5,22.5,1.0,0.017714576465528327,6.713018151519289,58.04978861474594,GT-0223,,True,ACCEPTED
5155.62,RADAR_B,RADAR_B-T6179,False,1,GT-0223,1522.6527981042618,23.809249427465726,7.860735201110658,22.5,22.5,1.0,0.014821643827057734,6.038998959278104,65.31871901368999,GT-0223,,True,ACCEPTED
5156.33,RADAR_A,RADAR_A-T1924,False,1,GT-0223,1875.4221545220596,9.416768161022018,11.112736922592727,22.5,22.5,1.0,0.04286956841349049,7.860735201110658,66.15494601123088,GT-0223,,True,ACCEPTED
5164.1,RADAR_A,RADAR_A-T6662,False,1,GT-0223,2573.4557597208063,20.86132034230343,20.146111115140812,22.5,22.5,1.0,0.11950793677400452,11.112736922592727,79.00349976168064,GT-0223,,True,ACCEPTED
5166.71,RADAR_B,RADAR_B-T5314,False,1,GT-0223,3140.603273326792,19.534863263394534,25.244102504294226,22.5,22.5,1.0,0.2956063494192036,20.146111115140812,80.4586739467506,,GT-0225,False,SOURCE_MAP_NOT_FOUND;MAHALANOBIS_GATE_FAIL;NEW_TRACK_CREATED
5172.4,RADAR_A,RADAR_A-T9702,False,2,GT-0225,887.3918041289326,28.97550634797973,2.16819642749522,22.5,22.5,1.0,0.0,0.0,85.9049974229406,GT-0225,,True,ACCEPTED
5173.85,RADAR_C,RADAR_C-T8023,False,2,GT-0225,592.7870574676473,12.508347619704795,1.0020981435982725,22.5,22.5,1.0,0.0,2.16819642749522,60.97768233123752,GT-0225,,True,ACCEPTED
5177.51,RADAR_B,RADAR_B-T8260,False,2,GT-0225,617.4854395238658,33.42487792023574,0.8193352106814282,22.5,22.5,1.0,0.0,1.0020981435982725,67.82777892787851,GT-0225,,True,ACCEPTED
5177.58,RADAR_A,RADAR_A-T4218,False,2,GT-0225,503.09103846997436,16.411826962241186,1.1226777671392112,22.5,22.5,1.0,0.0,0.8193352106814282,59.76325144058622,GT-0225,,True,ACCEPTED
5179.36,RADAR_A,RADAR_A-T4218,True,2,GT-0225,239.52329607680167,14.326392863140509,0.44164680707168785,22.5,22.5,1.0,0.0,1.1226777671392112,58.40740479001912,GT-0225,,True,ACCEPTED
5181.92,RADAR_A,RADAR_A-T4218,True,2,GT-0225,848.5666524700648,7.606511433297358,2.3347201082846127,22.5,22.5,1.0,0.0,0.44164680707168785,62.09528592574152,GT-0225,,True,ACCEPTED
5184.17,RADAR_A,RADAR_A-T4218,True,2,GT-0225,615.7290313378808,12.858831425001275,2.406155349869532,22.5,22.5,1.0,0.0,2.3347201082846127,55.27305647662343,GT-0225,,True,ACCEPTED
5185.9,RADAR_A,RADAR_A-T4218,True,2,GT-0225,778.2135140521713,13.887254307750721,2.3873920972962686,22.5,22.5,1.0,0.0,2.406155349869532,57.956843151468085,GT-0225,,True,ACCEPTED
5188.43,RADAR_A,RADAR_A-T4218,True,2,GT-0225,897.5234660070131,17.339875469315512,6.571604546158603,22.5,22.5,1.0,0.0,2.3873920972962686,57.598550156025176,GT-0225,,True,ACCEPTED
5191.25,RADAR_C,RADAR_C-T8428,False,2,GT-0225,1716.318405692982,53.25077310629521,11.147994658528932,22.5,22.5,1.0,0.00952674243597671,6.571604546158603,69.75769347624298,GT-0225,,True,ACCEPTED
5191.92,RADAR_B,RADAR_B-T9912,False,2,GT-0225,1063.9307211163157,19.39566284104958,4.960432658178204,22.5,22.5,1.0,0.09342130492426357,11.147994658528932,60.59796276212563,GT-0225,,True,ACCEPTED
5193.75,RADAR_A,RADAR_A-T9734,False,2,GT-0225,308.43856239322366,3.159597062413574,0.31157568453596474,22.5,22.5,1.0,0.07473704393941086,4.960432658178204,59.17608522797678,GT-0225,,True,ACCEPTED
5195.49,RADAR_B,RADAR_B-T9912,True,1,GT-0225,1099.0338557625228,14.165620347109465,2.6799290829797773,22.5,22.5,1.0,0.059789635151528686,0.31157568453596474,63.56448005655095,GT-0225,,True,ACCEPTED
5195.79,RADAR_A,RADAR_A-T9734,True,1,GT-0225,823.1222582080794,19.053090270479807,2.473024468145934,22.5,22.5,1.0,0.04783170812122295,2.6799290829797773,62.13852854481973,GT-0225,,True,ACCEPTED
5200.2,RADAR_B,RADAR_B-T9912,True,1,GT-0225,732.7917495301461,59.76127615979675,3.5082232484514577,22.5,22.5,1.0,0.03826536649697836,2.473024468145934,64.14113545525692,GT-0225,,True,ACCEPTED
5201.41,RADAR_A,RADAR_A-T2571,False,1,GT-0225,746.6620917096014,24.972308859809946,2.6137732505541886,22.5,22.5,1.0,0.030612293197582692,3.5082232484514577,60.753619124992,GT-0225,,True,ACCEPTED
5204.12,RADAR_B,RADAR_B-T9912,True,1,GT-0225,1466.338128469202,25.08565427329476,8.723659499162453,22.5,22.5,1.0,0.024489834558066154,2.6137732505541886,63.05888275222356,GT-0225,,True,ACCEPTED
5207.15,RADAR_A,RADAR_A-T1972,False,1,GT-0225,1189.8505623773992,8.679332345100342,4.606313693167743,22.5,22.5,1.0,0.0649861926324938,8.723659499162453,61.30721789024684,GT-0225,,True,ACCEPTED
5209.24,RADAR_A,RADAR_A-T1972,True,1,GT-0225,1764.5558834143549,10.598323801615358,10.442600740770924,22.5,22.5,1.0,0.05198895410599505,4.606313693167743,64.2828917475729,GT-0225,,True,ACCEPTED
5210.27,RADAR_B,RADAR_B-T9912,True,1,GT-0225,1243.4830626991081,26.151573406552995,8.90720616816942,22.5,22.5,1.0,0.11563450896431146,10.442600740770924,62.227108796093376,GT-0225,,True,ACCEPTED
5214.47,RADAR_A,RADAR_A-T9511,False,1,GT-0225,1430.3076245892937,6.2352840546835155,6.794158207220436,22.5,22.5,1.0,0.14096104330760617,8.90720616816942,63.48060950216819,GT-0225,,True,ACCEPTED
5216.46,RADAR_A,RADAR_A-T9511,True,1,GT-0225,1360.6027114031092,1.9311339672289336,5.825528202203671,22.5,22.5,1.0,0.12600480476642556,6.794158207220436,58.373009286592094,GT-0225,,True,ACCEPTED
5218.33,RADAR_A,RADAR_A-T9511,True,1,GT-0225,1460.2693849366212,27.52111676761256,9.1346839877135,22.5,22.5,1.0,0.10080384381314045,5.825528202203671,63.91049534027111,GT-0225,,True,ACCEPTED
5220.41,RADAR_A,RADAR_A-T9511,True,1,GT-0225,1764.1259893016518,6.779655594715265,9.535927850987637,22.5,22.5,1.0,0.1328878081790707,9.1346839877135,65.38087345534633,GT-0225,,True,ACCEPTED
5220.5,RADAR_B,RADAR_B-T5177,False,1,GT-0225,1979.3588970254693,35.227124859162394,13.530560649310175,22.5,22.5,1.0,0.16524237739305053,9.535927850987637,68.93531936921173,GT-0225,,True,ACCEPTED
5221.87,RADAR_C,RADAR_C-T7036,False,1,GT-0225,1518.5116206855716,43.42983278412146,8.349306470171832,22.5,22.5,1.0,0.25770324606961004,13.530560649310175,66.45632453800958,GT-0225,,True,ACCEPTED
5227.27,RADAR_A,RADAR_A-T4166,False,1,GT-0225,1677.8117855297155,11.165608604283205,9.150533306994754,22.5,22.5,1.0,0.24531770469188527,8.349306470171832,68.47240691715768,GT-0225,,True,ACCEPTED
5230.26,RADAR_A,RADAR_A-T4166,True,1,GT-0225,2048.461754673724,8.710781536448883,13.295196888270548,22.5,22.5,1.0,0.24876305220342082,9.150533306994754,66.9896055708305,GT-0225,,True,ACCEPTED
5230.51,RADAR_C,RADAR_C-T7036,True,1,GT-0225,1283.4413204031935,32.97080593605503,17.18273743982896,22.5,22.5,1.0,0.3205970565672458,13.295196888270548,69.16382350996338,GT-0225,,True,ACCEPTED
5232.59,RADAR_A,RADAR_A-T4166,True,1,GT-0225,1627.6772228658117,12.820156436191068,9.279743889735284,22.5,22.5,1.0,0.4428566025842793,17.18273743982896,62.75908312970775,GT-0225,,True,ACCEPTED
5234.22,RADAR_B,RADAR_B-T6462,False,1,GT-0225,1781.4384208399931,7.472993400152789,6.4738214148026385,22.5,22.5,1.0,0.4089476802296782,9.279743889735284,61.752244299762374,GT-0225,,True,ACCEPTED
5235.14,RADAR_A,RADAR_A-T4166,True,1,GT-0225,1723.6387728424713,19.767621854628835,10.462880891567538,22.5,22.5,1.0,0.3350551677637865,6.4738214148026385,64.61407577841901,GT-0225,,True,ACCEPTED
5237.68,RADAR_A,RADAR_A-T4166,True,1,GT-0225,1698.683332264126,6.212596796717671,8.443402183150264,22.5,22.5,1.0,0.34242548240382154,10.462880891567538,65.35742998642463,GT-0225,,True,ACCEPTED
5239.61,RADAR_B,RADAR_B-T6462,True,1,GT-0225,1576.7129633042819,27.822985273556583,10.491923274434322,22.5,22.5,1.0,0.3146637556422283,8.443402183150264,65.16316343521494,GT-0225,,True,ACCEPTED
5240.22,RADAR_A,RADAR_A-T4166,True,1,GT-0225,394.44541684445863,34.69152418092393,15.119648260371191,22.5,22.5,1.0,0.32659639242102134,10.491923274434322,66.44706845860247,GT-0225,,True,ACCEPTED
5243.28,RADAR_A,RADAR_A-T4166,True,1,GT-0225,372.51859455565716,37.38930317402933,0.8943776467359836,22.5,22.5,1.0,0.41327125160967026,15.119648260371191,62.30473421953176,GT-0225,,True,ACCEPTED
5244.58,RADAR_B,RADAR_B-T6462,True,1,GT-0225,659.233895628954,16.81223076176829,2.079730148933004,22.5,22.5,1.0,0.33061700128773625,0.8943776467359836,57.80972550918471,GT-0225,,True,ACCEPTED
5245.74,RADAR_A,RADAR_A-T4166,True,1,GT-0225,450.718821967074,9.557081649937375,1.5737901258465157,22.5,22.5,1.0,0.264493601030189,2.079730148933004,53.36369186074119,GT-0225,,True,ACCEPTED
5248.95,RADAR_A,RADAR_A-T4166,True,1,GT-0225,437.8111418715719,23.332075489341864,1.0041246841648963,22.5,22.5,1.0,0.2115948808241512,1.5737901258465157,60.1738966467931,GT-0225,,True,ACCEPTED
5249.81,RADAR_C,RADAR_C-T9995,False,1,GT-0225,1182.5570103838838,30.675543438435653,6.418170427733937,22.5,22.5,1.0,0.16927590465932096,1.0041246841648963,62.45116052357578,GT-0225,,True,ACCEPTED
5253.86,RADAR_A,RADAR_A-T7507,False,1,GT-0225,32.53931069645303,8.244997150378598,0.0770627092513305,22.5,22.5,1.0,0.14239023085635574,6.418170427733937,58.82604081422955,GT-0225,,True,ACCEPTED
5256.63,RADAR_B,RADAR_B-T5940,False,1,GT-0225,697.224963458042,27.34591137219379,3.3301836431673797,22.5,22.5,1.0,0.1139121846850846,0.0770627092513305,60.01198555605511,GT-0225,,True,ACCEPTED
5257.28,RADAR_A,RADAR_A-T7507,True,1,GT-0225,424.04100560458295,7.676620409591923,0.6851956482994364,22.5,22.5,1.0,0.09112974774806769,3.3301836431673797,56.075631042348114,GT-0225,,True,ACCEPTED
5259.6,RADAR_A,RADAR_A-T7507,True,1,GT-0225,271.9883673680943,8.467391374478813,0.6559618116423553,22.5,22.5,1.0,0.07290379819845415,0.6851956482994364,54.119134695497024,GT-0225,,True,ACCEPTED
5261.87,RADAR_A,RADAR_A-T7507,True,1,GT-0225,770.7280967342972,4.244446618530108,1.8393370277861931,22.5,22.5,1.0,0.05832303855876332,0.6559618116423553,57.90847672587413,GT-0225,,True,ACCEPTED
5262.13,RADAR_B,RADAR_B-T5940,True,1,GT-0225,126.73549193915032,5.574679631966429,0.4264585359495929,22.5,22.5,1.0,0.04665843084701066,1.8393370277861931,51.72914481558724,GT-0225,,True,ACCEPTED
5267.16,RADAR_A,RADAR_A-T1814,False,1,GT-0225,961.9594629430712,5.948294150604593,2.717387411317935,22.5,22.5,1.0,0.03732674467760853,0.4264585359495929,66.53102849889555,GT-0225,,True,ACCEPTED
5276.36,RADAR_A,RADAR_A-T4420,False,1,GT-0225,1512.9522794373017,12.98296572716372,6.409902221038312,22.5,22.5,1.0,0.02986139574208682,2.717387411317935,67.65298599227748,GT-0225,,True,ACCEPTED
5281.69,RADAR_A,RADAR_A-T8016,False,1,GT-0225,2198.618006642024,12.939435155676042,14.238417868921786,22.5,22.5,1.0,0.030720820277641323,6.409902221038312,70.93012001973636,GT-0225,,True,ACCEPTED
5282.33,RADAR_B,RADAR_B-T6849,False,1,GT-0225,1659.4087099918784,34.40981356314797,14.314073043294243,22.5,22.5,1.0,0.16188362070414283,14.238417868921786,68.34651762782681,GT-0225,,True,ACCEPTED
5289.24,RADAR_A,RADAR_A-T8379,False,1,GT-0225,2807.6782031008643,12.856780638913788,22.83446438903533,22.5,22.5,1.0,0.2680747806182183,14.314073043294243,82.42007203161828,,GT-0226,False,SOURCE_MAP_NOT_FOUND;MAHALANOBIS_GATE_FAIL;NEW_TRACK_CREATED
5291.25,RADAR_A,RADAR_A-T8379,True,2,GT-0226,482.8014265706201,7.987625903723022,0.6451477952893065,22.5,22.5,1.0,0.0,0.0,77.8597339950056,GT-0226,,True,ACCEPTED
5291.44,RADAR_B,RADAR_B-T7803,False,2,GT-0226,497.4766828673872,24.956027045849215,9.514062727884623,22.5,22.5,1.0,0.0,0.6451477952893065,61.23756518234884,GT-0226,,True,ACCEPTED
5296.52,RADAR_A,RADAR_A-T7456,False,2,GT-0226,989.1373353876581,20.703530797957857,3.270881747693215,22.5,22.5,1.0,0.05856771213141038,9.514062727884623,60.71205025101299,GT-0226,,True,ACCEPTED
5301.38,RADAR_A,RADAR_A-T9666,False,2,GT-0226,781.9431001079153,11.672573040839584,1.7426479528005996,22.5,22.5,1.0,0.046854169705128304,3.270881747693215,66.37986044485984,GT-0226,,True,ACCEPTED
5302.31,RADAR_B,RADAR_B-T9569,False,2,GT-0226,915.0047093601725,6.185927497995971,3.07351118144128,22.5,22.5,1.0,0.03748333576410264,1.7426479528005996,54.72916987381282,GT-0226,,True,ACCEPTED
5304.11,RADAR_A,RADAR_A-T9666,True,2,GT-0226,429.40389730864734,13.919729672539367,0.7331628423574847,22.5,22.5,1.0,0.029986668611282116,3.07351118144128,59.74344137548856,GT-0226,,True,ACCEPTED
5306.46,RADAR_A,RADAR_A-T9666,True,2,GT-0226,1298.4040146042407,6.476895931603179,5.314512073462635,22.5,22.5,1.0,0.023989334889025694,0.7331628423574847,65.87391128238467,GT-0226,,True,ACCEPTED
5309.42,RADAR_A,RADAR_A-T9666,True,2,GT-0226,740.4391529772422,21.664246261718613,2.748495048018518,22.5,22.5,1.0,0.019191467911220558,5.314512073462635,59.31861736334055,GT-0226,,True,ACCEPTED
5311.69,RADAR_A,RADAR_A-T9666,True,2,GT-0226,1079.183766787567,7.153099345475845,3.7179238604797753,22.5,22.5,1.0,0.015353174328976447,2.748495048018518,58.167632427001635,GT-0226,,True,ACCEPTED
5312.19,RADAR_B,RADAR_B-T3609,False,2,GT-0226,1047.7473930265267,9.08472461426468,4.140461135472733,22.5,22.5,1.0,0.012282539463181159,3.7179238604797753,57.581394581821115,GT-0226,,True,ACCEPTED
5312.43,RADAR_C,RADAR_C-T3045,False,1,GT-0226,1510.6101782977548,22.082149981748817,7.984438714288362,22.5,22.5,1.0,0.009826031570544928,4.140461135472733,62.475889128862036,GT-0226,,True,ACCEPTED
5314.52,RADAR_A,RADAR_A-T9666,True,1,GT-0226,1542.2685199412929,10.544981922683169,7.748993893944636,22.5,22.5,1.0,0.04093480382790864,7.984438714288362,62.74088522991978,GT-0226,,True,ACCEPTED
5318.08,RADAR_A,RADAR_A-T9666,True,1,GT-0226,1958.7148762689865,10.968919790494528,12.234562868843756,22.5,22.5,1.0,0.06189774129473752,7.748993893944636,67.25604917113786,GT-0226,,True,ACCEPTED
5321.65,RADAR_B,RADAR_B-T3640,False,1,GT-0226,2722.7786440943023,14.992851341123721,23.84153608789341,22.5,22.5,1.0,0.15342757418318598,12.234562868843756,80.04366442091978,,GT-0227,False,SOURCE_MAP_NOT_FOUND;MAHALANOBIS_GATE_FAIL;NEW_TRACK_CREATED
5325.6,RADAR_A,RADAR_A-T2505,False,2,GT-0227,801.6393319202962,12.86251309882339,1.744318688976152,22.5,22.5,1.0,0.0,0.0,82.82607526599676,GT-0227,,True,ACCEPTED
5326.28,RADAR_B,RADAR_B-T3640,True,2,GT-0227,523.6041206597839,6.696264171354977,0.9845244297437978,22.5,22.5,1.0,0.0,1.744318688976152,55.7214071419824,GT-0227,,True,ACCEPTED
5334.31,RADAR_A,RADAR_A-T8375,False,2,GT-0227,784.2126640857942,51.33548576562831,2.058430392045631,22.5,22.5,1.0,0.0,0.9845244297437978,65.42747884469516,GT-0227,,True,ACCEPTED
5335.85,RADAR_A,RADAR_A-T8375,True,1,GT-0226,3912.344654527617,23.406061316138985,39.056557637992555,22.5,22.5,1.0,0.15342757418318598,12.234562868843756,104.51856282327961,,GT-0228,False,MAHALANOBIS_GATE_FAIL;NEW_TRACK_CREATED
5337.92,RADAR_B,RADAR_B-T4762,False,2,GT-0228,627.3527872736,27.17018706736055,0.7208851318006525,22.5,22.5,1.0,0.0,0.0,79.16390720783795,GT-0228,,True,ACCEPTED
5338.9,RADAR_A,RADAR_A-T8375,True,2,GT-0228,626.4366600026325,37.29007580773916,1.5703342097559714,22.5,22.5,1.0,0.0,0.7208851318006525,64.4245650974766,GT-0228,,True,ACCEPTED
5345.06,RADAR_C,RADAR_C-T7869,False,1,GT-0228,1009.3744465140687,67.47141652658473,5.427093383852704,22.5,22.5,1.0,0.0,1.5703342097559714,67.86401124861169,GT-0228,,True,ACCEPTED
5347.68,RADAR_B,RADAR_B-T1415,False,1,GT-0228,1444.3169590327454,12.747786629089093,6.665337554649243,22.5,22.5,1.0,0.0,5.427093383852704,66.9831231066597,GT-0228,,True,ACCEPTED
5350.74,RADAR_A,RADAR_A-T2898,False,1,GT-0228,908.2710884019496,7.712404538014901,2.38340543279503,22.5,22.5,1.0,0.011088959244154052,6.665337554649243,64.59334805230688,GT-0228,,True,ACCEPTED
5353.16,RADAR_B,RADAR_B-T1415,True,1,GT-0228,419.65142501136904,6.228447505725658,0.615465921563388,22.5,22.5,1.0,0.008871167395323242,2.38340543279503,58.36694732529478,GT-0228,,True,ACCEPTED
5353.87,RADAR_A,RADAR_A-T2898,True,1,GT-0228,383.0394632522478,7.272684676360317,0.8072073190640053,22.5,22.5,1.0,0.007096933916258594,0.615465921563388,53.90153916360082,GT-0228,,True,ACCEPTED
5356.57,RADAR_A,RADAR_A-T2898,True,1,GT-0228,347.68774199282285,22.651263060696667,0.5357279129573913,22.5,22.5,1.0,0.005677547133006875,0.8072073190640053,62.698226171256444,GT-0228,,True,ACCEPTED
5356.81,RADAR_C,RADAR_C-T7869,True,1,GT-0228,601.2029857372505,42.46650772818821,5.776234066261428,22.5,22.5,1.0,0.004542037706405501,0.5357279129573913,63.095646441691784,GT-0228,,True,ACCEPTED
5358.31,RADAR_B,RADAR_B-T1415,True,1,GT-0228,1041.982056658654,25.674577126773585,4.5151645466310475,22.5,22.5,1.0,0.003633630165124401,5.776234066261428,61.3726943843965,GT-0228,,True,ACCEPTED
5358.69,RADAR_A,RADAR_A-T2898,True,1,GT-0228,1161.3251978085204,4.998418264878029,5.256744079266142,22.5,22.5,1.0,0.0029069041320995206,4.5151645466310475,52.762083625771965,GT-0228,,True,ACCEPTED
5361.79,RADAR_A,RADAR_A-T2898,True,1,GT-0228,491.4198477211749,15.796826190171554,0.9897219790115016,22.5,22.5,1.0,0.0023255233056796165,5.256744079266142,59.66880845596546,GT-0228,,True,ACCEPTED
5364.06,RADAR_A,RADAR_A-T2898,True,1,GT-0228,864.1833606804181,12.185562219688451,2.599044529799681,22.5,22.5,1.0,0.0018604186445436933,0.9897219790115016,60.27739046957989,GT-0228,,True,ACCEPTED
5367.1,RADAR_A,RADAR_A-T2898,True,1,GT-0228,452.8487176616964,11.879673744875339,1.0922985377757015,22.5,22.5,1.0,0.0014883349156349548,2.599044529799681,55.822008225598864,GT-0228,,True,ACCEPTED
5368.36,RADAR_B,RADAR_B-T8060,False,1,GT-0228,346.05196976905245,15.798586615266426,1.8783725211521545,22.5,22.5,1.0,0.001190667932507964,1.0922985377757015,54.899109441143366,GT-0228,,True,ACCEPTED
5369.61,RADAR_A,RADAR_A-T2898,True,1,GT-0228,301.24046242234095,28.99910532588148,4.157965441566341,22.5,22.5,1.0,0.0009525343460063712,1.8783725211521545,58.306410882164975,GT-0228,,True,ACCEPTED
5371.68,RADAR_A,RADAR_A-T2898,True,1,GT-0228,517.6464376051703,15.233627168514488,1.0378337246563514,22.5,22.5,1.0,0.000762027476805097,4.157965441566341,60.39830366624123,GT-0228,,True,ACCEPTED
5372.49,RADAR_C,RADAR_C-T6925,False,1,GT-0228,666.8934290959858,49.09704167775497,7.60450217893365,22.5,22.5,1.0,0.0006096219814440777,1.0378337246563514,64.87594574023764,GT-0228,,True,ACCEPTED
5374.15,RADAR_A,RADAR_A-T2898,True,1,GT-0228,763.8214556577813,15.066536813058812,2.2514111259192156,22.5,22.5,1.0,0.02722940056738277,7.60450217893365,59.3190430122126,GT-0228,,True,ACCEPTED
5375.3,RADAR_B,RADAR_B-T8060,True,1,GT-0228,509.5726724916041,7.664711577921115,1.2821895674211452,22.5,22.5,1.0,0.02178352045390622,2.2514111259192156,53.665738362695805,GT-0228,,True,ACCEPTED
5376.43,RADAR_A,RADAR_A-T2898,True,1,GT-0228,464.32419135699763,11.773673491785127,1.7277238288933634,22.5,22.5,1.0,0.017426816363124976,1.2821895674211452,54.46809198645838,GT-0228,,True,ACCEPTED
5379.09,RADAR_A,RADAR_A-T2898,True,1,GT-0228,154.44023790274142,35.37775761841197,1.0779702500532578,22.5,22.5,1.0,0.013941453090499982,1.7277238288933634,60.60240357513823,GT-0228,,True,ACCEPTED
5385.15,RADAR_A,RADAR_A-T7372,False,1,GT-0228,832.0366655505335,55.01687162304558,3.2929423682460577,22.5,22.5,1.0,0.011153162472399987,1.0779702500532578,63.16256759511306,GT-0228,,True,ACCEPTED
5386.46,RADAR_B,RADAR_B-T6730,False,1,GT-0228,553.3659628573572,31.584646050810296,5.753649142333459,22.5,22.5,1.0,0.00892252997791999,3.2929423682460577,60.412194127223614,GT-0228,,True,ACCEPTED
5387.64,RADAR_A,RADAR_A-T7372,True,1,GT-0228,411.0976433996855,11.610141180625442,1.048357356598351,22.5,22.5,1.0,0.007138023982335992,5.753649142333459,55.61856705939516,GT-0228,,True,ACCEPTED
5390.16,RADAR_A,RADAR_A-T7372,True,1,GT-0228,715.3996626892277,4.25941803145544,1.610707162805434,22.5,22.5,1.0,0.005710419185868794,1.048357356598351,55.40634513264765,GT-0228,,True,ACCEPTED
5393.5,RADAR_B,RADAR_B-T6730,True,1,GT-0228,656.156221980409,10.541119862949154,1.3506128099761852,22.5,22.5,1.0,0.004568335348695035,1.610707162805434,59.02954222588306,GT-0228,,True,ACCEPTED
5396.65,RADAR_A,RADAR_A-T7376,False,1,GT-0228,978.0584240156994,6.357364589338527,2.786326853208807,22.5,22.5,1.0,0.0036546682789560282,1.3506128099761852,60.768559771196585,GT-0228,,True,ACCEPTED
5398.13,RADAR_B,RADAR_B-T6730,True,1,GT-0228,712.1924989981476,10.921103645961587,2.464733870239866,22.5,22.5,1.0,0.0029237346231648226,2.786326853208807,55.212259012063086,GT-0228,,True,ACCEPTED
5401.75,RADAR_A,RADAR_A-T1767,False,1,GT-0228,822.2931623925889,12.928942505822407,2.3356894993828017,22.5,22.5,1.0,0.002338987698531858,2.464733870239866,58.65575982394212,GT-0228,,True,ACCEPTED
5404.43,RADAR_A,RADAR_A-T1767,True,1,GT-0228,982.310167100858,15.167886735983714,3.8871162358040063,22.5,22.5,1.0,0.0018711901588254866,2.3356894993828017,58.83088561003164,GT-0228,,True,ACCEPTED
5407.46,RADAR_A,RADAR_A-T1767,True,1,GT-0228,998.4866504628725,5.446276460148446,2.9136096705772534,22.5,22.5,1.0,0.0014969521270603893,3.8871162358040063,57.428448104841465,GT-0228,,True,ACCEPTED
5407.58,RADAR_B,RADAR_B-T8676,False,1,GT-0228,904.9708339314801,40.921421433166266,7.953630323548078,22.5,22.5,1.0,0.0011975617016483115,2.9136096705772534,64.15067407475895,GT-0228,,True,ACCEPTED
5411.25,RADAR_A,RADAR_A-T1767,True,1,GT-0228,1364.8341271440408,23.734195534196527,6.299782446003497,22.5,22.5,1.0,0.03351855475378661,7.953630323548078,64.21195558784633,GT-0228,,True,ACCEPTED
5412.54,RADAR_B,RADAR_B-T8676,True,1,GT-0228,793.9203407918719,16.49126059930787,4.106127148896595,22.5,22.5,1.0,0.031811217903087566,6.299782446003497,56.90494286368688,GT-0228,,True,ACCEPTED
5413.07,RADAR_C,RADAR_C-T9166,False,1,GT-0228,1763.805407783166,29.60206371063637,13.391645268585712,22.5,22.5,1.0,0.025448974322470053,4.106127148896595,67.14576044226978,GT-0228,,True,ACCEPTED
5414.13,RADAR_A,RADAR_A-T1767,True,1,GT-0228,1558.9496765450658,13.459155292874081,8.369650139435079,22.5,22.5,1.0,0.14355326726773793,13.391645268585712,61.622989302415064,GT-0228,,True,ACCEPTED
5416.71,RADAR_A,RADAR_A-T1767,True,1,GT-0228,1898.8867228936792,0.40420711052826297,10.426243478809191,22.5,22.5,1.0,0.154336782804775,8.369650139435079,64.82275037745751,GT-0228,,True,ACCEPTED
5417.42,RADAR_B,RADAR_B-T8676,True,1,GT-0228,1624.1156155352137,12.349117833089927,8.913582844105157,22.5,22.5,1.0,0.19724015089063987,10.426243478809191,62.009527770769985,GT-0228,,True,ACCEPTED
5419.07,RADAR_A,RADAR_A-T1767,True,1,GT-0228,320.8570125703439,12.744038767408611,0.8372168823541826,22.5,22.5,1.0,0.20635183478093122,8.913582844105157,56.18237605335983,GT-0228,,True,ACCEPTED
5422.05,RADAR_A,RADAR_A-T1767,True,1,GT-0228,562.4376245839244,4.014660551440701,0.930537462766784,22.5,22.5,1.0,0.16508146782474498,0.8372168823541826,59.18795028736642,GT-0228,,True,ACCEPTED
5423.92,RADAR_A,RADAR_A-T1767,True,1,GT-0228,825.2944478776424,27.503107735732065,5.531843029594518,22.5,22.5,1.0,0.132065174259796,0.930537462766784,59.82762286802108,GT-0228,,True,ACCEPTED
5426.16,RADAR_B,RADAR_B-T4751,False,1,GT-0228,1199.8828046751507,29.369737279550975,10.579869198718766,22.5,22.5,1.0,0.1056521394078368,5.531843029594518,63.39356651092899,GT-0228,,True,ACCEPTED
5428.64,RADAR_A,RADAR_A-T6900,False,1,GT-0228,1280.7026702122016,42.111027170938364,7.790569670548553,22.5,22.5,1.0,0.1608528648382489,10.579869198718766,64.89188926924173,GT-0228,,True,ACCEPTED
5428.75,RADAR_B,RADAR_B-T4751,True,1,GT-0228,963.7038009932292,8.546590242189195,2.738773871583856,22.5,22.5,1.0,0.158525119713075,7.790569670548553,56.150925932571525,GT-0228,,True,ACCEPTED
5433.65,RADAR_A,RADAR_A-T4333,False,1,GT-0228,1298.9710160306038,56.45401381956507,8.72761134954488,22.5,22.5,1.0,0.12682009577046002,2.738773871583856,67.4506702794256,GT-0228,,True,ACCEPTED
5436.25,RADAR_A,RADAR_A-T4333,True,1,GT-0228,1436.8984867771583,7.374450244776851,6.502846651504019,22.5,22.5,1.0,0.14691626577544936,8.72761134954488,60.30601144321818,GT-0228,,True,ACCEPTED
5438.69,RADAR_A,RADAR_A-T4333,True,1,GT-0228,1483.6426785688063,4.776510824667939,6.628859629412713,22.5,22.5,1.0,0.12591379014542647,6.502846651504019,59.37818407222244,GT-0228,,True,ACCEPTED
5441.37,RADAR_A,RADAR_A-T4333,True,1,GT-0228,1952.146510442388,16.32153946983634,12.482865272805691,22.5,22.5,1.0,0.11121202593988641,6.628859629412713,66.50460289114463,GT-0228,,True,ACCEPTED
5443.36,RADAR_A,RADAR_A-T4333,True,1,GT-0228,2085.9275641487716,9.406564191974292,13.168187221710214,22.5,22.5,1.0,0.19701737529867064,12.482865272805691,65.8056715570684,GT-0228,,True,ACCEPTED
5448.7,RADAR_B,RADAR_B-T1947,False,1,GT-0228,2331.2505205985913,23.31952126340119,15.52540902009603,22.5,22.5,1.0,0.2770836872674401,13.168187221710214,73.88708821977511,GT-0228,,True,ACCEPTED
5449.81,RADAR_A,RADAR_A-T4945,False,1,GT-0228,2873.1963355836483,14.774794425663504,24.26787675259449,22.5,22.5,1.0,0.38042376681555257,15.52540902009603,79.45025489907376,,GT-0229,False,SOURCE_MAP_NOT_FOUND;MAHALANOBIS_GATE_FAIL;NEW_TRACK_CREATED
5452.56,RADAR_A,RADAR_A-T4945,True,2,GT-0229,848.9304366670092,7.163089766932287,2.1191639992427205,22.5,22.5,1.0,0.0,0.0,81.00078211807688,GT-0229,,True,ACCEPTED
5452.99,RADAR_B,RADAR_B-T1947,True,2,GT-0229,164.03982983362314,22.429069258687793,15.23279512130349,22.5,22.5,1.0,0.0,2.1191639992427205,64.23327376782406,GT-0229,,True,ACCEPTED
5455.41,RADAR_A,RADAR_A-T4945,True,2,GT-0229,845.3078905125531,9.658226911042036,3.0664773136640604,22.5,22.5,1.0,0.1538799186883915,15.23279512130349,54.80939034061269,GT-0229,,True,ACCEPTED
5457.55,RADAR_A,RADAR_A-T4945,True,2,GT-0229,1408.2716827241256,21.875566466392996,7.141935790429428,22.5,22.5,1.0,0.1231039349507132,3.0664773136640604,62.066958798198414,GT-0229,,True,ACCEPTED
5459.02,RADAR_B,RADAR_B-T1947,True,2,GT-0229,1020.2646750090265,50.887129672191804,13.340880543700733,22.5,22.5,1.0,0.11751541113439436,7.141935790429428,67.99208957298005,GT-0229,,True,ACCEPTED
5460.24,RADAR_A,RADAR_A-T4945,True,2,GT-0229,529.8027962914489,21.99708045605591,2.376594416773231,22.5,22.5,1.0,0.21636033796919438,13.340880543700733,57.75050201312298,GT-0229,,True,ACCEPTED
5462.46,RADAR_A,RADAR_A-T4945,True,2,GT-0229,750.0765092223826,19.018246258904277,1.943389989757552,22.5,22.5,1.0,0.1730882703753555,2.376594416773231,60.0965474464021,GT-0229,,True,ACCEPTED
5464.76,RADAR_B,RADAR_B-T1947,True,2,GT-0229,534.9806483231546,40.80500784986076,3.5341590405944103,22.5,22.5,1.0,0.13847061630028443,1.943389989757552,60.929405816651446,GT-0229,,True,ACCEPTED
5465.26,RADAR_A,RADAR_A-T4945,True,2,GT-0229,439.759258741842,19.660753040277037,10.672553519102069,22.5,22.5,1.0,0.11077649304022755,3.5341590405944103,59.81085081279721,GT-0229,,True,ACCEPTED
5467.27,RADAR_A,RADAR_A-T4945,True,2,GT-0229,522.3997952635316,25.99544519292109,2.1438278434220552,22.5,22.5,1.0,0.1664970864172165,10.672553519102069,59.22105269248954,GT-0229,,True,ACCEPTED
5468.62,RADAR_B,RADAR_B-T1947,True,2,GT-0229,263.17247783729454,22.497035867295327,2.630396531907711,22.5,22.5,1.0,0.1331976691337732,2.1438278434220552,57.09973504536608,GT-0229,,True,ACCEPTED
5472.89,RADAR_A,RADAR_A-T4650,False,2,GT-0229,613.590787965794,45.47156531155174,3.5859286603962004,22.5,22.5,1.0,0.10655813530701858,2.630396531907711,62.621119211502744,GT-0229,,True,ACCEPTED
5475.35,RADAR_A,RADAR_A-T4650,True,2,GT-0229,715.0336793734385,54.33465232497916,28.428846670635707,22.5,22.5,1.0,0.08524650824561486,3.5859286603962004,80.7540162137029,,GT-0230,False,MAHALANOBIS_GATE_FAIL;NEW_TRACK_CREATED
5477.56,RADAR_B,RADAR_B-T2030,False,3,GT-0230,432.16334405258135,41.88340422188785,0.6703060314604423,22.5,22.5,1.0,0.0,0.0,78.04707861294158,GT-0230,,True,ACCEPTED
5477.61,RADAR_A,RADAR_A-T4650,True,3,GT-0230,623.6223571672385,42.149624223100936,116.9600899960604,22.5,22.5,1.0,0.0,0.6703060314604423,163.33510525929364,,GT-0231,False,MAHALANOBIS_GATE_FAIL;NEW_TRACK_CREATED
5479.86,RADAR_A,RADAR_A-T4650,True,3,GT-0231,471.6096786417548,46.80815838723096,0.6875195049317346,22.5,22.5,1.0,0.0,0.0,78.64081162848244,GT-0231,,True,ACCEPTED
5482.9,RADAR_B,RADAR_B-T2030,True,3,GT-0230,366.8697350390353,11.5377195367566,0.29797146568269506,22.5,22.5,1.0,0.0,0.6703060314604423,65.84657988074962,GT-0230,,True,ACCEPTED
5484.37,RADAR_A,RADAR_A-T2213,False,3,GT-0230,786.7542001996902,27.597434944553495,2.648667914767528,22.5,22.5,1.0,0.0,0.29797146568269506,61.22187282717972,GT-0230,,True,ACCEPTED
5487.05,RADAR_A,RADAR_A-T2213,True,3,GT-0230,493.7731683539243,40.075670413293295,9.599337590086451,22.5,22.5,1.0,0.0,2.648667914767528,63.396771887361744,GT-0230,,True,ACCEPTED
5487.36,RADAR_B,RADAR_B-T2030,True,3,GT-0230,277.5784835456832,21.800953588331605,2.8918411181996175,22.5,22.5,1.0,0.05998895983477418,9.599337590086451,57.868016881516056,GT-0230,,True,ACCEPTED
5490.12,RADAR_C,RADAR_C-T2221,False,3,GT-0230,1041.5471512851077,54.99903980509111,11.103611137277468,22.5,22.5,1.0,0.047991167867819345,2.8918411181996175,68.04575368428118,GT-0230,,True,ACCEPTED
5493.34,RADAR_B,RADAR_B-T2030,True,3,GT-0230,290.7747648124529,106.64420961940925,13.22834874313544,22.5,22.5,1.0,0.12345311991554661,11.103611137277468,71.56550325053544,GT-0230,,True,ACCEPTED
5496.92,RADAR_A,RADAR_A-T5669,False,3,GT-0230,312.7811089395723,15.538755571114972,0.34507501604310237,22.5,22.5,1.0,0.21923497498469463,13.22834874313544,62.588231489538806,GT-0230,,True,ACCEPTED
5499.49,RADAR_B,RADAR_B-T2030,True,3,GT-0230,560.4819925462467,35.37938871246559,2.781241037397117,22.5,22.5,1.0,0.1753879799877557,0.34507501604310237,60.80221256906406,GT-0230,,True,ACCEPTED
5500.13,RADAR_C,RADAR_C-T2221,True,3,GT-0230,448.7447077164753,92.3957298986378,28.164463929258645,22.5,22.5,1.0,0.14031038399020457,2.781241037397117,85.92604494754352,,GT-0232,False,MAHALANOBIS_GATE_FAIL;NEW_TRACK_CREATED
5502.14,RADAR_A,RADAR_A-T9847,False,4,GT-0230,841.4927982522322,24.788944076874763,3.7307355725337983,22.5,22.5,1.0,0.14031038399020457,2.781241037397117,59.663165527151094,GT-0230,,True,ACCEPTED
5504.81,RADAR_A,RADAR_A-T9847,True,3,GT-0230,662.1225380467234,21.249736309127336,3.184479807205158,22.5,22.5,1.0,0.11224830719216367,3.7307355725337983,57.77485877558535,GT-0230,,True,ACCEPTED
5504.93,RADAR_B,RADAR_B-T2030,True,3,GT-0230,710.6604218334257,18.97251814739083,6.137947387623103,22.5,22.5,1.0,0.08979864575373094,3.184479807205158,57.302207733648125,GT-0230,,True,ACCEPTED
5507.03,RADAR_A,RADAR_A-T9847,True,3,GT-0230,1091.189538248084,46.822691825980094,15.55417701490111,22.5,22.5,1.0,0.07413803973003646,6.137947387623103,69.30058398779485,GT-0230,,True,ACCEPTED
5510.92,RADAR_B,RADAR_B-T2030,True,2,GT-0230,605.9036082329985,26.053655051986425,1.639731457494254,22.5,22.5,1.0,0.21854671536571435,15.55417701490111,60.2136334911463,GT-0230,,True,ACCEPTED
5513.95,RADAR_A,RADAR_A-T2009,False,2,GT-0230,526.782114289121,5.015672977496232,0.8053600890576912,22.5,22.5,1.0,0.17483737229257149,1.639731457494254,59.94281453704474,GT-0230,,True,ACCEPTED
5516.61,RADAR_A,RADAR_A-T2009,True,2,GT-0230,979.1620798249561,29.755778394235286,5.800598566936286,22.5,22.5,1.0,0.1398698978340572,0.8053600890576912,60.685265314134064,GT-0230,,True,ACCEPTED
5516.95,RADAR_B,RADAR_B-T2030,True,1,GT-0230,983.8777258882194,19.234366215816667,6.191579062740032,22.5,22.5,1.0,0.11189591826724576,5.800598566936286,58.381452014474306,GT-0230,,True,ACCEPTED
5518.84,RADAR_A,RADAR_A-T2009,True,1,GT-0230,1657.7314411007399,12.166100594285608,8.733291416536169,22.5,22.5,1.0,0.09270971899279715,6.191579062740032,62.42620922006945,GT-0230,,True,ACCEPTED
5521.64,RADAR_A,RADAR_A-T2009,True,1,GT-0230,1952.9659473830022,27.55895052120809,12.151349954279446,22.5,22.5,1.0,0.11972263213650719,8.733291416536169,68.75956709318018,GT-0230,,True,ACCEPTED
5521.95,RADAR_B,RADAR_B-T2030,True,1,GT-0230,1406.3302168386724,10.171018924623123,6.722032841807536,22.5,22.5,1.0,0.19830060494719653,12.151349954279446,59.35455959593851,GT-0230,,True,ACCEPTED
5524.06,RADAR_A,RADAR_A-T2009,True,1,GT-0230,1573.303338829776,30.185081101163576,13.443335495454585,22.5,22.5,1.0,0.1706743646545495,6.722032841807536,66.54958192222115,GT-0230,,True,ACCEPTED
5525.59,RADAR_B,RADAR_B-T2030,True,1,GT-0230,2046.4914399379027,48.03488346446803,18.91375405893713,22.5,22.5,1.0,0.2605950833145494,13.443335495454585,74.27280177506695,GT-0230,,True,ACCEPTED
5529.64,RADAR_C,RADAR_C-T4517,False,1,GT-0230,2630.2107932542294,61.4557733774167,9.29015949254826,22.5,22.5,1.0,0.40847606665163955,18.91375405893713,72.33397287570592,GT-0230,,True,ACCEPTED
5529.74,RADAR_A,RADAR_A-T2356,False,1,GT-0230,2181.9077370178675,29.749846334430284,13.47582518765876,22.5,22.5,1.0,0.38161684486378267,9.29015949254826,72.60574345923465,GT-0230,,True,ACCEPTED
5530.8,RADAR_B,RADAR_B-T2030,True,1,GT-0230,2154.2077160977155,30.208553668060397,16.212031308867893,22.5,22.5,1.0,0.4298905623520055,13.47582518765876,70.1268381901302,GT-0230,,True,ACCEPTED
5537.1,RADAR_A,RADAR_A-T2944,False,1,GT-0230,2369.9343515602736,30.417461298479978,17.99499016811138,22.5,22.5,1.0,0.5141129716960693,16.212031308867893,76.45368315686525,GT-0230,,True,ACCEPTED
5539.58,RADAR_A,RADAR_A-T2944,True,1,GT-0230,2368.4424700769146,26.81090229524648,19.18097633302844,22.5,33.50172384285681,1.0,0.6112068801587118,17.99499016811138,72.90210758779683,GT-0230,,True,ACCEPTED
5539.81,RADAR_B,RADAR_B-T7651,False,1,GT-0230,1797.1155195768517,4.9268484305900015,9.656115648931301,22.5,34.90137907428545,1.0,0.6889655041269696,19.18097633302844,61.472003251564374,GT-0230,,True,ACCEPTED
5542.37,RADAR_A,RADAR_A-T2944,True,1,GT-0230,532.1519412997475,8.171546898483117,0.858280019915812,22.5,33.51793795410776,1.0,0.6121076641170974,9.656115648931301,60.42118926836572,GT-0230,,True,ACCEPTED
5544.83,RADAR_B,RADAR_B-T7651,True,1,GT-0230,566.8983118274864,21.83461556131608,1.7822911446715848,22.5,22.5,1.0,0.48968613129367794,0.858280019915812,59.52356887071907,GT-0230,,True,ACCEPTED
5544.93,RADAR_A,RADAR_A-T2944,True,1,GT-0230,738.4319600582807,1.3897774549779853,1.5446724416888424,22.5,22.5,1.0,0.39174890503494236,1.7822911446715848,57.216295243613665,GT-0230,,True,ACCEPTED
5547.13,RADAR_A,RADAR_A-T2944,True,1,GT-0230,839.5893588680194,13.512274012445701,2.7127969100275213,22.5,22.5,1.0,0.3133991240279539,1.5446724416888424,57.16329944752355,GT-0230,,True,ACCEPTED
5549.58,RADAR_A,RADAR_A-T2944,True,1,GT-0230,368.25526078350845,2.3317287510142912,0.43496904811434856,22.5,22.5,1.0,0.25071929922236313,2.7127969100275213,53.25964346229906,GT-0230,,True,ACCEPTED
5549.98,RADAR_C,RADAR_C-T7178,False,1,GT-0230,719.8932712153395,14.580657490330195,3.40017560230293,22.5,22.5,1.0,0.20057543937789052,0.43496904811434856,56.249285750431,GT-0230,,True,ACCEPTED
5553.45,RADAR_B,RADAR_B-T4971,False,1,GT-0230,474.5134437545693,6.072273526571829,0.819270217272747,22.5,22.5,1.0,0.16046035150231241,3.40017560230293,55.847357126047115,GT-0230,,True,ACCEPTED
5554.77,RADAR_C,RADAR_C-T7178,True,1,GT-0230,887.7450845249085,13.438542906107145,1.9881602153858358,22.5,22.5,1.0,0.12836828120184993,0.819270217272747,60.35223585584615,GT-0230,,True,ACCEPTED
5555.06,RADAR_A,RADAR_A-T2306,False,1,GT-0230,565.9800977489846,10.193491808763769,1.03780274954206,22.5,22.5,1.0,0.10269462496147995,1.9881602153858358,59.41362786787843,GT-0230,,True,ACCEPTED
5557.76,RADAR_A,RADAR_A-T2306,True,1,GT-0230,672.8195308661772,11.525442464083248,1.4195334555632817,22.5,22.5,1.0,0.08215569996918397,1.03780274954206,63.24369581826001,GT-0230,,True,ACCEPTED
5562.98,RADAR_A,RADAR_A-T4652,False,1,GT-0230,1031.4499923487551,16.11996339814643,3.838904236860237,22.5,22.5,1.0,0.06572455997534718,1.4195334555632817,63.367659499179666,GT-0230,,True,ACCEPTED
5565.82,RADAR_A,RADAR_A-T4652,True,1,GT-0230,1356.996268618934,11.127985990990494,6.036028247395227,22.5,22.5,1.0,0.05257964798027775,3.838904236860237,59.81787251626739,GT-0230,,True,ACCEPTED
5569.67,RADAR_B,RADAR_B-T8671,False,1,GT-0230,1977.2068591193463,53.957544452003255,10.095722735349415,22.5,22.5,1.0,0.04266418917414265,6.036028247395227,69.50645359504442,GT-0230,,True,ACCEPTED
5570.86,RADAR_A,RADAR_A-T9882,False,1,GT-0230,2584.341264592736,22.880743518269682,19.141219535613466,22.5,22.5,1.0,0.10239339692847105,10.095722735349415,77.96395495219133,GT-0230,,True,ACCEPTED
5572.97,RADAR_A,RADAR_A-T9882,True,1,GT-0230,2056.518122150198,10.465426678190115,12.978233304267862,22.5,22.5,1.0,0.28191471754277686,19.141219535613466,65.9249505778109,GT-0230,,True,ACCEPTED
5575.68,RADAR_A,RADAR_A-T9882,True,1,GT-0230,2658.20759695117,6.649063873909669,21.223570460947766,22.5,22.5,1.0,0.3418356624386859,12.978233304267862,77.26745829772939,GT-0230,,True,ACCEPTED
5576.63,RADAR_C,RADAR_C-T6132,False,1,GT-0230,2904.19234735036,22.638478290486443,21.19558705657761,22.5,22.5,1.0,0.47346852995094874,21.223570460947766,75.38722673366885,GT-0230,,True,ACCEPTED
5578.17,RADAR_A,RADAR_A-T9882,True,1,GT-0230,3475.585598472463,12.708163985591607,35.21514839521272,22.5,22.5,1.0,0.5787748239607591,21.19558705657761,89.45501011753687,,GT-0234,False,MAHALANOBIS_GATE_FAIL;NEW_TRACK_CREATED
5581.78,RADAR_B,RADAR_B-T2846,False,2,GT-0234,927.8533488313285,4.587453183796375,2.4297136714836256,22.5,22.5,1.0,0.0,0.0,83.00313334548915,GT-0234,,True,ACCEPTED
5583.56,RADAR_A,RADAR_A-T6687,False,2,GT-0234,369.87010760463727,23.54396858241168,1.1828031536269157,22.5,22.5,1.0,0.0,2.4297136714836256,59.12916860612191,GT-0234,,True,ACCEPTED
5584.51,RADAR_C,RADAR_C-T6132,True,2,GT-0234,954.6950180436118,15.137216436452615,1.8715248435540013,22.5,22.5,1.0,0.0,1.1828031536269157,61.45122936778196,GT-0234,,True,ACCEPTED
5585.83,RADAR_A,RADAR_A-T6687,True,2,GT-0234,817.6426808837698,17.77007291697984,2.2413196349940203,22.5,22.5,1.0,0.0,1.8715248435540013,62.27083827567294,GT-0234,,True,ACCEPTED
5588.09,RADAR_A,RADAR_A-T6687,True,2,GT-0234,1349.0913354115871,19.007469334277697,7.112060089806785,22.5,22.5,1.0,0.0,2.2413196349940203,61.0878116348137,GT-0234,,True,ACCEPTED
5591.72,RADAR_B,RADAR_B-T6929,False,2,GT-0234,1665.6384446788625,24.11738895830173,7.933218067371781,22.5,22.5,1.0,0.01853433483011308,7.112060089806785,66.00418738948447,GT-0234,,True,ACCEPTED
5597.97,RADAR_B,RADAR_B-T6929,True,2,GT-0234,2196.451829010688,21.97462505813678,11.692605190815984,22.5,22.5,1.0,0.04704776898695349,7.933218067371781,73.10903449286356,GT-0234,,True,ACCEPTED
5598.19,RADAR_A,RADAR_A-T3465,False,2,GT-0234,1913.5105038304291,16.994888831289376,12.699942924444272,22.5,22.5,1.0,0.13251496836982918,11.692605190815984,65.7742607521613,GT-0234,,True,ACCEPTED
5603.06,RADAR_B,RADAR_B-T6929,True,2,GT-0234,980.7418926018566,24.220345569699727,2.8761890486015775,22.5,22.5,1.0,0.21767769010326787,12.699942924444272,66.88222112602169,GT-0234,,True,ACCEPTED
5604.78,RADAR_C,RADAR_C-T7183,False,2,GT-0234,959.5802793840504,47.53336626798606,3.9792735675491606,22.5,22.5,1.0,0.1741421520826143,2.8761890486015775,64.38365985305889,GT-0234,,True,ACCEPTED
5606.62,RADAR_A,RADAR_A-T5970,False,2,GT-0234,189.23815731176242,33.54478371805361,0.4701293380232541,22.5,22.5,1.0,0.13931372166609143,3.9792735675491606,63.291434439350084,GT-0234,,True,ACCEPTED
5608.82,RADAR_A,RADAR_A-T5970,True,1,GT-0234,1421.4298536204094,16.655868269793856,6.6569588778870274,22.5,22.5,1.0,0.11145097733287315,0.4701293380232541,62.13391220040319,GT-0234,,True,ACCEPTED
5614.17,RADAR_B,RADAR_B-T4692,False,1,GT-0234,1910.8526559734846,33.94937983211531,12.343929623156377,22.5,22.5,1.0,0.10011009649774899,6.6569588778870274,69.42279680740265,GT-0234,,True,ACCEPTED
5616.3,RADAR_B,RADAR_B-T4692,True,1,GT-0234,378.72862517026914,7.877461327743061,0.5068086936577803,22.5,22.5,1.0,0.18582023758413885,12.343929623156377,58.04330543500859,GT-0234,,True,ACCEPTED
5620.42,RADAR_B,RADAR_B-T4692,True,1,GT-0234,849.6156381755466,7.9379344972686035,2.264919067753452,22.5,22.5,1.0,0.1486561900673111,0.5068086936577803,65.62513950926703,GT-0234,,True,ACCEPTED
5624.32,RADAR_A,RADAR_A-T2318,False,1,GT-0234,483.5279295099445,27.17625321638413,2.6233236570986,22.5,22.5,1.0,0.11892495205384888,2.264919067753452,58.842648824453796,GT-0234,,True,ACCEPTED
5625.13,RADAR_B,RADAR_B-T4692,True,1,GT-0234,730.692159614053,10.67484664320226,2.235687279402798,22.5,22.5,1.0,0.09513996164307911,2.6233236570986,55.967166342207946,GT-0234,,True,ACCEPTED
5628.57,RADAR_B,RADAR_B-T4692,True,1,GT-0234,1099.0334299963351,29.508359852255875,3.8644134479206045,22.5,22.5,1.0,0.07611196931446329,2.235687279402798,62.207597542179585,GT-0234,,True,ACCEPTED
5628.67,RADAR_A,RADAR_A-T7071,False,1,GT-0234,1177.761793062988,9.976901023572047,4.035857092195814,22.5,22.5,1.0,0.060889575451570636,3.8644134479206045,60.751321631479996,GT-0234,,True,ACCEPTED
5629.86,RADAR_C,RADAR_C-T6172,False,1,GT-0234,1433.7386064574994,36.89444528982002,7.13008029279775,22.5,22.5,1.0,0.048711660361256515,4.035857092195814,65.0726241543804,GT-0234,,True,ACCEPTED
5630.93,RADAR_A,RADAR_A-T7071,True,1,GT-0234,1205.956825079395,9.710829777324067,4.3149920606445,22.5,22.5,1.0,0.05780399983563438,7.13008029279775,59.596874481967134,GT-0234,,True,ACCEPTED
5637.37,RADAR_A,RADAR_A-T5265,False,1,GT-0234,2347.3476406505906,22.42563999740764,15.922471171895182,22.5,22.5,1.0,0.04624319986850751,4.3149920606445,74.36411788411812,GT-0234,,True,ACCEPTED
5637.63,RADAR_B,RADAR_B-T9101,False,1,GT-0234,2114.7118758954343,6.960219256737788,15.063920596252753,22.5,22.5,1.0,0.2023690794263924,15.922471171895182,65.40101294595168,GT-0234,,True,ACCEPTED
5639.25,RADAR_A,RADAR_A-T5265,True,1,GT-0234,210.1976842492552,17.72182787678909,0.6008393288054319,22.5,22.5,1.0,0.31296060681199317,15.063920596252753,58.34842646352226,GT-0234,,True,ACCEPTED
5642.11,RADAR_A,RADAR_A-T5265,True,1,GT-0234,603.467604526492,13.09991055313937,1.2939736161995623,22.5,22.5,1.0,0.25036848544959456,0.6008393288054319,61.202463162776,GT-0234,,True,ACCEPTED
5644.33,RADAR_A,RADAR_A-T5265,True,1,GT-0234,806.0517109751667,5.952457568691871,2.0511167581244996,22.5,22.5,1.0,0.20029478835967565,1.2939736161995623,56.85431826959894,GT-0234,,True,ACCEPTED
5645.03,RADAR_B,RADAR_B-T8915,False,1,GT-0234,550.9403755023925,15.143728935397016,3.260031264758411,22.5,22.5,1.0,0.16023583068774053,2.0511167581244996,55.19922235019333,GT-0234,,True,ACCEPTED
5647.81,RADAR_A,RADAR_A-T5265,True,1,GT-0234,607.0529661056808,13.373916262490356,1.3236357255374658,22.5,22.5,1.0,0.12818866455019243,3.260031264758411,59.17326751107266,GT-0234,,True,ACCEPTED
5653.62,RADAR_A,RADAR_A-T9728,False,1,GT-0234,1509.3768914153284,17.610889690258908,6.919652827086212,22.5,22.5,1.0,0.10255093164015394,1.3236357255374658,67.28401060162972,GT-0234,,True,ACCEPTED
5656.1,RADAR_A,RADAR_A-T9728,True,1,GT-0234,1530.0217324588468,5.575241995399072,6.8033582113034985,22.5,22.5,1.0,0.0973682924302267,6.919652827086212,60.97933606918904,GT-0234,,True,ACCEPTED
5658.29,RADAR_A,RADAR_A-T9728,True,1,GT-0234,1453.7247055275075,32.820026319102226,11.517292653891865,22.5,22.5,1.0,0.09128393746590634,6.8033582113034985,66.10321966642312,GT-0234,,True,ACCEPTED
5659.61,RADAR_C,RADAR_C-T4097,False,1,GT-0234,1759.5060692206373,27.713271655822005,10.142976719262542,22.5,22.5,1.0,0.1649820275375895,11.517292653891865,65.59897091776445,GT-0234,,True,ACCEPTED
5662.41,RADAR_A,RADAR_A-T4014,False,1,GT-0234,2073.3577239628953,9.553713603869806,12.408280558696505,22.5,22.5,1.0,0.20103523401778065,10.142976719262542,69.31821883270591,GT-0234,,True,ACCEPTED
5664.3,RADAR_B,RADAR_B-T2823,False,1,GT-0234,1862.2154644460845,6.262057369186532,10.433640275954195,22.5,22.5,1.0,0.2676328631924996,12.408280558696505,63.60263664866576,GT-0234,,True,ACCEPTED
5664.75,RADAR_A,RADAR_A-T4014,True,1,GT-0234,1613.7625625452736,12.707205280108482,8.288498876714593,22.5,22.5,1.0,0.28800029515323633,10.433640275954195,61.95049356448836,GT-0234,,True,ACCEPTED
5666.57,RADAR_A,RADAR_A-T4014,True,1,GT-0234,2300.992176785202,11.467093081714543,15.81978964213167,22.5,22.5,1.0,0.2685418840678323,8.288498876714593,70.87801807303659,GT-0234,,True,ACCEPTED
5668.65,RADAR_B,RADAR_B-T2823,True,1,GT-0234,2366.7508962226666,11.531113208326305,17.441997621904076,22.5,22.5,1.0,0.3784966679564604,15.81978964213167,71.4818382346731,GT-0234,,True,ACCEPTED
5672.07,RADAR_C,RADAR_C-T4097,True,1,GT-0234,2175.5751345061476,15.682645373490411,8.503001026275328,22.5,22.5,1.0,0.4934972947302363,17.441997621904076,67.38805428493053,GT-0234,,True,ACCEPTED
5672.93,RADAR_B,RADAR_B-T2823,True,1,GT-0234,2512.162466908478,20.496710776589534,16.607349265978044,22.5,22.5,1.0,0.4365145195554445,8.503001026275328,74.59825425333383,GT-0234,,True,ACCEPTED
5673.62,RADAR_A,RADAR_A-T9217,False,1,GT-0234,2506.2355618906536,12.291176070457423,17.970859716754564,22.5,22.5,1.0,0.526000770077323,16.607349265978044,73.65000724054103,GT-0234,,True,ACCEPTED
5676.35,RADAR_A,RADAR_A-T9217,True,1,GT-0234,2572.6532220671147,18.92213000602018,18.364484820732205,22.5,33.66566900413982,1.0,0.6203149446744346,17.970859716754564,74.21727659693227,GT-0234,,True,ACCEPTED
5678.67,RADAR_B,RADAR_B-T2823,True,1,GT-0234,3314.9628683551173,16.25825937122587,26.196274838103623,22.5,35.03253520331186,1.0,0.6962519557395477,18.364484820732205,82.61736699983535,GT-0234,,True,ACCEPTED
5681.99,RADAR_B,RADAR_B-T2823,True,1,GT-0234,3381.6964744491415,54.71453629236195,25.889114733398532,22.5,36.12602816264949,1.8,0.7570015645916381,26.196274838103623,86.04095519917887,GT-0234,,True,ACCEPTED
5686.7,RADAR_B,RADAR_B-T2823,True,1,GT-0234,3348.962630319828,12.676196860702483,27.240824988095774,22.5,37.00082253011959,3.24,0.8056012516733106,25.889114733398532,89.49581281020474,GT-0234,,True,ACCEPTED
5688.15,RADAR_A,RADAR_A-T2329,False,1,GT-0234,3160.691315891815,15.930614058465123,27.245753721080035,22.5,37.700658024095674,5.832000000000001,0.8444810013386486,27.240824988095774,82.88532198015812,GT-0234,,True,ACCEPTED
5690.94,RADAR_B,RADAR_B-T2823,True,1,GT-0234,84.4395860896385,67.73632769551844,0.7829860789090682,22.5,38.26052641927654,10.497600000000002,0.8755848010709189,27.245753721080035,65.0772470274603,GT-0234,,True,ACCEPTED
5693.34,RADAR_A,RADAR_A-T2632,False,1,GT-0234,220.0638253363789,57.66437080756873,1.82962443811885,22.5,35.10842113542123,12.0,0.7004678408567351,0.7829860789090682,63.20987359110828,GT-0234,,True,ACCEPTED
5694.23,RADAR_B,RADAR_B-T2823,True,1,GT-0234,691.0255873331736,9.701981954095285,1.687105086224395,22.5,22.5,12.0,0.5603742726853881,1.82962443811885,56.83612318513123,GT-0234,,True,ACCEPTED
5696.15,RADAR_A,RADAR_A-T2632,True,1,GT-0234,640.0560114714931,6.429867203028429,1.2153392276270483,22.5,22.5,12.0,0.4482994181483105,1.687105086224395,64.81717733082208,GT-0234,,True,ACCEPTED
5698.65,RADAR_A,RADAR_A-T2632,True,1,GT-0234,679.9846982619857,27.063562937379263,1.7752767651911339,22.5,22.5,12.0,0.3586395345186484,1.2153392276270483,61.49641355273216,GT-0234,,True,ACCEPTED
5701.28,RADAR_A,RADAR_A-T2632,True,1,GT-0234,403.60331092774436,29.461797791369417,1.1555431777998102,22.5,22.5,12.0,0.28691162761491873,1.7752767651911339,60.343581589685954,GT-0234,,True,ACCEPTED
5703.03,RADAR_A,RADAR_A-T2632,True,1,GT-0234,220.44310712892369,14.021644593874656,0.3531949987712818,22.5,22.5,12.0,0.229529302091935,1.1555431777998102,59.25912487678633,GT-0234,,True,ACCEPTED
5705.59,RADAR_B,RADAR_B-T6918,False,1,GT-0234,444.45417007207084,21.72017725921165,1.0078852305262045,22.5,22.5,10.8,0.18362344167354802,0.3531949987712818,60.91591671780197,GT-0234,,True,ACCEPTED
5705.74,RADAR_A,RADAR_A-T2632,True,1,GT-0234,957.779327555129,20.546475718143373,18.22908454708094,22.5,22.5,9.72,0.14689875333883842,1.0078852305262045,66.10832535829577,GT-0234,,True,ACCEPTED
5707.43,RADAR_A,RADAR_A-T2632,True,1,GT-0234,774.5968412235421,21.988308449489573,1.8984372136686392,22.5,22.5,9.72,0.31751900267107075,18.22908454708094,63.15123861228002,GT-0234,,True,ACCEPTED
5709.83,RADAR_A,RADAR_A-T2632,True,1,GT-0234,979.2590119109794,10.961319610052353,2.816603250199424,22.5,22.5,9.72,0.25401520213685663,1.8984372136686392,62.432839859725696,GT-0234,,True,ACCEPTED
5715.67,RADAR_A,RADAR_A-T2966,False,1,GT-0234,874.3444605074064,43.25477515825686,3.136163136996318,22.5,22.5,9.72,0.2032121617094853,2.816603250199424,66.802666727403,GT-0234,,True,ACCEPTED
5717.27,RADAR_A,RADAR_A-T2966,True,1,GT-0234,498.04196439575645,10.396666972232227,0.9707120826283512,22.5,22.5,8.748000000000001,0.16256972936758826,3.136163136996318,56.93286861319771,GT-0234,,True,ACCEPTED
5718.04,RADAR_C,RADAR_C-T2692,False,1,GT-0234,1192.1552832489115,20.335296606110813,3.5590808525513147,22.5,22.5,7.8732000000000015,0.13005578349407063,0.9707120826283512,61.99052501291324,GT-0234,,True,ACCEPTED
5721.27,RADAR_C,RADAR_C-T2692,True,1,GT-0234,2433.541139299059,111.0174060663485,7.876181404088621,22.5,22.5,7.085880000000001,0.1040446267952565,3.5590808525513147,74.26647163686216,GT-0234,,True,ACCEPTED
5721.35,RADAR_A,RADAR_A-T8017,False,1,GT-0234,1395.7952566562985,46.228530294729815,6.956289248790393,22.5,22.5,6.3772920000000015,0.1145053915043489,7.876181404088621,68.63697334157551,GT-0234,,True,ACCEPTED
5724.0,RADAR_A,RADAR_A-T8017,True,1,GT-0234,997.6406389536925,4.443205825608578,2.674132846950994,22.5,22.5,5.739562800000002,0.10754246734998565,6.956289248790393,61.1324380036885,GT-0234,,True,ACCEPTED
5726.78,RADAR_A,RADAR_A-T8017,True,1,GT-0234,1457.4054865785035,17.15876902182573,5.740856989161265,22.5,22.5,5.165606520000002,0.08603397387998853,2.674132846950994,65.61344470613498,GT-0234,,True,ACCEPTED
5729.46,RADAR_A,RADAR_A-T8017,True,1,GT-0234,1782.168153446,33.44703391004045,10.547301179970276,22.5,22.5,4.649045868000002,0.06882717910399082,5.740856989161265,68.5419452792227,GT-0234,,True,ACCEPTED
5731.58,RADAR_A,RADAR_A-T8017,True,1,GT-0234,1326.6104761233216,30.3245454651685,6.023019091825081,22.5,22.5,4.184141281200001,0.13085009628269728,10.547301179970276,63.32170667194577,GT-0234,,True,ACCEPTED
5734.29,RADAR_B,RADAR_B-T1712,False,1,GT-0234,1415.8883244273263,6.800028701851683,4.508789083914377,22.5,22.5,3.765727153080001,0.10506372855657586,6.023019091825081,63.38376585072554,GT-0234,,True,ACCEPTED
5736.77,RADAR_A,RADAR_A-T5850,False,1,GT-0234,1517.9495825006506,26.933090657423268,7.1362803591281985,22.5,22.5,3.3891544377720013,0.08405098284526069,4.508789083914377,68.55439886218768,GT-0234,,True,ACCEPTED
5741.34,RADAR_A,RADAR_A-T9662,False,1,GT-0234,1326.9152517560133,27.03837231958343,4.940957494299818,22.5,22.5,3.0502389939948014,0.08617879226167853,7.1362803591281985,64.49114882255319,GT-0234,,True,ACCEPTED
5743.55,RADAR_C,RADAR_C-T2087,False,1,GT-0234,1144.630018840161,28.60374583077387,2.623307418752603,22.5,22.5,2.7452150945953213,0.06894303380934283,4.940957494299818,63.02863052728992,GT-0234,,True,ACCEPTED
5746.66,RADAR_A,RADAR_A-T7690,False,1,GT-0234,1513.0877766335561,24.087619697103023,6.922622309885132,22.5,22.5,2.4706935851357894,0.055154427047474266,2.623307418752603,68.2235871550322,GT-0234,,True,ACCEPTED
5747.98,RADAR_B,RADAR_B-T9933,False,1,GT-0234,1079.5050089001359,5.934467678202544,3.33401091432442,22.5,22.5,2.2236242266222104,0.059500580136064955,6.922622309885132,55.879088332835224,GT-0234,,True,ACCEPTED
5749.18,RADAR_A,RADAR_A-T7690,True,1,GT-0234,1745.048614037643,3.910958446378293,8.206153440401291,22.5,22.5,2.001261803959989,0.047600464108851964,3.33401091432442,63.162103683988974,GT-0234,,True,ACCEPTED
5751.17,RADAR_A,RADAR_A-T7690,True,1,GT-0234,1772.6888453594888,13.845503693893722,8.854510027615262,22.5,22.5,1.8011356235639904,0.07484959529376976,8.206153440401291,64.0408770252908,GT-0234,,True,ACCEPTED
5753.43,RADAR_A,RADAR_A-T7690,True,1,GT-0234,1516.0030872145855,25.618542447290466,6.333524603282958,22.5,22.5,1.6210220612075914,0.10745484336193686,8.854510027615262,64.58305932591499,GT-0234,,True,ACCEPTED
5755.4,RADAR_C,RADAR_C-T2087,True,1,GT-0234,1134.1051669115182,28.263467174667444,4.67479935890579,22.5,22.5,1.4589198550868323,0.0915226180775988,6.333524603282958,61.815679961806495,GT-0234,,True,ACCEPTED
5758.25,RADAR_A,RADAR_A-T9987,False,1,GT-0234,1803.4374814398584,17.21493147040779,9.492995914376097,22.5,22.5,1.3130278695781492,0.07321809446207904,4.67479935890579,68.26518371685236,GT-0234,,True,ACCEPTED
5760.17,RADAR_A,RADAR_A-T9987,True,1,GT-0234,416.9353432004794,8.239967675683136,0.7761526922452716,22.5,22.5,1.1817250826203343,0.11679107414259819,9.492995914376097,55.370303149665915,GT-0234,,True,ACCEPTED
5760.36,RADAR_B,RADAR_B-T8576,False,1,GT-0234,746.1837230990113,35.81070485040653,5.993443762117716,22.5,22.5,1.063552574358301,0.09343285931407856,0.7761526922452716,61.89326762205869,GT-0234,,True,ACCEPTED
5762.61,RADAR_A,RADAR_A-T9987,True,1,GT-0234,440.07483337956614,10.496114564576594,0.6585698614785749,22.5,22.5,1.0,0.07474628745126286,5.993443762117716,59.915535567743056,GT-0234,,True,ACCEPTED
5762.96,RADAR_C,RADAR_C-T2087,True,1,GT-0234,1185.3653712102564,21.92993881108576,8.089072674992499,22.5,22.5,1.0,0.05979702996101029,0.6585698614785749,61.35464869556471,GT-0234,,True,ACCEPTED
5764.44,RADAR_B,RADAR_B-T8576,True,1,GT-0234,385.1609680160308,39.49005216840196,14.316499173132012,22.5,22.5,1.0,0.08265550188534988,8.089072674992499,68.17191654897024,GT-0234,,True,ACCEPTED
5764.67,RADAR_A,RADAR_A-T9987,True,1,GT-0234,548.0591441923442,16.952313223606712,5.671443393426272,22.5,22.5,1.0,0.20473272106048013,14.316499173132012,56.56372109819287,GT-0234,,True,ACCEPTED
5768.77,RADAR_B,RADAR_B-T8576,True,1,GT-0234,315.5311430074936,17.54576483500075,0.9379753051558872,22.5,22.5,1.0,0.16378617684838412,5.671443393426272,57.84762860561509,GT-0234,,True,ACCEPTED
5769.35,RADAR_A,RADAR_A-T3007,False,1,GT-0234,477.39757812204016,21.183652757716906,2.143055929017116,22.5,22.5,1.0,0.1310289414787073,0.9379753051558872,57.661592368889266,GT-0234,,True,ACCEPTED
5772.79,RADAR_A,RADAR_A-T3007,True,1,GT-0234,157.7003399198359,12.687943753550197,0.4859286142380886,22.5,22.5,1.0,0.10482315318296585,2.143055929017116,56.87970971145827,GT-0234,,True,ACCEPTED
5773.92,RADAR_B,RADAR_B-T8576,True,1,GT-0234,154.27247612286962,34.80780676477092,7.165038991977891,22.5,22.5,1.0,0.08385852254637269,0.4859286142380886,61.732814588229886,GT-0234,,True,ACCEPTED
5775.4,RADAR_A,RADAR_A-T3007,True,1,GT-0234,698.0201302967677,13.978523830642025,2.125085936382535,22.5,22.5,1.0,0.08650413457006301,7.165038991977891,57.19323181947132,GT-0234,,True,ACCEPTED
5777.54,RADAR_A,RADAR_A-T3007,True,1,GT-0234,388.626943777666,11.524381493479419,1.7190431240952804,22.5,22.5,1.0,0.06920330765605041,2.125085936382535,54.18620076847066,GT-0234,,True,ACCEPTED
5781.56,RADAR_A,RADAR_A-T1344,False,1,GT-0234,346.8880471926838,12.923136995387827,0.638167331844526,22.5,22.5,1.0,0.055362646124840334,1.7190431240952804,58.21053728864962,GT-0234,,True,ACCEPTED
5784.52,RADAR_A,RADAR_A-T1344,True,1,GT-0234,529.2109290300211,7.3007825689413375,0.7525441532335708,22.5,22.5,1.0,0.04429011689987227,0.638167331844526,61.199367554195796,GT-0234,,True,ACCEPTED
5785.23,RADAR_B,RADAR_B-T4284,False,1,GT-0234,217.95843183512252,31.817169535772116,21.220653130885275,22.5,22.5,1.0,0.03543209351989782,0.7525441532335708,71.96463362551606,GT-0234,,True,ACCEPTED
5786.83,RADAR_A,RADAR_A-T1344,True,1,GT-0234,597.9687072684454,12.280835735689745,3.7111922241433706,22.5,22.5,1.0,0.22834567481591828,21.220653130885275,54.218998726908026,GT-0234,,True,ACCEPTED
5787.71,RADAR_B,RADAR_B-T4284,True,1,GT-0234,645.6024305324925,3.19927394796778,1.5937714713244384,22.5,22.5,1.0,0.18267653985273463,3.7111922241433706,49.58384984276266,GT-0234,,True,ACCEPTED
5791.71,RADAR_A,RADAR_A-T6749,False,1,GT-0234,971.1404834320024,13.798615045152703,2.8061078739454555,22.5,22.5,1.0,0.14614123188218772,1.5937714713244384,66.29613985171162,GT-0234,,True,ACCEPTED
5793.22,RADAR_B,RADAR_B-T4284,True,1,GT-0234,699.0432518935537,16.902459054705943,1.8801278333393974,22.5,22.5,1.0,0.11691298550575019,2.8061078739454555,58.31493000518715,GT-0234,,True,ACCEPTED
5793.88,RADAR_A,RADAR_A-T6749,True,1,GT-0234,104.85589686214156,8.554707414808643,0.23568802402729538,22.5,22.5,1.0,0.09353038840460015,1.8801278333393974,56.43889871431176,GT-0234,,True,ACCEPTED
5795.5,RADAR_A,RADAR_A-T6749,True,1,GT-0234,652.9496672682548,12.208475857925235,2.0698639422984075,22.5,22.5,1.0,0.07482431072368012,0.23568802402729538,55.49640267772932,GT-0234,,True,ACCEPTED
5798.29,RADAR_A,RADAR_A-T6749,True,1,GT-0234,861.7428123324912,12.151294603298357,2.45220315704255,22.5,22.5,1.0,0.0598594485789441,2.0698639422984075,58.03959536449944,GT-0234,,True,ACCEPTED
5799.29,RADAR_B,RADAR_B-T4284,True,1,GT-0234,599.375230196355,21.870247708806556,3.6012299087584196,22.5,22.5,1.0,0.04788755886315528,2.45220315704255,58.53006053171618,GT-0234,,True,ACCEPTED
5801.49,RADAR_A,RADAR_A-T6749,True,1,GT-0234,927.3448442901463,11.814072326720632,2.833291714013628,22.5,22.5,1.0,0.03831004709052423,3.6012299087584196,57.74938695135607,GT-0234,,True,ACCEPTED
5803.97,RADAR_B,RADAR_B-T4284,True,1,GT-0234,398.78336672945363,25.862005575606663,3.4923777865091883,22.5,22.5,1.0,0.030648037672419384,2.833291714013628,57.75770240318554,GT-0234,,True,ACCEPTED
5804.43,RADAR_A,RADAR_A-T6749,True,1,GT-0234,842.3151421176563,26.23846602596836,15.80821681521963,22.5,22.5,1.0,0.024518430137935508,3.4923777865091883,65.9006290141617,GT-0234,,True,ACCEPTED
5806.63,RADAR_A,RADAR_A-T6749,True,1,GT-0234,971.9603723931316,29.841036008057145,3.4019143586983085,22.5,22.5,1.0,0.18308502436400892,15.80821681521963,63.11858067077642,GT-0234,,True,ACCEPTED
5809.54,RADAR_B,RADAR_B-T4284,True,1,GT-0234,1007.6020009699214,22.272925768281006,2.454243142539038,22.5,22.5,1.0,0.14646801949120714,3.4019143586983085,61.96183279879498,GT-0234,,True,ACCEPTED
5813.47,RADAR_A,RADAR_A-T3692,False,1,GT-0234,1117.9219708116843,33.09159652178403,3.231596414820886,22.5,22.5,1.0,0.11717441559296571,2.454243142539038,64.73918718378788,GT-0234,,True,ACCEPTED
5816.47,RADAR_A,RADAR_A-T3692,True,1,GT-0234,1361.505138102229,32.4756868435315,10.278438180016913,22.5,22.5,1.0,0.09373953247437257,3.231596414820886,64.48923655660244,GT-0234,,True,ACCEPTED
5818.25,RADAR_A,RADAR_A-T3692,True,1,GT-0234,1275.4942344795602,28.142145118079927,6.212717678344058,22.5,22.5,1.0,0.14629892897977995,10.278438180016913,62.29730161027176,GT-0234,,True,ACCEPTED
5818.28,RADAR_B,RADAR_B-T9214,False,1,GT-0234,715.0831757111554,16.301033818642033,4.5768472899783434,22.5,22.5,1.0,0.1205844378228916,6.212717678344058,55.97954763182063,GT-0234,,True,ACCEPTED
5820.67,RADAR_A,RADAR_A-T3692,True,1,GT-0234,646.5756707667371,14.831072210231738,1.3980306999513537,22.5,22.5,1.0,0.09646755025831329,4.5768472899783434,60.43763251796599,GT-0234,,True,ACCEPTED
5824.05,RADAR_A,RADAR_A-T3692,True,1,GT-0234,427.0214238138293,12.118097864784797,0.6578999810385786,22.5,22.5,1.0,0.07717404020665064,1.3980306999513537,59.88200243927648,GT-0234,,True,ACCEPTED
5826.98,RADAR_A,RADAR_A-T3692,True,1,GT-0234,155.0455981031321,25.309977887558976,1.3467829942832896,22.5,22.5,1.0,0.06173923216532051,0.6578999810385786,58.39763439009128,GT-0234,,True,ACCEPTED
5827.87,RADAR_B,RADAR_B-T4219,False,1,GT-0234,479.596931559203,17.799484950157957,2.28008109683381,22.5,22.5,1.0,0.04939138573225641,1.3467829942832896,56.29568722984001,GT-0234,,True,ACCEPTED
5829.66,RADAR_A,RADAR_A-T3692,True,1,GT-0234,1058.9479758789857,25.20859347370255,5.622882328273914,22.5,22.5,1.0,0.03951310858580513,2.28008109683381,60.13638923554618,GT-0234,,True,ACCEPTED
5832.41,RADAR_A,RADAR_A-T3692,True,1,GT-0234,648.9736244970886,18.31724409787729,2.7442313972453993,22.5,22.5,1.0,0.03161048686864411,5.622882328273914,57.46027835969479,GT-0234,,True,ACCEPTED
5832.94,RADAR_B,RADAR_B-T4219,True,1,GT-0234,457.69035369533736,8.741913641411971,0.8989360559269058,22.5,22.5,1.0,0.025288389494915287,2.7442313972453993,55.421782230680556,GT-0234,,True,ACCEPTED
5833.12,RADAR_C,RADAR_C-T5027,False,1,GT-0234,1094.1168629464833,23.080148599228558,17.49186012189033,22.5,22.5,1.0,0.020230711595932233,0.8989360559269058,67.2668603464272,GT-0234,,True,ACCEPTED
5835.24,RADAR_A,RADAR_A-T3692,True,1,GT-0234,786.5687930668136,18.29218601664845,2.0630805065794733,22.5,22.5,1.0,0.2077155713082513,17.49186012189033,61.29206215086396,GT-0234,,True,ACCEPTED
5837.38,RADAR_A,RADAR_A-T3692,True,1,GT-0234,748.4155528576254,6.689371797832452,1.5634631411619087,22.5,22.5,1.0,0.16617245704660105,2.0630805065794733,59.394176147932214,GT-0234,,True,ACCEPTED
5840.09,RADAR_A,RADAR_A-T3692,True,1,GT-0234,1437.468564352854,17.834350201379333,5.927356766266129,22.5,22.5,1.0,0.13293796563728086,1.5634631411619087,63.704246936440725,GT-0234,,True,ACCEPTED
5842.47,RADAR_A,RADAR_A-T3692,True,1,GT-0234,1372.0629463481891,10.669224149621435,5.676405809323727,22.5,22.5,1.0,0.1063503725098247,5.927356766266129,60.535268824239836,GT-0234,,True,ACCEPTED
5844.69,RADAR_B,RADAR_B-T7818,False,1,GT-0234,1075.9137420512027,50.79506223684969,12.175627168530749,22.5,22.5,1.0,0.08508029800785977,5.676405809323727,67.85899168904514,GT-0234,,True,ACCEPTED
5844.76,RADAR_A,RADAR_A-T3692,True,1,GT-0234,1046.8039442454397,14.84301674066021,3.7229215025250006,22.5,22.5,1.0,0.1709913578818003,12.175627168530749,58.47862198421882,GT-0234,,True,ACCEPTED
5845.17,RADAR_C,RADAR_C-T5027,True,1,GT-0234,1488.9731442428595,22.000488705621393,8.29125293480556,22.5,22.5,1.0,0.13679308630544026,3.7229215025250006,62.126558179594014,GT-0234,,True,ACCEPTED
5847.43,RADAR_A,RADAR_A-T3692,True,1,GT-0234,1117.7290562939895,5.698690588041837,3.4099823080019798,22.5,22.5,1.0,0.1476220179577782,8.29125293480556,58.837898789011795,GT-0234,,True,ACCEPTED
5850.28,RADAR_A,RADAR_A-T3692,True,1,GT-0234,1368.4559567313786,13.577142665103855,5.527896941268946,22.5,22.5,1.0,0.11809761436622257,3.4099823080019798,61.219531266775036,GT-0234,,True,ACCEPTED
5852.05,RADAR_A,RADAR_A-T3692,True,1,GT-0234,1001.1763094238777,18.991619173539284,4.696230964878441,22.5,22.5,1.0,0.09447809149297806,5.527896941268946,59.163661913032186,GT-0234,,True,ACCEPTED
5857.25,RADAR_A,RADAR_A-T2544,False,1,GT-0234,1702.3809849967492,23.53818045371915,7.985742450717423,22.5,22.5,1.0,0.07558247319438245,4.696230964878441,66.27781716455604,GT-0234,,True,ACCEPTED
5858.42,RADAR_C,RADAR_C-T9543,False,1,GT-0234,1862.557408262303,35.746654369205395,13.36372197126856,22.5,22.5,1.0,0.09356168606746301,7.985742450717423,68.47483241412198,GT-0234,,True,ACCEPTED
5859.91,RADAR_A,RADAR_A-T2544,True,1,GT-0234,1909.8549224736953,9.481815121289687,9.365377170438887,22.5,22.5,1.0,0.1975780483751131,13.36372197126856,65.22413440291807,GT-0234,,True,ACCEPTED
5862.32,RADAR_A,RADAR_A-T2544,True,1,GT-0234,2267.739413459249,13.558627678786788,14.429563107619206,22.5,22.5,1.0,0.2141520582074053,9.365377170438887,70.26232955489812,GT-0234,,True,ACCEPTED
5863.86,RADAR_B,RADAR_B-T8491,False,1,GT-0234,1914.8436330841396,6.845698993215742,9.453971399161011,22.5,22.5,1.0,0.3118143650262444,14.429563107619206,63.693147230157074,GT-0234,,True,ACCEPTED
5864.39,RADAR_A,RADAR_A-T2544,True,1,GT-0234,1956.752104890589,6.922827352853584,10.050748630081058,22.5,22.5,1.0,0.30701768200701235,9.453971399161011,64.59005301232816,GT-0234,,True,ACCEPTED
5868.6,RADAR_C,RADAR_C-T9543,True,1,GT-0234,2698.767837635427,82.49952201090099,14.448007703493051,22.5,22.5,1.0,0.31312662277362757,10.050748630081058,76.86382536162284,GT-0234,,True,ACCEPTED
5868.83,RADAR_A,RADAR_A-T1491,False,1,GT-0234,2775.791579237967,9.877203477874968,19.543845148139333,22.5,22.5,1.0,0.39130142661045286,14.448007703493051,78.24059220996239,GT-0234,,True,ACCEPTED
5871.29,RADAR_A,RADAR_A-T1491,True,1,GT-0234,2860.5071569201737,7.110213102372902,21.539708750939315,22.5,22.5,1.0,0.5130411412883623,19.543845148139333,75.64506183437447,GT-0234,,True,ACCEPTED
5873.68,RADAR_A,RADAR_A-T1491,True,1,GT-0234,2623.4060168188,5.258372507496326,17.33432455671579,22.5,33.48779243455242,1.0,0.6104329130306898,21.539708750939315,71.4611636987348,GT-0234,,True,ACCEPTED
5874.11,RADAR_B,RADAR_B-T9077,False,1,GT-0234,2570.468158788283,21.433483152585282,21.275471185980887,22.5,34.690531314656674,1.0,0.6772517397031483,17.33432455671579,75.53572359770351,GT-0234,,True,ACCEPTED
5876.03,RADAR_A,RADAR_A-T1491,True,1,GT-0234,509.381923402512,17.91604721671415,0.9366379279077638,22.5,35.85242505172534,1.8,0.7418013917625188,21.275471185980887,60.714039896703724,GT-0234,,True,ACCEPTED
5877.56,RADAR_C,RADAR_C-T9543,True,1,GT-0234,853.8922175713568,31.35530024898838,2.4271007319712643,22.5,22.5,1.8,0.593441113410015,0.9366379279077638,62.68095469897006,GT-0234,,True,ACCEPTED
5878.06,RADAR_A,RADAR_A-T1491,True,1,GT-0234,1180.0262598848378,14.053058929196826,3.8186453060932823,22.5,22.5,1.8,0.4747528907280121,2.4271007319712643,63.11708685204315,GT-0234,,True,ACCEPTED
5878.15,RADAR_B,RADAR_B-T9077,True,1,GT-0234,1164.4098916766545,40.93222775925595,12.704064173586637,22.5,22.5,1.8,0.3798023125824097,3.8186453060932823,67.0264627826801,GT-0234,,True,ACCEPTED
5881.19,RADAR_A,RADAR_A-T1491,True,1,GT-0234,1005.5655594034738,29.07554436227949,4.608117214916098,22.5,22.5,1.8,0.41557625295903844,12.704064173586637,62.33973370032064,GT-0234,,True,ACCEPTED
5883.74,RADAR_A,RADAR_A-T1491,True,1,GT-0234,1394.327341996288,13.599320269320996,6.262220782732578,22.5,22.5,1.8,0.33246100236723075,4.608117214916098,61.20352321813875,GT-0234,,True,ACCEPTED
5884.18,RADAR_B,RADAR_B-T9077,True,1,GT-0234,1477.1518321235992,4.778729548122954,6.617271654832332,22.5,22.5,1.8,0.2703391482726609,6.262220782732578,59.89202798771176,GT-0234,,True,ACCEPTED
5885.91,RADAR_A,RADAR_A-T1491,True,1,GT-0234,620.4835508520794,10.968016984115668,1.2575809630011794,22.5,22.5,1.8,0.22655917953200097,6.617271654832332,58.644855078039235,GT-0234,,True,ACCEPTED
5886.79,RADAR_C,RADAR_C-T9543,True,1,GT-0234,887.6789091439811,33.52312269048174,2.5514110061911666,22.5,22.5,1.62,0.1812473436256008,1.2575809630011794,63.60593226918318,GT-0234,,True,ACCEPTED
5888.74,RADAR_A,RADAR_A-T1491,True,1,GT-0234,699.4696530047692,11.245295268415056,1.3964572422975954,22.5,22.5,1.4580000000000002,0.14499787490048063,2.5514110061911666,61.40644367099209,GT-0234,,True,ACCEPTED
5893.67,RADAR_B,RADAR_B-T3004,False,1,GT-0234,1215.7623561497776,9.257018139142444,4.34471966925779,22.5,22.5,1.3122000000000003,0.11599829992038452,1.3964572422975954,63.17160163728818,GT-0234,,True,ACCEPTED
5895.89,RADAR_B,RADAR_B-T3004,True,1,GT-0234,888.4339163601524,21.874140763952276,3.620738119382823,22.5,22.5,1.1809800000000004,0.09279863993630762,4.34471966925779,59.670158733983,GT-0234,,True,ACCEPTED
5897.37,RADAR_A,RADAR_A-T1019,False,1,GT-0234,1368.084993305136,13.552557668319489,5.735906493161543,22.5,22.5,1.0628820000000003,0.0742389119490461,3.620738119382823,62.40460027917886,GT-0234,,True,ACCEPTED
5902.0,RADAR_A,RADAR_A-T4898,False,1,GT-0234,1607.9637578148865,9.312608047763442,6.991046794165418,22.5,22.5,1.0,0.05939112955923688,5.735906493161543,63.8798428543525,GT-0234,,True,ACCEPTED
5904.41,RADAR_A,RADAR_A-T4898,True,1,GT-0234,2135.445156378859,9.602020800261991,12.100732706367772,22.5,22.5,1.0,0.06403035021681314,6.991046794165418,67.58930565462762,GT-0234,,True,ACCEPTED
5906.21,RADAR_A,RADAR_A-T4898,True,1,GT-0234,1823.5877265298195,8.04294458029726,8.990452802603093,22.5,22.5,1.0,0.15290315861291337,12.100732706367772,63.687600155717256,GT-0234,,True,ACCEPTED
5910.76,RADAR_B,RADAR_B-T5955,False,1,GT-0234,3147.3489226237907,19.90475618631873,27.966529082316004,22.5,22.5,1.0,0.17216340693371557,8.990452802603093,85.36406131455522,,GT-0237,False,SOURCE_MAP_NOT_FOUND;MAHALANOBIS_GATE_FAIL;NEW_TRACK_CREATED
5911.1,RADAR_A,RADAR_A-T8872,False,2,GT-0237,417.8356811409458,18.350266838968423,0.5081644318565854,22.5,22.5,1.0,0.0,0.0,67.00032509577339,GT-0237,,True,ACCEPTED
5913.24,RADAR_C,RADAR_C-T9220,False,2,GT-0234,3284.2130942977356,20.53631186839437,22.15668291410698,22.5,22.5,1.0,0.17216340693371557,8.990452802603093,82.56325748954924,GT-0234,,True,ACCEPTED
5915.77,RADAR_A,RADAR_A-T3465,True,2,GT-0234,2973.8747835962818,25.40478679940172,24.22217544908543,22.5,22.5,1.0,0.3377307255469725,22.15668291410698,82.00048104638954,,GT-0238,False,MAHALANOBIS_GATE_FAIL;NEW_TRACK_CREATED
5916.84,RADAR_B,RADAR_B-T5955,True,3,GT-0238,465.1907180772581,9.335229556825887,0.5725217597343106,22.5,22.5,1.0,0.0,0.0,74.08527969872928,GT-0238,,True,ACCEPTED
5918.07,RADAR_A,RADAR_A-T3465,True,3,GT-0238,425.2483331084349,24.8943350339635,1.2275411470828868,22.5,22.5,1.0,0.0,0.5725217597343106,59.801034719382294,GT-0238,,True,ACCEPTED
5921.04,RADAR_A,RADAR_A-T3465,True,3,GT-0238,661.5455440343717,32.52441112813029,1.6990558964232871,22.5,22.5,1.0,0.0,1.2275411470828868,63.99368900103829,GT-0238,,True,ACCEPTED
5922.19,RADAR_B,RADAR_B-T5955,True,3,GT-0238,681.519626004892,28.004251634463255,5.366161401684077,22.5,22.5,1.0,0.0,1.6990558964232871,59.836455028579834,GT-0238,,True,ACCEPTED
5923.6,RADAR_A,RADAR_A-T3465,True,3,GT-0238,1534.0757593024753,4.679462218075156,6.463677341956006,22.5,22.5,1.0,0.0,5.366161401684077,62.154747134499225,GT-0238,,True,ACCEPTED
5925.29,RADAR_A,RADAR_A-T3465,True,3,GT-0238,1878.2791083227944,5.739515343040425,9.894224686358566,22.5,22.5,1.0,0.007727955699266771,6.463677341956006,64.35093630041327,GT-0238,,True,ACCEPTED
5927.79,RADAR_A,RADAR_A-T3465,True,3,GT-0238,1728.2969735502859,5.299949726654888,7.970441188771374,22.5,22.5,1.0,0.07108610933205618,9.894224686358566,62.36358626357031,GT-0238,,True,ACCEPTED
5929.94,RADAR_A,RADAR_A-T3465,True,3,GT-0238,2599.3401479946574,14.525692500002675,19.266834447439162,22.5,22.5,1.0,0.08970957394516785,7.970441188771374,74.44601980673986,GT-0238,,True,ACCEPTED
5932.33,RADAR_B,RADAR_B-T1339,False,3,GT-0238,2921.090457184211,6.271855920187776,23.358326375653274,22.5,22.5,1.0,0.2717676591561343,19.266834447439162,78.63808181479426,,GT-0239,False,SOURCE_MAP_NOT_FOUND;MAHALANOBIS_GATE_FAIL;NEW_TRACK_CREATED
5932.93,RADAR_A,RADAR_A-T3465,True,4,GT-0238,2503.6490772069596,13.754274884595173,16.85666087715794,22.5,22.5,1.0,0.2717676591561343,19.266834447439162,72.75966469686904,GT-0238,,True,ACCEPTED
5935.2,RADAR_A,RADAR_A-T3465,True,4,GT-0238,2896.2179784926566,4.261191130567493,22.19794524056424,22.5,22.5,1.0,0.3983584752775398,16.85666087715794,76.2921895089742,GT-0238,,True,ACCEPTED
5936.93,RADAR_B,RADAR_B-T1339,True,3,GT-0238,3027.1173473341473,27.74185196467292,26.925903875791217,22.5,22.5,1.0,0.5186867802220319,22.19794524056424,82.01140878603287,,GT-0240,False,MAHALANOBIS_GATE_FAIL;NEW_TRACK_CREATED
5937.99,RADAR_A,RADAR_A-T3465,True,4,GT-0240,638.6501130288581,25.19653822226333,1.0380502789970276,22.5,22.5,1.0,0.0,0.0,74.57710687283448,GT-0240,,True,ACCEPTED
5939.7,RADAR_A,RADAR_A-T3465,True,4,GT-0240,839.8341850689782,25.469439147623557,2.2579611815753755,22.5,22.5,1.0,0.0,1.0380502789970276,62.288821383508,GT-0240,,True,ACCEPTED
5942.35,RADAR_A,RADAR_A-T3465,True,3,GT-0240,915.0917043994789,61.832382997553445,5.278377790340438,22.5,22.5,1.0,0.0,2.2579611815753755,64.7159059226695,GT-0240,,True,ACCEPTED
5942.82,RADAR_C,RADAR_C-T5917,False,3,GT-0240,986.0316770537937,14.43205919961442,2.8408536739882058,22.5,22.5,1.0,0.0,5.278377790340438,58.563416095745396,GT-0240,,True,ACCEPTED
5944.74,RADAR_A,RADAR_A-T3465,True,2,GT-0240,1151.8938291044635,11.867561244169057,3.517414457177781,22.5,22.5,1.0,0.0,2.8408536739882058,59.95647581318995,GT-0240,,True,ACCEPTED
5946.8,RADAR_A,RADAR_A-T3465,True,2,GT-0240,1802.3254320284861,31.36053700433663,11.015748932911952,22.5,22.5,1.0,0.0,3.517414457177781,66.33825329927824,GT-0240,,True,ACCEPTED
5949.02,RADAR_A,RADAR_A-T3465,True,2,GT-0240,1957.8804487043446,5.596194691217564,9.41537639848647,22.5,22.5,1.0,0.08359581554853254,11.015748932911952,64.88272284159251,GT-0240,,True,ACCEPTED
5951.85,RADAR_A,RADAR_A-T3465,True,2,GT-0240,1993.4251465106586,15.285322334421197,10.104652678295775,22.5,22.5,1.0,0.12379959241360056,9.41537639848647,66.34302789076266,GT-0240,,True,ACCEPTED
