time,sensor,local_track_id,true_target,x,y,vx,vy,track_quality,sigma_pos_m,sigma_vel_mps
2.08,RADAR_A,RADAR_A-CLUT-8382,CLUTTER,-588.9820786965511,5974.874714257163,42.691839629510966,-206.42973247720957,1,1500.0,25.0
2.08,RADAR_A,RADAR_A-CLUT-5593,CLUTTER,3192.8569693562818,-128.44655274724028,-56.783119378682805,-38.99115330320842,6,370.9507534326998,6.1825125572116635
2.95,RADAR_A,RADAR_A-T7261,TARGET_2_MANEUVER,9974.953719419334,14824.574564107412,-101.6399086705346,-9.884052242554514,10,121.30990322456422,2.021831720409404
3.13,RADAR_A,RADAR_A-T6495,TARGET_1_LINEAR,682.9035838328995,9948.062462283422,99.83841660551258,1.799823997001367,13,52.46035864770422,0.8743393107950702
4.23,RADAR_A,RADAR_A-CLUT-4237,CLUTTER,-6380.333333161745,-869.5300693407025,-67.14563214235673,108.35528582274208,5,490.536420678438,8.1756070113073
5.04,RADAR_A,RADAR_A-T6495,TARGET_1_LINEAR,809.0037974149424,9874.891167554128,101.55452600246136,0.12166567081948088,12,69.3723258961401,1.1562054316023351
5.12,RADAR_A,RADAR_A-T7261,TARGET_2_MANEUVER,9521.248619643065,14814.718797771782,-97.64705391340122,-11.11568484993488,10,121.30990322456422,2.021831720409404
6.3,RADAR_A,RADAR_A-CLUT-3883,CLUTTER,6468.969333212347,17648.844600811688,-112.563377083394,-114.92341872353876,1,1500.0,25.0
7.32,RADAR_A,RADAR_A-T7261,TARGET_2_MANEUVER,9351.7979021811,14839.144107408558,-95.58367883342304,-16.126112787932854,12,69.3723258961401,1.1562054316023351
7.58,RADAR_A,RADAR_A-T6495,TARGET_1_LINEAR,968.8143350553491,10039.913268977396,98.71103947215047,0.3394647269355345,13,52.46035864770422,0.8743393107950702
8.12,RADAR_A,RADAR_A-CLUT-8246,CLUTTER,5313.503275415306,-72.67384626249441,76.00126629357165,19.440377764351975,1,1500.0,25.0
8.12,RADAR_A,RADAR_A-CLUT-1912,CLUTTER,4565.66295323088,-3188.6481497140376,11.19097862713019,79.68945719289032,5,490.536420678438,8.1756070113073
8.12,RADAR_A,RADAR_A-CLUT-4085,CLUTTER,5837.868164123194,7348.45100467769,-19.699369755897393,47.65618001404118,1,1500.0,25.0
8.34,RADAR_B,RADAR_B-T1923,TARGET_2_MANEUVER,9014.296173584942,15439.118241193082,-96.5696926845772,-20.316908282757346,10,121.30990322456422,2.021831720409404
9.36,RADAR_A,RADAR_A-T6495,TARGET_1_LINEAR,1137.221067511206,9928.11161692055,98.7704412152581,-1.1535287014752968,14,39.671283813750286,0.6611880635625048
9.67,RADAR_A,RADAR_A-CLUT-1786,CLUTTER,-5338.676243117798,5821.225043501181,-0.34071897913680044,58.300742651502375,5,490.536420678438,8.1756070113073
10.9,RADAR_B,RADAR_B-CLUT-1976,CLUTTER,19375.599025847598,8864.727077345704,69.58972940969852,-79.16062598843905,2,1134.321747974356,18.905362466239264
10.9,RADAR_B,RADAR_B-CLUT-8069,CLUTTER,21362.969947730053,10502.793998552826,103.16505793323569,2.8417944622365643,1,1500.0,25.0
10.9,RADAR_B,RADAR_B-CLUT-6845,CLUTTER,20705.67200676029,9952.706534470246,-58.389566917007386,157.95173955840232,1,1500.0,25.0
10.9,RADAR_B,RADAR_B-CLUT-9983,CLUTTER,37069.95192134428,13391.361809435573,-152.39486219343087,20.602652250318762,4,648.6736521905174,10.811227536508623
10.9,RADAR_B,RADAR_B-CLUT-5332,CLUTTER,19746.76591350394,6604.934588752901,-112.86397549016449,29.128683539413505,1,1500.0,25.0
10.9,RADAR_B,RADAR_B-CLUT-3108,CLUTTER,21195.681127671436,20872.980430697426,-105.68216667348756,-35.20690242021019,3,857.790551951732,14.296509199195533
11.07,RADAR_A,RADAR_A-T4802,TARGET_2_MANEUVER,8851.152733567484,14729.932287069802,-94.40309304074326,-23.74585376737854,12,69.3723258961401,1.1562054316023351
11.25,RADAR_A,RADAR_A-CLUT-4701,CLUTTER,-6638.474694680555,10150.183100939837,95.49158924585822,-44.42464443088377,5,490.536420678438,8.1756070113073
11.25,RADAR_A,RADAR_A-CLUT-7031,CLUTTER,5930.1936723872495,5117.648725758312,107.47921665472502,-144.98676670165776,4,648.6736521905174,10.811227536508623
11.25,RADAR_A,RADAR_A-CLUT-7704,CLUTTER,-2954.0974281621375,-2777.198508414517,34.347265824138745,30.371171870877237,6,370.9507534326998,6.1825125572116635
11.53,RADAR_A,RADAR_A-T6495,TARGET_1_LINEAR,1323.0714758215481,9913.851677648896,102.74163985485987,-2.1973994257427023,12,69.3723258961401,1.1562054316023351
12.04,RADAR_C,RADAR_C-CLUT-8549,CLUTTER,14506.600767456735,-14468.404727562222,101.53863255361819,-91.46717944675461,3,857.790551951732,14.296509199195533
12.04,RADAR_C,RADAR_C-CLUT-1730,CLUTTER,7967.761580610292,-16203.240147469554,56.92720859765583,284.44937036426205,4,648.6736521905174,10.811227536508623
12.04,RADAR_C,RADAR_C-CLUT-6543,CLUTTER,-1575.1326674449506,-18972.41545483179,19.766814967970202,134.92769088177505,3,857.790551951732,14.296509199195533
12.04,RADAR_C,RADAR_C-CLUT-5919,CLUTTER,6294.445636486035,-24588.519369584068,-152.78972583380693,-187.03393901286393,5,490.536420678438,8.1756070113073
12.04,RADAR_C,RADAR_C-CLUT-3215,CLUTTER,-16182.585546584229,-17534.368182819297,-125.01255600919993,-40.81471088254741,6,370.9507534326998,6.1825125572116635
12.04,RADAR_C,RADAR_C-CLUT-1354,CLUTTER,13455.06571639279,-6664.402379829694,-25.877711987685274,26.542784096182608,1,1500.0,25.0
12.04,RADAR_C,RADAR_C-CLUT-6229,CLUTTER,11119.467857138765,-17269.79110057928,-3.13152215746735,-31.696880961715227,4,648.6736521905174,10.811227536508623
12.04,RADAR_C,RADAR_C-CLUT-3060,CLUTTER,3992.9511065272186,475.9267704361248,-26.41357343527529,157.35335700066028,2,1134.321747974356,18.905362466239264
12.04,RADAR_C,RADAR_C-CLUT-7574,CLUTTER,-2492.2923591585904,21229.62950259247,-43.485347219726656,-27.394287471565796,4,648.6736521905174,10.811227536508623
12.04,RADAR_C,RADAR_C-CLUT-3306,CLUTTER,10654.034921056726,-28360.96761324586,92.82353039360348,-71.02476419467807,5,490.536420678438,8.1756070113073
12.79,RADAR_A,RADAR_A-T4802,TARGET_2_MANEUVER,8735.725359118693,14745.847225871314,-97.823405666125,-27.643794476679965,13,52.46035864770422,0.8743393107950702
13.88,RADAR_A,RADAR_A-CLUT-6555,CLUTTER,-976.0967880646585,859.4504059277024,-20.496765771198756,-6.109055945650736,3,857.790551951732,14.296509199195533
14.02,RADAR_A,RADAR_A-T6495,TARGET_1_LINEAR,1694.118750619021,9896.445447052138,97.86038430170076,-0.5062017616461997,14,39.671283813750286,0.6611880635625048
14.57,RADAR_A,RADAR_A-T4802,TARGET_2_MANEUVER,8677.208353101234,14728.679447217439,-95.81783695851244,-27.958634318059996,14,39.671283813750286,0.6611880635625048
14.92,RADAR_B,RADAR_B-T1923,TARGET_2_MANEUVER,8230.608568369744,15176.01450065776,-96.45787323255533,-27.842797909496383,8,212.13203435596427,3.5355339059327378
15.57,RADAR_C,RADAR_C-T3409,TARGET_1_LINEAR,2784.7260636944657,10287.894283286034,101.21404763507176,7.907436869192503,5,490.536420678438,8.1756070113073
15.79,RADAR_A,RADAR_A-CLUT-3941,CLUTTER,6538.629261131323,776.5041714557074,3.3881704613945574,43.93721460000372,6,370.9507534326998,6.1825125572116635
15.79,RADAR_A,RADAR_A-CLUT-7447,CLUTTER,3251.024258870309,5608.321021232747,60.21458522288458,-94.99723213907508,6,370.9507534326998,6.1825125572116635
16.07,RADAR_A,RADAR_A-T6495,TARGET_1_LINEAR,1872.6663550128965,9839.246314872813,97.91132350703282,-1.6094826489634317,12,69.3723258961401,1.1562054316023351
16.1,RADAR_A,RADAR_A-T4802,TARGET_2_MANEUVER,8521.632483094823,14619.026310699433,-94.33076393246851,-32.910675742764795,13,52.46035864770422,0.8743393107950702
16.14,RADAR_B,RADAR_B-CLUT-3732,CLUTTER,29294.35131307022,25096.805386448657,-73.8171749126134,17.91352798028755,1,1500.0,25.0
16.14,RADAR_B,RADAR_B-CLUT-3022,CLUTTER,14673.806143643975,9355.582881759057,93.19250061092843,-136.82624881890217,1,1500.0,25.0
16.14,RADAR_B,RADAR_B-CLUT-2025,CLUTTER,19681.312971646086,7243.706949926827,-71.70701618843802,3.8439870212471816,3,857.790551951732,14.296509199195533
16.14,RADAR_B,RADAR_B-CLUT-9080,CLUTTER,17361.949213745625,-2430.9919776846655,-42.48295604941465,-62.1473718312589,4,648.6736521905174,10.811227536508623
17.44,RADAR_A,RADAR_A-CLUT-7500,CLUTTER,7982.686601313928,12780.32499323842,-43.96836677318671,-108.21828302434346,5,490.536420678438,8.1756070113073
17.44,RADAR_A,RADAR_A-CLUT-9738,CLUTTER,4843.5891986067345,-7546.988490493821,-58.184645021624505,32.83438025556019,5,490.536420678438,8.1756070113073
17.44,RADAR_A,RADAR_A-CLUT-5500,CLUTTER,5433.676086613877,3266.8359564590082,-102.3224588975829,-34.563501197930755,2,1134.321747974356,18.905362466239264
17.44,RADAR_A,RADAR_A-CLUT-1545,CLUTTER,3623.3434424226843,8730.29976898124,15.653925058478265,-75.82518041027573,6,370.9507534326998,6.1825125572116635
17.44,RADAR_A,RADAR_A-CLUT-4122,CLUTTER,4388.588947152953,4175.314649200045,13.780350912883,80.64032034346077,6,370.9507534326998,6.1825125572116635
17.44,RADAR_A,RADAR_A-CLUT-1534,CLUTTER,7130.544480660412,-7533.419446929947,30.99454972674081,-22.39946414995838,2,1134.321747974356,18.905362466239264
18.01,RADAR_A,RADAR_A-T6495,TARGET_1_LINEAR,2020.1732973781066,9922.907156990079,97.93912413014736,-1.4466011558784513,13,52.46035864770422,0.8743393107950702
18.32,RADAR_A,RADAR_A-T4802,TARGET_2_MANEUVER,8268.958844066326,14533.458664306081,-92.77776630568373,-40.102903759119314,12,69.3723258961401,1.1562054316023351
18.69,RADAR_C,RADAR_C-T1378,TARGET_2_MANEUVER,8633.194842585799,15291.695485088425,-99.00319715347138,-31.736529516386298,7,280.51833803078955,4.6753056338464924
20.29,RADAR_A,RADAR_A-T4802,TARGET_2_MANEUVER,8111.32142568966,14429.916706187918,-90.93173406082843,-40.173607479605025,13,52.46035864770422,0.8743393107950702
20.32,RADAR_C,RADAR_C-CLUT-8715,CLUTTER,-488.5824567422409,-519.766966280078,-69.35765998624147,6.9374933404768635,1,1500.0,25.0
20.32,RADAR_C,RADAR_C-CLUT-9287,CLUTTER,2648.2482453030334,-10001.319070167177,-41.00376637250167,-14.988554654776557,6,370.9507534326998,6.1825125572116635
20.32,RADAR_C,RADAR_C-CLUT-5209,CLUTTER,13921.97843623381,-21658.606845891063,-55.65731169299215,186.36782436971842,4,648.6736521905174,10.811227536508623
20.32,RADAR_C,RADAR_C-CLUT-4081,CLUTTER,35722.85703690992,-746.9529229707551,104.70227510114684,4.30646309709371,6,370.9507534326998,6.1825125572116635
20.32,RADAR_C,RADAR_C-CLUT-2646,CLUTTER,28736.578515103993,15010.270327031754,2.957401643928654,9.740688824754356,1,1500.0,25.0
20.32,RADAR_C,RADAR_C-CLUT-6950,CLUTTER,-16408.5268324316,23315.875591593373,71.5261989790095,9.73387493556579,5,490.536420678438,8.1756070113073
20.32,RADAR_C,RADAR_C-CLUT-2663,CLUTTER,1932.4879648384463,-19646.418983873744,-20.32157912135805,75.28167322993724,4,648.6736521905174,10.811227536508623
20.32,RADAR_C,RADAR_C-CLUT-9463,CLUTTER,-17744.84966261068,18922.864453995364,-70.1114994779807,54.42740623890601,6,370.9507534326998,6.1825125572116635
20.32,RADAR_C,RADAR_C-CLUT-5071,CLUTTER,-12776.043264202537,-11439.454269454882,-60.77384142020427,53.091707762627316,6,370.9507534326998,6.1825125572116635
20.32,RADAR_C,RADAR_C-CLUT-5536,CLUTTER,-21891.05439600385,-1656.9169333079728,189.54298406491975,111.63472657593482,6,370.9507534326998,6.1825125572116635
20.52,RADAR_A,RADAR_A-T6495,TARGET_1_LINEAR,2340.7536629922974,9971.338000478647,97.80486641342432,-0.6210639259864994,13,52.46035864770422,0.8743393107950702
20.61,RADAR_B,RADAR_B-CLUT-2440,CLUTTER,10229.348506049773,4647.194403661979,45.20994938820828,-24.858147995557523,3,857.790551951732,14.296509199195533
20.61,RADAR_B,RADAR_B-CLUT-3646,CLUTTER,15000.309174765163,-1248.7247416676164,122.59998203727768,0.8117220595019445,5,490.536420678438,8.1756070113073
20.95,RADAR_B,RADAR_B-T1923,TARGET_2_MANEUVER,7797.483014325477,14866.72165224799,-89.97812689787014,-44.862040959517714,10,121.30990322456422,2.021831720409404
21.44,RADAR_A,RADAR_A-CLUT-4518,CLUTTER,6295.001972035781,6280.556609505895,-119.69593232608014,-66.74504592324575,5,490.536420678438,8.1756070113073
21.44,RADAR_A,RADAR_A-CLUT-3244,CLUTTER,2987.8340337682193,3526.7804067219486,29.04925021956187,116.64202204514598,4,648.6736521905174,10.811227536508623
21.78,RADAR_B,RADAR_B-T2635,TARGET_1_LINEAR,2176.6284687757948,10143.48677644948,100.64473168912806,-2.753156518329025,11,91.73630764819175,1.528938460803196
22.65,RADAR_A,RADAR_A-T6495,TARGET_1_LINEAR,2533.3860114214476,9906.168816097192,98.60095670773087,-2.961099975936881,13,52.46035864770422,0.8743393107950702
22.92,RADAR_A,RADAR_A-T4802,TARGET_2_MANEUVER,7860.282076353122,14339.326823332902,-92.63107962199933,-45.41699116975934,13,52.46035864770422,0.8743393107950702
24.7,RADAR_A,RADAR_A-T6495,TARGET_1_LINEAR,2607.4585885985557,9734.739016957647,97.71510071748305,-3.689833419269944,12,69.3723258961401,1.1562054316023351
24.79,RADAR_A,RADAR_A-T4802,TARGET_2_MANEUVER,7599.955881719062,14372.623845790078,-84.41131922487197,-48.60062685741241,13,52.46035864770422,0.8743393107950702
25.21,RADAR_C,RADAR_C-T1378,TARGET_2_MANEUVER,8010.755826241257,14704.485851352454,-82.67208254358016,-44.098366924818485,9,160.417320008009,2.6736220001334834
25.45,RADAR_A,RADAR_A-CLUT-5555,CLUTTER,3320.2726729231063,-7081.000192671936,-118.79103185951098,66.89768631000018,2,1134.321747974356,18.905362466239264
25.81,RADAR_B,RADAR_B-T2635,TARGET_1_LINEAR,2260.0904757712965,10132.52404363672,98.28801931634328,-3.238155397387069,8,212.13203435596427,3.5355339059327378
26.5,RADAR_C,RADAR_C-T3409,TARGET_1_LINEAR,3248.5508712086503,10505.501199847771,93.77897103884112,-4.894412270568524,8,212.13203435596427,3.5355339059327378
26.65,RADAR_B,RADAR_B-CLUT-8641,CLUTTER,11465.116982717942,4637.176546353357,-71.11682608300991,62.22773364086628,1,1500.0,25.0
26.93,RADAR_A,RADAR_A-T6495,TARGET_1_LINEAR,2968.0063805965406,9855.169585704285,98.70648751801627,-1.3971960666559526,13,52.46035864770422,0.8743393107950702
26.98,RADAR_A,RADAR_A-T4802,TARGET_2_MANEUVER,7520.569773084614,14196.645785027678,-81.77180311649758,-54.03709846979717,12,69.3723258961401,1.1562054316023351
27.23,RADAR_A,RADAR_A-CLUT-6413,CLUTTER,17135.69159332953,10684.51332937714,-121.19394202960422,-64.08535923198592,2,1134.321747974356,18.905362466239264
27.23,RADAR_A,RADAR_A-CLUT-8557,CLUTTER,11932.903181344163,6628.224654504163,47.74897448594102,-18.58435949889356,2,1134.321747974356,18.905362466239264
27.23,RADAR_A,RADAR_A-CLUT-9119,CLUTTER,6806.495779953979,8814.074172188544,-122.34786564106871,-210.87742940713014,2,1134.321747974356,18.905362466239264
27.23,RADAR_A,RADAR_A-CLUT-6367,CLUTTER,-5503.824217944992,1380.5044039036393,-69.07948839719472,-2.496279115126718,5,490.536420678438,8.1756070113073
27.99,RADAR_C,RADAR_C-CLUT-3406,CLUTTER,-21347.206835360677,5176.0409087579,10.218764235543993,62.56219100593021,6,370.9507534326998,6.1825125572116635
27.99,RADAR_C,RADAR_C-CLUT-2902,CLUTTER,-31600.87737844634,-6302.483447021815,32.0461417142229,30.508226766422794,2,1134.321747974356,18.905362466239264
27.99,RADAR_C,RADAR_C-CLUT-6229,CLUTTER,27283.63121442691,14967.267455487166,109.24211700210125,227.62514197577525,3,857.790551951732,14.296509199195533
27.99,RADAR_C,RADAR_C-CLUT-6977,CLUTTER,-7165.414261011737,14137.219808599315,-52.66985709011295,106.98521450920049,1,1500.0,25.0
27.99,RADAR_C,RADAR_C-CLUT-2152,CLUTTER,14103.226470890477,-12559.050736716006,-120.87421838989472,-111.9342064981786,3,857.790551951732,14.296509199195533
27.99,RADAR_C,RADAR_C-CLUT-1944,CLUTTER,27791.41278753048,14881.119476493976,-164.27075068327372,-25.28663688983787,2,1134.321747974356,18.905362466239264
27.99,RADAR_C,RADAR_C-CLUT-4842,CLUTTER,369.6207169384344,18.84674754221797,-72.92938417231221,-71.73331954667053,3,857.790551951732,14.296509199195533
27.99,RADAR_C,RADAR_C-CLUT-6612,CLUTTER,2005.9066818342278,-1060.0865027113966,-24.743906071461197,-40.37557517964372,3,857.790551951732,14.296509199195533
27.99,RADAR_C,RADAR_C-CLUT-9625,CLUTTER,1707.4128327124095,4205.563899994194,25.14709465051444,143.6854663401346,4,648.6736521905174,10.811227536508623
28.56,RADAR_A,RADAR_A-T6495,TARGET_1_LINEAR,3086.983638582411,9840.224256623645,96.85417503182923,-3.929266557090786,12,69.3723258961401,1.1562054316023351
29.14,RADAR_A,RADAR_A-CLUT-5938,CLUTTER,4582.330386711222,17412.621903518877,129.81100304283336,13.168627624652432,1,1500.0,25.0
29.49,RADAR_A,RADAR_A-T4802,TARGET_2_MANEUVER,7274.45207162783,13950.255085053448,-81.39929477313035,-57.27852888168045,14,39.671283813750286,0.6611880635625048
29.68,RADAR_B,RADAR_B-T2635,TARGET_1_LINEAR,2992.051716525766,10349.9657439558,95.74744909285351,-5.325620669613114,10,121.30990322456422,2.021831720409404
30.2,RADAR_A,RADAR_A-T6495,TARGET_1_LINEAR,3187.5422294356867,9773.028842737393,100.4803657914053,-3.4623141276040608,12,69.3723258961401,1.1562054316023351
31.13,RADAR_A,RADAR_A-CLUT-4874,CLUTTER,3414.2516583388106,-3058.223421087543,-18.00801598070163,-67.38966445818748,4,648.6736521905174,10.811227536508623
31.13,RADAR_A,RADAR_A-CLUT-7353,CLUTTER,4000.4589785684425,6108.257777620918,127.88304896770731,64.17027668944955,4,648.6736521905174,10.811227536508623
31.13,RADAR_A,RADAR_A-CLUT-2565,CLUTTER,8330.156916834887,1015.4273896230875,-102.6516006757005,105.38262462220678,5,490.536420678438,8.1756070113073
31.39,RADAR_A,RADAR_A-T4802,TARGET_2_MANEUVER,7169.107311307667,13879.215061869498,-79.96557119028883,-62.42269813645649,14,39.671283813750286,0.6611880635625048
31.93,RADAR_C,RADAR_C-CLUT-7324,CLUTTER,1190.7316117054545,15149.297317254905,-48.45439999486384,-2.5633896544389496,1,1500.0,25.0
31.93,RADAR_C,RADAR_C-CLUT-3415,CLUTTER,-5402.076446007662,36589.879877656254,108.36808434864221,-97.70967339269973,6,370.9507534326998,6.1825125572116635
31.93,RADAR_C,RADAR_C-CLUT-6766,CLUTTER,-6286.362291636439,-332.3315302827188,92.96061634169683,62.58982162337307,2,1134.321747974356,18.905362466239264
31.93,RADAR_C,RADAR_C-CLUT-5908,CLUTTER,-2777.054751144334,569.5995392283018,-121.1064400995883,50.47004828769245,6,370.9507534326998,6.1825125572116635
31.93,RADAR_C,RADAR_C-CLUT-9605,CLUTTER,8511.13293667716,436.0179542137134,-121.52077802628982,113.08395237391375,5,490.536420678438,8.1756070113073
31.93,RADAR_C,RADAR_C-CLUT-5798,CLUTTER,-8332.858093421168,27800.761266239602,-65.69277665562691,43.001370157851404,2,1134.321747974356,18.905362466239264
31.93,RADAR_C,RADAR_C-CLUT-2953,CLUTTER,39220.366721306644,7568.362825352342,78.12355801230466,164.5161064524791,4,648.6736521905174,10.811227536508623
32.13,RADAR_B,RADAR_B-CLUT-7083,CLUTTER,11545.415670529164,-5290.246693712586,28.66756088608026,-95.72463428933492,2,1134.321747974356,18.905362466239264
32.13,RADAR_B,RADAR_B-CLUT-8226,CLUTTER,16244.152850838458,405.6053796837368,-137.45099923008286,-96.22425557162664,4,648.6736521905174,10.811227536508623
32.46,RADAR_A,RADAR_A-T6495,TARGET_1_LINEAR,3468.245574263018,9774.760362023682,99.01309117326635,-4.008219867217988,13,52.46035864770422,0.8743393107950702
32.79,RADAR_A,RADAR_A-CLUT-6533,CLUTTER,5750.579556460239,4615.4302676899915,-227.12629275883415,69.8902801659624,5,490.536420678438,8.1756070113073
32.79,RADAR_A,RADAR_A-CLUT-4326,CLUTTER,9382.47625778674,6859.954388524295,-2.432221322439882,6.655177337721144,2,1134.321747974356,18.905362466239264
33.69,RADAR_A,RADAR_A-T4802,TARGET_2_MANEUVER,6900.882428353908,13838.616954341893,-76.99935712895301,-63.015194198402206,12,69.3723258961401,1.1562054316023351
34.46,RADAR_A,RADAR_A-T6495,TARGET_1_LINEAR,3727.3355902926774,9855.938493896356,98.4530795766522,-1.1912823077908647,12,69.3723258961401,1.1562054316023351
35.27,RADAR_A,RADAR_A-T4802,TARGET_2_MANEUVER,6902.138799762573,13644.447752816804,-72.3774154168265,-68.25539257796449,12,69.3723258961401,1.1562054316023351
35.7,RADAR_B,RADAR_B-T2635,TARGET_1_LINEAR,3348.5592967369635,10218.004962495792,96.50702106156353,-0.6482294875876545,11,91.73630764819175,1.528938460803196
35.83,RADAR_B,RADAR_B-CLUT-8972,CLUTTER,23157.08434754215,17099.57136285658,51.67777302556296,30.483706712016783,3,857.790551951732,14.296509199195533
35.83,RADAR_B,RADAR_B-CLUT-3338,CLUTTER,11058.255863286473,6825.084779306193,-78.28707119909235,27.045352971172,1,1500.0,25.0
35.83,RADAR_B,RADAR_B-CLUT-2074,CLUTTER,31026.493088504434,16606.472730452617,-28.10176296885164,48.98657712020096,2,1134.321747974356,18.905362466239264
35.83,RADAR_B,RADAR_B-CLUT-2754,CLUTTER,20062.842960638976,9924.81909483409,28.227346731031503,-21.490173750927177,2,1134.321747974356,18.905362466239264
36.26,RADAR_A,RADAR_A-T6495,TARGET_1_LINEAR,3908.8595041821513,9924.14516425272,98.06973272482571,-1.3559914012822845,12,69.3723258961401,1.1562054316023351
38.25,RADAR_A,RADAR_A-CLUT-3892,CLUTTER,-5012.838387967358,-646.4926192223411,76.95897512574729,-18.960957601010218,5,490.536420678438,8.1756070113073
38.25,RADAR_A,RADAR_A-T4802,TARGET_2_MANEUVER,6613.902719061269,13437.798636415633,-72.80694547753187,-68.68837492894752,14,39.671283813750286,0.6611880635625048
38.25,RADAR_A,RADAR_A-CLUT-9446,CLUTTER,4359.701783202997,9699.810531772371,-6.653496864162833,96.93794387765502,4,648.6736521905174,10.811227536508623
38.25,RADAR_A,RADAR_A-CLUT-5516,CLUTTER,3362.428475599032,3352.5611214293704,-98.8290421337962,-43.137121264499626,4,648.6736521905174,10.811227536508623
39.05,RADAR_A,RADAR_A-T6495,TARGET_1_LINEAR,4208.883499910933,9860.973682818,96.79602423642439,-0.8358435837912949,14,39.671283813750286,0.6611880635625048
40.25,RADAR_A,RADAR_A-CLUT-5711,CLUTTER,6773.150455130512,2469.276018112624,10.080041523525384,-10.954799088752347,4,648.6736521905174,10.811227536508623
40.25,RADAR_A,RADAR_A-T4802,TARGET_2_MANEUVER,6516.145893575343,13272.631597628828,-67.25747305792885,-74.63891864153709,14,39.671283813750286,0.6611880635625048
40.29,RADAR_A,RADAR_A-T6495,TARGET_1_LINEAR,4236.388710127165,9867.315789063307,96.10107556634131,-2.940080522800221,12,69.3723258961401,1.1562054316023351
42.03,RADAR_B,RADAR_B-CLUT-5150,CLUTTER,8946.84854154956,22181.391748354432,-111.2475888745646,-115.77388749928542,5,490.536420678438,8.1756070113073
42.03,RADAR_B,RADAR_B-CLUT-4483,CLUTTER,7988.423254879397,10213.810628712868,-159.18524150393176,-53.990279714409404,2,1134.321747974356,18.905362466239264
42.03,RADAR_B,RADAR_B-CLUT-3837,CLUTTER,14322.321815505098,5435.911030504663,-58.99039227983668,-66.73478789860991,1,1500.0,25.0
42.03,RADAR_B,RADAR_B-CLUT-1864,CLUTTER,26261.182251007904,-896.3452822578838,-78.69406301012631,-100.18564478934572,1,1500.0,25.0
42.03,RADAR_B,RADAR_B-CLUT-8287,CLUTTER,31259.37435866967,16287.86676715589,41.82540303948345,-27.724883016549356,5,490.536420678438,8.1756070113073
42.03,RADAR_B,RADAR_B-CLUT-2782,CLUTTER,26446.60696773292,4842.693454646453,-2.5416938237404247,163.02860401893577,5,490.536420678438,8.1756070113073
42.31,RADAR_A,RADAR_A-T6495,TARGET_1_LINEAR,4478.51637504007,9836.9237998395,95.60728447742395,0.03415220690940024,12,69.3723258961401,1.1562054316023351
42.37,RADAR_A,RADAR_A-CLUT-8688,CLUTTER,11531.500331950927,6435.478356298423,6.360378589415823,5.228047687821066,4,648.6736521905174,10.811227536508623
42.7,RADAR_A,RADAR_A-T4802,TARGET_2_MANEUVER,6320.276806255202,13135.98621581591,-64.83892985147764,-77.35989104497189,13,52.46035864770422,0.8743393107950702
42.71,RADAR_C,RADAR_C-CLUT-2773,CLUTTER,166.50983530663697,263.0946289516759,-79.05763320492176,-34.66246464793781,1,1500.0,25.0
42.71,RADAR_C,RADAR_C-CLUT-8319,CLUTTER,-2476.371370794974,1887.2940536774597,-133.96610558304442,118.09814387290243,3,857.790551951732,14.296509199195533
42.71,RADAR_C,RADAR_C-CLUT-6420,CLUTTER,1553.8989839387432,3673.949254374608,22.277076235370956,1.8010379518181998,5,490.536420678438,8.1756070113073
42.71,RADAR_C,RADAR_C-CLUT-5862,CLUTTER,-36463.242524096146,-10707.109054830078,9.747557130596316,7.577140148582293,4,648.6736521905174,10.811227536508623
42.71,RADAR_C,RADAR_C-CLUT-2607,CLUTTER,-6196.630862223361,-28190.034741951593,-176.95950665776547,63.4972609661949,6,370.9507534326998,6.1825125572116635
42.71,RADAR_C,RADAR_C-CLUT-4791,CLUTTER,4890.013733838835,4650.178118992834,-41.20763868144316,68.27147510871009,5,490.536420678438,8.1756070113073
42.71,RADAR_C,RADAR_C-CLUT-5107,CLUTTER,8263.535586872045,-2343.4713444069957,-257.2845759405709,138.05550342518166,6,370.9507534326998,6.1825125572116635
42.71,RADAR_C,RADAR_C-CLUT-3666,CLUTTER,11140.926078732851,23362.35104196213,-182.20500854792675,-33.718922868121496,2,1134.321747974356,18.905362466239264
42.71,RADAR_C,RADAR_C-CLUT-9712,CLUTTER,-9435.974595332587,-15245.187707792833,-37.414082546370224,-140.36100623111344,1,1500.0,25.0
42.79,RADAR_B,RADAR_B-T6599,TARGET_2_MANEUVER,5707.166090279739,13682.230963765904,-61.80399640863462,-84.48059463309033,8,212.13203435596427,3.5355339059327378
43.39,RADAR_C,RADAR_C-T5444,TARGET_1_LINEAR,4858.805170533702,11328.060123832585,90.85199160602517,9.304062830847926,7,280.51833803078955,4.6753056338464924
43.78,RADAR_C,RADAR_C-T6969,TARGET_2_MANEUVER,6203.745850243417,13124.730877919646,-69.18483997232472,-78.91990113341592,6,370.9507534326998,6.1825125572116635
44.62,RADAR_A,RADAR_A-CLUT-8242,CLUTTER,15355.397013520824,549.2609409719962,6.384118724698648,13.36296005810841,6,370.9507534326998,6.1825125572116635
44.62,RADAR_A,RADAR_A-CLUT-9959,CLUTTER,8825.592664926658,3434.536296082938,33.391610458713366,98.7801531235836,5,490.536420678438,8.1756070113073
44.65,RADAR_A,RADAR_A-T6495,TARGET_1_LINEAR,4517.127314843251,9876.556031978904,97.20027928996453,-1.579769315966071,12,69.3723258961401,1.1562054316023351
44.8,RADAR_A,RADAR_A-T4802,TARGET_2_MANEUVER,6301.468195263754,13014.535197195717,-62.01089994355736,-78.66406354244786,14,39.671283813750286,0.6611880635625048
45.48,RADAR_B,RADAR_B-T3309,TARGET_1_LINEAR,4382.964763911951,10052.586267093307,97.56228242166164,-0.9001053313888546,10,121.30990322456422,2.021831720409404
46.31,RADAR_A,RADAR_A-CLUT-6515,CLUTTER,5420.90740458243,9635.536736100159,-114.57989241759144,-44.84361408623785,2,1134.321747974356,18.905362466239264
46.56,RADAR_A,RADAR_A-T6495,TARGET_1_LINEAR,4853.919146266678,9864.520771896807,97.74050370621688,0.18442644175487133,12,69.3723258961401,1.1562054316023351
46.94,RADAR_A,RADAR_A-T4802,TARGET_2_MANEUVER,6079.1740610158995,12787.407152905735,-56.488942789975404,-82.17661038235782,14,39.671283813750286,0.6611880635625048
47.27,RADAR_B,RADAR_B-T6599,TARGET_2_MANEUVER,5909.910842659115,12969.381623173713,-56.71093118581505,-82.79165006871433,8,212.13203435596427,3.5355339059327378
48.04,RADAR_B,RADAR_B-CLUT-1929,CLUTTER,5953.752112489063,3446.0497042813786,32.48448979424647,-31.880553430601097,4,648.6736521905174,10.811227536508623
48.04,RADAR_B,RADAR_B-CLUT-3819,CLUTTER,24892.88298984476,9114.860023912624,38.89369931726991,-51.40011066886004,1,1500.0,25.0
48.27,RADAR_A,RADAR_A-CLUT-9417,CLUTTER,-1624.9850993982654,-1955.5201160009574,-29.80550739011594,36.45496231317521,6,370.9507534326998,6.1825125572116635
48.28,RADAR_A,RADAR_A-T4802,TARGET_2_MANEUVER,6026.655229567689,12662.199008861786,-54.149194094866886,-87.28164561692576,12,69.3723258961401,1.1562054316023351
48.84,RADAR_A,RADAR_A-T6495,TARGET_1_LINEAR,5006.103258144338,9895.9024561234,97.73151928169469,-0.2919817235514184,14,39.671283813750286,0.6611880635625048
49.36,RADAR_B,RADAR_B-T3309,TARGET_1_LINEAR,4631.452362029947,10191.622084418725,97.32354649323322,-1.1916135239691825,11,91.73630764819175,1.528938460803196
50.36,RADAR_A,RADAR_A-T4802,TARGET_2_MANEUVER,5879.532837308284,12497.46592444722,-52.62522501610508,-85.5810500890237,14,39.671283813750286,0.6611880635625048
50.47,RADAR_A,RADAR_A-CLUT-8334,CLUTTER,4835.866121482793,1578.9663474657245,-11.620103540399086,-25.644766602094844,2,1134.321747974356,18.905362466239264
50.47,RADAR_A,RADAR_A-CLUT-5567,CLUTTER,1789.2518632218107,-408.8307976588976,-58.81608278105973,132.49666016458366,2,1134.321747974356,18.905362466239264
50.47,RADAR_A,RADAR_A-CLUT-6565,CLUTTER,4085.1452444544193,3480.5882047664886,143.70591411877479,63.75857461708952,2,1134.321747974356,18.905362466239264
50.53,RADAR_A,RADAR_A-T6495,TARGET_1_LINEAR,5275.644812987137,9845.69765839279,97.22930616849501,-1.2731547903737552,14,39.671283813750286,0.6611880635625048
50.57,RADAR_B,RADAR_B-T6599,TARGET_2_MANEUVER,5404.479305688336,12663.450313065201,-55.046063751463976,-88.38249385133798,11,91.73630764819175,1.528938460803196
51.71,RADAR_C,RADAR_C-CLUT-9562,CLUTTER,2923.8145621728654,-2393.396796853218,81.2749778850845,-32.27037967749461,1,1500.0,25.0
51.71,RADAR_C,RADAR_C-CLUT-9722,CLUTTER,950.7296629464149,1485.5001793835904,-113.36885927786159,-143.7486816746099,2,1134.321747974356,18.905362466239264
51.71,RADAR_C,RADAR_C-CLUT-6722,CLUTTER,1436.706683955769,-2508.584019272857,27.368483172033457,153.38073187408983,6,370.9507534326998,6.1825125572116635
51.71,RADAR_C,RADAR_C-CLUT-5409,CLUTTER,1982.874041159994,-3789.3511813096534,154.30751712174052,3.7222772746966903,5,490.536420678438,8.1756070113073
51.71,RADAR_C,RADAR_C-CLUT-9708,CLUTTER,28285.688079145915,25151.267066266668,63.59384911004472,107.93080840907436,2,1134.321747974356,18.905362466239264
51.71,RADAR_C,RADAR_C-CLUT-6803,CLUTTER,-21289.417594234026,-16325.099704697745,-55.25663407431361,13.215627276196551,5,490.536420678438,8.1756070113073
51.71,RADAR_C,RADAR_C-CLUT-2612,CLUTTER,-38577.29238414298,2269.5494828713017,-42.04242880840775,64.85030485328016,2,1134.321747974356,18.905362466239264
51.81,RADAR_A,RADAR_A-T4802,TARGET_2_MANEUVER,5786.027390954795,12254.453316699171,-49.91449499717852,-87.11983445302693,13,52.46035864770422,0.8743393107950702
52.52,RADAR_A,RADAR_A-T6495,TARGET_1_LINEAR,5411.176923923657,9874.999254230133,98.10393223135189,-2.600473605523057,13,52.46035864770422,0.8743393107950702
52.56,RADAR_A,RADAR_A-CLUT-1706,CLUTTER,9511.676887186171,-158.75774166461815,-41.00541259554322,-188.5867379679583,4,648.6736521905174,10.811227536508623
52.56,RADAR_A,RADAR_A-CLUT-6580,CLUTTER,-7799.303328092405,3831.510361230685,-28.854997558196736,-173.66892566669353,1,1500.0,25.0
52.78,RADAR_C,RADAR_C-T5444,TARGET_1_LINEAR,5671.901595660555,10145.670851045954,100.7643838218762,-8.445076598200854,7,280.51833803078955,4.6753056338464924
53.59,RADAR_B,RADAR_B-CLUT-8768,CLUTTER,8983.425565973395,6602.060219941755,-27.98813950225024,-16.20934140834556,3,857.790551951732,14.296509199195533
53.59,RADAR_B,RADAR_B-CLUT-8209,CLUTTER,2704.0878500155814,10668.761924071214,-5.441824942901942,125.51758951592504,4,648.6736521905174,10.811227536508623
53.59,RADAR_B,RADAR_B-CLUT-7249,CLUTTER,20959.530379709082,24133.02925438845,-12.627361683206654,-42.88654360966827,1,1500.0,25.0
53.59,RADAR_B,RADAR_B-CLUT-6873,CLUTTER,7816.520003215615,5145.316663118024,98.16276776390978,-126.44831526473352,1,1500.0,25.0
53.73,RADAR_B,RADAR_B-T3309,TARGET_1_LINEAR,4855.632070918799,9943.585524870488,93.12766852910445,-1.2145430164840705,8,212.13203435596427,3.5355339059327378
53.84,RADAR_A,RADAR_A-T4802,TARGET_2_MANEUVER,5760.185937164821,12187.479234790257,-48.20265319001994,-87.0951110241562,13,52.46035864770422,0.8743393107950702
54.41,RADAR_A,RADAR_A-CLUT-8211,CLUTTER,9697.290657297852,-467.76720852193375,6.888869460718232,-59.75386280561341,4,648.6736521905174,10.811227536508623
54.69,RADAR_A,RADAR_A-T6495,TARGET_1_LINEAR,5630.3584035594195,9891.13678519966,96.98496103206786,-2.860228759604013,12,69.3723258961401,1.1562054316023351
55.0,RADAR_B,RADAR_B-T6599,TARGET_2_MANEUVER,5713.866293131097,12465.050309943561,-41.44785887836578,-81.51062545773287,8,212.13203435596427,3.5355339059327378
55.75,RADAR_A,RADAR_A-T4802,TARGET_2_MANEUVER,5570.933580172751,11959.522456570423,-43.33132303662794,-91.00154568712676,12,69.3723258961401,1.1562054316023351
56.56,RADAR_A,RADAR_A-CLUT-1402,CLUTTER,12569.228613413281,3646.849746902851,-38.19285649542404,-21.491660264779405,5,490.536420678438,8.1756070113073
57.05,RADAR_A,RADAR_A-T6495,TARGET_1_LINEAR,5850.969165172284,9887.390555326636,95.47250305237637,-0.26823370844629163,13,52.46035864770422,0.8743393107950702
57.49,RADAR_A,RADAR_A-T4802,TARGET_2_MANEUVER,5498.122814985342,11788.309525672255,-38.036124685089256,-90.22765131332235,14,39.671283813750286,0.6611880635625048
58.01,RADAR_A,RADAR_A-CLUT-7571,CLUTTER,8077.435689042936,8239.0491431769,-12.224889365388753,120.65979225480014,1,1500.0,25.0
58.59,RADAR_B,RADAR_B-CLUT-4872,CLUTTER,23438.375075883567,18470.923635401632,-47.54798821916837,109.4463480390881,6,370.9507534326998,6.1825125572116635
58.59,RADAR_B,RADAR_B-CLUT-5261,CLUTTER,18127.978696186165,16814.10905106111,10.072111071596721,80.0408694206746,1,1500.0,25.0
58.59,RADAR_B,RADAR_B-CLUT-1632,CLUTTER,9982.709779868677,16452.287562451478,-42.21481555335675,176.67352729237638,5,490.536420678438,8.1756070113073
58.59,RADAR_B,RADAR_B-CLUT-6969,CLUTTER,29859.336917137865,13991.038470537944,-123.55470785985955,56.24521173928812,3,857.790551951732,14.296509199195533
58.59,RADAR_B,RADAR_B-CLUT-1096,CLUTTER,23030.60245306469,10159.235205045245,39.923906838637905,132.26477097428244,3,857.790551951732,14.296509199195533
58.59,RADAR_B,RADAR_B-CLUT-4663,CLUTTER,19821.11778445,8316.399666742525,-38.058864977173656,10.818336894134537,1,1500.0,25.0
58.79,RADAR_A,RADAR_A-T4802,TARGET_2_MANEUVER,5467.424741037228,11776.642299463647,-36.66569938747696,-94.36684928858288,14,39.671283813750286,0.6611880635625048
59.41,RADAR_A,RADAR_A-T6495,TARGET_1_LINEAR,6103.016668595028,9857.512629259101,98.12784428941148,-1.9285998308891683,13,52.46035864770422,0.8743393107950702
59.57,RADAR_B,RADAR_B-T6599,TARGET_2_MANEUVER,5059.733733839457,12070.444403572415,3.5785220298185543,9.61882578816137,10,121.30990322456422,2.021831720409404
59.95,RADAR_A,RADAR_A-CLUT-2381,CLUTTER,242.92789083039224,6326.138950384576,-53.691488541049715,-5.722976965161038,2,1134.321747974356,18.905362466239264
60.12,RADAR_B,RADAR_B-T3309,TARGET_1_LINEAR,6077.846533319306,10123.197451739452,99.44499058426838,-0.1327823232029406,10,121.30990322456422,2.021831720409404
60.69,RADAR_A,RADAR_A-T4802,TARGET_2_MANEUVER,5562.823621013466,12009.341879849913,38.09323857222657,92.83317653146041,9,160.417320008009,2.6736220001334834
60.93,RADAR_A,RADAR_A-T6495,TARGET_1_LINEAR,6215.201588948294,9886.795067396757,97.21672296612405,-1.7010484301872855,13,52.46035864770422,0.8743393107950702
61.76,RADAR_A,RADAR_A-CLUT-8338,CLUTTER,5309.011488202929,3007.315920954471,187.9260629360606,-57.283474902067226,6,370.9507534326998,6.1825125572116635
61.76,RADAR_A,RADAR_A-CLUT-2168,CLUTTER,15219.905929578916,15174.726259787389,102.28991104409181,52.290151038957205,1,1500.0,25.0
62.67,RADAR_A,RADAR_A-T4802,TARGET_2_MANEUVER,5773.241979476511,12031.170095156005,43.180877207783396,86.67674838308857,9,160.417320008009,2.6736220001334834
63.32,RADAR_A,RADAR_A-T6495,TARGET_1_LINEAR,6539.133251882735,9923.821288179393,97.75609238461904,-1.7981540023287956,13,52.46035864770422,0.8743393107950702
63.71,RADAR_A,RADAR_A-CLUT-2407,CLUTTER,1001.8885286969744,6221.053664865171,-125.2518425284477,-131.74910866342768,5,490.536420678438,8.1756070113073
63.71,RADAR_A,RADAR_A-CLUT-4443,CLUTTER,15192.155285688868,-3713.284281465203,74.92032933843905,87.7840150034967,6,370.9507534326998,6.1825125572116635
63.89,RADAR_B,RADAR_B-T6599,TARGET_2_MANEUVER,5671.043358984759,12448.919811044481,41.116316894516196,81.23327910606756,5,490.536420678438,8.1756070113073
64.02,RADAR_C,RADAR_C-CLUT-7487,CLUTTER,-14304.539616428536,879.937470647406,8.21719796577682,-49.374331680858546,1,1500.0,25.0
64.02,RADAR_C,RADAR_C-CLUT-9140,CLUTTER,1979.5567294206526,10790.3964282661,69.82299315756879,-91.40762155898103,5,490.536420678438,8.1756070113073
64.02,RADAR_C,RADAR_C-CLUT-9599,CLUTTER,30182.56765258815,-11126.55902185688,12.24271338995105,-28.672286041031082,6,370.9507534326998,6.1825125572116635
64.02,RADAR_C,RADAR_C-CLUT-3786,CLUTTER,-9842.13650639782,9224.924386223409,-122.04943426385996,77.7955198334408,2,1134.321747974356,18.905362466239264
64.02,RADAR_C,RADAR_C-CLUT-6409,CLUTTER,20889.46831464269,30041.03151500202,-47.15124758803543,118.31447506020444,6,370.9507534326998,6.1825125572116635
64.02,RADAR_C,RADAR_C-CLUT-1236,CLUTTER,5199.997778011396,-19734.932868759763,-97.99999109280405,30.28017191340165,1,1500.0,25.0
64.09,RADAR_B,RADAR_B-CLUT-2146,CLUTTER,27007.528364071975,16593.715196624107,-66.44972644357159,140.97021304632727,2,1134.321747974356,18.905362466239264
64.09,RADAR_B,RADAR_B-CLUT-8192,CLUTTER,13784.651350785865,4965.829124676832,8.883212077672537,11.072434732324874,3,857.790551951732,14.296509199195533
64.13,RADAR_C,RADAR_C-T6068,TARGET_2_MANEUVER,5059.670048325972,12603.82557964155,46.80502947817723,69.39366403004217,3,857.790551951732,14.296509199195533
64.58,RADAR_A,RADAR_A-T4802,TARGET_2_MANEUVER,5712.86051562095,12094.218649568069,50.79658942046126,86.53739740685914,9,160.417320008009,2.6736220001334834
65.46,RADAR_A,RADAR_A-T6495,TARGET_1_LINEAR,6631.724561905328,9894.320823632894,98.35779081904548,-1.3026492410881556,12,69.3723258961401,1.1562054316023351
65.8,RADAR_B,RADAR_B-T3309,TARGET_1_LINEAR,6273.777921106717,10108.938594430816,96.86590736352443,-0.525553019265809,12,69.3723258961401,1.1562054316023351
65.89,RADAR_A,RADAR_A-CLUT-6490,CLUTTER,14765.672843424902,13649.242443940966,145.87931754395527,-19.03206014153404,6,370.9507534326998,6.1825125572116635
65.89,RADAR_A,RADAR_A-CLUT-6555,CLUTTER,-5360.814189024151,8543.528568566267,-44.656682626545575,-14.565957607354118,4,648.6736521905174,10.811227536508623
65.89,RADAR_A,RADAR_A-CLUT-7354,CLUTTER,4715.101878985847,10200.083973780202,41.9021769246943,98.4448343095365,3,857.790551951732,14.296509199195533
66.69,RADAR_A,RADAR_A-T4802,TARGET_2_MANEUVER,5886.157181186092,12498.845452283289,51.08455177890497,88.13019623687299,12,69.3723258961401,1.1562054316023351
67.49,RADAR_A,RADAR_A-T6495,TARGET_1_LINEAR,6820.834076050532,9680.41254736576,94.94349378711397,-2.5582985130072013,12,69.3723258961401,1.1562054316023351
68.07,RADAR_B,RADAR_B-T6599,TARGET_2_MANEUVER,5647.7647103198,12889.717420197654,49.80283545109315,84.9894433477503,10,121.30990322456422,2.021831720409404
68.11,RADAR_A,RADAR_A-CLUT-6492,CLUTTER,-5088.442574320019,2802.154598931473,145.44087991576302,-63.43579978652805,2,1134.321747974356,18.905362466239264
68.11,RADAR_A,RADAR_A-CLUT-6398,CLUTTER,-9786.878539495787,3586.5698279365515,-11.80156516944449,-125.67051657007298,3,857.790551951732,14.296509199195533
68.11,RADAR_A,RADAR_A-CLUT-2860,CLUTTER,8414.943299218598,4027.4554673955527,54.99722318155884,-6.111170901346669,6,370.9507534326998,6.1825125572116635
68.37,RADAR_B,RADAR_B-CLUT-1656,CLUTTER,15742.060269389,6802.572997059429,86.31801841114424,-45.07851844731542,5,490.536420678438,8.1756070113073
68.37,RADAR_B,RADAR_B-CLUT-7312,CLUTTER,35485.45379516229,2266.0000618842478,-2.65242664399943,45.84751417951965,4,648.6736521905174,10.811227536508623
68.37,RADAR_B,RADAR_B-CLUT-7704,CLUTTER,19763.78517871377,12955.494860998342,-46.969221649611804,12.09848577334736,4,648.6736521905174,10.811227536508623
68.37,RADAR_B,RADAR_B-CLUT-7092,CLUTTER,15489.248215755488,19650.377018673225,157.0468707745204,65.61859186447873,4,648.6736521905174,10.811227536508623
68.37,RADAR_B,RADAR_B-CLUT-1694,CLUTTER,20403.265029152466,10149.012096934282,-23.31915370026816,-157.24447131812042,2,1134.321747974356,18.905362466239264
68.37,RADAR_B,RADAR_B-CLUT-6052,CLUTTER,31948.582275860444,8764.186162805378,7.07299021614501,-8.863318055022065,5,490.536420678438,8.1756070113073
68.37,RADAR_B,RADAR_B-CLUT-5584,CLUTTER,19197.69915429342,3800.521019876551,-80.70840260186631,-83.02546830056639,1,1500.0,25.0
68.37,RADAR_B,RADAR_B-CLUT-4629,CLUTTER,18314.668901659043,11128.2481716204,118.24541804155372,-42.230840489257055,2,1134.321747974356,18.905362466239264
68.61,RADAR_A,RADAR_A-T4802,TARGET_2_MANEUVER,5939.66996888215,12576.11321933424,56.30108165931732,86.35482472890986,13,52.46035864770422,0.8743393107950702
69.87,RADAR_A,RADAR_A-T6495,TARGET_1_LINEAR,7112.9784062664385,9868.054427168403,97.57949230781735,-1.7015103845661543,13,52.46035864770422,0.8743393107950702
70.51,RADAR_A,RADAR_A-CLUT-8378,CLUTTER,-5666.639774694562,9872.189196702297,116.26203808340357,-6.258452724681424,6,370.9507534326998,6.1825125572116635
70.52,RADAR_A,RADAR_A-T4802,TARGET_2_MANEUVER,6025.595807414948,12740.348238939574,54.1633129173533,81.11804819446479,14,39.671283813750286,0.6611880635625048
71.57,RADAR_B,RADAR_B-T3309,TARGET_1_LINEAR,6694.829777025987,10204.937280461136,95.13760319628513,0.9904952164183464,10,121.30990322456422,2.021831720409404
71.72,RADAR_A,RADAR_A-T6495,TARGET_1_LINEAR,7269.330342593546,9829.403151826253,95.85291772640194,0.26314729598754816,13,52.46035864770422,0.8743393107950702
72.51,RADAR_A,RADAR_A-T4802,TARGET_2_MANEUVER,6119.639062395207,12917.791603333075,59.9548240420564,78.90076444035961,14,39.671283813750286,0.6611880635625048
72.89,RADAR_A,RADAR_A-CLUT-2502,CLUTTER,2377.708376444489,-4458.41829930259,-107.47415736973565,-28.8025197595966,6,370.9507534326998,6.1825125572116635
72.89,RADAR_A,RADAR_A-CLUT-8194,CLUTTER,6724.597576632976,7181.848437220851,-79.71327865330508,4.348118283761331,6,370.9507534326998,6.1825125572116635
73.01,RADAR_B,RADAR_B-T6599,TARGET_2_MANEUVER,5815.780400055095,13324.852251786262,64.4774613804465,77.89837157009745,11,91.73630764819175,1.528938460803196
73.11,RADAR_C,RADAR_C-CLUT-6681,CLUTTER,-5017.300321971434,2556.6312025211446,208.37698327834855,31.643052360872744,4,648.6736521905174,10.811227536508623
73.11,RADAR_C,RADAR_C-CLUT-9212,CLUTTER,-18194.25279667905,-9667.896797782838,86.35304111660332,107.24351829188382,6,370.9507534326998,6.1825125572116635
73.11,RADAR_C,RADAR_C-CLUT-8161,CLUTTER,-27711.455216287875,3751.5900736960366,-16.391735775625232,54.60258260235258,5,490.536420678438,8.1756070113073
73.11,RADAR_C,RADAR_C-CLUT-2392,CLUTTER,-2300.7111691941377,4759.56981434914,120.40496308866639,-86.40020867057058,3,857.790551951732,14.296509199195533
73.11,RADAR_C,RADAR_C-CLUT-6095,CLUTTER,13465.4678779554,-7641.658392081985,108.56155382546382,22.44607393478188,6,370.9507534326998,6.1825125572116635
73.11,RADAR_C,RADAR_C-CLUT-7101,CLUTTER,9807.369297251327,-4565.230579609784,79.55200336708643,-21.401187011270384,3,857.790551951732,14.296509199195533
73.11,RADAR_C,RADAR_C-CLUT-7748,CLUTTER,1659.6209511574268,1520.7423047813788,128.27839010838596,-143.05328651562664,6,370.9507534326998,6.1825125572116635
73.11,RADAR_C,RADAR_C-CLUT-5589,CLUTTER,12677.076505436107,-1024.3332239753422,87.49523510794491,247.47436245367243,4,648.6736521905174,10.811227536508623
73.11,RADAR_C,RADAR_C-CLUT-7439,CLUTTER,682.5169524750261,-288.4900680631781,-30.03259571871695,-3.906386874696253,1,1500.0,25.0
73.11,RADAR_C,RADAR_C-CLUT-7596,CLUTTER,15162.251057956868,23318.10878422377,24.453245491407674,-58.500365505036555,2,1134.321747974356,18.905362466239264
73.62,RADAR_A,RADAR_A-T6495,TARGET_1_LINEAR,7489.930636690879,9836.75341245535,95.71921176497513,0.4061986909145955,14,39.671283813750286,0.6611880635625048
74.02,RADAR_B,RADAR_B-CLUT-4148,CLUTTER,15090.57107523188,21039.56258230992,-23.749806348592493,94.00188655686706,5,490.536420678438,8.1756070113073
74.02,RADAR_B,RADAR_B-CLUT-8978,CLUTTER,20682.898559931666,8890.957562964806,-27.304787696787862,42.76348907649523,4,648.6736521905174,10.811227536508623
74.02,RADAR_B,RADAR_B-CLUT-8399,CLUTTER,20860.897050307292,10428.90494303808,3.9462532635874896,57.79575881767835,3,857.790551951732,14.296509199195533
74.02,RADAR_B,RADAR_B-CLUT-2284,CLUTTER,22646.084158358808,15161.996641657362,59.9525691820064,1.7401747212768612,1,1500.0,25.0
74.02,RADAR_B,RADAR_B-CLUT-2831,CLUTTER,19414.423941717585,1032.7268118321135,-61.741971761081814,-42.52687067887657,4,648.6736521905174,10.811227536508623
74.32,RADAR_A,RADAR_A-T4802,TARGET_2_MANEUVER,6250.573375187237,13029.909470828374,61.686520258496195,75.66411141379102,14,39.671283813750286,0.6611880635625048
74.35,RADAR_C,RADAR_C-T6068,TARGET_2_MANEUVER,6397.704587565186,13514.467057704333,59.9996884389978,69.36260650641054,9,160.417320008009,2.6736220001334834
75.05,RADAR_A,RADAR_A-CLUT-3594,CLUTTER,-711.3793758287047,6547.027255607554,-30.479712474671263,43.70188876461327,3,857.790551951732,14.296509199195533
75.05,RADAR_A,RADAR_A-CLUT-4483,CLUTTER,-2326.734169636413,2601.5084587042215,70.44061311028315,39.68707970340518,1,1500.0,25.0
75.78,RADAR_A,RADAR_A-T6495,TARGET_1_LINEAR,7649.307896675344,9789.579921893635,94.59563503044623,-2.068298862108663,13,52.46035864770422,0.8743393107950702
76.04,RADAR_B,RADAR_B-T3309,TARGET_1_LINEAR,7520.706588469765,10477.657019840099,92.1662262925112,0.9868977100033224,9,160.417320008009,2.6736220001334834
76.43,RADAR_B,RADAR_B-T6599,TARGET_2_MANEUVER,5870.381093149772,13421.924405977494,65.6493677581978,75.75955167846962,10,121.30990322456422,2.021831720409404
76.78,RADAR_A,RADAR_A-T4802,TARGET_2_MANEUVER,6444.408674746936,13291.89793056006,65.6220961657526,78.04356781679232,14,39.671283813750286,0.6611880635625048
77.14,RADAR_A,RADAR_A-CLUT-7276,CLUTTER,10518.60459144174,6766.09636523769,-159.64254243613908,-108.68592122059795,4,648.6736521905174,10.811227536508623
77.14,RADAR_A,RADAR_A-CLUT-7606,CLUTTER,4975.366932827675,4901.072484336037,-86.37890570206787,6.809764583825188,2,1134.321747974356,18.905362466239264
77.14,RADAR_A,RADAR_A-CLUT-8419,CLUTTER,-8076.822265893959,-1823.672725296352,127.59627611242563,62.32238941041035,3,857.790551951732,14.296509199195533
78.39,RADAR_A,RADAR_A-T6495,TARGET_1_LINEAR,7861.486758297181,9843.476223499805,96.57258472752704,-0.6016691221898015,13,52.46035864770422,0.8743393107950702
78.8,RADAR_A,RADAR_A-CLUT-1508,CLUTTER,8838.444169368999,-739.7285827304368,-35.39383913948561,-27.293966453600873,2,1134.321747974356,18.905362466239264
78.8,RADAR_A,RADAR_A-CLUT-5421,CLUTTER,-9779.04872765021,5734.936891292633,-57.62141747284296,-122.16791319862955,6,370.9507534326998,6.1825125572116635
79.17,RADAR_B,RADAR_B-CLUT-2501,CLUTTER,19456.37008861403,10698.215974729248,36.22050816613556,4.403404582483474,4,648.6736521905174,10.811227536508623
79.17,RADAR_B,RADAR_B-CLUT-5018,CLUTTER,18768.066790965095,10423.749302084367,-26.643009524300933,-10.84210151830967,5,490.536420678438,8.1756070113073
79.17,RADAR_B,RADAR_B-CLUT-7250,CLUTTER,4202.248207047947,4417.815812612856,61.78516675525647,-13.016296125527342,3,857.790551951732,14.296509199195533
79.17,RADAR_B,RADAR_B-CLUT-3383,CLUTTER,21123.896336507052,6967.982944202113,-69.69544240061046,-9.011705351015108,2,1134.321747974356,18.905362466239264
79.17,RADAR_B,RADAR_B-CLUT-4885,CLUTTER,5281.34841261433,6478.178667146249,-38.11182084812121,-7.608931816061281,4,648.6736521905174,10.811227536508623
79.17,RADAR_B,RADAR_B-CLUT-9215,CLUTTER,27159.057527508507,2805.3902867591733,36.06602516592302,141.58217061002904,6,370.9507534326998,6.1825125572116635
79.41,RADAR_A,RADAR_A-T4802,TARGET_2_MANEUVER,6606.340337153404,13512.208409091105,70.3652054810069,72.21012243819062,13,52.46035864770422,0.8743393107950702
80.63,RADAR_A,RADAR_A-CLUT-4557,CLUTTER,4115.302596741994,8470.281306886955,-89.6146750949764,-33.887886538254165,2,1134.321747974356,18.905362466239264
80.63,RADAR_A,RADAR_A-CLUT-4127,CLUTTER,19163.600852222677,2889.3892319551883,-109.24939233521195,-50.40199836271155,6,370.9507534326998,6.1825125572116635
80.64,RADAR_B,RADAR_B-T6599,TARGET_2_MANEUVER,6133.501020748472,14168.913549648507,75.23232426296588,69.7522042016708,10,121.30990322456422,2.021831720409404
80.67,RADAR_B,RADAR_B-T3309,TARGET_1_LINEAR,7777.754849736574,10315.056126303392,98.145251498526,-0.9769399092482637,11,91.73630764819175,1.528938460803196
81.64,RADAR_A,RADAR_A-T4802,TARGET_2_MANEUVER,6795.355548059541,13532.091282900928,77.58518926922362,65.80996646222547,12,69.3723258961401,1.1562054316023351
82.03,RADAR_A,RADAR_A-T5875,TARGET_1_LINEAR,8346.705548584627,9980.010416285531,97.09992913303788,0.4422693799886943,12,69.3723258961401,1.1562054316023351
82.85,RADAR_A,RADAR_A-CLUT-9418,CLUTTER,25.027145587175255,14133.643169919089,-61.00153913172786,82.90423136579838,3,857.790551951732,14.296509199195533
82.85,RADAR_A,RADAR_A-CLUT-3886,CLUTTER,-155.09313562991792,8906.670356043682,10.441249040327653,-136.68148025845767,6,370.9507534326998,6.1825125572116635
82.85,RADAR_A,RADAR_A-CLUT-9257,CLUTTER,3197.0191605435466,667.6867611871585,12.35949324762009,-26.92420719025387,1,1500.0,25.0
82.85,RADAR_A,RADAR_A-CLUT-7496,CLUTTER,10954.170195278904,-8504.221458197928,91.22507320020866,199.90939089326292,2,1134.321747974356,18.905362466239264
83.99,RADAR_B,RADAR_B-T3309,TARGET_1_LINEAR,8025.452901627406,10172.671845690784,95.79428471435035,4.4275198466420225,10,121.30990322456422,2.021831720409404
84.03,RADAR_A,RADAR_A-T4802,TARGET_2_MANEUVER,6941.582096695991,13762.457501660578,77.12865086121172,67.9237378985504,13,52.46035864770422,0.8743393107950702
84.27,RADAR_B,RADAR_B-CLUT-9494,CLUTTER,34365.23118245727,3916.0872349256524,1.6938869502301437,29.368148200314415,6,370.9507534326998,6.1825125572116635
84.27,RADAR_B,RADAR_B-CLUT-2654,CLUTTER,11633.213477189756,-5147.802135795195,96.18788956975169,166.04562898475947,5,490.536420678438,8.1756070113073
84.27,RADAR_B,RADAR_B-CLUT-2340,CLUTTER,26749.244838846673,20385.74070004969,-16.5587671278695,-82.48202201178457,1,1500.0,25.0
84.27,RADAR_B,RADAR_B-CLUT-1419,CLUTTER,17499.39648395707,8196.839894863038,-69.50768626547443,85.10191870284613,1,1500.0,25.0
84.51,RADAR_A,RADAR_A-T5875,TARGET_1_LINEAR,8551.827336927377,9801.842967929664,96.5387550001832,-0.8544420518382463,14,39.671283813750286,0.6611880635625048
84.91,RADAR_A,RADAR_A-CLUT-7539,CLUTTER,777.3255621284043,6393.529394169926,-102.38383888955764,-35.982528314155545,1,1500.0,25.0
84.91,RADAR_A,RADAR_A-CLUT-5845,CLUTTER,14314.93439568731,15338.869855209374,12.266292970974412,32.337029222186565,3,857.790551951732,14.296509199195533
85.49,RADAR_C,RADAR_C-CLUT-8543,CLUTTER,-31709.93794514649,-6460.563527054425,-8.396557208737876,-53.832426560752126,4,648.6736521905174,10.811227536508623
85.49,RADAR_C,RADAR_C-CLUT-7321,CLUTTER,13051.106559575774,31813.650902122492,-54.58488577657044,-67.08004931071618,5,490.536420678438,8.1756070113073
85.49,RADAR_C,RADAR_C-CLUT-3029,CLUTTER,4282.621627085729,-13165.23859998071,53.0272874417306,-164.06398847953184,5,490.536420678438,8.1756070113073
85.49,RADAR_C,RADAR_C-CLUT-2420,CLUTTER,-16.306333175681186,402.51523498422694,-74.8524433865437,-44.5755554350978,3,857.790551951732,14.296509199195533
85.49,RADAR_C,RADAR_C-CLUT-2842,CLUTTER,-12904.36032870743,27842.05595128907,-25.701093540806067,11.466327146932695,4,648.6736521905174,10.811227536508623
86.02,RADAR_B,RADAR_B-T6599,TARGET_2_MANEUVER,6772.889183950173,14290.22949470261,80.94715898965288,62.23642557002567,12,69.3723258961401,1.1562054316023351
86.09,RADAR_A,RADAR_A-T4802,TARGET_2_MANEUVER,7140.745253393807,13835.967042945456,78.56552544591064,61.59476632613601,13,52.46035864770422,0.8743393107950702
86.35,RADAR_A,RADAR_A-T5875,TARGET_1_LINEAR,8696.415224478733,9833.545196722349,96.5312756704538,0.09131815958490347,14,39.671283813750286,0.6611880635625048
86.5,RADAR_C,RADAR_C-T6068,TARGET_2_MANEUVER,7344.250562971527,14677.18439469901,79.19732566869456,61.85953274047257,8,212.13203435596427,3.5355339059327378
87.12,RADAR_A,RADAR_A-CLUT-8406,CLUTTER,-2738.1235082836865,-4835.825544968728,148.71821555547362,78.57431894133504,6,370.9507534326998,6.1825125572116635
87.12,RADAR_A,RADAR_A-CLUT-3735,CLUTTER,4859.732439456945,17355.399634791553,-151.7137900847738,-0.6066310336833399,2,1134.321747974356,18.905362466239264
87.12,RADAR_A,RADAR_A-CLUT-2932,CLUTTER,8304.851963728383,4980.262596029602,15.319428133853915,-71.48211879626572,2,1134.321747974356,18.905362466239264
88.06,RADAR_A,RADAR_A-T5875,TARGET_1_LINEAR,8866.008061662118,10016.260055616287,96.90118171306185,-0.7963394023105097,12,69.3723258961401,1.1562054316023351
88.54,RADAR_A,RADAR_A-T4802,TARGET_2_MANEUVER,7236.404450686568,13972.578357516575,82.42571047041048,57.36941089575992,12,69.3723258961401,1.1562054316023351
88.83,RADAR_A,RADAR_A-CLUT-1350,CLUTTER,-5613.538801136052,14350.214628769398,-32.34895941520182,89.77628541581723,2,1134.321747974356,18.905362466239264
88.83,RADAR_A,RADAR_A-CLUT-8170,CLUTTER,-7571.76980889177,-1126.7480561877264,29.58187496920449,-17.82525597757458,4,648.6736521905174,10.811227536508623
88.83,RADAR_A,RADAR_A-CLUT-4258,CLUTTER,5562.733389606419,5479.990395139697,-6.456452177370191,-48.59778300962458,5,490.536420678438,8.1756070113073
88.83,RADAR_A,RADAR_A-CLUT-5042,CLUTTER,7199.217889198033,-3771.9098235502206,19.38418197310781,-139.15215775493897,2,1134.321747974356,18.905362466239264
88.96,RADAR_B,RADAR_B-CLUT-9635,CLUTTER,10915.956360844968,23936.799450379716,-110.53325015149579,5.091924919721417,3,857.790551951732,14.296509199195533
88.96,RADAR_B,RADAR_B-CLUT-2892,CLUTTER,22556.94700069807,2240.814431788983,45.47846174450167,-97.3510672269174,5,490.536420678438,8.1756070113073
88.96,RADAR_B,RADAR_B-CLUT-6263,CLUTTER,30426.194927462107,6945.330848808657,-29.742320921879074,-78.7870182465899,1,1500.0,25.0
88.96,RADAR_B,RADAR_B-CLUT-1565,CLUTTER,19276.83323024943,8960.110053487633,-50.532672082604,37.03499237555275,2,1134.321747974356,18.905362466239264
88.96,RADAR_B,RADAR_B-CLUT-4424,CLUTTER,13506.284376765085,4268.3966090243775,1.830630187672235,-171.5590003008894,3,857.790551951732,14.296509199195533
88.96,RADAR_B,RADAR_B-CLUT-6782,CLUTTER,30380.01851932628,5324.313133969699,-166.0667517924718,72.28902066354445,6,370.9507534326998,6.1825125572116635
88.96,RADAR_B,RADAR_B-CLUT-5080,CLUTTER,24449.520888849478,9740.054346793002,91.39821157942174,97.65125589537303,2,1134.321747974356,18.905362466239264
89.01,RADAR_B,RADAR_B-T3309,TARGET_1_LINEAR,8650.142126006784,10191.323349230106,97.74973850620766,0.04034438728721179,11,91.73630764819175,1.528938460803196
89.48,RADAR_B,RADAR_B-T6599,TARGET_2_MANEUVER,7076.845701300052,14390.942574932802,81.56672948012915,55.621312169100854,12,69.3723258961401,1.1562054316023351
90.13,RADAR_A,RADAR_A-T4802,TARGET_2_MANEUVER,7422.217010528529,14100.48036794485,83.1429065885212,53.451076250867565,13,52.46035864770422,0.8743393107950702
90.29,RADAR_A,RADAR_A-T5875,TARGET_1_LINEAR,9089.973177317856,9830.809157349671,94.85864691403034,1.7290370966627822,12,69.3723258961401,1.1562054316023351
90.52,RADAR_A,RADAR_A-CLUT-1048,CLUTTER,8034.836375602188,-8875.184397818115,-55.5455048351064,-122.38663265626161,5,490.536420678438,8.1756070113073
90.52,RADAR_A,RADAR_A-CLUT-8397,CLUTTER,-2216.0912279583563,16655.095411130544,45.877838955616504,58.25886632707585,2,1134.321747974356,18.905362466239264
90.52,RADAR_A,RADAR_A-CLUT-5305,CLUTTER,6263.967621762533,-6205.859347231884,-109.08337369499384,33.5469175819171,2,1134.321747974356,18.905362466239264
90.52,RADAR_A,RADAR_A-CLUT-2211,CLUTTER,13176.041951054409,8491.74443262026,21.517081129865126,19.51777106205451,2,1134.321747974356,18.905362466239264
92.04,RADAR_A,RADAR_A-T5875,TARGET_1_LINEAR,9274.533105999002,9810.344197992792,96.17383927787402,3.1771054229257207,14,39.671283813750286,0.6611880635625048
92.11,RADAR_A,RADAR_A-T4802,TARGET_2_MANEUVER,7531.438810084816,14260.754909007088,86.9157846411076,53.228853828878286,13,52.46035864770422,0.8743393107950702
92.2,RADAR_C,RADAR_C-T2772,TARGET_1_LINEAR,9548.692470568785,10611.45221603618,112.07729511820494,-10.40118456834816,5,490.536420678438,8.1756070113073
92.42,RADAR_A,RADAR_A-CLUT-1437,CLUTTER,7089.5134508775445,5156.761938541925,-11.835144152607189,-0.3697351122817854,2,1134.321747974356,18.905362466239264
92.42,RADAR_A,RADAR_A-CLUT-5551,CLUTTER,4378.629904538097,-2489.8728959123773,29.66457484333489,-86.0834223558917,1,1500.0,25.0
93.34,RADAR_B,RADAR_B-T3309,TARGET_1_LINEAR,8746.597838095975,10557.896610021104,98.09174376655709,2.612397350967121,10,121.30990322456422,2.021831720409404
93.74,RADAR_A,RADAR_A-T5875,TARGET_1_LINEAR,9472.33491684342,9860.081580411941,96.02649102218692,2.639396947487889,13,52.46035864770422,0.8743393107950702
93.76,RADAR_A,RADAR_A-T4802,TARGET_2_MANEUVER,7684.6476236545695,14343.139998166782,86.62087328256463,47.1883974781884,13,52.46035864770422,0.8743393107950702
94.01,RADAR_C,RADAR_C-CLUT-6291,CLUTTER,-285.80076949282,-676.3210096767248,82.532301966014,-112.71352821524196,6,370.9507534326998,6.1825125572116635
94.01,RADAR_C,RADAR_C-CLUT-1886,CLUTTER,4251.169887216446,-22612.18439786784,43.41849316355058,13.841245027811034,3,857.790551951732,14.296509199195533
94.01,RADAR_C,RADAR_C-CLUT-6011,CLUTTER,-3985.6959615822707,-25978.638806856517,-65.64612444687165,105.46639103512976,6,370.9507534326998,6.1825125572116635
94.01,RADAR_C,RADAR_C-CLUT-6346,CLUTTER,-23297.924882295258,-29053.08457761823,34.51271735730597,79.91491892744148,2,1134.321747974356,18.905362466239264
94.01,RADAR_C,RADAR_C-CLUT-2615,CLUTTER,-3860.4441183087774,33458.99916766851,71.08262102496386,-39.12427286101017,3,857.790551951732,14.296509199195533
94.01,RADAR_C,RADAR_C-CLUT-2780,CLUTTER,-8924.745550832404,-19379.50188497595,-135.4186272829368,8.019357184958197,4,648.6736521905174,10.811227536508623
94.01,RADAR_C,RADAR_C-CLUT-2803,CLUTTER,32102.502022797704,-6926.680079302066,-44.86355753919801,-42.24488904205899,4,648.6736521905174,10.811227536508623
94.01,RADAR_C,RADAR_C-CLUT-8162,CLUTTER,-2042.021302935353,18963.885958550618,-44.8099255253276,63.23148309111755,5,490.536420678438,8.1756070113073
94.01,RADAR_C,RADAR_C-CLUT-5606,CLUTTER,-33067.90813901563,-3688.310398463498,-99.80603604173665,105.45624408686845,6,370.9507534326998,6.1825125572116635
94.07,RADAR_B,RADAR_B-CLUT-4215,CLUTTER,19702.686068999243,7647.323367169168,71.66690338831735,37.71884416217838,3,857.790551951732,14.296509199195533
94.07,RADAR_B,RADAR_B-CLUT-6369,CLUTTER,32529.002261148657,1582.7861698094857,-197.04511198770012,-64.1276454202989,3,857.790551951732,14.296509199195533
94.07,RADAR_B,RADAR_B-CLUT-1889,CLUTTER,12422.685740326546,10206.966837440079,-114.46649612997375,-38.124304114681976,1,1500.0,25.0
94.07,RADAR_B,RADAR_B-CLUT-8634,CLUTTER,36071.35171436365,13415.00172936263,25.660788649291177,-67.1870296624312,4,648.6736521905174,10.811227536508623
94.07,RADAR_B,RADAR_B-CLUT-7884,CLUTTER,22278.95306655656,17084.874703097288,26.998565978111927,-21.064624550233294,1,1500.0,25.0
94.48,RADAR_A,RADAR_A-CLUT-1604,CLUTTER,5540.235224005209,6429.504978595669,-17.00010917529321,94.31587193893341,1,1500.0,25.0
94.66,RADAR_B,RADAR_B-T6599,TARGET_2_MANEUVER,7240.585127761768,14625.763902288154,88.83681675664808,41.49661647965139,9,160.417320008009,2.6736220001334834
95.53,RADAR_C,RADAR_C-T6068,TARGET_2_MANEUVER,7932.5066498230535,14524.165013764867,99.67193959387517,50.86241857481811,5,490.536420678438,8.1756070113073
95.91,RADAR_A,RADAR_A-T4802,TARGET_2_MANEUVER,7884.999557395084,14453.322252082604,89.65145554754436,42.77737939515979,14,39.671283813750286,0.6611880635625048
95.98,RADAR_A,RADAR_A-T5875,TARGET_1_LINEAR,9604.237649185545,9900.572322827858,94.92826543114211,1.617104154947451,14,39.671283813750286,0.6611880635625048
96.22,RADAR_A,RADAR_A-CLUT-1847,CLUTTER,6045.875623159922,7558.192026081761,7.990956352737038,9.923609474137622,5,490.536420678438,8.1756070113073
96.22,RADAR_A,RADAR_A-CLUT-5311,CLUTTER,3378.5805520778013,4738.541753128499,-50.070762472118766,-142.43657216052105,3,857.790551951732,14.296509199195533
97.57,RADAR_B,RADAR_B-CLUT-6229,CLUTTER,8677.32228845938,1805.6789456533788,115.17351840910985,-64.27712873912249,1,1500.0,25.0
97.57,RADAR_B,RADAR_B-CLUT-4573,CLUTTER,19964.678170550636,8311.575722735757,-106.9433535366283,223.91836242357275,5,490.536420678438,8.1756070113073
97.57,RADAR_B,RADAR_B-CLUT-5261,CLUTTER,27806.30405576577,10760.060670366382,93.53238624125707,-43.19509662253254,6,370.9507534326998,6.1825125572116635
97.57,RADAR_B,RADAR_B-CLUT-9047,CLUTTER,19214.894560900433,3136.515071968456,43.894012323655225,-2.2244413723119263,6,370.9507534326998,6.1825125572116635
97.82,RADAR_A,RADAR_A-T4802,TARGET_2_MANEUVER,8120.170453890208,14412.92697952527,91.82466583635984,42.82414891723594,13,52.46035864770422,0.8743393107950702
98.29,RADAR_B,RADAR_B-T3309,TARGET_1_LINEAR,9505.549209541661,10176.316009623642,97.48680581475831,0.12047011278826503,11,91.73630764819175,1.528938460803196
98.32,RADAR_A,RADAR_A-CLUT-1282,CLUTTER,10660.30746512459,-4120.654953240897,53.788736710680105,25.578713157910453,2,1134.321747974356,18.905362466239264
98.32,RADAR_A,RADAR_A-CLUT-1947,CLUTTER,3415.3512983558767,695.1983993222848,50.216380598536425,108.71212117916302,2,1134.321747974356,18.905362466239264
98.45,RADAR_A,RADAR_A-T5875,TARGET_1_LINEAR,9778.66788357965,9767.190206620398,96.63864935519288,3.0833318185059526,13,52.46035864770422,0.8743393107950702
99.61,RADAR_B,RADAR_B-T6599,TARGET_2_MANEUVER,7960.509267524528,14914.844118312792,93.33842060293132,39.97778830610692,12,69.3723258961401,1.1562054316023351
99.93,RADAR_A,RADAR_A-CLUT-7720,CLUTTER,-1478.8039981462125,-5264.221868375889,-94.52634676583409,-2.6432729658622978,4,648.6736521905174,10.811227536508623
99.93,RADAR_A,RADAR_A-CLUT-2507,CLUTTER,5680.085837226287,12384.310765884882,-50.679735136361835,33.655970481478306,4,648.6736521905174,10.811227536508623
99.93,RADAR_A,RADAR_A-CLUT-6335,CLUTTER,11432.903330617519,5778.516908512747,164.876754917001,50.47795918648782,3,857.790551951732,14.296509199195533
100.22,RADAR_A,RADAR_A-T5875,TARGET_1_LINEAR,9993.12808325872,9837.490952869943,94.35378781287748,0.2263611724883674,13,52.46035864770422,0.8743393107950702
101.76,RADAR_A,RADAR_A-CLUT-9014,CLUTTER,2875.129296359353,2227.4053211658675,37.74898704248063,-70.63723187574206,3,857.790551951732,14.296509199195533
101.83,RADAR_A,RADAR_A-T2205,TARGET_2_MANEUVER,8488.326884009171,14680.370960594611,94.3508217284906,31.993326202275213,12,69.3723258961401,1.1562054316023351
102.2,RADAR_C,RADAR_C-CLUT-4273,CLUTTER,6230.0100202067,7141.512599669255,10.359492231687579,-151.9453723834527,1,1500.0,25.0
102.2,RADAR_C,RADAR_C-CLUT-6623,CLUTTER,-3463.9465793098457,9657.040612588955,-26.23384859164623,-18.306184468531303,1,1500.0,25.0
102.2,RADAR_C,RADAR_C-CLUT-8711,CLUTTER,-14024.857084545829,-21755.646583938546,-16.470544163509658,7.0508216917618105,2,1134.321747974356,18.905362466239264
102.2,RADAR_C,RADAR_C-CLUT-9254,CLUTTER,-1876.6199910640707,20475.414301126926,-11.291601078903229,60.295511964320866,1,1500.0,25.0
102.23,RADAR_A,RADAR_A-T5875,TARGET_1_LINEAR,10280.50644716511,9969.691894278842,97.76973159435435,4.06258241284714,12,69.3723258961401,1.1562054316023351
102.66,RADAR_B,RADAR_B-T3309,TARGET_1_LINEAR,9968.52511155824,9836.794223393956,96.86390503251492,2.1600802649927924,10,121.30990322456422,2.021831720409404
103.11,RADAR_B,RADAR_B-CLUT-1242,CLUTTER,13647.334941937992,22554.63641671717,-10.63610785677562,128.99509088983413,1,1500.0,25.0
103.11,RADAR_B,RADAR_B-CLUT-8145,CLUTTER,17720.79820335767,1609.851859908813,-118.73006217283125,-141.65815662342342,3,857.790551951732,14.296509199195533
103.75,RADAR_A,RADAR_A-T2205,TARGET_2_MANEUVER,8637.293004017185,14732.81122568268,96.20499246135977,29.566635828323054,14,39.671283813750286,0.6611880635625048
104.02,RADAR_A,RADAR_A-CLUT-2823,CLUTTER,12839.271960741822,10961.341805042914,-23.321704873399675,-3.9363932938694797,4,648.6736521905174,10.811227536508623
104.02,RADAR_A,RADAR_A-CLUT-3208,CLUTTER,18522.843758797193,3630.0093392745207,-1.1296577546746256,-133.22472629421097,1,1500.0,25.0
104.59,RADAR_A,RADAR_A-T5875,TARGET_1_LINEAR,10416.178319192517,9873.218642694972,96.90352038872594,2.405346168977549,13,52.46035864770422,0.8743393107950702
105.32,RADAR_B,RADAR_B-T6599,TARGET_2_MANEUVER,8176.18899766194,15126.022582026359,97.30764017899673,24.48910672148263,8,212.13203435596427,3.5355339059327378
105.43,RADAR_C,RADAR_C-T2772,TARGET_1_LINEAR,10785.335447578113,10539.615742324031,95.67080959111709,2.828577169523305,8,212.13203435596427,3.5355339059327378
105.77,RADAR_A,RADAR_A-T2205,TARGET_2_MANEUVER,8797.970397148627,14784.039061848895,98.32725983552484,27.311739609051255,14,39.671283813750286,0.6611880635625048
106.17,RADAR_A,RADAR_A-CLUT-4799,CLUTTER,4537.820812159399,6316.489287523258,108.68662956942626,-28.334300442856076,3,857.790551951732,14.296509199195533
106.17,RADAR_A,RADAR_A-CLUT-3113,CLUTTER,3164.1963317837785,2680.9314851059094,107.73147451475852,-100.89694814818473,6,370.9507534326998,6.1825125572116635
106.73,RADAR_A,RADAR_A-T5875,TARGET_1_LINEAR,10595.13414788404,9928.36131648778,96.92896027799257,1.8895670293021816,13,52.46035864770422,0.8743393107950702
107.22,RADAR_B,RADAR_B-CLUT-1234,CLUTTER,15315.302996523107,88.87086328504301,-81.88418299250944,-24.075045527593467,5,490.536420678438,8.1756070113073
107.22,RADAR_B,RADAR_B-CLUT-9659,CLUTTER,15530.179728008427,20489.72768056725,-4.726485222805192,21.46318860274226,1,1500.0,25.0
107.22,RADAR_B,RADAR_B-CLUT-8218,CLUTTER,18793.950402021706,8473.56440369341,121.65489965061164,34.98783460862459,6,370.9507534326998,6.1825125572116635
107.22,RADAR_B,RADAR_B-CLUT-1672,CLUTTER,26036.987656760386,-2461.1645141862555,-65.82010206904332,-135.5404716796062,6,370.9507534326998,6.1825125572116635
107.22,RADAR_B,RADAR_B-CLUT-5008,CLUTTER,26613.71595966151,16360.101869912276,80.52852328261024,-144.27229873818084,2,1134.321747974356,18.905362466239264
107.25,RADAR_C,RADAR_C-T6068,TARGET_2_MANEUVER,9104.511034578729,14867.105008476685,96.59837302651819,24.184143057040252,7,280.51833803078955,4.6753056338464924
107.64,RADAR_B,RADAR_B-T3309,TARGET_1_LINEAR,10328.392444894946,10222.165064575318,98.28316095795955,7.218882409966193,10,121.30990322456422,2.021831720409404
108.52,RADAR_A,RADAR_A-CLUT-8396,CLUTTER,10359.608768844428,13885.367848250191,20.367981589673548,59.39671308740962,3,857.790551951732,14.296509199195533
108.52,RADAR_A,RADAR_A-CLUT-7704,CLUTTER,-7847.145825551674,8682.879085335275,91.54344548479513,97.41585153531321,6,370.9507534326998,6.1825125572116635
108.97,RADAR_A,RADAR_A-T5875,TARGET_1_LINEAR,10818.137800683691,9919.37525744058,95.41584438263281,4.220395569308036,14,39.671283813750286,0.6611880635625048
110.19,RADAR_A,RADAR_A-T8082,TARGET_2_MANEUVER,9381.659248358419,14877.045016741931,96.84003179363357,19.580143400850496,12,69.3723258961401,1.1562054316023351
110.33,RADAR_A,RADAR_A-CLUT-8281,CLUTTER,4700.810449304718,1219.2587195082128,-10.19703745739076,-19.01880616307078,1,1500.0,25.0
110.33,RADAR_A,RADAR_A-CLUT-9553,CLUTTER,12581.320191101922,9063.126540535444,-9.210928279303799,-72.93411686415068,3,857.790551951732,14.296509199195533
110.33,RADAR_A,RADAR_A-CLUT-5016,CLUTTER,4302.340551342794,1206.331469156819,115.98828158186797,-114.08978950089408,1,1500.0,25.0
110.44,RADAR_B,RADAR_B-T6599,TARGET_2_MANEUVER,9202.777312508688,15158.725819698258,97.45071558810596,16.9567704385695,9,160.417320008009,2.6736220001334834
111.16,RADAR_A,RADAR_A-T5875,TARGET_1_LINEAR,11101.210630920501,9841.78824226115,98.58741090317909,4.077964928383638,13,52.46035864770422,0.8743393107950702
111.56,RADAR_A,RADAR_A-T8082,TARGET_2_MANEUVER,9396.458428613756,14748.252376465009,99.96777539000269,16.546516553472106,14,39.671283813750286,0.6611880635625048
112.17,RADAR_A,RADAR_A-CLUT-8141,CLUTTER,18566.504336974882,6447.112910198837,52.432306388018965,63.34874483104541,1,1500.0,25.0
112.17,RADAR_A,RADAR_A-CLUT-8265,CLUTTER,10497.084071450807,7879.482575067788,-45.651234416009025,-88.9470578989488,4,648.6736521905174,10.811227536508623
112.17,RADAR_A,RADAR_A-CLUT-3161,CLUTTER,5569.433052818875,3045.0558215215306,60.4534816517444,-40.528224662065185,6,370.9507534326998,6.1825125572116635
112.29,RADAR_C,RADAR_C-CLUT-5253,CLUTTER,-1448.7277766487712,19799.212478354413,113.22487619356978,-33.17736307069149,2,1134.321747974356,18.905362466239264
112.29,RADAR_C,RADAR_C-CLUT-9783,CLUTTER,-20024.663639704264,10541.943748322927,46.16577470681116,-14.241863205107075,3,857.790551951732,14.296509199195533
112.29,RADAR_C,RADAR_C-CLUT-5801,CLUTTER,5221.373446234244,10181.641536778874,-137.80480598019756,9.804863906228663,6,370.9507534326998,6.1825125572116635
112.29,RADAR_C,RADAR_C-CLUT-5492,CLUTTER,-70.49782044709761,-188.25289328939226,-107.23909130931494,-25.586102231100497,5,490.536420678438,8.1756070113073
112.29,RADAR_C,RADAR_C-CLUT-3521,CLUTTER,19099.400346636863,28081.813937017923,60.215965686050986,3.0018609274554424,4,648.6736521905174,10.811227536508623
112.29,RADAR_C,RADAR_C-CLUT-8798,CLUTTER,-28995.727796846528,-5072.528168434694,-3.967708894563304,87.81376845442142,5,490.536420678438,8.1756070113073
112.29,RADAR_C,RADAR_C-CLUT-8041,CLUTTER,-31643.007373017343,1196.031190554142,207.90583200596657,-137.92494486944284,1,1500.0,25.0
112.29,RADAR_C,RADAR_C-CLUT-9511,CLUTTER,-30161.630669214657,19315.752969091845,-23.23531856089195,35.53161368698059,6,370.9507534326998,6.1825125572116635
112.29,RADAR_C,RADAR_C-CLUT-7997,CLUTTER,8491.834704479417,-12006.85826863136,8.638713658018307,208.54873305198157,1,1500.0,25.0
112.29,RADAR_C,RADAR_C-CLUT-8540,CLUTTER,12852.113099201899,-31865.269194700555,-50.943608123964566,27.848545177176863,1,1500.0,25.0
112.29,RADAR_C,RADAR_C-CLUT-1333,CLUTTER,-7635.76419728789,8136.985027039994,17.089897406932547,-104.03397326441979,5,490.536420678438,8.1756070113073
112.29,RADAR_C,RADAR_C-CLUT-1732,CLUTTER,32013.165153531303,-1906.7064595498448,62.545696877236495,52.807636842430334,5,490.536420678438,8.1756070113073
113.09,RADAR_B,RADAR_B-CLUT-3886,CLUTTER,30007.999165346322,14201.747945228322,162.80072874678314,28.656530709629983,4,648.6736521905174,10.811227536508623
113.09,RADAR_B,RADAR_B-CLUT-1658,CLUTTER,10719.715966085532,726.2711166988629,-12.627000787220798,24.663365091105682,4,648.6736521905174,10.811227536508623
113.33,RADAR_A,RADAR_A-T5875,TARGET_1_LINEAR,11290.97545988801,9830.15833387689,97.36590175024159,4.501844635131945,13,52.46035864770422,0.8743393107950702
113.56,RADAR_A,RADAR_A-T8082,TARGET_2_MANEUVER,9656.53987694737,14972.689526121489,101.45263695660954,10.924767567266093,12,69.3723258961401,1.1562054316023351
113.69,RADAR_B,RADAR_B-T3309,TARGET_1_LINEAR,10769.798405074778,10088.439920027085,94.7422729499614,6.162528362711939,8,212.13203435596427,3.5355339059327378
113.92,RADAR_A,RADAR_A-CLUT-2164,CLUTTER,9361.74269660175,7706.809996275235,2.2463019238392476,8.3382351302726,1,1500.0,25.0
113.92,RADAR_A,RADAR_A-CLUT-6073,CLUTTER,6716.749921596303,3850.577033508842,32.34683821044868,-72.98359705462025,4,648.6736521905174,10.811227536508623
115.11,RADAR_B,RADAR_B-T6599,TARGET_2_MANEUVER,9395.538059181692,15166.74429877124,91.8097322943657,10.576348337708374,10,121.30990322456422,2.021831720409404
115.51,RADAR_A,RADAR_A-T8082,TARGET_2_MANEUVER,9812.224881756283,14873.835958416732,99.85481102528458,6.121798407156907,12,69.3723258961401,1.1562054316023351
115.83,RADAR_A,RADAR_A-T5875,TARGET_1_LINEAR,11545.418950029874,9951.360458547691,96.14065279801629,2.844234493406881,14,39.671283813750286,0.6611880635625048
117.29,RADAR_A,RADAR_A-CLUT-8866,CLUTTER,10312.968071615614,12756.394727730352,5.688445543514048,-18.65010045010055,5,490.536420678438,8.1756070113073
117.29,RADAR_A,RADAR_A-CLUT-8129,CLUTTER,-5313.962628352185,13500.240807909027,47.3415058846303,69.06963694722707,3,857.790551951732,14.296509199195533
117.29,RADAR_A,RADAR_A-CLUT-1810,CLUTTER,11065.496895740038,11283.696995805927,77.15320044929629,29.00340561091508,6,370.9507534326998,6.1825125572116635
117.29,RADAR_A,RADAR_A-CLUT-5920,CLUTTER,77.76678091534541,6610.382746756175,33.477108729103506,-89.81051560314762,2,1134.321747974356,18.905362466239264
117.4,RADAR_A,RADAR_A-T8082,TARGET_2_MANEUVER,10057.44623745417,15021.452773568977,100.38737680889224,2.5045912996867843,13,52.46035864770422,0.8743393107950702
117.64,RADAR_C,RADAR_C-T2772,TARGET_1_LINEAR,11982.825588458027,10761.047505579287,92.5534011564708,-1.5546111647945398,6,370.9507534326998,6.1825125572116635
117.8,RADAR_B,RADAR_B-CLUT-3409,CLUTTER,19980.28407190823,10340.126577301431,-14.682253772572246,-85.13681230720587,1,1500.0,25.0
117.8,RADAR_B,RADAR_B-CLUT-1007,CLUTTER,18137.435480029682,24364.81952185055,-141.2568149560017,111.29231883374106,3,857.790551951732,14.296509199195533
117.8,RADAR_B,RADAR_B-CLUT-4186,CLUTTER,19908.023764150545,10583.189385941605,59.345783551210125,72.81726269317963,3,857.790551951732,14.296509199195533
117.95,RADAR_A,RADAR_A-T5875,TARGET_1_LINEAR,11729.5203875413,9934.820390950406,95.93122449397936,3.493649853684082,13,52.46035864770422,0.8743393107950702
118.61,RADAR_C,RADAR_C-T6068,TARGET_2_MANEUVER,10402.815646821937,15318.709693681549,101.23998064180323,3.4625793368324755,7,280.51833803078955,4.6753056338464924
119.1,RADAR_B,RADAR_B-T3309,TARGET_1_LINEAR,11530.898236532008,10284.014236964624,96.58575162300181,4.113147234620591,12,69.3723258961401,1.1562054316023351
119.51,RADAR_A,RADAR_A-T8082,TARGET_2_MANEUVER,10207.198848491727,14978.7361141328,-0.05917925266195134,-0.1227885517446371,12,69.3723258961401,1.1562054316023351
119.57,RADAR_A,RADAR_A-CLUT-9113,CLUTTER,-238.18940430844214,-8179.624096198162,99.43307059201041,-77.83951973481683,3,857.790551951732,14.296509199195533
119.87,RADAR_A,RADAR_A-T5875,TARGET_1_LINEAR,11835.93595102782,9917.524057363516,95.54333175322323,2.658825634317088,12,69.3723258961401,1.1562054316023351
120.98,RADAR_B,RADAR_B-T6599,TARGET_2_MANEUVER,9522.501757221995,15469.983593574665,-91.84356010665783,-5.190692526227638,8,212.13203435596427,3.5355339059327378
121.52,RADAR_A,RADAR_A-T8082,TARGET_2_MANEUVER,9965.901248107612,14939.434524677219,-98.58886940326035,-3.477862152674585,10,121.30990322456422,2.021831720409404
121.62,RADAR_A,RADAR_A-T5875,TARGET_1_LINEAR,12120.943417327808,9889.242168628643,96.94572651378546,3.6938095246593505,13,52.46035864770422,0.8743393107950702
123.31,RADAR_B,RADAR_B-CLUT-8255,CLUTTER,17702.34821854091,-2155.8531174665695,-155.78739793126513,78.27662445332402,4,648.6736521905174,10.811227536508623
123.31,RADAR_B,RADAR_B-CLUT-9104,CLUTTER,18675.732320192725,7920.121882809596,45.50780875747471,20.57558817824114,3,857.790551951732,14.296509199195533
123.31,RADAR_B,RADAR_B-CLUT-5760,CLUTTER,30957.806378067376,7268.4353988281,-70.42215630656882,-81.5618731218594,2,1134.321747974356,18.905362466239264
123.31,RADAR_B,RADAR_B-CLUT-3722,CLUTTER,19532.786143227786,9097.008626464823,73.36500098980844,36.968350300395066,4,648.6736521905174,10.811227536508623
123.62,RADAR_A,RADAR_A-T5875,TARGET_1_LINEAR,12224.255017166894,9811.614318373591,96.47958956801176,4.363618171373338,13,52.46035864770422,0.8743393107950702
123.83,RADAR_A,RADAR_A-T8082,TARGET_2_MANEUVER,9508.076023042378,14998.628844464374,-101.48759390838806,-9.917432000729546,11,91.73630764819175,1.528938460803196
124.16,RADAR_C,RADAR_C-CLUT-4527,CLUTTER,596.1930013335674,1060.896191573344,-27.331735651871696,51.35577035549609,6,370.9507534326998,6.1825125572116635
124.16,RADAR_C,RADAR_C-CLUT-6491,CLUTTER,-34252.53166427826,-13160.945480497872,40.665036493001864,86.87863155562603,6,370.9507534326998,6.1825125572116635
124.16,RADAR_C,RADAR_C-CLUT-8008,CLUTTER,-14171.464645537642,-11194.968631775386,-21.62140834911112,-134.47160661971927,5,490.536420678438,8.1756070113073
124.64,RADAR_B,RADAR_B-T3309,TARGET_1_LINEAR,11807.252581366449,10479.714313007347,97.31842467195317,-2.54654297416457,8,212.13203435596427,3.5355339059327378
124.66,RADAR_A,RADAR_A-CLUT-2770,CLUTTER,1657.2958223439118,6959.1143178405,-58.63751192990072,30.91061230784488,1,1500.0,25.0
124.66,RADAR_A,RADAR_A-CLUT-8856,CLUTTER,8410.610002107018,-3140.9021293948117,-46.93382194441675,-53.37512678220043,4,648.6736521905174,10.811227536508623
125.53,RADAR_A,RADAR_A-T5875,TARGET_1_LINEAR,12449.643720960641,9967.285555837138,94.8918486490546,4.018940141361777,14,39.671283813750286,0.6611880635625048
126.11,RADAR_A,RADAR_A-T8082,TARGET_2_MANEUVER,9455.015287948007,14871.610017700646,-97.36134436319449,-11.622878619185295,13,52.46035864770422,0.8743393107950702
126.33,RADAR_B,RADAR_B-CLUT-7305,CLUTTER,20005.563476725994,16056.29837101153,44.38006035481955,-92.35597272350333,3,857.790551951732,14.296509199195533
126.33,RADAR_B,RADAR_B-CLUT-7609,CLUTTER,21888.04440773874,6363.537785676557,180.66131946313777,111.36310012696731,4,648.6736521905174,10.811227536508623
126.33,RADAR_B,RADAR_B-CLUT-3970,CLUTTER,9693.826211047419,19899.00816774123,8.890350023720968,-58.49989261767235,6,370.9507534326998,6.1825125572116635
126.33,RADAR_B,RADAR_B-CLUT-6154,CLUTTER,37382.90500862646,7027.538346229361,70.21682268188263,-34.56350513958194,6,370.9507534326998,6.1825125572116635
126.91,RADAR_A,RADAR_A-CLUT-2392,CLUTTER,13952.555305048036,-546.056069204411,-232.0911025453927,29.319893270955202,1,1500.0,25.0
127.77,RADAR_A,RADAR_A-T5875,TARGET_1_LINEAR,12574.880668145046,9988.822924874461,96.06312456215207,2.2818002540954256,12,69.3723258961401,1.1562054316023351
127.96,RADAR_A,RADAR_A-T8082,TARGET_2_MANEUVER,9276.359983752382,14896.804854819975,-99.55003846573375,-16.65373227032416,12,69.3723258961401,1.1562054316023351
128.68,RADAR_C,RADAR_C-T6068,TARGET_2_MANEUVER,9146.13552675569,15549.345324871727,-94.41071865664175,-14.758080757757208,7,280.51833803078955,4.6753056338464924
129.13,RADAR_C,RADAR_C-T2772,TARGET_1_LINEAR,12245.883202548444,9752.799705526697,88.73450098990601,3.500370116541068,5,490.536420678438,8.1756070113073
130.12,RADAR_A,RADAR_A-T5875,TARGET_1_LINEAR,12855.897067939282,10052.11789670542,96.1002927689418,3.8047218264368357,13,52.46035864770422,0.8743393107950702
130.51,RADAR_B,RADAR_B-T3309,TARGET_1_LINEAR,12705.377840624915,10300.29155010029,96.0645277586307,3.624591433102839,12,69.3723258961401,1.1562054316023351
131.59,RADAR_A,RADAR_A-CLUT-6682,CLUTTER,8412.999489023168,-1051.943571467803,59.63560318277733,-1.8062085197804882,6,370.9507534326998,6.1825125572116635
131.75,RADAR_A,RADAR_A-T4135,TARGET_2_MANEUVER,8854.243859238784,14748.90944454806,-97.43778298814898,-25.582288095776835,13,52.46035864770422,0.8743393107950702
132.23,RADAR_A,RADAR_A-T5875,TARGET_1_LINEAR,13089.73196591418,10049.726941641298,94.96515301097038,5.228781745908551,13,52.46035864770422,0.8743393107950702
132.78,RADAR_B,RADAR_B-CLUT-2203,CLUTTER,24714.88248374787,20565.65514803451,68.5093029233899,-32.76907078381563,4,648.6736521905174,10.811227536508623
132.78,RADAR_B,RADAR_B-CLUT-4146,CLUTTER,13473.906476275306,12899.201087710413,-40.94419728041384,45.11339224838534,2,1134.321747974356,18.905362466239264
132.78,RADAR_B,RADAR_B-CLUT-6957,CLUTTER,15509.337243154961,-5783.077032249143,95.53853555773696,53.20718706205599,3,857.790551951732,14.296509199195533
133.16,RADAR_C,RADAR_C-CLUT-4029,CLUTTER,16467.100513041256,6572.091151257166,-5.090112305568233,-108.97559131061223,5,490.536420678438,8.1756070113073
133.16,RADAR_C,RADAR_C-CLUT-3062,CLUTTER,5340.026834482645,10912.844563111747,62.617210840440265,-150.66896757049267,3,857.790551951732,14.296509199195533
133.16,RADAR_C,RADAR_C-CLUT-7118,CLUTTER,-21891.748282483335,2171.260896001288,225.93763411161626,-28.336511080703062,5,490.536420678438,8.1756070113073
133.16,RADAR_C,RADAR_C-CLUT-5297,CLUTTER,-7628.657668336096,6546.1796466428505,-36.71014760199975,-81.40678217707006,2,1134.321747974356,18.905362466239264
133.16,RADAR_C,RADAR_C-CLUT-8066,CLUTTER,1123.4883518737622,-26652.54669979343,38.28242513199227,-115.59178583714078,1,1500.0,25.0
133.16,RADAR_C,RADAR_C-CLUT-8235,CLUTTER,21125.09059347631,-21256.827706983142,-80.05034979865925,-68.4076379527364,5,490.536420678438,8.1756070113073
133.16,RADAR_C,RADAR_C-CLUT-9271,CLUTTER,12138.069828973677,238.10559128633474,-5.463611783211157,-78.59904983194238,5,490.536420678438,8.1756070113073
133.16,RADAR_C,RADAR_C-CLUT-6298,CLUTTER,-2537.989443999481,20299.411959148933,47.160243990179836,-227.1072264626555,2,1134.321747974356,18.905362466239264
133.16,RADAR_C,RADAR_C-CLUT-5789,CLUTTER,24158.36177033188,-7746.989223580515,93.65293034541281,-132.41797697515463,4,648.6736521905174,10.811227536508623
133.23,RADAR_A,RADAR_A-T4135,TARGET_2_MANEUVER,8737.29681032454,14651.25341858249,-95.72588714658959,-27.40335047645862,14,39.671283813750286,0.6611880635625048
134.52,RADAR_A,RADAR_A-T5875,TARGET_1_LINEAR,13238.928999588084,9977.596412529336,95.01138562987686,4.403311532738396,13,52.46035864770422,0.8743393107950702
135.21,RADAR_A,RADAR_A-CLUT-5898,CLUTTER,8116.891434112402,10237.729586371857,15.811944231960544,32.05534696685654,2,1134.321747974356,18.905362466239264
135.21,RADAR_A,RADAR_A-CLUT-1964,CLUTTER,7561.6051878553735,4441.535982211186,-100.64197561830284,58.52808817267521,6,370.9507534326998,6.1825125572116635
135.21,RADAR_A,RADAR_A-CLUT-4281,CLUTTER,3744.2361822022667,4863.181633174739,52.184492128818434,-130.50680883336585,3,857.790551951732,14.296509199195533
135.34,RADAR_B,RADAR_B-T3309,TARGET_1_LINEAR,13012.318386184468,10053.058235946077,97.03610666062997,0.3491529610716033,9,160.417320008009,2.6736220001334834
135.54,RADAR_A,RADAR_A-T4135,TARGET_2_MANEUVER,8451.596125624019,14580.398625213329,-95.07192068721594,-32.314071638685625,13,52.46035864770422,0.8743393107950702
136.63,RADAR_B,RADAR_B-T3313,TARGET_2_MANEUVER,7933.533428119284,15216.03300958681,-93.210365675746,-33.41051821921294,10,121.30990322456422,2.021831720409404
136.95,RADAR_A,RADAR_A-CLUT-1028,CLUTTER,2239.960927530213,6827.977757232915,-15.314397538604021,12.152780058126334,2,1134.321747974356,18.905362466239264
137.05,RADAR_A,RADAR_A-T5875,TARGET_1_LINEAR,13507.040648142189,10042.251230716762,95.79672210739794,2.117495416193235,14,39.671283813750286,0.6611880635625048
137.52,RADAR_A,RADAR_A-T4135,TARGET_2_MANEUVER,8276.295546009987,14586.793461339068,-93.72953854467625,-34.45613806759959,13,52.46035864770422,0.8743393107950702
138.95,RADAR_A,RADAR_A-CLUT-4735,CLUTTER,2019.0269231074317,6862.297694534761,-6.617201911719456,19.447338212855904,2,1134.321747974356,18.905362466239264
139.03,RADAR_A,RADAR_A-T5875,TARGET_1_LINEAR,13743.178430872249,10033.546793052643,96.39010766247327,2.70495898656936,14,39.671283813750286,0.6611880635625048
139.04,RADAR_B,RADAR_B-CLUT-9594,CLUTTER,14506.154248208946,10013.172004562304,-113.77837196049657,-127.21134645442383,1,1500.0,25.0
139.04,RADAR_B,RADAR_B-CLUT-3865,CLUTTER,23437.816203850754,-321.3788378604786,55.96588022815108,-1.9518853788925319,2,1134.321747974356,18.905362466239264
139.04,RADAR_B,RADAR_B-CLUT-2285,CLUTTER,32506.750087050925,5988.926258580612,-15.028752080697561,-13.733892313982668,6,370.9507534326998,6.1825125572116635
139.04,RADAR_B,RADAR_B-CLUT-6938,CLUTTER,19003.962142457327,12350.900789524567,-46.06222039392324,-20.715103726271245,4,648.6736521905174,10.811227536508623
139.04,RADAR_B,RADAR_B-CLUT-7890,CLUTTER,23370.93337948415,12914.477708804836,63.77672956778178,47.8895099131516,1,1500.0,25.0
139.04,RADAR_B,RADAR_B-CLUT-5349,CLUTTER,23825.203772527766,14310.921222874316,87.87879008414549,-14.002603063478112,4,648.6736521905174,10.811227536508623
139.37,RADAR_C,RADAR_C-CLUT-3800,CLUTTER,-531.5259184922461,-6062.660091782266,-44.48775489830419,104.84847302507706,1,1500.0,25.0
139.37,RADAR_C,RADAR_C-CLUT-8453,CLUTTER,24360.968980058748,-3769.097470858718,93.68815773356475,-52.39007791662328,4,648.6736521905174,10.811227536508623
139.37,RADAR_C,RADAR_C-CLUT-4770,CLUTTER,13906.656999762861,-15425.924610913871,-80.99375990740864,72.74608384165384,3,857.790551951732,14.296509199195533
139.37,RADAR_C,RADAR_C-CLUT-4055,CLUTTER,22473.881800002368,-27995.714161199914,50.37100824204717,-10.558211362543135,4,648.6736521905174,10.811227536508623
139.37,RADAR_C,RADAR_C-CLUT-8189,CLUTTER,-14896.339226385324,-11898.404189694607,46.00862567918165,100.4084333266467,1,1500.0,25.0
139.37,RADAR_C,RADAR_C-CLUT-9759,CLUTTER,-4874.869437825103,-36790.842131645775,54.936736347885244,3.2095265949262948,3,857.790551951732,14.296509199195533
139.37,RADAR_C,RADAR_C-CLUT-2910,CLUTTER,249.98769507397174,4024.5312452971516,-167.3491275640694,-59.917847781603626,4,648.6736521905174,10.811227536508623
139.46,RADAR_B,RADAR_B-T3309,TARGET_1_LINEAR,13506.297081440529,10422.924525401588,95.49171287442513,1.748578009166442,10,121.30990322456422,2.021831720409404
139.51,RADAR_A,RADAR_A-T4135,TARGET_2_MANEUVER,8151.634459238228,14479.819690393033,-88.63536287329909,-39.61603489595484,14,39.671283813750286,0.6611880635625048
140.74,RADAR_A,RADAR_A-T5875,TARGET_1_LINEAR,13934.2174676122,10017.066980262223,96.3387525123691,1.9919177489660198,12,69.3723258961401,1.1562054316023351
140.86,RADAR_A,RADAR_A-CLUT-8766,CLUTTER,4498.869520302723,4550.918816672237,21.666921266716372,-119.68116457195416,1,1500.0,25.0
141.2,RADAR_C,RADAR_C-T2772,TARGET_1_LINEAR,14063.082617717111,10744.443410123009,101.56264434914343,5.237722946326466,7,280.51833803078955,4.6753056338464924
142.06,RADAR_A,RADAR_A-T4135,TARGET_2_MANEUVER,7957.35651581675,14404.521618502913,-89.22516581992686,-41.910885033899085,14,39.671283813750286,0.6611880635625048
142.25,RADAR_B,RADAR_B-T3313,TARGET_2_MANEUVER,7693.073022113393,14852.905650125194,-86.52651691299974,-43.44645984016931,10,121.30990322456422,2.021831720409404
142.52,RADAR_A,RADAR_A-T5875,TARGET_1_LINEAR,14163.102763665975,9965.287843457794,96.43570517409754,-1.1899539683795428,12,69.3723258961401,1.1562054316023351
142.85,RADAR_B,RADAR_B-T3309,TARGET_1_LINEAR,13672.01658000618,10034.53646705496,94.86314828429913,3.415489383370714,8,212.13203435596427,3.5355339059327378
143.51,RADAR_B,RADAR_B-CLUT-1264,CLUTTER,6434.855671421974,-1018.5021653892236,118.58395889223294,-82.59831743158978,5,490.536420678438,8.1756070113073
143.51,RADAR_B,RADAR_B-CLUT-7347,CLUTTER,28697.564843461885,17958.107145557893,-29.254166602441593,40.34165984307072,1,1500.0,25.0
143.51,RADAR_B,RADAR_B-CLUT-3354,CLUTTER,17362.493786139974,3220.2942274760617,-17.986293066911628,79.89360934086976,5,490.536420678438,8.1756070113073
143.95,RADAR_A,RADAR_A-T4135,TARGET_2_MANEUVER,7526.397505628953,14208.235060040444,-87.40799860757915,-45.10254816558862,12,69.3723258961401,1.1562054316023351
144.27,RADAR_A,RADAR_A-T5875,TARGET_1_LINEAR,14238.272552014934,10003.976724858483,96.47395497223594,1.6917100696219538,14,39.671283813750286,0.6611880635625048
145.87,RADAR_A,RADAR_A-T4135,TARGET_2_MANEUVER,7632.299065908881,14195.574562313064,-84.12113969177135,-49.39180226879875,14,39.671283813750286,0.6611880635625048
146.07,RADAR_A,RADAR_A-T5875,TARGET_1_LINEAR,14494.203463085347,9905.748194192547,93.94812728262261,2.4898548099795477,12,69.3723258961401,1.1562054316023351
146.41,RADAR_C,RADAR_C-CLUT-6025,CLUTTER,-5461.110891683831,-413.63125087539464,-85.01384199428094,-43.281981711682285,6,370.9507534326998,6.1825125572116635
146.41,RADAR_C,RADAR_C-CLUT-4042,CLUTTER,-5293.622396924611,-17319.81317684409,39.94897971495289,-27.177188131432374,4,648.6736521905174,10.811227536508623
146.41,RADAR_C,RADAR_C-CLUT-1071,CLUTTER,18469.169590121106,-10961.218750566488,-48.23887510225279,29.02525381697751,2,1134.321747974356,18.905362466239264
146.41,RADAR_C,RADAR_C-CLUT-1287,CLUTTER,-26241.325613100154,15132.32842734621,-56.93292308610446,-55.763576108753796,4,648.6736521905174,10.811227536508623
146.41,RADAR_C,RADAR_C-CLUT-8248,CLUTTER,23322.793111424624,-3170.7730900673173,157.84838944655237,57.70225033992386,6,370.9507534326998,6.1825125572116635
146.41,RADAR_C,RADAR_C-CLUT-5014,CLUTTER,10902.547089163674,-1172.8120177022688,-21.629711930863294,-111.18241145541353,3,857.790551951732,14.296509199195533
146.41,RADAR_C,RADAR_C-CLUT-5227,CLUTTER,29457.356885767673,-23131.02955449055,40.72226832543802,92.31153076307926,6,370.9507534326998,6.1825125572116635
146.52,RADAR_C,RADAR_C-T5567,TARGET_2_MANEUVER,7599.4643398131575,15275.934886238769,-87.04587012008332,-56.61161315925117,5,490.536420678438,8.1756070113073
146.85,RADAR_B,RADAR_B-T3313,TARGET_2_MANEUVER,7122.935229476736,14405.21827630214,-84.5404285143049,-46.651473957081954,8,212.13203435596427,3.5355339059327378
147.49,RADAR_A,RADAR_A-T4135,TARGET_2_MANEUVER,7438.622141391483,14182.203836980378,-84.03536290982088,-52.508863572545586,13,52.46035864770422,0.8743393107950702
147.7,RADAR_A,RADAR_A-T5875,TARGET_1_LINEAR,14595.082669843612,9984.820808180331,98.08324707016781,0.45756096855859096,12,69.3723258961401,1.1562054316023351
148.4,RADAR_B,RADAR_B-T3309,TARGET_1_LINEAR,14335.37225314139,10274.593556217655,98.04907979319604,-0.4643339561137916,11,91.73630764819175,1.528938460803196
148.55,RADAR_B,RADAR_B-CLUT-8953,CLUTTER,31680.202317831463,13980.069183592854,-209.4506558953824,-107.62683899321931,4,648.6736521905174,10.811227536508623
148.55,RADAR_B,RADAR_B-CLUT-9245,CLUTTER,8475.19418277179,18122.001132907975,-5.345317744480448,-50.29361976246883,6,370.9507534326998,6.1825125572116635
148.55,RADAR_B,RADAR_B-CLUT-5677,CLUTTER,20638.11911944218,22082.77340633981,-41.81394050930683,6.974284549656259,3,857.790551951732,14.296509199195533
148.55,RADAR_B,RADAR_B-CLUT-2031,CLUTTER,21365.305715322786,14104.502698655158,-22.49312339716458,53.49413002810537,1,1500.0,25.0
149.19,RADAR_A,RADAR_A-CLUT-1392,CLUTTER,6269.06979110557,2000.9051997793008,88.18314999433214,39.57801443631971,5,490.536420678438,8.1756070113073
149.55,RADAR_A,RADAR_A-T5875,TARGET_1_LINEAR,14800.613158932852,9980.67694526659,97.9994729944833,0.8963038139094784,14,39.671283813750286,0.6611880635625048
149.56,RADAR_A,RADAR_A-T4135,TARGET_2_MANEUVER,7269.029313920446,13985.604587572343,-80.05781041190691,-59.221894131737486,13,52.46035864770422,0.8743393107950702
151.21,RADAR_A,RADAR_A-CLUT-3786,CLUTTER,-2342.3687529448625,3287.413199308805,69.52762289962594,-83.63522130998454,3,857.790551951732,14.296509199195533
151.21,RADAR_A,RADAR_A-CLUT-7363,CLUTTER,-5362.903481766329,15104.69459096889,-54.323454604687164,-122.60050191442552,3,857.790551951732,14.296509199195533
151.23,RADAR_A,RADAR_A-T5875,TARGET_1_LINEAR,14923.28915931035,9945.46396215144,97.69857735296591,1.4373305301198291,13,52.46035864770422,0.8743393107950702
151.63,RADAR_A,RADAR_A-T4135,TARGET_2_MANEUVER,7162.97723567914,13857.549397823137,-80.47496323876267,-59.41746490266652,14,39.671283813750286,0.6611880635625048
152.58,RADAR_C,RADAR_C-T5567,TARGET_2_MANEUVER,7404.333887234741,14473.455824263325,-79.93054978848839,-61.328462401009595,6,370.9507534326998,6.1825125572116635
152.61,RADAR_B,RADAR_B-T3313,TARGET_2_MANEUVER,7074.531045622532,14486.40179984894,-77.02818273029757,-64.82913448786664,8,212.13203435596427,3.5355339059327378
153.15,RADAR_A,RADAR_A-T5875,TARGET_1_LINEAR,15079.220050059212,10049.08704510791,98.79861106089356,1.1093161611505842,12,69.3723258961401,1.1562054316023351
153.24,RADAR_A,RADAR_A-CLUT-7475,CLUTTER,7035.99003362805,2537.0433883988794,-85.0647002294898,-60.18240036121284,3,857.790551951732,14.296509199195533
153.24,RADAR_A,RADAR_A-CLUT-1648,CLUTTER,6553.244180299342,1411.6119864819557,88.81391527504815,-10.214245784447481,4,648.6736521905174,10.811227536508623
153.24,RADAR_A,RADAR_A-CLUT-1818,CLUTTER,13090.061489869335,13149.457131430932,-44.338363451812846,-51.823203580255765,3,857.790551951732,14.296509199195533
153.24,RADAR_A,RADAR_A-CLUT-2438,CLUTTER,5690.267884245691,-3746.768784093756,15.58439321285075,23.161616745308194,4,648.6736521905174,10.811227536508623
153.24,RADAR_A,RADAR_A-CLUT-9699,CLUTTER,7973.770399716268,15616.777457408263,-72.06839251465469,5.061052384326884,4,648.6736521905174,10.811227536508623
153.67,RADAR_A,RADAR_A-T4135,TARGET_2_MANEUVER,6888.1101608502,13776.914356919187,-76.67715795181105,-60.47355084046999,14,39.671283813750286,0.6611880635625048
153.76,RADAR_B,RADAR_B-CLUT-3800,CLUTTER,9616.970463722899,21804.40564380121,-130.77548150035167,-83.23279534973933,6,370.9507534326998,6.1825125572116635
153.76,RADAR_B,RADAR_B-CLUT-3939,CLUTTER,23589.846066187103,6094.283459932904,-115.39863404743573,9.200122228196575,5,490.536420678438,8.1756070113073
154.02,RADAR_B,RADAR_B-T3309,TARGET_1_LINEAR,14750.472646926471,10248.093765439162,97.10341543776877,1.393297870084502,11,91.73630764819175,1.528938460803196
154.77,RADAR_A,RADAR_A-T5875,TARGET_1_LINEAR,15221.08407177708,9959.694508438337,99.57454771613473,2.6187293567745673,13,52.46035864770422,0.8743393107950702
155.88,RADAR_A,RADAR_A-T4135,TARGET_2_MANEUVER,6691.817636795079,13637.84913877761,-74.89449346801872,-66.03555607145404,12,69.3723258961401,1.1562054316023351
156.34,RADAR_B,RADAR_B-T3313,TARGET_2_MANEUVER,6433.242979328334,13807.457057486554,-71.75947400830222,-70.97048905594674,8,212.13203435596427,3.5355339059327378
156.74,RADAR_A,RADAR_A-T5875,TARGET_1_LINEAR,15519.719793856473,9976.816500134135,99.35424619391165,3.10321045554993,12,69.3723258961401,1.1562054316023351
157.28,RADAR_A,RADAR_A-CLUT-5700,CLUTTER,7528.698967763277,6368.103718441584,-10.263919557855829,-177.1338986538924,2,1134.321747974356,18.905362466239264
157.28,RADAR_A,RADAR_A-CLUT-9624,CLUTTER,9168.555253032671,6197.145161814952,49.42001424698276,-80.69936363172548,5,490.536420678438,8.1756070113073
157.28,RADAR_A,RADAR_A-CLUT-4161,CLUTTER,4273.897744776811,9745.623764109212,-10.267894058950224,56.76289365811527,2,1134.321747974356,18.905362466239264
158.09,RADAR_A,RADAR_A-T4135,TARGET_2_MANEUVER,6640.017616839144,13313.055274618971,-72.64560315342212,-70.87238174839459,12,69.3723258961401,1.1562054316023351
158.47,RADAR_C,RADAR_C-CLUT-4454,CLUTTER,33101.0228707031,-19316.34413809869,55.41376274021849,86.37736057554085,3,857.790551951732,14.296509199195533
158.47,RADAR_C,RADAR_C-CLUT-1925,CLUTTER,13735.314503938678,11012.763427286185,155.9996464333854,-3.0579360925651162,1,1500.0,25.0
158.47,RADAR_C,RADAR_C-CLUT-5231,CLUTTER,12684.952430021489,-23999.918241316715,-84.99031736635862,-14.51218489120767,5,490.536420678438,8.1756070113073
158.47,RADAR_C,RADAR_C-CLUT-3586,CLUTTER,14153.127208692322,-7253.679168647312,-32.767224182704,102.22853240244112,4,648.6736521905174,10.811227536508623
158.47,RADAR_C,RADAR_C-CLUT-1805,CLUTTER,20675.628708261705,-26742.833369305743,45.63898646908588,-105.50221331978403,5,490.536420678438,8.1756070113073
158.47,RADAR_C,RADAR_C-CLUT-4730,CLUTTER,-1439.7693782504443,20425.403666855585,-30.402947703148293,-74.31411859685844,1,1500.0,25.0
158.47,RADAR_C,RADAR_C-CLUT-7079,CLUTTER,3744.228667585629,-4455.240693885933,110.14618895720272,-69.68101304909706,2,1134.321747974356,18.905362466239264
158.47,RADAR_C,RADAR_C-CLUT-9645,CLUTTER,-210.65848436963626,946.4498163765257,-40.3302938921331,-109.67178868001086,1,1500.0,25.0
158.47,RADAR_C,RADAR_C-CLUT-8055,CLUTTER,-19585.98180087769,665.0664897744201,-6.458310631372659,-133.276837301141,6,370.9507534326998,6.1825125572116635
158.47,RADAR_C,RADAR_C-CLUT-1559,CLUTTER,-4802.775361346298,2107.5538817683155,21.323034466231768,108.14506592960225,2,1134.321747974356,18.905362466239264
158.47,RADAR_C,RADAR_C-CLUT-4647,CLUTTER,-1336.625281924979,-158.69662944867798,-15.547893723814399,-73.7256052170385,2,1134.321747974356,18.905362466239264
158.6,RADAR_A,RADAR_A-T5875,TARGET_1_LINEAR,15633.371972966768,9980.243518063216,99.28631389376612,0.9790179059294952,12,69.3723258961401,1.1562054316023351
159.15,RADAR_A,RADAR_A-CLUT-1595,CLUTTER,-3580.539999044955,5435.558956586367,58.47671811009729,-52.052786189470694,5,490.536420678438,8.1756070113073
159.15,RADAR_A,RADAR_A-CLUT-2951,CLUTTER,-7678.252475540188,5772.659711358528,-27.130421674231926,93.34279945625661,1,1500.0,25.0
159.15,RADAR_A,RADAR_A-CLUT-9636,CLUTTER,-8729.528786436336,-182.13781983454828,-27.087871729199023,18.793219801555285,2,1134.321747974356,18.905362466239264
159.2,RADAR_B,RADAR_B-T3309,TARGET_1_LINEAR,15432.993691543821,10404.32334426143,97.28759286745368,0.09853571838378983,9,160.417320008009,2.6736220001334834
159.76,RADAR_B,RADAR_B-CLUT-2471,CLUTTER,21811.313735572563,9160.112519834964,-57.71443712428945,112.73427148820704,1,1500.0,25.0
159.76,RADAR_B,RADAR_B-CLUT-2257,CLUTTER,22328.966292059977,13833.683901441123,13.078977800015725,-80.1397946167773,1,1500.0,25.0
159.76,RADAR_B,RADAR_B-CLUT-9592,CLUTTER,27951.493216524774,7240.846280249767,-38.99425700079484,16.55770760527939,5,490.536420678438,8.1756070113073
159.76,RADAR_B,RADAR_B-CLUT-2973,CLUTTER,18718.834318870686,11416.932724000333,19.972894280739293,24.745066641307183,5,490.536420678438,8.1756070113073
159.99,RADAR_A,RADAR_A-T5875,TARGET_1_LINEAR,15928.053737814402,9909.508498680629,100.77143577080571,2.67585836511793,12,69.3723258961401,1.1562054316023351
160.14,RADAR_C,RADAR_C-T8415,TARGET_1_LINEAR,15951.198783855662,10485.213553673402,101.03453712904671,0.35868237544516735,8,212.13203435596427,3.5355339059327378
160.23,RADAR_A,RADAR_A-T4135,TARGET_2_MANEUVER,6578.085470256505,13320.759703798423,-66.74861366304346,-74.3170374683205,13,52.46035864770422,0.8743393107950702
161.08,RADAR_B,RADAR_B-T3313,TARGET_2_MANEUVER,6019.56341128475,13519.394565908877,-67.83081875350939,-75.12565757898885,12,69.3723258961401,1.1562054316023351
161.85,RADAR_A,RADAR_A-T5875,TARGET_1_LINEAR,16023.903817023054,9945.080165201713,100.55617827786571,1.8501266509992482,12,69.3723258961401,1.1562054316023351
162.16,RADAR_A,RADAR_A-T4135,TARGET_2_MANEUVER,6447.640653540298,13138.496703537845,-64.598336091826,-75.71170191550222,13,52.46035864770422,0.8743393107950702
162.47,RADAR_A,RADAR_A-CLUT-5924,CLUTTER,861.2715359916338,5064.589066451521,-26.66359090892474,14.548633357473044,5,490.536420678438,8.1756070113073
162.47,RADAR_A,RADAR_A-CLUT-7952,CLUTTER,835.9439802746838,10261.043861117618,-7.936028234524536,30.12081105364964,1,1500.0,25.0
163.91,RADAR_A,RADAR_A-T5875,TARGET_1_LINEAR,16243.21235613994,10006.244394083904,99.12417419834178,1.4570572779539732,12,69.3723258961401,1.1562054316023351
164.22,RADAR_B,RADAR_B-T3309,TARGET_1_LINEAR,15681.460016835284,10602.051221619253,98.86878999771454,0.05560425243932343,8,212.13203435596427,3.5355339059327378
164.23,RADAR_A,RADAR_A-T4135,TARGET_2_MANEUVER,6196.742499979193,13026.648919109675,-61.42234533793672,-77.33679089392035,13,52.46035864770422,0.8743393107950702
164.38,RADAR_B,RADAR_B-CLUT-4483,CLUTTER,12342.84105618895,19266.100834975092,-8.850919942046326,-37.21976421074171,4,648.6736521905174,10.811227536508623
164.38,RADAR_B,RADAR_B-CLUT-8236,CLUTTER,16328.854559641424,18742.122376106257,-57.999027132543944,-26.206153043929213,5,490.536420678438,8.1756070113073
164.38,RADAR_B,RADAR_B-CLUT-6828,CLUTTER,20709.999286889375,10527.900395562014,99.76587729711149,69.44521939291731,6,370.9507534326998,6.1825125572116635
164.45,RADAR_A,RADAR_A-CLUT-8710,CLUTTER,-6937.345052525508,7857.154343120781,-128.26767277269948,-77.42741081116908,2,1134.321747974356,18.905362466239264
164.45,RADAR_A,RADAR_A-CLUT-9529,CLUTTER,9713.220473498475,18348.85479027113,-14.708311452736773,-5.0118577697457205,4,648.6736521905174,10.811227536508623
164.45,RADAR_A,RADAR_A-CLUT-6993,CLUTTER,14565.232218845902,14836.473647062132,19.299219872538345,-243.82218499148775,4,648.6736521905174,10.811227536508623
164.45,RADAR_A,RADAR_A-CLUT-4513,CLUTTER,-725.8590747245053,17323.417869008754,44.857382583420524,-12.664438240773102,4,648.6736521905174,10.811227536508623
165.8,RADAR_B,RADAR_B-T3313,TARGET_2_MANEUVER,5986.001774037265,13198.837872129734,-60.16994390813274,-80.35811233325542,11,91.73630764819175,1.528938460803196
165.99,RADAR_A,RADAR_A-T4135,TARGET_2_MANEUVER,6160.697197557733,12878.564233090703,-61.05261710057988,-82.98757605669535,12,69.3723258961401,1.1562054316023351
166.32,RADAR_A,RADAR_A-CLUT-6085,CLUTTER,9429.38204601326,8667.762510853812,8.951736359087922,8.262332240555438,4,648.6736521905174,10.811227536508623
166.35,RADAR_A,RADAR_A-T5875,TARGET_1_LINEAR,16390.73579523676,10088.468561201642,100.76720139199286,0.8302412439053435,12,69.3723258961401,1.1562054316023351
168.08,RADAR_A,RADAR_A-CLUT-4237,CLUTTER,5320.8596048990885,-3088.5653582342948,-37.17275617636333,-15.878756681204877,2,1134.321747974356,18.905362466239264
168.36,RADAR_B,RADAR_B-CLUT-4705,CLUTTER,25542.708861850348,22475.393581158845,142.9277619141357,104.4321941012133,4,648.6736521905174,10.811227536508623
168.36,RADAR_B,RADAR_B-CLUT-2746,CLUTTER,20976.085920999707,10786.659690472723,-126.36043336698182,47.2003808883577,2,1134.321747974356,18.905362466239264
168.36,RADAR_B,RADAR_B-CLUT-9953,CLUTTER,24154.078689051366,5769.827258472143,32.08516919554273,89.57502228427049,4,648.6736521905174,10.811227536508623
168.36,RADAR_B,RADAR_B-CLUT-5187,CLUTTER,12420.519009936332,-4267.169985271579,22.6442529806923,-164.73596078149154,4,648.6736521905174,10.811227536508623
168.36,RADAR_B,RADAR_B-CLUT-4718,CLUTTER,22483.41443243175,10533.028142803367,203.2312878145147,-94.57745840333507,1,1500.0,25.0
168.46,RADAR_A,RADAR_A-T4135,TARGET_2_MANEUVER,5951.021373346029,12680.853592457708,-56.07442136512878,-82.86966345716822,14,39.671283813750286,0.6611880635625048
168.6,RADAR_A,RADAR_A-T5875,TARGET_1_LINEAR,16589.74791449545,9986.213736633204,99.64038127802752,1.0566941790223923,14,39.671283813750286,0.6611880635625048
169.8,RADAR_B,RADAR_B-T3309,TARGET_1_LINEAR,16376.862885202358,10202.72892720701,98.00492605012417,2.1995275566792243,11,91.73630764819175,1.528938460803196
169.82,RADAR_A,RADAR_A-CLUT-4981,CLUTTER,15207.433331997021,13272.937998558575,-44.94736794813592,38.348876274353785,2,1134.321747974356,18.905362466239264
169.82,RADAR_A,RADAR_A-CLUT-8095,CLUTTER,-4346.887493600547,5743.014307389922,8.821401486772542,49.340887453838434,4,648.6736521905174,10.811227536508623
169.82,RADAR_A,RADAR_A-CLUT-5655,CLUTTER,5186.823483063154,5449.806585527736,69.65973156707226,75.9050477177296,3,857.790551951732,14.296509199195533
170.31,RADAR_B,RADAR_B-T3313,TARGET_2_MANEUVER,5698.511672377974,12932.229283769313,-51.133326514185626,-87.49317562594594,8,212.13203435596427,3.5355339059327378
170.53,RADAR_A,RADAR_A-T5875,TARGET_1_LINEAR,16804.02037179504,10025.217447830606,99.74811220580698,2.0496607504419884,14,39.671283813750286,0.6611880635625048
170.67,RADAR_A,RADAR_A-T4135,TARGET_2_MANEUVER,5952.156004642478,12404.48834951465,-52.1113809901391,-85.93614441192956,13,52.46035864770422,0.8743393107950702
171.57,RADAR_C,RADAR_C-T8942,TARGET_2_MANEUVER,6143.427449148986,12888.302909380194,-53.66962507520018,-79.72446442929,6,370.9507534326998,6.1825125572116635
171.73,RADAR_A,RADAR_A-CLUT-6538,CLUTTER,2344.9702182487144,7746.431217215646,21.49748218437347,-205.88193949585119,3,857.790551951732,14.296509199195533
171.84,RADAR_C,RADAR_C-CLUT-5721,CLUTTER,16176.292639168827,-21913.225040525456,-101.74260817293944,0.7018009271829071,5,490.536420678438,8.1756070113073
171.84,RADAR_C,RADAR_C-CLUT-8336,CLUTTER,-6918.171976756711,-4890.11230237688,-18.682763486668,90.35978733144661,4,648.6736521905174,10.811227536508623
171.84,RADAR_C,RADAR_C-CLUT-7238,CLUTTER,-99.29818495926006,35642.069432433906,-72.08004819519984,-34.133376677509744,4,648.6736521905174,10.811227536508623
171.84,RADAR_C,RADAR_C-CLUT-5459,CLUTTER,-6950.707448232449,-17438.768230740705,-143.62452314241736,-161.35503373111584,2,1134.321747974356,18.905362466239264
171.84,RADAR_C,RADAR_C-CLUT-4506,CLUTTER,15824.89042122575,9459.893097195536,-94.0730812535702,61.64008147136811,2,1134.321747974356,18.905362466239264
171.84,RADAR_C,RADAR_C-CLUT-6639,CLUTTER,-6640.005554596406,3496.7040297564818,1.3935467483886668,-33.29775811569094,2,1134.321747974356,18.905362466239264
171.84,RADAR_C,RADAR_C-CLUT-2942,CLUTTER,-4368.75809275984,-25409.695181588217,-13.484507710703014,140.58477118517914,4,648.6736521905174,10.811227536508623
171.98,RADAR_B,RADAR_B-CLUT-2515,CLUTTER,14374.193182360737,5630.4206101389,59.152759089317,-32.45507038450026,3,857.790551951732,14.296509199195533
171.98,RADAR_B,RADAR_B-CLUT-6373,CLUTTER,33633.721624522586,15899.918424576503,-8.65111923131334,88.96804953770709,6,370.9507534326998,6.1825125572116635
171.98,RADAR_B,RADAR_B-CLUT-3980,CLUTTER,21767.307835336826,10689.76917116057,-42.46127105226854,-84.264506067637,1,1500.0,25.0
171.98,RADAR_B,RADAR_B-CLUT-9775,CLUTTER,9428.056798701093,141.4253140247165,113.4722036829266,-27.074862785185534,4,648.6736521905174,10.811227536508623
171.98,RADAR_B,RADAR_B-CLUT-4897,CLUTTER,8212.61332121328,2907.6366763353117,39.9748668910525,100.78849527224997,3,857.790551951732,14.296509199195533
171.98,RADAR_B,RADAR_B-CLUT-6067,CLUTTER,28559.52011364676,11096.638503524966,-129.16795263760878,6.814960648898608,5,490.536420678438,8.1756070113073
172.58,RADAR_A,RADAR_A-T5875,TARGET_1_LINEAR,17084.61225938345,10031.835121653929,100.18301302847965,2.2103546488706334,12,69.3723258961401,1.1562054316023351
173.14,RADAR_A,RADAR_A-T4135,TARGET_2_MANEUVER,5685.203201981677,12181.072502516115,-48.296453420618136,-88.94253759783962,12,69.3723258961401,1.1562054316023351
174.3,RADAR_A,RADAR_A-T5875,TARGET_1_LINEAR,17262.129467298655,10066.650905958095,100.05237547178024,1.2086018633957114,14,39.671283813750286,0.6611880635625048
175.17,RADAR_B,RADAR_B-T3309,TARGET_1_LINEAR,17073.04234602434,10401.387253336381,100.2148144521055,4.173392726896197,9,160.417320008009,2.6736220001334834
175.34,RADAR_A,RADAR_A-T4135,TARGET_2_MANEUVER,5558.119849990144,12113.142379154551,-45.133992567911115,-89.07156842511168,13,52.46035864770422,0.8743393107950702
175.48,RADAR_A,RADAR_A-CLUT-4285,CLUTTER,11379.210790865702,13291.448205722081,77.42608192201632,96.48947478194265,3,857.790551951732,14.296509199195533
175.48,RADAR_A,RADAR_A-CLUT-6599,CLUTTER,6415.266261582126,7605.829809593173,12.072877090005559,69.49304338845721,1,1500.0,25.0
175.48,RADAR_A,RADAR_A-CLUT-8450,CLUTTER,15834.527642520661,14714.243910832647,-134.66757556582658,-54.51041880556591,6,370.9507534326998,6.1825125572116635
175.65,RADAR_B,RADAR_B-T3313,TARGET_2_MANEUVER,5350.6566653029195,12506.084454207266,-43.54708191936653,-89.60632259593343,12,69.3723258961401,1.1562054316023351
176.2,RADAR_A,RADAR_A-T5875,TARGET_1_LINEAR,17458.64763875359,9993.818184928112,98.50735275523012,1.7975309451756376,12,69.3723258961401,1.1562054316023351
176.59,RADAR_B,RADAR_B-CLUT-2421,CLUTTER,20220.52618577064,10037.313601758064,-78.97998356407666,49.44704129659458,2,1134.321747974356,18.905362466239264
176.59,RADAR_B,RADAR_B-CLUT-3962,CLUTTER,34595.29409227976,6476.865433536527,30.735639368244826,128.23281848589082,6,370.9507534326998,6.1825125572116635
176.59,RADAR_B,RADAR_B-CLUT-1591,CLUTTER,18095.823352403604,19363.812104229408,-5.028279767227549,-23.03248614943362,4,648.6736521905174,10.811227536508623
177.66,RADAR_A,RADAR_A-CLUT-8637,CLUTTER,6718.654322498326,2372.594467824047,16.081198456692277,-33.8171567754168,5,490.536420678438,8.1756070113073
178.1,RADAR_A,RADAR_A-T4135,TARGET_2_MANEUVER,5583.882853941433,11917.143602253846,-38.0484825287486,-92.11949581365315,12,69.3723258961401,1.1562054316023351
178.86,RADAR_C,RADAR_C-T4156,TARGET_1_LINEAR,18080.867150869868,10512.175207065982,102.32242278325194,-1.5218216167104421,9,160.417320008009,2.6736220001334834
179.27,RADAR_B,RADAR_B-T3313,TARGET_2_MANEUVER,5549.284468888241,11963.295156066293,-19.549147635405525,-43.036916706054676,8,212.13203435596427,3.5355339059327378
179.46,RADAR_A,RADAR_A-T8183,TARGET_1_LINEAR,17695.62867761448,10114.193888540754,97.59559755704969,0.5630743936317986,12,69.3723258961401,1.1562054316023351
179.61,RADAR_A,RADAR_A-T4135,TARGET_2_MANEUVER,5485.324182526724,11833.038179009163,9.956566189730486,22.283412534466223,12,69.3723258961401,1.1562054316023351
179.79,RADAR_C,RADAR_C-CLUT-6278,CLUTTER,-7238.095225207187,8214.460878527321,-145.679796217218,-168.95345990913566,3,857.790551951732,14.296509199195533
179.79,RADAR_C,RADAR_C-CLUT-8962,CLUTTER,3289.1449160057955,-655.5095772087244,-78.9677536361782,-77.0771784243752,1,1500.0,25.0
179.79,RADAR_C,RADAR_C-CLUT-7858,CLUTTER,-30658.488354609333,21435.224648871186,38.94578500088813,2.514160748307672,6,370.9507534326998,6.1825125572116635
179.79,RADAR_C,RADAR_C-CLUT-9702,CLUTTER,27850.716514964093,-17373.097010339352,70.82050566927683,70.32113236456058,2,1134.321747974356,18.905362466239264
179.79,RADAR_C,RADAR_C-CLUT-6419,CLUTTER,20570.742953896963,21840.14007025076,6.23419616802507,-16.028400135978636,5,490.536420678438,8.1756070113073
179.79,RADAR_C,RADAR_C-CLUT-3841,CLUTTER,-23814.140595848752,-20101.40551960982,-39.670745293832496,-2.1431339554591253,4,648.6736521905174,10.811227536508623
179.79,RADAR_C,RADAR_C-CLUT-5665,CLUTTER,-1676.6636565581632,-981.1985761242449,145.335674040483,101.80728064465684,2,1134.321747974356,18.905362466239264
179.79,RADAR_C,RADAR_C-CLUT-9861,CLUTTER,-26133.643405439136,26222.126586575814,35.152307592307324,-13.799682751796507,4,648.6736521905174,10.811227536508623
179.79,RADAR_C,RADAR_C-CLUT-3318,CLUTTER,-38934.16850437613,3917.70627428916,26.396180486163026,-26.67890247757562,6,370.9507534326998,6.1825125572116635
179.79,RADAR_C,RADAR_C-CLUT-4291,CLUTTER,3164.0391460355013,-1582.0199898592718,-154.29299354045372,-12.424116088666759,6,370.9507534326998,6.1825125572116635
179.79,RADAR_C,RADAR_C-CLUT-3037,CLUTTER,-1172.3926085206476,-2063.767571180919,-74.9720926267458,64.18098459573994,4,648.6736521905174,10.811227536508623
179.79,RADAR_C,RADAR_C-CLUT-6440,CLUTTER,2493.987593585303,10551.789292872487,-13.967017938220652,11.41284921248407,5,490.536420678438,8.1756070113073
179.83,RADAR_B,RADAR_B-T3309,TARGET_1_LINEAR,17376.20346626667,10395.745938174245,99.78253013624197,0.6547943319819233,12,69.3723258961401,1.1562054316023351
179.92,RADAR_A,RADAR_A-CLUT-7404,CLUTTER,-540.5070613319094,-7125.427885732273,-61.54676672730395,-85.27912908311433,4,648.6736521905174,10.811227536508623
179.92,RADAR_A,RADAR_A-CLUT-6560,CLUTTER,8178.285176997812,7460.081245408502,64.0126370068588,215.42065300189813,2,1134.321747974356,18.905362466239264
179.92,RADAR_A,RADAR_A-CLUT-5581,CLUTTER,6035.54335435436,-324.3419149677793,66.17282494921686,101.15747925424843,4,648.6736521905174,10.811227536508623
181.27,RADAR_A,RADAR_A-T4135,TARGET_2_MANEUVER,5679.913755312531,11928.367523056046,37.94659389005736,94.54495758433536,10,121.30990322456422,2.021831720409404
181.56,RADAR_A,RADAR_A-T8183,TARGET_1_LINEAR,18037.119384855418,9997.96238529932,99.97582453136886,2.6683187254469454,12,69.3723258961401,1.1562054316023351
181.78,RADAR_B,RADAR_B-CLUT-3577,CLUTTER,17654.82961340526,11986.885996919109,32.11713134935959,-116.19987176701578,3,857.790551951732,14.296509199195533
181.78,RADAR_B,RADAR_B-CLUT-4033,CLUTTER,22323.78713778078,3816.3402294973703,68.8607159805793,-36.00540274512602,5,490.536420678438,8.1756070113073
181.78,RADAR_B,RADAR_B-CLUT-7635,CLUTTER,10714.26991299428,21761.153896863725,-19.522882280131395,90.02570447731513,2,1134.321747974356,18.905362466239264
181.78,RADAR_B,RADAR_B-CLUT-2265,CLUTTER,24367.105243055496,16543.080192276495,117.58274070299964,-49.78161783151968,3,857.790551951732,14.296509199195533
181.78,RADAR_B,RADAR_B-CLUT-8063,CLUTTER,17818.04059406494,18180.700608491832,-149.06515186431955,81.41839008878503,5,490.536420678438,8.1756070113073
181.78,RADAR_B,RADAR_B-CLUT-6311,CLUTTER,15262.541277540291,19447.08214754857,151.1458097584437,55.191793060635604,4,648.6736521905174,10.811227536508623
181.81,RADAR_A,RADAR_A-CLUT-8314,CLUTTER,7327.103210137659,9495.55456374149,-4.084853209198581,-19.750831725495235,3,857.790551951732,14.296509199195533
181.81,RADAR_A,RADAR_A-CLUT-3105,CLUTTER,-2723.1406042017034,11332.65384292659,-53.382778836502496,-54.44663088533425,3,857.790551951732,14.296509199195533
181.81,RADAR_A,RADAR_A-CLUT-1834,CLUTTER,7594.852070349766,10053.255863984949,33.67708217019229,80.13228027016801,3,857.790551951732,14.296509199195533
181.81,RADAR_A,RADAR_A-CLUT-6917,CLUTTER,-2272.7974352400406,-1793.8053426444449,-36.781169266438106,43.47126622974477,2,1134.321747974356,18.905362466239264
181.81,RADAR_A,RADAR_A-CLUT-4110,CLUTTER,-1227.324766053799,4988.632736540468,-33.72337725274547,-35.70099893601051,1,1500.0,25.0
182.9,RADAR_C,RADAR_C-T8942,TARGET_2_MANEUVER,5623.9238482732735,12185.59832250493,36.248008124734135,78.26368370882695,5,490.536420678438,8.1756070113073
183.1,RADAR_A,RADAR_A-T4135,TARGET_2_MANEUVER,5574.026843398844,12165.7572990667,41.12266925618667,89.52121164963653,11,91.73630764819175,1.528938460803196
183.4,RADAR_A,RADAR_A-CLUT-8173,CLUTTER,12384.610761858154,-7390.513337296561,99.57716614547267,46.206414426553735,1,1500.0,25.0
183.4,RADAR_A,RADAR_A-CLUT-1224,CLUTTER,8347.167371061234,1133.2589477426977,7.022354784717492,95.82340177139025,5,490.536420678438,8.1756070113073
183.71,RADAR_A,RADAR_A-T8183,TARGET_1_LINEAR,18077.576061517968,10057.618793783278,98.79796007827932,0.7135725489609579,12,69.3723258961401,1.1562054316023351
184.58,RADAR_B,RADAR_B-T3309,TARGET_1_LINEAR,17669.792470715856,10393.6082432216,99.8440174065382,2.98191909445949,11,91.73630764819175,1.528938460803196
184.63,RADAR_A,RADAR_A-T4135,TARGET_2_MANEUVER,5627.61805287804,12146.766323324386,46.364724528405524,85.65335882920871,11,91.73630764819175,1.528938460803196
185.79,RADAR_A,RADAR_A-CLUT-8777,CLUTTER,5818.881293182886,-5672.741676552001,26.148432048834987,-111.14389841687922,5,490.536420678438,8.1756070113073
185.79,RADAR_A,RADAR_A-CLUT-9343,CLUTTER,1352.6391793621174,15556.62383445016,80.81299628217238,-96.85463886455017,6,370.9507534326998,6.1825125572116635
185.92,RADAR_B,RADAR_B-T3313,TARGET_2_MANEUVER,5674.728530493359,12985.593355592475,49.653597541816865,83.01472111546958,9,160.417320008009,2.6736220001334834
186.05,RADAR_B,RADAR_B-CLUT-7099,CLUTTER,21633.041745977196,-141.65979612862793,-170.34616409353782,-47.28147645867456,5,490.536420678438,8.1756070113073
186.05,RADAR_B,RADAR_B-CLUT-7103,CLUTTER,19155.21215816072,12188.437061813664,-28.122950099888374,30.594665255402834,1,1500.0,25.0
186.05,RADAR_B,RADAR_B-CLUT-1588,CLUTTER,19906.057191194024,14104.03765368458,35.2047943218516,-56.49028897488843,5,490.536420678438,8.1756070113073
186.05,RADAR_B,RADAR_B-CLUT-4822,CLUTTER,16974.710261065564,11664.685174988572,-104.97305609564143,97.83588438326767,4,648.6736521905174,10.811227536508623
186.14,RADAR_A,RADAR_A-T8183,TARGET_1_LINEAR,18388.179673803417,10030.597622075698,100.68204408212887,1.5360761324086136,14,39.671283813750286,0.6611880635625048
186.68,RADAR_A,RADAR_A-T4135,TARGET_2_MANEUVER,5827.360162751682,12394.409306897216,50.49045951008397,83.12930761598327,12,69.3723258961401,1.1562054316023351
186.69,RADAR_C,RADAR_C-T4156,TARGET_1_LINEAR,19377.35034996405,10155.632999991725,93.72712646866208,6.876207099014877,6,370.9507534326998,6.1825125572116635
187.42,RADAR_A,RADAR_A-T8183,TARGET_1_LINEAR,18517.91593875491,9978.971399897644,102.3411943000302,1.2846515664481943,13,52.46035864770422,0.8743393107950702
187.76,RADAR_A,RADAR_A-CLUT-2831,CLUTTER,3333.3540278947485,3198.4392416393675,-1.7906244313497863,13.570536494849662,4,648.6736521905174,10.811227536508623
187.89,RADAR_C,RADAR_C-CLUT-8511,CLUTTER,-5205.920905329725,-2277.891334444198,44.40717595532695,22.450989342614957,2,1134.321747974356,18.905362466239264
187.89,RADAR_C,RADAR_C-CLUT-1440,CLUTTER,29085.308428548025,11005.433269107532,-124.04658369604043,-85.50625845037158,2,1134.321747974356,18.905362466239264
187.89,RADAR_C,RADAR_C-CLUT-2125,CLUTTER,-6615.397967116621,29882.628482566673,-157.46165073514635,-25.56405138362429,5,490.536420678438,8.1756070113073
187.89,RADAR_C,RADAR_C-CLUT-8222,CLUTTER,45.96784764960814,317.9690184419248,256.70148853664233,-64.81454424476546,1,1500.0,25.0
187.89,RADAR_C,RADAR_C-CLUT-3525,CLUTTER,3010.857094591829,9212.916340904774,-115.71985628325498,-37.20607569608048,4,648.6736521905174,10.811227536508623
187.89,RADAR_C,RADAR_C-CLUT-9046,CLUTTER,-10706.561522808264,-9254.828421587566,-20.167707556666787,-7.262247259381599,4,648.6736521905174,10.811227536508623
187.89,RADAR_C,RADAR_C-CLUT-7457,CLUTTER,34632.85445310522,-19876.063806158327,-57.27599739147979,75.36607528796006,6,370.9507534326998,6.1825125572116635
187.89,RADAR_C,RADAR_C-CLUT-2381,CLUTTER,4222.554343202478,-16374.675831506715,-50.935901118042466,62.172469954946436,1,1500.0,25.0
187.89,RADAR_C,RADAR_C-CLUT-5215,CLUTTER,-17655.146046589467,-25208.085931826212,38.511026132145844,-54.73926667523428,6,370.9507534326998,6.1825125572116635
188.67,RADAR_A,RADAR_A-T4135,TARGET_2_MANEUVER,5965.914177495767,12508.143008151048,50.59851887683637,83.8459716361476,13,52.46035864770422,0.8743393107950702
189.66,RADAR_A,RADAR_A-T8183,TARGET_1_LINEAR,18768.97289099043,9999.701345370146,102.33112530536536,-0.28227064586319184,13,52.46035864770422,0.8743393107950702
189.81,RADAR_B,RADAR_B-T3309,TARGET_1_LINEAR,18246.602184134816,10665.62883869409,101.22177964220124,-0.4049597012244519,8,212.13203435596427,3.5355339059327378
190.34,RADAR_B,RADAR_B-CLUT-2480,CLUTTER,30461.30325265076,19516.15811686765,-59.95327895655787,27.02128792436811,3,857.790551951732,14.296509199195533
190.34,RADAR_B,RADAR_B-CLUT-7319,CLUTTER,15488.107313781666,8752.683899771824,-123.49920688792815,45.374736756942895,6,370.9507534326998,6.1825125572116635
190.61,RADAR_A,RADAR_A-CLUT-1823,CLUTTER,-372.0177038350894,-6917.516034515191,-116.60995892964615,-56.93276619129164,5,490.536420678438,8.1756070113073
190.61,RADAR_A,RADAR_A-CLUT-3242,CLUTTER,10665.742053253183,7964.550447413049,153.75463708944199,-52.565033531336994,1,1500.0,25.0
190.61,RADAR_A,RADAR_A-CLUT-1404,CLUTTER,4358.417318741716,296.7395415384781,-86.97148001898393,-44.92190857717852,5,490.536420678438,8.1756070113073
190.61,RADAR_A,RADAR_A-CLUT-1064,CLUTTER,4500.566755193346,6162.848774043817,91.49405915238606,81.47627674111789,5,490.536420678438,8.1756070113073
190.7,RADAR_A,RADAR_A-T4135,TARGET_2_MANEUVER,5997.331656916322,12764.946987833882,56.021171947240425,83.64500657672015,14,39.671283813750286,0.6611880635625048
191.89,RADAR_A,RADAR_A-T8183,TARGET_1_LINEAR,19064.595260158527,10083.657614314125,100.60974175160062,1.6923319040865257,12,69.3723258961401,1.1562054316023351
192.49,RADAR_A,RADAR_A-CLUT-4718,CLUTTER,5154.2751977319585,14677.335025813116,-36.273128670708324,83.8786120840474,4,648.6736521905174,10.811227536508623
192.6,RADAR_B,RADAR_B-T3313,TARGET_2_MANEUVER,5991.467278600952,13181.882023295662,62.73732968397722,78.92860552927326,10,121.30990322456422,2.021831720409404
192.77,RADAR_A,RADAR_A-T4135,TARGET_2_MANEUVER,6182.761395982419,12957.27542173723,62.105692650255754,79.65253247127413,13,52.46035864770422,0.8743393107950702
193.18,RADAR_A,RADAR_A-T8183,TARGET_1_LINEAR,19038.747005921618,10096.923682149483,101.18281399594383,0.8310980037088617,13,52.46035864770422,0.8743393107950702
193.84,RADAR_C,RADAR_C-T8942,TARGET_2_MANEUVER,6140.660228867051,13481.707157422627,61.58763231808925,77.8970159991778,9,160.417320008009,2.6736220001334834
194.63,RADAR_A,RADAR_A-CLUT-5335,CLUTTER,12764.780874140959,5359.226490684954,6.128725636132769,-40.94108463538427,2,1134.321747974356,18.905362466239264
194.63,RADAR_A,RADAR_A-CLUT-4994,CLUTTER,1479.5655910821024,5770.0760185283525,-197.72479266514085,-134.06334267492005,4,648.6736521905174,10.811227536508623
194.63,RADAR_A,RADAR_A-CLUT-9536,CLUTTER,-8553.005248839418,9640.207274060085,-18.919011912341873,42.04902835587496,4,648.6736521905174,10.811227536508623
195.2,RADAR_B,RADAR_B-T3309,TARGET_1_LINEAR,19071.068070985955,10568.720311142073,102.50039365417952,3.1923981040002563,10,121.30990322456422,2.021831720409404
195.29,RADAR_C,RADAR_C-CLUT-8155,CLUTTER,1793.7239016219073,4900.248109799881,153.00437515455528,167.81561512042612,4,648.6736521905174,10.811227536508623
195.29,RADAR_C,RADAR_C-CLUT-1014,CLUTTER,1398.6162494754008,31787.72312651631,-99.03706982598925,-63.438107736853965,3,857.790551951732,14.296509199195533
195.29,RADAR_C,RADAR_C-CLUT-2659,CLUTTER,-12393.53919478861,-10081.412710305473,-149.07221967564527,-94.91759374377237,2,1134.321747974356,18.905362466239264
195.29,RADAR_C,RADAR_C-CLUT-8933,CLUTTER,-19486.079991382994,10991.015473706364,-108.53262619568844,-17.658300556669325,4,648.6736521905174,10.811227536508623
195.29,RADAR_C,RADAR_C-CLUT-6142,CLUTTER,10608.622471921508,5190.6909688661035,-37.94815159114969,19.067717257411957,4,648.6736521905174,10.811227536508623
195.29,RADAR_C,RADAR_C-CLUT-7764,CLUTTER,-20559.038070150935,-13154.261114451287,131.59313677828996,32.21156091712978,4,648.6736521905174,10.811227536508623
195.29,RADAR_C,RADAR_C-CLUT-9527,CLUTTER,6966.79041934652,-10909.664210448585,-106.6142752820163,-20.420652532975705,5,490.536420678438,8.1756070113073
195.29,RADAR_C,RADAR_C-CLUT-3091,CLUTTER,7660.014862550856,-10899.008393968454,47.78426934652152,-114.25527526460593,1,1500.0,25.0
195.52,RADAR_B,RADAR_B-CLUT-9422,CLUTTER,20535.233364170705,426.6081035172356,30.585751020932932,35.305148484901764,5,490.536420678438,8.1756070113073
195.52,RADAR_B,RADAR_B-CLUT-9448,CLUTTER,20376.619872761992,13240.109685602067,62.15493623452133,-25.22130671330046,5,490.536420678438,8.1756070113073
195.52,RADAR_B,RADAR_B-CLUT-9680,CLUTTER,10205.605488454776,-4153.520071689492,94.11648178914109,74.88449343488129,5,490.536420678438,8.1756070113073
195.52,RADAR_B,RADAR_B-CLUT-4065,CLUTTER,16023.211821493045,20260.728656475127,10.804172756610456,75.33573938445782,6,370.9507534326998,6.1825125572116635
196.43,RADAR_A,RADAR_A-T1584,TARGET_2_MANEUVER,6449.523052910923,13238.606066959444,65.08120812829546,74.30978880783978,14,39.671283813750286,0.6611880635625048
197.57,RADAR_B,RADAR_B-T3313,TARGET_2_MANEUVER,6189.927122385649,13845.241416610179,69.8142156973642,75.735831481748,10,121.30990322456422,2.021831720409404
197.85,RADAR_C,RADAR_C-T4156,TARGET_1_LINEAR,20034.863300050736,10355.562937114046,95.17775126669125,3.188255936366927,7,280.51833803078955,4.6753056338464924
198.15,RADAR_A,RADAR_A-T1584,TARGET_2_MANEUVER,6507.511181019122,13357.360423961542,71.6599244018789,73.55348528440663,14,39.671283813750286,0.6611880635625048
199.34,RADAR_A,RADAR_A-CLUT-6599,CLUTTER,5762.471128181048,4740.389840409026,83.44491018358498,108.99215483507274,6,370.9507534326998,6.1825125572116635
199.34,RADAR_A,RADAR_A-CLUT-2054,CLUTTER,-2974.968174760974,-1298.024832248333,144.12316911401868,17.02922052217029,5,490.536420678438,8.1756070113073
199.69,RADAR_A,RADAR_A-T1584,TARGET_2_MANEUVER,6609.147802184184,13470.406051962866,71.54771422268891,71.89122952573108,14,39.671283813750286,0.6611880635625048
200.73,RADAR_B,RADAR_B-CLUT-9532,CLUTTER,18160.39979492785,14704.56390985499,61.96643981853932,14.32912090947739,5,490.536420678438,8.1756070113073
200.73,RADAR_B,RADAR_B-CLUT-5526,CLUTTER,25808.62699035997,13942.627479557284,121.19793791470856,-147.0647467767238,2,1134.321747974356,18.905362466239264
200.73,RADAR_B,RADAR_B-CLUT-2478,CLUTTER,19456.091484485987,16393.48601226101,-3.2316921013148425,-100.29514003702036,5,490.536420678438,8.1756070113073
200.73,RADAR_B,RADAR_B-CLUT-9166,CLUTTER,19606.065142585183,9905.642021581383,116.9803683227783,-23.236313298223124,5,490.536420678438,8.1756070113073
200.73,RADAR_B,RADAR_B-CLUT-7993,CLUTTER,26072.728982428554,4583.13877153403,-21.63129403553928,-88.37405033101199,5,490.536420678438,8.1756070113073
201.73,RADAR_A,RADAR_A-T1584,TARGET_2_MANEUVER,6737.776281748157,13495.58081618087,75.01941296053214,65.83566222215289,12,69.3723258961401,1.1562054316023351
201.76,RADAR_C,RADAR_C-T8942,TARGET_2_MANEUVER,6681.879117175986,13825.712720366924,75.822359635119,70.26281839990644,7,280.51833803078955,4.6753056338464924
201.83,RADAR_A,RADAR_A-CLUT-6481,CLUTTER,-4637.056989975115,10808.951670850638,30.653455180712026,-1.1749131513498774,4,648.6736521905174,10.811227536508623
201.83,RADAR_A,RADAR_A-CLUT-2231,CLUTTER,-2660.7431316376596,8012.28564481041,-144.12023972064614,30.094204102698768,1,1500.0,25.0
202.36,RADAR_B,RADAR_B-T3313,TARGET_2_MANEUVER,6624.878637377063,13902.053367163368,76.1397498505605,66.67402489654296,12,69.3723258961401,1.1562054316023351
204.04,RADAR_A,RADAR_A-T1584,TARGET_2_MANEUVER,6897.897909172092,13775.721915730814,78.21412589163664,62.87265348374727,12,69.3723258961401,1.1562054316023351
204.23,RADAR_A,RADAR_A-CLUT-5598,CLUTTER,-9069.670173473509,3929.281644225258,-11.08097956857798,-33.911203385788205,4,648.6736521905174,10.811227536508623
204.23,RADAR_A,RADAR_A-CLUT-9593,CLUTTER,2627.4485341200734,6815.290682056446,-152.1655718837152,-99.99114489912346,1,1500.0,25.0
204.77,RADAR_B,RADAR_B-T8170,TARGET_1_LINEAR,19895.98730079637,10617.39346565445,98.29696532957234,3.165823198832709,11,91.73630764819175,1.528938460803196
205.27,RADAR_C,RADAR_C-T4156,TARGET_1_LINEAR,20072.13854052582,10626.086969841774,91.25327169675006,6.590455714548215,7,280.51833803078955,4.6753056338464924
205.28,RADAR_B,RADAR_B-CLUT-2860,CLUTTER,34384.26029770517,11693.012782262147,-70.14228091772354,29.68593394587473,1,1500.0,25.0
205.28,RADAR_B,RADAR_B-CLUT-2525,CLUTTER,34147.327693299056,2110.74354112143,51.90404336773483,-136.84826835492115,1,1500.0,25.0
205.28,RADAR_B,RADAR_B-CLUT-4956,CLUTTER,4804.387700192932,18430.132858591198,-69.65032248751552,82.45237834638647,3,857.790551951732,14.296509199195533
205.28,RADAR_B,RADAR_B-CLUT-9500,CLUTTER,14077.387488586024,7524.380514583939,-14.98433438359122,-79.91416090410523,1,1500.0,25.0
205.28,RADAR_B,RADAR_B-CLUT-1255,CLUTTER,18940.63153258916,13737.231097684034,-95.52337131681783,-38.4894447096473,4,648.6736521905174,10.811227536508623
205.28,RADAR_B,RADAR_B-CLUT-8147,CLUTTER,25808.42452122907,-3227.00986929825,-67.09360287076875,-45.6379219144455,6,370.9507534326998,6.1825125572116635
205.28,RADAR_B,RADAR_B-CLUT-3500,CLUTTER,21629.169878048608,13183.004871989246,-31.447216056116922,-70.49241159216592,4,648.6736521905174,10.811227536508623
205.79,RADAR_C,RADAR_C-CLUT-2590,CLUTTER,-2435.518853723181,-493.58498079293986,61.87846667084205,75.24313549034112,6,370.9507534326998,6.1825125572116635
205.79,RADAR_C,RADAR_C-CLUT-2592,CLUTTER,-328.4990894081963,-18499.615970754352,105.4885468810479,36.91346598291697,4,648.6736521905174,10.811227536508623
205.79,RADAR_C,RADAR_C-CLUT-4646,CLUTTER,-1719.0256208477067,-2066.3427931738725,60.72204165047406,-48.67670291988097,1,1500.0,25.0
205.79,RADAR_C,RADAR_C-CLUT-3479,CLUTTER,-3915.3326663765843,-16971.66950764446,-15.135214502006399,-6.907028659738151,3,857.790551951732,14.296509199195533
205.79,RADAR_C,RADAR_C-CLUT-9701,CLUTTER,-22623.48498224908,-3443.116057337793,27.32475787583705,31.530311671368793,3,857.790551951732,14.296509199195533
205.79,RADAR_C,RADAR_C-CLUT-9722,CLUTTER,20692.586611083396,2193.3640401419216,26.668024025451054,11.82392364096305,1,1500.0,25.0
205.79,RADAR_C,RADAR_C-CLUT-9260,CLUTTER,-6187.952462623488,7932.423269337836,82.85859735783531,59.85566275153178,3,857.790551951732,14.296509199195533
205.79,RADAR_C,RADAR_C-CLUT-7194,CLUTTER,32324.70060772427,10378.996356480582,-118.13257788144426,84.62408060335348,2,1134.321747974356,18.905362466239264
205.79,RADAR_C,RADAR_C-CLUT-3303,CLUTTER,9403.782158265913,532.6746534765556,24.881205950255307,-80.36070647462587,2,1134.321747974356,18.905362466239264
205.79,RADAR_C,RADAR_C-CLUT-5917,CLUTTER,-9184.748666497531,-6689.166294866498,-28.00560596625596,61.693232546233745,2,1134.321747974356,18.905362466239264
205.79,RADAR_C,RADAR_C-CLUT-8240,CLUTTER,-555.2921003360334,588.9472486033957,57.30647874306247,271.850185413032,6,370.9507534326998,6.1825125572116635
205.79,RADAR_C,RADAR_C-CLUT-6265,CLUTTER,-3334.3689677856087,-15413.801399934344,-21.812835217993346,160.82147038692426,1,1500.0,25.0
206.04,RADAR_A,RADAR_A-CLUT-3803,CLUTTER,455.91956655293325,12537.429131640272,67.41648149587607,23.478476229917348,1,1500.0,25.0
206.12,RADAR_A,RADAR_A-T1584,TARGET_2_MANEUVER,7073.961605766778,13846.047194497136,82.83562139157026,61.63374689328411,12,69.3723258961401,1.1562054316023351
207.89,RADAR_A,RADAR_A-CLUT-2963,CLUTTER,13743.78238119738,6809.982353531982,39.35324305211094,3.290005491350157,1,1500.0,25.0
207.89,RADAR_A,RADAR_A-CLUT-7967,CLUTTER,13098.841710209941,-7569.533581512003,-145.6608222241613,-56.46187864762921,6,370.9507534326998,6.1825125572116635
207.89,RADAR_A,RADAR_A-CLUT-8280,CLUTTER,8331.227011090221,13609.430598405977,-39.97763995358339,-8.213488685274243,2,1134.321747974356,18.905362466239264
207.89,RADAR_A,RADAR_A-CLUT-3835,CLUTTER,3372.38023993724,4440.410648428689,6.757342911195794,-85.54035950040641,6,370.9507534326998,6.1825125572116635
207.89,RADAR_A,RADAR_A-CLUT-3224,CLUTTER,4016.786512565821,15244.292671044508,-61.34912304036419,5.4457815398896825,3,857.790551951732,14.296509199195533
207.98,RADAR_A,RADAR_A-T1584,TARGET_2_MANEUVER,7215.11013517254,14023.978724268183,80.09879485439974,57.571602389232034,14,39.671283813750286,0.6611880635625048
209.86,RADAR_B,RADAR_B-T8170,TARGET_1_LINEAR,20385.564436430876,10305.154370977612,101.1914571303012,0.824810721358824,9,160.417320008009,2.6736220001334834
209.89,RADAR_B,RADAR_B-CLUT-1319,CLUTTER,8799.580877422903,16308.357918286347,-2.5637995330970806,2.681976191087002,4,648.6736521905174,10.811227536508623
209.89,RADAR_B,RADAR_B-CLUT-6614,CLUTTER,10515.88245272456,2982.2976662318515,-14.641950651283555,-47.67746442145862,1,1500.0,25.0
209.89,RADAR_B,RADAR_B-CLUT-7742,CLUTTER,19024.348841122868,8952.678897245407,-97.25657830514558,-3.3702620940254446,1,1500.0,25.0
210.1,RADAR_A,RADAR_A-CLUT-8869,CLUTTER,-3059.658808174164,16260.373249907909,53.34978760606329,28.27380190444455,2,1134.321747974356,18.905362466239264
210.1,RADAR_A,RADAR_A-CLUT-2558,CLUTTER,11235.131039866044,8431.027599018898,-93.1837612064188,47.0800629008956,1,1500.0,25.0
210.1,RADAR_A,RADAR_A-CLUT-4391,CLUTTER,3126.65618677395,4664.822852641607,95.25968928201979,-38.45183531905931,3,857.790551951732,14.296509199195533
210.1,RADAR_A,RADAR_A-CLUT-3374,CLUTTER,9786.337816143747,1106.5045200812528,63.05148351767553,6.386463350638122,5,490.536420678438,8.1756070113073
210.1,RADAR_A,RADAR_A-CLUT-5784,CLUTTER,7916.785978658712,5184.3730514835115,203.15052982262893,51.60302843591978,3,857.790551951732,14.296509199195533
210.1,RADAR_A,RADAR_A-CLUT-1292,CLUTTER,4833.643298513384,5972.852341058075,-0.9930575620475683,-80.13332108967401,1,1500.0,25.0
210.53,RADAR_A,RADAR_A-T1584,TARGET_2_MANEUVER,7379.757184073332,14070.943847597016,84.29539121453192,55.3587613852649,13,52.46035864770422,0.8743393107950702
210.72,RADAR_B,RADAR_B-T3881,TARGET_2_MANEUVER,7096.532929953962,14457.495156110923,81.99006521513307,56.13575991341549,10,121.30990322456422,2.021831720409404
210.82,RADAR_C,RADAR_C-T8942,TARGET_2_MANEUVER,7714.13718277323,14419.520070112796,82.93984277737489,57.02480744309853,9,160.417320008009,2.6736220001334834
212.01,RADAR_A,RADAR_A-CLUT-7948,CLUTTER,5483.880908613298,8139.906357243119,-45.92805402268787,42.91311199130747,5,490.536420678438,8.1756070113073
212.01,RADAR_A,RADAR_A-CLUT-7372,CLUTTER,5372.24295186314,4996.633819865866,-33.99192713622453,84.64179104926501,5,490.536420678438,8.1756070113073
212.01,RADAR_A,RADAR_A-CLUT-4740,CLUTTER,-7735.800182241499,449.1055423508642,-9.942862172994904,-16.91073838543752,6,370.9507534326998,6.1825125572116635
212.48,RADAR_C,RADAR_C-T4156,TARGET_1_LINEAR,20520.52107428109,11004.52187013566,108.94007672126145,11.450388867353222,5,490.536420678438,8.1756070113073
212.55,RADAR_A,RADAR_A-T1584,TARGET_2_MANEUVER,7603.698190802361,14265.187731062131,87.5906792030878,49.450191110186395,13,52.46035864770422,0.8743393107950702
214.05,RADAR_A,RADAR_A-CLUT-3577,CLUTTER,-9584.16372123039,3248.5999377244343,-22.097439680034192,84.98853605783364,6,370.9507534326998,6.1825125572116635
214.05,RADAR_A,RADAR_A-CLUT-1604,CLUTTER,4978.76458686249,5387.860167407392,-159.58675684807798,35.18606456248659,6,370.9507534326998,6.1825125572116635
214.05,RADAR_A,RADAR_A-CLUT-2075,CLUTTER,4547.746526693064,-6244.986699331335,97.03994914001584,-14.224958757071107,1,1500.0,25.0
214.7,RADAR_B,RADAR_B-CLUT-3611,CLUTTER,29501.57369886616,25203.33949483242,-29.475990029282215,0.8509014678944922,3,857.790551951732,14.296509199195533
214.7,RADAR_B,RADAR_B-CLUT-9437,CLUTTER,27258.740958045797,-2431.7216751067317,-106.88023139479424,-100.66156564318851,3,857.790551951732,14.296509199195533
214.7,RADAR_B,RADAR_B-CLUT-5898,CLUTTER,18172.596612630965,6456.577935351476,-64.71218813639854,-7.083537166641016,6,370.9507534326998,6.1825125572116635
214.86,RADAR_A,RADAR_A-T1584,TARGET_2_MANEUVER,7882.107904473624,14394.350045201798,88.14235330005091,44.34007361928764,14,39.671283813750286,0.6611880635625048
215.12,RADAR_B,RADAR_B-T3881,TARGET_2_MANEUVER,7476.241967321224,14651.945185939783,86.97812688493644,44.853967057701844,12,69.3723258961401,1.1562054316023351
215.53,RADAR_A,RADAR_A-CLUT-5508,CLUTTER,5857.864615799094,4207.078747363154,36.80434731571554,18.120428169223082,4,648.6736521905174,10.811227536508623
215.53,RADAR_A,RADAR_A-CLUT-1716,CLUTTER,-3333.395275477069,10789.455880299141,39.27129697132571,-38.20192711502957,5,490.536420678438,8.1756070113073
215.53,RADAR_A,RADAR_A-CLUT-2079,CLUTTER,2150.370060229008,749.6172795280863,26.07067706801868,129.66721415225248,1,1500.0,25.0
217.22,RADAR_A,RADAR_A-T1584,TARGET_2_MANEUVER,8037.648613473773,14473.90060201222,89.82659463516372,44.645869144771815,14,39.671283813750286,0.6611880635625048
217.79,RADAR_C,RADAR_C-CLUT-1800,CLUTTER,18104.411868468782,18633.6384200034,-176.30228030077959,-15.130929531873385,6,370.9507534326998,6.1825125572116635
217.79,RADAR_C,RADAR_C-CLUT-6949,CLUTTER,-8445.667233282064,287.20781172333517,-93.71872708382483,65.12406378666579,3,857.790551951732,14.296509199195533
217.79,RADAR_C,RADAR_C-CLUT-8370,CLUTTER,38375.26956748536,765.484885192113,-51.88579437563468,98.18382454340616,4,648.6736521905174,10.811227536508623
217.79,RADAR_C,RADAR_C-CLUT-8312,CLUTTER,9640.704377456415,-12676.773838093866,-35.702785452473535,77.64019956289731,5,490.536420678438,8.1756070113073
217.79,RADAR_C,RADAR_C-CLUT-4322,CLUTTER,-9465.809275420534,-32668.198007026636,-19.472824205432634,59.71064647868516,2,1134.321747974356,18.905362466239264
217.79,RADAR_C,RADAR_C-CLUT-3567,CLUTTER,-4107.143230312446,13562.377983899118,-9.1865940068977,11.902450784584415,1,1500.0,25.0
217.79,RADAR_C,RADAR_C-CLUT-6413,CLUTTER,16020.730193913223,-30656.49390299585,56.67550965883885,140.13116012588512,6,370.9507534326998,6.1825125572116635
217.79,RADAR_C,RADAR_C-CLUT-3070,CLUTTER,6248.009871433177,2769.7481873783363,28.308308062267177,-88.96598547013888,5,490.536420678438,8.1756070113073
217.79,RADAR_C,RADAR_C-CLUT-3088,CLUTTER,-14248.88927031449,36144.697602818225,-53.03646542077188,-12.805958928664383,5,490.536420678438,8.1756070113073
217.84,RADAR_A,RADAR_A-CLUT-9780,CLUTTER,2006.3990211305395,-377.4446180679115,-156.40390162546262,-50.83279041829896,2,1134.321747974356,18.905362466239264
217.84,RADAR_A,RADAR_A-CLUT-5798,CLUTTER,6714.699839601084,-1589.9540539415984,-3.303414960582627,-71.22035360389229,1,1500.0,25.0
217.84,RADAR_A,RADAR_A-CLUT-4412,CLUTTER,7795.756394542773,7544.001674040822,-121.79317554133918,11.956487173064762,1,1500.0,25.0
218.69,RADAR_A,RADAR_A-T1584,TARGET_2_MANEUVER,8190.246511312176,14493.183732050411,91.21675249660598,38.8649103826725,13,52.46035864770422,0.8743393107950702
219.23,RADAR_C,RADAR_C-T8942,TARGET_2_MANEUVER,7885.848156223176,14979.285184752054,93.87855247014248,36.04495299050053,8,212.13203435596427,3.5355339059327378
219.27,RADAR_B,RADAR_B-T3881,TARGET_2_MANEUVER,7875.503320176989,15054.38929657476,94.53701468987684,35.29711517329811,9,160.417320008009,2.6736220001334834
219.33,RADAR_B,RADAR_B-CLUT-6698,CLUTTER,21997.79637188166,14076.831945937714,-0.5818075999765248,-90.11784997972461,2,1134.321747974356,18.905362466239264
219.33,RADAR_B,RADAR_B-CLUT-7393,CLUTTER,19089.60919809265,19608.427995517286,-165.9124803977317,-140.89940629093147,1,1500.0,25.0
219.33,RADAR_B,RADAR_B-CLUT-2816,CLUTTER,20800.79168914415,13453.538762656826,-113.92979293263502,-36.5122546272086,6,370.9507534326998,6.1825125572116635
219.33,RADAR_B,RADAR_B-CLUT-6660,CLUTTER,13216.227880017348,13000.414336143956,-0.18951329062464453,-43.48855168744421,6,370.9507534326998,6.1825125572116635
219.33,RADAR_B,RADAR_B-CLUT-8701,CLUTTER,34832.949570260374,-162.221095823008,128.2584957298048,-72.41479257192847,3,857.790551951732,14.296509199195533
219.33,RADAR_B,RADAR_B-CLUT-6604,CLUTTER,25446.624146226633,12159.368079848447,35.38534945315882,-60.0583685604479,4,648.6736521905174,10.811227536508623
219.33,RADAR_B,RADAR_B-CLUT-7849,CLUTTER,10824.834722907573,13050.709307937754,-37.53037274592706,-32.320914450783825,5,490.536420678438,8.1756070113073
220.07,RADAR_A,RADAR_A-CLUT-8292,CLUTTER,12821.771885919567,-3377.6099984563407,23.277178410995436,-40.56069274160446,1,1500.0,25.0
220.07,RADAR_A,RADAR_A-CLUT-4264,CLUTTER,2335.2823881342943,6406.55585980718,19.379758714530027,-153.68806025063702,6,370.9507534326998,6.1825125572116635
220.07,RADAR_A,RADAR_A-CLUT-3934,CLUTTER,6438.049796708068,6296.155558871984,57.948360901254354,4.892516794856935,3,857.790551951732,14.296509199195533
220.6,RADAR_A,RADAR_A-T1584,TARGET_2_MANEUVER,8340.291733476104,14560.06584574947,95.87219914661928,35.33152383908412,14,39.671283813750286,0.6611880635625048
221.94,RADAR_A,RADAR_A-CLUT-9791,CLUTTER,4317.670080507528,11121.06740446973,-24.772784974855114,65.54986145115251,2,1134.321747974356,18.905362466239264
221.94,RADAR_A,RADAR_A-CLUT-2079,CLUTTER,3907.1892623711974,4331.553170094953,31.331219191114602,126.51709787866628,3,857.790551951732,14.296509199195533
221.94,RADAR_A,RADAR_A-CLUT-6406,CLUTTER,11442.769502200046,12630.234337769809,33.26694690288484,176.99125100728068,1,1500.0,25.0
221.94,RADAR_A,RADAR_A-CLUT-5864,CLUTTER,-2921.890228970051,8793.693661814237,33.911158595518884,-95.05187048366491,6,370.9507534326998,6.1825125572116635
222.55,RADAR_C,RADAR_C-T4156,TARGET_1_LINEAR,22113.006895523282,10641.41524282756,101.69017246865582,2.0076058968707433,8,212.13203435596427,3.5355339059327378
222.59,RADAR_A,RADAR_A-T1584,TARGET_2_MANEUVER,8493.817734965141,14564.758109396436,97.0929454425188,31.62794501116449,12,69.3723258961401,1.1562054316023351
223.97,RADAR_A,RADAR_A-CLUT-1946,CLUTTER,5459.158484370947,4537.8028522363675,45.94863938329246,-29.22170020860008,3,857.790551951732,14.296509199195533
223.97,RADAR_A,RADAR_A-CLUT-3711,CLUTTER,-2939.8005452627385,-5419.248562407709,155.1689526885956,102.99141189266467,5,490.536420678438,8.1756070113073
223.97,RADAR_A,RADAR_A-CLUT-1864,CLUTTER,17549.660129293312,11181.812864423473,103.68667592635481,-37.35538206030562,6,370.9507534326998,6.1825125572116635
224.27,RADAR_B,RADAR_B-CLUT-4809,CLUTTER,6612.276717171706,9628.01730490967,-60.38929572575368,-61.067934937208996,5,490.536420678438,8.1756070113073
224.27,RADAR_B,RADAR_B-CLUT-7855,CLUTTER,29314.024125585518,10707.710894184978,-9.652235419183171,35.47183605088454,4,648.6736521905174,10.811227536508623
224.27,RADAR_B,RADAR_B-CLUT-1107,CLUTTER,9847.614750186509,11859.25988069976,8.104822657700142,-89.63343351491113,6,370.9507534326998,6.1825125572116635
224.94,RADAR_B,RADAR_B-T3881,TARGET_2_MANEUVER,8320.858158319068,14926.88217394423,93.63469524139171,26.423506140252705,9,160.417320008009,2.6736220001334834
225.08,RADAR_A,RADAR_A-T1584,TARGET_2_MANEUVER,8694.755371627567,14580.554937065206,95.68752076665285,28.935284124434887,12,69.3723258961401,1.1562054316023351
225.97,RADAR_A,RADAR_A-CLUT-1055,CLUTTER,4109.058754776344,9163.923467571247,45.07615459163993,144.38674925151983,1,1500.0,25.0
225.97,RADAR_A,RADAR_A-CLUT-7574,CLUTTER,3703.5484341962247,2165.56695042485,-30.045556824677675,45.69264294534308,4,648.6736521905174,10.811227536508623
226.55,RADAR_B,RADAR_B-T9578,TARGET_1_LINEAR,22061.00776319272,10607.80816264639,101.61114494238467,4.3768919471051735,8,212.13203435596427,3.5355339059327378
226.96,RADAR_A,RADAR_A-T1584,TARGET_2_MANEUVER,8943.489968831798,14809.999234468314,95.93938944390194,24.95730512434006,13,52.46035864770422,0.8743393107950702
227.2,RADAR_C,RADAR_C-T8942,TARGET_2_MANEUVER,9159.212953347163,15596.423226684143,102.36336663547884,25.59178316139393,8,212.13203435596427,3.5355339059327378
227.45,RADAR_C,RADAR_C-CLUT-9917,CLUTTER,-11510.608384542964,-11633.731874347872,48.966600064302604,-33.48285866715903,3,857.790551951732,14.296509199195533
227.45,RADAR_C,RADAR_C-CLUT-4087,CLUTTER,-493.84471887733224,-2167.6022726235215,214.4961240945257,-30.55199942609702,5,490.536420678438,8.1756070113073
227.45,RADAR_C,RADAR_C-CLUT-1831,CLUTTER,21533.353989512765,-10054.012785478651,-34.775496382468575,101.833218808413,4,648.6736521905174,10.811227536508623
227.45,RADAR_C,RADAR_C-CLUT-2916,CLUTTER,12734.323618526332,-4239.971720675414,43.78453137954868,-18.07483550846279,3,857.790551951732,14.296509199195533
227.45,RADAR_C,RADAR_C-CLUT-6406,CLUTTER,-9854.512081076176,10719.80358926146,-5.384453597417248,44.13218148632595,3,857.790551951732,14.296509199195533
227.45,RADAR_C,RADAR_C-CLUT-2370,CLUTTER,940.6123260715682,-223.55743703649105,85.4562604636721,-99.57743333531047,3,857.790551951732,14.296509199195533
227.45,RADAR_C,RADAR_C-CLUT-7655,CLUTTER,18172.242632425532,-8117.834454845083,-30.461897168568214,4.671275483080609,2,1134.321747974356,18.905362466239264
227.45,RADAR_C,RADAR_C-CLUT-9689,CLUTTER,-23294.02010961921,-7204.630675007053,-4.543087670902169,-71.23486023541292,5,490.536420678438,8.1756070113073
227.93,RADAR_A,RADAR_A-CLUT-4632,CLUTTER,5057.996833446261,5009.133326035225,-38.51686212261511,-112.26292773224897,6,370.9507534326998,6.1825125572116635
227.93,RADAR_A,RADAR_A-CLUT-8619,CLUTTER,6202.0251203805865,1177.0400139343997,-63.01921287165047,-59.03983599568991,5,490.536420678438,8.1756070113073
228.16,RADAR_A,RADAR_A-T1584,TARGET_2_MANEUVER,9062.550270925554,14798.307685666932,99.07144746263498,22.298395931323714,13,52.46035864770422,0.8743393107950702
229.06,RADAR_A,RADAR_A-CLUT-1783,CLUTTER,7302.24045640677,5182.322857965431,-6.8032244915892415,-80.94428168070175,5,490.536420678438,8.1756070113073
229.27,RADAR_B,RADAR_B-CLUT-3808,CLUTTER,19157.49032046355,14113.129625840187,109.05860509555616,49.14546721295832,5,490.536420678438,8.1756070113073
229.27,RADAR_B,RADAR_B-CLUT-3582,CLUTTER,17940.99847021744,10697.800290199579,-135.06833117443225,-46.97410378860966,3,857.790551951732,14.296509199195533
229.27,RADAR_B,RADAR_B-CLUT-8963,CLUTTER,17549.305530416612,11254.92341883355,3.7402948838174996,111.84012249626095,4,648.6736521905174,10.811227536508623
229.27,RADAR_B,RADAR_B-CLUT-4259,CLUTTER,34015.84220630211,4714.187652098316,120.64509169216576,89.83136986431398,2,1134.321747974356,18.905362466239264
229.27,RADAR_B,RADAR_B-CLUT-2760,CLUTTER,24561.48104638827,10918.365263807687,92.47422415050283,84.16854579797086,4,648.6736521905174,10.811227536508623
230.36,RADAR_B,RADAR_B-T3881,TARGET_2_MANEUVER,8645.985993144515,15265.178657966673,97.70057659110486,15.518410885265101,9,160.417320008009,2.6736220001334834
230.55,RADAR_A,RADAR_A-T1584,TARGET_2_MANEUVER,9247.341457058976,14832.262727897625,99.19306131697138,12.731389880916606,13,52.46035864770422,0.8743393107950702
231.3,RADAR_A,RADAR_A-CLUT-9572,CLUTTER,8004.679461848896,-667.8560231997371,-64.4076144824407,15.078060881448232,6,370.9507534326998,6.1825125572116635
231.46,RADAR_B,RADAR_B-T9578,TARGET_1_LINEAR,22558.80220095329,10445.302135188456,98.4549616656494,0.9333672105741637,11,91.73630764819175,1.528938460803196
231.79,RADAR_C,RADAR_C-T4156,TARGET_1_LINEAR,23031.528642882946,11137.612867261465,96.52935006063711,-1.6875669722262536,5,490.536420678438,8.1756070113073
232.85,RADAR_A,RADAR_A-CLUT-8804,CLUTTER,-8056.274777552651,-472.05141929282036,-17.64305833252299,14.013995944720232,1,1500.0,25.0
232.85,RADAR_A,RADAR_A-CLUT-1440,CLUTTER,3951.215065785769,-8191.459994667546,-77.2221071679646,126.37864620223125,3,857.790551951732,14.296509199195533
233.21,RADAR_A,RADAR_A-T1584,TARGET_2_MANEUVER,9686.33918694827,14960.574959514643,96.79598799942778,13.469309880682415,12,69.3723258961401,1.1562054316023351
234.46,RADAR_B,RADAR_B-CLUT-6423,CLUTTER,34846.415935766156,5972.079871791109,-67.11747517153421,-57.6169616805432,1,1500.0,25.0
234.46,RADAR_B,RADAR_B-CLUT-7805,CLUTTER,19828.759642381363,7963.023331166303,-90.0523974240468,-49.25503402971585,4,648.6736521905174,10.811227536508623
234.72,RADAR_A,RADAR_A-CLUT-4262,CLUTTER,-3751.92242115069,3988.1822265229175,-33.65689844734948,-33.86337933531197,2,1134.321747974356,18.905362466239264
234.82,RADAR_A,RADAR_A-T1584,TARGET_2_MANEUVER,9755.01041763756,14856.283535176966,99.27501343067972,8.834945447595125,14,39.671283813750286,0.6611880635625048
235.77,RADAR_C,RADAR_C-CLUT-6930,CLUTTER,-38774.20130693995,-6003.798361323945,20.208834193759998,-33.79961148003654,2,1134.321747974356,18.905362466239264
235.77,RADAR_C,RADAR_C-CLUT-6101,CLUTTER,15843.97938758908,-6908.597737983076,71.66369745887428,-184.45164041633728,2,1134.321747974356,18.905362466239264
235.77,RADAR_C,RADAR_C-CLUT-5040,CLUTTER,-1885.848324064372,353.5460088083568,132.8793523312498,-11.71845365825291,5,490.536420678438,8.1756070113073
235.77,RADAR_C,RADAR_C-CLUT-4260,CLUTTER,-8713.134854696822,36583.75225439161,20.890026920491454,62.2901891713726,1,1500.0,25.0
235.77,RADAR_C,RADAR_C-CLUT-4667,CLUTTER,-6011.67798883882,-8439.302552124027,80.51288320212437,-11.39307850331651,1,1500.0,25.0
235.77,RADAR_C,RADAR_C-CLUT-7695,CLUTTER,10711.696980066401,-212.10883520896928,-89.78039830343218,-19.242361834816247,3,857.790551951732,14.296509199195533
235.77,RADAR_C,RADAR_C-CLUT-7118,CLUTTER,6486.711365648432,-11326.889784943443,-7.622600424046073,-37.234239460764634,2,1134.321747974356,18.905362466239264
235.77,RADAR_C,RADAR_C-CLUT-2452,CLUTTER,22774.367914185128,-7287.244904803975,-43.08277698444946,-19.253724600020004,1,1500.0,25.0
235.77,RADAR_C,RADAR_C-CLUT-9806,CLUTTER,2930.9390384770263,-9280.243607206528,-67.89570390212174,-23.0520209938013,2,1134.321747974356,18.905362466239264
235.77,RADAR_C,RADAR_C-CLUT-9102,CLUTTER,5101.973297891925,29504.71977174652,-56.650607289061455,140.661414493648,4,648.6736521905174,10.811227536508623
235.77,RADAR_C,RADAR_C-CLUT-6188,CLUTTER,2065.1146587721064,-1975.798854061978,12.037959901912078,-14.030660214841369,6,370.9507534326998,6.1825125572116635
235.77,RADAR_C,RADAR_C-CLUT-2127,CLUTTER,2234.271408715408,6227.356261527452,-7.597897128401282,-56.434559686258694,5,490.536420678438,8.1756070113073
235.77,RADAR_C,RADAR_C-CLUT-5297,CLUTTER,-30787.500106999974,-16827.68516325987,57.71487258752675,-11.526845636199553,1,1500.0,25.0
235.77,RADAR_C,RADAR_C-CLUT-6648,CLUTTER,10288.587695120046,-32681.485333756747,3.7593736250398546,120.17366620327861,4,648.6736521905174,10.811227536508623
236.12,RADAR_B,RADAR_B-T3881,TARGET_2_MANEUVER,9625.047556359837,15091.10681298211,101.63760438070697,3.5025390325280057,11,91.73630764819175,1.528938460803196
236.46,RADAR_A,RADAR_A-T1584,TARGET_2_MANEUVER,9945.102541014745,14971.526927725754,101.55570539751407,3.2063385435476452,13,52.46035864770422,0.8743393107950702
236.5,RADAR_A,RADAR_A-CLUT-5521,CLUTTER,3221.5769560654844,12461.06132171212,218.18877619275992,99.96245789213819,6,370.9507534326998,6.1825125572116635
236.5,RADAR_A,RADAR_A-CLUT-2689,CLUTTER,13039.133116097724,3598.117534240211,-4.61484823178849,73.39919166279157,5,490.536420678438,8.1756070113073
236.57,RADAR_B,RADAR_B-T9578,TARGET_1_LINEAR,23036.48808012248,10412.537597040204,99.58194967339742,7.1710753431465,8,212.13203435596427,3.5355339059327378
238.28,RADAR_A,RADAR_A-T1584,TARGET_2_MANEUVER,10062.540033294403,14893.359638122962,98.35484926756995,0.6478415983683744,12,69.3723258961401,1.1562054316023351
239.91,RADAR_C,RADAR_C-T4156,TARGET_1_LINEAR,24269.345078416547,10915.151556736046,114.6115531441499,1.8318666267932893,5,490.536420678438,8.1756070113073
240.07,RADAR_B,RADAR_B-CLUT-3868,CLUTTER,19329.398517631314,19661.971896961135,-44.32542379431277,-0.9147133305901931,6,370.9507534326998,6.1825125572116635
240.23,RADAR_B,RADAR_B-T3881,TARGET_2_MANEUVER,9388.11897662954,15745.220883639382,-98.18345852911456,2.828223169083364,7,280.51833803078955,4.6753056338464924
240.25,RADAR_A,RADAR_A-T1584,TARGET_2_MANEUVER,9914.154348325055,15085.909175830422,-98.27667640813571,-4.921477477172639,9,160.417320008009,2.6736220001334834
240.58,RADAR_B,RADAR_B-T9578,TARGET_1_LINEAR,23336.003540808477,10613.57766283379,104.57178767187179,2.6079292556973757,10,121.30990322456422,2.021831720409404
240.87,RADAR_A,RADAR_A-CLUT-7523,CLUTTER,-3502.176131564638,2099.703929815877,-135.9535156078146,-54.477422662836965,1,1500.0,25.0
242.41,RADAR_A,RADAR_A-CLUT-6087,CLUTTER,5844.40572742364,7054.108018817273,13.97237445111741,-70.26246498632113,4,648.6736521905174,10.811227536508623
242.41,RADAR_A,RADAR_A-CLUT-7458,CLUTTER,-1336.4122646911092,6443.541803989932,51.412538548390074,64.34050183579555,2,1134.321747974356,18.905362466239264
242.41,RADAR_A,RADAR_A-CLUT-6615,CLUTTER,6130.455020463916,6129.83817887895,-88.4467767211167,69.35569327284698,4,648.6736521905174,10.811227536508623
242.54,RADAR_A,RADAR_A-T1584,TARGET_2_MANEUVER,9558.062151758679,15022.679125388891,-100.71438924260818,-5.619501501489491,10,121.30990322456422,2.021831720409404
244.01,RADAR_C,RADAR_C-T9320,TARGET_2_MANEUVER,10268.722113840839,15251.059133336315,-102.79381668021313,-12.879803685645602,7,280.51833803078955,4.6753056338464924
244.45,RADAR_B,RADAR_B-CLUT-8635,CLUTTER,22366.695491736988,10899.2005809429,-5.383830267484778,-39.70220264717593,2,1134.321747974356,18.905362466239264
244.45,RADAR_B,RADAR_B-CLUT-4435,CLUTTER,17724.244864117205,9903.136817632407,137.13314859324456,127.12046070182957,6,370.9507534326998,6.1825125572116635
244.45,RADAR_B,RADAR_B-CLUT-3180,CLUTTER,25996.990563774536,17925.76404661307,-11.274073911905022,-66.41067284643675,6,370.9507534326998,6.1825125572116635
244.45,RADAR_B,RADAR_B-CLUT-1288,CLUTTER,17230.334910790007,9615.845365431804,77.01696768510271,82.49279878685365,3,857.790551951732,14.296509199195533
244.45,RADAR_B,RADAR_B-CLUT-2551,CLUTTER,12511.485737493507,13193.286411730627,-25.37680820132803,-6.602831145668709,2,1134.321747974356,18.905362466239264
244.46,RADAR_A,RADAR_A-T1584,TARGET_2_MANEUVER,9464.483361088234,14852.533525002806,-101.07555696398181,-13.234955846675877,10,121.30990322456422,2.021831720409404
244.46,RADAR_A,RADAR_A-CLUT-1801,CLUTTER,-8689.08780322585,1897.6012159274069,-33.52623247549165,100.34279112855161,4,648.6736521905174,10.811227536508623
244.46,RADAR_A,RADAR_A-CLUT-1583,CLUTTER,19311.668138391833,2755.789914102974,31.654524547208695,48.69884712995336,2,1134.321747974356,18.905362466239264
245.68,RADAR_B,RADAR_B-T3881,TARGET_2_MANEUVER,8977.997968355337,15366.8069506088,-97.49995114341232,-13.89034813888468,9,160.417320008009,2.6736220001334834
246.19,RADAR_B,RADAR_B-T9578,TARGET_1_LINEAR,23747.386731050836,10717.329211249782,98.86434536932445,0.15750257642367838,8,212.13203435596427,3.5355339059327378
246.29,RADAR_A,RADAR_A-CLUT-9490,CLUTTER,-8741.711026987643,4003.1131079855268,108.08126019896002,-121.00231722391004,5,490.536420678438,8.1756070113073
246.35,RADAR_A,RADAR_A-T1584,TARGET_2_MANEUVER,9406.775299200988,14910.088688722934,-98.14713026037663,-17.169931196757176,13,52.46035864770422,0.8743393107950702
247.94,RADAR_C,RADAR_C-CLUT-9509,CLUTTER,-17301.813469290664,-988.5243285538926,117.48074205819945,-69.7987927516008,1,1500.0,25.0
247.94,RADAR_C,RADAR_C-CLUT-5367,CLUTTER,35546.508820784635,487.837870845514,70.78765233607692,-96.94730796345203,5,490.536420678438,8.1756070113073
247.94,RADAR_C,RADAR_C-CLUT-8061,CLUTTER,-5941.887666401107,13149.763034356914,90.60443656665642,115.70840839550577,1,1500.0,25.0
247.94,RADAR_C,RADAR_C-CLUT-1548,CLUTTER,-23605.88607800175,15429.84207972786,54.78737552844728,-50.676275350695946,1,1500.0,25.0
247.94,RADAR_C,RADAR_C-CLUT-8237,CLUTTER,-11.33917997877606,742.2468526239,79.163918485875,108.91461530230812,5,490.536420678438,8.1756070113073
247.94,RADAR_C,RADAR_C-CLUT-8410,CLUTTER,-37394.42296170943,-6088.04531087328,136.86039544738838,82.52349662813613,4,648.6736521905174,10.811227536508623
247.94,RADAR_C,RADAR_C-CLUT-1804,CLUTTER,-11688.39398185912,15355.667362947246,-55.050964972127176,194.61090592174037,6,370.9507534326998,6.1825125572116635
247.94,RADAR_C,RADAR_C-CLUT-8810,CLUTTER,9091.68096800997,15186.993213995536,-158.16645597472623,-5.189188029847568,5,490.536420678438,8.1756070113073
248.18,RADAR_A,RADAR_A-CLUT-2861,CLUTTER,7033.137872441995,18823.641962202848,-103.97101358899327,8.228686234586727,1,1500.0,25.0
248.18,RADAR_A,RADAR_A-CLUT-5663,CLUTTER,618.2101528011699,13338.144681283402,11.947352884790437,36.520186813423635,2,1134.321747974356,18.905362466239264
248.23,RADAR_A,RADAR_A-T1584,TARGET_2_MANEUVER,9182.882463134287,14839.158682454101,-97.00717056154782,-20.331337058595857,14,39.671283813750286,0.6611880635625048
250.02,RADAR_B,RADAR_B-T3881,TARGET_2_MANEUVER,8657.063923619353,15101.792382249349,-97.62768573509143,-25.31640569709308,12,69.3723258961401,1.1562054316023351
250.05,RADAR_A,RADAR_A-T1584,TARGET_2_MANEUVER,9077.799339935189,14743.524946528214,-97.5045482238967,-26.124093864060836,13,52.46035864770422,0.8743393107950702
250.11,RADAR_A,RADAR_A-CLUT-9859,CLUTTER,543.2729874491579,4081.1370758669223,-95.02121919340215,-31.78586020410895,1,1500.0,25.0
250.11,RADAR_A,RADAR_A-CLUT-5922,CLUTTER,4437.626786998182,11387.906270761598,-69.07322438542525,98.25100794292305,2,1134.321747974356,18.905362466239264
250.76,RADAR_B,RADAR_B-CLUT-1244,CLUTTER,18298.30866706255,950.9617813071927,213.35241778560072,7.7724629668998215,6,370.9507534326998,6.1825125572116635
250.76,RADAR_B,RADAR_B-CLUT-3377,CLUTTER,15873.966071873543,11070.458550966821,-116.75240587028391,74.88013978228173,6,370.9507534326998,6.1825125572116635
250.76,RADAR_B,RADAR_B-CLUT-5791,CLUTTER,13991.265718679755,13467.726308460824,97.49301273148318,9.76471036581835,5,490.536420678438,8.1756070113073
251.24,RADAR_C,RADAR_C-T4156,TARGET_1_LINEAR,25331.711585908757,10888.690106342727,98.96811881080703,1.7963067623077391,8,212.13203435596427,3.5355339059327378
251.71,RADAR_A,RADAR_A-CLUT-8086,CLUTTER,5333.750969836401,1929.7773931779357,-22.69820035626222,-30.596191813543218,2,1134.321747974356,18.905362466239264
251.71,RADAR_A,RADAR_A-CLUT-8848,CLUTTER,7821.956049738805,3709.3962875817233,-158.07706399132957,-78.38095581951794,2,1134.321747974356,18.905362466239264
252.02,RADAR_A,RADAR_A-T1584,TARGET_2_MANEUVER,8944.502236116452,14706.212000774163,-94.52262420240658,-28.310079116800196,13,52.46035864770422,0.8743393107950702
253.59,RADAR_A,RADAR_A-CLUT-1076,CLUTTER,10930.888644916033,-722.3871663751552,-93.3209846752712,123.76400951243227,1,1500.0,25.0
253.59,RADAR_A,RADAR_A-CLUT-3759,CLUTTER,9799.626630684472,5110.282576756243,-116.53451530592655,-33.72752500460825,3,857.790551951732,14.296509199195533
253.59,RADAR_A,RADAR_A-CLUT-5947,CLUTTER,1263.8672574194115,-2037.7969821400866,-14.083799682156133,15.724542215966578,4,648.6736521905174,10.811227536508623
253.59,RADAR_A,RADAR_A-CLUT-7791,CLUTTER,-1205.767355268602,5662.783642305385,-55.80931604872451,-76.32435632836702,3,857.790551951732,14.296509199195533
253.59,RADAR_A,RADAR_A-CLUT-3568,CLUTTER,14379.858277157284,7269.646317407256,55.03463776411425,-49.03866170165516,3,857.790551951732,14.296509199195533
254.18,RADAR_A,RADAR_A-T1584,TARGET_2_MANEUVER,8632.544707508281,14658.60576054238,-97.89211880790138,-26.60754120442814,12,69.3723258961401,1.1562054316023351
254.82,RADAR_B,RADAR_B-T3881,TARGET_2_MANEUVER,8320.100917729222,15033.398288800397,-92.18784137386668,-29.065666374116503,9,160.417320008009,2.6736220001334834
255.79,RADAR_A,RADAR_A-CLUT-4849,CLUTTER,11311.777954123158,7203.570451301386,33.840392631238004,7.388546941121055,2,1134.321747974356,18.905362466239264
255.79,RADAR_A,RADAR_A-CLUT-8310,CLUTTER,5207.024339465504,419.9490464659648,-48.022926077023214,76.1624105149841,4,648.6736521905174,10.811227536508623
255.84,RADAR_B,RADAR_B-CLUT-8614,CLUTTER,27421.14145660202,5927.101094507388,155.5286162820396,-85.28257373021445,5,490.536420678438,8.1756070113073
255.84,RADAR_B,RADAR_B-CLUT-4957,CLUTTER,10001.353465517514,4961.213881355576,-4.123376688612124,107.93432391109641,6,370.9507534326998,6.1825125572116635
255.84,RADAR_B,RADAR_B-CLUT-2801,CLUTTER,18152.13922728901,-6694.079861587808,-47.47364881423386,-60.3233993334038,5,490.536420678438,8.1756070113073
255.84,RADAR_A,RADAR_A-T1584,TARGET_2_MANEUVER,8431.748762045465,14646.686228018822,-93.18548678371218,-32.79779401394859,12,69.3723258961401,1.1562054316023351
256.88,RADAR_B,RADAR_B-T4276,TARGET_1_LINEAR,25082.199061165138,10562.065977093358,100.22292100818903,1.1867564664983898,11,91.73630764819175,1.528938460803196
257.59,RADAR_A,RADAR_A-T1584,TARGET_2_MANEUVER,8337.590661401096,14575.374582279403,-91.36319123639453,-37.05041452523413,13,52.46035864770422,0.8743393107950702
258.21,RADAR_C,RADAR_C-T4156,TARGET_1_LINEAR,25777.637674909514,10802.90000415297,108.19760650610861,-10.092336264227795,7,280.51833803078955,4.6753056338464924
258.5,RADAR_A,RADAR_A-CLUT-8146,CLUTTER,12315.978740125958,-1245.105266885911,-132.16774357373816,-55.08741226121099,6,370.9507534326998,6.1825125572116635
258.5,RADAR_A,RADAR_A-CLUT-6387,CLUTTER,6768.716422208753,18118.73105804764,-209.53217640426715,-103.24181818330324,3,857.790551951732,14.296509199195533
259.59,RADAR_A,RADAR_A-T1584,TARGET_2_MANEUVER,8184.158748662077,14574.342569190749,-90.80303663246971,-37.85751952174135,14,39.671283813750286,0.6611880635625048
259.66,RADAR_B,RADAR_B-T3881,TARGET_2_MANEUVER,7740.827253836896,14881.625715701597,-89.1582486050693,-38.555814435812366,12,69.3723258961401,1.1562054316023351
259.9,RADAR_A,RADAR_A-CLUT-6902,CLUTTER,16687.887868770784,8022.969818150753,23.121764048432247,79.35958612461087,5,490.536420678438,8.1756070113073
259.9,RADAR_A,RADAR_A-CLUT-7265,CLUTTER,1659.3059707527827,9559.24001054574,129.31723662800283,-59.67537011804811,3,857.790551951732,14.296509199195533
259.9,RADAR_A,RADAR_A-CLUT-4126,CLUTTER,-8653.034482454806,1803.0631749610393,49.498067048357264,23.64484814293966,5,490.536420678438,8.1756070113073
259.9,RADAR_A,RADAR_A-CLUT-1939,CLUTTER,5863.173983963781,5736.152062077543,7.956151753012836,149.3911921402026,1,1500.0,25.0
259.9,RADAR_A,RADAR_A-CLUT-9853,CLUTTER,-5335.576451685287,9392.108293320522,80.7183359303923,40.94231829203953,1,1500.0,25.0
259.9,RADAR_A,RADAR_A-CLUT-3130,CLUTTER,6526.3613948659,1800.273970299736,-181.0982887437139,-86.56028761624546,5,490.536420678438,8.1756070113073
259.9,RADAR_A,RADAR_A-CLUT-5144,CLUTTER,-1052.0329139932364,13467.729507883254,-29.31903840624525,-84.14003440738001,2,1134.321747974356,18.905362466239264
260.5,RADAR_C,RADAR_C-CLUT-3261,CLUTTER,11519.423274288629,-14926.604432645705,104.47101554401392,-32.096736523574215,6,370.9507534326998,6.1825125572116635
260.5,RADAR_C,RADAR_C-CLUT-1839,CLUTTER,21324.237634431836,-5237.720138948432,94.30747552205149,-158.84639948164755,4,648.6736521905174,10.811227536508623
260.5,RADAR_C,RADAR_C-CLUT-5299,CLUTTER,21621.258524979716,24348.492018605626,-137.78055471660153,43.84569264394089,1,1500.0,25.0
260.5,RADAR_C,RADAR_C-CLUT-6327,CLUTTER,15760.015676985195,12731.51414813405,10.349413680864991,-180.4633064875798,2,1134.321747974356,18.905362466239264
260.5,RADAR_C,RADAR_C-CLUT-6645,CLUTTER,14437.89108745603,-18537.47071184369,56.76795835068532,0.11702838510321618,1,1500.0,25.0
260.5,RADAR_C,RADAR_C-CLUT-9053,CLUTTER,-22324.760213965958,-22566.88420301194,-53.89254972825533,35.66711001833973,1,1500.0,25.0
260.5,RADAR_C,RADAR_C-CLUT-6856,CLUTTER,-18235.429989433556,15615.954955068924,49.8726379196022,154.86888205444836,3,857.790551951732,14.296509199195533
260.5,RADAR_C,RADAR_C-CLUT-3562,CLUTTER,36511.21667831526,5931.58387423857,-58.72880409909931,6.502173407285495,6,370.9507534326998,6.1825125572116635
260.5,RADAR_C,RADAR_C-CLUT-7764,CLUTTER,39610.27452040391,-166.76924965385288,34.480775370406135,68.98235296424261,3,857.790551951732,14.296509199195533
260.5,RADAR_C,RADAR_C-CLUT-5066,CLUTTER,-3858.662656751011,-1088.581437370948,70.35008675293172,-14.47886928114575,5,490.536420678438,8.1756070113073
260.5,RADAR_C,RADAR_C-CLUT-8704,CLUTTER,35910.28251180935,12983.992490173123,-47.24033188774116,31.222278164763686,6,370.9507534326998,6.1825125572116635
260.86,RADAR_B,RADAR_B-CLUT-9798,CLUTTER,13518.718025673355,13107.80762523071,-32.19817557613433,-97.12628797352318,3,857.790551951732,14.296509199195533
260.86,RADAR_B,RADAR_B-CLUT-6718,CLUTTER,23121.871632233528,5633.759338536364,5.878001296824853,203.78077517737535,6,370.9507534326998,6.1825125572116635
260.86,RADAR_B,RADAR_B-CLUT-5457,CLUTTER,24439.05956643596,-5859.196378831541,32.75363889666645,-34.09758190437393,5,490.536420678438,8.1756070113073
260.86,RADAR_B,RADAR_B-CLUT-6434,CLUTTER,20285.325973097824,11748.70011127747,9.472188773377553,65.61319952252803,3,857.790551951732,14.296509199195533
260.86,RADAR_B,RADAR_B-CLUT-6715,CLUTTER,14234.364858026227,9003.961755489363,-36.12450283996091,-76.48324963875568,4,648.6736521905174,10.811227536508623
260.86,RADAR_B,RADAR_B-CLUT-3667,CLUTTER,35236.134392793785,3785.4051980221993,-166.56424014097024,53.77391671350552,6,370.9507534326998,6.1825125572116635
260.86,RADAR_B,RADAR_B-CLUT-9744,CLUTTER,13738.666829726544,17233.142414593927,30.794820151383412,61.115889255593785,4,648.6736521905174,10.811227536508623
261.7,RADAR_A,RADAR_A-CLUT-6310,CLUTTER,4919.770524371273,4694.492165224974,60.0201156779145,-67.97626380675143,2,1134.321747974356,18.905362466239264
261.72,RADAR_B,RADAR_B-T4276,TARGET_1_LINEAR,25565.45126322765,10647.513773446935,98.84763953324288,0.2752795124678289,11,91.73630764819175,1.528938460803196
262.28,RADAR_A,RADAR_A-T1584,TARGET_2_MANEUVER,7873.3218861505175,14468.574452437326,-86.48825838260076,-44.49690202067836,13,52.46035864770422,0.8743393107950702
263.83,RADAR_A,RADAR_A-CLUT-7507,CLUTTER,3996.167851742697,-4198.66031007369,61.85582256131704,-48.64798075588679,6,370.9507534326998,6.1825125572116635
264.28,RADAR_A,RADAR_A-T1584,TARGET_2_MANEUVER,7765.385176136163,14315.852925390911,-86.4498718661318,-47.701240412818976,14,39.671283813750286,0.6611880635625048
265.0,RADAR_B,RADAR_B-T3881,TARGET_2_MANEUVER,7303.913780458855,14667.175872500027,-82.59181855710237,-46.88035724807302,9,160.417320008009,2.6736220001334834
265.67,RADAR_B,RADAR_B-CLUT-1479,CLUTTER,20119.06554163991,9669.37972658767,-90.03828360965655,-19.8836295610221,5,490.536420678438,8.1756070113073
266.06,RADAR_A,RADAR_A-CLUT-7449,CLUTTER,7600.341903020542,1973.305287173796,13.248769218690605,208.42424970883945,1,1500.0,25.0
266.06,RADAR_A,RADAR_A-CLUT-9808,CLUTTER,10239.013783485676,2640.36112059473,-5.085883134889717,-116.07423128889793,5,490.536420678438,8.1756070113073
266.06,RADAR_A,RADAR_A-CLUT-2409,CLUTTER,11563.771146686136,1904.7969870882207,-83.64235885392425,-2.100863461588171,1,1500.0,25.0
266.48,RADAR_A,RADAR_A-T1584,TARGET_2_MANEUVER,7509.879579591011,14219.304675478706,-83.88352299658871,-50.399264062040636,14,39.671283813750286,0.6611880635625048
267.41,RADAR_B,RADAR_B-T4276,TARGET_1_LINEAR,26216.819174731503,10649.657287603492,99.48407888701539,-1.9331510953143027,12,69.3723258961401,1.1562054316023351
267.93,RADAR_C,RADAR_C-T4140,TARGET_2_MANEUVER,7873.113609772654,14588.361732876672,-75.72121517331567,-55.86983136505809,9,160.417320008009,2.6736220001334834
268.12,RADAR_A,RADAR_A-T1584,TARGET_2_MANEUVER,7435.433961320993,14092.499966332718,-80.81952085820977,-57.60036207132218,13,52.46035864770422,0.8743393107950702
268.18,RADAR_A,RADAR_A-CLUT-1496,CLUTTER,4585.612427294675,4695.1052686663415,-20.17227726748598,-97.39841497886675,3,857.790551951732,14.296509199195533
268.18,RADAR_A,RADAR_A-CLUT-5814,CLUTTER,5290.65915757252,5024.547333586057,-0.6868161487684298,-13.973515208875025,4,648.6736521905174,10.811227536508623
268.18,RADAR_A,RADAR_A-CLUT-7330,CLUTTER,674.6535052520576,6108.703045318968,2.0232559467740856,6.7711822834571,3,857.790551951732,14.296509199195533
268.18,RADAR_A,RADAR_A-CLUT-7720,CLUTTER,4882.730298101334,5557.4378821064765,-35.08916169810007,-0.5883722919052385,4,648.6736521905174,10.811227536508623
268.18,RADAR_A,RADAR_A-CLUT-8598,CLUTTER,8733.306019894659,8833.274781987484,16.1545760852765,92.82785447735793,2,1134.321747974356,18.905362466239264
269.2,RADAR_B,RADAR_B-T3881,TARGET_2_MANEUVER,6925.93994398002,14288.643235219928,-80.50879002356737,-57.89726807511372,11,91.73630764819175,1.528938460803196
269.75,RADAR_A,RADAR_A-T1584,TARGET_2_MANEUVER,7318.568026753927,14078.231132052162,-81.40843188243672,-56.21298653635958,12,69.3723258961401,1.1562054316023351
270.28,RADAR_A,RADAR_A-CLUT-1104,CLUTTER,9324.881499989973,18719.841773274406,-115.48456273469803,54.95001785623149,2,1134.321747974356,18.905362466239264
270.28,RADAR_A,RADAR_A-CLUT-6873,CLUTTER,5436.489383273298,18215.080714810814,129.58505873938574,-49.45385298778115,3,857.790551951732,14.296509199195533
270.77,RADAR_C,RADAR_C-CLUT-5039,CLUTTER,5550.452729524759,-2636.347941099937,-21.198293081795335,-102.16397076768375,4,648.6736521905174,10.811227536508623
270.77,RADAR_C,RADAR_C-CLUT-2281,CLUTTER,-48.11592692599977,1279.8179710269656,55.684738974243814,-133.7682216742304,5,490.536420678438,8.1756070113073
270.77,RADAR_C,RADAR_C-CLUT-5466,CLUTTER,8.11120392212131,-8590.14280352015,-22.69653826917854,95.23799881547858,6,370.9507534326998,6.1825125572116635
270.77,RADAR_C,RADAR_C-CLUT-4055,CLUTTER,22422.0751147719,12601.41483506031,38.1165962657274,-2.8225776411810233,6,370.9507534326998,6.1825125572116635
270.77,RADAR_C,RADAR_C-CLUT-5294,CLUTTER,-2767.496815218829,9772.195182298266,53.5920908545293,180.5217960969963,2,1134.321747974356,18.905362466239264
270.77,RADAR_C,RADAR_C-CLUT-7953,CLUTTER,7901.727655979303,3488.494342755655,-30.734533256558045,-60.97067588112783,1,1500.0,25.0
270.77,RADAR_C,RADAR_C-CLUT-3407,CLUTTER,6506.936986020637,-25430.317478257013,-113.70799562548378,140.18335272976253,4,648.6736521905174,10.811227536508623
270.86,RADAR_B,RADAR_B-CLUT-7227,CLUTTER,22010.402650629556,9542.43700398162,78.21158758307486,-46.81086850589325,5,490.536420678438,8.1756070113073
270.86,RADAR_B,RADAR_B-CLUT-5558,CLUTTER,20329.11695437997,8916.829567870414,-82.18526517161632,114.82932129622496,4,648.6736521905174,10.811227536508623
270.86,RADAR_B,RADAR_B-CLUT-3902,CLUTTER,20338.852664357684,9661.662147863575,-114.53271327978126,24.843486394474997,2,1134.321747974356,18.905362466239264
270.86,RADAR_B,RADAR_B-CLUT-3340,CLUTTER,18742.188352718378,17063.064023617768,41.20299355449956,-51.89873311986203,6,370.9507534326998,6.1825125572116635
270.86,RADAR_B,RADAR_B-CLUT-6373,CLUTTER,16785.724577706223,12534.940185292759,40.0733863268686,-78.58594178214207,2,1134.321747974356,18.905362466239264
270.86,RADAR_B,RADAR_B-CLUT-7634,CLUTTER,19980.98655276001,9894.999716009428,88.81009950400552,23.631340554290592,6,370.9507534326998,6.1825125572116635
270.91,RADAR_C,RADAR_C-T4156,TARGET_1_LINEAR,27155.01332362676,10753.464702090738,101.20114692108271,2.983466988151582,9,160.417320008009,2.6736220001334834
271.11,RADAR_A,RADAR_A-T1584,TARGET_2_MANEUVER,7132.973587433135,13922.014050388263,-80.51523745845728,-60.103435446768685,12,69.3723258961401,1.1562054316023351
272.01,RADAR_A,RADAR_A-CLUT-5053,CLUTTER,15490.975567806945,5712.889100331547,38.50831983147279,21.6046896770383,4,648.6736521905174,10.811227536508623
272.01,RADAR_A,RADAR_A-CLUT-8741,CLUTTER,9469.17798340971,774.679073281588,-30.61847439427555,-62.12290756330968,1,1500.0,25.0
273.14,RADAR_A,RADAR_A-T1584,TARGET_2_MANEUVER,6981.1822991772915,13852.00970778059,-79.77285497417716,-64.96715651357181,13,52.46035864770422,0.8743393107950702
273.26,RADAR_C,RADAR_C-T4140,TARGET_2_MANEUVER,6568.61402704588,14164.32942440676,-79.54591755549609,-63.90754581027512,7,280.51833803078955,4.6753056338464924
273.69,RADAR_B,RADAR_B-T3881,TARGET_2_MANEUVER,6887.033922247925,13946.701731602512,-81.04671200331379,-69.58330303098627,8,212.13203435596427,3.5355339059327378
274.0,RADAR_A,RADAR_A-CLUT-1364,CLUTTER,12062.139761054099,616.6521810464401,126.68391278215509,13.028806709199207,6,370.9507534326998,6.1825125572116635
275.36,RADAR_B,RADAR_B-CLUT-3939,CLUTTER,20850.062747715234,-3899.6837335509117,117.67926096214231,177.47520282424307,4,648.6736521905174,10.811227536508623
275.36,RADAR_B,RADAR_B-CLUT-6608,CLUTTER,8374.086596253856,6263.690831364088,45.505200924015,-122.77046004319361,5,490.536420678438,8.1756070113073
275.36,RADAR_B,RADAR_B-CLUT-6733,CLUTTER,15804.446085803149,5530.243255192048,15.960586115111074,54.01096451255366,3,857.790551951732,14.296509199195533
275.36,RADAR_B,RADAR_B-CLUT-7764,CLUTTER,21756.717623433582,15869.683007884481,157.61103859699827,-149.97826244491264,4,648.6736521905174,10.811227536508623
275.36,RADAR_B,RADAR_B-CLUT-7862,CLUTTER,21923.62581198461,9728.851268987752,-17.23249023767945,141.54698587204996,1,1500.0,25.0
275.36,RADAR_B,RADAR_B-CLUT-4996,CLUTTER,15526.841796039618,-4362.533408278992,-70.39057643595854,10.535655085680588,3,857.790551951732,14.296509199195533
275.36,RADAR_B,RADAR_B-CLUT-5970,CLUTTER,15985.630079336217,-901.5418887727665,124.72388629098894,-80.05912227530106,5,490.536420678438,8.1756070113073
275.42,RADAR_A,RADAR_A-T1584,TARGET_2_MANEUVER,6706.16466726332,13724.591837520595,-76.08874834440229,-68.37844272447944,12,69.3723258961401,1.1562054316023351
275.76,RADAR_B,RADAR_B-T3606,TARGET_1_LINEAR,27235.545563386906,10795.729117939753,98.16380462278731,1.1499317378018508,8,212.13203435596427,3.5355339059327378
277.55,RADAR_A,RADAR_A-T1584,TARGET_2_MANEUVER,6627.409317044866,13422.332575754053,-70.41399697621102,-66.81492359046739,13,52.46035864770422,0.8743393107950702
278.68,RADAR_B,RADAR_B-T3881,TARGET_2_MANEUVER,6119.125980673781,13915.394769761142,-71.03893793646347,-71.52347911958539,9,160.417320008009,2.6736220001334834
278.78,RADAR_A,RADAR_A-CLUT-5460,CLUTTER,5613.332239107435,1075.3914172855361,12.11224383613861,23.876145118515183,6,370.9507534326998,6.1825125572116635
278.99,RADAR_B,RADAR_B-CLUT-5617,CLUTTER,13006.928269343642,9091.088854854544,136.7474025396601,52.10156543818827,4,648.6736521905174,10.811227536508623
278.99,RADAR_B,RADAR_B-CLUT-8730,CLUTTER,11999.07468640841,2782.2488949397175,81.50512028867765,-91.95012702927636,3,857.790551951732,14.296509199195533
278.99,RADAR_B,RADAR_B-CLUT-2286,CLUTTER,27288.41771640725,16253.317935427865,111.31386828289946,2.760285218532614,6,370.9507534326998,6.1825125572116635
278.99,RADAR_B,RADAR_B-CLUT-6651,CLUTTER,20527.94023059843,10528.459465439882,-76.58944289355092,-65.4271358129083,3,857.790551951732,14.296509199195533
278.99,RADAR_B,RADAR_B-CLUT-8989,CLUTTER,22477.201377034853,9760.249587172842,-146.967090971829,-137.37459886456602,4,648.6736521905174,10.811227536508623
279.4,RADAR_B,RADAR_B-T3606,TARGET_1_LINEAR,27308.13316750244,10598.276584494659,98.65307418837713,-1.4027603165223368,12,69.3723258961401,1.1562054316023351
279.88,RADAR_A,RADAR_A-T1584,TARGET_2_MANEUVER,6528.359630202875,13294.583576353834,-70.72086259123978,-68.83366227129797,14,39.671283813750286,0.6611880635625048
280.72,RADAR_A,RADAR_A-CLUT-1243,CLUTTER,8755.22327324397,-2919.5925827479778,-39.09431122392465,-160.7787572244809,6,370.9507534326998,6.1825125572116635
280.72,RADAR_A,RADAR_A-CLUT-4380,CLUTTER,2404.286874299622,15746.923508777663,7.5518850782866735,-231.6174649483748,3,857.790551951732,14.296509199195533
282.23,RADAR_A,RADAR_A-T1584,TARGET_2_MANEUVER,6296.502295890194,13172.585939169307,-63.39171983904259,-73.11976872830631,14,39.671283813750286,0.6611880635625048
282.71,RADAR_A,RADAR_A-CLUT-8378,CLUTTER,5374.737106730687,12235.514119417192,-21.96818612163511,69.85465126228847,3,857.790551951732,14.296509199195533
282.71,RADAR_A,RADAR_A-CLUT-6392,CLUTTER,16622.054028434308,13550.110029402773,-47.37487695710503,164.67935638583114,4,648.6736521905174,10.811227536508623
282.84,RADAR_C,RADAR_C-T4156,TARGET_1_LINEAR,28140.47617948965,10320.175250567298,101.83996311346168,-3.701578970551591,7,280.51833803078955,4.6753056338464924
283.8,RADAR_C,RADAR_C-CLUT-9661,CLUTTER,3015.8027674142054,5164.248922562115,231.33269544607148,147.20292984813395,2,1134.321747974356,18.905362466239264
283.8,RADAR_C,RADAR_C-CLUT-3525,CLUTTER,7595.4894102879,-10056.090826136737,-61.63398393103031,-142.9448977450946,3,857.790551951732,14.296509199195533
283.8,RADAR_C,RADAR_C-CLUT-4992,CLUTTER,6860.893288389399,-14.087574464413638,91.71897269864306,-57.61140801282459,4,648.6736521905174,10.811227536508623
283.8,RADAR_C,RADAR_C-CLUT-3977,CLUTTER,24278.975830171472,-24299.32700502335,56.56140023660845,129.3635939617346,6,370.9507534326998,6.1825125572116635
283.8,RADAR_C,RADAR_C-CLUT-8493,CLUTTER,27771.494234829315,-21876.721528169088,-93.93618365761172,92.33719138331791,4,648.6736521905174,10.811227536508623
283.8,RADAR_C,RADAR_C-CLUT-5087,CLUTTER,-29282.09631299019,24002.745877342175,71.88396002729735,62.416137694886004,2,1134.321747974356,18.905362466239264
284.25,RADAR_B,RADAR_B-T3881,TARGET_2_MANEUVER,5783.032058157167,13445.39437647411,-61.68104234404588,-75.78844145265134,10,121.30990322456422,2.021831720409404
284.47,RADAR_A,RADAR_A-T1584,TARGET_2_MANEUVER,6189.583671271783,12930.416800755745,-59.392661242985035,-77.19826151871374,12,69.3723258961401,1.1562054316023351
284.67,RADAR_A,RADAR_A-CLUT-6769,CLUTTER,4724.4077236346875,8357.099019366524,63.69069319390094,-136.61195065001743,3,857.790551951732,14.296509199195533
284.67,RADAR_A,RADAR_A-CLUT-4574,CLUTTER,7343.512688391911,8018.595031497445,-158.72351225504505,63.72119686342724,3,857.790551951732,14.296509199195533
285.07,RADAR_B,RADAR_B-CLUT-2164,CLUTTER,33724.62640074556,4983.650845758403,-55.53413887082815,69.917786678247,6,370.9507534326998,6.1825125572116635
285.07,RADAR_B,RADAR_B-CLUT-7820,CLUTTER,25945.272710672994,7219.078378881698,71.3446043404147,-34.70362397676182,5,490.536420678438,8.1756070113073
285.07,RADAR_B,RADAR_B-CLUT-6374,CLUTTER,29301.808218861603,17393.349773520073,53.09619487501383,40.997297388845546,4,648.6736521905174,10.811227536508623
285.07,RADAR_B,RADAR_B-CLUT-9998,CLUTTER,15885.096735956828,19507.624076503307,-154.72701963676616,-57.21988150540726,3,857.790551951732,14.296509199195533
285.66,RADAR_B,RADAR_B-T3606,TARGET_1_LINEAR,27949.15596608368,10393.377704864935,98.77304163395569,-0.7086416711750374,10,121.30990322456422,2.021831720409404
286.19,RADAR_A,RADAR_A-T1584,TARGET_2_MANEUVER,6171.990872302613,12859.560735116022,-57.94820493317009,-81.52788138046972,13,52.46035864770422,0.8743393107950702
288.52,RADAR_A,RADAR_A-CLUT-1906,CLUTTER,6184.780284248249,5948.1413128995455,39.54043383044858,2.1257826753477547,6,370.9507534326998,6.1825125572116635
288.52,RADAR_A,RADAR_A-CLUT-8939,CLUTTER,-9046.043461322886,1322.2416119497339,-21.359423214063025,49.67495918515512,2,1134.321747974356,18.905362466239264
288.52,RADAR_A,RADAR_A-CLUT-5298,CLUTTER,17695.436665151796,298.5582024214782,39.33350656077525,31.434676873713446,3,857.790551951732,14.296509199195533
288.55,RADAR_A,RADAR_A-T1584,TARGET_2_MANEUVER,5870.80918770688,12617.582129356233,-57.05936082365217,-85.35419803924597,12,69.3723258961401,1.1562054316023351
289.37,RADAR_B,RADAR_B-T3881,TARGET_2_MANEUVER,5523.932386720809,12872.390500208672,-54.58257179033185,-86.48671003764505,10,121.30990322456422,2.021831720409404
290.39,RADAR_A,RADAR_A-CLUT-3107,CLUTTER,15279.610800233904,10087.490073919642,48.48153110839856,-26.930966628964356,4,648.6736521905174,10.811227536508623
290.39,RADAR_A,RADAR_A-CLUT-2559,CLUTTER,11509.819622807994,13159.580916092154,40.148735231642014,-53.08552464101858,2,1134.321747974356,18.905362466239264
290.54,RADAR_A,RADAR_A-T1584,TARGET_2_MANEUVER,5875.881126525296,12387.252198443493,-50.87727274063678,-87.83645119461409,13,52.46035864770422,0.8743393107950702
290.7,RADAR_B,RADAR_B-CLUT-1400,CLUTTER,17183.217488536786,9595.61292557441,-16.073635024044965,-19.355712011611878,2,1134.321747974356,18.905362466239264
290.7,RADAR_B,RADAR_B-CLUT-5215,CLUTTER,4372.337055366206,14959.745331833987,6.794332979413892,108.57620399422457,2,1134.321747974356,18.905362466239264
290.7,RADAR_B,RADAR_B-CLUT-8292,CLUTTER,6823.710415022684,9048.96667358786,-141.6195340780389,-86.95802029204847,1,1500.0,25.0
290.7,RADAR_B,RADAR_B-CLUT-6423,CLUTTER,18373.77680135608,23884.008412580217,158.40601867552152,51.38924736401425,2,1134.321747974356,18.905362466239264
290.7,RADAR_B,RADAR_B-CLUT-5255,CLUTTER,36814.4197611296,8516.202318493319,167.01967887001157,-34.10614518946084,5,490.536420678438,8.1756070113073
290.7,RADAR_B,RADAR_B-CLUT-5395,CLUTTER,21399.72640623589,5933.894620403994,9.529687833431288,-35.24363664640964,6,370.9507534326998,6.1825125572116635
290.7,RADAR_B,RADAR_B-CLUT-9621,CLUTTER,6458.801693179692,20785.720068470608,142.03926793920385,-118.33568146862133,4,648.6736521905174,10.811227536508623
290.7,RADAR_B,RADAR_B-CLUT-6212,CLUTTER,22392.39896898669,2586.0134079719774,-139.1653580209585,-4.110584631542134,2,1134.321747974356,18.905362466239264
290.7,RADAR_B,RADAR_B-CLUT-5041,CLUTTER,8964.452960451224,11304.459049158066,-103.27537755945792,-32.55794930986969,5,490.536420678438,8.1756070113073
290.7,RADAR_B,RADAR_B-CLUT-7104,CLUTTER,19547.476580019713,10430.941980369598,17.532374523707468,-68.79520541355379,5,490.536420678438,8.1756070113073
290.7,RADAR_B,RADAR_B-T3606,TARGET_1_LINEAR,28537.938774581882,10359.454752342876,102.71480729859914,-4.097766409031382,8,212.13203435596427,3.5355339059327378
291.73,RADAR_C,RADAR_C-CLUT-8851,CLUTTER,-5461.833718238133,-2423.5430544533974,101.73321866371994,-9.47320837729026,3,857.790551951732,14.296509199195533
291.73,RADAR_C,RADAR_C-CLUT-7196,CLUTTER,-30538.855775304863,22815.82825160476,-2.765139187504267,72.45740803978923,5,490.536420678438,8.1756070113073
291.73,RADAR_C,RADAR_C-CLUT-3686,CLUTTER,-1017.1577728309251,22540.458475095606,-89.92974870886187,8.203315185401793,2,1134.321747974356,18.905362466239264
291.73,RADAR_C,RADAR_C-CLUT-1676,CLUTTER,-2618.7096063328822,-6489.386128742152,92.11836753630735,26.44939964823484,3,857.790551951732,14.296509199195533
291.73,RADAR_C,RADAR_C-CLUT-1332,CLUTTER,-14.088903177452472,97.16735142908071,127.36199188608667,-47.01903754559187,6,370.9507534326998,6.1825125572116635
291.73,RADAR_C,RADAR_C-CLUT-9998,CLUTTER,-24838.00174305414,-12543.451079061933,16.38383018255338,32.731273822079515,2,1134.321747974356,18.905362466239264
291.73,RADAR_C,RADAR_C-CLUT-2500,CLUTTER,-370.90869518682916,-1567.8505570290251,-112.56388247991565,-136.4850464478481,1,1500.0,25.0
291.73,RADAR_C,RADAR_C-CLUT-6631,CLUTTER,-14756.298853910675,11408.470961516567,5.508206228044149,91.02893714472272,5,490.536420678438,8.1756070113073
291.73,RADAR_C,RADAR_C-CLUT-8333,CLUTTER,22911.025727950542,-8217.632414750078,19.67549750654703,-11.382439743422214,3,857.790551951732,14.296509199195533
291.73,RADAR_C,RADAR_C-CLUT-7321,CLUTTER,3766.410485041476,21463.50739076099,-15.793534201411298,-24.842060451381876,6,370.9507534326998,6.1825125572116635
292.0,RADAR_C,RADAR_C-T4156,TARGET_1_LINEAR,29029.990362550587,10465.9019135256,94.13748922549273,2.2086553418299792,9,160.417320008009,2.6736220001334834
292.47,RADAR_A,RADAR_A-T1584,TARGET_2_MANEUVER,5852.815665524877,12364.689509388785,-48.36951327647662,-87.75663376818265,13,52.46035864770422,0.8743393107950702
292.87,RADAR_A,RADAR_A-CLUT-5490,CLUTTER,-2967.9197767896494,6001.098379932488,66.08230333654255,-40.482776357528536,1,1500.0,25.0
294.23,RADAR_A,RADAR_A-T1584,TARGET_2_MANEUVER,5707.7232643889965,12144.931173965933,-42.73846406227745,-90.11793876503388,12,69.3723258961401,1.1562054316023351
294.28,RADAR_B,RADAR_B-T3881,TARGET_2_MANEUVER,5430.387722775224,12440.749047095236,-43.401556627634534,-92.44262581996502,10,121.30990322456422,2.021831720409404
294.58,RADAR_C,RADAR_C-T3565,TARGET_2_MANEUVER,5722.073091675819,12726.169927138348,-50.58331192077785,-94.15077200593058,6,370.9507534326998,6.1825125572116635
294.59,RADAR_A,RADAR_A-CLUT-7131,CLUTTER,881.4819071753336,7657.716443978063,-22.901444288421242,13.340841591154252,3,857.790551951732,14.296509199195533
294.59,RADAR_A,RADAR_A-CLUT-5725,CLUTTER,15397.485198759376,7941.641345670082,-129.89908656937837,-29.59283755657178,6,370.9507534326998,6.1825125572116635
295.93,RADAR_A,RADAR_A-CLUT-8600,CLUTTER,-1725.992524860143,-286.1805480687635,-22.490038791046906,-99.65939601869363,6,370.9507534326998,6.1825125572116635
295.93,RADAR_A,RADAR_A-CLUT-6720,CLUTTER,17801.458561948115,-1253.970786274027,41.80080561684092,-157.89244075172908,6,370.9507534326998,6.1825125572116635
295.93,RADAR_A,RADAR_A-CLUT-9768,CLUTTER,-6882.142559486449,10575.279251953063,-18.44691188188903,-45.92660616698157,1,1500.0,25.0
296.07,RADAR_B,RADAR_B-CLUT-5722,CLUTTER,13370.186307374395,13154.280772510934,91.81211339917255,26.902231139805004,2,1134.321747974356,18.905362466239264
296.07,RADAR_B,RADAR_B-CLUT-7658,CLUTTER,12194.762703847202,2500.167669546092,-4.830887383630503,180.06200834471593,5,490.536420678438,8.1756070113073
296.07,RADAR_B,RADAR_B-CLUT-3538,CLUTTER,23230.737999201465,13531.178643728219,-2.2239283087277504,-36.859889725540654,6,370.9507534326998,6.1825125572116635
296.07,RADAR_B,RADAR_B-CLUT-5370,CLUTTER,21408.538514626023,15552.725644208631,43.999357987492324,27.18503936003595,6,370.9507534326998,6.1825125572116635
296.07,RADAR_B,RADAR_B-CLUT-7208,CLUTTER,18025.430642845782,13411.187596829051,-124.13182259580488,-143.7432089784578,3,857.790551951732,14.296509199195533
296.56,RADAR_A,RADAR_A-T1584,TARGET_2_MANEUVER,5625.474613791437,11970.847373445173,-42.668349785295554,-90.89779211730043,14,39.671283813750286,0.6611880635625048
