time,sensor,local_track_id,callsign_true,x,y,vx,vy,track_quality,sigma_pos_m,sigma_vel_mps,is_clutter
1.95,RADAR_A,RADAR_A-T3517,HEDEF_2,369135.607267112,26444.56079497462,37.095127422428064,24.943951385044123,13,327.1238904056844,0.8743393107950702,False
3.81,RADAR_A,RADAR_A-T3517,HEDEF_2,369107.74237208103,27432.132961248477,35.35528020171331,25.759433570666552,13,327.236079908261,0.8743393107950702,False
5.0,RADAR_A,RADAR_A-T7791,PGT549U,-79382.54985033619,26593.849274606637,-36.5362064241915,22.221630815643486,14,83.16251037423552,0.6611880635625048,False
5.75,RADAR_A,RADAR_A-T3517,HEDEF_2,369337.34300471656,26839.984129901368,36.35617035459495,22.397956285589434,13,327.35305620353296,0.8743393107950702,False
6.77,RADAR_B,RADAR_B-T8154,HEDEF_2,369247.75075148046,27018.788959951627,37.11889701217335,7.943004941500984,9,322.7433388523935,2.6736220001334834,False
7.03,RADAR_A,RADAR_A-T7481,HEDEF_3_MANEVRA,-76503.62394864734,-404249.0812003622,487.81047512647916,-29.680767232445405,10,379.0668220519154,2.021831720409404,False
7.34,RADAR_A,RADAR_A-T7791,PGT549U,-79427.33824626895,26939.980396086798,-36.607765929967115,27.914897814074813,12,100.88761692086378,1.1562054316023351,False
8.23,RADAR_A,RADAR_A-T3517,HEDEF_2,369462.92328019696,26932.922427590765,36.39222466995634,27.111268942371694,14,325.69891912063986,0.6611880635625048,False
9.08,RADAR_B,RADAR_B-SC46433,STATIC_CLUTTER,-343941.5950133857,108110.99080827582,-0.4822212854555363,0.2090487660747998,2,1134.321747974356,18.905362466239264,True
9.44,RADAR_B,RADAR_B-T8537,PGT549U,-79799.96095209612,26923.21648376318,-39.767932247702916,25.924145251308357,9,198.26140960680806,2.6736220001334834,False
9.91,RADAR_A,RADAR_A-T7791,PGT549U,-79720.91764905784,27066.288286668547,-34.816881935919184,36.48674369764435,13,90.24378167991425,0.8743393107950702,False
9.91,RADAR_A,RADAR_A-T7481,HEDEF_3_MANEVRA,-74893.98684942754,-404635.72987689835,441.8127517301581,-25.212827131960367,11,370.59294576013855,1.528938460803196,False
10.58,RADAR_A,RADAR_A-T3517,HEDEF_2,369609.06798822415,27153.909089053406,39.092582523465914,40.34232246468476,9,361.01619545153716,2.6736220001334834,False
11.01,RADAR_A,RADAR_A-SC62965,STATIC_CLUTTER,-331714.71051434154,-102107.5026356461,0.08109028723238977,0.23666581218233118,4,648.6736521905174,10.811227536508623,True
12.0,RADAR_A,RADAR_A-T7791,PGT549U,-79699.82284417056,26940.209615100233,-31.96069688674696,42.442094510362566,10,141.87712909871405,2.021831720409404,False
12.42,RADAR_A,RADAR_A-T7481,HEDEF_3_MANEVRA,-74110.00061808468,-404779.39794318133,421.6714197991614,-27.98217746737358,9,393.20983539871054,2.6736220001334834,False
13.31,RADAR_C,RADAR_C-T7702,HEDEF_2,369531.46268925304,27390.053573702327,39.99586787577435,-8.875089852402695,6,483.99438434371194,6.1825125572116635,False
14.63,RADAR_A,RADAR_A-T7481,HEDEF_3_MANEVRA,-72818.91826533299,-404807.70182932616,389.3369275828627,-28.192577031310073,11,370.48493548530024,1.528938460803196,False
14.95,RADAR_A,RADAR_A-T7791,PGT549U,-80105.44375562528,27313.31900662476,-37.21996352384926,45.41594103828164,9,176.56955073684347,2.6736220001334834,False
16.69,RADAR_B,RADAR_B-T8554,HEDEF_3_MANEVRA,-72342.43826899839,-405347.04671540234,391.6118480228169,-38.8794669608657,5,611.3848408815234,8.1756070113073,False
17.13,RADAR_A,RADAR_A-T7481,HEDEF_3_MANEVRA,-72328.91600294207,-404906.0513548922,365.6567636899771,-36.56888053318831,9,393.11225497770465,2.6736220001334834,False
17.76,RADAR_B,RADAR_B-T5371,HEDEF_2,370292.87340486416,27429.46983850925,44.82040266187615,5.9970181165509295,8,351.87068762634374,3.5355339059327378,False
17.82,RADAR_A,RADAR_A-T9340,HEDEF_2,370225.8578115341,27099.982507066925,37.83711326003242,36.53114643711362,9,361.4128736063125,2.6736220001334834,False
17.99,RADAR_A,RADAR_A-T7791,PGT549U,-80288.70446828606,27218.055912544518,-37.29593754130239,33.031460379745326,10,142.0922047895843,2.021831720409404,False
18.36,RADAR_B,RADAR_B-SC69319,STATIC_CLUTTER,389167.7494575263,-173882.42411096388,0.7073407840999549,0.5095527316104845,4,648.6736521905174,10.811227536508623,True
20.13,RADAR_B,RADAR_B-T5707,PGT549U,-79963.58860778285,27394.361537722027,-49.46633182597367,-26.01180056732904,6,389.03157255821054,6.1825125572116635,False
20.73,RADAR_A,RADAR_A-T7791,PGT549U,-80173.56158761418,27743.05914478277,-35.56946737917664,41.39644576237459,11,117.9731901050609,1.528938460803196,False
20.98,RADAR_A,RADAR_A-T9340,HEDEF_2,370244.74454170367,27602.574497987363,40.50495212709154,30.68105035884135,11,336.7883468768487,1.528938460803196,False
21.32,RADAR_C,RADAR_C-T2301,PGT549U,-80708.69852588217,27588.713228421304,-40.82128911459966,54.63574134218133,7,293.97209751793633,4.6753056338464924,False
21.75,RADAR_A,RADAR_A-T2837,HEDEF_3_MANEVRA,-69998.19379461158,-405104.2067286343,306.9107181932642,-27.972006855653078,10,378.7483945777061,2.021831720409404,False
22.54,RADAR_B,RADAR_B-T5371,HEDEF_2,370446.30510718736,27454.66369604686,46.40085253403998,55.33249242819434,5,565.3370404456458,8.1756070113073,False
23.25,RADAR_A,RADAR_A-T7791,PGT549U,-80635.98532137448,27815.496261904,-40.48389660134249,35.653316109779524,10,142.2818927804847,2.021831720409404,False
23.89,RADAR_A,RADAR_A-T9340,HEDEF_2,370216.64557638956,27889.81954976649,42.51719426155285,31.155065341471015,10,346.18316570341983,2.021831720409404,False
25.51,RADAR_C,RADAR_C-T6202,HEDEF_3_MANEVRA,-68281.50691575317,-405130.86386142636,256.58854475387983,-26.743355920364216,7,498.9109741660405,4.6753056338464924,False
25.65,RADAR_B,RADAR_B-T5707,PGT549U,-80793.01870376221,27971.052063763826,-42.17248106246077,34.09820164374118,9,198.90092612348283,2.6736220001334834,False
26.69,RADAR_A,RADAR_A-T8933,HEDEF_3_MANEVRA,-68245.16915330147,-405444.93307957886,246.73413312638098,-37.25296099543955,10,378.65920009356057,2.021831720409404,False
26.93,RADAR_B,RADAR_B-T5371,HEDEF_2,370607.56123779516,28123.12138025227,42.53185757544569,37.57953391566395,9,323.8322272160885,2.6736220001334834,False
27.05,RADAR_A,RADAR_A-T7791,PGT549U,-80885.1833547865,27886.565540418866,-40.95893805545994,37.4842043626308,9,176.9206343785655,2.6736220001334834,False
27.53,RADAR_B,RADAR_B-T4241,HEDEF_3_MANEVRA,-67302.11504380238,-405079.94282321195,244.5286848361467,-34.34811944832767,7,459.72394722080304,4.6753056338464924,False
28.9,RADAR_A,RADAR_A-T7458,HEDEF_2,370983.6029378168,28104.741310111123,44.8065322789852,31.289882163094333,11,337.25389380786777,1.528938460803196,False
29.6,RADAR_A,RADAR_A-T7791,PGT549U,-81014.11659302056,28016.81201785363,-43.44814959850528,40.004400857905566,10,142.51055738356905,2.021831720409404,False
31.34,RADAR_A,RADAR_A-T7472,HEDEF_3_MANEVRA,-68120.84898468299,-405733.01759382366,142.58784265876653,-33.80893477870038,11,370.4578441146477,1.528938460803196,False
31.63,RADAR_B,RADAR_B-T5707,PGT549U,-81047.30522925708,28015.602394666286,-44.01994131673872,48.43877744216003,9,199.1356854851387,2.6736220001334834,False
31.78,RADAR_A,RADAR_A-T7791,PGT549U,-81328.38590616804,28002.252946035795,-55.888703389459884,28.415303577210054,9,177.05674166273948,2.6736220001334834,False
31.85,RADAR_B,RADAR_B-T5371,HEDEF_2,370720.3000944181,28075.811389252653,52.379009174733056,12.186105615150392,7,397.4858340067459,4.6753056338464924,False
32.23,RADAR_A,RADAR_A-T7458,HEDEF_2,371093.5516312704,27961.99216681527,46.919178421404546,30.500490684251353,11,337.4479454649682,1.528938460803196,False
32.58,RADAR_B,RADAR_B-SC55470,STATIC_CLUTTER,100579.72999451045,207798.06248002566,0.42572594704492145,-1.5723999582645618,2,1134.321747974356,18.905362466239264,True
32.58,RADAR_B,RADAR_B-SC69319,STATIC_CLUTTER,389189.45656691794,-173938.85069132544,-0.5816592302740624,0.6966343319015926,3,857.790551951732,14.296509199195533,True
33.44,RADAR_C,RADAR_C-T2301,PGT549U,-82002.60259863174,27935.354690568787,-49.96996894928391,59.794533602254425,3,862.334980107655,14.296509199195533,False
34.3,RADAR_A,RADAR_A-T7791,PGT549U,-81454.28741919759,28202.007466021183,-46.72980505938349,33.04663162239336,9,177.12942106318386,2.6736220001334834,False
34.45,RADAR_B,RADAR_B-T4241,HEDEF_3_MANEVRA,-67971.00982964142,-405627.42456843395,81.6746206719845,-39.80660590522447,9,398.37070615662077,2.6736220001334834,False
34.53,RADAR_A,RADAR_A-T7458,HEDEF_2,371206.03084814816,28059.590726551072,50.13350369641536,38.82694426972252,11,337.58127707741187,1.528938460803196,False
34.58,RADAR_B,RADAR_B-T5707,PGT549U,-80735.1839388524,28211.86356618211,-58.52901398363258,27.825630438514686,6,389.32220229342056,6.1825125572116635,False
35.42,RADAR_C,RADAR_C-T6202,HEDEF_3_MANEVRA,-68048.835432958,-405492.36088932055,135.1223889227585,-55.62898012798105,3,951.9985214597591,14.296509199195533,False
35.46,RADAR_A,RADAR_A-T5145,HEDEF_3_MANEVRA,-68504.9985347104,-405693.2626150836,51.070451480431004,-40.93028222551789,10,379.08850482674626,2.021831720409404,False
36.01,RADAR_A,RADAR_A-T7791,PGT549U,-81260.20241034521,28223.099189927623,-49.29162627360481,39.39029086526525,9,177.17889651590372,2.6736220001334834,False
37.71,RADAR_A,RADAR_A-T7458,HEDEF_2,371411.6053642567,28277.128570286655,55.27368360825556,39.24331093046923,11,337.7664005194092,1.528938460803196,False
38.2,RADAR_A,RADAR_A-T5145,HEDEF_3_MANEVRA,-68336.29840437375,-405935.8769477824,-8.457759801697135,-43.62243481783929,10,379.2361543005506,2.021831720409404,False
38.8,RADAR_A,RADAR_A-SC62965,STATIC_CLUTTER,-331750.94378959597,-102079.24224969716,0.2252810830380908,-0.9518109264534971,3,857.790551951732,14.296509199195533,True
41.11,RADAR_A,RADAR_A-T1923,PGT549U,-81555.16434896986,28522.936584952287,-53.32938246124517,57.570300057750785,9,177.3266830448628,2.6736220001334834,False
41.22,RADAR_B,RADAR_B-T5707,PGT549U,-81731.06083773356,28532.48582472917,-62.02352550609218,37.67354424720308,7,304.56819038398527,4.6753056338464924,False
41.34,RADAR_B,RADAR_B-SC46433,STATIC_CLUTTER,-343923.81403479655,108121.70381200162,0.9993975585862942,0.2505967843607098,4,648.6736521905174,10.811227536508623,True
42.15,RADAR_B,RADAR_B-T6951,HEDEF_2,371136.6297336506,28823.49376119055,55.737929153975216,87.58048667187323,5,565.9392253192872,8.1756070113073,False
43.53,RADAR_A,RADAR_A-T1923,PGT549U,-82043.10165729381,28670.054489387356,-64.73752440273148,30.369114475044217,11,118.96015438461076,1.528938460803196,False
43.61,RADAR_A,RADAR_A-T2136,HEDEF_3_MANEVRA,-69381.39901634035,-406305.47375643696,-142.82961110286683,-44.95320063878229,10,379.52859141825854,2.021831720409404,False
43.86,RADAR_A,RADAR_A-T5637,HEDEF_2,371833.67969064397,28893.468523239637,59.97579664639582,45.390692842895156,11,338.1245564116617,1.528938460803196,False
43.98,RADAR_B,RADAR_B-T9593,HEDEF_3_MANEVRA,-69587.63375032062,-406471.0256855826,-154.95779196955112,-43.87496794737888,7,460.56415170921855,4.6753056338464924,False
45.52,RADAR_B,RADAR_B-T6951,HEDEF_2,371950.1041865627,28556.360073497428,55.779681088223015,37.513822843527976,9,324.82642868189504,2.6736220001334834,False
46.77,RADAR_C,RADAR_C-T2194,HEDEF_2,371743.07055716944,29099.810333827263,49.653780991853644,20.565393111049,5,581.7148932253257,8.1756070113073,False
47.62,RADAR_A,RADAR_A-T5453,PGT549U,-82341.46216645153,28931.505367950605,-68.55628321611172,49.126868583100396,9,177.51617446830775,2.6736220001334834,False
48.47,RADAR_C,RADAR_C-T2301,PGT549U,-82370.38759101034,28827.70431355193,-61.94858110868388,42.175599892626295,6,381.4866835373686,6.1825125572116635,False
49.37,RADAR_A,RADAR_A-T4127,HEDEF_2,372312.34825311333,29207.563529988915,65.2638488712418,44.92667056977825,10,347.62923705548604,2.021831720409404,False
50.33,RADAR_A,RADAR_A-T5453,PGT549U,-82377.32172151582,28986.125043336946,-69.98511055441226,40.7816658446807,11,119.25602110163493,1.528938460803196,False
50.85,RADAR_B,RADAR_B-T3835,PGT549U,-82601.51144494963,28985.736161002453,-71.21695806868496,60.46445869836082,6,389.65000987628025,6.1825125572116635,False
51.24,RADAR_A,RADAR_A-T8375,HEDEF_3_MANEVRA,-69912.70661065813,-406724.65333333623,-325.39565204238016,-49.6601968900611,11,371.5581177776211,1.528938460803196,False
51.75,RADAR_B,RADAR_B-T6951,HEDEF_2,372384.16728831886,28984.814463467636,65.26010713075208,64.23147815035492,9,325.15944545974736,2.6736220001334834,False
52.21,RADAR_A,RADAR_A-T5453,PGT549U,-82415.88313461606,28991.72048878153,-71.3105447216079,45.57496947218554,11,119.33786191007708,1.528938460803196,False
52.84,RADAR_B,RADAR_B-T9437,HEDEF_3_MANEVRA,-69892.04972200863,-406414.00769439404,-362.2490979904316,-44.03479534158873,7,461.0335650790661,4.6753056338464924,False
54.06,RADAR_A,RADAR_A-T5453,PGT549U,-82920.59997165612,29186.299579677157,-77.73942465809884,30.30727814181536,9,177.7046067848683,2.6736220001334834,False
54.11,RADAR_A,RADAR_A-T8375,HEDEF_3_MANEVRA,-69864.53275297754,-406852.96018338244,-392.587339525541,-54.19164852256566,11,371.717843746068,1.528938460803196,False
54.6,RADAR_A,RADAR_A-T9297,HEDEF_2,372417.81100130826,30122.993629704186,69.90896636758883,48.533761487205894,10,347.9257183359704,2.021831720409404,False
55.78,RADAR_A,RADAR_A-T5453,PGT549U,-82647.54896877393,29270.22763507181,-69.85109951369175,55.53328842287809,11,119.49824373605153,1.528938460803196,False
55.99,RADAR_B,RADAR_B-T6951,HEDEF_2,373050.05896335916,29611.914170961572,70.53595121613368,40.69204935713813,8,353.7572571180885,3.5355339059327378,False
56.72,RADAR_C,RADAR_C-T2078,HEDEF_3_MANEVRA,-70338.9398434877,-407327.32665659406,-399.3211039750842,-51.29920751610631,6,556.0020717209078,6.1825125572116635,False
57.04,RADAR_A,RADAR_A-T9297,HEDEF_2,372830.97637394856,28858.94466270324,70.87594678948444,58.88606696955915,9,363.5662981958502,2.6736220001334834,False
57.83,RADAR_B,RADAR_B-T3835,PGT549U,-82841.66771650291,29423.477336100717,-63.0394407163961,62.425684563910764,6,389.80022071733947,6.1825125572116635,False
58.08,RADAR_A,RADAR_A-T5453,PGT549U,-83017.27354741281,29340.3432050303,-75.3469839028214,39.33028655152232,9,177.84007593825316,2.6736220001334834,False
58.58,RADAR_A,RADAR_A-T8575,HEDEF_3_MANEVRA,-72405.30775750149,-406958.2650584229,-426.91778383039417,-53.6266345822423,10,380.6089757001039,2.021831720409404,False
58.91,RADAR_C,RADAR_C-T2301,PGT549U,-81483.73955243471,29854.835496908145,-72.16219223130398,85.94758451763748,4,654.8182233596567,10.811227536508623,False
59.69,RADAR_A,RADAR_A-T9297,HEDEF_2,373052.29848393565,29533.52331531343,70.22511724840156,54.760274039296526,9,363.7395991309857,2.6736220001334834,False
61.33,RADAR_B,RADAR_B-T6951,HEDEF_2,372721.91468345694,28770.103461522405,66.05024770570216,92.38512995355417,5,566.5639567327286,8.1756070113073,False
61.35,RADAR_A,RADAR_A-T5453,PGT549U,-83256.70755262577,29600.5900977631,-72.15244486610798,52.070858154040195,10,143.7047941051144,2.021831720409404,False
61.57,RADAR_B,RADAR_B-T3835,PGT549U,-83442.00037144448,29670.572315994068,-80.74201946884305,54.877012941469225,5,505.0123008524517,8.1756070113073,False
61.85,RADAR_A,RADAR_A-T9297,HEDEF_2,373096.04507893865,29575.02057259986,71.3706003173834,59.809148410339525,11,339.2513945000315,1.528938460803196,False
63.08,RADAR_A,RADAR_A-T5453,PGT549U,-82983.6632660762,29584.040133221548,-79.17773130316513,44.542649737822984,10,143.78154206366207,2.021831720409404,False
63.1,RADAR_B,RADAR_B-T3414,HEDEF_3_MANEVRA,-74765.89686215905,-406866.5164400558,-446.92123601583563,-54.42769213346985,6,522.2145595898371,6.1825125572116635,False
64.16,RADAR_A,RADAR_A-T6202,HEDEF_3_MANEVRA,-75659.59391749666,-407347.8703484701,-442.15838950335603,-56.74527798878856,10,381.3835821987004,2.021831720409404,False
64.19,RADAR_A,RADAR_A-T9297,HEDEF_2,373342.3371134483,29459.601110467866,75.431156402481,49.386615887797106,10,348.57400390903507,2.021831720409404,False
65.6,RADAR_A,RADAR_A-T5453,PGT549U,-83455.92635709383,29753.241971550287,-68.10580364432393,61.30967870177637,11,120.01991929959833,1.528938460803196,False
66.62,RADAR_B,RADAR_B-T3835,PGT549U,-83402.65445329453,29831.700136584866,-72.65295675489885,48.62513031864286,8,243.94416133779515,3.5355339059327378,False
67.32,RADAR_A,RADAR_A-T9297,HEDEF_2,373468.5726294214,30180.0534574448,72.74514615743344,60.139442427466776,11,339.6361901934144,1.528938460803196,False
67.8,RADAR_A,RADAR_A-SC62965,STATIC_CLUTTER,-331722.1437979303,-102066.16458846339,0.8973154886289754,1.0611070749987828,3,857.790551951732,14.296509199195533,True
67.92,RADAR_A,RADAR_A-T5453,PGT549U,-83664.64290758147,29885.63268202831,-70.35209317161743,57.65024721870487,10,143.9964215311739,2.021831720409404,False
68.16,RADAR_C,RADAR_C-T2301,PGT549U,-83268.54773021412,30043.053806620148,-95.74715492994862,88.6091123043764,5,498.71781287922744,8.1756070113073,False
68.66,RADAR_B,RADAR_B-T6951,HEDEF_2,373567.97945521196,30306.16761626614,75.87191446434791,12.381638067643632,7,399.2096495126616,4.6753056338464924,False
68.92,RADAR_B,RADAR_B-T3414,HEDEF_3_MANEVRA,-78240.09635166387,-407272.5958986498,-491.8670858071,-49.44643822012773,7,463.34911058674066,4.6753056338464924,False
69.43,RADAR_A,RADAR_A-T9297,HEDEF_2,373591.91600761784,30218.398366553825,71.259386587525,58.496838781174745,9,364.37829728331167,2.6736220001334834,False
69.6,RADAR_A,RADAR_A-T5333,HEDEF_3_MANEVRA,-79469.35598974,-407437.45146095566,-465.37529266205627,-52.49064801147098,10,382.160439380309,2.021831720409404,False
70.14,RADAR_A,RADAR_A-T5453,PGT549U,-83695.27243869787,30009.58762434851,-69.95038498695833,57.06862648877405,9,178.27274936222665,2.6736220001334834,False
71.41,RADAR_C,RADAR_C-T3938,HEDEF_2,373526.4710710218,30105.99064165705,76.74501217411309,16.212882016658433,5,582.5129937603291,8.1756070113073,False
71.74,RADAR_A,RADAR_A-T9297,HEDEF_2,374021.30664586683,29999.111092531457,72.72407485994529,59.83435950187193,11,339.9471019831132,1.528938460803196,False
72.14,RADAR_A,RADAR_A-T5333,HEDEF_3_MANEVRA,-80654.13461876736,-407759.16456273454,-465.7060888651109,-54.33354687356842,10,382.53116328588914,2.021831720409404,False
72.31,RADAR_A,RADAR_A-T5453,PGT549U,-84051.73917409746,30376.943323020583,-73.69288049005989,55.10712379108514,11,120.37827283345621,1.528938460803196,False
72.37,RADAR_B,RADAR_B-T6951,HEDEF_2,374627.4107239602,30309.537929882164,66.01495522649675,95.53348216181843,6,467.3747946881024,6.1825125572116635,False
72.57,RADAR_B,RADAR_B-T3835,PGT549U,-84441.21728560809,30508.470193461057,-71.39616116774525,86.1568843398897,5,505.22233300715743,8.1756070113073,False
74.86,RADAR_A,RADAR_A-T5453,PGT549U,-84159.10904167425,30363.886437730085,-75.34182979038432,55.61301882996146,9,178.4432487389115,2.6736220001334834,False
75.17,RADAR_A,RADAR_A-T5333,HEDEF_3_MANEVRA,-82334.07541861385,-408039.8141308933,-472.5631197557248,-54.39170198994884,11,374.6619562342059,1.528938460803196,False
75.21,RADAR_A,RADAR_A-SC14575,STATIC_CLUTTER,-336579.1627357073,-43802.094168508935,-0.18509821227849105,-0.02144499938570612,1,1500.0,25.0,True
77.11,RADAR_B,RADAR_B-T6951,HEDEF_2,374448.05076208874,30287.717002722264,71.45606172078638,82.9668048984389,7,399.6570946031109,4.6753056338464924,False
77.53,RADAR_A,RADAR_A-T5333,HEDEF_3_MANEVRA,-83817.5382915333,-408055.8726056568,-472.059809039605,-61.281810396262216,9,397.4405419615643,2.6736220001334834,False
77.58,RADAR_B,RADAR_B-T3835,PGT549U,-84637.7394859959,30449.85908540596,-65.2779721111529,78.71077065319369,7,305.6329787068414,4.6753056338464924,False
77.62,RADAR_A,RADAR_A-T5453,PGT549U,-84349.99529921579,30461.011575639095,-76.01125046772101,51.771430145656026,11,120.66287671042596,1.528938460803196,False
79.19,RADAR_A,RADAR_A-T3479,HEDEF_2,374638.7047629129,30818.539575639523,74.12333283722825,48.354808585749744,9,365.0193095252689,2.6736220001334834,False
79.52,RADAR_C,RADAR_C-T2926,HEDEF_3_MANEVRA,-84442.80114058357,-408218.64669929876,-442.0594406300805,-64.01689656464946,7,503.14209301812696,4.6753056338464924,False
79.63,RADAR_C,RADAR_C-T2301,PGT549U,-84792.52474705824,30569.298176282453,-58.0106064195802,27.57832362096021,4,654.9633177918469,10.811227536508623,False
79.85,RADAR_A,RADAR_A-T5333,HEDEF_3_MANEVRA,-85707.52928409599,-408459.16299873684,-477.38110035206023,-53.501979077624455,9,397.77856193250005,2.6736220001334834,False
80.15,RADAR_A,RADAR_A-T5453,PGT549U,-84494.13945594974,30652.844945448593,-75.77863039868639,53.682763550529,11,120.79914679552454,1.528938460803196,False
81.84,RADAR_C,RADAR_C-T3938,HEDEF_2,375137.4857029543,30551.49601223931,79.6666611172057,54.06817640482669,4,721.0385831831503,10.811227536508623,False
82.51,RADAR_A,RADAR_A-T5333,HEDEF_3_MANEVRA,-86615.94286601528,-408246.45484267466,-483.6788789730857,-56.199293467408054,9,398.1707174306543,2.6736220001334834,False
82.68,RADAR_A,RADAR_A-T5453,PGT549U,-84644.66544851378,30793.432738983884,-81.05112969798205,48.67972852484046,9,178.72777606357755,2.6736220001334834,False
84.56,RADAR_A,RADAR_A-T5453,PGT549U,-84922.61115059974,30991.21554391269,-77.70216952712892,59.8515410981575,10,144.74316803347782,2.021831720409404,False
86.16,RADAR_B,RADAR_B-T9210,PGT549U,-84766.27337651156,30982.859166797203,-81.60198048958497,43.598795248195444,8,244.721233427829,3.5355339059327378,False
87.21,RADAR_A,RADAR_A-T5364,HEDEF_3_MANEVRA,-89725.22366602393,-408700.50833331357,-506.6437423275468,-55.99268381922893,10,384.8147937054489,2.021831720409404,False
87.6,RADAR_A,RADAR_A-T5453,PGT549U,-85337.26312192465,31238.101414859564,-77.47402622221347,60.60992665905586,9,178.90772441761607,2.6736220001334834,False
88.23,RADAR_B,RADAR_B-T3657,HEDEF_3_MANEVRA,-89862.70989067946,-408563.90731154813,-507.5878479292543,-61.37984523358915,6,526.0411881619084,6.1825125572116635,False
88.87,RADAR_A,RADAR_A-T1378,HEDEF_2,375384.3160795053,31543.551616975754,78.06078438633358,60.48365114868779,11,341.1539510680396,1.528938460803196,False
88.92,RADAR_C,RADAR_C-T2926,HEDEF_3_MANEVRA,-89600.38372284264,-409173.23506688286,-498.9636061922775,-57.0593121692162,7,504.4255943889365,4.6753056338464924,False
89.38,RADAR_B,RADAR_B-SC69319,STATIC_CLUTTER,389127.0866126065,-173898.7240707518,0.15169297139310908,-0.053509544691100246,2,1134.321747974356,18.905362466239264,True
89.71,RADAR_A,RADAR_A-T5364,HEDEF_3_MANEVRA,-91351.80323978515,-408958.5000836621,-509.40260524755695,-58.99780708478089,11,376.94297354222107,1.528938460803196,False
90.01,RADAR_C,RADAR_C-T2301,PGT549U,-83757.72870837682,31899.458786223182,-84.41335490042809,18.032983998866015,4,655.0378178718616,10.811227536508623,False
91.21,RADAR_A,RADAR_A-T1378,HEDEF_2,375567.48676215205,31638.403945883067,75.55103829728104,74.58434861184448,11,341.319200005353,1.528938460803196,False
92.02,RADAR_A,RADAR_A-T3257,PGT549U,-85582.33736057345,31348.38496589893,-77.54140298880957,58.28612647481456,11,121.44110807240376,1.528938460803196,False
93.13,RADAR_A,RADAR_A-SC62965,STATIC_CLUTTER,-331742.14567897137,-102071.32158525175,-0.7129716712485312,-0.01868825730624921,1,1500.0,25.0,True
93.16,RADAR_C,RADAR_C-T3938,HEDEF_2,375215.53732891544,31766.670485780603,81.78633754669022,89.079808952144,6,487.01662070510605,6.1825125572116635,False
93.4,RADAR_A,RADAR_A-T1378,HEDEF_2,375639.2854007304,31503.39661657981,77.4253939145672,54.2389656461266,10,350.57776639569,2.021831720409404,False
93.64,RADAR_A,RADAR_A-T6823,HEDEF_3_MANEVRA,-93855.66498051592,-409283.7831251004,-513.940322011807,-58.405053785983085,9,399.8602227542347,2.6736220001334834,False
94.78,RADAR_A,RADAR_A-T3257,PGT549U,-85837.0089341273,31622.232372039733,-80.12088301258014,54.88765792055864,11,121.59104219258323,1.528938460803196,False
95.59,RADAR_A,RADAR_A-T1378,HEDEF_2,375669.9034388957,31461.51606233139,83.82842523818191,61.02704158483004,10,350.72826251800683,2.021831720409404,False
96.97,RADAR_A,RADAR_A-T3257,PGT549U,-85972.54203045,31694.961617885805,-84.45052729387982,60.73210915917376,9,179.25288601468677,2.6736220001334834,False
98.14,RADAR_B,RADAR_B-T2725,HEDEF_3_MANEVRA,-96582.02866093724,-409276.2532165398,-511.3858175080786,-65.17447272841522,9,408.0538432918544,2.6736220001334834,False
98.19,RADAR_A,RADAR_A-T4156,HEDEF_3_MANEVRA,-97524.09302815868,-408962.4152233983,-510.39233829528615,-57.46411600453149,10,386.5288011761535,2.021831720409404,False
98.25,RADAR_A,RADAR_A-T1378,HEDEF_2,376116.13391682756,32157.807972895178,79.44791997098217,54.521300015137406,9,366.28433298786234,2.6736220001334834,False
98.86,RADAR_B,RADAR_B-T4956,HEDEF_2,376262.52778257005,31332.31513070991,81.23497875681491,73.82434676663294,8,356.32501287527043,3.5355339059327378,False
99.41,RADAR_A,RADAR_A-T3257,PGT549U,-86131.88400713055,32014.98578135608,-89.23211697108937,52.2646780595001,9,179.35683741384577,2.6736220001334834,False
99.66,RADAR_B,RADAR_B-T3895,PGT549U,-86135.76919543048,31817.354753046533,-87.49883759998194,54.97577645019798,8,245.27658035000104,3.5355339059327378,False
100.11,RADAR_A,RADAR_A-T4156,HEDEF_3_MANEVRA,-97038.61707160911,-409457.27532582416,-460.0866905094638,-62.59966074652178,11,378.50792994415565,1.528938460803196,False
101.05,RADAR_A,RADAR_A-T1378,HEDEF_2,376144.92867577134,32590.74651217105,82.19073356564994,61.69161673733752,10,351.1485300316422,2.021831720409404,False
102.29,RADAR_A,RADAR_A-T3257,PGT549U,-86553.40421172779,32128.025634400772,-81.06302834064971,64.97137015225837,11,122.04887136523661,1.528938460803196,False
103.13,RADAR_A,RADAR_A-T4156,HEDEF_3_MANEVRA,-97428.92207739802,-409981.39758058765,-404.02723660601976,-65.4669239832962,9,401.0543221315327,2.6736220001334834,False
103.53,RADAR_A,RADAR_A-T1378,HEDEF_2,376545.17494268145,32153.342873408827,85.01560646460183,71.36992918841429,10,351.3483658595927,2.021831720409404,False
104.3,RADAR_A,RADAR_A-T3257,PGT549U,-86530.21691414839,32255.37813373235,-88.86566091650516,60.160598586789604,11,122.17768143572094,1.528938460803196,False
104.35,RADAR_B,RADAR_B-T3895,PGT549U,-86233.12528532141,32165.949527257635,-85.04162483236772,70.4770076752207,6,390.9913863903456,6.1825125572116635,False
106.66,RADAR_C,RADAR_C-T3092,HEDEF_3_MANEVRA,-99069.37701756867,-410101.3529744913,-377.45745395982004,-61.13339032495385,5,646.9587484211219,8.1756070113073,False
108.38,RADAR_B,RADAR_B-T1071,HEDEF_3_MANEVRA,-98470.36276730147,-410111.97307488014,-332.8526289500448,-48.16028564009399,5,618.4598530989458,8.1756070113073,False
108.43,RADAR_C,RADAR_C-T5085,PGT549U,-87201.0375613141,32461.4773394306,-86.90360013539362,72.66592133317616,7,295.26501142680803,4.6753056338464924,False
108.64,RADAR_A,RADAR_A-T1485,HEDEF_2,376893.0004434285,33843.18627614646,83.63625582902102,69.30892994953604,11,342.6883989343307,1.528938460803196,False
108.86,RADAR_A,RADAR_A-T1176,HEDEF_3_MANEVRA,-99738.53930726214,-409949.20289045956,-271.4008480968629,-66.14834311783397,11,379.50129055423076,1.528938460803196,False
109.55,RADAR_B,RADAR_B-T3895,PGT549U,-86736.9752517064,32443.3640067973,-85.18016726631839,62.96052967187836,6,391.1470418753599,6.1825125572116635,False
111.01,RADAR_A,RADAR_A-T1485,HEDEF_2,377279.47161683894,32560.430473823504,85.82514090217424,74.20351256007407,11,342.8850922809613,1.528938460803196,False
112.74,RADAR_B,RADAR_B-T1071,HEDEF_3_MANEVRA,-100152.03702738901,-410081.5878632659,-167.9136957987307,-76.35939796799528,7,470.1342315241905,4.6753056338464924,False
112.97,RADAR_A,RADAR_A-T3920,PGT549U,-87316.30870013082,32799.84958308544,-86.65593134061722,77.89372005022898,10,146.16848221533155,2.021831720409404,False
113.19,RADAR_C,RADAR_C-T5539,HEDEF_2,377378.85885654535,33003.895048282066,63.9502778170519,31.01510022994765,4,722.0004678562974,10.811227536508623,False
113.92,RADAR_B,RADAR_B-T3895,PGT549U,-87232.09656994333,32729.23364283698,-93.15245295969414,64.433250616707,7,306.8953264270105,4.6753056338464924,False
113.95,RADAR_B,RADAR_B-T8525,HEDEF_2,377182.6651704703,33019.89048540585,90.02936527383771,87.24605661736764,5,568.6402458572551,8.1756070113073,False
114.16,RADAR_A,RADAR_A-T1485,HEDEF_2,377588.7379658861,32772.66570964445,92.49531283732271,62.873059064436546,11,343.1467469580532,1.528938460803196,False
114.78,RADAR_A,RADAR_A-T6526,HEDEF_3_MANEVRA,-100986.41332852187,-410638.67223826307,-157.4208610893982,-65.23864865174329,10,388.377021960106,2.021831720409404,False
115.5,RADAR_C,RADAR_C-T5085,PGT549U,-88414.47943831976,32737.827162216086,-94.68072055345459,48.91565154056996,5,499.19769247153476,8.1756070113073,False
115.95,RADAR_A,RADAR_A-T3920,PGT549U,-88014.92811968808,33120.08111961161,-93.30397714157054,60.83336539861578,9,180.08422424290376,2.6736220001334834,False
116.11,RADAR_A,RADAR_A-T1485,HEDEF_2,377578.36270362296,33221.36862987804,90.56619214332707,74.69970660970539,9,367.666959429878,2.6736220001334834,False
117.08,RADAR_A,RADAR_A-T6526,HEDEF_3_MANEVRA,-101722.3628289665,-410657.25790917367,-98.5066599818928,-75.34728571591229,11,380.4438952714239,1.528938460803196,False
119.01,RADAR_A,RADAR_A-T1485,HEDEF_2,378140.1010628789,33213.31130708413,93.30463710202294,69.5228726105688,10,352.5996211292209,2.021831720409404,False
119.13,RADAR_B,RADAR_B-T8525,HEDEF_2,378550.7911147349,33269.53648839549,105.14672431620806,45.27728548255978,5,568.8700812771874,8.1756070113073,False
119.69,RADAR_A,RADAR_A-T6526,HEDEF_3_MANEVRA,-102172.01820063878,-411147.21560505696,-48.02413061407887,-75.64627181692278,9,402.8466467804358,2.6736220001334834,False
120.35,RADAR_B,RADAR_B-T3895,PGT549U,-88026.09179058636,33633.98978939171,-97.58686330453341,71.42001443487545,6,391.4721582107924,6.1825125572116635,False
120.4,RADAR_C,RADAR_C-T3092,HEDEF_3_MANEVRA,-102208.64615928529,-411105.41259691824,-53.134214194569125,-69.81029235797749,7,507.9299494843166,4.6753056338464924,False
121.75,RADAR_A,RADAR_A-T1485,HEDEF_2,378090.0776066796,33305.29593368212,96.49250776208079,54.2221414045394,9,368.10380471818047,2.6736220001334834,False
122.23,RADAR_A,RADAR_A-T6526,HEDEF_3_MANEVRA,-102451.9493749466,-411185.61929144186,-3.942608888321052,-76.04798942337857,11,381.03922168264415,1.528938460803196,False
122.38,RADAR_A,RADAR_A-T4071,PGT549U,-88400.8773903336,33636.06487345784,-90.80611460554988,83.11020359631348,10,146.68428654050996,2.021831720409404,False
123.34,RADAR_C,RADAR_C-T5085,PGT549U,-89347.08484708238,33322.1501492839,-64.73710021365764,64.2027291551068,3,862.8259854696206,14.296509199195533,False
123.38,RADAR_A,RADAR_A-T1485,HEDEF_2,378415.9094329071,32997.63669340345,94.82643400199184,89.24061126347239,10,352.974208618503,2.021831720409404,False
124.33,RADAR_B,RADAR_B-T8525,HEDEF_2,378756.83686889097,33822.04336910491,83.86366506290456,110.21554679044975,5,569.1181737590307,8.1756070113073,False
125.27,RADAR_A,RADAR_A-T4071,PGT549U,-88835.52690641065,33904.96941485291,-93.73826415466613,80.86843490145081,9,180.5343946701322,2.6736220001334834,False
125.99,RADAR_B,RADAR_B-T3895,PGT549U,-89039.38603952418,33942.17808530903,-106.05300907893013,80.99074261125463,6,391.6676188446119,6.1825125572116635,False
126.0,RADAR_A,RADAR_A-T1485,HEDEF_2,378381.6940152066,33692.58597515281,97.88086508344355,81.05452975090701,10,353.2380127671332,2.021831720409404,False
126.37,RADAR_C,RADAR_C-T5539,HEDEF_2,377636.59520570986,33959.93124767448,63.91920602869913,54.53807747466256,3,914.8674269903719,14.296509199195533,False
127.55,RADAR_A,RADAR_A-T5646,HEDEF_3_MANEVRA,-102931.10561619705,-411595.93557056255,124.65774151926583,-91.21093565318535,9,403.4529085400711,2.6736220001334834,False
127.64,RADAR_B,RADAR_B-T7164,HEDEF_3_MANEVRA,-102539.25169318136,-411526.699237338,128.94179752714356,-96.1699036296859,5,619.8905070813594,8.1756070113073,False
128.38,RADAR_A,RADAR_A-T4071,PGT549U,-89095.72462667931,34187.136406844475,-104.21947094831661,81.97541776778411,9,180.71048395330004,2.6736220001334834,False
130.54,RADAR_A,RADAR_A-T4071,PGT549U,-89228.27489526516,34402.04304532119,-97.33811851858516,93.73285641774012,11,124.00957112442232,1.528938460803196,False
131.6,RADAR_A,RADAR_A-T7540,HEDEF_2,379323.80748187925,34096.7609755331,93.9274218675261,86.40443633595005,10,353.75172791419703,2.021831720409404,False
132.61,RADAR_B,RADAR_B-T3895,PGT549U,-89262.31427601905,34451.20370500081,-82.44035806396262,123.41929584229482,8,246.9466727594238,3.5355339059327378,False
133.76,RADAR_A,RADAR_A-T4071,PGT549U,-89311.86648387776,34697.09399529362,-85.02230222959282,95.77511368062159,9,180.97607155206012,2.6736220001334834,False
134.65,RADAR_C,RADAR_C-T5085,PGT549U,-89326.2759812393,34751.184386841865,-91.34940096792617,97.23304187427081,5,499.43261693173093,8.1756070113073,False
134.92,RADAR_A,RADAR_A-T7540,HEDEF_2,379503.1889483171,34709.22597485704,90.4539709006058,99.89933331701532,11,344.9998907923913,1.528938460803196,False
135.09,RADAR_A,RADAR_A-T4208,HEDEF_3_MANEVRA,-101322.4344447321,-412449.38336760446,288.8342556156503,-101.38370873421076,10,389.88322256611264,2.021831720409404,False
135.98,RADAR_A,RADAR_A-T4071,PGT549U,-89787.21007985329,34894.319855475595,-81.01513999730258,111.49315759537419,10,147.54940306893593,2.021831720409404,False
136.6,RADAR_B,RADAR_B-T3895,PGT549U,-89852.68177268782,34869.5139673042,-85.4630567975611,104.15902788182596,8,247.13716139473706,3.5355339059327378,False
137.79,RADAR_A,RADAR_A-T7540,HEDEF_2,379895.24947894225,34104.75178539259,81.90604230102609,84.00321571986005,9,369.4102194782821,2.6736220001334834,False
138.55,RADAR_A,RADAR_A-T4071,PGT549U,-89867.41704729613,35117.44528784934,-77.24851115905338,107.64832841115987,11,124.51995071711217,1.528938460803196,False
139.63,RADAR_B,RADAR_B-T1771,HEDEF_3_MANEVRA,-99805.9378100441,-412780.1423722149,383.4254061755159,-111.37815546587873,8,434.40482769911677,3.5355339059327378,False
140.26,RADAR_A,RADAR_A-T7540,HEDEF_2,379978.26986335067,35535.78932832717,70.00543995005053,123.153175371693,11,345.3179186399246,1.528938460803196,False
140.68,RADAR_A,RADAR_A-T2079,HEDEF_3_MANEVRA,-99072.00282402971,-412715.0067410663,396.2879153781947,-117.15888817573165,11,381.77593457750527,1.528938460803196,False
141.05,RADAR_A,RADAR_A-T4071,PGT549U,-89815.60335224081,35301.75710689827,-66.05717528338894,126.01186121791952,10,147.78309642250557,2.021831720409404,False
141.41,RADAR_C,RADAR_C-T5539,HEDEF_2,380526.55215882865,35168.93418333753,62.13662165511592,102.6201200233613,3,915.2262838919941,14.296509199195533,False
142.22,RADAR_B,RADAR_B-T3895,PGT549U,-90356.2222594512,35407.793502523054,-54.18815943766065,146.3548979328187,5,506.76416172061374,8.1756070113073,False
142.86,RADAR_A,RADAR_A-T7540,HEDEF_2,379973.9354830759,35627.31118196673,60.06820937106646,103.4989925931275,10,354.4660916641408,2.021831720409404,False
143.95,RADAR_A,RADAR_A-T4071,PGT549U,-90190.40497230306,35698.21657907926,-50.84233977046896,120.19487819233049,10,147.931834664768,2.021831720409404,False
145.4,RADAR_A,RADAR_A-T7540,HEDEF_2,380194.46183252934,36286.72282779131,44.87366354401165,123.7170398048591,11,345.60474054195623,1.528938460803196,False
145.89,RADAR_A,RADAR_A-T9904,HEDEF_3_MANEVRA,-97456.5417586474,-413649.16882823466,475.1294896887244,-116.10827393552663,10,390.1017795670045,2.021831720409404,False
146.19,RADAR_A,RADAR_A-T4071,PGT549U,-90383.94609126567,36267.21684161075,-48.14925359795669,114.02469679783708,9,181.48241373600743,2.6736220001334834,False
147.08,RADAR_B,RADAR_B-T3895,PGT549U,-89873.41479061189,35941.287887057566,-48.31779164613171,100.53743713139072,6,392.2818698602821,6.1825125572116635,False
148.02,RADAR_A,RADAR_A-T9904,HEDEF_3_MANEVRA,-96103.65071331627,-413781.85545844166,504.5350857264186,-120.83921515364183,9,403.9755094425267,2.6736220001334834,False
148.3,RADAR_A,RADAR_A-T4071,PGT549U,-90230.56963766828,36482.63875890471,-31.767739266223842,134.10207021432234,11,125.04912956320639,1.528938460803196,False
148.45,RADAR_B,RADAR_B-T4438,HEDEF_2,380202.4338858278,37015.301498527326,38.121650648465845,121.18088577073253,7,403.7646423914773,4.6753056338464924,False
150.38,RADAR_A,RADAR_A-T5230,HEDEF_2,380371.53305876954,36282.2656508115,31.90077419030604,133.2263618576978,9,369.9511718302661,2.6736220001334834,False
150.65,RADAR_A,RADAR_A-T9904,HEDEF_3_MANEVRA,-94937.41188952434,-414103.94196277094,552.5310238040488,-136.02892227658094,11,381.919475020903,1.528938460803196,False
150.79,RADAR_A,RADAR_A-T4071,PGT549U,-90474.66815562473,36717.8838588805,-23.20696924611127,139.39186976443924,10,148.18946986875673,2.021831720409404,False
150.99,RADAR_C,RADAR_C-T8108,PGT549U,-90539.87765231013,36663.897760741485,-18.079305034054038,150.63387414850948,4,655.4735927068373,10.811227536508623,False
151.11,RADAR_B,RADAR_B-T9174,HEDEF_3_MANEVRA,-94230.49909962658,-414163.6296067087,556.0585407384202,-137.51439106883555,5,619.6982206545002,8.1756070113073,False
151.5,RADAR_B,RADAR_B-T3895,PGT549U,-90768.87966556649,36864.61091174285,-33.90267232380075,104.00449933998648,5,506.9084133267475,8.1756070113073,False
153.55,RADAR_A,RADAR_A-T9904,HEDEF_3_MANEVRA,-92122.15791448802,-414802.3976262781,581.841339084125,-134.6570506034261,9,403.9521179659725,2.6736220001334834,False
153.61,RADAR_B,RADAR_B-T4438,HEDEF_2,380421.7754445639,37338.84227683387,21.937798608044858,116.66386448036896,8,359.74068365068536,3.5355339059327378,False
153.85,RADAR_A,RADAR_A-T4071,PGT549U,-90455.38903154214,37195.318086785315,-13.619626449355131,138.20138821875233,9,181.66815746182655,2.6736220001334834,False
155.97,RADAR_A,RADAR_A-T9904,HEDEF_3_MANEVRA,-91752.13162919335,-414906.5755803661,610.0569896276575,-133.11965654277546,10,390.0916028125775,2.021831720409404,False
156.04,RADAR_A,RADAR_A-T7965,HEDEF_2,380323.2115209374,37784.110555960375,5.899530719918079,134.15672730195539,9,370.0307889809214,2.6736220001334834,False
156.42,RADAR_B,RADAR_B-T3895,PGT549U,-90867.07689389707,37680.06232513852,2.7334830187001273,148.3399201121319,6,392.40376708023837,6.1825125572116635,False
156.79,RADAR_A,RADAR_A-T4071,PGT549U,-89939.5454607686,37336.62469075751,1.1335526918193821,138.032711565419,9,181.73087094935914,2.6736220001334834,False
158.44,RADAR_B,RADAR_B-SC46433,STATIC_CLUTTER,-343948.3949731217,108103.3428001653,-1.3545355178517358,0.6443275221524163,1,1500.0,25.0,True
158.49,RADAR_A,RADAR_A-T9904,HEDEF_3_MANEVRA,-89056.42154085667,-415292.4941116801,606.1748830914074,-132.2830063929858,10,390.1039206692546,2.021831720409404,False
159.24,RADAR_A,RADAR_A-T4071,PGT549U,-90462.26274312203,38064.814239213105,13.221504746408293,128.44279671204708,9,181.76374204323906,2.6736220001334834,False
159.32,RADAR_A,RADAR_A-T7965,HEDEF_2,380356.7700279254,37449.89315970115,-14.462536328731423,134.84390972605743,11,345.8285969777939,1.528938460803196,False
160.51,RADAR_C,RADAR_C-T8108,PGT549U,-91386.4077279943,37629.427406668125,-4.526655943267357,195.96758171326246,3,862.9171015674231,14.296509199195533,False
161.32,RADAR_B,RADAR_B-T3895,PGT549U,-90432.76866299263,37840.855042197225,26.162856503330136,149.80590664797154,7,308.36608970990767,4.6753056338464924,False
161.52,RADAR_A,RADAR_A-T7965,HEDEF_2,380065.4916041874,38160.96253177297,-22.634820677609692,139.52788502959277,9,369.9974307321903,2.6736220001334834,False
161.72,RADAR_B,RADAR_B-T4950,HEDEF_2,380115.2208258484,38233.479700403106,-23.888768158556463,128.6572576303541,7,403.8806513868856,4.6753056338464924,False
162.07,RADAR_A,RADAR_A-T4071,PGT549U,-90098.96683412473,38169.256398464255,24.048878211971942,140.64319589778881,9,181.79613110426777,2.6736220001334834,False
163.16,RADAR_B,RADAR_B-T5809,HEDEF_3_MANEVRA,-86998.02083882879,-415762.42972022394,593.2385485822865,-141.93140382087745,5,619.2676408802489,8.1756070113073,False
163.3,RADAR_A,RADAR_A-T7965,HEDEF_2,380078.12706350355,38965.2147537768,-30.982433007322136,158.67327115462498,9,369.97839101839486,2.6736220001334834,False
164.55,RADAR_A,RADAR_A-T4071,PGT549U,-89940.5402138179,38563.08104835273,35.214461929446415,142.19254887918459,9,181.81227291943512,2.6736220001334834,False
165.33,RADAR_A,RADAR_A-T7965,HEDEF_2,379936.0730597779,38200.682641742445,-40.58996674103814,140.44170357762138,9,369.90507175194597,2.6736220001334834,False
165.46,RADAR_A,RADAR_A-SC14575,STATIC_CLUTTER,-336604.1205200425,-43835.904207228945,1.1162587363549181,-0.13180516506901135,2,1134.321747974356,18.905362466239264,True
165.82,RADAR_B,RADAR_B-T3895,PGT549U,-89965.64151232092,38760.12159694084,50.5509264517477,161.45238903112985,9,205.26728182930836,2.6736220001334834,False
165.92,RADAR_A,RADAR_A-T2125,HEDEF_3_MANEVRA,-85137.24230262835,-416359.5124130665,606.2157838686428,-139.25008733462084,12,377.2706934830146,1.1562054316023351,False
166.49,RADAR_C,RADAR_C-T8108,PGT549U,-90482.69471463197,38601.05135099323,80.08217464354978,60.30671671681867,3,862.8791533364135,14.296509199195533,False
167.2,RADAR_A,RADAR_A-T4071,PGT549U,-90281.22619253687,39084.392193745916,50.48978606772611,145.1131292705645,9,181.81673768643117,2.6736220001334834,False
168.37,RADAR_A,RADAR_A-T2125,HEDEF_3_MANEVRA,-83054.11554102012,-416717.1470168199,590.6817501383174,-131.1365160920273,9,404.09675470267524,2.6736220001334834,False
168.55,RADAR_A,RADAR_A-T7965,HEDEF_2,379834.36838211474,39172.39162174817,-47.61269022070319,113.4727857559499,10,354.5776246950041,2.021831720409404,False
169.29,RADAR_A,RADAR_A-SC14575,STATIC_CLUTTER,-336580.1072748228,-43825.57906680835,0.58637882216866,0.3311405342450297,1,1500.0,25.0,True
169.36,RADAR_B,RADAR_B-T4279,HEDEF_2,380398.9130026177,39251.53585764913,-46.01787356661333,164.45058265456407,5,570.023256156558,8.1756070113073,False
169.53,RADAR_A,RADAR_A-T4071,PGT549U,-89807.52622008524,39396.31670589939,55.2953291966592,131.77621394097744,10,148.44874377995444,2.021831720409404,False
169.8,RADAR_B,RADAR_B-T5809,HEDEF_3_MANEVRA,-83865.30914558377,-416248.6427009312,585.5844050216591,-130.7281410130168,7,470.4426487746397,4.6753056338464924,False
170.63,RADAR_B,RADAR_B-T3895,PGT549U,-89379.81006174564,39391.314514759906,62.847201816221,171.20196094567657,6,392.4077005103308,6.1825125572116635,False
170.69,RADAR_A,RADAR_A-T7965,HEDEF_2,379527.349354556,39414.28600465369,-60.20810119288653,121.97928417945825,11,345.47767914031317,1.528938460803196,False
170.91,RADAR_A,RADAR_A-T2125,HEDEF_3_MANEVRA,-81764.75624227096,-417026.5576219442,581.380763665529,-129.44206712330325,10,390.21604082240566,2.021831720409404,False
172.13,RADAR_A,RADAR_A-T4071,PGT549U,-89340.43887601071,39529.95662929053,57.675585919920984,122.91364999317615,9,181.7897207078812,2.6736220001334834,False
174.55,RADAR_B,RADAR_B-T3895,PGT549U,-89487.86121433883,40026.733640241015,73.27414090937003,118.23472686346646,9,205.14744206722818,2.6736220001334834,False
174.58,RADAR_B,RADAR_B-T5809,HEDEF_3_MANEVRA,-80632.24078753122,-417000.2488785015,572.1508025942819,-138.76221428788244,5,618.8949722074128,8.1756070113073,False
174.97,RADAR_A,RADAR_A-T4071,PGT549U,-89268.08709841855,39898.8016153474,70.66157219381782,111.34132357519967,10,148.39904200977145,2.021831720409404,False
175.93,RADAR_A,RADAR_A-T8019,HEDEF_3_MANEVRA,-79786.12905013804,-417375.96528782364,528.99675560817,-122.37337667841963,10,390.2136369187377,2.021831720409404,False
176.41,RADAR_A,RADAR_A-T2436,HEDEF_2,379293.2519053504,39778.932768447434,-79.94800487018155,137.38795066200345,10,354.1877567422119,2.021831720409404,False
177.81,RADAR_B,RADAR_B-T3895,PGT549U,-89306.69770049234,40150.48013048505,78.97794670514435,102.46849476445452,9,205.0586748057667,2.6736220001334834,False
177.87,RADAR_A,RADAR_A-T4071,PGT549U,-89092.33942154523,40324.028643995065,83.29813475088686,105.48556152241717,10,148.3350857320981,2.021831720409404,False
178.14,RADAR_B,RADAR_B-T7576,HEDEF_2,378951.0919956047,40107.97684363144,-85.03185478797899,109.54932078549193,9,331.30597420815764,2.6736220001334834,False
178.22,RADAR_A,RADAR_A-T2436,HEDEF_2,379138.7762897874,40767.71841279572,-85.61699672772103,109.52809758627791,11,345.04538182181153,1.528938460803196,False
180.69,RADAR_A,RADAR_A-T2436,HEDEF_2,378786.69813286787,40421.240697419424,-97.4453329858637,96.78835853939688,10,353.881203808364,2.021831720409404,False
181.2,RADAR_A,RADAR_A-T2648,HEDEF_3_MANEVRA,-76203.8724740531,-418067.1910551231,447.66756555495857,-106.15774640027941,9,404.1357424284104,2.6736220001334834,False
182.17,RADAR_A,RADAR_A-T5298,PGT549U,-88730.55550359229,40692.23611697158,107.48942091319876,102.2704901599531,11,125.17377634693457,1.528938460803196,False
183.17,RADAR_A,RADAR_A-T2648,HEDEF_3_MANEVRA,-75984.53006136723,-418397.8959087846,441.2522605329276,-107.63591229250554,9,404.181281505522,2.6736220001334834,False
183.26,RADAR_B,RADAR_B-SC55470,STATIC_CLUTTER,100570.00008829709,207809.2001566815,0.2801416205324634,-0.6133708479489466,3,857.790551951732,14.296509199195533,True
183.26,RADAR_B,RADAR_B-SC46433,STATIC_CLUTTER,-343921.119421244,108133.27816445241,-0.022405960456938233,-0.2574276125260584,1,1500.0,25.0,True
183.5,RADAR_A,RADAR_A-T2436,HEDEF_2,378718.95417132485,40666.66903461494,-111.45319164652216,91.49081175328382,9,368.85755042806915,2.6736220001334834,False
184.5,RADAR_B,RADAR_B-T7576,HEDEF_2,378588.8043620099,40898.72590207943,-112.57474118320752,86.57719461689551,8,358.75688002038515,3.5355339059327378,False
184.54,RADAR_A,RADAR_A-T5298,PGT549U,-88466.35099785522,40844.877684712774,116.15751520381318,93.70542079176943,11,125.06072641234807,1.528938460803196,False
185.43,RADAR_B,RADAR_B-T3895,PGT549U,-87818.89950653419,40815.769203002434,109.95415234396802,129.74854112096057,6,392.15586841468564,6.1825125572116635,False
186.55,RADAR_C,RADAR_C-T3731,HEDEF_2,378260.5875747923,40556.822156794995,-126.88148652890958,107.03108653363459,3,914.6127672663748,14.296509199195533,False
187.3,RADAR_A,RADAR_A-T1722,HEDEF_3_MANEVRA,-73937.30190908145,-418517.06171494006,352.9062446287488,-87.63916275082056,11,382.23083142377607,1.528938460803196,False
187.57,RADAR_B,RADAR_B-T3895,PGT549U,-87813.49835495993,41115.5721473935,122.51701053451815,60.270137764781715,7,307.9404890777043,4.6753056338464924,False
189.07,RADAR_A,RADAR_A-SC62965,STATIC_CLUTTER,-331768.7395541399,-102053.2421405938,-0.42450148145889394,0.36004829061775107,4,648.6736521905174,10.811227536508623,True
189.07,RADAR_A,RADAR_A-T3093,HEDEF_2,377712.76547588734,41285.56470476389,-128.46913347094855,89.14725618144169,11,344.0329074003805,1.528938460803196,False
189.38,RADAR_A,RADAR_A-T9157,PGT549U,-87836.8624899105,41205.40649535872,134.18851191831905,84.16481875688905,10,147.92647411365542,2.021831720409404,False
189.91,RADAR_A,RADAR_A-T1722,HEDEF_3_MANEVRA,-73482.02184415476,-418851.49676823115,290.8648627278456,-80.9388600280876,9,404.2738739836559,2.6736220001334834,False
190.12,RADAR_B,RADAR_B-T7576,HEDEF_2,377704.2528306915,41529.15113602816,-130.3011798826066,82.73979700527903,7,402.5859577367932,4.6753056338464924,False
191.56,RADAR_A,RADAR_A-SC62965,STATIC_CLUTTER,-331719.9735225561,-102055.99444993793,-0.07020836889225181,0.7710781034059175,1,1500.0,25.0,True
192.2,RADAR_A,RADAR_A-T9157,PGT549U,-87481.63561676993,41486.72652486329,136.85946405169977,77.99343507012064,11,124.6905925243831,1.528938460803196,False
192.35,RADAR_C,RADAR_C-T3731,HEDEF_2,377722.4203656827,41747.306523939624,-135.14617033321167,152.60716705154988,4,721.8668868849062,10.811227536508623,False
192.52,RADAR_C,RADAR_C-T1111,PGT549U,-87692.94919557509,41215.20062458892,122.83049799444389,76.19575352624148,6,381.93848803859356,6.1825125572116635,False
192.61,RADAR_A,RADAR_A-T1722,HEDEF_3_MANEVRA,-72226.20302122491,-418989.68054990243,246.37197000960668,-74.9656699966505,9,404.30005551206847,2.6736220001334834,False
193.69,RADAR_A,RADAR_A-T3629,HEDEF_2,377465.0381891575,41386.64719904904,-141.37642632553616,64.87987926207609,9,367.90612738604153,2.6736220001334834,False
193.87,RADAR_B,RADAR_B-T3895,PGT549U,-87328.50830355423,41527.99182423815,139.69997567364655,83.73547115189652,9,204.2874964292486,2.6736220001334834,False
194.71,RADAR_A,RADAR_A-T9157,PGT549U,-87023.13729233383,41438.75883204563,129.37027414226424,52.50124738196859,9,181.17916329787306,2.6736220001334834,False
194.94,RADAR_A,RADAR_A-T1722,HEDEF_3_MANEVRA,-72019.08118505172,-419146.7403504279,188.76520678158943,-64.32875523271764,11,382.31424103859877,1.528938460803196,False
195.52,RADAR_B,RADAR_B-T2543,HEDEF_3_MANEVRA,-71982.32689316565,-419183.9980863777,178.24155316625468,-71.53829654903495,8,432.40892621474984,3.5355339059327378,False
196.43,RADAR_A,RADAR_A-T9157,PGT549U,-86754.79789744364,41664.61411590354,135.29737003299323,51.06371576085797,9,181.10308773554738,2.6736220001334834,False
197.49,RADAR_B,RADAR_B-T7576,HEDEF_2,376443.6963477995,41778.55789319247,-135.3399900637769,57.272727673774426,7,402.00331187161265,4.6753056338464924,False
198.76,RADAR_A,RADAR_A-T9157,PGT549U,-86895.66919482719,41781.94563911711,135.89534522227464,39.52438135925768,9,180.99810634251324,2.6736220001334834,False
198.83,RADAR_A,RADAR_A-T7008,HEDEF_2,376213.10975438927,41693.15792570617,-135.8655860871173,39.75737680884823,11,342.9699862296793,1.528938460803196,False
201.38,RADAR_A,RADAR_A-SC14575,STATIC_CLUTTER,-336563.3521010452,-43824.60377965179,0.625479200978637,-0.004063135154448742,1,1500.0,25.0,True
201.49,RADAR_A,RADAR_A-T9157,PGT549U,-86018.01733759316,41866.03735625869,140.67796756955062,35.45941275402909,11,124.0729385684233,1.528938460803196,False
202.21,RADAR_A,RADAR_A-T7652,HEDEF_3_MANEVRA,-71055.24313073879,-419413.04597084795,4.07673541236024,-28.036637824757427,11,382.4134158823168,1.528938460803196,False
202.92,RADAR_B,RADAR_B-T7576,HEDEF_2,376565.1223160113,41698.92596736047,-130.08657286856047,-38.30658763045247,5,568.4751513662695,8.1756070113073,False
203.41,RADAR_A,RADAR_A-T5152,HEDEF_2,375684.0840869406,41763.367289021684,-142.45826724156652,35.53216281324582,9,366.84281179001704,2.6736220001334834,False
203.69,RADAR_A,RADAR_A-T9157,PGT549U,-85635.65133760481,42046.07633248039,139.24314471442182,19.536545206122497,10,147.1598999115327,2.021831720409404,False
203.74,RADAR_C,RADAR_C-T3731,HEDEF_2,375410.5690508308,42641.17085041264,-152.64295422762208,21.60015756842606,5,583.1286951974815,8.1756070113073,False
204.24,RADAR_C,RADAR_C-T1111,PGT549U,-86836.32809521435,41656.91624309679,165.55877217643902,-53.90841052923902,4,654.8128238879557,10.811227536508623,False
205.5,RADAR_B,RADAR_B-SC46433,STATIC_CLUTTER,-343952.75161467533,108138.15078620752,0.5485021385495812,0.2771824814302979,4,648.6736521905174,10.811227536508623,True
205.97,RADAR_B,RADAR_B-T7283,PGT549U,-85731.84041439291,41903.81697661059,150.86622556587972,16.87142878646287,7,307.1701988568078,4.6753056338464924,False
206.0,RADAR_A,RADAR_A-T9157,PGT549U,-85423.54079374665,41887.21154417668,147.63894870808562,11.270751518569497,11,123.74470826493605,1.528938460803196,False
207.44,RADAR_A,RADAR_A-T6983,HEDEF_3_MANEVRA,-71118.95338352438,-419285.174586802,-98.58315195004884,-10.205951888965577,10,390.63280122302604,2.021831720409404,False
208.07,RADAR_A,RADAR_A-T9157,PGT549U,-85092.29828512552,41745.65733500355,151.73362043875775,-4.033394666748833,10,146.8822818205599,2.021831720409404,False
208.68,RADAR_A,RADAR_A-T8057,HEDEF_2,374932.6168525823,41633.00395520727,-156.00105095729614,11.00148661188739,10,350.88660824222234,2.021831720409404,False
209.0,RADAR_B,RADAR_B-T7576,HEDEF_2,374624.1144073955,42295.86258702402,-155.32092629537019,18.433903753159967,7,400.9927461602862,4.6753056338464924,False
209.4,RADAR_B,RADAR_B-T6440,HEDEF_3_MANEVRA,-72154.0173552699,-419534.5035623086,-129.44064981112385,4.70826476681129,8,432.54028437668154,3.5355339059327378,False
209.84,RADAR_A,RADAR_A-T6983,HEDEF_3_MANEVRA,-72092.91837203436,-419410.1866940654,-148.66478566873087,5.170093321685169,11,382.5073673362837,1.528938460803196,False
210.28,RADAR_A,RADAR_A-T9157,PGT549U,-84720.49017407809,41915.24395065163,160.99016219808507,-3.0081272041841487,10,146.71625163432532,2.021831720409404,False
210.28,RADAR_B,RADAR_B-T7283,PGT549U,-84847.16834401185,41833.353278429975,158.59776973890683,-6.131500282825769,8,246.02680736888135,3.5355339059327378,False
211.0,RADAR_C,RADAR_C-T3731,HEDEF_2,375038.3836077525,41653.95960940562,-160.94204833129535,-12.402705602225057,4,720.8340389659005,10.811227536508623,False
211.26,RADAR_A,RADAR_A-T8057,HEDEF_2,374517.5904072924,42529.291294296345,-160.44295232850044,-10.751245685376453,11,341.40050444338266,1.528938460803196,False
212.61,RADAR_A,RADAR_A-T9157,PGT549U,-84307.45178319886,41870.766902018055,153.45060669131558,-16.0393964857477,10,146.50881597465292,2.021831720409404,False
212.81,RADAR_B,RADAR_B-T7576,HEDEF_2,373813.9618612047,41637.44350094295,-138.25725177357847,-87.58982028847531,5,567.7908492627095,8.1756070113073,False
213.94,RADAR_A,RADAR_A-T8057,HEDEF_2,373894.0626178466,42104.67325753966,-153.40821441143567,-22.546204450695374,11,340.9693227168948,1.528938460803196,False
214.15,RADAR_B,RADAR_B-T7283,PGT549U,-84525.83784008163,41854.25003244624,149.02756265908087,-39.91159381235338,9,202.74475391145714,2.6736220001334834,False
214.41,RADAR_B,RADAR_B-T6440,HEDEF_3_MANEVRA,-72517.09841927877,-419004.1569309222,-230.4633965202322,19.843079394486267,9,409.7370722184485,2.6736220001334834,False
214.81,RADAR_A,RADAR_A-T9157,PGT549U,-84074.92323281706,41612.37848757171,154.71664587015925,-23.310274409436936,11,122.92584833792101,1.528938460803196,False
214.87,RADAR_A,RADAR_A-T9473,HEDEF_3_MANEVRA,-72776.0502183178,-419379.653731724,-247.07025181488982,27.19394788133426,9,404.51602928649453,2.6736220001334834,False
215.47,RADAR_C,RADAR_C-T1111,PGT549U,-84162.232917471,41669.268538205135,169.58561834848942,-16.522944678491562,4,654.6001579474641,10.811227536508623,False
216.39,RADAR_A,RADAR_A-T8057,HEDEF_2,373903.1752208973,41683.523574917854,-157.79727854286486,-24.2826330820504,9,365.2145746017506,2.6736220001334834,False
216.69,RADAR_A,RADAR_A-T9473,HEDEF_3_MANEVRA,-72495.79710198019,-419379.22724827414,-262.94147544876984,30.39571586974261,10,390.6795648306338,2.021831720409404,False
217.21,RADAR_A,RADAR_A-T9157,PGT549U,-83660.92949490943,41556.00125087821,153.5763994829132,-37.37462759760656,11,122.73944881592998,1.528938460803196,False
217.87,RADAR_B,RADAR_B-T7283,PGT549U,-84041.92620860165,41698.25998747028,157.86506861204415,-35.63153987659133,9,202.45937292011823,2.6736220001334834,False
218.2,RADAR_B,RADAR_B-T7576,HEDEF_2,373339.2068312134,41456.15234053804,-161.3405163830606,-53.552183593179876,6,467.9207368167066,6.1825125572116635,False
218.61,RADAR_A,RADAR_A-T8057,HEDEF_2,373500.49099623447,41762.700191606324,-159.86795892694118,-41.22005612413426,11,340.4346542279821,1.528938460803196,False
219.64,RADAR_B,RADAR_B-T6440,HEDEF_3_MANEVRA,-73876.10823328956,-418781.57227300666,-343.0835472628675,57.972824104909954,6,529.0742310455831,6.1825125572116635,False
219.83,RADAR_A,RADAR_A-T9157,PGT549U,-83473.35668012849,41468.80838155473,155.6538724300272,-52.08025199484474,10,145.99947809277532,2.021831720409404,False
220.94,RADAR_A,RADAR_A-T8057,HEDEF_2,372982.12348291266,41886.63614600631,-161.97022783157357,-45.51079312295724,9,364.74306020333347,2.6736220001334834,False
222.23,RADAR_A,RADAR_A-T1954,HEDEF_3_MANEVRA,-75411.81649850114,-419102.96792914614,-352.6236205322635,53.63934470599387,11,382.5686576300638,1.528938460803196,False
222.67,RADAR_B,RADAR_B-T7283,PGT549U,-83408.30513599014,41478.23328020761,150.39803517884326,-75.52826139251795,7,306.26498122017745,4.6753056338464924,False
222.68,RADAR_A,RADAR_A-T9157,PGT549U,-82679.19558862888,41277.38993485916,155.96037601942447,-54.9441652662518,10,145.77965325390164,2.021831720409404,False
223.49,RADAR_A,RADAR_A-T8057,HEDEF_2,372474.44498953,41070.33556532799,-147.48631550440356,-58.638722385678335,9,364.40852528182296,2.6736220001334834,False
224.18,RADAR_C,RADAR_C-T1111,PGT549U,-83205.12173043223,41267.1885505089,142.95259473393693,-44.109191180589974,3,862.1857419898679,14.296509199195533,False
225.81,RADAR_A,RADAR_A-T9157,PGT549U,-82238.33564261053,40945.39880075195,136.33974119515605,-66.79319283114508,11,121.9417755032202,1.528938460803196,False
226.25,RADAR_B,RADAR_B-T6440,HEDEF_3_MANEVRA,-76410.10799358108,-418206.1676769302,-403.3028867651291,57.88679128872077,7,470.26825085722373,4.6753056338464924,False
226.82,RADAR_A,RADAR_A-T1073,HEDEF_3_MANEVRA,-77517.7267244643,-418378.2535929817,-419.32350590622633,67.79288515916596,11,382.51279669617577,1.528938460803196,False
227.78,RADAR_B,RADAR_B-T7283,PGT549U,-82195.46498867765,41169.89366599832,149.1271474742664,-49.676595411968194,6,390.54058998348614,6.1825125572116635,False
228.07,RADAR_A,RADAR_A-T9157,PGT549U,-82021.91895942685,40807.97003305355,137.49655426499143,-70.57852695871934,11,121.75107688133181,1.528938460803196,False
229.7,RADAR_A,RADAR_A-T1073,HEDEF_3_MANEVRA,-78909.04375972865,-418295.246668552,-422.4766812827635,73.24510400035103,9,404.5512664078769,2.6736220001334834,False
230.52,RADAR_A,RADAR_A-T9362,HEDEF_2,371838.6282529274,40484.333120467076,-137.73906326038897,-77.93454357562891,10,348.13866989317967,2.021831720409404,False
230.71,RADAR_A,RADAR_A-T9157,PGT549U,-81901.18956005355,40671.084077225736,136.90840153443574,-75.76123867425848,11,121.54480766301707,1.528938460803196,False
230.8,RADAR_B,RADAR_B-T6440,HEDEF_3_MANEVRA,-78693.50267043074,-418301.95464852004,-467.26739245911455,88.07889389501827,7,470.47012540502004,4.6753056338464924,False
231.01,RADAR_C,RADAR_C-T7823,HEDEF_3_MANEVRA,-78269.30385151153,-418570.4893717177,-474.11579226776973,96.15607580643285,5,649.2184610186455,8.1756070113073,False
231.54,RADAR_B,RADAR_B-T8881,HEDEF_2,371424.39040124003,40999.45768159425,-125.26501085584832,-90.30992727901841,6,466.88537016910425,6.1825125572116635,False
232.1,RADAR_C,RADAR_C-T6824,HEDEF_2,371935.59475617565,40783.60057056544,-130.994917881892,-79.2747027323277,6,484.5247014550021,6.1825125572116635,False
232.43,RADAR_A,RADAR_A-T1073,HEDEF_3_MANEVRA,-79900.99223998276,-418197.31264089816,-454.9812667422118,85.09553101683143,9,404.58372267345413,2.6736220001334834,False
232.94,RADAR_A,RADAR_A-T9362,HEDEF_2,371276.305066941,40769.289018317424,-138.62762711314434,-73.11794107758918,11,338.7036536394691,1.528938460803196,False
233.02,RADAR_B,RADAR_B-T7283,PGT549U,-81884.25261502707,40491.3605154528,146.21544570533533,-61.797752921581335,5,505.3646051717856,8.1756070113073,False
234.72,RADAR_B,RADAR_B-T6440,HEDEF_3_MANEVRA,-80022.71497012183,-418018.72065146244,-402.8385040274294,73.35210729226529,7,470.61715186141254,4.6753056338464924,False
234.81,RADAR_A,RADAR_A-T9362,HEDEF_2,371281.7376816774,40176.168419473666,-141.59703376386008,-90.13156166663674,10,347.65695729206703,2.021831720409404,False
236.67,RADAR_C,RADAR_C-T1111,PGT549U,-80998.01700364168,40379.52871748803,152.16774402139959,-88.4774200177257,4,654.3059846054973,10.811227536508623,False
236.81,RADAR_A,RADAR_A-T5836,PGT549U,-80845.26307858145,40136.495346898635,127.34444128111957,-95.93329146658576,9,178.77394630613006,2.6736220001334834,False
237.1,RADAR_A,RADAR_A-T9362,HEDEF_2,370846.9804272924,39698.13974397215,-137.59845949332882,-78.58574050683617,10,347.38144910969663,2.021831720409404,False
237.13,RADAR_A,RADAR_A-T5202,HEDEF_3_MANEVRA,-81180.23831236617,-417701.28541126335,-398.668539129548,79.75138662127112,9,404.5455145958786,2.6736220001334834,False
238.59,RADAR_B,RADAR_B-T7283,PGT549U,-80941.55365918172,40070.99576776673,135.47048844826628,-97.10244620670804,7,305.4027248265507,4.6753056338464924,False
238.67,RADAR_C,RADAR_C-T7823,HEDEF_3_MANEVRA,-80905.43168158547,-417519.3693995806,-449.66458366750106,84.46568724668413,5,649.2248565564008,8.1756070113073,False
238.88,RADAR_B,RADAR_B-SC55470,STATIC_CLUTTER,100598.7784835216,207817.8296441421,-0.32090109966426106,0.06740610907721824,2,1134.321747974356,18.905362466239264,True
239.79,RADAR_A,RADAR_A-T5836,PGT549U,-80741.44050976874,40034.82198519717,134.0991778259156,-81.96064073117222,10,144.48548211809856,2.021831720409404,False
240.01,RADAR_A,RADAR_A-T9362,HEDEF_2,370445.0335022335,40245.6975207587,-138.13312864192915,-76.32917388563213,11,337.83376056618823,1.528938460803196,False
240.2,RADAR_C,RADAR_C-T6824,HEDEF_2,371703.7821617666,40084.031916286556,-141.59501630517204,-117.14760725708588,4,719.2821565173527,10.811227536508623,False
241.87,RADAR_A,RADAR_A-T9362,HEDEF_2,370292.5629457227,39426.24166365405,-136.8020768528627,-73.95508533935504,9,362.3460243077272,2.6736220001334834,False
242.65,RADAR_A,RADAR_A-T7608,HEDEF_3_MANEVRA,-83900.45076468712,-417181.92914435745,-361.7448000315798,79.27802551746827,11,382.5045203485137,1.528938460803196,False
242.7,RADAR_A,RADAR_A-T5836,PGT549U,-80519.91102944262,39841.60145957114,140.6163379070107,-77.03409221612866,10,144.26248531251701,2.021831720409404,False
244.09,RADAR_B,RADAR_B-T7283,PGT549U,-79981.35176528036,39668.896338666724,140.547213941917,-84.2252733310979,6,389.87358031159573,6.1825125572116635,False
244.34,RADAR_A,RADAR_A-T9362,HEDEF_2,369861.6660711773,39732.428443127144,-138.18689653982116,-72.77704966843763,10,346.5143632990473,2.021831720409404,False
244.6,RADAR_B,RADAR_B-T4117,HEDEF_3_MANEVRA,-84343.87498802325,-416915.6811221944,-339.68039823227497,71.02440846308302,6,529.7587036595942,6.1825125572116635,False
244.63,RADAR_A,RADAR_A-T7608,HEDEF_3_MANEVRA,-83297.74301593583,-417408.4303415107,-355.41046239059807,78.80663035540834,10,390.6426189340896,2.021831720409404,False
245.28,RADAR_A,RADAR_A-T5836,PGT549U,-79664.78860572702,39536.74385934834,131.1876661717442,-88.17127796100075,10,144.06494880264637,2.021831720409404,False
246.8,RADAR_B,RADAR_B-T9029,HEDEF_2,370124.31944981136,38945.822517524466,-134.2437851758273,-77.50825834604407,7,397.44540686608644,4.6753056338464924,False
247.71,RADAR_A,RADAR_A-T5836,PGT549U,-79324.06518279917,39246.0817939802,139.58443219328885,-77.38791252268175,10,143.88022098397457,2.021831720409404,False
248.8,RADAR_C,RADAR_C-SC05477,STATIC_CLUTTER,55118.678427686275,53337.700161827706,-0.5742084157407027,-0.2277385499589634,1,1500.0,25.0,True
249.29,RADAR_A,RADAR_A-T8728,HEDEF_2,369326.2107299668,38437.39558474735,-137.1593502699652,-77.07551641569131,11,336.69081662109375,1.528938460803196,False
250.18,RADAR_B,RADAR_B-T7283,PGT549U,-79299.91342222865,39215.470757495365,134.13754342043558,-81.19467155701854,9,199.82260089958024,2.6736220001334834,False
250.26,RADAR_A,RADAR_A-T5836,PGT549U,-79128.74242226683,39031.710281526175,134.89762949385482,-78.43333432489231,12,103.64515365430154,1.1562054316023351,False
250.74,RADAR_A,RADAR_A-T9552,HEDEF_3_MANEVRA,-87101.43923418764,-416466.8212209942,-317.07404299867073,85.27848779573324,11,382.46654770139054,1.528938460803196,False
252.49,RADAR_A,RADAR_A-T5836,PGT549U,-78796.06442204515,38827.56059208873,134.12774171973322,-79.00591162532233,11,119.56925286191219,1.528938460803196,False
252.86,RADAR_C,RADAR_C-T3293,PGT549U,-78962.82283271692,38913.423290943494,128.51664131497634,-72.81286645611772,8,228.1632354131006,3.5355339059327378,False
253.63,RADAR_A,RADAR_A-T9552,HEDEF_3_MANEVRA,-87810.49341873002,-416292.7853082279,-304.2723528091159,84.04251877647991,9,404.4655542074171,2.6736220001334834,False
254.1,RADAR_A,RADAR_A-T6416,HEDEF_2,368645.0736311214,38905.956656560404,-135.38356994891873,-86.91247237871619,9,360.9451190337206,2.6736220001334834,False
254.15,RADAR_B,RADAR_B-T7283,PGT549U,-79156.25655224526,39057.600724399555,120.47731351127436,-89.88875657522726,6,389.44710754348506,6.1825125572116635,False
254.8,RADAR_A,RADAR_A-T5836,PGT549U,-78652.84204511486,38684.22665192478,135.6833002762049,-76.64261808288808,9,177.66521871359927,2.6736220001334834,False
255.97,RADAR_A,RADAR_A-T9552,HEDEF_3_MANEVRA,-88593.93900838534,-416279.01543677424,-259.9206472341437,79.53570728972964,9,404.4610046071036,2.6736220001334834,False
256.96,RADAR_A,RADAR_A-T5836,PGT549U,-78217.40360771058,38530.87298525913,138.7311131360784,-67.71123047280457,11,119.16442067251297,1.528938460803196,False
257.18,RADAR_B,RADAR_B-T1932,HEDEF_2,368057.87976080587,38774.14871088053,-137.43125227228956,-72.09107496299251,9,322.8768137619084,2.6736220001334834,False
258.56,RADAR_A,RADAR_A-T9552,HEDEF_3_MANEVRA,-89529.30371342444,-415936.4541175674,-240.58972473679813,74.81161584892081,9,404.44984713390875,2.6736220001334834,False
259.46,RADAR_B,RADAR_B-T7283,PGT549U,-78057.16643315395,38342.01377876772,131.1940349717719,-131.4959799050606,5,504.49650319281784,8.1756070113073,False
259.71,RADAR_A,RADAR_A-T5836,PGT549U,-77862.91907205837,38146.7942917569,135.39473694167387,-80.94114081204734,14,85.43619816958567,0.6611880635625048,False
260.89,RADAR_A,RADAR_A-T9552,HEDEF_3_MANEVRA,-90423.47818139564,-415437.69462692057,-182.964756424038,81.71918065489893,9,404.3758850236337,2.6736220001334834,False
261.18,RADAR_B,RADAR_B-T1932,HEDEF_2,367309.5761654586,38431.140098972995,-143.17629855894182,-60.354319135616464,8,351.0284942878886,3.5355339059327378,False
261.91,RADAR_A,RADAR_A-T7025,HEDEF_2,367308.1638211493,38485.44073246821,-138.61985020561042,-63.80845904433546,10,344.39938555934435,2.021831720409404,False
262.72,RADAR_A,RADAR_A-T5836,PGT549U,-77330.58416541679,38007.7037915847,142.0609947655333,-78.68192957481706,10,142.7476217365771,2.021831720409404,False
263.05,RADAR_B,RADAR_B-T7283,PGT549U,-77935.57050907522,38315.42547222749,168.03767619112034,-1.695879438862029,5,504.3789831052117,8.1756070113073,False
263.21,RADAR_A,RADAR_A-T7025,HEDEF_2,367049.7147235782,38598.81340267877,-148.2053568438439,-78.97852112963139,9,359.887268986213,2.6736220001334834,False
263.61,RADAR_A,RADAR_A-T9552,HEDEF_3_MANEVRA,-90962.26312806715,-415491.9501371795,-134.01940841295954,82.29868979777926,11,382.2724422023882,1.528938460803196,False
263.75,RADAR_B,RADAR_B-T1932,HEDEF_2,367133.5980421705,38326.9394574402,-151.94624153477534,-65.1740257533573,7,395.8789107835314,4.6753056338464924,False
265.25,RADAR_A,RADAR_A-T5836,PGT549U,-76859.10798982834,37837.39837290723,150.97094186169159,-70.21168602595156,10,142.5531889678641,2.021831720409404,False
266.23,RADAR_A,RADAR_A-T9552,HEDEF_3_MANEVRA,-90429.98378778332,-415207.32217445853,-59.18835044944121,77.21735610609159,11,382.1408788182864,1.528938460803196,False
267.19,RADAR_B,RADAR_B-T4073,HEDEF_3_MANEVRA,-90625.07130818663,-415491.06590908935,-60.242672433867284,73.84563068700817,7,471.13093799492077,4.6753056338464924,False
267.43,RADAR_A,RADAR_A-T5836,PGT549U,-76775.43740826786,37640.389493995775,144.85035074022844,-86.31862828347002,11,118.20114791220279,1.528938460803196,False
267.45,RADAR_C,RADAR_C-SC05477,STATIC_CLUTTER,55120.03093947562,53297.667587292126,0.9487113659149714,-0.7722355415549962,3,857.790551951732,14.296509199195533,True
269.55,RADAR_B,RADAR_B-T7283,PGT549U,-76151.29509239906,37340.393058699075,152.93096993869023,-91.58274348811956,6,388.78224066486143,6.1825125572116635,False
270.37,RADAR_A,RADAR_A-T5836,PGT549U,-76204.6430433043,37445.09856504691,152.49903065350358,-83.24819246601476,10,142.1464183657441,2.021831720409404,False
270.88,RADAR_C,RADAR_C-T7938,HEDEF_2,366094.4875822418,37111.73131052438,-153.1065565105792,-82.04743035615397,7,415.94123483535924,4.6753056338464924,False
271.99,RADAR_B,RADAR_B-T4073,HEDEF_3_MANEVRA,-90947.24116839524,-415273.71852367994,81.61039811320097,64.39560423835798,6,529.7525163775289,6.1825125572116635,False
272.48,RADAR_A,RADAR_A-T5836,PGT549U,-75673.00304494236,37049.55938711607,159.5026127223512,-67.8834730909202,10,141.97169330656303,2.021831720409404,False
273.46,RADAR_A,RADAR_A-T5848,HEDEF_2,365514.7796264696,37479.355519930505,-157.17408891163296,-85.52834694593318,10,342.8500720279967,2.021831720409404,False
273.89,RADAR_A,RADAR_A-SC14575,STATIC_CLUTTER,-336608.6287072834,-43840.869847126116,-0.5673899580027407,0.6027576525572843,1,1500.0,25.0,True
274.79,RADAR_A,RADAR_A-T5836,PGT549U,-75434.53581102763,37219.06425538919,154.66082205430922,-75.33584184849286,9,176.4083386045743,2.6736220001334834,False
274.99,RADAR_A,RADAR_A-T9178,HEDEF_3_MANEVRA,-90177.1909642181,-414786.05530804227,169.7640649183303,64.73159113331295,11,381.49960166833824,1.528938460803196,False
275.04,RADAR_B,RADAR_B-T7283,PGT549U,-75450.67110123447,36891.75007464317,150.47342766544907,-88.47902047072517,9,197.68906562678274,2.6736220001334834,False
275.49,RADAR_C,RADAR_C-T8116,PGT549U,-75707.55249268384,37320.09685046054,143.79750972194265,-70.24426115487259,5,497.2586394550255,8.1756070113073,False
276.17,RADAR_B,RADAR_B-T4073,HEDEF_3_MANEVRA,-90558.35577309318,-414290.90183147264,220.17222357509536,50.9986030566977,5,619.1339162078636,8.1756070113073,False
276.18,RADAR_A,RADAR_A-SC14575,STATIC_CLUTTER,-336590.920184557,-43830.78455477981,-0.2963659917121878,-0.654363519745191,3,857.790551951732,14.296509199195533,True
277.5,RADAR_A,RADAR_A-T5836,PGT549U,-74974.99595816249,36849.925100882945,161.2939193611716,-63.61375424289642,11,117.21299352479296,1.528938460803196,False
277.56,RADAR_C,RADAR_C-T9348,HEDEF_3_MANEVRA,-89617.63117490103,-415122.0339179024,157.49021847536994,71.22081493367361,6,563.4625764659462,6.1825125572116635,False
279.11,RADAR_A,RADAR_A-SC62965,STATIC_CLUTTER,-331745.87428860436,-102086.72873751076,-0.07259252645617513,1.0618071716339896,3,857.790551951732,14.296509199195533,True
280.12,RADAR_A,RADAR_A-T5836,PGT549U,-74535.96638899045,36850.796731009264,162.3488595011602,-67.56552825872576,11,116.95457821237397,1.528938460803196,False
280.94,RADAR_B,RADAR_B-T7283,PGT549U,-74505.89273611034,36664.66665197239,170.0254832973212,-64.46558193219526,6,388.2486596623998,6.1825125572116635,False
282.45,RADAR_A,RADAR_A-T5836,PGT549U,-74335.14275344512,36743.07479144721,158.0244462496568,-73.03419830503962,10,141.17504796767307,2.021831720409404,False
282.93,RADAR_A,RADAR_A-T1178,HEDEF_3_MANEVRA,-87767.64726352565,-414205.07871571335,333.50273179447424,66.1793443147661,11,380.6821736289847,1.528938460803196,False
284.69,RADAR_A,RADAR_A-T5836,PGT549U,-73887.05702947383,36419.44095171338,161.34155815823027,-55.14654363116088,11,116.54903382777208,1.528938460803196,False
285.36,RADAR_A,RADAR_A-T8629,HEDEF_2,363600.9859872212,36742.78145423007,-158.80911225154853,-69.10944471901641,13,323.2182234952919,0.8743393107950702,False
285.66,RADAR_B,RADAR_B-T7283,PGT549U,-73828.29594644363,36509.806583502264,160.71506840839407,-62.892838532516464,12,133.3822662794232,1.1562054316023351,False
286.87,RADAR_A,RADAR_A-T5836,PGT549U,-73564.9083779307,36288.9908120098,155.53964865973745,-75.16206215242485,12,99.67918670789317,1.1562054316023351,False
288.11,RADAR_A,RADAR_A-T8629,HEDEF_2,363278.60497160227,36375.474772472975,-160.82042678402428,-61.26289401000045,13,322.84570833538754,0.8743393107950702,False
289.54,RADAR_A,RADAR_A-T5836,PGT549U,-73088.96717709412,36098.35462356177,157.97036452123305,-68.1841402310407,14,81.50312036997315,0.6611880635625048,False
290.36,RADAR_B,RADAR_B-SC46433,STATIC_CLUTTER,-343933.65745589277,108124.96645736315,-0.6299947053161581,-0.2926422629171388,4,648.6736521905174,10.811227536508623,True
290.59,RADAR_A,RADAR_A-T8629,HEDEF_2,362873.7738048016,36423.89938922666,-158.88757296797823,-63.516446614442486,12,325.6885967311788,1.1562054316023351,False
290.67,RADAR_B,RADAR_B-T7283,PGT549U,-73107.83666088602,36226.96040020902,156.51814631002762,-73.80701850833324,10,165.92680112311206,2.021831720409404,False
291.18,RADAR_A,RADAR_A-SC62965,STATIC_CLUTTER,-331769.02618441323,-102048.79653441046,-0.5654031034653133,-0.03775037546385635,3,857.790551951732,14.296509199195533,True
292.13,RADAR_A,RADAR_A-T5836,PGT549U,-72601.57577559218,35982.510936913735,159.371485151071,-67.15121048526645,14,81.17960848383572,0.6611880635625048,False
293.6,RADAR_A,RADAR_A-T8629,HEDEF_2,362369.02959642495,36141.744612224684,-159.03694233909337,-72.77118529528519,13,322.10080583820906,0.8743393107950702,False
294.1,RADAR_B,RADAR_B-T6366,HEDEF_2,362364.6497555963,35717.3719778907,-158.4221524269839,-60.07406595084724,12,283.5627588742389,1.1562054316023351,False
294.2,RADAR_B,RADAR_B-T7283,PGT549U,-72547.75101776636,36018.70165928435,160.99062469234906,-64.0814594597894,12,132.341273002668,1.1562054316023351,False
294.53,RADAR_A,RADAR_A-T3509,HEDEF_3_MANEVRA,-82026.77411011915,-413398.59743312496,565.0754484223161,69.57054368428432,11,379.1631492418469,1.528938460803196,False
295.2,RADAR_A,RADAR_A-T5836,PGT549U,-72279.57489029817,35827.09688051305,156.60021839837398,-70.11188351341883,13,87.78712467013287,0.8743393107950702,False
296.32,RADAR_A,RADAR_A-T8629,HEDEF_2,361952.3307072621,36044.50542196332,-158.28531610483674,-63.345626764541706,14,319.8960626835015,0.6611880635625048,False
296.44,RADAR_A,RADAR_A-T3509,HEDEF_3_MANEVRA,-80955.42136575551,-413641.1802813497,599.6738101741719,66.21308321209982,10,387.14202748575417,2.021831720409404,False
297.42,RADAR_A,RADAR_A-T5836,PGT549U,-71871.20157855074,35756.59090924938,163.26509198892947,-56.14968037068492,12,98.60209337870451,1.1562054316023351,False
298.79,RADAR_A,RADAR_A-T8629,HEDEF_2,361532.1508318493,35471.50009784807,-158.73588277039383,-65.93640994278276,13,321.39541638933747,0.8743393107950702,False
299.51,RADAR_B,RADAR_B-T6366,HEDEF_2,361518.7470656634,35480.83136193293,-158.931313575139,-66.92476399672438,12,282.8331206994324,1.1562054316023351,False
299.67,RADAR_A,RADAR_A-T5836,PGT549U,-71496.97327157622,35594.61827543991,158.66092141929286,-64.21153878107516,13,87.26908723088896,0.8743393107950702,False
302.07,RADAR_A,RADAR_A-SC62965,STATIC_CLUTTER,-331758.8197542333,-102065.78301501292,-1.115294825580103,0.528646676850243,3,857.790551951732,14.296509199195533,True
302.56,RADAR_A,RADAR_A-T5836,PGT549U,-71103.25032748333,35316.986303392296,159.3965985892265,-65.39648350052633,14,79.863113384192,0.6611880635625048,False
303.36,RADAR_C,RADAR_C-T9584,PGT549U,-71415.37018481427,35290.129402942555,141.02255412837883,-31.498336162278513,6,379.10872999009825,6.1825125572116635,False
303.58,RADAR_C,RADAR_C-T5209,HEDEF_2,361339.1865621115,35192.64860537842,-162.81714325771622,-78.0449970231804,6,478.810076761729,6.1825125572116635,False
303.65,RADAR_A,RADAR_A-T6087,HEDEF_2,360847.7128532717,35679.32902248683,-159.77147617667234,-65.67535459965026,13,320.7179270284597,0.8743393107950702,False
304.9,RADAR_A,RADAR_A-T7242,HEDEF_3_MANEVRA,-76173.62550561047,-412823.63002611406,682.8172453234841,64.02465030679294,11,377.554113343696,1.528938460803196,False
305.12,RADAR_A,RADAR_A-T5836,PGT549U,-70661.84077989554,35127.70560850183,160.67103054394255,-62.24643724268571,12,97.79757782716928,1.1562054316023351,False
306.35,RADAR_B,RADAR_B-T3771,PGT549U,-70705.65063347746,35079.73885412433,156.801801991603,-75.32334076290145,8,239.38421021494352,3.5355339059327378,False
306.85,RADAR_A,RADAR_A-T7242,HEDEF_3_MANEVRA,-74512.6512762674,-412614.9183386031,680.3842340458112,67.52941719056965,9,399.5251526853531,2.6736220001334834,False
307.34,RADAR_A,RADAR_A-T5836,PGT549U,-70262.77813147366,35153.37712005087,161.04766441874352,-61.12898835884344,13,86.36351655597534,0.8743393107950702,False
307.5,RADAR_B,RADAR_B-T6560,HEDEF_2,360423.59360454825,34754.75654809459,-161.93902948550374,-59.50108302133178,11,288.052417916384,1.528938460803196,False
309.09,RADAR_A,RADAR_A-T1623,HEDEF_2,359954.6832508607,35149.81049843598,-157.0098969976196,-70.2733921505188,14,318.1134074095746,0.6611880635625048,False
309.42,RADAR_A,RADAR_A-T5836,PGT549U,-69919.67215975832,34848.71019337293,158.21521757278038,-70.2047583902255,13,86.11890186277282,0.8743393107950702,False
310.02,RADAR_C,RADAR_C-T9584,PGT549U,-69924.99701484165,34902.41849140141,154.05981382470446,-72.45863123077007,9,178.14058488985222,2.6736220001334834,False
310.26,RADAR_B,RADAR_B-T3771,PGT549U,-69859.9898512076,34892.336786968954,165.0245513411151,-55.376571315545185,10,163.99063550820182,2.021831720409404,False
310.54,RADAR_A,RADAR_A-T1623,HEDEF_2,359764.4911029868,35241.32823750496,-160.40069284199245,-65.55165558697144,12,322.9630228176292,1.1562054316023351,False
312.15,RADAR_A,RADAR_A-T5836,PGT549U,-69594.66854946097,34680.33959803808,156.93125732622238,-70.96246593284448,14,78.63226982503933,0.6611880635625048,False
312.19,RADAR_A,RADAR_A-T5484,HEDEF_3_MANEVRA,-71094.4089130482,-412222.2757964234,706.0632777846433,63.77462662692311,10,384.6375705357287,2.021831720409404,False
313.64,RADAR_B,RADAR_B-T6560,HEDEF_2,359401.8372206186,34408.08270998929,-158.5368544834082,-71.5526425279554,12,280.8790915060821,1.1562054316023351,False
314.52,RADAR_A,RADAR_A-T5836,PGT549U,-69205.95423407285,34536.36012586426,156.4878211919122,-69.68851058270904,12,96.81978116265095,1.1562054316023351,False
314.78,RADAR_A,RADAR_A-T5484,HEDEF_3_MANEVRA,-68893.78039066461,-412230.4989895818,720.9540747379668,68.57146049573173,10,384.23566300403155,2.021831720409404,False
315.83,RADAR_A,RADAR_A-SC62965,STATIC_CLUTTER,-331772.51910291746,-102069.20526470235,0.5527557315391061,-0.423717301163359,2,1134.321747974356,18.905362466239264,True
316.13,RADAR_B,RADAR_B-T3771,PGT549U,-68980.42586138131,34382.85125181396,156.75020388724863,-77.87301573539375,8,238.71775944588944,3.5355339059327378,False
316.44,RADAR_A,RADAR_A-T5836,PGT549U,-68923.78041986517,34406.61532107703,159.90177876909343,-64.10267073092183,13,85.29514672845785,0.8743393107950702,False
317.81,RADAR_A,RADAR_A-T9880,HEDEF_2,358711.6625264894,34380.2372297691,-158.95486833738778,-72.10692447621335,12,321.9609978257383,1.1562054316023351,False
317.95,RADAR_B,RADAR_B-T6560,HEDEF_2,358647.986413743,34030.22691581637,-160.1130862795826,-53.39253067946649,10,297.4269491926136,2.021831720409404,False
318.31,RADAR_A,RADAR_A-T6607,HEDEF_3_MANEVRA,-66300.2287547487,-411778.14454856317,740.5891813080323,67.79365339384292,9,397.7960581789827,2.6736220001334834,False
320.05,RADAR_A,RADAR_A-T5836,PGT549U,-68441.05984455605,34194.95850334457,156.2463156885172,-68.71761447429367,12,96.24999365718291,1.1562054316023351,False
321.16,RADAR_A,RADAR_A-T9880,HEDEF_2,358115.6328477461,34100.99468432453,-159.01452952037894,-70.05893964731854,14,316.41249474793085,0.6611880635625048,False
322.77,RADAR_A,RADAR_A-T1423,HEDEF_3_MANEVRA,-64056.37625430303,-411462.993986593,689.7029007766994,65.38266954254577,9,397.25561140232946,2.6736220001334834,False
323.43,RADAR_A,RADAR_A-T9880,HEDEF_2,357715.66952330165,33884.414818411584,-158.7126011250111,-67.16729100784582,14,316.0684391407642,0.6611880635625048,False
323.51,RADAR_B,RADAR_B-T6560,HEDEF_2,357721.11536273925,33954.59577656729,-161.50897207283018,-66.84693732058568,12,279.48528621700467,1.1562054316023351,False
325.13,RADAR_A,RADAR_A-T4778,PGT549U,-67487.54531992071,33816.58329898271,159.54214052546834,-68.23423903809643,12,95.69463406190954,1.1562054316023351,False
325.63,RADAR_A,RADAR_A-T1423,HEDEF_3_MANEVRA,-63315.991645827664,-411051.1859790599,638.0626837346969,65.79557985721866,10,382.83747489554537,2.021831720409404,False
325.7,RADAR_A,RADAR_A-T9880,HEDEF_2,357383.93499396666,33715.664794060714,-160.03626090440304,-68.00026545832777,12,320.8119427099688,1.1562054316023351,False
325.91,RADAR_C,RADAR_C-T9919,HEDEF_2,357518.05406062485,34170.0512727855,-162.48034587123024,-78.88808994369575,9,339.9830640892639,2.6736220001334834,False
327.33,RADAR_B,RADAR_B-T4800,HEDEF_3_MANEVRA,-62017.12236195676,-410865.5222586658,573.0400827478196,88.57774924165705,5,613.1206555078483,8.1756070113073,False
327.6,RADAR_A,RADAR_A-T4778,PGT549U,-67058.85129161018,33573.90817628808,159.38315284179248,-68.16672190890688,12,95.42476746372081,1.1562054316023351,False
327.88,RADAR_B,RADAR_B-SC55470,STATIC_CLUTTER,100575.0020053733,207801.22394831703,-0.16762736426081076,-0.08215808120233832,1,1500.0,25.0,True
328.05,RADAR_B,RADAR_B-T9099,PGT549U,-67268.39132405662,33708.073525045584,160.2362286799957,-74.26429224027967,8,237.8780554037193,3.5355339059327378,False
328.78,RADAR_A,RADAR_A-T1423,HEDEF_3_MANEVRA,-62315.146769131694,-411178.6631193522,587.0245413092255,61.77237627886731,10,382.5099099053103,2.021831720409404,False
329.47,RADAR_B,RADAR_B-T6560,HEDEF_2,356740.19717456744,33445.163742292745,-159.36879999861608,-57.93535642372561,11,284.98904815321214,1.528938460803196,False
330.31,RADAR_A,RADAR_A-T4778,PGT549U,-66699.59667445511,33390.874902688956,161.07625374665167,-62.190496808226435,13,83.60146071996374,0.8743393107950702,False
330.72,RADAR_A,RADAR_A-T6763,HEDEF_2,356433.8893627249,33765.56580913054,-159.91975259221567,-69.821797200959,13,316.82944301868554,0.8743393107950702,False
331.53,RADAR_A,RADAR_A-T1423,HEDEF_3_MANEVRA,-60050.2902375696,-410955.15434456884,526.5486408832336,69.81527842308076,10,382.2255156517664,2.021831720409404,False
332.52,RADAR_A,RADAR_A-T6763,HEDEF_2,356186.2303902623,33051.541545917855,-160.7881279235043,-63.59504790030155,14,314.69038179508436,0.6611880635625048,False
332.88,RADAR_A,RADAR_A-T4778,PGT549U,-66129.5933403954,33279.40839312227,159.83167458692708,-69.52190801184514,13,83.2838902714222,0.8743393107950702,False
333.03,RADAR_B,RADAR_B-T9099,PGT549U,-66410.79250430057,33475.88901953626,162.1665244211363,-63.785861414201634,12,127.3917082558996,1.1562054316023351,False
333.54,RADAR_A,RADAR_A-T1423,HEDEF_3_MANEVRA,-60325.159815652776,-410523.6396850381,491.4838767333216,69.49414307523246,10,382.0197991268771,2.021831720409404,False
335.25,RADAR_A,RADAR_A-T1423,HEDEF_3_MANEVRA,-58328.99472805476,-410764.5522554995,462.04924294090523,68.77675934518533,11,373.50368265918183,1.528938460803196,False
335.57,RADAR_A,RADAR_A-T4778,PGT549U,-65802.66692597458,33141.227302881,160.36376631036867,-65.71003102298945,13,82.9528042414555,0.8743393107950702,False
335.89,RADAR_B,RADAR_B-T6560,HEDEF_2,355613.6730505565,33247.24037406541,-164.1154117777699,-66.23061254081222,12,277.6396193718377,1.1562054316023351,False
336.24,RADAR_C,RADAR_C-T9919,HEDEF_2,355670.4341979448,33268.09659363264,-160.85545340301903,-75.94687743128041,8,366.0237224177765,3.5355339059327378,False
336.51,RADAR_B,RADAR_B-SC69319,STATIC_CLUTTER,389173.2151016113,-173886.88237278443,-0.03705043993858992,-0.3895256462732007,4,648.6736521905174,10.811227536508623,True
337.47,RADAR_A,RADAR_A-T4778,PGT549U,-65486.30534080262,33045.63680039561,160.11229142337373,-65.4648363421865,13,82.72011378023204,0.8743393107950702,False
337.95,RADAR_A,RADAR_A-T1423,HEDEF_3_MANEVRA,-58513.195695448754,-410370.02258782747,418.25294289993064,64.26263504290532,11,373.2239568592997,1.528938460803196,False
339.17,RADAR_B,RADAR_B-T9099,PGT549U,-65093.1692349463,32821.249347283985,165.6387556812606,-54.70289704445091,8,237.083047933863,3.5355339059327378,False
339.77,RADAR_A,RADAR_A-T1423,HEDEF_3_MANEVRA,-57646.9692285965,-410150.78434856347,357.79419701279886,69.41024796634537,10,381.3877916693129,2.021831720409404,False
339.92,RADAR_A,RADAR_A-T4778,PGT549U,-65043.63480040543,32868.91588145428,161.13789622323264,-67.21464786157897,12,94.09241086612475,1.1562054316023351,False
340.01,RADAR_A,RADAR_A-T4229,HEDEF_2,354981.2116180392,32100.796237249546,-161.88030442026215,-64.73936528668999,14,313.5561882719185,0.6611880635625048,False
341.96,RADAR_A,RADAR_A-SC62965,STATIC_CLUTTER,-331739.8485597706,-102103.80569243075,0.3122247955148294,-1.0288580667918492,1,1500.0,25.0,True
342.62,RADAR_A,RADAR_A-T4778,PGT549U,-64623.70715369612,32550.49226047972,161.24795299172206,-66.059525744009,13,82.08903679122625,0.8743393107950702,False
342.88,RADAR_A,RADAR_A-T4229,HEDEF_2,354408.3905865971,32165.798118729315,-161.1605487725263,-71.12100342630654,12,318.25175053854065,1.1562054316023351,False
344.56,RADAR_B,RADAR_B-T2569,HEDEF_3_MANEVRA,-55814.2062803342,-410358.65743301675,278.1102717415269,68.06137201324444,8,422.43189606883044,3.5355339059327378,False
344.56,RADAR_A,RADAR_A-T4778,PGT549U,-64256.7862823652,32470.54460973393,161.64979695171647,-66.56732471590958,14,74.30671044307711,0.6611880635625048,False
345.65,RADAR_A,RADAR_A-T4229,HEDEF_2,353886.0891066171,32643.501147503717,-162.64548011522348,-69.60410783080846,12,317.8398985335958,1.1562054316023351,False
346.71,RADAR_B,RADAR_B-T4485,HEDEF_2,353974.28504921554,32226.83509959469,-161.50466234034795,-66.61748350428576,12,276.0263964306414,1.1562054316023351,False
347.08,RADAR_A,RADAR_A-T4778,PGT549U,-63707.89172651245,32305.5839678707,158.72536418756735,-71.976964074759,12,93.32837045859335,1.1562054316023351,False
347.48,RADAR_B,RADAR_B-SC69319,STATIC_CLUTTER,389207.8759507386,-173859.4357859858,-1.0325040896190383,0.34353589339338014,1,1500.0,25.0,True
347.84,RADAR_B,RADAR_B-T5543,PGT549U,-63708.79124519437,32385.91294498815,166.40992645467065,-55.207309820932316,8,236.47089700553192,3.5355339059327378,False
349.03,RADAR_B,RADAR_B-T2569,HEDEF_3_MANEVRA,-53759.35898919338,-409387.49772636394,263.8945454126739,46.76268251400727,6,520.1796832144591,6.1825125572116635,False
349.56,RADAR_A,RADAR_A-T4778,PGT549U,-63350.44222404548,32205.138944149257,158.66533430822062,-69.37978223175587,13,81.24497086294713,0.8743393107950702,False
352.03,RADAR_A,RADAR_A-T4778,PGT549U,-62965.5156963658,31930.51462852724,161.49368582345673,-68.29972450395739,14,73.30779181662594,0.6611880635625048,False
353.19,RADAR_B,RADAR_B-SC69319,STATIC_CLUTTER,389165.2248335436,-173917.37597864983,0.7510494018384819,0.5672167668884647,4,648.6736521905174,10.811227536508623,True
353.19,RADAR_B,RADAR_B-SC46433,STATIC_CLUTTER,-343916.4743716775,108155.49086209007,-0.12224093271610824,-0.44996465586567175,2,1134.321747974356,18.905362466239264,True
353.23,RADAR_B,RADAR_B-T5543,PGT549U,-62958.39963267176,32011.034621056762,160.48934054361877,-74.73139166119029,11,138.40415405661153,1.528938460803196,False
353.24,RADAR_A,RADAR_A-T9928,HEDEF_2,352604.7986506727,32085.55089206245,-161.09698737239935,-70.91757598084013,14,311.554713853598,0.6611880635625048,False
355.01,RADAR_B,RADAR_B-T2569,HEDEF_3_MANEVRA,-51348.43315301597,-409757.27453761414,75.38974899732068,68.39817646893904,7,459.40892934357015,4.6753056338464924,False
355.55,RADAR_A,RADAR_A-T4778,PGT549U,-62436.908274553236,31700.081918626074,163.66114769581563,-64.6990336631972,14,72.83801110796824,0.6611880635625048,False
356.05,RADAR_A,RADAR_A-T9928,HEDEF_2,352334.1816343667,31193.777615704435,-160.98089723454603,-63.388011971225176,12,316.2908832954406,1.1562054316023351,False
356.12,RADAR_A,RADAR_A-T7284,HEDEF_3_MANEVRA,-50962.787732645396,-409021.66477095895,78.95526205959601,68.41278821818211,9,394.02062545477605,2.6736220001334834,False
356.52,RADAR_C,RADAR_C-T9824,HEDEF_2,352444.5660893983,31683.670122092004,-157.89026093250916,-85.68621603366424,7,407.36761524138217,4.6753056338464924,False
357.96,RADAR_B,RADAR_B-T5543,PGT549U,-62148.34154517652,31726.07795672026,161.51043314090455,-77.24063620705155,9,190.5747884090334,2.6736220001334834,False
358.03,RADAR_A,RADAR_A-T4778,PGT549U,-61969.03193122103,31571.377646559857,161.47511500837504,-69.05559219746789,14,72.50927006535652,0.6611880635625048,False
358.27,RADAR_B,RADAR_B-SC46433,STATIC_CLUTTER,-343953.2838018104,108161.59472176175,-0.019784456111961817,0.7281710969294224,4,648.6736521905174,10.811227536508623,True
358.62,RADAR_A,RADAR_A-T9928,HEDEF_2,351780.3172207229,31711.45152434445,-162.11763614409642,-71.61816967393703,13,312.6307285039963,0.8743393107950702,False
360.42,RADAR_C,RADAR_C-T1001,PGT549U,-61457.093343411216,31675.77250578754,157.88589862671503,-65.13737980440075,7,289.47775880308643,4.6753056338464924,False
360.44,RADAR_B,RADAR_B-T2569,HEDEF_3_MANEVRA,-48724.46311641513,-408942.67441413004,-10.452442473755003,74.27054492697589,9,396.9221405238984,2.6736220001334834,False
360.67,RADAR_A,RADAR_A-T9928,HEDEF_2,351572.5309512086,30977.65607762178,-164.7428370532962,-65.3673883686304,12,315.60470612676505,1.1562054316023351,False
360.79,RADAR_B,RADAR_B-T2420,HEDEF_2,351397.59803262335,31523.498508525565,-162.1364429205156,-71.22584883773919,12,273.92953196697897,1.1562054316023351,False
360.94,RADAR_A,RADAR_A-T1835,HEDEF_3_MANEVRA,-49090.6054471057,-408933.8469867865,-25.489830706220626,68.82673663087023,11,370.9255949248814,1.528938460803196,False
361.03,RADAR_A,RADAR_A-T4778,PGT549U,-61423.26305359418,31433.26699052488,163.91712112159172,-64.20064069558931,14,72.11079379439673,0.6611880635625048,False
362.35,RADAR_B,RADAR_B-T5543,PGT549U,-61489.18291554313,31294.25865390061,158.179641069259,-78.1540078702322,9,190.1987088265786,2.6736220001334834,False
362.51,RADAR_C,RADAR_C-SC05477,STATIC_CLUTTER,55151.959606231394,53307.37651746744,-0.4249879425994147,-0.1392210632386785,2,1134.321747974356,18.905362466239264,True
363.21,RADAR_A,RADAR_A-T4778,PGT549U,-61062.32657353783,31232.294637132003,163.4500573142844,-64.31572523230027,12,91.63534335193953,1.1562054316023351,False
363.61,RADAR_A,RADAR_A-T9928,HEDEF_2,350979.7248501096,30947.92387470931,-163.10221141659906,-64.93589830233593,12,315.167204370265,1.1562054316023351,False
364.1,RADAR_B,RADAR_B-SC55470,STATIC_CLUTTER,100538.70687372016,207828.4545000108,-0.37756807375314,-0.02776869753561583,3,857.790551951732,14.296509199195533,True
365.36,RADAR_A,RADAR_A-T4778,PGT549U,-60685.99972243588,31039.452977251152,162.02572651000636,-67.78140232653773,12,91.4135355578993,1.1562054316023351,False
365.58,RADAR_B,RADAR_B-T2569,HEDEF_3_MANEVRA,-47693.30178310662,-408316.6537475539,-104.38504467311786,67.09912316190182,8,419.87747075318407,3.5355339059327378,False
366.39,RADAR_A,RADAR_A-SC14575,STATIC_CLUTTER,-336606.2744118363,-43847.40654060896,0.37507444182574784,-0.4970167884760097,4,648.6736521905174,10.811227536508623,True
366.43,RADAR_B,RADAR_B-T2420,HEDEF_2,350466.9691217714,31039.43690451019,-164.35041514273277,-69.95844377994777,12,273.09211272618523,1.1562054316023351,False
366.46,RADAR_A,RADAR_A-T9928,HEDEF_2,350464.4245316281,30971.932144409428,-163.97443262238093,-66.52630066444486,14,309.55943026317294,0.6611880635625048,False
366.81,RADAR_A,RADAR_A-T5503,HEDEF_3_MANEVRA,-47870.64161909113,-408163.3589922831,-116.5760730149638,66.74566191011125,9,393.1490731573582,2.6736220001334834,False
367.14,RADAR_B,RADAR_B-T5543,PGT549U,-60620.58511481511,30843.735995051768,166.63849356065447,-64.11517174792404,10,158.1261643389676,2.021831720409404,False
367.81,RADAR_A,RADAR_A-T4778,PGT549U,-60252.96036158817,30837.292318427844,168.26773733307238,-60.320484097961184,13,79.06366370139729,0.8743393107950702,False
368.21,RADAR_A,RADAR_A-T9928,HEDEF_2,350183.1605125848,30712.44007133684,-164.79300854788463,-68.80448470955537,14,309.30130018372546,0.6611880635625048,False
369.0,RADAR_B,RADAR_B-SC46433,STATIC_CLUTTER,-343907.8885299916,108133.03629862946,-0.39427269468464293,0.664741802501886,2,1134.321747974356,18.905362466239264,True
369.09,RADAR_A,RADAR_A-T5503,HEDEF_3_MANEVRA,-48486.32230944584,-408355.91009013273,-162.19050886841103,68.68404274870574,9,393.0961309875281,2.6736220001334834,False
370.78,RADAR_A,RADAR_A-T4778,PGT549U,-59986.20528574677,30754.608713905312,165.37453505068981,-65.80320122468366,11,108.90659512838292,1.528938460803196,False
371.2,RADAR_A,RADAR_A-T9928,HEDEF_2,349742.1168685401,31036.976045089275,-164.88685457770555,-66.00663796153133,11,319.7437538844747,1.528938460803196,False
371.52,RADAR_A,RADAR_A-T5503,HEDEF_3_MANEVRA,-48753.75605069208,-408287.60550365964,-183.5947700565505,67.83069602292429,11,370.3550301183443,1.528938460803196,False
373.24,RADAR_A,RADAR_A-T4778,PGT549U,-59376.92175013854,30468.378931486735,162.09515097226034,-71.28532352566359,11,108.7022543685139,1.528938460803196,False
373.27,RADAR_B,RADAR_B-T5543,PGT549U,-59442.37589837748,30822.77002037986,164.227686392549,-69.34244802805104,6,384.3186523925999,6.1825125572116635,False
373.37,RADAR_C,RADAR_C-T1001,PGT549U,-59306.56945759493,30641.27470792031,171.89073537888044,-81.37429211579885,7,289.1117270971853,4.6753056338464924,False
373.63,RADAR_A,RADAR_A-T5503,HEDEF_3_MANEVRA,-50208.6369983592,-408066.74503878446,-225.6096726646589,68.61402620014975,10,378.71676082338445,2.021831720409404,False
373.97,RADAR_A,RADAR_A-T9928,HEDEF_2,349297.7328284348,30429.045416318677,-165.24397440602456,-61.21506805866106,9,345.40086107241046,2.6736220001334834,False
375.13,RADAR_B,RADAR_B-SC46433,STATIC_CLUTTER,-343956.7622617335,108121.04663356571,0.3040485072240034,1.3836053198065443,1,1500.0,25.0,True
375.49,RADAR_A,RADAR_A-T4778,PGT549U,-59029.259537904494,30364.851429761675,166.4239679905211,-61.66973866095937,9,170.56935537666553,2.6736220001334834,False
376.38,RADAR_A,RADAR_A-T9928,HEDEF_2,348725.8256329658,30704.288065144876,-164.77018124265527,-74.75460416994238,9,345.0841587421568,2.6736220001334834,False
376.85,RADAR_B,RADAR_B-T7255,HEDEF_2,348553.3177561115,30550.79498273229,-173.0526443653468,-37.89875995393607,8,337.5553174540555,3.5355339059327378,False
377.26,RADAR_A,RADAR_A-T4778,PGT549U,-58793.387685917325,30292.52010642406,166.09745294969824,-66.06966880094095,10,134.33056062671054,2.021831720409404,False
378.02,RADAR_B,RADAR_B-SC69319,STATIC_CLUTTER,389180.7372433875,-173915.29033642376,1.3287799677218726,0.44121320780244266,1,1500.0,25.0,True
378.48,RADAR_B,RADAR_B-T5543,PGT549U,-58654.13868857987,30059.524754782487,158.60779805290534,-93.70116944244208,8,234.38163682140365,3.5355339059327378,False
379.45,RADAR_A,RADAR_A-T4778,PGT549U,-58395.62845667654,30110.153965130634,165.31142038081612,-70.99793805795152,10,134.18604542214248,2.021831720409404,False
379.92,RADAR_B,RADAR_B-T7255,HEDEF_2,347727.78336251597,30035.82219796765,-164.09966730890426,-63.6554177385227,6,454.20955549137693,6.1825125572116635,False
381.36,RADAR_C,RADAR_C-T2410,HEDEF_2,348114.91641844553,30297.8088837419,-168.4582545521574,-86.01140600686962,5,570.8221304018186,8.1756070113073,False
381.68,RADAR_A,RADAR_A-T4778,PGT549U,-58143.6561953769,30037.363950789302,169.0148154929597,-73.41768504276983,11,108.00922033013708,1.528938460803196,False
381.79,RADAR_A,RADAR_A-T2161,HEDEF_2,347827.6683788393,30021.318175180746,-165.25111459089572,-63.66965730086942,10,327.9842654709815,2.021831720409404,False
383.04,RADAR_A,RADAR_A-T3281,HEDEF_3_MANEVRA,-52722.728133988574,-407340.93790277315,-335.3905994834982,66.77888731223392,11,370.0922494027721,1.528938460803196,False
384.37,RADAR_A,RADAR_A-T4778,PGT549U,-57701.03430103496,29822.488422729282,168.65579883270743,-68.81808950614237,11,107.79068477429544,1.528938460803196,False
384.91,RADAR_B,RADAR_B-T7255,HEDEF_2,347456.8197798628,29780.11231535343,-174.37876398493316,-83.12407634689873,5,555.8197460443449,8.1756070113073,False
384.94,RADAR_B,RADAR_B-T5543,PGT549U,-57634.14783947041,29942.583638359996,176.2394330803289,-32.7594652725027,5,500.36245068511613,8.1756070113073,False
385.7,RADAR_A,RADAR_A-T3281,HEDEF_3_MANEVRA,-53454.98792629772,-407297.6048362733,-376.3894256091031,67.68957706580882,11,370.0351007093597,1.528938460803196,False
387.12,RADAR_A,RADAR_A-T4778,PGT549U,-57168.476571433464,29706.803115583873,167.92175023047398,-74.33905466362349,11,107.56830154449632,1.528938460803196,False
388.28,RADAR_A,RADAR_A-T3281,HEDEF_3_MANEVRA,-53749.33034190988,-407289.2354625143,-415.62092682079685,70.63190569041078,9,392.6885102947287,2.6736220001334834,False
389.33,RADAR_A,RADAR_A-T4778,PGT549U,-56719.738881483645,29534.49410941225,175.64784703972072,-61.11119254542407,10,133.54127868434844,2.021831720409404,False
389.94,RADAR_B,RADAR_B-T7255,HEDEF_2,346512.5819964911,29440.497834980404,-165.50303510841005,-75.4710386940817,9,306.02152156859245,2.6736220001334834,False
391.06,RADAR_B,RADAR_B-T4783,HEDEF_3_MANEVRA,-54628.49380822059,-407062.0387503268,-417.9260939666052,66.4514883523527,9,396.4706100992128,2.6736220001334834,False
391.24,RADAR_A,RADAR_A-T4778,PGT549U,-56215.08052524067,29353.70718049511,176.18319879071922,-63.329914179210775,9,169.75239135832433,2.6736220001334834,False
391.32,RADAR_B,RADAR_B-T5543,PGT549U,-56348.32615396836,29317.61865519276,171.7349008232759,-40.65041392145488,7,297.0355976567985,4.6753056338464924,False
391.5,RADAR_A,RADAR_A-T3281,HEDEF_3_MANEVRA,-55233.16908631005,-407196.41015102324,-416.35131474806,68.5815374822151,9,392.636705269009,2.6736220001334834,False
392.29,RADAR_A,RADAR_A-T8014,HEDEF_2,346156.9151876507,28663.053318224873,-170.1937367615759,-64.01379987007655,10,326.50707586428535,2.021831720409404,False
393.8,RADAR_A,RADAR_A-T3281,HEDEF_3_MANEVRA,-56617.26113640031,-406614.5074301358,-396.22615151212216,69.41828943362019,9,392.60479860744744,2.6736220001334834,False
394.19,RADAR_A,RADAR_A-T4778,PGT549U,-55823.55964189165,29143.721589671833,165.31518542599335,-76.52953945259323,11,106.9768278670478,1.528938460803196,False
394.62,RADAR_A,RADAR_A-T8014,HEDEF_2,345728.177713503,29099.156848087594,-170.26631609636132,-64.56522938016778,14,305.35389117060384,0.6611880635625048,False
396.0,RADAR_A,RADAR_A-T4778,PGT549U,-55615.055212940126,29027.915283833005,170.92976220219046,-64.4568915717474,14,67.59931176820061,0.6611880635625048,False
396.1,RADAR_B,RADAR_B-T5543,PGT549U,-55711.80063027706,29118.958728677437,165.44812947678426,-76.3059382216268,11,133.421748390834,1.528938460803196,False
396.32,RADAR_B,RADAR_B-T4783,HEDEF_3_MANEVRA,-56810.26415641557,-406261.89670081105,-377.17949734680775,68.73116312725628,7,458.5235780081815,4.6753056338464924,False
396.72,RADAR_A,RADAR_A-T8014,HEDEF_2,345371.6994386659,28797.19512626834,-169.5559541588292,-63.25348034332581,14,305.0250776066784,0.6611880635625048,False
397.66,RADAR_A,RADAR_A-T9653,HEDEF_3_MANEVRA,-58087.930743966936,-406371.91961997293,-362.2868584693653,67.02176528297345,9,392.55451620416454,2.6736220001334834,False
398.28,RADAR_C,RADAR_C-T8719,PGT549U,-55419.252234412794,28993.63372549353,146.09218284839943,-29.864072108908992,6,376.9763666747753,6.1825125572116635,False
398.48,RADAR_B,RADAR_B-T9781,HEDEF_2,345437.02518285305,29121.36342847358,-173.31360437702168,-45.47963056734747,8,334.97127649853053,3.5355339059327378,False
399.05,RADAR_A,RADAR_A-T8014,HEDEF_2,344909.86400942056,28743.438868131678,-169.74674293266054,-71.94374234851148,14,304.6580626669291,0.6611880635625048,False
399.22,RADAR_A,RADAR_A-T4778,PGT549U,-54944.211635450636,28828.41239726504,168.83777639429093,-68.33340428314108,14,67.17081779093947,0.6611880635625048,False
400.21,RADAR_B,RADAR_B-T5543,PGT549U,-55042.847366606045,28739.36460876661,173.6598461341171,-58.063234810625424,11,132.93091635273956,1.528938460803196,False
400.24,RADAR_B,RADAR_B-T4783,HEDEF_3_MANEVRA,-58468.712042104286,-406089.0756751033,-347.33779734121424,57.49490214344,5,610.1284785494657,8.1756070113073,False
400.47,RADAR_A,RADAR_A-T9653,HEDEF_3_MANEVRA,-58629.10929648062,-406368.19457310427,-342.14571260155844,64.36597814338742,9,392.52066898347573,2.6736220001334834,False
402.77,RADAR_A,RADAR_A-T9653,HEDEF_3_MANEVRA,-59383.07886935129,-406202.00079351,-326.99077780614505,67.06391637799055,10,378.1989467257938,2.021831720409404,False
404.23,RADAR_C,RADAR_C-T1944,HEDEF_2,344085.52194376645,27972.664533631898,-173.10807280342254,-50.05971920312953,7,402.48195584400514,4.6753056338464924,False
404.64,RADAR_A,RADAR_A-T4944,PGT549U,-54075.55408262363,28412.016507799806,168.378699604403,-65.44032341139066,12,87.49151583770687,1.1562054316023351,False
405.28,RADAR_B,RADAR_B-T3967,HEDEF_2,343875.4670733524,28147.835874884026,-173.9539925571229,-63.751977187079596,10,285.23590927566397,2.021831720409404,False
405.34,RADAR_A,RADAR_A-T9653,HEDEF_3_MANEVRA,-60907.54395299773,-405918.1108174639,-332.075468168673,71.35356213958745,10,378.1707345474212,2.021831720409404,False
405.98,RADAR_A,RADAR_A-T1981,HEDEF_2,343708.7767332015,28166.405533665675,-169.47168729335672,-65.30257207292432,12,308.8592542654023,1.1562054316023351,False
406.24,RADAR_B,RADAR_B-T5543,PGT549U,-54006.169350229655,28288.393084646166,173.25400261668375,-61.23736498645031,12,117.80086470171037,1.1562054316023351,False
407.28,RADAR_A,RADAR_A-T4944,PGT549U,-53505.95261867013,28364.01117237908,168.6193832116529,-66.35654926819029,13,74.48721952766606,0.8743393107950702,False
408.09,RADAR_B,RADAR_B-SC69319,STATIC_CLUTTER,389158.18211343145,-173909.9280425774,0.03254176798927656,0.4871824624276121,3,857.790551951732,14.296509199195533,True
408.14,RADAR_C,RADAR_C-T8719,PGT549U,-54060.676147016726,28164.827078117392,174.73222356512952,-67.46687827572698,9,173.46209425792742,2.6736220001334834,False
409.57,RADAR_A,RADAR_A-T4944,PGT549U,-53092.37181408387,28063.999540294557,169.2635148246854,-65.93155874952984,12,87.00038966345208,1.1562054316023351,False
410.66,RADAR_B,RADAR_B-T5543,PGT549U,-53056.24473675717,28065.828170795674,174.70911585694859,-54.686257578128334,9,186.17142922607925,2.6736220001334834,False
410.69,RADAR_B,RADAR_B-T3967,HEDEF_2,342911.7088621623,27936.43779771418,-170.87803494640977,-69.48564870875816,12,266.4790473442513,1.1562054316023351,False
410.87,RADAR_C,RADAR_C-T8550,HEDEF_3_MANEVRA,-62796.5931459802,-405893.4469816125,-260.05729570256403,50.181738593270296,4,768.405975098334,10.811227536508623,False
411.51,RADAR_A,RADAR_A-T4944,PGT549U,-52781.046395326506,27952.111268488185,168.84008324830216,-65.27549451286576,13,73.99588068997973,0.8743393107950702,False
413.97,RADAR_A,RADAR_A-T4944,PGT549U,-52435.16727985168,27808.224656903447,169.6310283395585,-65.06600333586422,13,73.72985760102377,0.8743393107950702,False
415.43,RADAR_A,RADAR_A-T6377,HEDEF_2,342093.2699009176,27669.85735063211,-169.04441531265397,-72.73245395099076,12,307.43888794474,1.1562054316023351,False
416.17,RADAR_C,RADAR_C-T1944,HEDEF_2,342388.0866209656,27587.43147001445,-163.71878664458774,-68.6306338735761,6,468.94534210065206,6.1825125572116635,False
416.38,RADAR_B,RADAR_B-T9187,HEDEF_3_MANEVRA,-63419.91373496686,-405615.5430868351,-159.3792864467086,57.1748837305783,5,610.2288688412714,8.1756070113073,False
416.52,RADAR_B,RADAR_B-T5543,PGT549U,-52072.49319487888,27722.63334683406,167.01853676466567,-64.30347929255232,9,185.7067790769818,2.6736220001334834,False
416.83,RADAR_B,RADAR_B-T3967,HEDEF_2,341895.0118484709,27476.819580918178,-170.32528024469713,-64.88766229914117,12,265.5780482503694,1.1562054316023351,False
416.92,RADAR_A,RADAR_A-T4944,PGT549U,-51916.080325823685,27593.982138102016,168.85696750308176,-66.61253623881387,14,64.89379236602414,0.6611880635625048,False
419.22,RADAR_A,RADAR_A-T4944,PGT549U,-51554.328175039904,27419.634608284297,170.7536044665167,-64.64917519481924,13,73.16614772459478,0.8743393107950702,False
420.06,RADAR_A,RADAR_A-T1482,HEDEF_2,341276.4549279729,27285.300300029656,-170.63821065763617,-65.73423125164496,12,306.7649419163075,1.1562054316023351,False
420.18,RADAR_B,RADAR_B-T9187,HEDEF_3_MANEVRA,-63543.53099610136,-405197.05451639486,-103.58497551002348,66.86471164352821,9,396.71535412706913,2.6736220001334834,False
420.79,RADAR_B,RADAR_B-T5543,PGT549U,-51574.19288311317,27689.21995747589,173.46061833933555,-55.14820743780855,9,185.37438468893293,2.6736220001334834,False
421.41,RADAR_A,RADAR_A-T4944,PGT549U,-51124.05865660104,27333.905473708084,171.7672687085784,-64.00295374580438,13,72.9322745580137,0.8743393107950702,False
422.04,RADAR_B,RADAR_B-T3967,HEDEF_2,340670.9855875338,27356.659121845965,-170.76134110645398,-78.84271409451132,8,332.1416159929053,3.5355339059327378,False
423.17,RADAR_A,RADAR_A-SC62965,STATIC_CLUTTER,-331765.69769016333,-102065.13560895734,-0.11511978894884345,-0.0020381624071261653,2,1134.321747974356,18.905362466239264,True
423.42,RADAR_A,RADAR_A-T4944,PGT549U,-50877.92695315903,27294.15903677211,175.3295814147913,-59.51502035735134,13,72.71775925928455,0.8743393107950702,False
424.17,RADAR_B,RADAR_B-T9187,HEDEF_3_MANEVRA,-63728.503011846384,-404589.28419147024,-6.697303479567964,69.6303070372277,9,396.57776965391264,2.6736220001334834,False
424.26,RADAR_B,RADAR_B-T3967,HEDEF_2,340692.8279991908,26982.203478277628,-172.4321681569681,-70.28551455848154,11,271.2253560995862,1.528938460803196,False
424.85,RADAR_A,RADAR_A-T5974,HEDEF_2,340673.42704423884,27260.81504470422,-171.9669656135575,-66.78138782476972,12,306.07037980646214,1.1562054316023351,False
425.23,RADAR_A,RADAR_A-T6790,HEDEF_3_MANEVRA,-63593.972841972216,-404769.31296467467,30.676825790007655,60.32493988518151,10,377.5163301686847,2.021831720409404,False
426.27,RADAR_A,RADAR_A-T4944,PGT549U,-50392.47541148911,27101.084533362293,173.79104666634964,-62.70554803159766,14,63.76396687048744,0.6611880635625048,False
428.83,RADAR_A,RADAR_A-T4944,PGT549U,-49891.71886753796,26890.681824119918,167.745745140396,-71.06769072548884,12,85.23792469639632,1.1562054316023351,False
428.88,RADAR_B,RADAR_B-T3082,PGT549U,-50208.03680024167,26987.44469991234,171.95670648600333,-65.99279343091916,8,231.08221445419898,3.5355339059327378,False
428.91,RADAR_B,RADAR_B-T9187,HEDEF_3_MANEVRA,-64747.85906742004,-404774.42666727817,97.14153345921352,61.42178035057946,6,518.6667499430623,6.1825125572116635,False
429.12,RADAR_A,RADAR_A-T5785,HEDEF_2,339792.8979817027,27207.307376695073,-172.23431208899666,-60.491415325766006,14,300.10175770141757,0.6611880635625048,False
430.71,RADAR_C,RADAR_C-T1944,HEDEF_2,339564.906502314,27211.983739465024,-179.9159397249039,-66.16952020434594,8,355.1731398490531,3.5355339059327378,False
430.77,RADAR_C,RADAR_C-T4933,PGT549U,-49986.92115190819,26891.224914962877,181.65373128112367,-83.5077589184172,7,287.62696794075026,4.6753056338464924,False
431.18,RADAR_A,RADAR_A-T5785,HEDEF_2,339497.28241389827,26383.770075047556,-172.61129474435583,-65.33874980138307,14,299.79679340170395,0.6611880635625048,False
431.62,RADAR_A,RADAR_A-T4944,PGT549U,-49539.85493143392,26714.5004772556,174.8195103148345,-63.926848436020904,13,71.85244413308173,0.8743393107950702,False
431.67,RADAR_A,RADAR_A-T6955,HEDEF_3_MANEVRA,-64260.16184153676,-404308.2698027972,163.35277097264103,66.15049636349151,10,377.2413478120739,2.021831720409404,False
432.75,RADAR_B,RADAR_B-T3048,HEDEF_2,339112.0454728795,26802.312391169595,-169.78229692762153,-78.27878444106886,8,330.9041301050804,3.5355339059327378,False
433.64,RADAR_B,RADAR_B-T9187,HEDEF_3_MANEVRA,-64264.00793782035,-404478.2966659075,215.63258670544676,63.52878805877387,6,518.5424858472708,6.1825125572116635,False
433.89,RADAR_A,RADAR_A-T5785,HEDEF_2,339032.20883726346,26612.3794039904,-173.049963629501,-69.45247339990335,14,299.39086411503723,0.6611880635625048,False
434.1,RADAR_B,RADAR_B-T3082,PGT549U,-49225.838204390224,26565.374923601976,176.68400015378336,-58.38660962424061,11,129.09857557677256,1.528938460803196,False
434.47,RADAR_A,RADAR_A-T4944,PGT549U,-48933.85294106807,26524.465422652018,172.24529990702052,-66.99918505354941,14,62.775100718308686,0.6611880635625048,False
436.45,RADAR_A,RADAR_A-T5785,HEDEF_2,338541.74730786274,26472.64867584054,-173.1939532611077,-61.212823138230775,13,300.9516220326131,0.8743393107950702,False
436.49,RADAR_A,RADAR_A-T8051,HEDEF_3_MANEVRA,-62265.08903435346,-404068.7266230741,266.8508259132752,63.81318978864155,11,368.348769961967,1.528938460803196,False
437.35,RADAR_A,RADAR_A-T4944,PGT549U,-48518.777864212476,26308.104001013737,174.66333842505162,-63.63961749491682,14,62.413081964080746,0.6611880635625048,False
438.86,RADAR_B,RADAR_B-T3082,PGT549U,-48349.857767837086,26403.272815739612,173.86849288838042,-66.67681767807551,12,113.67367779410979,1.1562054316023351,False
438.9,RADAR_A,RADAR_A-T8051,HEDEF_3_MANEVRA,-61419.36637849069,-403348.2172792101,278.9106906694382,66.10005168732798,9,390.8862633090399,2.6736220001334834,False
439.03,RADAR_B,RADAR_B-T3048,HEDEF_2,338195.2112829682,26398.902557378173,-175.28036315024812,-62.05690567355414,10,280.5510903316027,2.021831720409404,False
439.23,RADAR_A,RADAR_A-T5785,HEDEF_2,338136.4881627385,26323.032224227147,-173.069307388395,-65.51935882238992,12,303.9250509046531,1.1562054316023351,False
439.95,RADAR_A,RADAR_A-T4944,PGT549U,-48021.352845837406,26179.39887930381,177.10375501523922,-61.06098352658,12,84.2234935726473,1.1562054316023351,False
441.34,RADAR_A,RADAR_A-T8051,HEDEF_3_MANEVRA,-60607.69092155724,-403587.4671583524,350.3023847561369,63.28732615279009,10,376.2541604203799,2.021831720409404,False
441.51,RADAR_A,RADAR_A-CL58611,CLUTTER,-324889.3613183029,-205967.19314700973,0.3789318237564893,-0.30724022705543275,6,370.9507534326998,6.1825125572116635,True
441.96,RADAR_A,RADAR_A-T4944,PGT549U,-47646.48139690713,26099.509012197894,173.87338216436933,-64.16966558553582,12,84.03822104634052,1.1562054316023351,False
442.22,RADAR_A,RADAR_A-T5785,HEDEF_2,337637.7596374043,25524.6329679131,-174.06602596936838,-68.63495553225005,12,303.460880183319,1.1562054316023351,False
443.47,RADAR_A,RADAR_A-T8051,HEDEF_3_MANEVRA,-59252.28838747957,-403657.3988264698,379.13246158691106,64.42728668063378,11,367.5425484915531,1.528938460803196,False
443.63,RADAR_C,RADAR_C-T3762,HEDEF_3_MANEVRA,-58837.108735525486,-403727.74241722253,323.85210914524475,72.92940795148878,5,639.1744051715065,8.1756070113073,False
444.03,RADAR_B,RADAR_B-T3912,HEDEF_3_MANEVRA,-59069.37038093187,-403255.87866777467,377.80391351030767,60.80716263041572,6,517.3220829897984,6.1825125572116635,False
444.07,RADAR_C,RADAR_C-T4933,PGT549U,-46933.443798374414,26422.872813758528,167.0881611852367,-45.54034746888011,6,376.1119565550249,6.1825125572116635,False
444.21,RADAR_B,RADAR_B-T3082,PGT549U,-47362.93006503262,26040.3474047329,175.292824735551,-63.261518062911286,11,127.93368655680574,1.528938460803196,False
444.77,RADAR_A,RADAR_A-T5785,HEDEF_2,337035.96551278414,26310.56739563756,-175.7567783133656,-63.257732698508086,14,297.67509557080984,0.6611880635625048,False
444.83,RADAR_C,RADAR_C-T1944,HEDEF_2,336910.8356869809,26185.484071220424,-170.44215050999549,-62.441525036446365,6,466.45578831467265,6.1825125572116635,False
445.05,RADAR_A,RADAR_A-T4944,PGT549U,-47051.8469447258,25942.504857737895,172.83644122493752,-67.31914109979755,13,70.38934465066963,0.8743393107950702,False
446.19,RADAR_A,RADAR_A-SC62965,STATIC_CLUTTER,-331692.6354610033,-102105.8651143251,1.029692734452373,-1.2262671091888717,1,1500.0,25.0,True
447.21,RADAR_A,RADAR_A-T4944,PGT549U,-46702.02028824197,25692.561201332523,175.16218244956895,-64.79673024303882,13,70.15525097626183,0.8743393107950702,False
448.45,RADAR_A,RADAR_A-T5097,HEDEF_3_MANEVRA,-56928.75342556152,-403478.45813490043,471.5289198753883,64.6338057262395,9,389.8645455188923,2.6736220001334834,False
448.85,RADAR_B,RADAR_B-T3912,HEDEF_3_MANEVRA,-56373.583205941664,-402743.6967376984,507.51920859788237,58.43889342129553,7,456.2115418890666,4.6753056338464924,False
449.65,RADAR_A,RADAR_A-T4944,PGT549U,-46294.7755963191,25562.922588917456,175.33983521504112,-65.50110207482652,13,69.89367565593128,0.8743393107950702,False
450.63,RADAR_B,RADAR_B-T3082,PGT549U,-46077.46506597181,25696.862676022443,175.07563206223836,-70.9882195728861,8,229.70469427686865,3.5355339059327378,False
451.12,RADAR_A,RADAR_A-T5097,HEDEF_3_MANEVRA,-55387.473442350136,-403166.41791335883,538.5212759912084,62.13642781503765,11,366.6879630671562,1.528938460803196,False
452.49,RADAR_A,RADAR_A-T4944,PGT549U,-45877.879042735185,25515.97012370358,182.39043134015554,-52.42506835050155,12,83.08485561877102,1.1562054316023351,False
453.07,RADAR_C,RADAR_C-T4933,PGT549U,-45807.76581149179,25503.831700635637,172.03691577601234,-63.748513100131966,9,171.66362852969036,2.6736220001334834,False
453.56,RADAR_A,RADAR_A-T5097,HEDEF_3_MANEVRA,-54557.400337293126,-402944.8175980924,603.4691791861263,57.00011574386568,9,389.33628752484196,2.6736220001334834,False
454.28,RADAR_B,RADAR_B-T7543,HEDEF_2,335122.4407133801,25563.95812241073,-185.34232864657858,-55.444225194829635,9,297.48240721039514,2.6736220001334834,False
454.56,RADAR_A,RADAR_A-T4944,PGT549U,-45464.75065857764,25331.99801210532,177.23180333561714,-59.5848499058835,13,69.36919082997144,0.8743393107950702,False
454.63,RADAR_A,RADAR_A-T7657,HEDEF_2,335274.1814577785,25265.054414118305,-176.34559591429561,-57.94301348264139,12,301.54031069239323,1.1562054316023351,False
456.7,RADAR_A,RADAR_A-T4944,PGT549U,-44864.648551889644,25234.328459837085,180.74700337836734,-57.050740117864166,12,82.71116598742067,1.1562054316023351,False
457.28,RADAR_A,RADAR_A-T7657,HEDEF_2,334891.20600631577,24710.10991556052,-175.655352696963,-63.66995516192569,14,295.7050023826459,0.6611880635625048,False
458.28,RADAR_C,RADAR_C-T4839,HEDEF_2,334812.4017674194,25399.20651107539,-177.0900804227594,-85.35335528046267,5,565.2226286778302,8.1756070113073,False
458.59,RADAR_A,RADAR_A-T6390,HEDEF_3_MANEVRA,-51391.97842547228,-402571.84396229975,667.8311731129032,64.63843018372086,11,365.8798872399217,1.528938460803196,False
458.98,RADAR_A,RADAR_A-T4944,PGT549U,-44634.81368135044,25009.063842953834,175.91011613069588,-64.57177163577222,13,68.90227581482067,0.8743393107950702,False
459.15,RADAR_A,RADAR_A-T7657,HEDEF_2,334613.3884872006,24901.68982075845,-176.640451181529,-67.7752518813312,12,300.84221274457224,1.1562054316023351,False
459.35,RADAR_B,RADAR_B-T7543,HEDEF_2,334706.8516393739,24673.178352011884,-174.8519844215907,-61.369823139968474,10,277.6185452193006,2.021831720409404,False
460.49,RADAR_B,RADAR_B-T4160,PGT549U,-44381.278981223244,24951.82283738695,171.6302401782187,-81.61147216524708,10,148.98675470052044,2.021831720409404,False
460.61,RADAR_A,RADAR_A-SC62965,STATIC_CLUTTER,-331710.071109232,-102073.42587379819,0.551666127184628,-0.30593517864002173,4,648.6736521905174,10.811227536508623,True
461.91,RADAR_A,RADAR_A-T4944,PGT549U,-44123.46777617844,24815.404001293624,176.80865069348548,-64.97417836175279,13,68.5925294090312,0.8743393107950702,False
462.81,RADAR_C,RADAR_C-T4933,PGT549U,-44154.815615304105,24809.37810666365,181.65291998647496,-68.1645237969334,9,171.2952730642381,2.6736220001334834,False
463.67,RADAR_B,RADAR_B-T7543,HEDEF_2,333728.86136998585,24774.14482336469,-174.1539269279425,-67.38859867538564,9,296.206752390954,2.6736220001334834,False
464.23,RADAR_A,RADAR_A-T9782,HEDEF_2,333530.296797106,24681.042375197132,-177.91134386190092,-59.87634132307922,14,294.59175906591565,0.6611880635625048,False
464.44,RADAR_C,RADAR_C-SC05477,STATIC_CLUTTER,55160.01237487956,53290.11903316847,-0.17750999542932622,0.024985760700537363,3,857.790551951732,14.296509199195533,True
465.16,RADAR_B,RADAR_B-T4160,PGT549U,-43720.573658292735,24657.750581647168,178.25763821482028,-59.64463649508812,9,181.8748320158751,2.6736220001334834,False
465.25,RADAR_A,RADAR_A-T4944,PGT549U,-43403.95425757344,24589.39979125454,178.06810587299051,-60.962594014071335,12,81.95018562686164,1.1562054316023351,False
466.47,RADAR_A,RADAR_A-T8006,HEDEF_3_MANEVRA,-46766.246415869624,-402179.13203117915,739.4263486106789,63.88620267617456,11,364.9153273314349,1.528938460803196,False
467.27,RADAR_A,RADAR_A-T9782,HEDEF_2,333030.0845352261,24700.410782188523,-177.02431022560947,-65.08966077368744,14,294.09255939570625,0.6611880635625048,False
467.5,RADAR_A,RADAR_A-T4944,PGT549U,-43094.487036412625,24452.619351757625,176.80379299676494,-65.0422523654563,12,81.7496701492074,1.1562054316023351,False
467.96,RADAR_C,RADAR_C-T4839,HEDEF_2,334154.4117472657,24303.09065029675,-190.84290078125483,-39.91247374201486,6,464.3618156499444,6.1825125572116635,False
468.91,RADAR_A,RADAR_A-T8006,HEDEF_3_MANEVRA,-44034.40991017862,-401934.2900732414,728.8555415879943,66.9155678620265,11,364.60489464583776,1.528938460803196,False
469.24,RADAR_B,RADAR_B-T7543,HEDEF_2,332664.4256143325,24836.376382912516,-179.48453162141848,-56.97388593251492,9,295.4260592893707,2.6736220001334834,False
469.29,RADAR_B,RADAR_B-T4160,PGT549U,-42783.938850079634,24438.9859985807,177.51107891043995,-71.13407041467767,8,228.52575864270557,3.5355339059327378,False
469.61,RADAR_A,RADAR_A-T9782,HEDEF_2,332591.01777630515,24479.760970058695,-178.51641053116208,-62.897296135122716,14,293.70871005948686,0.6611880635625048,False
470.53,RADAR_A,RADAR_A-T4944,PGT549U,-42541.66960741573,24261.328640115342,178.55735747141694,-65.0827650735526,14,58.312965955154624,0.6611880635625048,False
470.76,RADAR_C,RADAR_C-T4933,PGT549U,-42607.529975483456,24465.16905322169,189.72696275633712,-74.44994519038035,7,286.6973669785846,4.6753056338464924,False
471.13,RADAR_B,RADAR_B-T2902,HEDEF_3_MANEVRA,-43385.594001534984,-401736.4270197625,729.5331573021582,61.684413544626636,9,390.18099872831795,2.6736220001334834,False
472.25,RADAR_A,RADAR_A-T9782,HEDEF_2,332053.8603634891,24344.86870767148,-178.85110651713677,-65.18077767485953,12,298.74709702847184,1.1562054316023351,False
473.47,RADAR_A,RADAR_A-T4944,PGT549U,-42084.818805672854,24086.625361874554,182.72547883601726,-57.846663049105544,12,81.22205091586707,1.1562054316023351,False
474.7,RADAR_A,RADAR_A-T9782,HEDEF_2,331714.570398996,23683.865010944017,-179.52660026501175,-64.9787780471757,14,292.87511854278966,0.6611880635625048,False
474.96,RADAR_B,RADAR_B-T7543,HEDEF_2,331653.4834497083,24222.946567235143,-178.00769512045986,-73.73979114410633,9,294.62657388609705,2.6736220001334834,False
475.11,RADAR_B,RADAR_B-T4160,PGT549U,-41989.72121104378,24182.803774285934,179.0036283232868,-65.39358488122848,9,181.07833322509785,2.6736220001334834,False
475.12,RADAR_B,RADAR_B-SC46433,STATIC_CLUTTER,-343938.6415932291,108153.5818158791,-0.49196526355238185,0.012218792613840878,1,1500.0,25.0,True
475.41,RADAR_A,RADAR_A-T1838,HEDEF_3_MANEVRA,-39736.62191751997,-401326.8956038666,731.2340557443588,62.968124081536715,11,363.8153182099982,1.528938460803196,False
476.56,RADAR_A,RADAR_A-SC14575,STATIC_CLUTTER,-336602.67310514284,-43838.22014443091,0.0448368201264599,-0.18777709532291803,4,648.6736521905174,10.811227536508623,True
477.39,RADAR_A,RADAR_A-T4360,PGT549U,-41228.467553146285,23819.71652614349,180.99692120560468,-61.39073502121782,14,57.47116831110487,0.6611880635625048,False
478.63,RADAR_B,RADAR_B-T7543,HEDEF_2,330899.5445831963,23168.04424477997,-178.39039051272385,-58.5124225858989,10,274.7448896588924,2.021831720409404,False
479.37,RADAR_A,RADAR_A-T2714,HEDEF_2,330798.1872013086,23494.77637090851,-179.72176938588782,-60.982732473251346,13,294.1195193931465,0.8743393107950702,False
479.59,RADAR_B,RADAR_B-T4160,PGT549U,-41036.04077087294,23744.947247430275,183.18818819474475,-62.90226794148869,11,123.86647267528008,1.528938460803196,False
479.84,RADAR_A,RADAR_A-T4360,PGT549U,-40817.06977683399,23649.14748490639,181.17979841177402,-62.04719754983132,12,80.66983697949287,1.1562054316023351,False
481.79,RADAR_A,RADAR_A-T2714,HEDEF_2,330456.9623780484,23526.525769314318,-179.39401153608645,-65.88083891372412,12,297.2118985631274,1.1562054316023351,False
481.88,RADAR_A,RADAR_A-T8144,HEDEF_3_MANEVRA,-34232.49483194596,-401176.593330721,729.9572873628399,63.113482201804324,11,363.0804616148999,1.528938460803196,False
482.07,RADAR_C,RADAR_C-T4839,HEDEF_2,330799.2611940342,24084.9113003281,-173.8441150219838,-35.76113412695409,7,394.3421282697145,4.6753056338464924,False
482.26,RADAR_A,RADAR_A-T4360,PGT549U,-40305.49662638913,23468.785911648396,182.59447476757927,-60.51523375369843,14,56.881701394508205,0.6611880635625048,False
483.08,RADAR_B,RADAR_B-T8498,HEDEF_3_MANEVRA,-34721.96975365649,-401013.9357936577,725.79532241625,60.05936260993181,8,412.0873523569074,3.5355339059327378,False
483.19,RADAR_C,RADAR_C-T4933,PGT549U,-40184.65324086878,23646.47136948479,188.97608262515342,-78.02390374548894,8,219.88756848544412,3.5355339059327378,False
484.15,RADAR_C,RADAR_C-T7272,HEDEF_3_MANEVRA,-33892.04862684396,-400995.7728862341,735.7994704280732,62.98810614719483,5,635.8421630204182,8.1756070113073,False
484.27,RADAR_A,RADAR_A-T2714,HEDEF_2,329883.4003313582,23312.8225314968,-183.08264095106895,-68.31870933872099,12,296.82336116587777,1.1562054316023351,False
484.68,RADAR_A,RADAR_A-T4360,PGT549U,-39953.510074439844,23367.117652867342,182.12423475363033,-62.72257678023334,12,80.26279193582188,1.1562054316023351,False
484.71,RADAR_A,RADAR_A-T8144,HEDEF_3_MANEVRA,-32912.78978697476,-401007.4669139787,681.356309997066,64.26353032460187,11,362.82678482557486,1.528938460803196,False
484.8,RADAR_B,RADAR_B-T4160,PGT549U,-39947.24552171406,23384.874154798927,181.28790534205243,-66.81415825948285,11,123.27578649671067,1.528938460803196,False
486.25,RADAR_A,RADAR_A-T2714,HEDEF_2,329479.64150642685,22963.392310534535,-181.17800481882747,-66.42278954970318,14,291.0033359636338,0.6611880635625048,False
488.73,RADAR_A,RADAR_A-T2714,HEDEF_2,329070.78645323444,23243.854922496612,-180.4117664276119,-61.99507983680229,13,292.6310586739562,0.8743393107950702,False
489.18,RADAR_A,RADAR_A-T3390,HEDEF_3_MANEVRA,-31268.962060044538,-400501.9675064084,588.9363204938543,63.12760075437797,9,385.59975546381247,2.6736220001334834,False
489.74,RADAR_C,RADAR_C-T4839,HEDEF_2,329261.0553148912,22710.461853056324,-183.47262909166398,-67.2855381572115,9,319.2383617987868,2.6736220001334834,False
489.96,RADAR_A,RADAR_A-T3789,PGT549U,-38964.872927756405,22973.93516840861,181.34186198133312,-64.98574722362288,13,65.67365893090208,0.8743393107950702,False
490.0,RADAR_B,RADAR_B-T4160,PGT549U,-39011.6850883418,23073.65740444204,185.1983739347011,-62.79536834942306,10,146.13680157076092,2.021831720409404,False
490.96,RADAR_C,RADAR_C-T7272,HEDEF_3_MANEVRA,-30599.08488489539,-400379.46188815316,584.7600545184245,68.8557630457278,7,491.76216178525897,4.6753056338464924,False
492.94,RADAR_A,RADAR_A-T9310,HEDEF_2,328342.59586909687,22828.857398838605,-184.55397770557366,-66.58223882390874,12,295.47637176759025,1.1562054316023351,False
492.99,RADAR_B,RADAR_B-T6977,HEDEF_3_MANEVRA,-29049.59254186716,-400053.4444570324,526.3103732222661,67.96962536266133,6,511.3442950441171,6.1825125572116635,False
493.03,RADAR_C,RADAR_C-CL44150,CLUTTER,71310.91308976093,65986.66656600434,1.810183472055341,-0.3251968788371306,3,857.790551951732,14.296509199195533,True
493.12,RADAR_A,RADAR_A-T3789,PGT549U,-38393.26590210747,22825.88075312028,183.33026658384773,-62.064931905887555,12,79.58007762530949,1.1562054316023351,False
494.15,RADAR_A,RADAR_A-SC14575,STATIC_CLUTTER,-336618.69405924325,-43854.91602283787,0.4051975498777883,0.6455360083924635,2,1134.321747974356,18.905362466239264,True
494.3,RADAR_B,RADAR_B-T4160,PGT549U,-38390.81507476705,22736.00613779867,179.99744325675013,-70.43210664158366,9,179.60456281281577,2.6736220001334834,False
495.14,RADAR_A,RADAR_A-T9310,HEDEF_2,327953.95593359164,22916.757254789838,-181.90279759812648,-67.86766794909703,14,289.59531434799527,0.6611880635625048,False
495.67,RADAR_A,RADAR_A-T3789,PGT549U,-37953.80643362924,22647.456079302297,184.50404468480428,-60.15170025588962,14,55.335306681046745,0.6611880635625048,False
496.04,RADAR_B,RADAR_B-T7835,HEDEF_2,327735.5879758196,22401.102826102186,-182.88941367685857,-63.864724826186105,9,291.7463001506283,2.6736220001334834,False
497.0,RADAR_B,RADAR_B-SC55470,STATIC_CLUTTER,100517.82943003874,207763.03131575973,1.029562717371411,0.05748865838122435,3,857.790551951732,14.296509199195533,True
497.32,RADAR_A,RADAR_A-T9310,HEDEF_2,327516.5367976606,22528.810689571168,-182.49237797781277,-65.14095775918402,14,289.2496436992662,0.6611880635625048,False
497.34,RADAR_C,RADAR_C-T4839,HEDEF_2,327737.4240356648,22463.055693337774,-170.57698243106907,5.113256121577532,5,562.3012516015642,8.1756070113073,False
498.39,RADAR_B,RADAR_B-T6977,HEDEF_3_MANEVRA,-26973.04955468855,-399889.08449346205,431.2395484404816,67.71177610163178,7,449.50755002757387,4.6753056338464924,False
498.45,RADAR_B,RADAR_B-T4160,PGT549U,-37471.07824208445,22449.769984653638,181.69924862213088,-66.13348101042864,9,179.29657471470142,2.6736220001334834,False
498.46,RADAR_A,RADAR_A-T3789,PGT549U,-37401.81684045291,22474.058642188375,182.5263738774991,-66.24310052467575,13,64.85017225888895,0.8743393107950702,False
499.15,RADAR_A,RADAR_A-T3898,HEDEF_3_MANEVRA,-26197.30147373483,-399625.20622769784,407.53424702619577,69.28418144907583,9,384.8375995452216,2.6736220001334834,False
499.7,RADAR_A,RADAR_A-SC14575,STATIC_CLUTTER,-336591.9129860695,-43837.78954238818,-0.5892731538603924,0.1692419417218917,1,1500.0,25.0,True
500.41,RADAR_A,RADAR_A-T3789,PGT549U,-37069.29316488567,22368.170123193428,184.6063859497939,-65.24616491661887,13,64.66408817046253,0.8743393107950702,False
501.21,RADAR_B,RADAR_B-T7835,HEDEF_2,326853.9201660083,22200.627804288946,-183.66845811109192,-65.66470679013341,10,271.4640772721628,2.021831720409404,False
501.64,RADAR_A,RADAR_A-T9935,HEDEF_2,326754.4174355556,22178.19881818648,-183.86925629691495,-62.36679046342709,12,294.12421868489497,1.1562054316023351,False
502.37,RADAR_B,RADAR_B-SC55470,STATIC_CLUTTER,100552.24449028433,207790.30495954442,-1.0822590089703263,-0.3504428213889725,4,648.6736521905174,10.811227536508623,True
502.39,RADAR_A,RADAR_A-T3789,PGT549U,-36682.64259298624,22147.464149461608,187.9375149131253,-59.53198794094187,12,78.85199537618203,1.1562054316023351,False
503.75,RADAR_A,RADAR_A-T6907,HEDEF_3_MANEVRA,-24164.29462887145,-399810.7727173913,304.510731924341,57.83467300900705,9,384.499249830717,2.6736220001334834,False
503.79,RADAR_B,RADAR_B-T6977,HEDEF_3_MANEVRA,-24891.515005816975,-399783.9072653183,319.09007411538835,66.24718556969246,7,448.95887219836055,4.6753056338464924,False
504.3,RADAR_B,RADAR_B-T4160,PGT549U,-36739.85704542787,22192.10833086906,188.2618494560655,-46.63281584882502,9,178.86491488755473,2.6736220001334834,False
504.4,RADAR_A,RADAR_A-T3789,PGT549U,-36311.36150032201,22092.83644614963,181.00409117575026,-71.28339410931616,12,78.69681728473333,1.1562054316023351,False
504.55,RADAR_A,RADAR_A-T9935,HEDEF_2,326308.1104440093,22181.333531450655,-182.54001838986895,-70.17992890497521,14,288.1053475116369,0.6611880635625048,False
506.23,RADAR_A,RADAR_A-T3789,PGT549U,-36078.48902949321,22058.646826098986,184.68872963995287,-63.05051573465659,14,54.15226334990824,0.6611880635625048,False
506.49,RADAR_A,RADAR_A-T6907,HEDEF_3_MANEVRA,-23404.419377853745,-399462.64213345066,257.98717653144314,66.31170092818613,11,361.06754459288084,1.528938460803196,False
507.11,RADAR_C,RADAR_C-T2220,PGT549U,-35444.363718686924,22550.12660304414,200.7609686937488,-86.44113489244445,6,375.09150875255773,6.1825125572116635,False
507.46,RADAR_B,RADAR_B-SC69319,STATIC_CLUTTER,389173.0632103572,-173885.68916797818,0.06706599261779093,-0.8968950990348857,2,1134.321747974356,18.905362466239264,True
508.34,RADAR_A,RADAR_A-T3789,PGT549U,-35675.52098023745,21829.603846074777,183.141858343669,-66.97613826223636,13,63.91868810512461,0.8743393107950702,False
509.24,RADAR_A,RADAR_A-T6907,HEDEF_3_MANEVRA,-21851.026816188623,-399610.3386193526,234.9090048060263,59.69930498493401,9,384.1067837672136,2.6736220001334834,False
510.12,RADAR_A,RADAR_A-T1676,HEDEF_2,325199.5826382815,21824.31000016097,-184.4293071535291,-67.12544521894581,13,289.2677034198598,0.8743393107950702,False
510.92,RADAR_A,RADAR_A-T3789,PGT549U,-35236.28178908751,21757.410377535525,182.7489989373761,-68.20016812195149,13,63.6804563517364,0.8743393107950702,False
511.96,RADAR_B,RADAR_B-SC46433,STATIC_CLUTTER,-343920.1081825721,108119.21059305589,0.7105943469476195,-0.2159218962426677,4,648.6736521905174,10.811227536508623,True
512.25,RADAR_A,RADAR_A-T6907,HEDEF_3_MANEVRA,-21008.33131128248,-399146.7827431173,140.88284366682637,64.41955925589427,10,369.26884561614304,2.021831720409404,False
512.61,RADAR_A,RADAR_A-T1676,HEDEF_2,324851.30701659975,20939.22758155481,-184.46673479607236,-66.39975401925201,14,286.8308444185055,0.6611880635625048,False
513.3,RADAR_A,RADAR_A-T3789,PGT549U,-34764.88435598654,21422.008121374172,184.21882294143225,-66.93758579863592,14,53.37703750956226,0.6611880635625048,False
513.76,RADAR_B,RADAR_B-T4955,HEDEF_3_MANEVRA,-20237.739820114264,-399227.8786302044,121.80034789905142,65.2750896610353,7,447.97214243804655,4.6753056338464924,False
515.28,RADAR_A,RADAR_A-T3789,PGT549U,-34398.11170253479,21354.3159407309,187.49433507403015,-62.38436447521627,14,53.14836811654469,0.6611880635625048,False
515.68,RADAR_A,RADAR_A-T1676,HEDEF_2,324241.3632124995,21553.173410463358,-184.88982470185033,-70.04380141476379,14,286.32092986795385,0.6611880635625048,False
515.96,RADAR_A,RADAR_A-T2281,HEDEF_3_MANEVRA,-20311.900963269043,-398981.08004196576,101.61129002745358,68.53935449592605,9,383.703629922091,2.6736220001334834,False
516.91,RADAR_B,RADAR_B-SC46433,STATIC_CLUTTER,-343905.3591990293,108093.53668273741,-0.3788203428025496,-0.7573327761090711,2,1134.321747974356,18.905362466239264,True
518.02,RADAR_A,RADAR_A-T3789,PGT549U,-33865.50034694749,21321.308093355783,186.0467993064597,-62.94976837158322,14,52.83296473346854,0.6611880635625048,False
518.61,RADAR_C,RADAR_C-T4642,HEDEF_2,323108.3045947739,21125.223523575303,-187.08967913376415,-48.25126291390508,5,560.7464724431692,8.1756070113073,False
518.64,RADAR_C,RADAR_C-T2220,PGT549U,-34541.199502617405,20889.20093119432,185.39227224962605,-66.53617095795536,6,374.93631876329766,6.1825125572116635,False
518.72,RADAR_A,RADAR_A-T1676,HEDEF_2,323566.87055645126,20761.450622034357,-185.98601346008329,-63.53912402898105,12,291.42207946144066,1.1562054316023351,False
518.81,RADAR_B,RADAR_B-T9563,PGT549U,-34012.19221053042,21172.821707683066,187.0486235628401,-65.38154074403162,9,177.78997732070727,2.6736220001334834,False
520.19,RADAR_A,RADAR_A-T3789,PGT549U,-33459.93870494855,21058.142703859437,188.5000835454104,-62.78362372673666,13,62.7977782179006,0.8743393107950702,False
520.58,RADAR_C,RADAR_C-T3819,HEDEF_3_MANEVRA,-21323.68555308626,-397989.11393952096,46.87885148448683,64.6681707700018,5,633.9044987712982,8.1756070113073,False
521.14,RADAR_A,RADAR_A-T1676,HEDEF_2,323398.92302049085,20625.19022444254,-184.56594496922972,-68.66540839679783,12,291.02261489284354,1.1562054316023351,False
521.16,RADAR_A,RADAR_A-T2138,HEDEF_3_MANEVRA,-21862.971042431276,-398509.5180364302,40.20887448125241,66.60964622887704,11,360.181077467409,1.528938460803196,False
522.39,RADAR_B,RADAR_B-T8568,HEDEF_2,322929.08262761397,21028.377488682054,-183.58775551756895,-61.15021495312645,10,268.34048427679164,2.021831720409404,False
523.03,RADAR_A,RADAR_A-T3789,PGT549U,-32967.74206991909,20804.16665243009,184.8086291305744,-68.9237262449599,14,52.264499698566475,0.6611880635625048,False
523.91,RADAR_A,RADAR_A-T2138,HEDEF_3_MANEVRA,-22248.182929663766,-398355.94615610683,8.919230763218497,64.91369244064869,11,360.0502932146105,1.528938460803196,False
525.72,RADAR_A,RADAR_A-T2138,HEDEF_3_MANEVRA,-22882.10780727795,-397911.89806145255,-7.83343609252886,63.28814001532926,9,383.2665547534934,2.6736220001334834,False
526.06,RADAR_A,RADAR_A-T3789,PGT549U,-32385.6720394769,20663.168539445054,184.92231357560846,-67.40247871288409,14,51.92529256185667,0.6611880635625048,False
526.38,RADAR_C,RADAR_C-T2220,PGT549U,-32294.10315590283,20764.438649674572,198.36792861003264,-54.48551553482204,5,493.4803923419491,8.1756070113073,False
527.23,RADAR_A,RADAR_A-T1661,HEDEF_2,322075.2881565341,20360.398614674523,-187.13703851073203,-61.164172072285865,12,290.02003325995287,1.1562054316023351,False
528.25,RADAR_A,RADAR_A-T2138,HEDEF_3_MANEVRA,-23545.360417039446,-398054.4552284926,-42.26495736717214,67.30253691408122,11,359.8468592864402,1.528938460803196,False
529.06,RADAR_A,RADAR_A-T3789,PGT549U,-31846.35490906436,20427.773161020556,187.01806385207686,-66.4415711280559,14,51.59233679951179,0.6611880635625048,False
529.75,RADAR_A,RADAR_A-T1661,HEDEF_2,321509.12993469386,20912.74968481641,-187.26045763584105,-62.24108762243184,13,286.0263445229843,0.8743393107950702,False
530.38,RADAR_A,RADAR_A-T2138,HEDEF_3_MANEVRA,-24670.092035166,-397910.4010783035,-54.43961088869029,65.86564314888858,11,359.7478541662112,1.528938460803196,False
530.49,RADAR_B,RADAR_B-T9671,HEDEF_3_MANEVRA,-23784.18162110101,-398305.506471231,-62.64678381700092,72.82322669787294,5,601.9700213006583,8.1756070113073,False
530.75,RADAR_B,RADAR_B-T5187,PGT549U,-31632.90141754081,20434.23264671721,185.55609738260696,-75.8919153438682,11,118.20441677087373,1.528938460803196,False
531.45,RADAR_A,RADAR_A-T3789,PGT549U,-31347.463863475343,20261.90104516828,185.89233216983212,-68.57344624333099,14,51.32873243012641,0.6611880635625048,False
532.17,RADAR_A,RADAR_A-T1661,HEDEF_2,321106.560641498,20247.67622907665,-187.71527576763683,-71.18443208423398,12,289.2080054930322,1.1562054316023351,False
533.2,RADAR_A,RADAR_A-T3789,PGT549U,-30945.221217144688,20113.02025228919,180.17618854176885,-74.524246840674,13,61.590380866296755,0.8743393107950702,False
534.74,RADAR_A,RADAR_A-T1661,HEDEF_2,320592.4575556374,20174.178900993753,-186.38095865372145,-69.07907839666605,13,285.1955022257474,0.8743393107950702,False
535.25,RADAR_B,RADAR_B-T5187,PGT549U,-30838.4850771988,20033.293272946205,187.5885804557643,-63.46523731626329,12,101.24869428275115,1.1562054316023351,False
535.32,RADAR_A,RADAR_A-T3789,PGT549U,-30580.484686989275,20024.23122045092,184.79359682508647,-69.30640199639305,14,50.90792605559927,0.6611880635625048,False
535.34,RADAR_B,RADAR_B-T4013,HEDEF_2,320595.5444228444,20048.64398025585,-188.00241890379812,-70.89466007085203,11,254.2663082222287,1.528938460803196,False
535.38,RADAR_B,RADAR_B-T9671,HEDEF_3_MANEVRA,-26104.238489933414,-397258.4567487894,-121.85817566295842,68.46174631315043,8,408.26000215191135,3.5355339059327378,False
536.34,RADAR_A,RADAR_A-T1661,HEDEF_2,320356.38112813624,19764.84377515559,-187.83551563110808,-71.32367799448656,14,282.8535997252076,0.6611880635625048,False
536.65,RADAR_C,RADAR_C-SC05477,STATIC_CLUTTER,55153.80438137613,53332.45140628287,1.0043278715162056,-0.011839369688258293,3,857.790551951732,14.296509199195533,True
537.12,RADAR_A,RADAR_A-T9338,HEDEF_3_MANEVRA,-25953.161890993088,-397457.55300218,-134.1507386938261,72.76218648002651,10,368.09846104923537,2.021831720409404,False
537.33,RADAR_C,RADAR_C-T7587,HEDEF_2,320386.1497546106,20233.8188213099,-185.364423224564,-54.60152100725941,9,312.9833348621883,2.6736220001334834,False
537.63,RADAR_A,RADAR_A-T3789,PGT549U,-30189.734509629372,19829.26113238629,186.74302682365578,-68.95568026058788,14,50.659490797372854,0.6611880635625048,False
537.88,RADAR_C,RADAR_C-T2220,PGT549U,-30367.068839975404,19912.64571934485,181.94857695156878,-68.12336947989958,9,168.89332816318597,2.6736220001334834,False
538.69,RADAR_B,RADAR_B-T5187,PGT549U,-30029.275088657814,19716.34659014186,189.86681334105862,-57.97168268257891,12,100.80647173589198,1.1562054316023351,False
538.75,RADAR_A,RADAR_A-T1661,HEDEF_2,319841.43519864266,20067.907217918015,-186.690803859413,-70.72339003299084,14,282.44891309386605,0.6611880635625048,False
540.03,RADAR_A,RADAR_A-T3789,PGT549U,-29615.596737648037,19639.117557772774,184.01145204243596,-72.32263792060095,12,76.02080437831245,1.1562054316023351,False
540.5,RADAR_B,RADAR_B-SC55470,STATIC_CLUTTER,100575.41482843427,207830.54368311295,0.33466526592784035,-0.18378901961325972,2,1134.321747974356,18.905362466239264,True
541.21,RADAR_B,RADAR_B-T4013,HEDEF_2,319432.688027589,19631.849395605856,-188.43720552293277,-66.70411580333743,12,246.11761276505567,1.1562054316023351,False
541.78,RADAR_C,RADAR_C-T8202,HEDEF_3_MANEVRA,-27103.654373111494,-396848.65447229287,-120.60874919532824,66.19149084260911,3,946.7264875892952,14.296509199195533,False
543.21,RADAR_B,RADAR_B-T5187,PGT549U,-29123.016726524947,19471.125447463986,187.8047489139776,-70.72189732977755,11,116.8284299532777,1.528938460803196,False
543.34,RADAR_A,RADAR_A-SC14575,STATIC_CLUTTER,-336599.07807416713,-43826.542885236624,0.14047609198626176,0.4352626517521155,3,857.790551951732,14.296509199195533,True
544.13,RADAR_A,RADAR_A-T4042,HEDEF_3_MANEVRA,-28318.119479112087,-396785.69845679274,-208.4420247173987,69.75979330760656,11,359.12359012189575,1.528938460803196,False
544.48,RADAR_A,RADAR_A-T5580,PGT549U,-28878.91875011933,19336.54739193329,186.78324957749095,-69.09755479245365,12,75.71111550719141,1.1562054316023351,False
545.97,RADAR_A,RADAR_A-T4042,HEDEF_3_MANEVRA,-27775.72291122576,-396827.9113468297,-224.72230251227649,68.04566929767034,11,359.0420384444559,1.528938460803196,False
546.21,RADAR_B,RADAR_B-T3310,HEDEF_3_MANEVRA,-28318.275203452307,-396824.62151950295,-237.70905087002063,66.76798482623973,5,601.8021681756078,8.1756070113073,False
546.77,RADAR_A,RADAR_A-T5580,PGT549U,-28422.683118475936,19233.48874365855,186.81903299602973,-69.31443080220302,13,60.39827518800099,0.8743393107950702,False
548.29,RADAR_A,RADAR_A-T4042,HEDEF_3_MANEVRA,-28560.332449619156,-396699.2791285494,-256.2627071057247,68.71277564137364,11,358.9395667734441,1.528938460803196,False
548.39,RADAR_C,RADAR_C-T2220,PGT549U,-27933.94185549268,19558.135078393403,199.0030891301449,-75.52209641023492,6,374.57476769048856,6.1825125572116635,False
549.22,RADAR_A,RADAR_A-T5580,PGT549U,-27992.27229801492,19001.65093813482,187.81264788525414,-68.70010991631042,14,49.44383476331697,0.6611880635625048,False
550.74,RADAR_B,RADAR_B-T3310,HEDEF_3_MANEVRA,-28984.03188315562,-396597.24578672973,-277.46667928784217,61.704289887710615,8,408.02740117327346,3.5355339059327378,False
551.04,RADAR_A,RADAR_A-T5854,HEDEF_2,317568.69731544517,18915.624629091846,-188.09017521889155,-69.28096402271257,14,280.38923025228803,0.6611880635625048,False
551.05,RADAR_A,RADAR_A-T4042,HEDEF_3_MANEVRA,-29732.432417855638,-396395.87406880833,-286.43884700260685,68.86382091927095,11,358.81911124694665,1.528938460803196,False
551.67,RADAR_A,RADAR_A-T5580,PGT549U,-27409.473344731425,18842.54390262011,186.766807104395,-71.31237871069716,14,49.194082212336276,0.6611880635625048,False
552.76,RADAR_B,RADAR_B-T4530,HEDEF_2,317364.4195485148,18462.461725363537,-186.94391132931403,-71.27933403947021,11,251.49458627621283,1.528938460803196,False
553.35,RADAR_A,RADAR_A-T4042,HEDEF_3_MANEVRA,-30265.7935744844,-396252.5684434922,-306.3206703524388,67.67108517809078,9,382.09676587558624,2.6736220001334834,False
553.41,RADAR_A,RADAR_A-T5854,HEDEF_2,317074.4591114066,18800.687687825477,-188.29816235760222,-67.68479040445708,14,279.9917869884919,0.6611880635625048,False
553.9,RADAR_B,RADAR_B-T3097,PGT549U,-27333.94272044707,18762.288553734597,186.2732550959074,-61.583696928305805,10,140.28460824653288,2.021831720409404,False
554.65,RADAR_A,RADAR_A-T5580,PGT549U,-26902.93064199297,18565.117548257218,194.58882895425046,-62.663867213169056,12,75.02879827658563,1.1562054316023351,False
555.41,RADAR_C,RADAR_C-T1586,HEDEF_3_MANEVRA,-29543.823761788783,-395456.51006115123,-315.70548669638464,60.34224387384609,6,545.574306106172,6.1825125572116635,False
556.04,RADAR_A,RADAR_A-T4042,HEDEF_3_MANEVRA,-30608.145470036627,-396189.73716819915,-329.7386147405316,68.18617384879434,9,381.98819260162446,2.6736220001334834,False
556.24,RADAR_A,RADAR_A-T5854,HEDEF_2,316582.3627540195,18874.73483786823,-189.75405213803296,-69.21165260605135,13,281.61832208326564,0.8743393107950702,False
556.82,RADAR_A,RADAR_A-T5580,PGT549U,-26530.057699532666,18459.31633104819,188.82412704610078,-68.60867118197204,14,48.67717081137633,0.6611880635625048,False
557.93,RADAR_B,RADAR_B-T5234,HEDEF_3_MANEVRA,-31180.269428477986,-396480.0136946559,-314.504177966597,65.78289192454208,8,407.928817226846,3.5355339059327378,False
558.02,RADAR_A,RADAR_A-T4042,HEDEF_3_MANEVRA,-31309.81634792847,-396074.7148229927,-357.0651676462658,71.98818070604553,10,367.20152691266645,2.021831720409404,False
558.63,RADAR_C,RADAR_C-T8716,HEDEF_2,316263.1923156934,18785.486577930773,-181.014941445012,-52.01267490230123,5,557.7393461790678,8.1756070113073,False
558.79,RADAR_A,RADAR_A-T5580,PGT549U,-26132.65646031556,18322.38400556498,187.67578865085665,-66.2284163417032,13,59.403801596941165,0.8743393107950702,False
559.07,RADAR_B,RADAR_B-T4530,HEDEF_2,316025.94346299034,18571.565844332843,-189.6875701951825,-58.19105823763668,10,262.76777157876626,2.021831720409404,False
559.59,RADAR_A,RADAR_A-T7175,HEDEF_2,315933.32720973814,18235.146616995324,-189.58924508465807,-69.64092337005529,14,278.95571161708745,0.6611880635625048,False
560.26,RADAR_A,RADAR_A-T4042,HEDEF_3_MANEVRA,-30948.103694691723,-395714.2011881979,-346.69896058697265,66.88439368289255,9,381.8051408397743,2.6736220001334834,False
560.31,RADAR_B,RADAR_B-T3097,PGT549U,-26086.48995456849,18310.27569861142,186.05110052979276,-80.40233258404817,10,139.71830002303176,2.021831720409404,False
561.05,RADAR_B,RADAR_B-SC46433,STATIC_CLUTTER,-343912.02190683805,108126.36900925789,0.17827208290883534,0.6181890963472813,2,1134.321747974356,18.905362466239264,True
561.41,RADAR_A,RADAR_A-T5580,PGT549U,-25574.475619905654,18085.20708429632,181.5874999189255,-85.2702731843082,9,162.74198112809606,2.6736220001334834,False
562.79,RADAR_A,RADAR_A-T4042,HEDEF_3_MANEVRA,-30847.614167993434,-395896.0140074099,-322.95130363729083,72.41118913929216,10,366.94821013406613,2.021831720409404,False
563.89,RADAR_A,RADAR_A-T9602,HEDEF_2,314975.91346342297,17807.215724641177,-188.06759457618287,-65.32336524201733,11,290.24333125860164,1.528938460803196,False
564.05,RADAR_B,RADAR_B-T5234,HEDEF_3_MANEVRA,-31758.88680031321,-395819.47581159347,-275.0433954016055,65.72178893784204,8,407.7017977283736,3.5355339059327378,False
564.17,RADAR_A,RADAR_A-T5580,PGT549U,-25216.125698733515,18033.662530428337,184.0909098053449,-80.87046138357206,11,95.60443178814569,1.528938460803196,False
565.05,RADAR_A,RADAR_A-T4042,HEDEF_3_MANEVRA,-31244.00872726228,-395310.6033720059,-262.5970496026071,71.27748624624923,10,366.81923046045074,2.021831720409404,False
566.04,RADAR_C,RADAR_C-T8716,HEDEF_2,314711.20168679435,17970.322178544673,-196.86081694023696,-106.34284581566386,7,385.3676615097219,4.6753056338464924,False
566.21,RADAR_A,RADAR_A-SC62965,STATIC_CLUTTER,-331765.06068598037,-102078.78310048825,-0.37056511858407115,-0.8246643005335903,2,1134.321747974356,18.905362466239264,True
566.26,RADAR_A,RADAR_A-T9602,HEDEF_2,314551.51019598654,17698.078902929814,-192.52432960514707,-63.40447954350302,10,300.5195093546794,2.021831720409404,False
567.05,RADAR_A,RADAR_A-T4042,HEDEF_3_MANEVRA,-32240.590426166844,-395289.3048950176,-216.3455927107785,70.69512470875722,9,381.4310444522033,2.6736220001334834,False
567.06,RADAR_A,RADAR_A-T5580,PGT549U,-24545.109714065034,17735.429942654566,204.20722792264263,-48.03584115994714,9,162.57643296262265,2.6736220001334834,False
567.24,RADAR_B,RADAR_B-T3097,PGT549U,-24764.699935837343,17852.009739845005,189.76382531542578,-82.1997070582469,7,288.6533887890334,4.6753056338464924,False
567.92,RADAR_A,RADAR_A-T9602,HEDEF_2,314537.81285397836,17492.23952896761,-187.74036888960774,-59.576168452270096,9,318.07044480824817,2.6736220001334834,False
569.17,RADAR_A,RADAR_A-T5580,PGT549U,-24230.376050746465,17660.992493633825,188.44803366946527,-78.00977558545902,10,124.07219051921287,2.021831720409404,False
569.85,RADAR_A,RADAR_A-T4042,HEDEF_3_MANEVRA,-31920.815932026042,-395088.57140909974,-176.4477533688006,74.39989372673931,10,366.54414711737223,2.021831720409404,False
570.35,RADAR_A,RADAR_A-T9602,HEDEF_2,313549.30737417884,17626.566391596152,-190.5546751363538,-73.16656850836765,10,299.8620152874595,2.021831720409404,False
570.58,RADAR_B,RADAR_B-T1192,HEDEF_2,313733.32588492235,17603.66628231902,-193.79023049596856,-68.72560510328022,9,281.281083460782,2.6736220001334834,False
571.15,RADAR_B,RADAR_B-T3097,PGT549U,-24617.252905609887,17832.432957815945,200.57510674994538,-54.32848836686387,6,377.0116665010432,6.1825125572116635,False
572.41,RADAR_A,RADAR_A-T9602,HEDEF_2,313464.24125899986,17407.948547472777,-191.82022347787688,-64.47071995927851,11,288.8211133074919,1.528938460803196,False
572.44,RADAR_B,RADAR_B-T4347,HEDEF_3_MANEVRA,-31434.196173670418,-395341.318246313,-99.36437957352264,64.7087511054012,6,508.42874784095,6.1825125572116635,False
572.51,RADAR_A,RADAR_A-T5580,PGT549U,-23280.257214992245,17233.974864976004,190.0374690092449,-65.87626951615681,9,162.42267900581155,2.6736220001334834,False
572.7,RADAR_A,RADAR_A-T4042,HEDEF_3_MANEVRA,-31785.291552106526,-394977.77404944826,-102.27070015579547,71.32226051526871,11,357.6793220626807,1.528938460803196,False
574.58,RADAR_A,RADAR_A-T9602,HEDEF_2,313055.73326503206,17443.15978885507,-194.83598245419805,-67.81873606577909,9,317.060815468161,2.6736220001334834,False
574.68,RADAR_B,RADAR_B-T1192,HEDEF_2,313385.7249044848,17342.75530383001,-188.81433938175033,-79.75328329997777,6,436.6402612860591,6.1825125572116635,False
575.31,RADAR_A,RADAR_A-T5580,PGT549U,-22969.354514878894,17251.417941031494,190.9788356679726,-71.60624392427457,9,162.34628372230787,2.6736220001334834,False
576.1,RADAR_A,RADAR_A-T4042,HEDEF_3_MANEVRA,-31988.93910413608,-394607.88038932096,-26.720876274970454,74.3260586243333,9,380.9328515841783,2.6736220001334834,False
576.66,RADAR_B,RADAR_B-T4347,HEDEF_3_MANEVRA,-32430.70891043313,-395043.4490584666,10.680449125456011,63.351181365840034,7,446.5675316305942,4.6753056338464924,False
576.76,RADAR_A,RADAR_A-T9602,HEDEF_2,312635.5457967021,16989.16066858508,-192.62972067457773,-73.52657064580754,11,288.0965924955181,1.528938460803196,False
577.32,RADAR_B,RADAR_B-T3097,PGT549U,-22798.231096824922,17033.478623742736,184.49067769442473,-66.21204072175925,5,494.98278816843253,8.1756070113073,False
578.09,RADAR_A,RADAR_A-T5580,PGT549U,-22367.001328399543,16986.15969000161,197.7087700155118,-64.37654378298399,10,123.75197372942164,2.021831720409404,False
578.39,RADAR_A,RADAR_A-T4042,HEDEF_3_MANEVRA,-32290.696730308675,-394530.49602611695,7.602171386147998,73.75404485964697,10,366.055141388195,2.021831720409404,False
578.58,RADAR_A,RADAR_A-T9602,HEDEF_2,311988.2858269529,17006.701612270037,-193.01715764660162,-70.8478476343911,9,316.4544979665941,2.6736220001334834,False
578.74,RADAR_C,RADAR_C-T5219,PGT549U,-22579.8121080103,16848.558612432993,209.44039548436598,-84.82363754082445,3,859.2332973078913,14.296509199195533,False
581.06,RADAR_A,RADAR_A-T4042,HEDEF_3_MANEVRA,-32195.848924211095,-394192.73526627704,44.155916822801885,74.38972852339192,9,380.660214729943,2.6736220001334834,False
581.53,RADAR_B,RADAR_B-SC55470,STATIC_CLUTTER,100582.6874853832,207787.27647583096,0.6372952869439236,-0.9374630207332295,3,857.790551951732,14.296509199195533,True
581.72,RADAR_A,RADAR_A-T5580,PGT549U,-21565.59358533228,16656.318687198946,193.15314852135194,-73.81295718036793,11,94.77971583464144,1.528938460803196,False
581.95,RADAR_B,RADAR_B-T4347,HEDEF_3_MANEVRA,-31923.583636174015,-394695.87486559653,61.91816619265876,76.65960633237196,6,508.06671229275173,6.1825125572116635,False
583.16,RADAR_A,RADAR_A-T6348,HEDEF_2,311305.5963922497,16923.849374156835,-196.43970818238463,-75.73674058708826,11,287.0318712032965,1.528938460803196,False
583.38,RADAR_A,RADAR_A-T4042,HEDEF_3_MANEVRA,-32496.167061857883,-394062.9760659848,98.64265849642773,77.30969647308592,10,365.769635748731,2.021831720409404,False
584.38,RADAR_A,RADAR_A-T5580,PGT549U,-21043.475988058402,16465.157505688734,191.70552133817938,-71.93630854486295,11,94.66380217120229,1.528938460803196,False
585.29,RADAR_A,RADAR_A-T6348,HEDEF_2,310940.1112073999,15973.029695174047,-196.00868968405058,-70.32074207122946,11,286.676252749867,1.528938460803196,False
585.37,RADAR_A,RADAR_A-T4042,HEDEF_3_MANEVRA,-32231.801209990288,-393862.2698054692,143.50321930509423,69.18558102739559,11,356.9364294421269,1.528938460803196,False
586.26,RADAR_B,RADAR_B-T5490,HEDEF_2,310395.4917415508,16447.605738106187,-196.68017449848432,-38.78651354297541,6,435.5610569882778,6.1825125572116635,False
586.85,RADAR_A,RADAR_A-T5580,PGT549U,-20587.20018918793,16275.704274990636,201.19296241913395,-69.05936688473642,10,123.45748990146414,2.021831720409404,False
587.27,RADAR_C,RADAR_C-T5219,PGT549U,-20963.34762867129,16148.365787764356,214.86423352245944,-86.3492137198337,6,374.2038557063859,6.1825125572116635,False
587.83,RADAR_A,RADAR_A-T4042,HEDEF_3_MANEVRA,-31804.606343254865,-393877.8972741945,198.44867317834067,71.32785906794618,10,365.51509776941225,2.021831720409404,False
587.88,RADAR_A,RADAR_A-T6348,HEDEF_2,310379.765512607,16050.087361529379,-192.81065773953526,-70.56742807365143,9,315.0471498459596,2.6736220001334834,False
588.56,RADAR_B,RADAR_B-T1014,PGT549U,-20300.1265479083,16166.404645709103,190.61247506362832,-71.73414097593465,7,287.756484276715,4.6753056338464924,False
589.68,RADAR_A,RADAR_A-T5580,PGT549U,-19998.42197340772,16026.96601538351,199.11908166820717,-63.65014088433186,11,94.43969655611374,1.528938460803196,False
590.35,RADAR_A,RADAR_A-T4042,HEDEF_3_MANEVRA,-32278.414917285645,-393475.6207063331,230.34984220198018,69.67987778992585,10,365.3714655492534,2.021831720409404,False
590.44,RADAR_A,RADAR_A-T6348,HEDEF_2,309675.9099507153,16312.499665510515,-196.15417520659847,-62.61529827366509,11,285.8211388605304,1.528938460803196,False
590.77,RADAR_B,RADAR_B-T5490,HEDEF_2,309889.74529055477,16265.80452063031,-197.42291449694744,-66.81116554742734,8,311.0393891935385,3.5355339059327378,False
591.92,RADAR_C,RADAR_C-T5219,PGT549U,-20824.184273296254,14742.827134615349,167.13127787969742,-27.992023303083414,3,859.186682921866,14.296509199195533,False
591.92,RADAR_A,RADAR_A-T5580,PGT549U,-19691.965123790396,15943.887295251021,189.0489244022989,-78.56518274488378,9,161.92501418400337,2.6736220001334834,False
592.22,RADAR_C,RADAR_C-SC05477,STATIC_CLUTTER,55137.53581718953,53300.26430696859,0.7144424561083492,-0.05200921999016738,3,857.790551951732,14.296509199195533,True
592.71,RADAR_A,RADAR_A-T6348,HEDEF_2,309174.83000815526,16221.729676736339,-197.42462166964052,-62.852144142912906,10,296.2740689480631,2.021831720409404,False
594.94,RADAR_A,RADAR_A-T6348,HEDEF_2,309027.25941597467,15809.701946781443,-195.50810410480688,-67.72921479843924,11,285.0720400185891,1.528938460803196,False
595.06,RADAR_A,RADAR_A-T1600,HEDEF_3_MANEVRA,-32932.38211189284,-393317.8199370158,352.73709930733855,72.41296017055942,10,365.1020677776631,2.021831720409404,False
595.23,RADAR_A,RADAR_A-T5580,PGT549U,-19030.496713923265,15767.147690508207,195.38636937787692,-72.43230915546354,11,94.21518104169675,1.528938460803196,False
595.44,RADAR_B,RADAR_B-SC46433,STATIC_CLUTTER,-343930.7552184049,108111.07028770764,0.3567210291825987,-0.16187249728949768,3,857.790551951732,14.296509199195533,True
596.32,RADAR_B,RADAR_B-T1443,PGT549U,-18025.25548972215,15408.003995637988,194.09389507882713,-79.54595837986605,6,376.2141678229481,6.1825125572116635,False
597.47,RADAR_A,RADAR_A-T6348,HEDEF_2,308679.88230397645,15532.80076603415,-198.35252014681765,-73.40569476779277,11,284.65114753897836,1.528938460803196,False
597.82,RADAR_A,RADAR_A-T5580,PGT549U,-18488.544895792562,15641.263158377442,194.15292864094542,-74.3654346873488,11,94.11386924875112,1.528938460803196,False
599.58,RADAR_A,RADAR_A-T6348,HEDEF_2,307982.00020146347,15102.592912093478,-196.62178387856224,-74.69293653171545,10,295.1673858596333,2.021831720409404,False
600.3,RADAR_A,RADAR_A-T3822,HEDEF_3_MANEVRA,-31634.470541114442,-392818.9821575202,451.13580520103466,72.48055708797924,11,355.9576377764069,1.528938460803196,False
600.67,RADAR_A,RADAR_A-T5580,PGT549U,-17869.67070687552,15314.267654815234,202.63065448359703,-71.56393255290463,9,161.72430086491127,2.6736220001334834,False
600.81,RADAR_C,RADAR_C-T5219,PGT549U,-17819.36540602651,15649.824466897502,189.46083855952187,-71.77189783142168,6,374.1042534609776,6.1825125572116635,False
601.77,RADAR_B,RADAR_B-T1443,PGT549U,-17691.73336855745,15320.492627723606,194.83469176455293,-82.86836967627247,9,171.87216481272768,2.6736220001334834,False
602.51,RADAR_B,RADAR_B-SC46433,STATIC_CLUTTER,-343962.0993665651,108112.6045928076,0.22551193556021515,-0.21488721653459117,1,1500.0,25.0,True
602.51,RADAR_B,RADAR_B-SC69319,STATIC_CLUTTER,389159.32826132607,-173924.5754848666,-0.33704839300787426,-0.0016763155606239425,3,857.790551951732,14.296509199195533,True
603.12,RADAR_A,RADAR_A-T5580,PGT549U,-17399.523748213276,15096.298145629866,199.74822600817572,-72.61033403138538,12,72.22214328908673,1.1562054316023351,False
603.65,RADAR_C,RADAR_C-SC05477,STATIC_CLUTTER,55147.667826645076,53307.95252402026,0.5708477023397505,-0.2597144372404883,2,1134.321747974356,18.905362466239264,True
604.65,RADAR_A,RADAR_A-T1735,HEDEF_3_MANEVRA,-30114.265337922952,-392541.10227813333,548.0688002407451,77.25297451850636,11,355.5410481269344,1.528938460803196,False
605.9,RADAR_A,RADAR_A-T6830,HEDEF_2,306779.4786451741,14746.817608423256,-197.84172997788528,-82.18463194478723,10,294.1358183861241,2.021831720409404,False
606.11,RADAR_A,RADAR_A-T5580,PGT549U,-16879.756393023476,14954.299335405596,195.98506253777134,-81.24661199037743,9,161.60513044220426,2.6736220001334834,False
606.54,RADAR_B,RADAR_B-T1443,PGT549U,-17143.309018824446,14959.51957349262,202.93015396230211,-63.39813655881607,6,375.9006504540437,6.1825125572116635,False
606.92,RADAR_C,RADAR_C-T7062,HEDEF_3_MANEVRA,-28900.027906650073,-393292.9537522597,506.11607117084907,89.16961048819547,5,630.851949654222,8.1756070113073,False
608.07,RADAR_A,RADAR_A-T6830,HEDEF_2,306324.05727706884,14865.991995336062,-200.72164278698295,-82.23432275435209,9,311.9716609022147,2.6736220001334834,False
608.83,RADAR_C,RADAR_C-T5219,PGT549U,-16287.763737717289,15073.119958901785,244.1285418845383,-101.30935931709558,5,492.88805006731917,8.1756070113073,False
608.95,RADAR_B,RADAR_B-T1443,PGT549U,-16067.587620919337,14653.491233266202,197.70431335673376,-84.89083456910843,9,171.39335837470915,2.6736220001334834,False
609.24,RADAR_A,RADAR_A-T5580,PGT549U,-16134.953170606184,14621.872284579968,192.9962116300029,-92.07090508996284,10,122.7885086466768,2.021831720409404,False
609.84,RADAR_A,RADAR_A-T6830,HEDEF_2,305954.5301685426,14625.051518382004,-195.64572455347133,-91.76995588202587,10,293.5061766370642,2.021831720409404,False
609.89,RADAR_C,RADAR_C-T8366,HEDEF_2,306544.7348418631,14746.68229957785,-202.29879574831853,-101.86293400960881,7,380.5324008305107,4.6753056338464924,False
611.97,RADAR_B,RADAR_B-T6612,HEDEF_3_MANEVRA,-24791.779098811443,-391867.4086000914,669.0671069659525,88.6561162380853,9,379.5368855832355,2.6736220001334834,False
612.22,RADAR_A,RADAR_A-T5580,PGT549U,-15564.873301771098,14291.720827579851,196.76943472621474,-93.59934016922902,11,93.57445799950757,1.528938460803196,False
613.36,RADAR_A,RADAR_A-T8178,HEDEF_3_MANEVRA,-23686.402982566382,-392037.44101013086,681.3467411629631,102.18972061159775,9,378.2038595981514,2.6736220001334834,False
614.43,RADAR_A,RADAR_A-T5580,PGT549U,-15033.20007820049,14012.484626049745,189.1019308151698,-100.31811764154558,10,122.6458864318782,2.021831720409404,False
615.51,RADAR_C,RADAR_C-T5219,PGT549U,-15521.892797390117,13610.651558476544,50.25464813713315,0.9318075108217627,3,859.1282904956976,14.296509199195533,False
615.89,RADAR_B,RADAR_B-T3289,HEDEF_2,305296.2335677075,14125.160085491174,-191.31417527190465,-129.10858126917833,6,432.828669450757,6.1825125572116635,False
615.92,RADAR_A,RADAR_A-T3107,HEDEF_2,304801.4275811651,13942.810287680466,-186.13983070309348,-124.9379305038726,9,310.8199880839202,2.6736220001334834,False
616.12,RADAR_A,RADAR_A-T8178,HEDEF_3_MANEVRA,-21670.036284388454,-391477.4280790367,723.7025992744019,106.20917681877864,11,354.21781789456253,1.528938460803196,False
616.38,RADAR_A,RADAR_A-T5580,PGT549U,-14594.60863353513,13697.457944408892,188.33558485432656,-101.98783634609146,9,161.3891351676864,2.6736220001334834,False
617.19,RADAR_B,RADAR_B-T6612,HEDEF_3_MANEVRA,-21396.505557167853,-391205.61309823836,728.0663527045134,106.35233963354962,9,378.57506839756235,2.6736220001334834,False
618.4,RADAR_A,RADAR_A-T3107,HEDEF_2,304193.1647672195,13673.825338552078,-176.37313591775245,-103.67332609578797,9,310.4621095506102,2.6736220001334834,False
619.3,RADAR_A,RADAR_A-T5580,PGT549U,-14194.079250281213,13511.991378797295,192.95380163447658,-105.14269298580525,10,122.51321445045036,2.021831720409404,False
620.63,RADAR_A,RADAR_A-T3107,HEDEF_2,303872.3823513454,13011.352449294043,-179.90731963211562,-117.91850634410805,10,291.86355745432866,2.021831720409404,False
621.1,RADAR_B,RADAR_B-SC69319,STATIC_CLUTTER,389184.2085241848,-173885.24064452204,-0.12206347088474707,-0.6028342104417438,3,857.790551951732,14.296509199195533,True
621.38,RADAR_B,RADAR_B-T3289,HEDEF_2,303715.1464068173,14099.96825654115,-184.95316967693986,-114.49267444347704,6,432.3623387725356,6.1825125572116635,False
622.07,RADAR_A,RADAR_A-SC14575,STATIC_CLUTTER,-336597.6905229297,-43846.26819384337,0.29302085451979526,-0.21280215432446767,4,648.6736521905174,10.811227536508623,True
622.09,RADAR_A,RADAR_A-T5580,PGT549U,-13782.74086614014,13201.517247483867,175.82749766446676,-124.25258200500676,9,161.27737341955637,2.6736220001334834,False
622.22,RADAR_B,RADAR_B-T7434,PGT549U,-13613.217272899703,13138.227715876143,182.89340159711648,-137.98000316041995,6,375.44670624563173,6.1825125572116635,False
623.67,RADAR_A,RADAR_A-T3153,HEDEF_3_MANEVRA,-16496.296312181064,-390432.27857970016,768.5560899776331,123.83719949291168,11,353.22249791016225,1.528938460803196,False
623.69,RADAR_B,RADAR_B-T6612,HEDEF_3_MANEVRA,-16786.820808435652,-389919.0875581385,738.903715581091,141.60050921608286,5,597.7026027026452,8.1756070113073,False
624.66,RADAR_A,RADAR_A-SC14575,STATIC_CLUTTER,-336613.69772824435,-43811.61652938818,-0.1837411301365427,0.7196854972860813,4,648.6736521905174,10.811227536508623,True
624.95,RADAR_A,RADAR_A-T5580,PGT549U,-13263.748672784688,12791.860335903128,173.01044516264662,-136.70035345851858,10,122.37511190060833,2.021831720409404,False
626.4,RADAR_A,RADAR_A-T3153,HEDEF_3_MANEVRA,-14478.553156817015,-389924.84723646205,752.0087078502836,129.53070143200665,11,352.83261077865217,1.528938460803196,False
626.93,RADAR_B,RADAR_B-T3289,HEDEF_2,302953.80379219196,12719.652939550986,-174.3248915070416,-118.63442703463105,8,306.5126631762585,3.5355339059327378,False
627.38,RADAR_A,RADAR_A-T5580,PGT549U,-12787.56453400013,12399.285120930834,178.12067687277056,-125.50295305284416,11,93.05829844278881,1.528938460803196,False
627.4,RADAR_A,RADAR_A-T9109,HEDEF_2,302971.32407481637,12218.85454439184,-171.0683995593902,-128.67079344562,10,290.91856734248387,2.021831720409404,False
628.73,RADAR_A,RADAR_A-T3153,HEDEF_3_MANEVRA,-12406.406350121935,-389773.49731753796,754.8647613935703,130.28635076043682,10,361.3236455952669,2.021831720409404,False
629.54,RADAR_A,RADAR_A-T9109,HEDEF_2,302358.16706267605,11837.890808463693,-166.20126619222262,-135.13183655237378,10,290.6088412235964,2.021831720409404,False
629.82,RADAR_A,RADAR_A-T5580,PGT549U,-12394.813830103005,12083.223479180671,181.0129679169684,-114.84330021466452,10,122.25167533324657,2.021831720409404,False
631.53,RADAR_A,RADAR_A-T3153,HEDEF_3_MANEVRA,-10394.601159628244,-389531.27682782867,751.3141232814764,134.06362275898405,10,360.95590554447676,2.021831720409404,False
632.04,RADAR_A,RADAR_A-T9109,HEDEF_2,301929.32833289,11441.059740365872,-159.9944799322242,-138.75141457225172,11,279.21992834753723,1.528938460803196,False
632.16,RADAR_A,RADAR_A-T5580,PGT549U,-11888.115855524826,11658.161497309071,168.79959870658385,-133.0190417274817,9,161.09193226046975,2.6736220001334834,False
632.66,RADAR_B,RADAR_B-T3289,HEDEF_2,301394.92921550054,11648.454350172296,-165.94462495005968,-169.39170247111883,6,431.4642383243886,6.1825125572116635,False
633.23,RADAR_B,RADAR_B-T4815,HEDEF_3_MANEVRA,-9688.504481249365,-389413.2371443279,756.4616931087426,130.57679319808273,7,440.2774399025978,4.6753056338464924,False
633.75,RADAR_A,RADAR_A-T3153,HEDEF_3_MANEVRA,-8810.124937337934,-389264.7587969069,746.610451143926,135.20988830793374,10,360.6897967120961,2.021831720409404,False
633.95,RADAR_B,RADAR_B-T1738,PGT549U,-11768.939661472446,11653.265958260807,155.8642892984341,-149.65056444142323,7,286.0350701153366,4.6753056338464924,False
634.68,RADAR_A,RADAR_A-T9109,HEDEF_2,301447.6412982622,11617.469130000618,-165.7901531487619,-120.74111472511227,9,308.3687308260598,2.6736220001334834,False
635.05,RADAR_A,RADAR_A-T5580,PGT549U,-11546.618662719296,11350.50974893276,166.94921791558153,-136.00640671375032,9,161.04717933127364,2.6736220001334834,False
635.78,RADAR_A,RADAR_A-T3153,HEDEF_3_MANEVRA,-6863.621361616144,-389001.69308362005,742.4416478811431,137.5460394708605,11,351.60264414669655,1.528938460803196,False
637.24,RADAR_A,RADAR_A-T9109,HEDEF_2,301052.37251353485,11240.411312123737,-164.4276426794613,-136.51332497181807,10,289.62800868899706,2.021831720409404,False
637.39,RADAR_B,RADAR_B-T1738,PGT549U,-11257.120765863612,11194.426789053417,164.53936949908046,-143.52943112188973,8,219.2367894108728,3.5355339059327378,False
637.55,RADAR_A,RADAR_A-T5580,PGT549U,-11137.674717478465,11002.160744240115,164.5488795138049,-134.26276147192436,11,92.76500798266996,1.528938460803196,False
638.16,RADAR_B,RADAR_B-T3289,HEDEF_2,300334.83549689973,10994.221713220384,-171.8532513230932,-183.832138067856,5,537.437241904195,8.1756070113073,False
638.77,RADAR_B,RADAR_B-T4815,HEDEF_3_MANEVRA,-5857.115293280469,-388363.7947912967,666.2890673269011,150.46209389457238,6,502.0090243154623,6.1825125572116635,False
638.85,RADAR_A,RADAR_A-T3153,HEDEF_3_MANEVRA,-5758.535963506573,-388657.9902326619,689.8922553152781,136.5658670816504,10,360.0777532203736,2.021831720409404,False
639.92,RADAR_A,RADAR_A-T5580,PGT549U,-10798.937022680528,10734.862281542992,158.19466739857992,-138.46486856104403,9,160.97003741647035,2.6736220001334834,False
640.77,RADAR_B,RADAR_B-T1738,PGT549U,-10092.550476001714,10625.646275135578,151.1190166376587,-194.26173617883012,6,374.9741745932993,6.1825125572116635,False
643.22,RADAR_A,RADAR_A-T8807,HEDEF_2,299992.6593031269,10613.20408027598,-162.87328136120624,-133.80186304616112,10,288.8215347587595,2.021831720409404,False
643.57,RADAR_B,RADAR_B-T3289,HEDEF_2,299957.5363692591,10251.320513687551,-165.15173172850783,-119.58286156777892,6,430.6483556635426,6.1825125572116635,False
643.76,RADAR_B,RADAR_B-SC46433,STATIC_CLUTTER,-343932.59829601215,108105.83097484065,0.9828221837889001,-0.5371822602520254,4,648.6736521905174,10.811227536508623,True
644.59,RADAR_A,RADAR_A-T8245,PGT549U,-9934.259292882776,9978.505346930599,166.4207807979251,-128.99310322680844,9,160.89935976938244,2.6736220001334834,False
644.66,RADAR_A,RADAR_A-T2145,HEDEF_3_MANEVRA,-2772.743421585776,-387593.6439711779,580.3975851611395,138.87921644577787,11,350.5035246731036,1.528938460803196,False
645.14,RADAR_B,RADAR_B-T1738,PGT549U,-10050.501230203801,10139.662466146823,162.11446906841667,-157.0853082516319,7,285.6760590413578,4.6753056338464924,False
647.16,RADAR_A,RADAR_A-T8245,PGT549U,-9637.154807074623,9735.28779052259,163.6065838377898,-139.47817185067473,14,41.43535637887323,0.6611880635625048,False
647.33,RADAR_A,RADAR_A-SC62965,STATIC_CLUTTER,-331733.0699041964,-102135.25248280058,0.8907183491583237,-0.10205583322749799,3,857.790551951732,14.296509199195533,True
647.72,RADAR_B,RADAR_B-T3289,HEDEF_2,299622.2728843994,10253.592461661261,-164.11986777679058,-147.16312491809666,8,304.26839354758084,3.5355339059327378,False
648.81,RADAR_A,RADAR_A-T9017,HEDEF_2,299264.2547308862,9755.568308581634,-164.43373114832318,-138.09992592990858,13,266.49814012187545,0.8743393107950702,False
649.67,RADAR_A,RADAR_A-T6686,HEDEF_3_MANEVRA,-21.124728239099817,-386840.7615789927,490.9186031207592,138.5776043454823,10,358.7896457690663,2.021831720409404,False
649.71,RADAR_C,RADAR_C-SC05477,STATIC_CLUTTER,55161.518295213915,53311.23669661913,0.042935650949524215,0.45859469222097216,1,1500.0,25.0,True
650.3,RADAR_A,RADAR_A-T8245,PGT549U,-9078.584140871439,9252.890401260258,164.16127222187615,-138.59886121139093,14,41.267953947458224,0.6611880635625048,False
650.82,RADAR_B,RADAR_B-T1738,PGT549U,-9247.33179856414,9286.955873579376,166.7026025321742,-136.96607593165106,9,168.97018826822224,2.6736220001334834,False
651.27,RADAR_A,RADAR_A-T9017,HEDEF_2,298891.62057634006,9444.691740900184,-165.2563875094447,-138.7822186494741,13,266.1405570780226,0.8743393107950702,False
651.38,RADAR_C,RADAR_C-T3275,HEDEF_3_MANEVRA,17.884917500361553,-386392.5609512812,440.3726305645716,138.10011076234713,6,538.3738413919233,6.1825125572116635,False
651.56,RADAR_A,RADAR_A-T6686,HEDEF_3_MANEVRA,739.1138005045292,-386485.0205403644,462.94165213999975,143.58317879221323,9,373.6178651029043,2.6736220001334834,False
652.66,RADAR_B,RADAR_B-T4325,HEDEF_3_MANEVRA,983.5451712657887,-386821.7579365473,434.94533018417764,138.03410197090383,9,372.10650745620273,2.6736220001334834,False
652.96,RADAR_A,RADAR_A-T8245,PGT549U,-8604.195089587527,8856.880419240943,168.1121680609219,-135.74625146275815,13,53.57389252313734,0.8743393107950702,False
653.13,RADAR_B,RADAR_B-T3289,HEDEF_2,298533.9689350093,8906.5009517964,-165.10943689527824,-130.56839920581447,11,235.87939408647324,1.528938460803196,False
653.86,RADAR_A,RADAR_A-T6686,HEDEF_3_MANEVRA,1369.8377761865936,-386210.55366865447,403.86720273642305,141.72273617623102,9,373.36437967906556,2.6736220001334834,False
654.01,RADAR_A,RADAR_A-T9017,HEDEF_2,298454.1302864,8770.653226864239,-164.35069271458846,-139.50518631679103,14,263.51809057282827,0.6611880635625048,False
654.21,RADAR_B,RADAR_B-T1738,PGT549U,-8651.432058498714,8903.63046191159,156.4383379660412,-121.84208402785887,8,218.53365538014924,3.5355339059327378,False
654.47,RADAR_C,RADAR_C-T1906,PGT549U,-8668.731994902055,8807.658986531773,140.6910336732236,-134.0728077875511,7,284.7911389102886,4.6753056338464924,False
655.01,RADAR_A,RADAR_A-T8245,PGT549U,-8322.594712161032,8594.867239973357,160.61994502951256,-142.09965191469746,14,41.03157559096693,0.6611880635625048,False
655.56,RADAR_A,RADAR_A-T6686,HEDEF_3_MANEVRA,2667.1853739454623,-386059.62551269063,374.23449191362204,137.74158680357084,11,349.2051534759741,1.528938460803196,False
655.89,RADAR_A,RADAR_A-T9017,HEDEF_2,298111.05181557394,8651.506328520294,-164.5633795541375,-140.7649864311066,13,265.4728151014001,0.8743393107950702,False
657.24,RADAR_A,RADAR_A-T8245,PGT549U,-7962.394659747807,8304.199384982376,162.48146661186897,-140.84851392787004,14,40.92654822902228,0.6611880635625048,False
657.97,RADAR_A,RADAR_A-T6686,HEDEF_3_MANEVRA,3055.096677354097,-385543.49314825697,347.37901174711334,138.40339728589925,11,348.9257462442916,1.528938460803196,False
658.35,RADAR_B,RADAR_B-T3289,HEDEF_2,297579.0780355771,8572.434488764322,-164.52894645956252,-159.14874612000298,9,269.47439985742295,2.6736220001334834,False
658.5,RADAR_B,RADAR_B-T4325,HEDEF_3_MANEVRA,3543.9382948155035,-385333.63121389376,303.6324421918936,140.95378126703983,5,593.8617914781541,8.1756070113073,False
659.39,RADAR_A,RADAR_A-T8245,PGT549U,-7627.292104904402,8024.288598442437,162.11833251425455,-140.87901290531966,13,53.340794742199336,0.8743393107950702,False
660.01,RADAR_B,RADAR_B-T1738,PGT549U,-7652.176002435823,7998.161793759588,164.46708473153362,-130.3820798116188,10,131.8014472360655,2.021831720409404,False
660.47,RADAR_A,RADAR_A-T6686,HEDEF_3_MANEVRA,4436.900418944512,-385688.4153969267,295.4555073655636,137.03861012524237,9,372.6491837274926,2.6736220001334834,False
661.05,RADAR_A,RADAR_A-T9975,HEDEF_2,297272.43916164554,7750.093472792339,-165.2949830423493,-142.6369147813917,12,268.58982408480534,1.1562054316023351,False
661.64,RADAR_A,RADAR_A-T8245,PGT549U,-7163.724676792314,7627.557216401003,165.99344201744213,-137.57644178331918,12,69.98329595551073,1.1562054316023351,False
662.31,RADAR_B,RADAR_B-T3289,HEDEF_2,296932.3113336513,7563.007385210217,-164.12803673156617,-140.53668002639108,11,234.60718958797932,1.528938460803196,False
662.4,RADAR_B,RADAR_B-SC69319,STATIC_CLUTTER,389205.379247327,-173898.07731922134,0.5891243161669901,0.4428882818731915,2,1134.321747974356,18.905362466239264,True
662.67,RADAR_A,RADAR_A-T6686,HEDEF_3_MANEVRA,5838.130839213848,-385071.96292777127,252.61989137048334,136.64721487652818,10,357.3183865874964,2.021831720409404,False
662.82,RADAR_A,RADAR_A-SC62965,STATIC_CLUTTER,-331748.65850785165,-102054.91945081108,0.22949338489984622,-0.6957476009804849,3,857.790551951732,14.296509199195533,True
663.37,RADAR_A,RADAR_A-T9975,HEDEF_2,296814.7935485188,7805.388279145457,-165.2055302170129,-141.66437558287097,14,262.15474111775137,0.6611880635625048,False
663.63,RADAR_A,RADAR_A-T8245,PGT549U,-6845.85416141727,7341.575422777492,164.8135672271032,-140.21403518664323,14,40.64712864876771,0.6611880635625048,False
664.7,RADAR_C,RADAR_C-T1906,PGT549U,-6908.962138541709,7496.478176943332,197.9532817732906,-164.73773471087236,6,374.2664330839771,6.1825125572116635,False
664.77,RADAR_A,RADAR_A-T6686,HEDEF_3_MANEVRA,6460.969408666462,-384832.2051840616,214.40013535650507,140.15810995414276,11,348.15459820917465,1.528938460803196,False
665.1,RADAR_C,RADAR_C-T3275,HEDEF_3_MANEVRA,6985.792018960261,-385509.8817441672,106.12836195375318,159.1014859213473,4,756.0321244508152,10.811227536508623,False
665.35,RADAR_A,RADAR_A-T9975,HEDEF_2,296467.90283007914,7008.157264718892,-163.08402993537612,-140.32521817428704,12,267.97962883103753,1.1562054316023351,False
665.59,RADAR_A,RADAR_A-T8245,PGT549U,-6559.36703245279,7093.0189101155975,165.2767014020607,-137.3076112948487,14,40.56820222884542,0.6611880635625048,False
666.72,RADAR_C,RADAR_C-T8787,HEDEF_2,296584.7056688397,7174.469687089375,-168.28308903502432,-149.0899553774836,9,296.99561564280515,2.6736220001334834,False
666.76,RADAR_B,RADAR_B-T3289,HEDEF_2,296394.1479546289,6797.091996535383,-163.77909066989682,-140.3718917837704,11,233.99300089916102,1.528938460803196,False
666.84,RADAR_A,RADAR_A-T6686,HEDEF_3_MANEVRA,7739.2842656926905,-384510.60079992405,174.22992657063475,139.83639711580244,11,347.92469934545,1.528938460803196,False
667.61,RADAR_A,RADAR_A-SC62965,STATIC_CLUTTER,-331732.17385733174,-102070.41275801994,0.8739520727739437,0.14102285549687982,1,1500.0,25.0,True
667.82,RADAR_A,RADAR_A-T9975,HEDEF_2,296160.3518088573,7001.300496378869,-163.99506013822477,-136.8317129425007,12,267.6280411091524,1.1562054316023351,False
669.45,RADAR_A,RADAR_A-T6686,HEDEF_3_MANEVRA,9017.345611727635,-384145.81098555337,137.5771342159265,138.6212647907826,9,371.7102917203688,2.6736220001334834,False
670.56,RADAR_A,RADAR_A-T9975,HEDEF_2,295685.55043218425,6551.6696844495855,-163.57850949612012,-136.28234530654564,13,263.34527713127613,0.8743393107950702,False
670.87,RADAR_A,RADAR_A-T5844,PGT549U,-5685.644129621927,6371.930113564644,159.17677963939772,-144.56379528156492,14,40.368514109014,0.6611880635625048,False
671.35,RADAR_B,RADAR_B-T9784,PGT549U,-5713.927365521282,6391.611875465132,167.18689306296065,-141.74199089803932,9,167.91727081717923,2.6736220001334834,False
672.78,RADAR_C,RADAR_C-T1906,PGT549U,-5562.676660285604,6424.7196846482475,177.54204040518138,-140.0310660358623,8,217.9932547975987,3.5355339059327378,False
672.9,RADAR_A,RADAR_A-T9975,HEDEF_2,295138.209837936,6288.862515606649,-163.8277284465124,-140.66448263661292,14,260.7363606904883,0.6611880635625048,False
673.76,RADAR_A,RADAR_A-T5844,PGT549U,-5224.044056348826,5973.5986660020135,159.23548896926252,-146.6252263591183,13,52.91115077107608,0.8743393107950702,False
674.21,RADAR_C,RADAR_C-T3275,HEDEF_3_MANEVRA,9278.44765263653,-383578.3732366177,65.31535057168824,150.51533538901313,4,755.4211750383299,10.811227536508623,False
674.5,RADAR_A,RADAR_A-T9975,HEDEF_2,294822.73134477885,5766.02867575232,-162.82928135111445,-141.5202780586004,12,266.6337776318249,1.1562054316023351,False
675.35,RADAR_A,RADAR_A-T6047,HEDEF_3_MANEVRA,9016.491319416515,-383179.8327760472,-15.530827881895876,141.70431378242264,11,346.881353153032,1.528938460803196,False
675.52,RADAR_B,RADAR_B-T5751,HEDEF_2,294809.39066336956,5760.169458689865,-163.24259397437447,-132.83352102255694,11,232.73582762413176,1.528938460803196,False
676.1,RADAR_A,RADAR_A-T5844,PGT549U,-4765.560855158448,5575.368662278894,171.00281108013672,-135.20245907537733,13,52.852035685041024,0.8743393107950702,False
676.89,RADAR_A,RADAR_A-T9975,HEDEF_2,294658.5934309578,4875.273079519234,-161.55282827497692,-137.59788940585506,13,262.3771967108357,0.8743393107950702,False
677.3,RADAR_A,RADAR_A-T6047,HEDEF_3_MANEVRA,8625.043604640663,-382919.2814405047,-41.97350296733575,141.3600882482191,10,355.60319579168123,2.021831720409404,False
677.63,RADAR_B,RADAR_B-T9784,PGT549U,-4452.361112655839,5353.409885946202,158.47268037839922,-144.52953129715596,9,167.59368527620288,2.6736220001334834,False
678.13,RADAR_A,RADAR_A-T5844,PGT549U,-4396.60037333151,5245.705328158177,161.44893263874985,-142.41046584223534,14,40.12504403072596,0.6611880635625048,False
678.61,RADAR_C,RADAR_C-T1906,PGT549U,-4425.7234849311135,5515.202551599876,153.22886418108112,-139.09031395451893,8,218.0883258377461,3.5355339059327378,False
680.45,RADAR_A,RADAR_A-T5844,PGT549U,-4001.5155581658823,4917.307506331121,158.31003864201514,-143.46632901466106,14,40.058259408520925,0.6611880635625048,False
680.5,RADAR_B,RADAR_B-T5751,HEDEF_2,294259.91634600615,5027.440311914331,-161.94634220521849,-162.07613522680595,8,300.6873481142233,3.5355339059327378,False
681.23,RADAR_B,RADAR_B-T5232,HEDEF_3_MANEVRA,8406.021349918497,-382056.8546611383,-123.74939807568741,143.39340253640873,9,368.1311013231809,2.6736220001334834,False
681.61,RADAR_B,RADAR_B-T9784,PGT549U,-3989.542460329918,4846.223795993469,165.73940849005038,-113.57395674162177,8,217.4550925682269,3.5355339059327378,False
682.3,RADAR_A,RADAR_A-T6449,HEDEF_2,293650.6253590335,4302.786069727434,-162.0206124121359,-148.0389140258186,12,265.46129037008,1.1562054316023351,False
682.55,RADAR_C,RADAR_C-T1906,PGT549U,-3982.726112655755,4359.518119887041,187.8504282871895,-150.53719220470072,6,374.4282450918851,6.1825125572116635,False
683.41,RADAR_A,RADAR_A-T5844,PGT549U,-3506.5772577487764,4491.753083096089,155.96213121225642,-143.03171281744062,12,69.54981912105292,1.1562054316023351,False
684.13,RADAR_B,RADAR_B-T5232,HEDEF_3_MANEVRA,8396.732880268239,-382121.6780182331,-162.57030044701443,144.58183669915286,5,591.7481924244914,8.1756070113073,False
685.74,RADAR_A,RADAR_A-T5844,PGT549U,-3090.514527070286,4095.2202936681465,159.96533322952604,-147.00740863458884,11,91.84887522764359,1.528938460803196,False
685.9,RADAR_B,RADAR_B-T5751,HEDEF_2,293460.8523400508,4167.026355464209,-159.3487322202109,-145.15975857576507,8,300.10605985440634,3.5355339059327378,False
685.97,RADAR_A,RADAR_A-T5440,HEDEF_2,292991.30648181937,3796.1198004047988,-158.95783632215645,-138.8365984038329,11,271.67654108050823,1.528938460803196,False
686.8,RADAR_C,RADAR_C-T7169,HEDEF_2,293519.1151433711,3799.518310199317,-158.17645313723932,-156.69150758086704,6,445.9339069521764,6.1825125572116635,False
687.21,RADAR_B,RADAR_B-T9784,PGT549U,-3298.433120626207,4014.040270470714,158.0205965371339,-99.3964205769272,6,373.9071421085043,6.1825125572116635,False
688.35,RADAR_A,RADAR_A-T5844,PGT549U,-2776.6777960776144,3792.6870754410825,152.8742285820023,-149.22031818800218,10,121.37939495176767,2.021831720409404,False
688.38,RADAR_A,RADAR_A-T4258,HEDEF_3_MANEVRA,7170.026817841467,-381491.183514499,-293.0841401439794,149.97613798064302,10,354.2545189503378,2.021831720409404,False
688.4,RADAR_B,RADAR_B-SC69319,STATIC_CLUTTER,389147.11181731406,-173916.25440129064,0.17978783279968724,-0.44652618972795344,1,1500.0,25.0,True
688.83,RADAR_A,RADAR_A-T5440,HEDEF_2,292425.72604652395,3771.2789730821373,-151.05756697542793,-164.3185655555055,10,282.7165330969753,2.021831720409404,False
690.58,RADAR_B,RADAR_B-T9784,PGT549U,-2626.2729880085462,3646.18018161867,152.96619686747962,-144.1079306805227,8,217.15927890066826,3.5355339059327378,False
690.64,RADAR_A,RADAR_A-T5844,PGT549U,-2560.0427874960965,3625.770180668338,151.63394288616894,-151.9769695508908,11,91.81182553329613,1.528938460803196,False
691.33,RADAR_A,RADAR_A-T4258,HEDEF_3_MANEVRA,6795.638627017108,-381043.9888407547,-329.45006296669493,149.1957964657721,11,344.8944099058996,1.528938460803196,False
692.07,RADAR_B,RADAR_B-T5751,HEDEF_2,292327.2472957194,3797.7767191209787,-155.49679949231862,-127.60047400091135,9,265.4586619830153,2.6736220001334834,False
692.11,RADAR_A,RADAR_A-T5440,HEDEF_2,291962.788027744,3296.183181025514,-148.5311512923626,-146.83747935302566,9,301.2311338866548,2.6736220001334834,False
693.13,RADAR_A,RADAR_A-T5844,PGT549U,-2123.1681903185936,3111.865070377771,151.97750112008416,-146.2061770164084,10,121.35404412340336,2.021831720409404,False
693.32,RADAR_A,RADAR_A-T4258,HEDEF_3_MANEVRA,5409.782132592513,-380550.15550358576,-359.006447567012,154.27355483194086,9,368.8852660410106,2.6736220001334834,False
694.36,RADAR_C,RADAR_C-SC05477,STATIC_CLUTTER,55150.117307030254,53335.79241149853,0.2215913263206965,0.3729813681445926,4,648.6736521905174,10.811227536508623,True
695.46,RADAR_B,RADAR_B-T7515,HEDEF_3_MANEVRA,4813.948424876413,-380180.1212882739,-401.6164777907535,160.71721041695753,9,366.8131768208951,2.6736220001334834,False
695.7,RADAR_B,RADAR_B-T9784,PGT549U,-2104.784065194479,2830.324419857623,139.07102745165975,-160.552792167742,7,284.22209329577686,4.6753056338464924,False
695.93,RADAR_A,RADAR_A-T5844,PGT549U,-1754.2674132920706,2698.4440965816243,129.6104486409387,-159.24986011676728,9,160.44095906127745,2.6736220001334834,False
696.03,RADAR_A,RADAR_A-T4258,HEDEF_3_MANEVRA,4518.724148964174,-380162.7261953679,-398.91718026510875,157.6575472075551,11,344.2317177892039,1.528938460803196,False
697.54,RADAR_A,RADAR_A-T5724,HEDEF_2,291363.1384914516,2215.3926884705716,-133.38254735555745,-164.25353552170722,9,300.67591923537486,2.6736220001334834,False
697.96,RADAR_A,RADAR_A-T5844,PGT549U,-1443.384917969763,2275.672998365567,128.00743338589027,-167.6221379767086,9,160.4347528605891,2.6736220001334834,False
697.97,RADAR_B,RADAR_B-T5751,HEDEF_2,291526.4118890953,2607.0379615772435,-137.75062653704947,-147.4256068343228,9,264.8746090878475,2.6736220001334834,False
698.34,RADAR_C,RADAR_C-T4686,HEDEF_3_MANEVRA,4511.675097137353,-379597.1748783173,-443.10270973748396,167.87620765499204,7,475.59743444277206,4.6753056338464924,False
699.71,RADAR_A,RADAR_A-T5724,HEDEF_2,291097.2128460646,1892.9184008033424,-134.13779044081448,-168.28967231781553,11,270.11275948696453,1.528938460803196,False
700.17,RADAR_A,RADAR_A-T5844,PGT549U,-1158.073753104704,1870.75410983574,132.8201438450866,-172.67994442880592,11,91.75676308767308,1.528938460803196,False
700.38,RADAR_B,RADAR_B-T9784,PGT549U,-1239.9613076482929,1991.3442888858162,127.9464096317826,-185.29593023323673,9,166.6361314321983,2.6736220001334834,False
702.04,RADAR_A,RADAR_A-T5724,HEDEF_2,290849.4925941995,1125.574664066763,-130.7966497346739,-184.68266158126903,11,269.86156082262255,1.528938460803196,False
702.83,RADAR_C,RADAR_C-T7200,PGT549U,-946.8865359036881,1430.5673191979222,153.6107194504943,-174.35293477747092,6,374.69244913926144,6.1825125572116635,False
703.02,RADAR_A,RADAR_A-T5844,PGT549U,-723.1169709171867,1230.5732062095792,128.26836548669812,-178.03726423016755,10,121.31777451782628,2.021831720409404,False
703.5,RADAR_A,RADAR_A-T1402,HEDEF_3_MANEVRA,1233.1611419758874,-379002.1333772411,-474.32886472264994,179.76941330557992,11,343.0670957566253,1.528938460803196,False
703.81,RADAR_B,RADAR_B-T9784,PGT549U,-576.7389136406564,1325.0432639074343,124.90425860495515,-194.0073186029859,9,166.51556067481502,2.6736220001334834,False
703.89,RADAR_B,RADAR_B-SC69319,STATIC_CLUTTER,389187.3726200486,-173898.0071294433,0.19129276484764396,0.10842901169091189,3,857.790551951732,14.296509199195533,True
705.05,RADAR_A,RADAR_A-T5844,PGT549U,-495.34512533021143,857.1548516249027,128.19130314334558,-178.4715792696901,11,91.74149022268762,1.528938460803196,False
706.42,RADAR_A,RADAR_A-T1402,HEDEF_3_MANEVRA,361.0907241302223,-378250.6609032079,-481.1114951326829,180.53352589057658,11,342.5835368740436,1.528938460803196,False
706.64,RADAR_A,RADAR_A-T2258,HEDEF_2,290351.15356244164,706.5390679897041,-124.04194886799984,-198.2777012335054,9,299.8305613965571,2.6736220001334834,False
707.09,RADAR_A,RADAR_A-T5844,PGT549U,-351.416598713379,624.9849695826381,112.16764943672358,-185.74282232932714,11,91.73806844314208,1.528938460803196,False
707.19,RADAR_C,RADAR_C-SC05477,STATIC_CLUTTER,55132.9678525818,53269.892450603606,-0.8022675146372865,0.21462931305347266,3,857.790551951732,14.296509199195533,True
708.18,RADAR_C,RADAR_C-T4686,HEDEF_3_MANEVRA,-57.76548372842444,-378258.65931731,-478.69875832819673,183.5958454700404,7,474.39333978426436,4.6753056338464924,False
708.75,RADAR_B,RADAR_B-T9784,PGT549U,-211.39684722825768,338.12273549047495,106.60547103791698,-187.26180094658878,8,216.65959825437082,3.5355339059327378,False
708.79,RADAR_A,RADAR_A-T1402,HEDEF_3_MANEVRA,-1032.7564939808603,-377777.8586465512,-468.04357339961007,177.15917594832135,9,366.6533688043678,2.6736220001334834,False
709.18,RADAR_A,RADAR_A-T2258,HEDEF_2,290077.38903823926,-74.55663797477742,-114.3607101869713,-185.81754408189212,11,269.187440073271,1.528938460803196,False
710.17,RADAR_A,RADAR_A-T5844,PGT549U,-11.173092002693732,38.29352312446851,111.78303648691377,-186.35810302436752,10,121.30990532312317,2.021831720409404,False
711.54,RADAR_A,RADAR_A-T1402,HEDEF_3_MANEVRA,-2141.3734201117454,-377323.2858382819,-471.45985374194936,184.68522092942345,13,333.4383764218925,0.8743393107950702,False
712.45,RADAR_B,RADAR_B-T9784,PGT549U,180.1962653954979,-239.10395843209153,106.05956650864792,-185.5051325327131,7,283.89917919077175,4.6753056338464924,False
712.59,RADAR_A,RADAR_A-T5844,PGT549U,269.56610975377515,-448.3225756752855,102.24186286205875,-185.68039525461612,10,121.31056593150879,2.021831720409404,False
713.14,RADAR_B,RADAR_B-SC46433,STATIC_CLUTTER,-343958.151786966,108120.66006815636,1.0587195581758566,-0.38952822199460646,2,1134.321747974356,18.905362466239264,True
713.71,RADAR_A,RADAR_A-T1228,HEDEF_2,289653.25793504197,-240.31306525900288,-111.92184347108262,-186.6235706894051,11,268.8108085840741,1.528938460803196,False
713.97,RADAR_A,RADAR_A-T1402,HEDEF_3_MANEVRA,-3984.201066037687,-376816.8550907139,-447.4070758604146,186.91464813403692,9,365.94826575197277,2.6736220001334834,False
715.48,RADAR_A,RADAR_A-T5844,PGT549U,571.168301420763,-955.4145702454882,124.7174251217545,-177.0152949116848,9,160.42011113593784,2.6736220001334834,False
716.2,RADAR_A,RADAR_A-T1228,HEDEF_2,289233.199003877,-1201.3677676694024,-109.4311607187073,-184.00304483849865,10,280.0644534107919,2.021831720409404,False
716.46,RADAR_A,RADAR_A-T1402,HEDEF_3_MANEVRA,-4121.51371415955,-376275.83015225804,-426.2099770459197,187.4000588325439,9,365.5835558683779,2.6736220001334834,False
716.98,RADAR_B,RADAR_B-T4674,HEDEF_3_MANEVRA,-3926.221365503239,-376061.66097019037,-413.40733784698784,190.49508547062533,5,589.8351537724228,8.1756070113073,False
717.68,RADAR_A,RADAR_A-T5844,PGT549U,821.8756204317118,-1375.6583204456008,113.5263945546287,-188.39567509955734,10,121.3176250591109,2.021831720409404,False
718.64,RADAR_B,RADAR_B-T6794,PGT549U,744.8775798554634,-1522.1171345848193,113.063900339219,-189.7220666639979,9,166.0816251548879,2.6736220001334834,False
720.12,RADAR_A,RADAR_A-T5844,PGT549U,1134.298073919475,-1903.8289603800029,112.16236126779519,-185.42768773404424,11,91.7547546369957,1.528938460803196,False
720.2,RADAR_A,RADAR_A-T5489,HEDEF_2,288689.27777075546,-2416.0682066349664,-109.8741188167599,-193.50899416057894,9,298.7579039730848,2.6736220001334834,False
721.26,RADAR_B,RADAR_B-SC55470,STATIC_CLUTTER,100576.066772391,207800.70306484512,0.7039719791149669,0.13538856047117012,3,857.790551951732,14.296509199195533,True
721.84,RADAR_A,RADAR_A-T9361,HEDEF_3_MANEVRA,-5037.9221734367475,-375516.9641517103,-316.787402516028,192.2919663563251,10,349.368685747245,2.021831720409404,False
721.98,RADAR_A,RADAR_A-T5844,PGT549U,1284.9329618499946,-2155.0874997593273,107.30398980642786,-187.7103551451295,14,39.73211278918872,0.6611880635625048,False
723.19,RADAR_C,RADAR_C-T4686,HEDEF_3_MANEVRA,-5218.497226697693,-375071.05977295723,-323.38853402803255,186.00048456134164,7,472.6033340290386,4.6753056338464924,False
723.3,RADAR_A,RADAR_A-T5489,HEDEF_2,288524.7323470216,-2651.6032665544803,-111.41468792668003,-188.08736519903243,14,254.84105629483017,0.6611880635625048,False
724.58,RADAR_B,RADAR_B-T8221,HEDEF_2,288378.73402926244,-2658.6364932093443,-110.30711725654324,-182.15909457597976,12,219.28750423229582,1.1562054316023351,False
724.64,RADAR_C,RADAR_C-T7905,PGT549U,1547.4199166764029,-2268.739648202907,72.80515440039181,-168.9938112638516,6,375.1181618609509,6.1825125572116635,False
724.82,RADAR_A,RADAR_A-T5844,PGT549U,1600.558904080354,-2678.793665972588,109.56362528889778,-187.14274647548552,13,52.5320412808264,0.8743393107950702,False
724.86,RADAR_B,RADAR_B-T6794,PGT549U,1355.8297080425618,-2591.421267016359,114.2205357900651,-180.9605375960193,10,128.48274413228688,2.021831720409404,False
724.91,RADAR_B,RADAR_B-T4674,HEDEF_3_MANEVRA,-5558.659762498057,-374563.69629064575,-272.1619323302628,184.5850196688207,5,589.2400433416506,8.1756070113073,False
725.57,RADAR_A,RADAR_A-T5489,HEDEF_2,288214.8344823608,-2932.1035725562742,-112.87941006479137,-197.35698234392817,12,260.90462406044446,1.1562054316023351,False
726.41,RADAR_A,RADAR_A-T3691,HEDEF_3_MANEVRA,-6441.47541951262,-374544.00152334553,-238.39253379468315,183.10411784804455,10,348.6739736824976,2.021831720409404,False
727.01,RADAR_A,RADAR_A-T5844,PGT549U,1868.1792382716692,-3128.385499472089,109.44098099693166,-186.78406265166998,14,39.79744063015417,0.6611880635625048,False
728.63,RADAR_B,RADAR_B-T4674,HEDEF_3_MANEVRA,-6473.784829804172,-374278.708083805,-230.55799269786547,188.9347700666273,7,430.0492355499746,4.6753056338464924,False
728.66,RADAR_A,RADAR_A-T5489,HEDEF_2,287847.9921453467,-3372.2563766946682,-110.81889500602203,-182.24672733996306,13,256.6325990043008,0.8743393107950702,False
729.44,RADAR_A,RADAR_A-T5844,PGT549U,2140.844393252521,-3570.930235568924,109.01297825727656,-185.62977956450834,14,39.83741375149054,0.6611880635625048,False
729.71,RADAR_B,RADAR_B-T6794,PGT549U,2079.233211844439,-3548.5184992960408,112.2712897660538,-184.00384374685322,12,81.00181279835874,1.1562054316023351,False
730.17,RADAR_B,RADAR_B-T8221,HEDEF_2,287854.1790934294,-3871.175410037812,-111.45519963689922,-180.6989512337919,9,262.25138541809986,2.6736220001334834,False
731.5,RADAR_A,RADAR_A-T5844,PGT549U,2374.2449582606864,-3963.1745016929995,112.18800373417427,-184.1857340202503,13,52.61494427223515,0.8743393107950702,False
731.73,RADAR_A,RADAR_A-T5489,HEDEF_2,287492.9632319216,-3995.2813115085837,-110.57582728319112,-184.59140130885643,13,256.3415727163352,0.8743393107950702,False
733.72,RADAR_A,RADAR_A-T4104,HEDEF_3_MANEVRA,-8322.782986636725,-373148.6272235815,-115.73237768719568,184.42228152421794,9,363.0693824094451,2.6736220001334834,False
733.87,RADAR_B,RADAR_B-T4674,HEDEF_3_MANEVRA,-7853.071113114755,-373186.7443527711,-113.61320512004636,179.0874039633581,9,362.66954090878954,2.6736220001334834,False
734.68,RADAR_A,RADAR_A-T5844,PGT549U,2777.651743963703,-4657.206209386163,111.92817199525655,-184.2165486754711,12,69.52752928822429,1.1562054316023351,False
734.86,RADAR_A,RADAR_A-T5489,HEDEF_2,287174.3691433006,-4339.849587564441,-111.9407480761329,-185.2445055415923,13,256.04676418243486,0.8743393107950702,False
735.93,RADAR_B,RADAR_B-T6794,PGT549U,2807.79741205187,-4708.536786492705,110.60763303401974,-186.5665130952383,10,128.1104809143072,2.021831720409404,False
736.59,RADAR_A,RADAR_A-T5844,PGT549U,2937.0237011490312,-4918.898152219028,110.61280701969365,-189.3672287357767,12,69.55296046523223,1.1562054316023351,False
737.54,RADAR_C,RADAR_C-T5366,HEDEF_3_MANEVRA,-8312.927157736878,-373429.0211001615,-40.34616849399605,188.10816755532088,4,750.8326949092129,10.811227536508623,False
737.67,RADAR_A,RADAR_A-T5489,HEDEF_2,286844.7208677892,-5469.010310371828,-111.90950952658248,-182.33118618982817,12,259.77946816956427,1.1562054316023351,False
737.91,RADAR_A,RADAR_A-T3393,HEDEF_3_MANEVRA,-8449.170882756256,-372392.32263590436,-35.02667895154879,186.50573234027556,10,346.9336766098128,2.021831720409404,False
737.91,RADAR_C,RADAR_C-T7905,PGT549U,2989.437102232274,-4652.282272810931,102.8010476577445,-181.01179298171434,8,219.82629547057581,3.5355339059327378,False
739.25,RADAR_A,RADAR_A-T5844,PGT549U,3258.046908756484,-5449.312180399931,117.1680517560361,-182.0667930455075,12,69.59185942453249,1.1562054316023351,False
739.42,RADAR_B,RADAR_B-T3286,HEDEF_2,286727.50816837954,-5569.8876454399115,-108.65594682977537,-182.92042852850793,10,239.5383054918524,2.021831720409404,False
740.07,RADAR_A,RADAR_A-T5489,HEDEF_2,286551.09203140275,-5357.53717119333,-110.52125889174067,-188.82146828949496,13,255.55852291956438,0.8743393107950702,False
740.11,RADAR_B,RADAR_B-SC46433,STATIC_CLUTTER,-343926.3990969222,108110.30546063858,0.06764918174211204,-0.015902430776241528,4,648.6736521905174,10.811227536508623,True
741.22,RADAR_B,RADAR_B-T6794,PGT549U,3416.7279605195654,-5668.553998592202,110.95059803984232,-183.74329770163206,12,80.41324388346105,1.1562054316023351,False
741.62,RADAR_A,RADAR_A-T5844,PGT549U,3486.839372593965,-5834.50815841215,111.69008608385442,-184.74369827871303,14,40.11940877844876,0.6611880635625048,False
742.34,RADAR_A,RADAR_A-T5489,HEDEF_2,286339.85179671866,-5931.9782652801905,-111.37389645552146,-181.0121631106742,13,255.34630956373007,0.8743393107950702,False
743.55,RADAR_A,RADAR_A-T9492,HEDEF_3_MANEVRA,-9461.236550056634,-371153.73695338046,44.070065886544775,185.09957450238267,9,361.6544219421071,2.6736220001334834,False
744.03,RADAR_B,RADAR_B-T3286,HEDEF_2,286171.2305281637,-6019.164465902013,-107.60941706810807,-185.86934600181002,11,225.59051523474548,1.528938460803196,False
744.04,RADAR_A,RADAR_A-T5844,PGT549U,3789.763607405264,-6343.501898124117,117.54183543245844,-178.89791913795636,12,69.67104849508166,1.1562054316023351,False
745.3,RADAR_A,RADAR_A-T5489,HEDEF_2,285971.22549532907,-6163.952995576333,-111.60002748806511,-182.91957516381507,14,252.75065603269067,0.6611880635625048,False
745.8,RADAR_B,RADAR_B-T6794,PGT549U,3823.2964860534703,-6490.264683106781,108.41609022069291,-190.86806598000538,10,127.80747348321773,2.021831720409404,False
745.96,RADAR_C,RADAR_C-T3439,HEDEF_2,285656.2398338224,-6729.861978116809,-88.82247102779564,-97.69961720083057,5,547.6595990247852,8.1756070113073,False
746.28,RADAR_A,RADAR_A-T5844,PGT549U,4050.768165200796,-6779.890635005276,104.16531419991016,-187.7213852546241,12,69.71228238472774,1.1562054316023351,False
746.48,RADAR_C,RADAR_C-T5366,HEDEF_3_MANEVRA,-10047.199710889503,-370822.4370461903,100.70925701057938,184.70514108604567,3,936.8761084396364,14.296509199195533,False
746.56,RADAR_A,RADAR_A-T9492,HEDEF_3_MANEVRA,-10707.061116150255,-370751.45857883204,123.18937669902238,184.94065370310528,10,345.63737217260086,2.021831720409404,False
746.58,RADAR_C,RADAR_C-T7905,PGT549U,3862.3482317997114,-6410.9997761326085,111.09537732152634,-182.85836506560744,8,220.16103373999724,3.5355339059327378,False
748.25,RADAR_A,RADAR_A-T5844,PGT549U,4306.172368817792,-7215.52226726738,110.33989587691421,-185.07462403877003,13,52.9601665997629,0.8743393107950702,False
749.24,RADAR_B,RADAR_B-SC69319,STATIC_CLUTTER,389143.2275006629,-173906.99391599928,-0.609621165359386,-0.12620701888472102,2,1134.321747974356,18.905362466239264,True
749.42,RADAR_A,RADAR_A-T7207,HEDEF_2,285458.31022484705,-7459.264945447559,-108.30928318439042,-182.63202984627975,13,254.67924094890773,0.8743393107950702,False
750.53,RADAR_A,RADAR_A-T5844,PGT549U,4496.363811590086,-7518.388761167542,111.15973069985984,-187.09281026618515,12,69.79896735134496,1.1562054316023351,False
750.94,RADAR_B,RADAR_B-T3286,HEDEF_2,285347.63337066426,-7670.178977105657,-110.29340398722489,-184.16086910171003,11,224.9630783392207,1.528938460803196,False
751.13,RADAR_B,RADAR_B-T6794,PGT549U,4653.234965597512,-7641.197230288212,112.11203567037072,-185.95551694220836,12,79.94499294214555,1.1562054316023351,False
753.57,RADAR_A,RADAR_A-T5844,PGT549U,4911.508677857708,-8148.306381840774,112.563067984753,-185.46237937535048,14,40.53068864190309,0.6611880635625048,False
754.76,RADAR_C,RADAR_C-T7905,PGT549U,4912.025074318954,-7917.961623737567,124.43330453807953,-180.73613333187214,9,171.31616474254966,2.6736220001334834,False
755.18,RADAR_B,RADAR_B-T6794,PGT549U,5174.20525869546,-8331.77741860006,109.73481252358961,-189.2120997489152,8,215.752695811488,3.5355339059327378,False
755.61,RADAR_A,RADAR_A-T5844,PGT549U,5168.276904730565,-8598.305685835468,103.6532022788832,-191.22951082526973,12,69.91583594812992,1.1562054316023351,False
755.71,RADAR_B,RADAR_B-T3286,HEDEF_2,284742.2116678626,-8664.848314037397,-110.88225998593455,-190.06415469091166,11,224.52268291325512,1.528938460803196,False
756.12,RADAR_A,RADAR_A-T3395,HEDEF_3_MANEVRA,-6079.076961430548,-368852.07834704017,178.91264921136948,185.87472981757173,10,344.05998273982675,2.021831720409404,False
756.16,RADAR_A,RADAR_A-T2563,HEDEF_2,284720.332015198,-8721.13784505762,-111.03448615351068,-183.01420225645688,13,254.0303307550156,0.8743393107950702,False
759.09,RADAR_A,RADAR_A-T3395,HEDEF_3_MANEVRA,-3930.486467623385,-368685.70562641445,207.27548292965605,183.96126166054367,10,343.57803624439833,2.021831720409404,False
759.48,RADAR_A,RADAR_A-T2563,HEDEF_2,284263.6065996813,-9787.815610920601,-110.85867421762856,-184.40959474944336,12,257.7406739828764,1.1562054316023351,False
759.98,RADAR_A,RADAR_A-T3325,PGT549U,5659.28568097506,-9385.88524190539,113.89584313362464,-185.04768710272327,12,70.02759763075491,1.1562054316023351,False
760.38,RADAR_B,RADAR_B-T6794,PGT549U,5565.075086627439,-9321.199455564085,109.0283715456664,-201.8554571367989,10,127.39446949323765,2.021831720409404,False
761.7,RADAR_A,RADAR_A-T3395,HEDEF_3_MANEVRA,-3036.6000553039735,-367779.57123045565,225.63940760763083,186.22226616436834,10,343.15910651955323,2.021831720409404,False
763.71,RADAR_C,RADAR_C-T4407,HEDEF_2,284556.79733673914,-9950.452193305639,-98.54370695930402,-183.65162038187145,6,443.17429957259475,6.1825125572116635,False
763.82,RADAR_A,RADAR_A-T5212,HEDEF_2,283823.47764388815,-10298.081273201364,-112.57185405170462,-185.94871129984375,12,257.3340377724678,1.1562054316023351,False
763.84,RADAR_A,RADAR_A-T3395,HEDEF_3_MANEVRA,-1430.767049806588,-367878.4099471192,215.4782993636152,182.2625354073523,9,358.5288146808725,2.6736220001334834,False
765.04,RADAR_B,RADAR_B-T5185,HEDEF_2,283582.2247985158,-10056.179116215299,-111.92913980959065,-191.49159960482535,11,223.67115098543277,1.528938460803196,False
765.24,RADAR_C,RADAR_C-T7905,PGT549U,6273.107634805558,-9773.963591251239,100.75320021865748,-177.73675655373077,5,494.4030819182744,8.1756070113073,False
766.94,RADAR_A,RADAR_A-T5212,HEDEF_2,283422.4514901049,-10197.914674222806,-112.59795258905831,-188.8194029325736,14,250.66335959924388,0.6611880635625048,False
767.64,RADAR_A,RADAR_A-T9644,PGT549U,6584.390526464787,-10886.851706884507,109.3798445603291,-190.76911405535756,12,70.24833224325846,1.1562054316023351,False
768.21,RADAR_B,RADAR_B-T5476,PGT549U,6641.535637410852,-10876.013115427057,110.16774089791026,-181.07920984697384,9,164.9141258193559,2.6736220001334834,False
769.3,RADAR_A,RADAR_A-T2662,HEDEF_3_MANEVRA,1457.170136075813,-366368.94399698946,266.7896454811751,187.54667755143436,11,332.6272621070866,1.528938460803196,False
772.06,RADAR_A,RADAR_A-T4231,HEDEF_2,282799.39600183786,-11446.421733633093,-114.07103740241584,-187.148214814213,14,250.17583430435965,0.6611880635625048,False
772.98,RADAR_A,RADAR_A-T2847,PGT549U,7182.0813057465075,-11872.040234728882,117.59950721182322,-187.31180111930348,12,70.42088843965932,1.1562054316023351,False
772.99,RADAR_B,RADAR_B-T5476,PGT549U,6863.431199911291,-11780.59316175169,112.77403186944098,-183.34509869253677,11,99.2479141019769,1.528938460803196,False
773.19,RADAR_B,RADAR_B-T6352,HEDEF_3_MANEVRA,3180.4301337872457,-365666.89013288176,265.27569059176085,192.63232752929417,8,381.78108520601353,3.5355339059327378,False
774.34,RADAR_A,RADAR_A-T4231,HEDEF_2,282584.9054560376,-11956.616958500284,-114.00769852652189,-192.26052531975535,13,252.30564808317604,0.8743393107950702,False
774.48,RADAR_A,RADAR_A-T3784,HEDEF_3_MANEVRA,4533.814398042869,-365397.7501296341,303.9867777296521,189.13218880118157,10,341.1780189392302,2.021831720409404,False
774.96,RADAR_B,RADAR_B-T9883,HEDEF_2,282328.0781810727,-11833.758358886227,-107.59269585181757,-193.8223144396092,9,258.7443785851995,2.6736220001334834,False
775.63,RADAR_A,RADAR_A-T2847,PGT549U,7523.10704083635,-12372.695212603592,111.88399588332834,-188.9209449397987,14,41.63202898417176,0.6611880635625048,False
776.2,RADAR_A,RADAR_A-T4231,HEDEF_2,282269.011349892,-12777.601150000553,-113.43182095889603,-186.78887952691235,14,249.78381586269657,0.6611880635625048,False
777.74,RADAR_B,RADAR_B-T5476,PGT549U,7730.590021637625,-12674.596292295497,117.31455206444171,-205.01371075968356,8,215.42561001484484,3.5355339059327378,False
778.16,RADAR_A,RADAR_A-T4231,HEDEF_2,282110.9369685497,-13551.414695991996,-114.04680646175257,-189.61777740656999,13,251.94791483416063,0.8743393107950702,False
778.34,RADAR_A,RADAR_A-T2847,PGT549U,7888.855424316253,-12978.248079007564,123.1196814921039,-181.32925389593157,9,160.95606666996412,2.6736220001334834,False
779.12,RADAR_B,RADAR_B-T9883,HEDEF_2,282055.07921451965,-12563.59233115471,-112.1224394668805,-197.67917062570444,9,258.42551312416947,2.6736220001334834,False
780.39,RADAR_A,RADAR_A-T4231,HEDEF_2,282076.66623919184,-13115.824492691923,-115.55720371920006,-176.87028698300733,11,262.7474895291217,1.528938460803196,False
780.47,RADAR_B,RADAR_B-SC46433,STATIC_CLUTTER,-343929.86744294304,108078.08132703976,-0.06705542897655113,-0.3621399279559292,3,857.790551951732,14.296509199195533,True
780.92,RADAR_A,RADAR_A-T2847,PGT549U,8140.892444094403,-13404.357601713515,113.85186767459336,-188.32660628736522,11,92.74808345937772,1.528938460803196,False
781.57,RADAR_B,RADAR_B-T5476,PGT549U,7594.509317207114,-13501.458431627492,120.74935983945063,-215.85395627433317,5,491.94928155168896,8.1756070113073,False
782.12,RADAR_A,RADAR_A-T2088,HEDEF_3_MANEVRA,8395.16427300284,-364012.1958258586,343.45814825520057,191.68569953222894,11,330.65617360542706,1.528938460803196,False
782.38,RADAR_B,RADAR_B-T9883,HEDEF_2,281742.3490258341,-13819.587833314852,-111.19572294525939,-166.85888191022153,9,258.1770231494426,2.6736220001334834,False
782.53,RADAR_A,RADAR_A-T4231,HEDEF_2,281562.87632609915,-13642.262453605486,-119.3137776741584,-192.47467512546743,9,293.69070013109746,2.6736220001334834,False
783.17,RADAR_A,RADAR_A-T2847,PGT549U,8434.220467362054,-13873.541256544984,111.72428067363072,-190.58967820302485,10,122.12712448928787,2.021831720409404,False
784.05,RADAR_B,RADAR_B-T2645,HEDEF_3_MANEVRA,8909.292650691794,-363514.8007759118,316.365511457499,195.2342996943225,6,486.64427484120245,6.1825125572116635,False
785.04,RADAR_A,RADAR_A-T2088,HEDEF_3_MANEVRA,9799.352475275637,-363610.23390567565,355.4469435605739,189.1171326345294,9,355.4790076818141,2.6736220001334834,False
785.24,RADAR_A,RADAR_A-T4231,HEDEF_2,281285.5687057712,-14166.35608847375,-119.58875553511557,-188.6829725355132,11,262.3167703065155,1.528938460803196,False
785.47,RADAR_C,RADAR_C-T7297,HEDEF_2,282365.14326188917,-14124.232756274148,-117.21664934173266,-172.58326533211581,3,891.0725514468198,14.296509199195533,False
785.98,RADAR_A,RADAR_A-T2847,PGT549U,8685.012012894238,-14265.404836157619,115.48774277265171,-193.5145505164636,9,161.08530543079792,2.6736220001334834,False
787.31,RADAR_B,RADAR_B-T5476,PGT549U,8441.083408359184,-14578.487135395479,116.73517400195556,-219.2610237374403,7,282.9323481915773,4.6753056338464924,False
787.95,RADAR_A,RADAR_A-T2088,HEDEF_3_MANEVRA,11028.02356841367,-363007.1995346741,371.8022498043006,189.90743932280466,10,339.2170639505248,2.021831720409404,False
788.13,RADAR_B,RADAR_B-T9883,HEDEF_2,281341.0821218208,-14548.412438399626,-123.42734847161611,-176.483490762378,7,345.5254983261108,4.6753056338464924,False
788.81,RADAR_A,RADAR_A-T2847,PGT549U,9126.500273681897,-14980.187024449755,106.65434099113875,-193.09363297948747,9,161.1367440455496,2.6736220001334834,False
789.59,RADAR_A,RADAR_A-T7917,HEDEF_2,280565.6821263615,-15192.062758361306,-121.27448465278367,-191.37139549791058,9,293.13212427488634,2.6736220001334834,False
790.95,RADAR_C,RADAR_C-T8824,HEDEF_3_MANEVRA,12898.615666506797,-361716.29599537613,345.12200036685823,191.06615565650094,5,613.6373163848921,8.1756070113073,False
791.15,RADAR_A,RADAR_A-T2847,PGT549U,9386.129837973178,-15404.546408604563,125.03282257444525,-189.6492452760163,10,122.31761456017824,2.021831720409404,False
791.59,RADAR_A,RADAR_A-T7917,HEDEF_2,280449.25012598105,-15444.617645051907,-112.94531644014823,-189.90956538940134,10,273.5263501262565,2.021831720409404,False
792.35,RADAR_B,RADAR_B-SC46433,STATIC_CLUTTER,-343951.94244167715,108103.76078097103,0.3376027446074755,1.0100499419387854,2,1134.321747974356,18.905362466239264,True
792.58,RADAR_B,RADAR_B-T5476,PGT549U,9154.107016522517,-15534.120759908923,126.88287609518903,-211.5413540016475,8,215.25978732547017,3.5355339059327378,False
792.85,RADAR_B,RADAR_B-T9883,HEDEF_2,280457.06923833286,-15491.196913905125,-119.2420115781757,-195.22704724797492,7,345.26217393482943,4.6753056338464924,False
793.34,RADAR_A,RADAR_A-T2932,HEDEF_3_MANEVRA,14753.597307086071,-361851.990879691,406.8854556478413,190.6040212306031,11,329.0285284910247,1.528938460803196,False
793.62,RADAR_B,RADAR_B-T7403,HEDEF_3_MANEVRA,15045.106793326646,-361356.3863259373,396.10095335903634,198.66516993759802,5,581.8414460382731,8.1756070113073,False
794.05,RADAR_A,RADAR_A-T7917,HEDEF_2,280215.0878185897,-16096.823167053522,-117.07344711550104,-191.68948199314013,11,261.54032266452094,1.528938460803196,False
794.47,RADAR_A,RADAR_A-T2847,PGT549U,9696.901120921892,-15912.098391074278,126.54890273165273,-188.92950661750524,9,161.24525970204704,2.6736220001334834,False
794.76,RADAR_C,RADAR_C-T6786,PGT549U,9683.989351932702,-15291.572345551278,73.90713817766165,-182.9828446814984,7,288.24989896922375,4.6753056338464924,False
796.36,RADAR_C,RADAR_C-T7297,HEDEF_2,279621.0609601359,-15995.964738569506,-103.38445005608038,-194.11189471234323,3,890.9136430028057,14.296509199195533,False
796.9,RADAR_B,RADAR_B-T5476,PGT549U,10067.827983608637,-16306.737371149598,115.38937856457643,-181.7838816654675,8,215.21881405872847,3.5355339059327378,False
797.17,RADAR_A,RADAR_A-T2847,PGT549U,10076.507244195553,-16551.80573228759,107.80554286023839,-196.11564134141113,10,122.47450819789957,2.021831720409404,False
797.2,RADAR_B,RADAR_B-SC46433,STATIC_CLUTTER,-343951.07060937193,108140.41027136528,-0.18251569652563862,-1.2118391704020133,3,857.790551951732,14.296509199195533,True
798.1,RADAR_C,RADAR_C-T8824,HEDEF_3_MANEVRA,16371.870921336726,-361060.1511897904,451.89055011358664,194.59152982928194,7,462.3171608598462,4.6753056338464924,False
799.21,RADAR_A,RADAR_A-T3001,HEDEF_3_MANEVRA,18570.7243286936,-360626.8833250448,434.8452508572267,196.59930448374567,11,328.21493550574934,1.528938460803196,False
799.68,RADAR_A,RADAR_A-T2847,PGT549U,10326.932830990276,-16882.149567285196,118.22336903916054,-194.13703094639624,11,93.36100401405751,1.528938460803196,False
801.73,RADAR_A,RADAR_A-T3001,HEDEF_3_MANEVRA,19575.147272864342,-360388.91106704826,447.4343935700106,191.80531687402203,10,337.34504964646794,2.021831720409404,False
801.86,RADAR_B,RADAR_B-T5476,PGT549U,10659.532339633544,-17237.247447499733,115.33032024197564,-184.24682243250402,7,282.8272247303675,4.6753056338464924,False
802.24,RADAR_A,RADAR_A-T5911,HEDEF_2,279245.94578644895,-17354.57322447097,-115.54523573476051,-183.18486713558713,9,292.14504194298206,2.6736220001334834,False
802.34,RADAR_A,RADAR_A-T2847,PGT549U,10581.292661740552,-17327.655888127178,113.96053699689517,-193.69590520971548,10,122.6178156882781,2.021831720409404,False
803.9,RADAR_A,RADAR_A-T3001,HEDEF_3_MANEVRA,20077.554466595182,-359809.4396309147,450.0831367238267,191.70106553459067,9,353.0281874474939,2.6736220001334834,False
804.52,RADAR_A,RADAR_A-T5911,HEDEF_2,278938.8836086864,-17377.742175497446,-115.86785632638365,-179.23056609747425,9,291.9689870597251,2.6736220001334834,False
805.03,RADAR_A,RADAR_A-T2847,PGT549U,10969.016183624746,-18050.618805668124,112.29710130922379,-197.80412674100268,11,93.56156664275646,1.528938460803196,False
807.03,RADAR_A,RADAR_A-T5911,HEDEF_2,278970.54712405725,-18386.449530930495,-119.06871146900637,-198.1217251495276,9,291.7752934736728,2.6736220001334834,False
807.16,RADAR_C,RADAR_C-T6786,PGT549U,11012.274556569642,-18021.01366807773,149.26100522331524,-203.99477348334787,7,288.7133628582552,4.6753056338464924,False
807.7,RADAR_B,RADAR_B-T3590,HEDEF_2,278698.54643760854,-18723.465459307517,-117.9016487174182,-201.32005268252027,9,256.2952328666188,2.6736220001334834,False
807.9,RADAR_A,RADAR_A-T2847,PGT549U,11339.69729434754,-18576.7658605607,128.50060775970906,-184.30119869184435,10,122.78136174348195,2.021831720409404,False
808.76,RADAR_A,RADAR_A-T8415,HEDEF_3_MANEVRA,23043.96894666825,-358800.6031402081,484.25505950176307,193.63386493317785,11,326.92522804201906,1.528938460803196,False
809.86,RADAR_B,RADAR_B-SC69319,STATIC_CLUTTER,389156.55521630804,-173913.77712665897,0.6301682494719847,-0.19358210965401204,2,1134.321747974356,18.905362466239264,True
810.59,RADAR_A,RADAR_A-T2847,PGT549U,11532.487222739115,-18892.50891040325,120.86768771332656,-194.6017931070815,9,161.5979649824104,2.6736220001334834,False
811.52,RADAR_A,RADAR_A-T2191,HEDEF_2,278294.9318613033,-19342.29626564841,-120.57265438629537,-198.44010259165404,10,271.8633374350336,2.021831720409404,False
811.92,RADAR_C,RADAR_C-T8824,HEDEF_3_MANEVRA,23445.459516005267,-358376.7337124749,437.56746629766343,190.0239109127004,6,520.5713973730869,6.1825125572116635,False
813.33,RADAR_A,RADAR_A-T2847,PGT549U,11970.103627398734,-19544.559976065884,121.02094327376702,-193.9470226573582,11,93.90345733617612,1.528938460803196,False
814.45,RADAR_A,RADAR_A-T2191,HEDEF_2,277824.8064197535,-19899.68316997797,-119.76487884276165,-204.35792522737194,9,291.1926882052747,2.6736220001334834,False
815.59,RADAR_A,RADAR_A-T2847,PGT549U,12229.962204194408,-20081.883678135393,103.7282975162526,-200.2628447127154,9,161.72424275250341,2.6736220001334834,False
816.17,RADAR_A,RADAR_A-T9100,HEDEF_3_MANEVRA,21961.634891657104,-357336.8342290566,384.7449832863143,195.16830130903145,10,335.1681246174526,2.021831720409404,False
816.95,RADAR_A,RADAR_A-T2191,HEDEF_2,277538.82002134377,-20308.391250886223,-117.93430305463627,-204.47055144041454,11,259.53923303397835,1.528938460803196,False
817.25,RADAR_B,RADAR_B-T6790,HEDEF_2,277014.3721522431,-19989.17250078776,-122.58640952253755,-164.57163703096396,5,529.3546203904194,8.1756070113073,False
817.86,RADAR_B,RADAR_B-T7438,PGT549U,12425.805255041269,-20378.28796547137,129.51393899113256,-189.197985681308,6,372.6367032051609,6.1825125572116635,False
818.06,RADAR_A,RADAR_A-T2847,PGT549U,12542.520361690458,-20604.45773064599,108.87471949937864,-204.73574643670906,9,161.7891064438163,2.6736220001334834,False
818.27,RADAR_B,RADAR_B-T5211,HEDEF_3_MANEVRA,21872.295238755385,-356938.11499265564,373.11955383930496,190.78174864992735,9,347.44785830020203,2.6736220001334834,False
818.37,RADAR_C,RADAR_C-T4126,HEDEF_2,279013.57828129764,-21067.10718366134,-128.1219715505677,-161.46927826569555,3,890.6046878674954,14.296509199195533,False
819.62,RADAR_A,RADAR_A-T2191,HEDEF_2,277286.14225461707,-20628.87370265782,-119.23243586183803,-187.35016664542357,10,271.18260082434125,2.021831720409404,False
819.78,RADAR_C,RADAR_C-T6786,PGT549U,12633.611094866345,-20163.624655817803,42.90934342025036,-198.942462027664,3,860.6764370127081,14.296509199195533,False
820.04,RADAR_A,RADAR_A-T2847,PGT549U,12739.640024770726,-20846.258609459288,122.26951773102127,-192.99062422967722,11,94.20543336461958,1.528938460803196,False
821.04,RADAR_B,RADAR_B-SC46433,STATIC_CLUTTER,-343957.82334909216,108168.19792740862,-1.0633953119928645,-0.517838191336422,3,857.790551951732,14.296509199195533,True
821.26,RADAR_A,RADAR_A-T2372,HEDEF_3_MANEVRA,21281.405034459796,-356632.20127547276,296.91859798169065,188.52603581678704,9,350.3999315805482,2.6736220001334834,False
822.11,RADAR_A,RADAR_A-T2847,PGT549U,13033.40550354854,-21301.178594789824,125.49493706377771,-197.30745537893458,9,161.89848892556574,2.6736220001334834,False
822.64,RADAR_A,RADAR_A-T2191,HEDEF_2,276664.4161921037,-20848.244806280898,-120.05713775565492,-212.90727124382772,9,290.55290655600237,2.6736220001334834,False
823.01,RADAR_B,RADAR_B-T6790,HEDEF_2,277536.00696634914,-21265.963520122976,-123.92641118777546,-196.17315327135472,6,420.6882755710727,6.1825125572116635,False
823.36,RADAR_B,RADAR_B-T7438,PGT549U,12880.727935615192,-21578.448090717677,116.36367866557875,-180.31653214225418,5,491.8009222163181,8.1756070113073,False
824.41,RADAR_A,RADAR_A-T2372,HEDEF_3_MANEVRA,20983.678578277806,-355846.8337539988,267.5358026152371,195.02964995176677,11,324.2011089455334,1.528938460803196,False
824.49,RADAR_A,RADAR_A-T2847,PGT549U,13344.051720501582,-21878.688383713743,115.93516767074095,-196.70553472514814,10,123.3487918948474,2.021831720409404,False
825.3,RADAR_A,RADAR_A-T2191,HEDEF_2,276414.23457985185,-22067.316226048693,-118.41056826626637,-194.787720165549,11,258.8111358617112,1.528938460803196,False
826.79,RADAR_A,RADAR_A-T2847,PGT549U,13606.445739457546,-22353.86350981147,102.17911046663764,-207.9829767871198,9,162.03026666662714,2.6736220001334834,False
827.52,RADAR_A,RADAR_A-T2372,HEDEF_3_MANEVRA,20296.06623354278,-355147.4480945364,209.89088514935287,194.07273809920352,10,333.25275437279464,2.021831720409404,False
827.93,RADAR_A,RADAR_A-T2191,HEDEF_2,276137.6951686865,-22587.940387827577,-120.93985324938711,-178.82140728904835,9,290.14425424003736,2.6736220001334834,False
828.17,RADAR_B,RADAR_B-T6790,HEDEF_2,276020.5856547104,-22344.965661043272,-125.89486607511449,-238.92531943099627,6,420.4609448241487,6.1825125572116635,False
828.84,RADAR_A,RADAR_A-T2847,PGT549U,13869.105169817254,-22702.276088287294,109.76294334020646,-203.01377731535823,11,94.63021648423874,1.528938460803196,False
829.03,RADAR_B,RADAR_B-T6289,HEDEF_3_MANEVRA,20062.97935732473,-354512.9844223232,203.40396136432358,188.1498791211255,7,415.4513383846116,4.6753056338464924,False
829.22,RADAR_B,RADAR_B-T7438,PGT549U,13907.27139718202,-22661.683940030016,120.29327649133546,-210.07734198997883,7,282.70701968977755,4.6753056338464924,False
829.61,RADAR_A,RADAR_A-T2372,HEDEF_3_MANEVRA,20236.52998570325,-354821.51300487685,198.87620744394505,193.5919436675717,10,332.90088632388165,2.021831720409404,False
830.37,RADAR_C,RADAR_C-T6786,PGT549U,13958.673122616727,-22878.863800517196,115.19725002736489,-195.7385617867505,6,377.91920694909686,6.1825125572116635,False
831.82,RADAR_A,RADAR_A-T2847,PGT549U,14323.255166807532,-23423.744217118197,124.79334549891121,-190.82454127804553,9,162.1780061419397,2.6736220001334834,False
831.88,RADAR_A,RADAR_A-T2372,HEDEF_3_MANEVRA,19412.078229049544,-354277.1868598446,157.96230787683749,191.99528065137469,9,348.6924571053024,2.6736220001334834,False
833.91,RADAR_A,RADAR_A-T2372,HEDEF_3_MANEVRA,19562.808250706672,-353985.6215881292,132.33203772489452,193.72571533363814,10,332.1774024371461,2.021831720409404,False
833.93,RADAR_A,RADAR_A-T2847,PGT549U,14492.449127866827,-23724.995832505363,127.39193571608176,-189.9332366239257,10,123.71254738548049,2.021831720409404,False
834.42,RADAR_B,RADAR_B-T6289,HEDEF_3_MANEVRA,19616.239789760457,-353896.2957023763,128.9368534063467,194.58364452620742,9,345.1188703368868,2.6736220001334834,False
834.91,RADAR_A,RADAR_A-T8011,HEDEF_2,275379.4501593133,-23918.379717989443,-119.49698833643912,-193.48772842247988,11,257.9840787503561,1.528938460803196,False
835.18,RADAR_B,RADAR_B-T6790,HEDEF_2,275981.69948892115,-23529.91544652697,-111.21007205868763,-186.7831206244831,6,420.15599027107237,6.1825125572116635,False
835.68,RADAR_B,RADAR_B-T7438,PGT549U,14667.966790169521,-23914.750599167215,126.91283867033837,-208.45356786836348,9,164.19296774764464,2.6736220001334834,False
836.36,RADAR_A,RADAR_A-T2847,PGT549U,14882.127278363585,-24355.65428640156,124.65559231769373,-192.47252719620215,10,123.8107584510462,2.021831720409404,False
836.58,RADAR_A,RADAR_A-T8011,HEDEF_2,275105.15183624,-24288.774347887607,-119.72787805026496,-201.33447727918224,11,257.8416727670659,1.528938460803196,False
837.15,RADAR_B,RADAR_B-T6289,HEDEF_3_MANEVRA,18860.338566257073,-353157.6136592696,71.63200192852827,197.886220763224,7,414.4805948252026,4.6753056338464924,False
838.24,RADAR_A,RADAR_A-T2847,PGT549U,15039.166243312242,-24535.369844903853,120.19527011995952,-195.48595215795368,11,95.11929588909913,1.528938460803196,False
839.21,RADAR_A,RADAR_A-T8011,HEDEF_2,274784.79146198754,-24524.90519384818,-120.08392327555428,-214.52001383214994,10,269.56941389332513,2.021831720409404,False
839.26,RADAR_C,RADAR_C-T6786,PGT549U,15068.793244947912,-23218.108267407617,115.27081756153325,-212.13099945612245,4,652.8560897974398,10.811227536508623,False
839.5,RADAR_B,RADAR_B-SC46433,STATIC_CLUTTER,-343926.94590230554,108125.13303029476,-0.3166094016383954,-0.617629667965669,2,1134.321747974356,18.905362466239264,True
839.73,RADAR_C,RADAR_C-T5322,HEDEF_3_MANEVRA,19160.57910265091,-352197.1808988517,59.21090130977897,199.4225482514898,6,517.1556876144369,6.1825125572116635,False
840.46,RADAR_B,RADAR_B-T6790,HEDEF_2,274406.39747217076,-24805.06258791148,-134.99544656896194,-199.66918021066363,5,528.5471819448336,8.1756070113073,False
840.74,RADAR_B,RADAR_B-T7438,PGT549U,15510.985712827198,-24793.942625480646,135.12499265004402,-216.23049428546148,5,491.7809003614783,8.1756070113073,False
840.9,RADAR_A,RADAR_A-T7667,HEDEF_3_MANEVRA,17518.738448163407,-352277.6927273133,31.286634134992884,194.24243167702093,10,331.00322917023567,2.021831720409404,False
841.07,RADAR_B,RADAR_B-T6289,HEDEF_3_MANEVRA,18431.713523613624,-352465.5656623029,32.51584667350246,193.16964627399284,8,371.10125280930083,3.5355339059327378,False
841.08,RADAR_A,RADAR_A-T8011,HEDEF_2,274392.3948318961,-25585.95612821218,-120.54578901406903,-199.31974684067777,10,269.4179188176074,2.021831720409404,False
841.26,RADAR_A,RADAR_A-T2847,PGT549U,15372.802620944616,-25160.85285361645,103.71000699561937,-204.86497992134863,10,124.0144454912629,2.021831720409404,False
843.71,RADAR_A,RADAR_A-T8011,HEDEF_2,274277.16721438564,-25553.60838892284,-120.32879754467788,-201.409925869679,11,257.2377008120385,1.528938460803196,False
844.21,RADAR_A,RADAR_A-T2847,PGT549U,15742.961986264085,-25746.60125869457,118.41323781594302,-196.60876399339585,10,124.14078238137195,2.021831720409404,False
844.86,RADAR_B,RADAR_B-SC69319,STATIC_CLUTTER,389180.1020433843,-173886.7569948029,0.3273018464405599,-0.5840229633581576,2,1134.321747974356,18.905362466239264,True
845.72,RADAR_A,RADAR_A-T8011,HEDEF_2,273958.11874710437,-25818.095817247988,-122.02949421918797,-203.8763107139959,10,269.0443827911994,2.021831720409404,False
846.3,RADAR_B,RADAR_B-T6289,HEDEF_3_MANEVRA,17609.43878179923,-351364.59244532906,-10.99423074748518,200.8439035044761,7,413.39190893089983,4.6753056338464924,False
846.85,RADAR_A,RADAR_A-T2847,PGT549U,16000.78928875263,-26061.74640821443,134.8193190216116,-186.09303414740336,9,162.65697877235158,2.6736220001334834,False
848.0,RADAR_B,RADAR_B-T7438,PGT549U,16476.006137223907,-26180.6303694255,158.29430335782914,-232.14151689260945,5,491.78010996260986,8.1756070113073,False
848.03,RADAR_A,RADAR_A-T8011,HEDEF_2,273775.55520003056,-26250.95480280263,-120.38448672812227,-211.09291012678088,10,268.85970191780143,2.021831720409404,False
848.43,RADAR_A,RADAR_A-T2847,PGT549U,16343.016621985334,-26649.478177230514,128.41571875262744,-191.9139830919784,11,95.68980506325096,1.528938460803196,False
849.77,RADAR_C,RADAR_C-T6786,PGT549U,16299.4078646329,-26878.532262230263,156.38356859533403,-192.92577045957538,6,378.5792933585968,6.1825125572116635,False
849.86,RADAR_B,RADAR_B-SC46433,STATIC_CLUTTER,-343928.700641497,108119.66676800969,-0.38483865420681634,0.10407057613354806,3,857.790551951732,14.296509199195533,True
850.06,RADAR_A,RADAR_A-T8011,HEDEF_2,273363.1252830761,-27148.469049732164,-121.60097058602764,-198.65219821947937,11,256.7063561970035,1.528938460803196,False
851.07,RADAR_B,RADAR_B-T6289,HEDEF_3_MANEVRA,16938.4077632766,-350854.35299731104,-174.0461227829873,206.36777892733872,5,576.5080703315042,8.1756070113073,False
851.67,RADAR_A,RADAR_A-T2847,PGT549U,16768.63767241565,-27346.902449757978,114.50858125075132,-196.03823814344955,9,162.8224274347128,2.6736220001334834,False
851.76,RADAR_C,RADAR_C-T5322,HEDEF_3_MANEVRA,16997.98417478466,-350194.63566630543,-118.43356913597627,190.2996094821994,6,515.692482852988,6.1825125572116635,False
852.32,RADAR_A,RADAR_A-T8011,HEDEF_2,273038.68102238065,-27634.889817551524,-121.91368392749975,-189.33073623990234,9,288.3045111634914,2.6736220001334834,False
852.55,RADAR_C,RADAR_C-T5693,HEDEF_2,272337.8650251452,-26770.534902597217,-114.32266803183961,-193.1477799056034,5,545.1681991124883,8.1756070113073,False
853.61,RADAR_B,RADAR_B-T7438,PGT549U,17269.618464134015,-27263.763322825132,110.98581372089917,-181.56768454938162,6,372.5970545453303,6.1825125572116635,False
854.25,RADAR_A,RADAR_A-T2847,PGT549U,17022.18574289378,-27771.145284092345,118.81265868262622,-198.5817649019085,10,124.59215973568323,2.021831720409404,False
854.28,RADAR_B,RADAR_B-T2047,HEDEF_2,272812.6762984358,-27522.953900210796,-126.7011822251319,-231.04820867369614,8,288.5286637647771,3.5355339059327378,False
854.37,RADAR_A,RADAR_A-T8011,HEDEF_2,273021.6366652205,-27914.945718002313,-117.34418253542971,-189.13311346737868,10,268.3562333182045,2.021831720409404,False
855.07,RADAR_A,RADAR_A-T4754,HEDEF_3_MANEVRA,15967.355783966208,-349582.57738380565,-167.2301027970562,195.2307355326822,10,328.63210897808534,2.021831720409404,False
856.58,RADAR_A,RADAR_A-T2847,PGT549U,17402.000217609188,-28361.84599576319,116.2288364263709,-195.63770278180135,9,162.99704315059077,2.6736220001334834,False
857.06,RADAR_B,RADAR_B-T6289,HEDEF_3_MANEVRA,16441.50361472609,-349520.7166727632,-190.45170905733457,197.11859262864556,8,368.9894523623243,3.5355339059327378,False
857.8,RADAR_A,RADAR_A-T4754,HEDEF_3_MANEVRA,15814.36102664607,-348917.37552511384,-214.83152639600553,197.47304540652567,10,328.1762043044474,2.021831720409404,False
858.69,RADAR_A,RADAR_A-SC14575,STATIC_CLUTTER,-336599.8558555742,-43821.10711335333,0.6754860880176674,-0.3673717846729131,2,1134.321747974356,18.905362466239264,True
859.16,RADAR_B,RADAR_B-T2047,HEDEF_2,271928.1372001294,-28637.761821772783,-123.77215336783445,-187.20331825959383,6,419.1480096510998,6.1825125572116635,False
859.17,RADAR_A,RADAR_A-T5110,HEDEF_2,272376.09423925745,-28834.85857801415,-120.48969414503614,-192.7624119363893,11,255.95211498285158,1.528938460803196,False
860.02,RADAR_A,RADAR_A-T2847,PGT549U,17789.399744510916,-28984.791698630914,125.674961234785,-194.0685830915883,10,124.86609950115218,2.021831720409404,False
860.1,RADAR_B,RADAR_B-T7438,PGT549U,17740.114099372582,-28684.203851901584,122.40688889733704,-199.56955109336604,8,215.0120136073388,3.5355339059327378,False
860.88,RADAR_A,RADAR_A-T4754,HEDEF_3_MANEVRA,15655.615147071545,-348431.36191760586,-241.14407537319485,196.20359399841877,11,317.90212789465005,1.528938460803196,False
861.91,RADAR_A,RADAR_A-T5110,HEDEF_2,271989.91510775406,-29074.673685474936,-122.76779956566378,-194.21058360568463,11,255.7279975247342,1.528938460803196,False
862.64,RADAR_A,RADAR_A-T2847,PGT549U,18120.804947888624,-29637.5565049541,118.50397710063278,-199.29721522607556,10,124.99361574174995,2.021831720409404,False
863.38,RADAR_C,RADAR_C-T6786,PGT549U,17930.983523780324,-27520.586055577034,169.72444885681597,-192.34831936493052,4,653.3484979339955,10.811227536508623,False
864.21,RADAR_A,RADAR_A-T4754,HEDEF_3_MANEVRA,15035.139145616267,-347816.6469728203,-307.55589607398696,195.35759644920657,9,343.535876240757,2.6736220001334834,False
864.91,RADAR_B,RADAR_B-T2047,HEDEF_2,271202.94152597134,-29774.803405728067,-117.62806201894944,-214.89627707028197,7,341.4316229308202,4.6753056338464924,False
864.93,RADAR_A,RADAR_A-T5110,HEDEF_2,271651.8530776231,-30021.664061974363,-120.88591892876337,-213.13333425995947,10,267.5284997523535,2.021831720409404,False
865.05,RADAR_A,RADAR_A-T2847,PGT549U,18325.01305159222,-29851.13851451517,127.21661842453086,-191.11113433688217,9,163.31236191384414,2.6736220001334834,False
865.69,RADAR_B,RADAR_B-T7438,PGT549U,18381.72511508155,-29867.38362641741,126.61846406987792,-195.6726270128171,6,372.6159688535512,6.1825125572116635,False
865.7,RADAR_C,RADAR_C-T5322,HEDEF_3_MANEVRA,15276.774363493425,-347943.4869377321,-301.2829516550752,204.90763044776315,3,928.6569724927533,14.296509199195533,False
866.71,RADAR_A,RADAR_A-SC14575,STATIC_CLUTTER,-336591.87443008315,-43816.98991410096,-0.16639983723785848,-0.20251154336107982,4,648.6736521905174,10.811227536508623,True
867.38,RADAR_A,RADAR_A-T5110,HEDEF_2,271231.12526267604,-30351.20217708989,-119.62747111431035,-197.23210344495513,11,255.28307290106338,1.528938460803196,False
867.95,RADAR_A,RADAR_A-T2847,PGT549U,18684.210654789975,-30463.42155406122,119.18970036914433,-200.07568716466926,11,96.89863395809145,1.528938460803196,False
868.59,RADAR_C,RADAR_C-T6786,PGT549U,18635.393464620418,-30969.16368109417,165.5909521199529,-192.2120794184941,4,653.4596273350094,10.811227536508623,False
869.49,RADAR_C,RADAR_C-T9972,HEDEF_2,271147.53479862085,-30702.331296712437,-132.5746733508077,-233.76667093985884,3,889.9616941433907,14.296509199195533,False
869.76,RADAR_A,RADAR_A-T5110,HEDEF_2,271034.0937126409,-31055.690327124554,-123.13693972895102,-198.71997795257496,11,255.08995041516235,1.528938460803196,False
869.78,RADAR_A,RADAR_A-T5059,HEDEF_3_MANEVRA,14437.4481656019,-346616.9266825128,-370.97815084985746,196.89565273002958,10,326.18252708877515,2.021831720409404,False
870.49,RADAR_B,RADAR_B-T2047,HEDEF_2,269733.3027496475,-30899.95662655068,-135.2181491861225,-246.2369886306618,5,527.5639476481441,8.1756070113073,False
871.19,RADAR_A,RADAR_A-T2847,PGT549U,19104.793515259273,-31276.61971465758,118.42594482521848,-198.10711987973957,9,163.55200967844112,2.6736220001334834,False
872.34,RADAR_A,RADAR_A-T5059,HEDEF_3_MANEVRA,13674.990035767414,-346453.5515059723,-395.73382850553145,199.14020886630584,9,342.24927251423185,2.6736220001334834,False
873.08,RADAR_B,RADAR_B-T2881,HEDEF_3_MANEVRA,13658.344469521813,-346816.1542403071,-345.16938633251567,198.89914898433057,5,574.6622129753894,8.1756070113073,False
874.02,RADAR_A,RADAR_A-T2847,PGT549U,19343.37202167716,-31670.84259081424,117.10295357116115,-198.36375139454248,10,125.57372796881103,2.021831720409404,False
874.92,RADAR_A,RADAR_A-T1485,HEDEF_2,270330.33267619024,-32359.2108983203,-118.65531996619723,-190.3898777800993,11,254.675603130746,1.528938460803196,False
875.62,RADAR_A,RADAR_A-T5059,HEDEF_3_MANEVRA,13121.584344088036,-345440.25283334963,-417.0406692844865,196.94728588667675,10,325.21617211257194,2.021831720409404,False
876.29,RADAR_B,RADAR_B-T2047,HEDEF_2,270188.64141099923,-32155.346558365127,-114.42397381933313,-184.213264610245,5,527.3817022810899,8.1756070113073,False
876.51,RADAR_A,RADAR_A-T2847,PGT549U,19705.194730875086,-32049.914286076193,127.23465272828122,-193.09099910324832,9,163.76921144250147,2.6736220001334834,False
877.09,RADAR_B,RADAR_B-T1858,PGT549U,19602.23323803154,-32286.517659191864,144.20012017779146,-218.87423211747048,8,215.0884712107832,3.5355339059327378,False
877.74,RADAR_A,RADAR_A-T1485,HEDEF_2,270029.4819582007,-32599.785091305475,-122.4235118654828,-186.49126787511014,11,254.44971258318157,1.528938460803196,False
877.85,RADAR_A,RADAR_A-T5059,HEDEF_3_MANEVRA,13962.202538206011,-344988.39127341856,-428.98230399391906,198.24780148480355,9,341.39137793593886,2.6736220001334834,False
878.73,RADAR_B,RADAR_B-T2881,HEDEF_3_MANEVRA,13605.928336860801,-344470.78104657884,-418.58379004673947,195.53904867443174,7,409.5097863640983,4.6753056338464924,False
879.46,RADAR_A,RADAR_A-T2847,PGT549U,20091.256644925565,-32912.839514385756,118.86793906629109,-198.87718848846345,9,163.8938562957378,2.6736220001334834,False
880.62,RADAR_A,RADAR_A-T5059,HEDEF_3_MANEVRA,14098.329687790094,-344405.81106604566,-424.0798516697013,199.0172548403048,11,314.544861511153,1.528938460803196,False
881.21,RADAR_B,RADAR_B-T1858,PGT549U,20207.937628452626,-33033.6447025859,121.92278973448884,-202.86338660365078,8,215.11703204923268,3.5355339059327378,False
882.3,RADAR_B,RADAR_B-T2881,HEDEF_3_MANEVRA,14563.181698540808,-344377.88264804066,-402.13503101460583,195.09371693621307,8,365.52700815047183,3.5355339059327378,False
882.4,RADAR_A,RADAR_A-T3813,HEDEF_2,269355.16259920964,-32905.86865977471,-123.0922038084894,-190.07434422528647,9,286.1372108420392,2.6736220001334834,False
882.52,RADAR_A,RADAR_A-T2847,PGT549U,20623.46567732792,-33718.90726849465,123.21607128765363,-197.7411676451366,9,164.0257191862286,2.6736220001334834,False
882.72,RADAR_B,RADAR_B-SC69319,STATIC_CLUTTER,389162.4974426891,-173899.0953714401,-0.34093773944274713,-0.07605989714168683,4,648.6736521905174,10.811227536508623,True
883.26,RADAR_A,RADAR_A-T5059,HEDEF_3_MANEVRA,14299.19445186176,-343891.0106122484,-423.80808639934037,199.31148898951648,10,323.9775862237597,2.021831720409404,False
884.68,RADAR_A,RADAR_A-T2847,PGT549U,20708.517091577378,-33886.58560662497,116.12963814447872,-200.9214233885438,11,98.06786282513524,1.528938460803196,False
885.07,RADAR_C,RADAR_C-T9972,HEDEF_2,268924.9324475983,-33720.812613363996,-142.52129009444707,-291.2044502391649,3,889.7920725303939,14.296509199195533,False
885.44,RADAR_A,RADAR_A-T3813,HEDEF_2,269212.93570588174,-33666.83734817267,-125.50164729472979,-193.27334487942304,9,285.9243612254793,2.6736220001334834,False
885.71,RADAR_A,RADAR_A-T5059,HEDEF_3_MANEVRA,14602.526746968131,-343507.60403070453,-412.564591685252,204.64453666222607,9,340.17922439706473,2.6736220001334834,False
885.84,RADAR_B,RADAR_B-T3178,HEDEF_2,268605.90274210734,-34349.15641070099,-111.01549326435841,-174.67234170318716,7,340.41936025532146,4.6753056338464924,False
887.05,RADAR_A,RADAR_A-T3813,HEDEF_2,268925.3865264719,-34784.05688545907,-122.66050882078598,-188.38118462966793,11,253.7135673531966,1.528938460803196,False
887.2,RADAR_B,RADAR_B-T2881,HEDEF_3_MANEVRA,15039.660433567464,-342984.1021032163,-466.9335184644647,204.76766487041562,5,573.3164401672885,8.1756070113073,False
887.38,RADAR_A,RADAR_A-T2847,PGT549U,21082.65318962582,-34469.75778714203,119.39878774315058,-200.0184401458258,10,126.32196836466825,2.021831720409404,False
887.76,RADAR_B,RADAR_B-T1858,PGT549U,21070.319093407452,-34352.87519225411,103.67219505661546,-175.0554043002462,7,282.82231736717097,4.6753056338464924,False
887.96,RADAR_A,RADAR_A-T5059,HEDEF_3_MANEVRA,14351.19421802274,-342873.90075288294,-427.9189977193834,196.41088317523023,10,323.216186655661,2.021831720409404,False
888.37,RADAR_B,RADAR_B-SC55470,STATIC_CLUTTER,100581.75000929351,207853.4799671177,0.417418248993753,0.1931272744258435,4,648.6736521905174,10.811227536508623,True
889.39,RADAR_A,RADAR_A-T3813,HEDEF_2,268540.0047880922,-35367.82717825062,-123.0098923709797,-199.2134404303926,11,253.53007043625433,1.528938460803196,False
889.58,RADAR_C,RADAR_C-SC05477,STATIC_CLUTTER,55119.00746790512,53294.146182512246,0.7185315503137599,-0.5737602752135437,3,857.790551951732,14.296509199195533,True
890.04,RADAR_B,RADAR_B-T3178,HEDEF_2,269123.80746276473,-35027.34851464185,-107.24847960808127,-189.1352842802917,5,526.9598539081852,8.1756070113073,False
890.53,RADAR_A,RADAR_A-T5059,HEDEF_3_MANEVRA,15176.7406934988,-342489.0463697146,-417.1538758580344,200.1775802575979,11,312.88807580259447,1.528938460803196,False
890.75,RADAR_A,RADAR_A-T2847,PGT549U,21572.231896869587,-35199.48766064221,119.13082454211744,-201.2738281301581,11,98.52324399117258,1.528938460803196,False
891.39,RADAR_A,RADAR_A-T3813,HEDEF_2,268252.6069755367,-35479.46870100029,-123.07401617764427,-204.97215032524,11,253.37421434547898,1.528938460803196,False
891.58,RADAR_B,RADAR_B-T2881,HEDEF_3_MANEVRA,14673.94584334366,-342166.85679227376,-389.4390924474702,203.92381013939297,5,572.89369309932,8.1756070113073,False
891.84,RADAR_B,RADAR_B-T1858,PGT549U,21479.276489088257,-35314.87651897093,135.33827733201144,-205.8270253880382,6,372.7175172359072,6.1825125572116635,False
893.05,RADAR_A,RADAR_A-T5059,HEDEF_3_MANEVRA,15530.188163410667,-341838.6824961356,-413.58711013045985,196.58685937690717,9,339.04953454905285,2.6736220001334834,False
893.34,RADAR_C,RADAR_C-T9005,PGT549U,21578.145146012055,-34909.98962170649,152.202757952211,-204.72275056194908,5,497.5876939627916,8.1756070113073,False
893.79,RADAR_A,RADAR_A-T2847,PGT549U,21811.22155220736,-35702.349593445884,117.80615684614062,-199.25577264149965,11,98.75595445811116,1.528938460803196,False
893.88,RADAR_B,RADAR_B-T3178,HEDEF_2,268434.6517036754,-35555.99768874704,-133.14181147066762,-178.817293123737,6,417.78444497687,6.1825125572116635,False
894.49,RADAR_A,RADAR_A-T3813,HEDEF_2,268255.19358423486,-35497.48157121309,-117.7922496092692,-203.4843851432049,9,285.29801928032555,2.6736220001334834,False
894.72,RADAR_B,RADAR_B-T1858,PGT549U,22248.762171549508,-35459.09493174855,129.94150803303552,-208.20266697808776,8,215.23474436324108,3.5355339059327378,False
895.25,RADAR_A,RADAR_A-T5059,HEDEF_3_MANEVRA,15679.560084096887,-341539.6308204553,-411.9884446931933,198.76922961338386,11,312.10082949455136,1.528938460803196,False
896.26,RADAR_A,RADAR_A-T2847,PGT549U,22243.222563619936,-36357.181555156836,125.46165828017799,-197.74422018914893,11,98.94784989300956,1.528938460803196,False
896.99,RADAR_A,RADAR_A-SC62965,STATIC_CLUTTER,-331745.87706901703,-102064.23975610905,0.11899545759807652,0.3826233071391763,4,648.6736521905174,10.811227536508623,True
897.0,RADAR_B,RADAR_B-T3178,HEDEF_2,268901.59651453054,-36493.53350920556,-127.45817770156613,-197.46955545183707,5,526.7522629136607,8.1756070113073,False
897.13,RADAR_A,RADAR_A-T3813,HEDEF_2,267727.66522661026,-36349.76458647443,-125.82257015346819,-211.66379739020158,9,285.1174055489248,2.6736220001334834,False
898.63,RADAR_A,RADAR_A-T2847,PGT549U,22423.132183114143,-36692.677893164095,126.22120971839182,-194.7488351008206,11,99.1344176619819,1.528938460803196,False
900.17,RADAR_A,RADAR_A-T3813,HEDEF_2,267216.6757112553,-37073.634196523664,-119.54602045882312,-189.39316693591323,11,252.6969886978906,1.528938460803196,False
900.19,RADAR_A,RADAR_A-T3788,HEDEF_3_MANEVRA,16127.06124273095,-340517.3081099236,-405.2462399745669,198.35403743109342,11,311.276955889647,1.528938460803196,False
900.7,RADAR_B,RADAR_B-T1858,PGT549U,22762.332496000497,-36898.8380730691,120.76808081146797,-203.91655182017695,8,215.29859761153128,3.5355339059327378,False
901.81,RADAR_A,RADAR_A-T2847,PGT549U,22902.715635117795,-37444.84542356704,128.73464665786625,-196.75325720170218,9,164.91212496724987,2.6736220001334834,False
902.39,RADAR_A,RADAR_A-T3813,HEDEF_2,266986.92012814607,-37721.23945662865,-119.68720090484572,-187.8776706102263,10,264.7090474727891,2.021831720409404,False
904.03,RADAR_C,RADAR_C-T9005,PGT549U,23068.40345111568,-38030.22366027231,85.0684243418053,-206.0457845612786,7,293.24810497940456,4.6753056338464924,False
904.41,RADAR_B,RADAR_B-T7056,HEDEF_3_MANEVRA,16838.61033979826,-339615.7390415352,-422.3418628723943,201.24677712504874,8,362.1745217659882,3.5355339059327378,False
904.65,RADAR_A,RADAR_A-T3813,HEDEF_2,266905.1708369564,-38253.357796205906,-124.40267276967855,-201.11977493059646,10,264.54507268695596,2.021831720409404,False
904.68,RADAR_C,RADAR_C-T5818,HEDEF_2,266915.0829619005,-38120.763998957016,-147.23381486055095,-260.96265169434787,5,544.2464496205134,8.1756070113073,False
905.19,RADAR_A,RADAR_A-T6106,HEDEF_3_MANEVRA,17301.94384509259,-339341.9753910162,-409.3302160399492,199.51392306096642,9,337.185795370655,2.6736220001334834,False
905.58,RADAR_A,RADAR_A-T7701,PGT549U,23350.857039531234,-38164.5588077366,150.77895504083466,-182.01669485491385,9,165.0961748233172,2.6736220001334834,False
905.78,RADAR_A,RADAR_A-SC14575,STATIC_CLUTTER,-336625.9811306913,-43817.42663458102,0.5221298960371438,0.5956623190761661,1,1500.0,25.0,True
906.11,RADAR_B,RADAR_B-T5768,HEDEF_2,266723.34943189844,-38320.50056122658,-115.72016080100836,-186.41651731095806,7,339.48833042001587,4.6753056338464924,False
906.11,RADAR_B,RADAR_B-T1858,PGT549U,23265.01925042796,-38139.35975254285,128.7924850721595,-203.86821757439276,8,215.36265250412038,3.5355339059327378,False
907.31,RADAR_A,RADAR_A-T6106,HEDEF_3_MANEVRA,16907.945260290624,-338948.6265904082,-395.39076588529474,202.5847525398155,9,336.86113791324607,2.6736220001334834,False
907.86,RADAR_A,RADAR_A-T3813,HEDEF_2,266221.19818117516,-38234.321245667474,-118.87097244387104,-192.9431108807553,9,284.39252475791625,2.6736220001334834,False
907.98,RADAR_A,RADAR_A-T7701,PGT549U,23658.63836696502,-38669.71645271624,115.86806475496577,-197.51101225124447,9,165.215170807126,2.6736220001334834,False
909.52,RADAR_B,RADAR_B-T1858,PGT549U,23900.533429821873,-38616.42781989344,148.84597740941027,-211.98851093785694,6,372.83266684770047,6.1825125572116635,False
910.55,RADAR_B,RADAR_B-T5768,HEDEF_2,265641.9904404891,-38917.42197754662,-120.31490002631605,-185.8890479442225,6,417.17165326212546,6.1825125572116635,False
910.84,RADAR_A,RADAR_A-T3813,HEDEF_2,265928.9559166344,-39455.67576366407,-122.57301102776981,-203.23252878036092,11,251.88937271408724,1.528938460803196,False
911.07,RADAR_B,RADAR_B-SC46433,STATIC_CLUTTER,-343925.3601865052,108132.6729497332,0.9464839077951712,-0.2738314166066704,3,857.790551951732,14.296509199195533,True
911.14,RADAR_A,RADAR_A-T7701,PGT549U,24024.545236544946,-39362.06963227462,110.93886681497247,-199.74126710726912,10,127.79278455029676,2.021831720409404,False
913.16,RADAR_A,RADAR_A-T3813,HEDEF_2,265676.5171559218,-39854.63324757072,-121.53471250159231,-203.07168419288936,10,263.9344573259182,2.021831720409404,False
913.49,RADAR_A,RADAR_A-SC14575,STATIC_CLUTTER,-336626.51388810336,-43800.384441036964,0.24576246413065803,0.06664542322067901,3,857.790551951732,14.296509199195533,True
913.5,RADAR_A,RADAR_A-T7701,PGT549U,24102.707754139396,-39604.793122480914,117.45018612960367,-201.31178835759633,10,127.94858532936664,2.021831720409404,False
913.88,RADAR_B,RADAR_B-T1858,PGT549U,24244.498127529187,-39719.23490763581,135.1516952045192,-205.65507281858373,9,164.79924083083162,2.6736220001334834,False
914.39,RADAR_C,RADAR_C-T5818,HEDEF_2,265984.924006416,-39650.323889621155,-106.32643790004137,-179.63994703642288,7,366.2094172318367,4.6753056338464924,False
915.06,RADAR_A,RADAR_A-T6846,HEDEF_3_MANEVRA,17367.79756081926,-337399.47427019395,-377.0366994280531,200.21027262536708,10,318.8423230738774,2.021831720409404,False
915.76,RADAR_B,RADAR_B-T2921,HEDEF_3_MANEVRA,17213.812991781757,-337055.78302595596,-402.4999814908715,202.10885591899103,7,404.50488052875033,4.6753056338464924,False
915.8,RADAR_A,RADAR_A-T7701,PGT549U,24549.745860604435,-40358.94819014316,111.77602840013867,-201.7689069672691,9,165.61314264643943,2.6736220001334834,False
917.69,RADAR_A,RADAR_A-T6846,HEDEF_3_MANEVRA,17736.411655972577,-336995.5526352192,-396.0903180389963,196.4280875518665,10,318.4198995384557,2.021831720409404,False
917.88,RADAR_A,RADAR_A-T7143,HEDEF_2,265003.6905001517,-40675.315112140255,-122.3268442059291,-207.34791469599543,10,263.60065410023356,2.021831720409404,False
918.24,RADAR_A,RADAR_A-T7701,PGT549U,24884.87040391625,-40991.16288903425,123.2098042612237,-199.40733550117537,10,128.26668830594386,2.021831720409404,False
919.1,RADAR_B,RADAR_B-T1858,PGT549U,24656.059777829818,-41135.346836707475,101.3990031806091,-189.21321849181066,5,492.01990276976596,8.1756070113073,False
919.4,RADAR_A,RADAR_A-T7143,HEDEF_2,264882.92205668223,-41159.54378854464,-119.6142213732241,-194.4365547799323,9,283.63131975887404,2.6736220001334834,False
920.43,RADAR_A,RADAR_A-T6846,HEDEF_3_MANEVRA,17943.09493275998,-336418.4252405197,-387.32865600518016,200.57692595370173,11,307.91261931313585,1.528938460803196,False
920.45,RADAR_A,RADAR_A-T7701,PGT549U,25148.84799057863,-41187.78591646823,128.84924787762654,-192.91613811648438,9,165.85698287655958,2.6736220001334834,False
921.33,RADAR_C,RADAR_C-T5818,HEDEF_2,264924.16941127094,-40979.34652201974,-111.26462325875727,-191.27082695009145,7,366.0605032453201,4.6753056338464924,False
921.52,RADAR_B,RADAR_B-SC55470,STATIC_CLUTTER,100559.0289622373,207776.97723837657,-0.013296763097134687,-0.266754426648704,2,1134.321747974356,18.905362466239264,True
921.61,RADAR_A,RADAR_A-T7143,HEDEF_2,264698.5013581701,-41861.08989542308,-122.7208575269634,-208.6803002628462,11,251.09146437970836,1.528938460803196,False
921.94,RADAR_B,RADAR_B-T1858,PGT549U,25126.341990689303,-41487.117753126106,98.51157927528672,-187.17309428025658,7,283.13756862418205,4.6753056338464924,False
922.15,RADAR_B,RADAR_B-T7365,HEDEF_2,264380.1012563836,-41473.849622362475,-121.14287365821835,-217.0059710290616,8,284.75602664906654,3.5355339059327378,False
923.01,RADAR_A,RADAR_A-T7701,PGT549U,25456.746380922265,-41704.574232525134,121.7422056053521,-197.35666343744882,11,101.17094149966486,1.528938460803196,False
923.38,RADAR_A,RADAR_A-T6846,HEDEF_3_MANEVRA,18803.801592221836,-335926.79542144074,-376.2295642154292,198.87429542159558,9,334.40752504666136,2.6736220001334834,False
923.39,RADAR_A,RADAR_A-T7143,HEDEF_2,264443.66925198055,-41952.595769216656,-123.64030941168248,-187.71442280136426,9,283.3720055278895,2.6736220001334834,False
925.18,RADAR_A,RADAR_A-T7701,PGT549U,25827.10147603808,-42357.998559757754,128.59076998734707,-198.08581706615027,9,166.110209009694,2.6736220001334834,False
926.15,RADAR_A,RADAR_A-T6846,HEDEF_3_MANEVRA,19141.296347394848,-335014.8811757446,-370.37125639075566,198.20398838698958,11,306.96477877478617,1.528938460803196,False
926.19,RADAR_B,RADAR_B-T2078,HEDEF_3_MANEVRA,18778.00438410977,-335509.0438718561,-385.28110758852745,195.83150698016695,9,330.96636699387903,2.6736220001334834,False
926.75,RADAR_B,RADAR_B-SC69319,STATIC_CLUTTER,389140.2873716983,-173905.7972360479,-0.4002136704905222,0.560055265759994,1,1500.0,25.0,True
927.8,RADAR_A,RADAR_A-T7701,PGT549U,25973.183948817397,-42703.7213545136,119.4795212685454,-199.55508300425652,10,128.92786653889527,2.021831720409404,False
928.14,RADAR_A,RADAR_A-T3284,HEDEF_2,263872.73533175635,-42662.3770365119,-123.13273426568333,-202.8079338431223,11,250.6161850442081,1.528938460803196,False
928.61,RADAR_A,RADAR_A-T6846,HEDEF_3_MANEVRA,18704.561044965452,-334758.7430909363,-382.83101757845844,199.84665902197563,11,306.5587761774759,1.528938460803196,False
928.88,RADAR_B,RADAR_B-T1858,PGT549U,26102.764171644587,-42884.774267461755,119.49343306996614,-190.08699557386151,7,283.2234091377713,4.6753056338464924,False
929.57,RADAR_C,RADAR_C-T5005,PGT549U,26202.718655268807,-43030.508420776554,53.91476775914752,-205.00108893264655,5,498.77219287239046,8.1756070113073,False
930.56,RADAR_A,RADAR_A-T3284,HEDEF_2,263556.4992723999,-42713.47631799959,-115.72928759862499,-196.63261720723065,10,262.7196619972873,2.021831720409404,False
930.74,RADAR_A,RADAR_A-T6846,HEDEF_3_MANEVRA,19140.01355774712,-334314.4074729605,-378.1085365330867,197.60064496535176,11,306.2058639433951,1.528938460803196,False
930.92,RADAR_A,RADAR_A-T7701,PGT549U,26472.06694847803,-43368.282038394864,149.981210794841,-180.22433229793756,9,166.4251264732076,2.6736220001334834,False
931.18,RADAR_A,RADAR_A-SC14575,STATIC_CLUTTER,-336577.328999453,-43805.939926557454,-0.4693641658153217,-0.09739394132105439,3,857.790551951732,14.296509199195533,True
933.07,RADAR_A,RADAR_A-T3284,HEDEF_2,263245.7985375904,-43517.25284732549,-120.62088898513284,-206.40009882275592,10,262.5480636058327,2.021831720409404,False
933.59,RADAR_A,RADAR_A-T6846,HEDEF_3_MANEVRA,19248.670489456512,-333878.34560993983,-358.7460052099745,198.9550262631767,9,332.85474991787726,2.6736220001334834,False
933.83,RADAR_A,RADAR_A-T7701,PGT549U,26789.568580524192,-43984.064037958495,123.52314280379747,-198.6860535576191,10,129.35927162527898,2.021831720409404,False
933.88,RADAR_B,RADAR_B-T1858,PGT549U,26713.6200753366,-43867.76333631751,89.41673646217156,-188.42373122588023,6,373.05102911780705,6.1825125572116635,False
934.38,RADAR_B,RADAR_B-T5784,HEDEF_2,262273.51856840285,-43850.36371428918,-138.66465975277464,-278.35262629715504,5,525.703836480608,8.1756070113073,False
935.9,RADAR_A,RADAR_A-T6846,HEDEF_3_MANEVRA,19604.90752835677,-333070.88674368133,-367.18738728376877,203.65139717405222,10,315.50103534309795,2.021831720409404,False
936.62,RADAR_C,RADAR_C-T5818,HEDEF_2,263128.47625143826,-43847.28560717742,-114.15318624783839,-181.8529853748372,7,365.7527347233019,4.6753056338464924,False
937.35,RADAR_A,RADAR_A-T7500,HEDEF_2,262675.90847483405,-45074.6110368304,-124.65227536959102,-188.44651971388564,10,262.257658033869,2.021831720409404,False
937.63,RADAR_B,RADAR_B-T4165,HEDEF_3_MANEVRA,19944.0052018127,-332835.7375415858,-365.14469243318456,200.88041938096032,7,401.58258079222276,4.6753056338464924,False
937.95,RADAR_A,RADAR_A-T6846,HEDEF_3_MANEVRA,20235.63168774776,-332691.6415227993,-367.200326133326,198.7714384420061,11,305.0137378687424,1.528938460803196,False
938.25,RADAR_A,RADAR_A-T8413,PGT549U,27321.2270074955,-44741.5595848967,117.97833035086803,-201.1073437615879,11,102.55212578139016,1.528938460803196,False
939.1,RADAR_B,RADAR_B-T5784,HEDEF_2,262195.5298568654,-45230.51818996384,-123.54475244025647,-210.95793331560458,9,247.67217297116014,2.6736220001334834,False
939.71,RADAR_A,RADAR_A-T7500,HEDEF_2,262463.9752621352,-45277.03918176708,-122.9564039399191,-198.75572380487358,10,262.09847253289075,2.021831720409404,False
939.77,RADAR_C,RADAR_C-T5005,PGT549U,27466.440826151505,-45422.95168133162,94.93070455796723,-182.24283557247776,3,862.7313209714312,14.296509199195533,False
940.63,RADAR_A,RADAR_A-T6846,HEDEF_3_MANEVRA,20112.98428989562,-332072.2041344033,-360.0225531201976,199.33637027906408,9,331.7871428832345,2.6736220001334834,False
940.86,RADAR_A,RADAR_A-T8413,PGT549U,27643.538643743024,-45336.4335657483,127.18186919132393,-195.06132754183162,10,129.87589764112275,2.021831720409404,False
942.24,RADAR_A,RADAR_A-T7500,HEDEF_2,262227.1595798452,-45618.82806030358,-121.58716022306871,-203.69406365225797,11,249.61210814175345,1.528938460803196,False
942.43,RADAR_A,RADAR_A-T6846,HEDEF_3_MANEVRA,20296.970963139556,-331910.5110103863,-377.16328335355456,200.78187573398205,10,314.4572647452999,2.021831720409404,False
943.0,RADAR_A,RADAR_A-T8413,PGT549U,27892.546571327774,-45849.18496579358,117.3119563236215,-200.46917520429787,11,102.99927588493526,1.528938460803196,False
943.13,RADAR_B,RADAR_B-T4165,HEDEF_3_MANEVRA,20351.619951301305,-332183.30382240564,-347.46191775942174,193.52693377302901,6,468.61046198997724,6.1825125572116635,False
943.81,RADAR_B,RADAR_B-T5166,PGT549U,27960.110867423005,-45848.62470894671,114.63063916394847,-193.98400080856482,9,165.4616396760911,2.6736220001334834,False
944.2,RADAR_A,RADAR_A-T7500,HEDEF_2,261975.42866785068,-46398.21638364346,-126.66124146189173,-201.04767959968467,9,282.05696349444736,2.6736220001334834,False
944.54,RADAR_A,RADAR_A-T6846,HEDEF_3_MANEVRA,21093.454963634653,-331354.5528176126,-368.507263015273,196.5909528101134,10,314.12103975317217,2.021831720409404,False
945.22,RADAR_A,RADAR_A-T8413,PGT549U,28373.64053715397,-46502.76332323962,131.07655836280938,-192.33008055039974,9,167.2439231694689,2.6736220001334834,False
946.44,RADAR_B,RADAR_B-T4165,HEDEF_3_MANEVRA,20787.14612037597,-330848.9675513489,-285.7778398430239,181.7188056315794,5,567.6848975621887,8.1756070113073,False
946.54,RADAR_A,RADAR_A-T6846,HEDEF_3_MANEVRA,21446.50682956404,-330917.119946862,-350.71679912777176,198.2715957330352,9,330.8924755092681,2.6736220001334834,False
946.94,RADAR_C,RADAR_C-T5818,HEDEF_2,261884.52699341316,-46602.45652599489,-105.54204753274587,-147.65731771132522,6,438.80342137686284,6.1825125572116635,False
946.94,RADAR_B,RADAR_B-T5166,PGT549U,28050.62584547023,-47082.01891477253,126.55370889563443,-207.47503825658873,6,373.1964756224576,6.1825125572116635,False
947.2,RADAR_A,RADAR_A-T7500,HEDEF_2,261749.10699166346,-46541.71627076222,-121.97050740613162,-203.1173582678882,9,281.8720491585722,2.6736220001334834,False
947.36,RADAR_A,RADAR_A-SC62965,STATIC_CLUTTER,-331754.34416173847,-102089.13773163452,-0.3740010065589838,-0.039792302913780185,1,1500.0,25.0,True
948.19,RADAR_B,RADAR_B-T1406,HEDEF_2,261537.69277815273,-46602.522492326614,-126.74653678890948,-197.8189299850514,7,337.7159866122586,4.6753056338464924,False
948.47,RADAR_A,RADAR_A-T8413,PGT549U,28714.961493487783,-47146.3802349003,123.82316978476325,-199.5662669897335,10,130.45110976029125,2.021831720409404,False
948.96,RADAR_A,RADAR_A-T6846,HEDEF_3_MANEVRA,20791.560256313867,-330586.09292876726,-361.836927061378,204.17563525036462,10,313.4164171893112,2.021831720409404,False
949.55,RADAR_A,RADAR_A-T7500,HEDEF_2,261072.87718205064,-47209.753733190155,-123.12409705323259,-209.70079751424777,10,261.44490242793586,2.021831720409404,False
950.71,RADAR_A,RADAR_A-T8413,PGT549U,28845.356365825995,-47522.933310101114,121.93354934834817,-200.5539879005928,11,103.73965518987993,1.528938460803196,False
951.27,RADAR_B,RADAR_B-T5166,PGT549U,28903.708684296827,-47377.0071717754,99.62557545858542,-185.93157938422408,7,283.5506414792994,4.6753056338464924,False
951.48,RADAR_A,RADAR_A-T6846,HEDEF_3_MANEVRA,21316.21618076576,-329919.5904873044,-377.0527270672696,201.36883968700215,9,330.14572489833523,2.6736220001334834,False
951.9,RADAR_A,RADAR_A-T7500,HEDEF_2,261219.4386928701,-47467.86101558168,-123.83518932405316,-192.54407824913577,9,281.58530705761024,2.6736220001334834,False
952.1,RADAR_C,RADAR_C-T5005,PGT549U,28828.102421606192,-47240.923573240674,96.70505971991767,-217.93852859574076,4,655.5279502075509,10.811227536508623,False
952.69,RADAR_B,RADAR_B-SC55470,STATIC_CLUTTER,100575.49445633024,207783.4704699946,-0.2903798602271483,0.2878781236096357,1,1500.0,25.0,True
952.69,RADAR_B,RADAR_B-SC46433,STATIC_CLUTTER,-343921.6163478465,108077.78807641691,0.35111746663715354,-0.012497459461422097,1,1500.0,25.0,True
952.96,RADAR_A,RADAR_A-T8413,PGT549U,29109.503662133364,-47820.4326591638,124.11755427147291,-199.20843962640896,10,130.79864121370818,2.021831720409404,False
953.34,RADAR_C,RADAR_C-T9548,HEDEF_3_MANEVRA,20989.167614992228,-329106.80711525923,-296.841008171653,206.5098045674078,6,503.35744726050183,6.1825125572116635,False
954.12,RADAR_A,RADAR_A-T6846,HEDEF_3_MANEVRA,21382.008297782046,-329645.1808820851,-350.8084406656319,198.14561335469236,9,329.7475859269137,2.6736220001334834,False
954.76,RADAR_A,RADAR_A-T7500,HEDEF_2,260443.74776102506,-48714.73150831238,-124.77512740506216,-202.77028410668888,9,281.41246497719607,2.6736220001334834,False
955.0,RADAR_A,RADAR_A-T8413,PGT549U,29411.40136532664,-48433.194633687504,115.09202432133779,-199.05299158089022,10,130.95849746302903,2.021831720409404,False
956.19,RADAR_B,RADAR_B-T6068,HEDEF_3_MANEVRA,21535.835654680126,-328752.06930173776,-346.7836859488241,190.15611204734878,7,399.1235054224925,4.6753056338464924,False
956.2,RADAR_A,RADAR_A-T6846,HEDEF_3_MANEVRA,22179.737664744982,-329159.3246152314,-353.21999659780636,200.76255898242908,10,312.2640517407245,2.021831720409404,False
957.0,RADAR_A,RADAR_A-T7500,HEDEF_2,260128.84639043058,-48904.002784959266,-123.3952487207213,-192.1277716545531,10,260.95900557359164,2.021831720409404,False
957.83,RADAR_A,RADAR_A-T8413,PGT549U,29653.255174623948,-48762.408676950625,121.95283245162652,-199.00583013807545,10,131.18181903559912,2.021831720409404,False
958.08,RADAR_B,RADAR_B-T7015,HEDEF_2,260058.38076841587,-48878.22310581104,-120.6973885201315,-213.61914769117698,7,337.3314295204443,4.6753056338464924,False
959.96,RADAR_A,RADAR_A-T7500,HEDEF_2,260240.38012049324,-49284.85832426466,-117.3548119440898,-190.25492812020482,10,260.7689591769957,2.021831720409404,False
960.02,RADAR_C,RADAR_C-T5818,HEDEF_2,260515.1207368593,-48714.24965205471,-145.83917497955616,-253.21329406434873,5,543.5119077597692,8.1756070113073,False
960.04,RADAR_A,RADAR_A-T8413,PGT549U,30139.62417646764,-49238.315382137225,120.35933196315153,-201.1311638452176,11,104.66278339334438,1.528938460803196,False
960.64,RADAR_B,RADAR_B-T3721,PGT549U,30032.476007459314,-49400.788942020925,123.5739415789173,-200.86785367191504,7,283.7104472811744,4.6753056338464924,False
961.49,RADAR_A,RADAR_A-T6252,HEDEF_3_MANEVRA,22232.850726332963,-327823.84486023616,-342.802446884597,198.3177772175865,11,301.13828677171944,1.528938460803196,False
961.69,RADAR_C,RADAR_C-T9548,HEDEF_3_MANEVRA,21576.64443976222,-327872.7909995202,-310.954891431757,206.97482934521346,4,731.8048908261579,10.811227536508623,False
961.97,RADAR_B,RADAR_B-T7015,HEDEF_2,260061.68309596225,-49827.693632452014,-113.53521694296283,-161.3157115014603,5,525.0027968555729,8.1756070113073,False
962.27,RADAR_A,RADAR_A-T8413,PGT549U,30376.335995432582,-49709.61436548074,113.76829062016076,-204.19726249832004,11,104.88795475515994,1.528938460803196,False
962.52,RADAR_A,RADAR_A-T7500,HEDEF_2,259670.4063518192,-49843.80034350942,-123.20075572946612,-208.6637692490652,9,280.94916606041835,2.6736220001334834,False
963.98,RADAR_A,RADAR_A-T6252,HEDEF_3_MANEVRA,22518.488845162083,-327368.04633643315,-320.467986103728,202.07294380231565,9,328.2629260718506,2.6736220001334834,False
964.67,RADAR_A,RADAR_A-T7500,HEDEF_2,259287.2366173686,-50264.73270881863,-125.11423113976551,-204.95288622174303,11,248.07888262878518,1.528938460803196,False
964.72,RADAR_A,RADAR_A-T8413,PGT549U,30541.218660935854,-50194.82751366663,132.43063663077396,-192.84794775989323,11,105.1364894846389,1.528938460803196,False
964.83,RADAR_B,RADAR_B-T7015,HEDEF_2,259603.6468726662,-50460.02455310797,-125.16555603626531,-189.1134409615064,7,337.0756224718373,4.6753056338464924,False
965.48,RADAR_A,RADAR_A-SC14575,STATIC_CLUTTER,-336606.85676230193,-43818.3610189077,0.27281952068670334,1.1513242623867102,1,1500.0,25.0,True
965.99,RADAR_B,RADAR_B-T3721,PGT549U,30531.536132589532,-50536.875005533366,140.92694079945275,-213.50975139284253,9,166.1019542496179,2.6736220001334834,False
966.11,RADAR_A,RADAR_A-T6252,HEDEF_3_MANEVRA,22726.576182560755,-326995.6760377907,-336.8624251312317,200.23796639501143,11,300.38102033488434,1.528938460803196,False
967.38,RADAR_A,RADAR_A-T7500,HEDEF_2,258868.68064680285,-50858.84499927804,-120.78219165572983,-199.5467823293759,9,280.6635542819583,2.6736220001334834,False
967.54,RADAR_A,RADAR_A-T8413,PGT549U,30948.408162715557,-50781.071141217886,115.69138561630244,-200.30122056503802,9,168.61980006024226,2.6736220001334834,False
969.77,RADAR_B,RADAR_B-T3721,PGT549U,30991.925866580823,-51333.92570524492,129.38526456750049,-198.48342646861903,5,492.46587324413235,8.1756070113073,False
969.79,RADAR_A,RADAR_A-T7500,HEDEF_2,258613.84790466595,-51683.19962244002,-118.70881143515012,-186.69221584602724,9,280.52339785600833,2.6736220001334834,False
970.13,RADAR_C,RADAR_C-T5005,PGT549U,31280.35305731873,-51256.32779252102,124.79796021152335,-192.755469798277,7,297.14516139831244,4.6753056338464924,False
970.69,RADAR_B,RADAR_B-T3922,HEDEF_3_MANEVRA,22851.731148002462,-326137.5007118686,-360.93959552112057,191.5014959454606,5,565.4340340579424,8.1756070113073,False
970.69,RADAR_A,RADAR_A-T8413,PGT549U,31407.753514320408,-51570.26251723282,123.71603138868082,-196.58487531575327,10,132.22622751325494,2.021831720409404,False
970.9,RADAR_A,RADAR_A-T9816,HEDEF_3_MANEVRA,23007.10558617139,-326038.781348286,-339.46908504875523,201.08706792503384,9,327.22408198850206,2.6736220001334834,False
971.05,RADAR_B,RADAR_B-T7015,HEDEF_2,258619.54874190362,-51625.88777842169,-114.77578574554694,-180.63232981024447,9,245.98330525929634,2.6736220001334834,False
972.35,RADAR_A,RADAR_A-T7500,HEDEF_2,258047.95936470033,-51815.628351768886,-126.01672833631173,-193.49655688271056,9,280.3746587793847,2.6736220001334834,False
973.13,RADAR_A,RADAR_A-T8413,PGT549U,31645.027420559425,-51956.07900186128,114.01438584133102,-206.00321330855132,10,132.4293159371838,2.021831720409404,False
973.31,RADAR_A,RADAR_A-SC62965,STATIC_CLUTTER,-331748.67376685794,-102075.02753766353,0.4452367144647073,0.09678323899964242,1,1500.0,25.0,True
973.94,RADAR_B,RADAR_B-T3721,PGT549U,31597.15628134475,-52142.684787029786,135.2066205469513,-203.90278196497292,9,166.36231029523822,2.6736220001334834,False
974.56,RADAR_B,RADAR_B-T3922,HEDEF_3_MANEVRA,23269.732596453803,-326388.9102022811,-374.7902547182398,213.32896687758245,5,565.0777519872278,8.1756070113073,False
974.79,RADAR_A,RADAR_A-T7500,HEDEF_2,257878.23591125815,-52420.76032714776,-120.10859415484293,-216.5085367767975,9,280.23458106493615,2.6736220001334834,False
975.18,RADAR_C,RADAR_C-T5005,PGT549U,31756.949787592464,-52001.2088725201,111.34735404952028,-208.62562659691176,6,383.9276320452525,6.1825125572116635,False
975.84,RADAR_A,RADAR_A-T7817,HEDEF_3_MANEVRA,23475.6584516811,-325013.59831937804,-341.46812262580846,205.87092382389415,9,326.4849999758127,2.6736220001334834,False
976.62,RADAR_B,RADAR_B-SC55470,STATIC_CLUTTER,100582.99308977918,207831.4853371926,0.20370139437027895,0.02544862361874819,4,648.6736521905174,10.811227536508623,True
976.68,RADAR_A,RADAR_A-T8413,PGT549U,32109.662508795693,-52707.11453917952,118.808915577188,-198.01651745133051,9,169.2166242803104,2.6736220001334834,False
977.48,RADAR_B,RADAR_B-T7015,HEDEF_2,256705.39476860606,-52588.53007118605,-138.17349890220152,-216.46673755924252,5,524.6360928323431,8.1756070113073,False
977.75,RADAR_C,RADAR_C-T8870,HEDEF_2,257559.91279613625,-52998.74336819571,-123.4335133137464,-221.02928817653694,6,438.3880352016475,6.1825125572116635,False
977.8,RADAR_B,RADAR_B-T3721,PGT549U,32041.389822594094,-53016.62287037965,130.03042846614858,-212.09274548561302,8,216.76432443312038,3.5355339059327378,False
977.99,RADAR_A,RADAR_A-T7817,HEDEF_3_MANEVRA,24117.129202302855,-324539.04726325773,-336.691676434465,197.64111091089387,11,298.4363714862035,1.528938460803196,False
978.28,RADAR_A,RADAR_A-T7500,HEDEF_2,257701.65491778956,-53148.868980214414,-124.42740368789897,-206.5813476878881,10,259.6190166025444,2.021831720409404,False
979.82,RADAR_A,RADAR_A-T8413,PGT549U,32527.881075024856,-53448.422520971086,124.14559657538936,-203.15306583049616,11,106.71050302086252,1.528938460803196,False
980.81,RADAR_A,RADAR_A-T7817,HEDEF_3_MANEVRA,24034.25058617857,-324308.7465689873,-330.4680760422039,198.1747860731245,9,325.74126125925847,2.6736220001334834,False
981.06,RADAR_B,RADAR_B-T3922,HEDEF_3_MANEVRA,24251.612742352827,-324094.7397914381,-327.5267218793112,198.399228148746,9,322.09643369928466,2.6736220001334834,False
981.2,RADAR_A,RADAR_A-T7500,HEDEF_2,257263.6122189444,-53595.81520037275,-122.39605146364713,-199.31253461917282,11,246.99973424498057,1.528938460803196,False
981.42,RADAR_A,RADAR_A-T8413,PGT549U,32621.658222825725,-53486.096406289376,134.57275861596835,-192.74426646667828,9,169.5338156239584,2.6736220001334834,False
981.95,RADAR_C,RADAR_C-T3725,HEDEF_3_MANEVRA,23758.015304555458,-324087.82958415383,-354.6882889487478,188.14172766735163,5,594.1154715970255,8.1756070113073,False
982.65,RADAR_B,RADAR_B-T7015,HEDEF_2,257564.1497235495,-54040.06096425218,-124.61025386182563,-202.62889850717164,6,414.846972053687,6.1825125572116635,False
983.48,RADAR_A,RADAR_A-T7817,HEDEF_3_MANEVRA,24260.036660688136,-323542.9161210662,-323.5384350894691,200.90343954430713,11,297.53956675802834,1.528938460803196,False
983.55,RADAR_A,RADAR_A-T7500,HEDEF_2,256899.12198181124,-54347.79619377764,-119.13819933317689,-193.7356261359492,11,246.84951108190427,1.528938460803196,False
983.67,RADAR_B,RADAR_B-T3721,PGT549U,33010.027815665686,-53586.28630474303,131.3259071181636,-200.4480136300766,7,284.159601064266,4.6753056338464924,False
984.03,RADAR_A,RADAR_A-T8413,PGT549U,32941.441016134544,-54026.542094790144,120.98748482916201,-201.38262511565384,10,133.35716137521572,2.021831720409404,False
985.74,RADAR_A,RADAR_A-T7500,HEDEF_2,256832.71332070124,-55058.19858006736,-112.91064397149532,-199.32892506413475,9,279.61480425361924,2.6736220001334834,False
985.98,RADAR_B,RADAR_B-SC46433,STATIC_CLUTTER,-343917.72968681477,108140.03605060712,0.11390369124454376,0.01948721235500646,1,1500.0,25.0,True
986.01,RADAR_A,RADAR_A-T7817,HEDEF_3_MANEVRA,24437.497219919947,-322897.4840902293,-316.41762826807377,200.0600533663284,11,297.1258708133362,1.528938460803196,False
986.02,RADAR_A,RADAR_A-T8413,PGT549U,33295.30528710272,-54659.557631531134,115.00644634871624,-201.10220757826787,10,133.5300404322255,2.021831720409404,False
986.52,RADAR_C,RADAR_C-T5005,PGT549U,33305.352088304426,-54651.43154170083,144.52487694998032,-198.26452049300264,7,298.2019141384641,4.6753056338464924,False
986.8,RADAR_B,RADAR_B-T7015,HEDEF_2,256622.25995309578,-54692.58213756429,-112.13430767948398,-187.99691141747246,6,414.7292263287336,6.1825125572116635,False
987.4,RADAR_B,RADAR_B-T3922,HEDEF_3_MANEVRA,25074.186527700294,-322584.67752657697,-320.9438309215126,197.06182457216067,7,395.0309124950752,4.6753056338464924,False
988.32,RADAR_A,RADAR_A-T7817,HEDEF_3_MANEVRA,24940.678328408085,-322488.0953005287,-339.94217893344467,199.03768544934846,9,324.62028086971344,2.6736220001334834,False
988.36,RADAR_B,RADAR_B-T3721,PGT549U,33370.633354395686,-55147.451765952566,126.84657032002555,-202.984627163507,9,166.8757005018931,2.6736220001334834,False
988.46,RADAR_A,RADAR_A-T7500,HEDEF_2,256633.13588220364,-54820.40445022501,-117.6052492359841,-192.9088773046251,9,279.4632081991333,2.6736220001334834,False
988.89,RADAR_A,RADAR_A-T8413,PGT549U,33513.07026110466,-55159.08179677425,125.34601077936902,-195.88790066102223,10,133.78127312991919,2.021831720409404,False
990.37,RADAR_A,RADAR_A-T7500,HEDEF_2,256124.55114853487,-55204.67906294252,-119.38846745381579,-192.23668903182548,9,279.3575903746192,2.6736220001334834,False
990.95,RADAR_A,RADAR_A-T7817,HEDEF_3_MANEVRA,25380.479080065452,-321740.4896287743,-319.38436889389345,201.67961631514905,11,296.32092227623014,1.528938460803196,False
991.71,RADAR_A,RADAR_A-T8413,PGT549U,33923.83608539959,-55790.66078207311,125.99648737196765,-200.8803529688144,9,170.24059768456368,2.6736220001334834,False
991.95,RADAR_B,RADAR_B-T7015,HEDEF_2,255814.66254667574,-55829.50405013009,-120.96159639074389,-167.50880362329707,8,281.56158926660356,3.5355339059327378,False
993.13,RADAR_A,RADAR_A-T7500,HEDEF_2,255804.7092036905,-55708.6371069951,-120.46715978730779,-205.61489134228492,10,258.7244637880856,2.021831720409404,False
993.22,RADAR_A,RADAR_A-T7817,HEDEF_3_MANEVRA,25258.443185427022,-321442.8222718529,-322.1265163871588,196.23206777531792,9,323.8906604285741,2.6736220001334834,False
993.41,RADAR_B,RADAR_B-T3721,PGT549U,34147.58351596673,-56061.0927830968,135.8975819737841,-205.12463927338356,8,217.20483426796596,3.5355339059327378,False
993.76,RADAR_C,RADAR_C-T5005,PGT549U,33878.033072991566,-54839.820041339684,151.83055976952085,-187.53173745677628,3,863.9005379338334,14.296509199195533,False
993.81,RADAR_A,RADAR_A-T8413,PGT549U,34139.11987159884,-56115.067860773284,110.76438149579803,-204.0706944217568,9,170.3875878637466,2.6736220001334834,False
995.37,RADAR_A,RADAR_A-T7500,HEDEF_2,255324.15484279415,-56855.719841891725,-125.24833352658447,-203.08340056830573,11,246.108636649242,1.528938460803196,False
995.44,RADAR_A,RADAR_A-T7817,HEDEF_3_MANEVRA,25712.00733826873,-320884.5880136979,-311.7971311181173,195.58798403527817,9,323.56168420735906,2.6736220001334834,False
995.56,RADAR_C,RADAR_C-T3725,HEDEF_3_MANEVRA,26046.245964238908,-320947.920811013,-318.9357614234503,208.5482680547544,5,592.7640480892474,8.1756070113073,False
996.41,RADAR_A,RADAR_A-T8413,PGT549U,34382.042958760096,-56744.22417183326,127.22286236221571,-196.506576756847,11,108.51884369140595,1.528938460803196,False
997.02,RADAR_B,RADAR_B-T3721,PGT549U,34517.28091721601,-56666.93880058001,140.51384480945427,-208.67435758744986,7,284.45681267564584,4.6753056338464924,False
997.4,RADAR_B,RADAR_B-SC69319,STATIC_CLUTTER,389194.5174758232,-173879.36033603555,0.05742070612865526,-0.5512724290028314,2,1134.321747974356,18.905362466239264,True
997.45,RADAR_B,RADAR_B-T3309,HEDEF_3_MANEVRA,25613.66285951989,-320428.38541016215,-314.14718071110474,200.92519092145594,8,348.32322556431967,3.5355339059327378,False
997.46,RADAR_A,RADAR_A-T7500,HEDEF_2,255417.65365244975,-57079.592707829266,-121.1263625744875,-191.75614597867957,10,258.47029601536667,2.021831720409404,False
999.5,RADAR_A,RADAR_A-T8413,PGT549U,34859.12994302082,-57423.69048236177,113.31308416455445,-202.9597901790455,10,134.72961000006396,2.021831720409404,False
1000.46,RADAR_A,RADAR_A-T7755,HEDEF_3_MANEVRA,26555.115960717736,-320078.79610098473,-318.7779101341059,197.10676695794214,9,322.8149673511566,2.6736220001334834,False
1000.56,RADAR_A,RADAR_A-T7500,HEDEF_2,254887.23464732946,-57592.325094883374,-123.92134286804615,-198.7683808570824,11,245.79044144876585,1.528938460803196,False
1001.41,RADAR_A,RADAR_A-T8413,PGT549U,35111.66959488419,-57786.96905289352,125.55713636075876,-197.8123711484613,9,170.9287852339505,2.6736220001334834,False
1002.38,RADAR_B,RADAR_B-T3721,PGT549U,35266.81094832408,-57645.67304935158,131.5951513074446,-209.87594309966295,8,217.47963060991475,3.5355339059327378,False
1002.72,RADAR_A,RADAR_A-T7755,HEDEF_3_MANEVRA,26368.0078504732,-319633.81121390883,-326.7517925454144,197.7725812747083,9,322.4798043623102,2.6736220001334834,False
1003.31,RADAR_C,RADAR_C-T9452,HEDEF_2,254640.12837764111,-57800.12400130469,-136.25826132017076,-204.35841845683657,5,543.1076766575683,8.1756070113073,False
1004.37,RADAR_A,RADAR_A-T8413,PGT549U,35523.88477128176,-58428.69198933175,132.2622259260343,-192.48363837049388,10,135.1746270746838,2.021831720409404,False
1004.41,RADAR_C,RADAR_C-T3725,HEDEF_3_MANEVRA,26209.30480239564,-319349.8225739821,-306.4017523770607,205.90401171393242,7,434.0495056495116,4.6753056338464924,False
1004.43,RADAR_A,RADAR_A-T7755,HEDEF_3_MANEVRA,26253.099164166164,-319122.37767752394,-316.68213052955883,195.1697459751378,10,304.6515346384297,2.021831720409404,False
1005.23,RADAR_C,RADAR_C-T5005,PGT549U,35440.88551625078,-58086.3514157303,115.45268591030126,-200.9654665084675,7,299.4518583472698,4.6753056338464924,False
1005.61,RADAR_A,RADAR_A-T8357,HEDEF_2,254283.88773353133,-58830.86749208616,-123.7021307358934,-205.14600060981337,10,257.99921541161586,2.021831720409404,False
1007.31,RADAR_A,RADAR_A-T8413,PGT549U,35751.59230414967,-58971.87468584992,132.12853514563935,-193.6288709457734,10,135.4462256264404,2.021831720409404,False
1007.34,RADAR_A,RADAR_A-T7755,HEDEF_3_MANEVRA,27065.93322680784,-318609.27786909795,-311.33484074123317,200.70352938435354,9,321.7957687675164,2.6736220001334834,False
1007.54,RADAR_A,RADAR_A-T8357,HEDEF_2,254167.15537966238,-59309.83668120565,-120.39674226836834,-192.39349825321722,10,257.8892157617097,2.021831720409404,False
1009.13,RADAR_B,RADAR_B-T3721,PGT549U,35898.20026261073,-59375.67789729443,147.29173203383158,-213.19287759482728,6,374.16079053138685,6.1825125572116635,False
1009.55,RADAR_B,RADAR_B-T5831,HEDEF_2,253937.70653955097,-59822.41361945199,-119.15664131084877,-166.62378521252643,5,523.9406091642481,8.1756070113073,False
1009.97,RADAR_B,RADAR_B-T8039,HEDEF_3_MANEVRA,26906.770290124372,-317860.2832791039,-300.3151760049471,199.98142536243998,9,317.4739400762364,2.6736220001334834,False
1010.15,RADAR_A,RADAR_A-T7755,HEDEF_3_MANEVRA,27030.84770185146,-318049.03206045384,-303.79723327820636,201.6471567879674,11,293.20136681592214,1.528938460803196,False
1010.42,RADAR_A,RADAR_A-T8413,PGT549U,36307.99842997532,-59768.977779435474,130.8512141573185,-195.01422891861657,9,171.58615381424985,2.6736220001334834,False
1010.8,RADAR_A,RADAR_A-T8357,HEDEF_2,253592.98310455828,-59828.80495419734,-122.09591001725327,-198.22668459399722,9,278.261122691654,2.6736220001334834,False
1011.85,RADAR_C,RADAR_C-T9452,HEDEF_2,253770.46115184305,-59962.249085390875,-116.70282959749198,-158.1319208115571,4,689.2387898802967,10.811227536508623,False
1013.39,RADAR_A,RADAR_A-T8413,PGT549U,36543.86465612088,-60136.12068756022,132.5083253545749,-193.73919661323274,9,171.8073210882525,2.6736220001334834,False
1014.02,RADAR_A,RADAR_A-T8357,HEDEF_2,253204.91123109197,-60343.03084533675,-121.38237976459133,-203.66481816479987,10,257.5244093083056,2.021831720409404,False
1014.26,RADAR_B,RADAR_B-T3721,PGT549U,36683.08311095591,-60217.65068175293,118.42314326735168,-202.54349077144508,9,167.92852773849,2.6736220001334834,False
1014.65,RADAR_B,RADAR_B-T8039,HEDEF_3_MANEVRA,27247.634965000125,-317138.39368115895,-314.2979035044822,203.2459637970935,7,391.5031633145671,4.6753056338464924,False
1014.87,RADAR_A,RADAR_A-T4540,HEDEF_3_MANEVRA,27588.907055530148,-317022.91370782425,-302.21366412526714,203.96141269378606,10,303.0186341989511,2.021831720409404,False
1015.68,RADAR_B,RADAR_B-T5831,HEDEF_2,253006.3418273462,-60857.393266940635,-124.65655316934286,-212.5166368708052,8,280.63928294759154,3.5355339059327378,False
1016.1,RADAR_A,RADAR_A-T8413,PGT549U,36907.29882560082,-60698.60255047076,122.61955113713168,-198.68199605807064,10,136.27204340751135,2.021831720409404,False
1016.85,RADAR_A,RADAR_A-T4540,HEDEF_3_MANEVRA,27871.966817720786,-316575.1254502775,-298.23128487411464,200.98526926067072,11,292.11678179165574,1.528938460803196,False
1017.12,RADAR_A,RADAR_A-T8357,HEDEF_2,252771.52940941346,-60794.52977227426,-121.1018046940493,-207.2598269485722,11,244.80490339673705,1.528938460803196,False
1017.95,RADAR_A,RADAR_A-T8413,PGT549U,37204.086737579426,-61024.982459763436,123.78975371504026,-200.7000714946372,11,110.98368125029103,1.528938460803196,False
1018.65,RADAR_A,RADAR_A-T4540,HEDEF_3_MANEVRA,28703.52565134326,-316185.12532616756,-309.93965405649146,193.7973808130947,10,302.4284528572825,2.021831720409404,False
1018.83,RADAR_A,RADAR_A-SC14575,STATIC_CLUTTER,-336589.0077468238,-43814.74097408953,0.3082225581281272,0.24709202367692445,4,648.6736521905174,10.811227536508623,True
1019.29,RADAR_A,RADAR_A-T8357,HEDEF_2,252541.2836230769,-61715.76065042377,-119.3659513820078,-196.49739134733582,11,244.67908107610276,1.528938460803196,False
1019.39,RADAR_B,RADAR_B-T5831,HEDEF_2,252466.85200343461,-61374.1012204554,-131.8718112002666,-207.62328141068525,7,335.2199207347533,4.6753056338464924,False
1019.97,RADAR_B,RADAR_B-T8039,HEDEF_3_MANEVRA,27114.09812626533,-315900.26957739715,-287.04196226142966,199.62266593102257,9,315.884089328825,2.6736220001334834,False
1020.28,RADAR_A,RADAR_A-T8413,PGT549U,37550.20568806464,-61777.873049748254,125.68053625645854,-199.47610126138528,9,172.3267677092709,2.6736220001334834,False
1020.85,RADAR_B,RADAR_B-T3721,PGT549U,37564.21335182065,-61519.95920363737,144.02773572449908,-207.37964625354223,6,374.39262727703823,6.1825125572116635,False
1021.31,RADAR_A,RADAR_A-SC14575,STATIC_CLUTTER,-336612.948909035,-43809.78480942512,0.042540363445129036,0.389007625469045,4,648.6736521905174,10.811227536508623,True
1022.46,RADAR_C,RADAR_C-T9452,HEDEF_2,252491.05464352516,-61645.0217828323,-122.00976774143903,-175.78110031119914,5,542.9767150763923,8.1756070113073,False
1022.66,RADAR_C,RADAR_C-T9560,PGT549U,37689.9419796895,-61038.59851231577,173.28211128856321,-183.22155624810972,5,502.32470268832293,8.1756070113073,False
1022.87,RADAR_A,RADAR_A-T8413,PGT549U,37763.18532910442,-62269.32552513839,141.54293214749433,-193.69534513022123,9,172.52554122276638,2.6736220001334834,False
1023.34,RADAR_B,RADAR_B-T5831,HEDEF_2,252073.12096394997,-62309.02739560357,-118.94385741196604,-195.6469619997054,6,413.77045162564247,6.1825125572116635,False
1023.97,RADAR_A,RADAR_A-T5170,HEDEF_3_MANEVRA,28553.86586943335,-314987.7997725209,-293.6255838897086,196.98427620840746,10,301.5989509246007,2.021831720409404,False
1024.05,RADAR_A,RADAR_A-T3352,HEDEF_2,252090.17233731528,-62306.24000503273,-121.18331322975433,-202.4906174459243,11,244.40549613804774,1.528938460803196,False
1024.93,RADAR_A,RADAR_A-T8413,PGT549U,38126.35691699626,-62661.89859126753,115.34728612229684,-205.99738774698176,11,111.81009800133553,1.528938460803196,False
1026.45,RADAR_A,RADAR_A-T5170,HEDEF_3_MANEVRA,28931.69331001643,-314637.6532672669,-280.5514588260984,197.68536803606028,9,318.97787152689824,2.6736220001334834,False
1026.53,RADAR_B,RADAR_B-T3721,PGT549U,38116.33957598846,-62907.830608462085,81.26833679402012,-195.5306327752697,6,374.51064240540575,6.1825125572116635,False
1026.66,RADAR_A,RADAR_A-T3352,HEDEF_2,251988.75572399358,-62845.86142246562,-119.2504865573842,-195.47843889106585,9,277.45243715991165,2.6736220001334834,False
1026.74,RADAR_A,RADAR_A-T8413,PGT549U,38306.52483884309,-63147.43058693604,117.32232904119678,-200.74727104175287,10,137.29659642217493,2.021831720409404,False
1028.07,RADAR_B,RADAR_B-T5831,HEDEF_2,251576.65258860562,-63385.47874614544,-121.55255753471516,-216.64076886059226,6,413.6565370458711,6.1825125572116635,False
1028.77,RADAR_A,RADAR_A-T8413,PGT549U,38556.96244941707,-63347.93557746907,119.54585806277774,-205.48372837048473,11,112.27027421414047,1.528938460803196,False
1029.46,RADAR_A,RADAR_A-T5170,HEDEF_3_MANEVRA,28796.628051027874,-314038.8119357907,-280.1766660174727,203.6568305053966,10,300.745146455483,2.021831720409404,False
1030.86,RADAR_A,RADAR_A-T8413,PGT549U,38635.24306220372,-63784.12616275178,130.63929116836798,-193.22255108043913,9,173.14517240598926,2.6736220001334834,False
1031.64,RADAR_B,RADAR_B-T3721,PGT549U,38754.993838638344,-63539.578281358685,120.05630804063128,-197.50240471589208,8,218.4847087585522,3.5355339059327378,False
1031.96,RADAR_A,RADAR_A-T2704,HEDEF_2,251110.70021854396,-63923.221589289606,-118.45936650408726,-201.95114922617051,10,256.54793885733324,2.021831720409404,False
1032.17,RADAR_A,RADAR_A-T5170,HEDEF_3_MANEVRA,29188.3393908921,-313379.4805074004,-292.57541224207506,199.9060173577162,10,300.3241551870966,2.021831720409404,False
1033.27,RADAR_A,RADAR_A-T8413,PGT549U,39167.694195292905,-64352.62836471076,125.88040046096188,-195.58128719135252,10,137.94025495470885,2.021831720409404,False
1033.57,RADAR_B,RADAR_B-T2436,HEDEF_3_MANEVRA,29833.329760763623,-313902.64348321245,-299.85838227284125,200.49146058590304,7,389.0788869726934,4.6753056338464924,False
1033.92,RADAR_C,RADAR_C-T9560,PGT549U,38939.858633421565,-64276.12250495278,79.05691489161384,-208.0902413704914,6,387.02697773948927,6.1825125572116635,False
1034.67,RADAR_C,RADAR_C-T9452,HEDEF_2,250298.59820980567,-64175.79014151256,-95.40590232547908,-169.31126915011737,5,542.9084972872143,8.1756070113073,False
1035.35,RADAR_A,RADAR_A-T8413,PGT549U,39294.324265529656,-64588.015898595106,121.76057535664961,-199.58646577711917,10,138.146691391677,2.021831720409404,False
1036.52,RADAR_A,RADAR_A-T3339,HEDEF_3_MANEVRA,30155.848572085415,-312456.36451465834,-273.95183078635523,197.2829933567725,10,299.6484438082858,2.021831720409404,False
1037.03,RADAR_B,RADAR_B-T3721,PGT549U,39462.23313007875,-64937.39240519306,127.06084985259552,-204.1415617972946,9,168.99171149532023,2.6736220001334834,False
1037.2,RADAR_B,RADAR_B-T8514,HEDEF_2,250530.8777408662,-64990.515866655376,-117.51218487730708,-199.17432418122272,9,243.03166261479134,2.6736220001334834,False
1037.37,RADAR_A,RADAR_A-T8413,PGT549U,39603.40045366544,-65269.067636318476,110.84514504330585,-204.0442815266157,9,173.66067514956157,2.6736220001334834,False
1037.62,RADAR_A,RADAR_A-T3180,HEDEF_2,250343.72854830878,-65415.7768793701,-123.02494602084383,-190.23727820276994,10,256.2504101867714,2.021831720409404,False
1038.16,RADAR_C,RADAR_C-SC05477,STATIC_CLUTTER,55131.203474536705,53302.73796304711,-0.7055809293418415,-0.9528899855914281,4,648.6736521905174,10.811227536508623,True
1038.57,RADAR_B,RADAR_B-SC55470,STATIC_CLUTTER,100561.48125955761,207818.4484027816,0.1676390832467015,1.0081139805142427,2,1134.321747974356,18.905362466239264,True
1038.82,RADAR_B,RADAR_B-T2436,HEDEF_3_MANEVRA,29925.804979805187,-312963.8462191321,-297.03170277919065,206.734204029961,5,559.2833697552346,8.1756070113073,False
1039.05,RADAR_A,RADAR_A-T3339,HEDEF_3_MANEVRA,30124.8555912788,-311994.3975614291,-267.9878772730324,203.46073948774907,11,288.5384880808005,1.528938460803196,False
1040.19,RADAR_A,RADAR_A-T3180,HEDEF_2,250165.70872213427,-65624.65036744722,-125.32029151417129,-210.22643076916796,10,256.11723378061004,2.021831720409404,False
1042.22,RADAR_A,RADAR_A-T3180,HEDEF_2,249804.2619521669,-66119.67394898557,-124.85326312215952,-195.43200827498555,10,256.0125578560503,2.021831720409404,False
1042.65,RADAR_A,RADAR_A-T7705,PGT549U,40185.97245056031,-66242.67886016337,118.65565343599008,-203.51603788952139,9,174.08601414881136,2.6736220001334834,False
1042.69,RADAR_B,RADAR_B-T8514,HEDEF_2,249516.38758846076,-65956.27737631404,-118.29270224725616,-181.19482276315284,6,413.3187063554711,6.1825125572116635,False
1043.02,RADAR_B,RADAR_B-T3721,PGT549U,40112.36610889674,-66350.54918127575,129.6482721288738,-212.929281049235,5,493.5100695607638,8.1756070113073,False
1043.99,RADAR_B,RADAR_B-T2436,HEDEF_3_MANEVRA,30220.66163178648,-311770.7560456959,-286.5412058657201,202.32332986308177,6,457.45710740055273,6.1825125572116635,False
1045.0,RADAR_A,RADAR_A-T7705,PGT549U,40431.240177043925,-66602.76016038265,125.22678306390557,-201.47699225971644,10,139.1216302863266,2.021831720409404,False
1045.22,RADAR_C,RADAR_C-T9452,HEDEF_2,249564.49709410078,-66748.82830026664,-113.63244461336504,-187.9626003132547,5,542.8591868538197,8.1756070113073,False
1045.79,RADAR_A,RADAR_A-T3180,HEDEF_2,249413.16018825656,-66895.98856483679,-123.88645049817445,-203.2593207694439,11,243.20469170670248,1.528938460803196,False
1046.39,RADAR_C,RADAR_C-T9560,PGT549U,40632.857622108975,-66946.4839573232,140.4134978291491,-195.0424152541948,7,302.36048818245513,4.6753056338464924,False
1047.21,RADAR_A,RADAR_A-T7705,PGT549U,40782.61152179455,-67287.92736418934,130.5344258818501,-192.65461315018186,9,174.45736693550904,2.6736220001334834,False
1047.55,RADAR_A,RADAR_A-T8983,HEDEF_3_MANEVRA,31461.724539690935,-310248.94607441354,-274.76762277202994,198.89477422188725,9,315.88999012128994,2.6736220001334834,False
1047.67,RADAR_B,RADAR_B-T2436,HEDEF_3_MANEVRA,30934.158239484037,-310487.0774021361,-261.3258261806389,201.25829271827084,6,457.06121398345545,6.1825125572116635,False
1048.32,RADAR_A,RADAR_A-T3180,HEDEF_2,248907.76913439436,-67056.71483181101,-123.56501389432785,-204.34308686621205,11,243.0703378478886,1.528938460803196,False
1048.97,RADAR_B,RADAR_B-T3721,PGT549U,40820.10948985333,-67638.14815509296,135.83395794072362,-204.1253243664372,8,219.15842793677425,3.5355339059327378,False
1050.24,RADAR_A,RADAR_A-T8983,HEDEF_3_MANEVRA,31285.577928499897,-309807.0845722505,-267.30776824194356,202.85396061474015,10,297.52570249348724,2.021831720409404,False
1050.41,RADAR_A,RADAR_A-T7705,PGT549U,41233.985819128095,-67781.7396001275,133.24736421642723,-194.12799642670956,11,114.9316113782739,1.528938460803196,False
1050.99,RADAR_A,RADAR_A-T3180,HEDEF_2,248434.08931516207,-68365.82365590498,-118.38105645327809,-196.0119045004141,11,242.92924334369962,1.528938460803196,False
1052.55,RADAR_A,RADAR_A-T7705,PGT549U,41408.404085328046,-68177.5445558206,129.47559703385073,-196.5404384140352,11,115.20036977457302,1.528938460803196,False
1053.13,RADAR_A,RADAR_A-T3180,HEDEF_2,248344.6748535875,-68057.7580782661,-131.38074552101017,-214.4720180754775,9,276.1854073921814,2.6736220001334834,False
1053.85,RADAR_B,RADAR_B-T4795,HEDEF_2,248967.94615422765,-68474.06962010323,-103.16415818237716,-143.2552106154473,6,413.07584183623646,6.1825125572116635,False
1053.92,RADAR_C,RADAR_C-T9452,HEDEF_2,248024.14209694468,-68348.55800026888,-126.6737661246537,-222.14398794417355,7,364.31272809498296,4.6753056338464924,False
1054.65,RADAR_A,RADAR_A-T7705,PGT549U,41739.7083579009,-68873.19678398165,105.95925898064198,-211.7754040028258,9,175.07305594812212,2.6736220001334834,False
1055.33,RADAR_C,RADAR_C-T5872,HEDEF_3_MANEVRA,31697.498180187027,-307897.84641172626,-291.93039972051525,206.22488544310372,6,491.4070320198246,6.1825125572116635,False
1055.51,RADAR_A,RADAR_A-T1236,HEDEF_3_MANEVRA,31694.44161531355,-308804.12577982526,-264.0667464677736,202.51785334940502,11,285.89950437529717,1.528938460803196,False
1055.72,RADAR_A,RADAR_A-T3180,HEDEF_2,248149.71281247312,-69053.82351677668,-119.79501039191439,-191.95180908676576,9,276.06703437616164,2.6736220001334834,False
1055.73,RADAR_C,RADAR_C-T9560,PGT549U,41607.314309457695,-68821.91052075672,104.56079603625795,-194.99816959588225,7,303.05075068701575,4.6753056338464924,False
1056.0,RADAR_B,RADAR_B-T3721,PGT549U,41701.148750116496,-69213.407642724,119.57425403654223,-206.81717138064465,8,219.44797918544597,3.5355339059327378,False
1056.71,RADAR_B,RADAR_B-T4011,HEDEF_3_MANEVRA,31568.613212903594,-308681.13728269684,-264.91735492568614,200.38317777487768,6,456.0932085952782,6.1825125572116635,False
1056.95,RADAR_A,RADAR_A-T7705,PGT549U,42094.0248708446,-69139.03027439835,118.72323594868297,-202.95764155815604,11,115.75889940039445,1.528938460803196,False
1057.41,RADAR_A,RADAR_A-T1236,HEDEF_3_MANEVRA,31538.395540948266,-308233.0884027204,-264.7711790974782,200.66451416670282,10,296.419956690893,2.021831720409404,False
1057.46,RADAR_A,RADAR_A-T3180,HEDEF_2,247742.0175221668,-69144.5339640314,-121.32089626341951,-198.5268313598257,11,242.59244751760912,1.528938460803196,False
1058.54,RADAR_A,RADAR_A-SC14575,STATIC_CLUTTER,-336597.1867175031,-43847.67966312022,-0.2317193027664601,-0.17860051830761192,4,648.6736521905174,10.811227536508623,True
1058.85,RADAR_A,RADAR_A-T7705,PGT549U,42260.924905693755,-69710.00782536011,116.51351104639679,-205.87339791740425,9,175.42564832879458,2.6736220001334834,False
1059.87,RADAR_B,RADAR_B-T3721,PGT549U,42294.53352023552,-69977.431235003,112.10244025424741,-201.07230560783262,9,170.18460541252176,2.6736220001334834,False
1061.11,RADAR_A,RADAR_A-T7705,PGT549U,42617.62788633084,-70020.51667598187,117.32720417132494,-200.7484610510597,10,140.79695893296827,2.021831720409404,False
1061.66,RADAR_B,RADAR_B-T4011,HEDEF_3_MANEVRA,32492.40716101435,-307082.21059313725,-300.8374488807077,206.19424048745992,5,557.2800837712739,8.1756070113073,False
1062.22,RADAR_A,RADAR_A-T7920,HEDEF_2,247399.96797658817,-70057.49878875783,-118.70302497015086,-200.70664766882464,10,255.01739975549788,2.021831720409404,False
1063.61,RADAR_B,RADAR_B-T4410,HEDEF_2,246895.96282219997,-70123.5608658852,-132.16528529335568,-221.01794109542652,5,522.9594269244959,8.1756070113073,False
1063.68,RADAR_C,RADAR_C-T9452,HEDEF_2,247706.0045943646,-70444.37916716063,-103.0800887237476,-210.3918864372064,5,542.7943433283293,8.1756070113073,False
1063.79,RADAR_A,RADAR_A-T7705,PGT549U,42829.47391614804,-70748.50202202458,122.65551054209004,-201.6108553809109,11,116.63351722953327,1.528938460803196,False
1064.24,RADAR_A,RADAR_A-T7920,HEDEF_2,247133.52874161917,-70976.6605199219,-121.5275171020815,-192.06061480512665,10,254.92015322729105,2.021831720409404,False
1064.39,RADAR_B,RADAR_B-T3721,PGT549U,42755.7485581756,-70290.44490262236,111.68331917088862,-201.7148667993044,9,170.43542894706317,2.6736220001334834,False
1064.52,RADAR_A,RADAR_A-T4777,HEDEF_3_MANEVRA,32851.355408006275,-306914.42294118134,-257.9262485451797,202.96383725242157,9,313.42649537688436,2.6736220001334834,False
1065.37,RADAR_B,RADAR_B-T4011,HEDEF_3_MANEVRA,32595.283875721743,-306828.43640465237,-251.3658100626502,200.96092883300201,7,385.0537916043652,4.6753056338464924,False
1066.23,RADAR_C,RADAR_C-T9560,PGT549U,42734.71910611163,-69903.28615716792,77.32126902590588,-221.16426886185928,5,504.2361323070495,8.1756070113073,False
1066.39,RADAR_A,RADAR_A-T7920,HEDEF_2,246918.95331070106,-71144.80139360565,-117.68002050470804,-187.79300251078362,10,254.81779459066604,2.021831720409404,False
1067.36,RADAR_A,RADAR_A-T4777,HEDEF_3_MANEVRA,32581.492341439225,-306134.7489138533,-241.04214973446213,201.5296540256113,11,284.0067275590627,1.528938460803196,False
1068.3,RADAR_A,RADAR_A-T5865,PGT549U,43479.45802071013,-71460.86715955312,121.43361015556486,-197.79080804962342,9,176.23253026159404,2.6736220001334834,False
1068.37,RADAR_B,RADAR_B-T3721,PGT549U,43380.97286342367,-71379.8698532636,102.77775062197635,-200.85117343017194,9,170.6603487760883,2.6736220001334834,False
1069.26,RADAR_A,RADAR_A-T7920,HEDEF_2,246462.18020948078,-71934.57706338218,-121.10249637795887,-197.56816443103136,10,254.68246606026642,2.021831720409404,False
1070.35,RADAR_A,RADAR_A-T4777,HEDEF_3_MANEVRA,33199.70055729026,-305463.3525446272,-229.57044578358847,204.84595452657436,10,294.4318717458877,2.021831720409404,False
1070.4,RADAR_A,RADAR_A-T5865,PGT549U,43644.18564226839,-71867.89858286412,127.48477497403775,-203.28651978863337,9,176.4144819270247,2.6736220001334834,False
1072.41,RADAR_A,RADAR_A-T7920,HEDEF_2,245918.83733230003,-72536.77143695221,-127.45758143200716,-210.7770397279055,11,241.84192351166882,1.528938460803196,False
1072.45,RADAR_B,RADAR_B-T3721,PGT549U,43812.83210243225,-72091.31717541273,124.93752627328212,-201.85414263566113,9,170.89500061144807,2.6736220001334834,False
1072.49,RADAR_A,RADAR_A-T5865,PGT549U,43830.91458575593,-72333.17685781655,125.96802061972187,-197.36450941787336,9,176.59696535289734,2.6736220001334834,False
1074.04,RADAR_B,RADAR_B-T5279,HEDEF_2,245685.88017845215,-72661.80185843272,-124.1387389969416,-215.95154804267182,9,241.7136521931349,2.6736220001334834,False
1074.54,RADAR_B,RADAR_B-T8445,HEDEF_3_MANEVRA,33732.41157506218,-305012.77596140007,-242.99855012960225,204.7009202837838,9,307.28712105109264,2.6736220001334834,False
1074.61,RADAR_A,RADAR_A-T5865,PGT549U,44226.489939099774,-72892.7841426395,133.74008608674418,-195.56415131758658,10,142.24757080215846,2.021831720409404,False
1074.9,RADAR_C,RADAR_C-T1030,HEDEF_3_MANEVRA,33466.97589248112,-304969.1738212825,-242.66263923081104,202.55975154846675,7,424.7110925804943,4.6753056338464924,False
1074.94,RADAR_A,RADAR_A-T3550,HEDEF_3_MANEVRA,33745.31018842672,-304716.18263496435,-247.9961438431361,198.61512623883806,11,282.80155787068395,1.528938460803196,False
1076.78,RADAR_C,RADAR_C-T9560,PGT549U,44622.66836791771,-73654.147889808,141.54314710373288,-194.6735938303945,5,504.7223555902605,8.1756070113073,False
1077.17,RADAR_A,RADAR_A-T5865,PGT549U,44474.27656109099,-73293.63768068005,112.09994523656079,-208.551296177712,9,177.00709716379453,2.6736220001334834,False
1077.29,RADAR_C,RADAR_C-T9452,HEDEF_2,243899.97087104386,-72069.80367243443,-92.86436389026792,-142.9296729230355,3,888.6908663012116,14.296509199195533,False
1077.66,RADAR_B,RADAR_B-T5279,HEDEF_2,245529.87554338656,-73140.96864057344,-136.61187404063878,-221.59130951233132,7,333.6552629307981,4.6753056338464924,False
1078.02,RADAR_B,RADAR_B-T3721,PGT549U,44479.597799768315,-73233.0515175059,116.79086210326311,-194.42221489098006,6,375.74932216571887,6.1825125572116635,False
1078.21,RADAR_A,RADAR_A-T3550,HEDEF_3_MANEVRA,34325.38554768837,-304053.8884722752,-237.41068203860908,199.83460111236533,11,282.281124408082,1.528938460803196,False
1078.3,RADAR_B,RADAR_B-SC69319,STATIC_CLUTTER,389194.67004163563,-173896.81026997746,0.6001378444297006,-0.476041117523633,2,1134.321747974356,18.905362466239264,True
1080.3,RADAR_A,RADAR_A-T3550,HEDEF_3_MANEVRA,34377.66802645131,-303436.55147097056,-238.99662262676262,201.80785257695598,10,292.90932400051673,2.021831720409404,False
1080.58,RADAR_B,RADAR_B-T8445,HEDEF_3_MANEVRA,33863.88082271563,-303498.4956953568,-239.35854248642912,215.6274351197089,5,555.6431836268487,8.1756070113073,False
1082.17,RADAR_A,RADAR_A-T7233,PGT549U,45174.37738902981,-74339.79168224489,119.68679280687826,-199.75631217713718,10,143.07652088401332,2.021831720409404,False
1082.42,RADAR_B,RADAR_B-T5279,HEDEF_2,244734.0195674542,-74189.28619670916,-124.83281937910354,-201.35389083039453,9,241.446993583426,2.6736220001334834,False
1083.24,RADAR_A,RADAR_A-T6709,HEDEF_2,244830.35961537427,-74321.37151275374,-122.55647473747901,-204.28271389549118,9,274.8717500634722,2.6736220001334834,False
1083.82,RADAR_B,RADAR_B-T3721,PGT549U,45081.77166065884,-74331.34378487026,150.01041552520684,-198.61857717755498,8,220.6856320751906,3.5355339059327378,False
1084.91,RADAR_A,RADAR_A-T7233,PGT549U,45368.902439875645,-74861.14163334545,120.54673292295944,-201.91145950253386,10,143.3805193585599,2.021831720409404,False
1085.63,RADAR_B,RADAR_B-T8445,HEDEF_3_MANEVRA,34810.257641914795,-302762.11645710876,-243.70330349090187,203.2317652582229,8,335.60743218077744,3.5355339059327378,False
1085.64,RADAR_A,RADAR_A-T6709,HEDEF_2,244411.5600601222,-74821.60363569249,-119.36742589373301,-199.68146204986422,9,274.7727742083868,2.6736220001334834,False
1085.72,RADAR_C,RADAR_C-T1030,HEDEF_3_MANEVRA,34903.16351880827,-302494.73519042,-294.5946464712665,202.58521902639674,3,914.4928172596517,14.296509199195533,False
1087.28,RADAR_A,RADAR_A-T7233,PGT549U,45740.347820832176,-75419.04584902307,131.13152841587595,-198.27481403098815,10,143.64504585525336,2.021831720409404,False
1087.34,RADAR_A,RADAR_A-SC62965,STATIC_CLUTTER,-331752.3133644615,-102081.06169161882,-0.6377185091217454,0.35272295852691615,3,857.790551951732,14.296509199195533,True
1087.8,RADAR_B,RADAR_B-T3721,PGT549U,45667.30654994492,-75251.55397814483,120.56857155479007,-196.66098874237878,9,171.81160700363213,2.6736220001334834,False
1088.29,RADAR_A,RADAR_A-T6709,HEDEF_2,244008.18430124974,-75752.10304827131,-120.71888564405722,-201.18444650105002,11,241.0864806232854,1.528938460803196,False
1088.36,RADAR_A,RADAR_A-T8565,HEDEF_3_MANEVRA,34875.61862930872,-302100.7707676619,-239.01474129964453,199.4059173802541,9,309.99296079591204,2.6736220001334834,False
1088.59,RADAR_B,RADAR_B-T5279,HEDEF_2,244115.11135566453,-75653.44620319962,-124.38802330592983,-188.0831003588921,9,241.25837622052694,2.6736220001334834,False
1089.69,RADAR_A,RADAR_A-T7233,PGT549U,46078.603273019675,-75829.68333731669,129.31554293371153,-196.42399110189416,11,120.04561677977165,1.528938460803196,False
1090.38,RADAR_A,RADAR_A-T6709,HEDEF_2,243938.01896691267,-75974.05341077357,-123.32881725940823,-205.41030683621506,11,240.99012939662907,1.528938460803196,False
1090.43,RADAR_C,RADAR_C-T9560,PGT549U,46080.47589906854,-76019.28168082469,168.73627537606208,-169.24249992794427,5,505.3650283213307,8.1756070113073,False
1090.45,RADAR_A,RADAR_A-T8565,HEDEF_3_MANEVRA,34926.36674016449,-301659.1272420021,-218.39869992365936,203.16730383151483,10,291.3619749188931,2.021831720409404,False
1092.07,RADAR_A,RADAR_A-SC62965,STATIC_CLUTTER,-331738.78534792614,-102085.42866804393,0.2427153655017073,-0.7513596583393662,2,1134.321747974356,18.905362466239264,True
1092.65,RADAR_A,RADAR_A-T7233,PGT549U,46415.15209854782,-76506.34800269119,115.47565370407814,-205.43815260030271,9,178.39562067449222,2.6736220001334834,False
1093.02,RADAR_A,RADAR_A-T6709,HEDEF_2,243497.50874149284,-76110.43150608867,-127.88148000081341,-212.08192008023624,9,274.47471347302366,2.6736220001334834,False
1093.78,RADAR_C,RADAR_C-T1030,HEDEF_3_MANEVRA,35539.114711179136,-301029.71466605866,-245.30870184601386,212.57432142534145,4,721.3769818377252,10.811227536508623,False
1093.84,RADAR_B,RADAR_B-T3721,PGT549U,46315.60135993279,-76470.94896623003,47.32833802314728,-194.08258975361355,5,494.51073176267465,8.1756070113073,False
1093.99,RADAR_B,RADAR_B-T5279,HEDEF_2,243312.375110125,-76569.10559402284,-127.14886697733891,-207.63613748113926,9,241.09911719821818,2.6736220001334834,False
1094.49,RADAR_A,RADAR_A-SC14575,STATIC_CLUTTER,-336637.05523887277,-43826.43322315544,0.43462933506770507,0.2826801888475102,4,648.6736521905174,10.811227536508623,True
1095.17,RADAR_B,RADAR_B-T4996,HEDEF_3_MANEVRA,35351.51962676656,-300464.13624296273,-206.34678955151804,202.65424340777716,6,452.0312022703336,6.1825125572116635,False
1095.3,RADAR_A,RADAR_A-T7233,PGT549U,46772.18485940701,-77062.088028089,118.35768895378425,-202.4653970125602,9,178.6384348283916,2.6736220001334834,False
1095.67,RADAR_A,RADAR_A-T6709,HEDEF_2,243100.27817409096,-76913.87524606999,-122.29365542987793,-198.2766494736189,9,274.369317282222,2.6736220001334834,False
1095.95,RADAR_A,RADAR_A-T5343,HEDEF_3_MANEVRA,35718.62072849749,-300381.53090642317,-233.26763202914688,200.7896233422993,11,279.472762616066,1.528938460803196,False
1097.74,RADAR_A,RADAR_A-T7233,PGT549U,47046.490588315406,-77421.27025305328,118.08904250263299,-203.53903992999562,11,121.13534214454202,1.528938460803196,False
1098.22,RADAR_B,RADAR_B-SC46433,STATIC_CLUTTER,-343934.10518190206,108113.90210863907,-0.5925117597788192,-0.7083817315740563,3,857.790551951732,14.296509199195533,True
1098.38,RADAR_A,RADAR_A-T5343,HEDEF_3_MANEVRA,35889.13185126867,-300047.9681930685,-206.9886964555493,202.67293927632045,11,279.0892354735319,1.528938460803196,False
1099.54,RADAR_B,RADAR_B-T3721,PGT549U,47084.82784046999,-77871.56698601462,105.31582807884371,-197.00145500091006,8,221.44933420355818,3.5355339059327378,False
1099.81,RADAR_C,RADAR_C-T9560,PGT549U,47038.003675812986,-77877.0571400672,130.60477966957546,-203.35600254279802,7,306.45389272455213,4.6753056338464924,False
1100.71,RADAR_A,RADAR_A-T9841,HEDEF_2,242479.03444098603,-78084.45213458278,-120.16951981303238,-204.1386817119249,10,253.2843304155416,2.021831720409404,False
1101.04,RADAR_B,RADAR_B-T4996,HEDEF_3_MANEVRA,36284.9682921961,-299400.1495303726,-241.57373098768437,197.3817633299981,8,333.42917612987037,3.5355339059327378,False
1101.7,RADAR_A,RADAR_A-T5343,HEDEF_3_MANEVRA,36513.31154064896,-299287.99925177585,-237.1593822740632,193.82886675940904,9,308.0859093171027,2.6736220001334834,False
1102.1,RADAR_B,RADAR_B-T6788,HEDEF_2,241726.0805212341,-78048.47611716791,-120.73671097562439,-224.33031132862544,6,412.17579777579925,6.1825125572116635,False
1102.75,RADAR_A,RADAR_A-T7034,PGT549U,47495.241300066955,-78330.76880411863,125.57765387318976,-199.08688855414596,9,179.32769325282064,2.6736220001334834,False
1103.51,RADAR_A,RADAR_A-T9841,HEDEF_2,242205.2874095964,-79118.7538801914,-125.7030010523073,-205.1955853108092,10,253.1676583475586,2.021831720409404,False
1103.71,RADAR_B,RADAR_B-T3721,PGT549U,47537.96269144143,-78686.72242479266,129.67029458457515,-203.54164349105872,9,172.8199339508155,2.6736220001334834,False
1104.33,RADAR_B,RADAR_B-SC46433,STATIC_CLUTTER,-343909.7766401459,108113.4326210045,0.4953570368247188,0.5060665963860672,1,1500.0,25.0,True
1104.49,RADAR_A,RADAR_A-T5343,HEDEF_3_MANEVRA,36524.854360662655,-298695.60514157667,-205.40735344065672,197.40705897759543,9,307.6889641979511,2.6736220001334834,False
1105.2,RADAR_A,RADAR_A-T7034,PGT549U,47873.941833669574,-78988.17596206706,119.77383840825625,-202.7911549966367,10,145.68104691273692,2.021831720409404,False
1106.12,RADAR_A,RADAR_A-T9841,HEDEF_2,241793.51716760552,-79437.71196242352,-121.18669958861341,-201.8148859712854,11,240.28942294025674,1.528938460803196,False
1106.45,RADAR_B,RADAR_B-T6788,HEDEF_2,241944.1104437513,-79100.15516979086,-116.49730405428141,-181.88310746554782,9,240.7510085020839,2.6736220001334834,False
1106.51,RADAR_A,RADAR_A-T5343,HEDEF_3_MANEVRA,36487.50398693453,-298112.63620592025,-231.25305514204962,195.2978928722013,11,277.8080925977119,1.528938460803196,False
1107.28,RADAR_A,RADAR_A-T7034,PGT549U,48319.71980360344,-79571.90929516207,131.30846899049862,-198.0240745341804,10,145.9216457608061,2.021831720409404,False
1107.71,RADAR_B,RADAR_B-T4136,HEDEF_3_MANEVRA,36896.414731362325,-297787.1902830023,-212.15757789003783,202.95408271219048,7,379.79078282180615,4.6753056338464924,False
1107.96,RADAR_B,RADAR_B-T3721,PGT549U,48230.557565061914,-79491.76144292904,128.85072134993578,-195.8643662410517,7,287.9584962986,4.6753056338464924,False
1108.33,RADAR_A,RADAR_A-T9841,HEDEF_2,241679.77651760538,-79800.83454974895,-120.21162436597228,-192.5208827415859,11,240.19439127195233,1.528938460803196,False
1108.95,RADAR_A,RADAR_A-T5343,HEDEF_3_MANEVRA,37092.397749508535,-297719.2908358507,-204.27764739481051,203.7522919448079,9,307.0554846493691,2.6736220001334834,False
1110.29,RADAR_A,RADAR_A-T7034,PGT549U,48526.39432711597,-80114.63438028203,129.11012574324127,-194.32343812593643,9,180.03556359513524,2.6736220001334834,False
1111.29,RADAR_B,RADAR_B-T6788,HEDEF_2,241704.70819133584,-80392.72166226523,-131.39454069054256,-220.0969667467845,7,332.9509675221751,4.6753056338464924,False
1111.5,RADAR_B,RADAR_B-T3721,PGT549U,48502.15592284044,-80106.58207761434,129.91595839906344,-206.99407144763077,9,173.33409402462357,2.6736220001334834,False
1111.95,RADAR_B,RADAR_B-T4136,HEDEF_3_MANEVRA,37149.65210128691,-296948.3871451763,-185.17500740658812,192.34589301421946,7,379.26962799128233,4.6753056338464924,False
1112.05,RADAR_A,RADAR_A-T5343,HEDEF_3_MANEVRA,37494.03142872185,-297016.6052129692,-207.2554621679489,202.86188315522494,11,276.9374269012193,1.528938460803196,False
1113.34,RADAR_A,RADAR_A-T7034,PGT549U,48927.31635585042,-80851.52499502386,117.76099148249511,-203.93892578205165,11,123.284863634383,1.528938460803196,False
1114.62,RADAR_A,RADAR_A-T5343,HEDEF_3_MANEVRA,37478.204887518055,-296689.5719728551,-203.89891948414163,201.72952868547168,10,287.70068947955474,2.021831720409404,False
1115.21,RADAR_C,RADAR_C-T3468,HEDEF_3_MANEVRA,37307.745222413476,-297324.09117577155,-243.54208515456153,198.25479444368128,6,484.6474190138394,6.1825125572116635,False
1115.73,RADAR_A,RADAR_A-T4827,HEDEF_2,240649.1501979893,-81172.66653196687,-121.80815764185388,-196.43483404548016,10,252.67398644714632,2.021831720409404,False
1115.87,RADAR_A,RADAR_A-T7034,PGT549U,49349.061579938396,-81221.92464697428,116.88616283416356,-205.1768739982956,11,123.63740618314336,1.528938460803196,False
1116.2,RADAR_B,RADAR_B-T3721,PGT549U,49151.68868018106,-80963.65402189408,120.73869553749353,-198.34475561235467,9,173.65156468426312,2.6736220001334834,False
1117.6,RADAR_A,RADAR_A-T5343,HEDEF_3_MANEVRA,37890.120219656215,-295614.7220132995,-213.7473515865072,195.4545815233048,9,305.8282693689013,2.6736220001334834,False
1117.88,RADAR_A,RADAR_A-T7034,PGT549U,49596.1982638897,-81759.94752056192,117.64302024477387,-202.107865738066,11,123.92025546983952,1.528938460803196,False
1119.72,RADAR_A,RADAR_A-T5343,HEDEF_3_MANEVRA,38169.501655686,-295533.4688412111,-198.65674634246577,202.57377632317665,11,275.7346223022035,1.528938460803196,False
1120.23,RADAR_A,RADAR_A-T7034,PGT549U,49874.292882145,-82088.75739495923,119.49223296107256,-204.8973886686673,11,124.24894695533791,1.528938460803196,False
1120.98,RADAR_A,RADAR_A-T8439,HEDEF_2,240063.06102073318,-82202.44307816419,-121.98452967028075,-190.44670686394755,10,252.46974635962425,2.021831720409404,False
1121.46,RADAR_B,RADAR_B-T3721,PGT549U,49917.11209571786,-81888.58937391375,84.83816892696085,-204.66223000405347,5,495.14891308377065,8.1756070113073,False
1121.76,RADAR_B,RADAR_B-T4803,HEDEF_2,239886.86593000582,-82483.0775410298,-141.42726454116868,-220.4056100789465,7,332.76155080959694,4.6753056338464924,False
1122.69,RADAR_A,RADAR_A-T5343,HEDEF_3_MANEVRA,38437.76674245695,-294798.870702042,-194.5103251735984,201.72355126666005,13,264.7832169093567,0.8743393107950702,False
1123.42,RADAR_A,RADAR_A-T8439,HEDEF_2,239737.85319273718,-82879.9773109942,-125.77178147555037,-213.21989524797922,10,252.37614414997395,2.021831720409404,False
1123.46,RADAR_A,RADAR_A-T7034,PGT549U,50358.57857435478,-82787.5927738452,125.36675424628835,-201.87865894422882,11,124.70533259173534,1.528938460803196,False
1125.99,RADAR_A,RADAR_A-T5343,HEDEF_3_MANEVRA,38843.41403991702,-294405.48923364334,-196.88411946204698,204.35483018836715,10,285.9897412550417,2.021831720409404,False
1126.02,RADAR_B,RADAR_B-T3721,PGT549U,50450.94591617428,-82634.78591402298,133.65182465539684,-195.89153144813022,6,377.1757792914503,6.1825125572116635,False
1126.48,RADAR_A,RADAR_A-T8439,HEDEF_2,239046.4787711204,-83952.90232010215,-121.68858647662383,-203.46511276772654,11,239.44661621800464,1.528938460803196,False
1126.81,RADAR_A,RADAR_A-T7034,PGT549U,50713.24341563107,-83474.68820247104,124.70467375404702,-201.56835377465944,10,148.22386655384227,2.021831720409404,False
1127.19,RADAR_B,RADAR_B-T3190,HEDEF_3_MANEVRA,38744.21191035387,-293872.9548570829,-224.27840200702568,202.48700180629996,7,377.4076159352978,4.6753056338464924,False
1127.82,RADAR_B,RADAR_B-SC46433,STATIC_CLUTTER,-343901.94413329125,108138.06763653498,0.17904658706250884,-0.7610924804171258,4,648.6736521905174,10.811227536508623,True
1128.35,RADAR_A,RADAR_A-T5343,HEDEF_3_MANEVRA,39175.13526646923,-293712.9597317256,-207.0370159289021,200.0250373213442,9,304.3113702516276,2.6736220001334834,False
1128.61,RADAR_C,RADAR_C-T4011,HEDEF_2,239650.24159944704,-83450.6272292578,-115.41578284610348,-219.10208115551907,4,689.0320924305597,10.811227536508623,False
1129.09,RADAR_A,RADAR_A-T7034,PGT549U,50901.31338766146,-83927.65939107352,119.33942786268572,-202.15324781247853,11,125.50378638636825,1.528938460803196,False
1129.28,RADAR_A,RADAR_A-T8439,HEDEF_2,239021.48054386606,-84386.33195941152,-119.19590990427548,-208.77238865828636,9,273.1302452547498,2.6736220001334834,False
1131.03,RADAR_A,RADAR_A-SC14575,STATIC_CLUTTER,-336596.7206959915,-43827.892834090504,0.07329088776367589,-1.0781369219354144,4,648.6736521905174,10.811227536508623,True
1131.11,RADAR_A,RADAR_A-T7034,PGT549U,51273.1396112945,-84574.91596062809,111.32962688980089,-205.70742551923055,9,182.04808484005298,2.6736220001334834,False
1131.22,RADAR_A,RADAR_A-T5343,HEDEF_3_MANEVRA,39060.549328621666,-293310.1819857106,-188.0268746290455,201.67948294470813,9,303.9078954415748,2.6736220001334834,False
1131.58,RADAR_A,RADAR_A-T8439,HEDEF_2,238835.96129774838,-84489.7691514474,-124.7823311814028,-206.33994870028937,9,273.051950192902,2.6736220001334834,False
1132.62,RADAR_B,RADAR_B-T3721,PGT549U,51107.8471999671,-84994.1885531647,172.04132879602278,-204.95896527022865,5,495.4255953451768,8.1756070113073,False
1133.03,RADAR_A,RADAR_A-CL40571,CLUTTER,371664.88806393824,324028.0102678831,0.023999114800523615,0.14297186814948856,8,212.13203435596427,3.5355339059327378,True
1133.12,RADAR_A,RADAR_A-T7034,PGT549U,51334.91974360918,-84771.09041928964,109.26438077469369,-208.15391611434492,10,148.98484023966694,2.021831720409404,False
1133.31,RADAR_B,RADAR_B-T4368,HEDEF_2,238564.19322784914,-84685.38595651979,-133.71093584336955,-212.96419166041562,6,411.7234983395792,6.1825125572116635,False
1134.36,RADAR_B,RADAR_B-T2425,HEDEF_3_MANEVRA,39592.85551437225,-292429.8353743138,-204.50346729820345,202.46571483938183,7,376.53695296781945,4.6753056338464924,False
1134.68,RADAR_A,RADAR_A-T8439,HEDEF_2,238306.74524823387,-85186.46565142617,-124.6579441604755,-209.70016111190006,10,251.95776162480976,2.021831720409404,False
1135.69,RADAR_A,RADAR_A-T7034,PGT549U,51699.14806756601,-85129.86319128187,120.01534133760006,-204.8004996551318,10,149.29665456983417,2.021831720409404,False
1135.72,RADAR_A,RADAR_A-T6555,HEDEF_3_MANEVRA,39546.08282844035,-292336.9337866687,-179.49138749562073,201.93944643721218,10,284.5317810674312,2.021831720409404,False
1136.54,RADAR_C,RADAR_C-T1747,HEDEF_3_MANEVRA,39655.87859762085,-291984.1502154203,-143.11572360186952,209.92020614793043,5,579.3304918720656,8.1756070113073,False
1136.58,RADAR_A,RADAR_A-T8439,HEDEF_2,238158.68477738835,-85713.71653011901,-122.77717674244921,-210.98395365851206,9,272.8840000227423,2.6736220001334834,False
1137.82,RADAR_A,RADAR_A-T7034,PGT549U,51884.7067242641,-85865.3893367095,119.65835545706605,-204.1725176430563,9,182.71412531131116,2.6736220001334834,False
1138.09,RADAR_A,RADAR_A-T6555,HEDEF_3_MANEVRA,39718.765980982986,-291814.539942436,-188.86131211803462,201.80205905587476,11,272.86753802857294,1.528938460803196,False
1139.08,RADAR_B,RADAR_B-T2425,HEDEF_3_MANEVRA,39802.571835010676,-291573.8768803634,-177.30117956314052,199.50533872954688,9,297.3096730792949,2.6736220001334834,False
1139.11,RADAR_A,RADAR_A-T8439,HEDEF_2,237790.83970222078,-85608.92462005622,-118.26279412431296,-205.87965085420075,9,272.800734770467,2.6736220001334834,False
1140.23,RADAR_A,RADAR_A-T6555,HEDEF_3_MANEVRA,40419.38218417288,-291399.1803084002,-215.40848112309328,195.10702018048204,9,302.64376170666577,2.6736220001334834,False
1140.58,RADAR_A,RADAR_A-T7034,PGT549U,52406.89977383633,-86242.72139568288,121.47828656381277,-203.12450712941182,11,127.15107303854421,1.528938460803196,False
1142.51,RADAR_B,RADAR_B-T4904,PGT549U,52451.15655196428,-86755.39559483631,84.02298414617874,-204.94711077077315,5,495.67970631198244,8.1756070113073,False
1142.51,RADAR_A,RADAR_A-T6555,HEDEF_3_MANEVRA,40121.57240301995,-290957.7221132603,-181.11806606851866,203.95119445086698,10,283.51798923049637,2.021831720409404,False
1142.95,RADAR_B,RADAR_B-T2425,HEDEF_3_MANEVRA,40363.3782595374,-290685.5046598068,-191.38019356312006,203.7508268432844,8,327.58010645611415,3.5355339059327378,False
1143.16,RADAR_A,RADAR_A-T7034,PGT549U,52812.020677056855,-86745.70802936381,112.50551521434893,-209.04875179617446,11,127.5248997287279,1.528938460803196,False
1143.91,RADAR_B,RADAR_B-T1329,HEDEF_2,237731.90582006777,-86738.22136596357,-125.95294089244325,-225.43516356796675,5,521.9486869144414,8.1756070113073,False
1144.86,RADAR_A,RADAR_A-T6555,HEDEF_3_MANEVRA,40501.27913441542,-290373.0451557851,-181.30274627661433,200.02584318978413,10,283.1676753488254,2.021831720409404,False
1145.49,RADAR_A,RADAR_A-T7034,PGT549U,52920.14251045205,-87502.93878519966,110.90384199732918,-207.92569004579298,11,127.86287435907938,1.528938460803196,False
1145.83,RADAR_C,RADAR_C-T2985,PGT549U,52979.9487846644,-87230.73861052372,138.6948384406579,-200.39030398786815,6,393.9204688900248,6.1825125572116635,False
1146.62,RADAR_B,RADAR_B-T2425,HEDEF_3_MANEVRA,40737.29374409877,-290308.62633217557,-191.96587422440857,202.40219832099297,9,296.15841453382444,2.6736220001334834,False
1146.65,RADAR_A,RADAR_A-T9796,HEDEF_2,236846.71215858732,-87579.93677630436,-122.76849477147096,-204.67516198469227,13,226.50906955869462,0.8743393107950702,False
1147.35,RADAR_A,RADAR_A-SC14575,STATIC_CLUTTER,-336614.3302376571,-43825.2854560884,-0.6111475560207399,-0.37015281771197883,4,648.6736521905174,10.811227536508623,True
1147.44,RADAR_A,RADAR_A-T6555,HEDEF_3_MANEVRA,40236.15067099416,-289893.1961163484,-171.02160227647602,204.26855829808017,10,282.7838976036739,2.021831720409404,False
1148.0,RADAR_B,RADAR_B-T4904,PGT549U,53146.93229939611,-87720.41691693313,111.5579718082036,-200.37112360077168,11,116.75320067232481,1.528938460803196,False
1148.74,RADAR_A,RADAR_A-T7034,PGT549U,53290.81584902696,-87985.4939819792,123.60502882702352,-202.68312004253522,13,103.95542088198258,0.8743393107950702,False
1149.08,RADAR_A,RADAR_A-T9796,HEDEF_2,236691.55518965074,-87596.73055890555,-122.909790794434,-204.01922772742194,13,226.41722212056698,0.8743393107950702,False
1149.58,RADAR_A,RADAR_A-T6555,HEDEF_3_MANEVRA,41346.29797291891,-289419.8430917187,-163.5939517959158,205.48211229177164,10,282.46595440144085,2.021831720409404,False
1150.29,RADAR_C,RADAR_C-T1747,HEDEF_3_MANEVRA,41359.28062418689,-289220.3204247952,-164.71197977265942,207.88047635139708,6,480.781290130809,6.1825125572116635,False
1150.97,RADAR_A,RADAR_A-T7034,PGT549U,53541.34010028283,-88439.70825010064,125.89361465241916,-199.89921068952407,12,113.80039070017601,1.1562054316023351,False
1151.97,RADAR_A,RADAR_A-T6555,HEDEF_3_MANEVRA,41128.454077257935,-288866.07748560025,-164.12629065552525,200.416025516304,10,282.10954802291593,2.021831720409404,False
1152.91,RADAR_A,RADAR_A-T7034,PGT549U,53864.658067297496,-88664.48143695334,119.04766136946516,-204.40769086780114,14,98.92018845981426,0.6611880635625048,False
1154.92,RADAR_A,RADAR_A-T7034,PGT549U,54109.22117476096,-89224.03342360533,122.87600446356228,-201.2980209487433,14,99.30506827944869,0.6611880635625048,False
1156.74,RADAR_B,RADAR_B-T8356,HEDEF_3_MANEVRA,41452.51832822696,-288194.09009940916,-150.18326617783046,196.3993777263813,8,325.67908196870945,3.5355339059327378,False
1156.88,RADAR_B,RADAR_B-T4579,PGT549U,54153.19491963515,-89461.34560421185,123.46965336024839,-201.85387842898214,12,101.321935432656,1.1562054316023351,False
1157.22,RADAR_A,RADAR_A-T7034,PGT549U,54407.09912703974,-89708.55075508388,124.59499968811994,-201.83114671126654,14,99.74452592197402,0.6611880635625048,False
1157.63,RADAR_A,RADAR_A-T4913,HEDEF_2,235548.9149409196,-89519.95664384204,-121.28518280817212,-200.35648315968325,13,226.1030696031512,0.8743393107950702,False
1159.18,RADAR_B,RADAR_B-T8489,HEDEF_2,235159.19950391114,-90156.31014379536,-126.20183017614359,-206.4443916092074,9,239.5846554981487,2.6736220001334834,False
1160.23,RADAR_A,RADAR_A-T7034,PGT549U,54867.545854190146,-90274.49718031017,123.62249562809733,-201.45641139036596,14,100.32000711112768,0.6611880635625048,False
1160.35,RADAR_A,RADAR_A-T4422,HEDEF_3_MANEVRA,42458.442335920096,-287038.2630714403,-166.39216418447984,201.8596368110527,10,280.86725078746986,2.021831720409404,False
1161.55,RADAR_B,RADAR_B-T4579,PGT549U,54763.84741757515,-90431.22237194402,129.7493767221148,-202.81342345571616,12,101.94981374899125,1.1562054316023351,False
1161.69,RADAR_C,RADAR_C-T8539,PGT549U,54831.122177783276,-90568.44865010149,141.24562109332166,-196.90219551411704,9,210.12760541882227,2.6736220001334834,False
1162.88,RADAR_B,RADAR_B-T8356,HEDEF_3_MANEVRA,42425.486896430295,-286811.581405061,-196.9649128227187,184.95880388135436,5,548.7662997468876,8.1756070113073,False
1163.25,RADAR_A,RADAR_A-T7034,PGT549U,55018.13783662206,-90906.39771596387,120.2394893862758,-204.30813718380855,13,106.57931334510887,0.8743393107950702,False
1163.27,RADAR_A,RADAR_A-T4422,HEDEF_3_MANEVRA,42279.67633131781,-286770.83465133765,-150.46145815939252,203.10349747166057,11,268.9670441953595,1.528938460803196,False
1163.59,RADAR_A,RADAR_A-T2995,HEDEF_2,234775.06034039878,-91103.22094367484,-122.44728356740644,-206.6077364720372,12,230.40773366245105,1.1562054316023351,False
1164.13,RADAR_B,RADAR_B-T8489,HEDEF_2,234692.83900246216,-91131.63321556662,-119.42799782069449,-195.54385837516085,12,190.89133594054394,1.1562054316023351,False
1165.59,RADAR_A,RADAR_A-T7034,PGT549U,55409.62720413524,-91426.1414488993,123.99089699892797,-202.34761270690797,13,107.0045292239277,0.8743393107950702,False
1166.0,RADAR_A,RADAR_A-T4422,HEDEF_3_MANEVRA,43202.119816667764,-285936.22071769496,-165.09940840845417,198.82290811289326,11,268.5470281403758,1.528938460803196,False
1166.21,RADAR_A,RADAR_A-T2995,HEDEF_2,234401.64253120386,-91396.19651545734,-121.27414094783445,-198.15634359782038,12,230.31881672018162,1.1562054316023351,False
1167.0,RADAR_B,RADAR_B-T4579,PGT549U,55323.0079283019,-91682.6731117621,117.5163924504918,-201.00675820563217,11,118.94662157464394,1.528938460803196,False
1167.13,RADAR_B,RADAR_B-T8356,HEDEF_3_MANEVRA,43320.9727211279,-285825.91687297047,-177.63473506864221,206.61714804306794,6,444.6856550908679,6.1825125572116635,False
1168.61,RADAR_A,RADAR_A-T7034,PGT549U,55773.707709577786,-91993.69248046313,119.27677451022757,-205.29306448693532,12,116.73875465437808,1.1562054316023351,False
1168.76,RADAR_A,RADAR_A-T4422,HEDEF_3_MANEVRA,42646.581209715565,-285383.90758852626,-156.15601862172173,205.91008309042468,9,298.67623051918116,2.6736220001334834,False
1168.9,RADAR_A,RADAR_A-T2995,HEDEF_2,234390.27153343332,-91609.13935828919,-121.18104746489328,-203.81858535640526,13,225.70988589597928,0.8743393107950702,False
1169.11,RADAR_B,RADAR_B-T8489,HEDEF_2,234048.1613945362,-92175.35320097097,-119.56946254473465,-199.93274226041575,12,190.79098876018085,1.1562054316023351,False
1170.82,RADAR_A,RADAR_A-T7034,PGT549U,55998.59469742005,-92478.53068841927,123.41485183408585,-201.74678271771884,13,107.95644489120744,0.8743393107950702,False
1170.91,RADAR_A,RADAR_A-T4422,HEDEF_3_MANEVRA,43254.999579252995,-285035.07124479563,-153.44719155009153,202.29386753399382,10,279.3079685086776,2.021831720409404,False
1171.9,RADAR_B,RADAR_B-T8356,HEDEF_3_MANEVRA,43045.63528478099,-284827.2705144441,-134.0900791388147,207.44159363494336,8,323.6025928987144,3.5355339059327378,False
1171.91,RADAR_A,RADAR_A-T2995,HEDEF_2,233686.45342098878,-92844.97119476255,-122.14295642659147,-204.80882886111033,13,225.60888150524562,0.8743393107950702,False
1172.38,RADAR_B,RADAR_B-T4579,PGT549U,56109.348681858486,-92656.50896908766,114.36823372141515,-203.0960503417121,12,103.42747160709465,1.1562054316023351,False
1172.88,RADAR_C,RADAR_C-T1885,HEDEF_3_MANEVRA,43721.44258783557,-284618.6177095529,-116.2112868674121,206.5965682945945,4,715.5214942446464,10.811227536508623,False
1172.94,RADAR_A,RADAR_A-T4422,HEDEF_3_MANEVRA,43160.36550177272,-284623.78007969767,-168.42984731373267,198.65642871935847,9,298.09991986165966,2.6736220001334834,False
1173.51,RADAR_A,RADAR_A-T7034,PGT549U,56451.65184102394,-92951.71267021591,123.44103916926464,-201.5897203180413,13,108.44597406257166,0.8743393107950702,False
1173.92,RADAR_B,RADAR_B-T8489,HEDEF_2,233667.64290992613,-92648.16119398281,-125.7903060957862,-204.6795517849507,11,199.92342885385935,1.528938460803196,False
1174.54,RADAR_A,RADAR_A-T2995,HEDEF_2,233467.53657717165,-93142.2750853349,-122.7037713018558,-202.40670231233975,14,222.89435577607097,0.6611880635625048,False
1175.64,RADAR_A,RADAR_A-T4422,HEDEF_3_MANEVRA,43315.74893975213,-284108.78214341676,-146.0899470261142,203.96311312136393,11,267.06523522277723,1.528938460803196,False
1176.03,RADAR_B,RADAR_B-T4579,PGT549U,56555.94969606999,-93532.15952952373,121.64136213009962,-204.58664821665235,10,143.893761171363,2.021831720409404,False
1176.09,RADAR_B,RADAR_B-T8356,HEDEF_3_MANEVRA,43431.173817156014,-284273.194634902,-141.93446878077322,208.58621378740068,9,291.6895757703252,2.6736220001334834,False
1176.33,RADAR_A,RADAR_A-T2995,HEDEF_2,233122.46169331123,-93658.04863367898,-121.16402975776886,-199.46471506723356,12,229.98768307997875,1.1562054316023351,False
1177.79,RADAR_A,RADAR_A-T9691,PGT549U,56846.362806383506,-93916.34829381383,126.02160699592527,-200.90843024169774,13,109.22831934915972,0.8743393107950702,False
1178.42,RADAR_C,RADAR_C-T1885,HEDEF_3_MANEVRA,43695.30404775784,-283731.671167271,-159.4907819106045,202.0645150196204,5,575.541558241556,8.1756070113073,False
1178.87,RADAR_A,RADAR_A-T2995,HEDEF_2,232872.74148722104,-94167.6214296595,-122.47740416863772,-200.99274840756985,14,222.7523714621675,0.6611880635625048,False
1179.07,RADAR_B,RADAR_B-T8489,HEDEF_2,232983.3966354929,-94125.66097465379,-117.72808088232125,-203.21825815754633,10,215.0226500490168,2.021831720409404,False
1180.37,RADAR_A,RADAR_A-T9691,PGT549U,57205.35082407209,-94524.12956439241,125.14109527899782,-200.69240518019524,14,104.19245895931832,0.6611880635625048,False
1181.43,RADAR_A,RADAR_A-T2995,HEDEF_2,232524.38723552358,-94560.16853361478,-122.27101353020335,-209.88280770294404,12,229.82768136625623,1.1562054316023351,False
1181.52,RADAR_B,RADAR_B-T4579,PGT549U,57200.703723244274,-94490.57435194404,117.84531733649692,-193.7067847077265,8,226.1613533350403,3.5355339059327378,False
1181.71,RADAR_C,RADAR_C-SC05477,STATIC_CLUTTER,55136.67515816236,53292.819011379856,0.17223151712117593,-0.46452541403306363,1,1500.0,25.0,True
1182.97,RADAR_A,RADAR_A-T9691,PGT549U,57615.43491753406,-94994.44375611772,124.0250647217836,-202.18784643077066,12,119.16125342859867,1.1562054316023351,False
1183.96,RADAR_A,RADAR_A-T2995,HEDEF_2,232223.81335898704,-95217.00033706886,-121.85012526049226,-203.89877472407454,13,225.22144632407773,0.8743393107950702,False
1184.02,RADAR_C,RADAR_C-T7183,HEDEF_2,232634.88099797562,-94635.77597261619,-133.04573939906578,-215.04428638124924,7,364.6342368736677,4.6753056338464924,False
1184.27,RADAR_B,RADAR_B-T8489,HEDEF_2,232250.5496840631,-95637.25589002995,-124.16816889480572,-195.08925261778379,10,214.94557281697914,2.021831720409404,False
1184.33,RADAR_A,RADAR_A-SC14575,STATIC_CLUTTER,-336587.6752444829,-43842.76405252445,0.37548734913818227,0.055120272241110234,2,1134.321747974356,18.905362466239264,True
1185.36,RADAR_A,RADAR_A-T9691,PGT549U,57881.129512916355,-95449.69321654877,119.54570437486123,-204.82350264196936,14,105.15475089531407,0.6611880635625048,False
1185.77,RADAR_B,RADAR_B-T4579,PGT549U,57829.63961625314,-95352.82587643314,125.88091805304916,-201.27396365494184,9,178.90764132440876,2.6736220001334834,False
1185.77,RADAR_A,RADAR_A-T7397,HEDEF_3_MANEVRA,44867.59602146902,-281908.8370980329,-140.305299699222,200.82746503361523,11,265.5139673762175,1.528938460803196,False
1185.9,RADAR_B,RADAR_B-T7015,HEDEF_3_MANEVRA,44417.871571457625,-282172.66439037985,-151.62635131423426,198.2801228781193,6,442.82523230263735,6.1825125572116635,False
1186.77,RADAR_A,RADAR_A-T2995,HEDEF_2,231866.46362884186,-96012.9906769107,-121.71697999529752,-201.22516998043753,14,222.50305618139333,0.6611880635625048,False
1187.52,RADAR_C,RADAR_C-T1885,HEDEF_3_MANEVRA,45234.88435113958,-281748.07614797784,-167.20297548715465,190.04869589979137,5,574.7310989661119,8.1756070113073,False
1187.66,RADAR_A,RADAR_A-T9691,PGT549U,58170.29556183544,-95742.14759149116,123.9913505161014,-202.5438208818053,12,119.95938351804448,1.1562054316023351,False
1188.1,RADAR_A,RADAR_A-T7397,HEDEF_3_MANEVRA,44676.67689007576,-281459.84274155967,-151.88868872131363,196.9044736132565,9,296.0188610037527,2.6736220001334834,False
1189.0,RADAR_B,RADAR_B-T4579,PGT549U,58175.53278319615,-96150.67697653957,124.31130150116958,-200.47483964719962,12,105.7500804842792,1.1562054316023351,False
1189.37,RADAR_A,RADAR_A-T9691,PGT549U,58408.02281513088,-96220.65099001354,125.64721277425123,-199.77398112178116,12,120.2501189848976,1.1562054316023351,False
1189.84,RADAR_B,RADAR_B-T8489,HEDEF_2,231530.66689246672,-96393.096056191,-119.37553346484171,-197.4227495064241,12,190.43412358220743,1.1562054316023351,False
1190.58,RADAR_A,RADAR_A-T7397,HEDEF_3_MANEVRA,45120.26327367314,-281243.69815263216,-144.14759971132835,202.0819418210948,11,264.77885688832714,1.528938460803196,False
1191.64,RADAR_C,RADAR_C-SC05477,STATIC_CLUTTER,55109.97132320294,53321.82514917571,-0.15127377064948883,0.4744086418581788,4,648.6736521905174,10.811227536508623,True
1191.71,RADAR_A,RADAR_A-T9691,PGT549U,58641.50199389716,-96667.7126962758,124.18911817569179,-202.52412819897242,12,120.64890248859663,1.1562054316023351,False
1191.72,RADAR_B,RADAR_B-T7015,HEDEF_3_MANEVRA,45116.25860413115,-281108.4816939936,-102.87743394363963,204.23600039100182,7,369.69385440469324,4.6753056338464924,False
1191.75,RADAR_A,RADAR_A-T9734,HEDEF_2,231290.115605417,-96792.59752025451,-124.55172982949885,-205.76774126838362,14,222.35173267946865,0.6611880635625048,False
1193.34,RADAR_A,RADAR_A-T7397,HEDEF_3_MANEVRA,45228.50653985924,-280266.1381491613,-128.69398216988554,202.13252225707552,10,276.01859635579314,2.021831720409404,False
1193.62,RADAR_C,RADAR_C-T7183,HEDEF_2,231267.7825896535,-96901.8598520333,-122.65782197691102,-200.8930170850531,7,364.73800688137544,4.6753056338464924,False
1193.91,RADAR_A,RADAR_A-T9734,HEDEF_2,230936.24286056793,-97543.02119772533,-123.06385164291048,-203.79850366916602,14,222.2876482865063,0.6611880635625048,False
1194.38,RADAR_A,RADAR_A-T9691,PGT549U,58964.05821426058,-97245.30076155432,121.26141541259679,-204.43161310318507,13,112.2758516240552,0.8743393107950702,False
1194.81,RADAR_B,RADAR_B-T8489,HEDEF_2,230829.07590486,-97410.60979736438,-120.06269396494466,-200.22349952213412,12,190.36301514013562,1.1562054316023351,False
1195.78,RADAR_B,RADAR_B-T4579,PGT549U,58919.97922110265,-97366.22167320286,122.33148115565676,-202.58696064783075,12,106.71476912113921,1.1562054316023351,False
1195.98,RADAR_A,RADAR_A-T7397,HEDEF_3_MANEVRA,45895.60261692262,-280041.7773680319,-116.88210364491344,205.0560012581327,9,294.94285082237366,2.6736220001334834,False
1196.16,RADAR_A,RADAR_A-T9734,HEDEF_2,230648.93046066177,-97814.6135221752,-120.52166195301108,-203.02589432687404,13,224.8573541177613,0.8743393107950702,False
1196.82,RADAR_A,RADAR_A-T9691,PGT549U,59297.3419920516,-97745.8151284705,122.15561273636693,-202.02022414185072,14,107.37360034577637,0.6611880635625048,False
1197.17,RADAR_B,RADAR_B-T7015,HEDEF_3_MANEVRA,45593.40425882276,-279993.8256543226,-157.72273188325474,207.18095252714443,6,441.71919923535455,6.1825125572116635,False
1198.95,RADAR_A,RADAR_A-T7397,HEDEF_3_MANEVRA,46230.056495823585,-279228.46737891756,-142.35923294113815,200.032742799706,9,294.53823342464443,2.6736220001334834,False
1198.96,RADAR_B,RADAR_B-T4579,PGT549U,59522.57865544577,-98145.19502815182,137.9403866858292,-200.10934120642173,10,146.25003294347707,2.021831720409404,False
1199.17,RADAR_A,RADAR_A-T9691,PGT549U,59504.470029983895,-98186.3749944751,118.65873734658939,-206.66207912904164,12,121.92479182275005,1.1562054316023351,False
1200.25,RADAR_B,RADAR_B-T4913,HEDEF_2,230504.60959446774,-98533.51250302584,-125.06086864580175,-209.90592185105788,9,239.0232693442981,2.6736220001334834,False
1200.89,RADAR_A,RADAR_A-T7397,HEDEF_3_MANEVRA,46413.86743296404,-278903.14311586285,-112.11804000990304,202.18674959206757,9,294.27439114614396,2.6736220001334834,False
1201.37,RADAR_C,RADAR_C-T7183,HEDEF_2,230539.9825746049,-98730.74173805604,-113.4252492039201,-188.15810750443333,6,438.1946934063205,6.1825125572116635,False
1201.81,RADAR_A,RADAR_A-T9653,HEDEF_2,230194.8986188574,-98439.47190710809,-122.95640844427936,-203.48720993308646,13,224.69815518720736,0.8743393107950702,False
1201.82,RADAR_B,RADAR_B-SC69319,STATIC_CLUTTER,389170.40210747585,-173902.88493108793,0.6822586105098248,-0.7244569042678328,3,857.790551951732,14.296509199195533,True
1202.0,RADAR_A,RADAR_A-T9691,PGT549U,59980.63713015708,-98751.27427349232,123.42421468477733,-202.86520103418064,14,108.37771119595182,0.6611880635625048,False
1202.89,RADAR_A,RADAR_A-T7397,HEDEF_3_MANEVRA,46396.42787118456,-278362.00413237524,-138.1293398084379,196.52820417123914,10,274.6277386556876,2.021831720409404,False
1203.5,RADAR_B,RADAR_B-T4579,PGT549U,59943.264599845024,-98883.46482049245,124.1563518356206,-199.2732920087689,11,123.40715811648498,1.528938460803196,False
1204.01,RADAR_B,RADAR_B-T7015,HEDEF_3_MANEVRA,46115.614350650154,-278204.07936687255,-100.93833324773013,199.5611854412962,7,368.25788507172007,4.6753056338464924,False
1204.42,RADAR_A,RADAR_A-T9653,HEDEF_2,229641.06475922855,-99392.09060027964,-123.13377305725875,-202.652150947548,12,229.1673665188393,1.1562054316023351,False
1204.8,RADAR_A,RADAR_A-T9691,PGT549U,60050.19837331224,-99515.63011575084,130.80455091452433,-198.05730110477685,12,122.89280983691924,1.1562054316023351,False
1205.29,RADAR_B,RADAR_B-T4913,HEDEF_2,229548.65976962127,-99474.84430249293,-121.47548491731189,-200.09012298459996,8,276.3612520536723,3.5355339059327378,False
1205.58,RADAR_C,RADAR_C-T1059,PGT549U,60483.92235325369,-100203.1958663105,115.49954295529989,-195.54853847580833,6,398.1126838436173,6.1825125572116635,False
1206.59,RADAR_B,RADAR_B-SC46433,STATIC_CLUTTER,-343906.4354488457,108109.44430702757,-0.3587640978647713,-0.40975018233202,2,1134.321747974356,18.905362466239264,True
1206.83,RADAR_A,RADAR_A-T9691,PGT549U,60538.71925483072,-99813.20623795097,121.95591222352307,-203.10781769608303,13,114.57924653508904,0.8743393107950702,False
1206.99,RADAR_A,RADAR_A-T9653,HEDEF_2,229453.7512305831,-99815.90114222335,-123.00967861513146,-204.00689370577967,12,229.09942674485296,1.1562054316023351,False
1207.92,RADAR_A,RADAR_A-T2660,HEDEF_3_MANEVRA,46482.32603737789,-277402.818366031,-114.62479368967979,204.20846249550024,9,293.3495528338151,2.6736220001334834,False
1208.89,RADAR_B,RADAR_B-T4579,PGT549U,60784.05641918031,-100187.12544068736,115.80319418405217,-202.7703340263652,11,124.09206613636253,1.528938460803196,False
1208.91,RADAR_A,RADAR_A-T9691,PGT549U,60749.7149491196,-100246.84166462855,125.71686550187567,-201.6467348824804,13,114.96362247285458,0.8743393107950702,False
1210.37,RADAR_B,RADAR_B-T4913,HEDEF_2,229175.00354859172,-100104.6262515704,-122.88337765497508,-206.9484929883305,12,190.18011356217886,1.1562054316023351,False
1211.34,RADAR_A,RADAR_A-T9691,PGT549U,60967.67847439067,-100677.3808932562,123.05492113782674,-203.34911183691833,12,124.02026244653015,1.1562054316023351,False
1211.91,RADAR_C,RADAR_C-T7183,HEDEF_2,229298.956344297,-100732.81846054982,-123.07299295583618,-206.03935460649467,9,283.2759867864027,2.6736220001334834,False
1212.76,RADAR_A,RADAR_A-T2157,HEDEF_2,228674.24796862382,-101319.77138629038,-123.34425197713739,-201.20449153771992,12,228.9593852722771,1.1562054316023351,False
1213.3,RADAR_B,RADAR_B-T4654,HEDEF_3_MANEVRA,49537.21402716646,-276403.8842282493,-48.70523333426243,203.6237106140893,9,286.1067464012786,2.6736220001334834,False
1213.31,RADAR_B,RADAR_B-T4579,PGT549U,60997.31404757373,-100967.76409685632,115.96131919860359,-201.218136931942,10,147.7852972851527,2.021831720409404,False
1213.45,RADAR_B,RADAR_B-T4913,HEDEF_2,228646.47034261146,-100940.4244756875,-118.10262048105858,-204.08792890505987,9,238.91347125198882,2.6736220001334834,False
1213.64,RADAR_A,RADAR_A-T9691,PGT549U,61348.547835416866,-101164.16492103523,117.63199830742367,-204.45066654216703,12,124.41606383373927,1.1562054316023351,False
1214.33,RADAR_A,RADAR_A-SC14575,STATIC_CLUTTER,-336600.8558869766,-43829.60466848823,-0.04304845027466379,-0.5381882237367419,2,1134.321747974356,18.905362466239264,True
1214.64,RADAR_A,RADAR_A-T2157,HEDEF_2,228533.75112783158,-101314.90310599231,-122.16262535257758,-204.0090898968572,14,221.72818802592292,0.6611880635625048,False
1216.55,RADAR_A,RADAR_A-T2157,HEDEF_2,228170.74154636002,-101927.85535812646,-121.84294111561918,-200.0834115978178,12,228.87069370888284,1.1562054316023351,False
1216.74,RADAR_A,RADAR_A-SC62965,STATIC_CLUTTER,-331782.06020478584,-102079.4995995005,0.5192649428452086,-0.6419768110893975,1,1500.0,25.0,True
1217.15,RADAR_B,RADAR_B-T4579,PGT549U,61865.93986222686,-101919.43124671806,122.88448409523451,-205.4110315163232,12,109.82048244061048,1.1562054316023351,False
1218.53,RADAR_B,RADAR_B-T4654,HEDEF_3_MANEVRA,51501.81107198593,-275360.4008044858,7.258731909294262,207.12423095015188,9,285.33612122887234,2.6736220001334834,False
1218.94,RADAR_C,RADAR_C-T7183,HEDEF_2,228182.55607319987,-102312.55711929037,-124.24731854346032,-207.50463375756766,8,315.5747615624762,3.5355339059327378,False
1219.32,RADAR_A,RADAR_A-T2157,HEDEF_2,227763.07308508718,-102718.97219380298,-124.00595868159097,-205.8802841225481,13,224.2600190251346,0.8743393107950702,False
1219.34,RADAR_A,RADAR_A-SC14575,STATIC_CLUTTER,-336556.1505029076,-43803.61781220777,0.49913374109882647,-0.45304789072197854,1,1500.0,25.0,True
1219.38,RADAR_A,RADAR_A-T6480,PGT549U,62055.80842261398,-102402.93781509975,127.37229620903615,-201.2990203637816,13,116.90625932488129,0.8743393107950702,False
1220.77,RADAR_A,RADAR_A-T7508,HEDEF_3_MANEVRA,52958.192993162585,-274789.11825244233,31.92416292418656,204.04217865728424,10,272.73157147439355,2.021831720409404,False
1221.77,RADAR_A,RADAR_A-T6480,PGT549U,62447.84220930272,-102874.96609969613,123.07048927905012,-200.1028468538925,12,125.82472027157728,1.1562054316023351,False
1221.84,RADAR_B,RADAR_B-T4579,PGT549U,62314.036221639355,-102791.49989297269,127.42186411016455,-206.73870912946927,8,228.91240403897038,3.5355339059327378,False
1222.5,RADAR_B,RADAR_B-T4654,HEDEF_3_MANEVRA,53648.63740557741,-274645.3609238417,13.554347983139674,210.24535521059877,6,439.2726969756497,6.1825125572116635,False
1223.11,RADAR_A,RADAR_A-T5588,HEDEF_2,227431.84270643463,-103114.9398349004,-122.3147734827506,-201.48615448145117,13,224.17463365565916,0.8743393107950702,False
1224.13,RADAR_A,RADAR_A-T6480,PGT549U,62471.32679868356,-103446.76968861141,125.52038702869548,-201.41582379851334,14,112.67813720270678,0.6611880635625048,False
1225.07,RADAR_A,RADAR_A-T5588,HEDEF_2,227213.39603468892,-103664.62323452097,-121.33365040564999,-200.3129899774711,14,221.48724964562484,0.6611880635625048,False
1225.76,RADAR_A,RADAR_A-T3500,HEDEF_3_MANEVRA,55585.973425241726,-274056.48591731815,96.49428205863487,202.8332178747792,11,260.47146372090185,1.528938460803196,False
1226.26,RADAR_B,RADAR_B-T4579,PGT549U,62751.2276986714,-103792.17494693978,117.67890699431848,-200.26298276607946,8,229.23126643754625,3.5355339059327378,False
1226.38,RADAR_A,RADAR_A-T6480,PGT549U,62935.04009527653,-103694.72902283786,120.7292313914234,-205.771259843526,13,118.20964134521465,0.8743393107950702,False
1227.47,RADAR_B,RADAR_B-T4654,HEDEF_3_MANEVRA,55842.14178665677,-273626.7556806235,122.66409857732577,204.9081086943128,9,284.0588003441445,2.6736220001334834,False
1227.63,RADAR_A,RADAR_A-T5588,HEDEF_2,226817.9155085987,-104368.87973625098,-122.99722608981853,-203.97356350245772,13,224.07609663139928,0.8743393107950702,False
1227.81,RADAR_B,RADAR_B-T1545,HEDEF_2,226924.62220935238,-103872.30106867738,-127.34228142276154,-214.87339298651054,9,238.8381947130772,2.6736220001334834,False
1228.6,RADAR_A,RADAR_A-T3500,HEDEF_3_MANEVRA,56658.50771444668,-273319.0101412155,139.25562200027758,202.7245691031008,10,272.05829909492684,2.021831720409404,False
1228.92,RADAR_A,RADAR_A-T6480,PGT549U,63268.86969723387,-104316.77980866755,121.68960188776386,-202.85076570955036,12,127.06730655480543,1.1562054316023351,False
1229.7,RADAR_C,RADAR_C-T9767,PGT549U,63030.79339248752,-104248.36844452674,115.77981444395566,-198.1145847895304,5,512.7794578445291,8.1756070113073,False
1230.73,RADAR_A,RADAR_A-T5588,HEDEF_2,226759.6291997628,-104371.90031386442,-123.56034134361232,-204.98645147571514,14,221.36530915838722,0.6611880635625048,False
1230.93,RADAR_A,RADAR_A-T6480,PGT549U,63409.59377067902,-104872.66501798076,122.4758496464856,-202.68537928503187,14,114.00263614270834,0.6611880635625048,False
1231.29,RADAR_A,RADAR_A-T3500,HEDEF_3_MANEVRA,57947.945893407,-272447.5780986899,154.8400330825995,200.32286011544903,9,291.39760384403246,2.6736220001334834,False
1231.49,RADAR_B,RADAR_B-T4579,PGT549U,63334.26660961089,-104794.52248402721,122.45435751229606,-204.6035978100881,11,127.0322945305472,1.528938460803196,False
1232.94,RADAR_B,RADAR_B-T1545,HEDEF_2,226358.5850826434,-104948.27546255731,-124.49858526132252,-207.5669290277102,9,238.82038650382177,2.6736220001334834,False
1233.13,RADAR_A,RADAR_A-T6480,PGT549U,63750.1094995827,-105241.25585420028,119.25155868120007,-205.58582390345413,14,114.43240701291431,0.6611880635625048,False
1233.34,RADAR_A,RADAR_A-T5588,HEDEF_2,226224.06411265285,-105191.42377894695,-121.22891178114209,-204.82324393645996,13,223.95739939579914,0.8743393107950702,False
1233.8,RADAR_B,RADAR_B-T4654,HEDEF_3_MANEVRA,58811.09666671537,-272676.0131583903,194.6851719283658,209.46827472896578,7,364.8958935697441,4.6753056338464924,False
1234.07,RADAR_A,RADAR_A-SC62965,STATIC_CLUTTER,-331700.9535605014,-102117.30310946389,0.40113365485039076,-0.29215957970722467,2,1134.321747974356,18.905362466239264,True
1234.52,RADAR_A,RADAR_A-T3500,HEDEF_3_MANEVRA,59238.793785221955,-272003.76814267976,185.31073158384223,201.04979267086227,9,291.1559292948833,2.6736220001334834,False
1235.72,RADAR_B,RADAR_B-T4579,PGT549U,63857.82160433232,-105762.25390037583,133.66732126135454,-201.09132086850315,10,150.26944372706166,2.021831720409404,False
1235.84,RADAR_A,RADAR_A-T6480,PGT549U,64027.46573732501,-105739.82820285727,119.80384002352538,-205.41506641849813,12,128.27623669810947,1.1562054316023351,False
1236.0,RADAR_A,RADAR_A-T5588,HEDEF_2,225915.0195814612,-105742.22246972345,-119.8119969168574,-196.31339243110835,12,228.45893036144105,1.1562054316023351,False
1236.55,RADAR_B,RADAR_B-T1545,HEDEF_2,225698.04417287302,-105534.60671744669,-125.81616829743612,-211.07373289749256,11,199.27967051804964,1.528938460803196,False
1236.58,RADAR_A,RADAR_A-T3500,HEDEF_3_MANEVRA,60099.712386788924,-271603.5656482705,223.98898691905336,204.73040744907325,11,259.54961094423317,1.528938460803196,False
1237.35,RADAR_C,RADAR_C-T9767,PGT549U,64020.419455678995,-105664.84685312583,109.46861431757992,-203.5737487870785,9,220.25829699928877,2.6736220001334834,False
1238.25,RADAR_A,RADAR_A-T5588,HEDEF_2,225728.8658363647,-106140.59416248827,-124.29105967924762,-208.451796577068,14,221.21281473187003,0.6611880635625048,False
1238.4,RADAR_A,RADAR_A-T6480,PGT549U,64228.855708393996,-106364.77991298132,124.20244260884172,-203.5860198664298,14,115.4619630983842,0.6611880635625048,False
1239.08,RADAR_A,RADAR_A-T3500,HEDEF_3_MANEVRA,61217.329060539065,-271227.35019397,268.26347773473583,206.52110878002335,11,259.34878965015815,1.528938460803196,False
1239.97,RADAR_A,RADAR_A-T5588,HEDEF_2,225389.39155424014,-106519.55440285082,-122.86316288937068,-208.7831705048836,12,228.383627280578,1.1562054316023351,False
1240.9,RADAR_B,RADAR_B-T1545,HEDEF_2,225577.68955572828,-106811.2243024326,-114.91468654595941,-194.93286511401365,8,276.2114304891447,3.5355339059327378,False
1241.08,RADAR_B,RADAR_B-T4579,PGT549U,64448.42326622364,-106689.97656181619,121.85564665100719,-203.6289596003311,9,183.7987402685368,2.6736220001334834,False
1241.09,RADAR_A,RADAR_A-T6480,PGT549U,64639.122086898526,-106875.11376436477,119.7607802776697,-206.1731106412013,14,115.98783987083961,0.6611880635625048,False
1241.34,RADAR_C,RADAR_C-T9892,HEDEF_3_MANEVRA,61964.92627627149,-270552.80338106316,267.3971800171777,203.0704604240808,7,404.650892095596,4.6753056338464924,False
1241.52,RADAR_A,RADAR_A-T5588,HEDEF_2,225202.56995187688,-106847.96189149361,-123.58361324297401,-204.52119358644424,12,228.35505974454227,1.1562054316023351,False
1241.91,RADAR_A,RADAR_A-T3500,HEDEF_3_MANEVRA,63305.72264448062,-270450.6005628856,276.6453402010005,204.40734606707537,10,271.0116792856909,2.021831720409404,False
1243.92,RADAR_A,RADAR_A-T6480,PGT549U,64882.48561094893,-107452.0531229572,124.47658412249054,-202.06045312815914,13,121.49198993372342,0.8743393107950702,False
1244.04,RADAR_B,RADAR_B-T9021,HEDEF_3_MANEVRA,63627.569030963066,-270074.9874865331,296.81881123970845,204.8781106865586,7,363.8396688487756,4.6753056338464924,False
1244.13,RADAR_A,RADAR_A-SC62965,STATIC_CLUTTER,-331721.0044494053,-102081.04813792622,0.13807297704183746,-0.008338409700506666,3,857.790551951732,14.296509199195533,True
1244.29,RADAR_A,RADAR_A-T3500,HEDEF_3_MANEVRA,63835.50325022451,-270089.9202218139,325.48279954271584,203.5424277522976,10,270.8373973015009,2.021831720409404,False
1244.77,RADAR_B,RADAR_B-T1545,HEDEF_2,225135.4574536043,-107247.78618982548,-124.44330942194397,-215.46449212643208,9,238.7974576150534,2.6736220001334834,False
1245.35,RADAR_B,RADAR_B-T4579,PGT549U,65090.95455373175,-107628.3361315405,122.15044501122314,-202.94271262304952,12,114.05603164125777,1.1562054316023351,False
1246.45,RADAR_A,RADAR_A-T3500,HEDEF_3_MANEVRA,64533.46408616629,-269650.1954101519,339.81601827060575,203.91088431542997,11,258.7831334866893,1.528938460803196,False
1246.5,RADAR_A,RADAR_A-T6480,PGT549U,65224.21086024594,-108035.86014318404,120.14004721990722,-202.8306691323073,12,130.14770296773173,1.1562054316023351,False
1247.49,RADAR_A,RADAR_A-T1086,HEDEF_2,224585.8727207662,-107916.94056538306,-124.8060989581091,-209.81951079115126,13,223.69008946058432,0.8743393107950702,False
1247.68,RADAR_B,RADAR_B-T9021,HEDEF_3_MANEVRA,65232.95485600449,-269468.05316072784,336.8060558118706,204.49195576095448,8,313.7268319983877,3.5355339059327378,False
1249.37,RADAR_A,RADAR_A-T6480,PGT549U,65789.80401173739,-108528.61694573976,120.79796668743926,-205.4371872344149,14,117.60874950745526,0.6611880635625048,False
1249.62,RADAR_A,RADAR_A-T3500,HEDEF_3_MANEVRA,66461.27487322531,-268922.64360926877,367.1763764946542,201.64900489091423,10,270.46244266330604,2.021831720409404,False
1249.63,RADAR_A,RADAR_A-T1086,HEDEF_2,224289.1480106272,-108662.00625378483,-122.58094913366034,-207.60766302755255,12,228.21270713410527,1.1562054316023351,False
1250.64,RADAR_B,RADAR_B-T4579,PGT549U,65704.96381549226,-108807.20867887586,128.60158414368033,-203.837267202347,8,231.04558212210324,3.5355339059327378,False
1251.21,RADAR_B,RADAR_B-T5427,HEDEF_2,223864.20745375322,-108855.95996049339,-128.41683227350802,-212.52916197439882,11,199.26161247887967,1.528938460803196,False
1251.39,RADAR_A,RADAR_A-T6480,PGT549U,65726.60177941632,-109130.11249847076,126.2321317748733,-202.9789367924098,13,122.89532506892705,0.8743393107950702,False
1251.59,RADAR_A,RADAR_A-SC62965,STATIC_CLUTTER,-331761.87355052866,-102111.01773949078,0.67836514783607,-0.42727883482092976,4,648.6736521905174,10.811227536508623,True
1251.83,RADAR_A,RADAR_A-T3500,HEDEF_3_MANEVRA,67172.9675670981,-268737.4969396698,401.3478929683257,202.07531035357766,10,270.3125009080458,2.021831720409404,False
1252.56,RADAR_A,RADAR_A-T1086,HEDEF_2,224088.54447221683,-108926.9936102667,-122.4269344938188,-202.01424648597,12,228.16448021696834,1.1562054316023351,False
1253.53,RADAR_A,RADAR_A-T6480,PGT549U,66128.88106854248,-109425.78467150196,122.55421207609547,-203.74293208193586,12,131.38759120686666,1.1562054316023351,False
1253.59,RADAR_B,RADAR_B-T9021,HEDEF_3_MANEVRA,67969.63462554998,-268272.5247672348,427.8221767814639,205.4511596494593,9,280.6083808717584,2.6736220001334834,False
1253.74,RADAR_A,RADAR_A-T3500,HEDEF_3_MANEVRA,68506.02148292301,-267866.0758653249,432.9822096760084,206.11062692720708,10,270.18607430391876,2.021831720409404,False
1253.99,RADAR_C,RADAR_C-T2691,PGT549U,65850.22424852735,-108910.31959642144,119.57627575026939,-210.01877741727708,7,320.14917453451466,4.6753056338464924,False
1254.35,RADAR_A,RADAR_A-T1086,HEDEF_2,223579.45916422698,-109865.08407461511,-122.44524872062766,-205.4716334892863,13,223.5742164867027,0.8743393107950702,False
1254.41,RADAR_B,RADAR_B-T4579,PGT549U,66317.64456023123,-109537.60418919027,127.19494516214883,-202.46840655943717,10,152.41924829880796,2.021831720409404,False
1255.77,RADAR_A,RADAR_A-T6480,PGT549U,66498.0735389787,-109831.18222831086,126.42998916707727,-199.96277985037693,12,131.78402656572572,1.1562054316023351,False
1255.98,RADAR_B,RADAR_B-T5427,HEDEF_2,223550.58282333377,-109739.68285112566,-118.58629832387764,-200.0768107033429,12,190.01008649404696,1.1562054316023351,False
1256.42,RADAR_A,RADAR_A-T3500,HEDEF_3_MANEVRA,69523.13375729902,-267458.5209805507,457.3703076765695,207.65822249402174,10,270.01268030052915,2.021831720409404,False
1256.74,RADAR_A,RADAR_A-T1086,HEDEF_2,223245.27091542567,-110131.5663140157,-121.84950052229064,-201.3995650313742,13,223.5361224118041,0.8743393107950702,False
1257.9,RADAR_B,RADAR_B-T9021,HEDEF_3_MANEVRA,70173.21712091772,-267125.63826500846,455.6564768996545,204.63393493950355,9,280.0816268454572,2.6736220001334834,False
1258.31,RADAR_A,RADAR_A-SC62965,STATIC_CLUTTER,-331709.6151879192,-102069.0965556962,-0.01518672563844386,0.45528888687878377,1,1500.0,25.0,True
1258.85,RADAR_A,RADAR_A-T6480,PGT549U,66986.36895039781,-110459.60168810998,122.04644467968379,-203.10177981527605,13,124.30063699762712,0.8743393107950702,False
1259.1,RADAR_A,RADAR_A-T1086,HEDEF_2,223009.23784110468,-110685.1501510761,-120.38879931200945,-204.78477262210322,13,223.49934821766692,0.8743393107950702,False
1260.4,RADAR_B,RADAR_B-T5427,HEDEF_2,222853.88698070234,-110942.8121528788,-125.51915523028484,-210.62855399989448,12,190.01878901354738,1.1562054316023351,False
1260.86,RADAR_B,RADAR_B-SC55470,STATIC_CLUTTER,100618.96401470242,207800.1693670493,-0.31426069028532977,-1.0497491676680262,2,1134.321747974356,18.905362466239264,True
1261.3,RADAR_A,RADAR_A-T1086,HEDEF_2,223005.57711608792,-110704.17892214311,-118.99135018874141,-198.37592903478117,12,228.02971477782336,1.1562054316023351,False
1262.47,RADAR_A,RADAR_A-T4759,HEDEF_3_MANEVRA,72535.7114294967,-266385.75426528027,548.4304485479151,207.75721506703127,9,289.34974070188207,2.6736220001334834,False
1262.65,RADAR_B,RADAR_B-T9021,HEDEF_3_MANEVRA,71813.4508065025,-266630.39374939667,506.2363865201771,212.83016069142568,6,435.8881827201217,6.1825125572116635,False
1263.62,RADAR_A,RADAR_A-T4261,PGT549U,67394.14495436811,-111551.9775676737,123.11493471852707,-204.7018513564955,14,120.40453016173488,0.6611880635625048,False
1263.62,RADAR_A,RADAR_A-T1086,HEDEF_2,222515.7106262902,-111418.86242049695,-120.82021884972056,-199.27798711769046,14,220.77974616429773,0.6611880635625048,False
1264.02,RADAR_B,RADAR_B-T6318,PGT549U,67174.48722176487,-111259.5762517121,129.17750897664018,-199.82049233495283,9,185.99933869366234,2.6736220001334834,False
1264.85,RADAR_C,RADAR_C-T2637,HEDEF_3_MANEVRA,72654.79503707516,-265546.6086901993,535.1247767381843,203.09324076240264,6,470.2300128744827,6.1825125572116635,False
1265.28,RADAR_A,RADAR_A-T4759,HEDEF_3_MANEVRA,73483.4393288063,-265670.932688596,545.0746126059919,200.37230851213542,11,257.5202229555751,1.528938460803196,False
1266.2,RADAR_A,RADAR_A-T4261,PGT549U,67710.8499685468,-111991.83476904442,123.61631924577189,-203.04852113454754,12,133.6349878109561,1.1562054316023351,False
1266.23,RADAR_A,RADAR_A-T1086,HEDEF_2,222096.09637638653,-112127.22174666593,-122.61101173206075,-206.42839496963148,14,220.7421933971705,0.6611880635625048,False
1266.69,RADAR_C,RADAR_C-T2691,PGT549U,67669.59955146775,-111586.65253729827,87.97882614442189,-204.82196668402025,6,402.7503362151697,6.1825125572116635,False
1266.84,RADAR_B,RADAR_B-T9021,HEDEF_3_MANEVRA,74328.5575298121,-265170.48397423065,601.579938178562,208.50131469908123,5,541.0612060602065,8.1756070113073,False
1268.53,RADAR_A,RADAR_A-T4759,HEDEF_3_MANEVRA,75668.53682644837,-264732.06682698935,593.3126399164314,206.34463872894415,10,269.29289667440423,2.021831720409404,False
1268.86,RADAR_B,RADAR_B-T7892,HEDEF_2,221726.26201694482,-112075.6384717479,-121.50713580959474,-200.7985191576335,9,238.8292092428547,2.6736220001334834,False
1268.91,RADAR_A,RADAR_A-T4261,PGT549U,68259.01772282469,-112511.98982278755,122.93778999499858,-204.66097182392576,12,134.1170371090249,1.1562054316023351,False
1269.55,RADAR_B,RADAR_B-T6318,PGT549U,68064.47707894092,-112452.01613955577,115.34027629973326,-209.7931070164485,9,186.54494951682074,2.6736220001334834,False
1270.92,RADAR_A,RADAR_A-T4261,PGT549U,68409.29160192041,-112896.14113243092,121.96706006289295,-205.98754480705367,13,126.58130289421366,0.8743393107950702,False
1271.02,RADAR_A,RADAR_A-T7466,HEDEF_2,221589.18518268998,-113243.97335786298,-120.22830082210747,-202.16715414175277,14,220.67696899925895,0.6611880635625048,False
1272.12,RADAR_B,RADAR_B-T9021,HEDEF_3_MANEVRA,76599.7596910052,-264367.51163866575,609.4911791531131,202.53188357114647,9,278.4207644477193,2.6736220001334834,False
1273.66,RADAR_A,RADAR_A-T2727,HEDEF_3_MANEVRA,77028.62931542358,-264204.93496530084,588.6859153694426,208.1836051445636,9,288.6629054712242,2.6736220001334834,False
1273.88,RADAR_A,RADAR_A-T7466,HEDEF_2,221462.21057574853,-113225.72118377678,-119.02529568198672,-201.93409023451187,13,223.2965310354521,0.8743393107950702,False
1273.99,RADAR_A,RADAR_A-T4261,PGT549U,68419.40954428782,-113762.30420850775,116.70060739140116,-207.5338475830783,13,127.16343648461807,0.8743393107950702,False
1274.22,RADAR_B,RADAR_B-T6318,PGT549U,68651.68754386279,-113568.51848017077,123.66742930838842,-206.66280309255,12,118.5376654689329,1.1562054316023351,False
1275.13,RADAR_B,RADAR_B-T7892,HEDEF_2,221049.44241269576,-113767.2865633269,-123.80814041809933,-210.92039922627038,11,199.33492031924766,1.528938460803196,False
1276.14,RADAR_A,RADAR_A-T2727,HEDEF_3_MANEVRA,77407.07200771252,-263750.03519252315,523.2808039188718,203.60477813908733,10,268.6504214411518,2.021831720409404,False
1276.34,RADAR_A,RADAR_A-T4261,PGT549U,68873.10116361464,-114080.83404186861,122.14398506982582,-203.89940142562492,13,127.60751450490604,0.8743393107950702,False
1276.71,RADAR_A,RADAR_A-T7466,HEDEF_2,220870.12343715117,-114262.98521273486,-120.64379849477884,-203.12557573991776,12,227.83203356101515,1.1562054316023351,False
1276.81,RADAR_B,RADAR_B-T9021,HEDEF_3_MANEVRA,77343.81164239062,-263429.3141286358,506.83696247138175,203.06700262078013,9,277.8204906042173,2.6736220001334834,False
1276.99,RADAR_C,RADAR_C-T2637,HEDEF_3_MANEVRA,77129.90583100704,-263817.5266620802,567.4257859139775,206.60667277534515,7,401.7380578090173,4.6753056338464924,False
1277.71,RADAR_B,RADAR_B-T6318,PGT549U,69211.05182163251,-114112.50789215579,114.43767302733775,-209.38701423992163,10,155.19594337568424,2.021831720409404,False
1278.07,RADAR_A,RADAR_A-T2727,HEDEF_3_MANEVRA,77803.81727980608,-263307.26233493706,477.60432090019486,201.8548792199078,10,268.4556017245049,2.021831720409404,False
1278.98,RADAR_C,RADAR_C-T2691,PGT549U,69262.06870518395,-114210.87984105077,95.4427578247984,-206.67410991456566,6,403.7248302141677,6.1825125572116635,False
1279.12,RADAR_A,RADAR_A-T4261,PGT549U,69218.89854678004,-114625.33558681222,119.49319192229918,-205.57977682849366,14,123.45150083712265,0.6611880635625048,False
1279.43,RADAR_A,RADAR_A-T7466,HEDEF_2,220644.23693730475,-114570.08422513322,-121.34777057630305,-205.22488587410194,12,227.8032509773958,1.1562054316023351,False
1279.84,RADAR_B,RADAR_B-T7892,HEDEF_2,220378.1151330459,-114258.93858580313,-117.84366913611609,-215.09079731069608,8,276.2819001027245,3.5355339059327378,False
1280.38,RADAR_A,RADAR_A-T2727,HEDEF_3_MANEVRA,78680.08572093355,-262544.5817639705,427.075332985835,201.83209433451742,11,256.20984275648226,1.528938460803196,False
1281.87,RADAR_A,RADAR_A-T7466,HEDEF_2,220185.90887361855,-115403.40349447216,-121.65548453125078,-203.9765052944549,14,220.55478135814133,0.6611880635625048,False
1282.12,RADAR_B,RADAR_B-T9021,HEDEF_3_MANEVRA,78717.13967865825,-262204.7518364071,402.2009680963012,199.81795243232187,9,277.14652909606633,2.6736220001334834,False
1282.4,RADAR_A,RADAR_A-T4261,PGT549U,69605.91671611107,-115371.82450816056,120.1477372770972,-201.50241514285784,13,128.7575767087935,0.8743393107950702,False
1282.51,RADAR_A,RADAR_A-T2727,HEDEF_3_MANEVRA,79023.41161200816,-262128.84303877226,382.73773658975284,203.60101934627534,11,255.9865643190171,1.528938460803196,False
1284.28,RADAR_B,RADAR_B-SC46433,STATIC_CLUTTER,-343936.51835522655,108119.01838194944,-0.09673557183874285,-0.9760605756978653,1,1500.0,25.0,True
1284.47,RADAR_A,RADAR_A-T7466,HEDEF_2,219985.40703197377,-115818.21737465105,-119.91139421888137,-202.46599452543487,13,223.18448126063223,0.8743393107950702,False
1284.72,RADAR_A,RADAR_A-T4261,PGT549U,69750.14567105338,-115838.60229990732,118.92711014881817,-205.96619337349938,13,129.19729975029975,0.8743393107950702,False
1285.34,RADAR_A,RADAR_A-T2727,HEDEF_3_MANEVRA,79599.61222402687,-261654.20247525795,321.9493296010748,203.183798026441,11,255.69221258822162,1.528938460803196,False
1286.69,RADAR_A,RADAR_A-T7466,HEDEF_2,219562.594557714,-116569.2008642293,-121.15741294608927,-204.0466629606397,14,220.50800538617847,0.6611880635625048,False
1286.86,RADAR_B,RADAR_B-T9021,HEDEF_3_MANEVRA,80023.36698398128,-261841.88360851453,325.5012167856592,197.66484062128208,5,539.7892227304181,8.1756070113073,False
1287.15,RADAR_A,RADAR_A-T4261,PGT549U,70144.24257591038,-116314.48195620511,127.06738556816151,-201.1868963491361,12,137.37573607667758,1.1562054316023351,False
1287.82,RADAR_A,RADAR_A-T2727,HEDEF_3_MANEVRA,80345.88335987278,-261163.09945034338,278.60340102685274,203.84566055309742,11,255.43553716203908,1.528938460803196,False
1287.84,RADAR_C,RADAR_C-T2637,HEDEF_3_MANEVRA,80262.29802122903,-261819.97915604053,280.39092566744677,185.40339647740785,4,708.9682829075608,10.811227536508623,False
1288.33,RADAR_B,RADAR_B-T1418,PGT549U,70130.375148939,-116291.7058083055,107.63346182630877,-204.17505288913947,8,234.03907061646856,3.5355339059327378,False
1289.08,RADAR_B,RADAR_B-T8484,HEDEF_2,219530.51442909776,-116578.0044311663,-115.08165023661351,-196.3021183389282,11,199.4440694697144,1.528938460803196,False
1289.1,RADAR_A,RADAR_A-T7466,HEDEF_2,219385.0218804661,-116693.28710409191,-122.61666511291747,-205.77311719606175,12,227.71238153911438,1.1562054316023351,False
1289.12,RADAR_C,RADAR_C-T8370,HEDEF_2,219766.65519722083,-116703.87496905166,-97.89969345936308,-173.60692969720222,7,366.43730169549696,4.6753056338464924,False
1290.0,RADAR_A,RADAR_A-T4261,PGT549U,70678.16875999764,-116930.63518453471,122.12586925135301,-202.4616310353958,12,137.88675614627914,1.1562054316023351,False
1292.22,RADAR_B,RADAR_B-T1418,PGT549U,70697.8744992559,-117059.63369093975,124.02421579761304,-202.4659010317828,9,188.8353336575409,2.6736220001334834,False
1292.72,RADAR_A,RADAR_A-T4261,PGT549U,70955.94240470864,-117558.37962908723,123.13795682853045,-202.81917706258406,12,138.376339105744,1.1562054316023351,False
1292.76,RADAR_A,RADAR_A-T1164,HEDEF_3_MANEVRA,81358.77243426512,-260055.7423286739,182.93772734611082,206.9457987229702,9,286.8927925105487,2.6736220001334834,False
1292.96,RADAR_B,RADAR_B-T9021,HEDEF_3_MANEVRA,81407.0512201848,-260154.2596429578,179.324661940313,198.5653766660754,6,433.51003601427004,6.1825125572116635,False
1294.31,RADAR_B,RADAR_B-T8484,HEDEF_2,218728.6008319664,-117784.51137800056,-123.26858410150044,-205.33251728547157,12,190.25132025534634,1.1562054316023351,False
1294.49,RADAR_B,RADAR_B-SC69319,STATIC_CLUTTER,389181.0576377986,-173879.08901504986,-0.7364563773641913,0.40837979170918276,3,857.790551951732,14.296509199195533,True
1294.63,RADAR_A,RADAR_A-T1164,HEDEF_3_MANEVRA,82292.54816888273,-259629.76009985575,129.10432738722443,204.49076742683914,10,266.81998534922144,2.021831720409404,False
1295.03,RADAR_A,RADAR_A-T4261,PGT549U,71403.79004159605,-117882.45279186234,121.66668834833996,-202.32457150629932,14,126.58682424347555,0.6611880635625048,False
1296.05,RADAR_A,RADAR_A-T4901,HEDEF_2,218469.95989922274,-118143.66556042328,-123.86246443234228,-208.07736683010043,13,223.08679554608446,0.8743393107950702,False
1297.07,RADAR_B,RADAR_B-T9021,HEDEF_3_MANEVRA,82317.41356582742,-259701.25853369426,95.69661015586834,201.47801099068596,7,358.7989509160122,4.6753056338464924,False
1297.81,RADAR_A,RADAR_A-T4261,PGT549U,71441.78397671162,-118541.57334248358,120.32752396779672,-203.09235694194217,14,127.13628304105309,0.6611880635625048,False
1297.87,RADAR_C,RADAR_C-T2637,HEDEF_3_MANEVRA,82917.9919076911,-259057.96461884235,59.444449869845535,194.18517619408627,5,567.2039398405329,8.1756070113073,False
1299.09,RADAR_C,RADAR_C-T9353,PGT549U,71727.09316572614,-118960.29149045551,122.7768782671053,-206.83996473858815,7,324.6443306669524,4.6753056338464924,False
1299.1,RADAR_A,RADAR_A-T4901,HEDEF_2,218247.75644796857,-118752.77422471848,-120.854758922915,-203.9149141185153,12,227.6369424227898,1.1562054316023351,False
1299.28,RADAR_B,RADAR_B-T1418,PGT549U,71616.0943617028,-118821.72556032793,112.22944018390021,-206.32513702922157,12,122.53411552897978,1.1562054316023351,False
1300.5,RADAR_A,RADAR_A-T4261,PGT549U,71884.90672469596,-118992.77242777977,114.15079261405857,-206.39602834877496,12,139.77666659741126,1.1562054316023351,False
1300.54,RADAR_A,RADAR_A-T5917,HEDEF_3_MANEVRA,83449.79041194907,-258639.65051505502,6.683245060534084,204.727576104847,10,266.2530378042915,2.021831720409404,False
1301.42,RADAR_A,RADAR_A-T4901,HEDEF_2,217856.63003308966,-119497.16288933552,-121.1038025718318,-204.78386331813397,13,223.0502544213922,0.8743393107950702,False
1302.63,RADAR_B,RADAR_B-T9021,HEDEF_3_MANEVRA,83634.472863145,-258105.5885523115,-27.868360377521416,202.97230410617138,9,274.60071679954507,2.6736220001334834,False
1303.0,RADAR_A,RADAR_A-T5917,HEDEF_3_MANEVRA,83893.3310562795,-258030.4439199399,-42.52093654234553,205.5381710106384,11,253.90104101552606,1.528938460803196,False
1303.02,RADAR_A,RADAR_A-T4261,PGT549U,72266.91419584192,-119467.77439810084,122.85450057775381,-199.82471228949163,14,128.16431649868343,0.6611880635625048,False
1303.66,RADAR_A,RADAR_A-T4901,HEDEF_2,217798.5001700705,-119376.59006626632,-119.62668319986753,-203.2721893549747,14,220.3794461111326,0.6611880635625048,False
1304.46,RADAR_B,RADAR_B-SC55470,STATIC_CLUTTER,100577.17569791734,207814.77494624304,-0.9987424894123692,-1.659006619368212,3,857.790551951732,14.296509199195533,True
1305.14,RADAR_C,RADAR_C-T8819,HEDEF_2,217399.21706262557,-119820.84693576052,-119.2358627459643,-202.5180029692637,9,285.67761002892576,2.6736220001334834,False
1305.46,RADAR_A,RADAR_A-T4901,HEDEF_2,217403.7910898052,-120022.12558089134,-117.77403535361003,-199.31216290585257,13,223.02648266690767,0.8743393107950702,False
1305.5,RADAR_A,RADAR_A-T4261,PGT549U,72407.99792050745,-120161.77719909626,117.05722031245293,-201.50817588244576,14,128.6555538783609,0.6611880635625048,False
1305.67,RADAR_B,RADAR_B-T1701,HEDEF_2,217591.34417226212,-119645.55766288948,-122.15865163725918,-206.14828517342562,11,199.62860278982492,1.528938460803196,False
1305.81,RADAR_A,RADAR_A-T5917,HEDEF_3_MANEVRA,84635.46616514193,-257228.37211009738,-132.9966111741952,194.1270508093493,9,285.73215836481836,2.6736220001334834,False
1306.37,RADAR_B,RADAR_B-T1418,PGT549U,72377.59540631808,-120099.80910786174,115.15542411155923,-202.8865713850467,12,123.68142641348565,1.1562054316023351,False
1306.63,RADAR_C,RADAR_C-T9353,PGT549U,72517.0518479826,-119950.503036218,105.6644784042888,-206.0148233739747,8,268.7101078326618,3.5355339059327378,False
1307.82,RADAR_A,RADAR_A-T4901,HEDEF_2,217240.34494359582,-120338.08974323732,-118.45055162533077,-201.02428672577048,14,220.35652968959482,0.6611880635625048,False
1307.88,RADAR_A,RADAR_A-T4261,PGT549U,72645.80138327977,-120668.89247594897,122.08600878687344,-200.02852567951848,12,141.1101399145056,1.1562054316023351,False
1309.28,RADAR_A,RADAR_A-SC62965,STATIC_CLUTTER,-331746.87488827243,-102049.97591293325,0.29720628095699286,-0.04717935209559015,4,648.6736521905174,10.811227536508623,True
1310.35,RADAR_A,RADAR_A-T4901,HEDEF_2,216979.7265019654,-121007.73405594638,-115.47037323618389,-199.91673191347522,13,223.0019155825205,0.8743393107950702,False
1310.55,RADAR_A,RADAR_A-T4261,PGT549U,73116.87421261992,-121148.19303376244,120.5957555919072,-199.70583239289482,13,134.11813884596853,0.8743393107950702,False
1310.55,RADAR_B,RADAR_B-T1418,PGT549U,72932.93704415491,-121094.70770336207,118.34162800723729,-200.32501803653065,10,159.2773311511936,2.021831720409404,False
1312.12,RADAR_A,RADAR_A-T3873,HEDEF_3_MANEVRA,84846.62525338407,-256061.84842767433,-219.33938033345345,201.7775767792556,10,264.8902657449544,2.021831720409404,False
1312.32,RADAR_B,RADAR_B-T4782,HEDEF_3_MANEVRA,84599.69518491888,-255461.79339215317,-202.86922848123976,202.04513542819802,5,538.1528452826119,8.1756070113073,False
1312.98,RADAR_C,RADAR_C-T9353,PGT549U,73047.64674853596,-121102.71223874556,138.4757571505839,-191.5381565736396,5,517.9306143552704,8.1756070113073,False
1314.58,RADAR_A,RADAR_A-T4553,PGT549U,73479.35791167323,-121965.6922939865,120.20872823856979,-200.1383233778909,14,130.40496882473178,0.6611880635625048,False
1314.91,RADAR_A,RADAR_A-T5448,HEDEF_2,216484.12775209444,-121754.77562778462,-119.20272854831177,-201.7667014644679,14,220.32586972020704,0.6611880635625048,False
1314.93,RADAR_C,RADAR_C-T1910,HEDEF_3_MANEVRA,84597.13110585068,-255960.96193949052,-238.717836757342,192.35703891010496,6,466.0611890001172,6.1825125572116635,False
1315.54,RADAR_C,RADAR_C-T8819,HEDEF_2,216129.85260379614,-121884.51526218338,-129.0128760269799,-215.40866149320763,7,367.1043773780106,4.6753056338464924,False
1316.83,RADAR_B,RADAR_B-T4782,HEDEF_3_MANEVRA,83213.6150933911,-255332.93040373016,-236.80969417277942,202.81197180736766,8,305.8628552192563,3.5355339059327378,False
1316.86,RADAR_A,RADAR_A-T4553,PGT549U,73696.37234452296,-122358.91280737429,127.22422560204521,-196.373900165048,12,142.6747938063191,1.1562054316023351,False
1316.96,RADAR_B,RADAR_B-T4166,HEDEF_2,216138.41348297492,-122212.47081817909,-119.97715513290098,-204.51040046696718,10,214.9735968553103,2.021831720409404,False
1317.42,RADAR_A,RADAR_A-T3365,HEDEF_3_MANEVRA,82812.57792008629,-254923.4417661411,-258.6402000119265,198.73544234362888,10,263.6051262638913,2.021831720409404,False
1317.52,RADAR_A,RADAR_A-T5448,HEDEF_2,215926.3175601565,-122787.06140035597,-119.41550664648173,-200.23552787157737,14,220.31700873128665,0.6611880635625048,False
1317.52,RADAR_B,RADAR_B-T1418,PGT549U,73882.31076883062,-122729.9964683303,126.22751939567553,-206.01741142298982,8,236.47977549510128,3.5355339059327378,False
1319.13,RADAR_A,RADAR_A-T3365,HEDEF_3_MANEVRA,81981.87637844849,-254688.06865378912,-262.2281647993166,199.03978883379932,10,263.19398525821504,2.021831720409404,False
1319.77,RADAR_A,RADAR_A-T4553,PGT549U,74242.70941458149,-122913.34716922445,121.35921003336303,-199.02870581311223,14,131.37702058860066,0.6611880635625048,False
1319.79,RADAR_A,RADAR_A-T5448,HEDEF_2,215633.3921353835,-123040.02516505159,-119.96945192173821,-203.30421991113667,14,220.31026488600585,0.6611880635625048,False
1321.85,RADAR_B,RADAR_B-SC69319,STATIC_CLUTTER,389149.5933722379,-173904.92106269972,0.19498757195831964,0.5239146448441598,4,648.6736521905174,10.811227536508623,True
1322.09,RADAR_A,RADAR_A-T3365,HEDEF_3_MANEVRA,80857.12118992532,-254218.30471920292,-296.6238517491471,197.14800336600558,10,262.48135685954935,2.021831720409404,False
1322.12,RADAR_A,RADAR_A-T4553,PGT549U,74165.90099323705,-123488.57328642688,115.83320941314452,-201.45488635792938,14,131.81842428677697,0.6611880635625048,False
1322.24,RADAR_B,RADAR_B-T1418,PGT549U,74311.2880375197,-123323.91318714687,108.89731040716589,-200.19567746963062,10,160.69505329970528,2.021831720409404,False
1322.47,RADAR_A,RADAR_A-T5448,HEDEF_2,215627.36030060437,-123289.78577059422,-121.84290315823296,-205.36317067203728,12,227.5353465123104,1.1562054316023351,False
1322.86,RADAR_B,RADAR_B-T4782,HEDEF_3_MANEVRA,80989.1841691643,-254201.1692315128,-296.8117050488502,213.20313390541236,5,537.225579598412,8.1756070113073,False
1322.91,RADAR_B,RADAR_B-T4166,HEDEF_2,215216.96966375798,-123438.30899216273,-138.0377940790835,-216.1365093307173,9,239.30499325726453,2.6736220001334834,False
1324.82,RADAR_A,RADAR_A-T3365,HEDEF_3_MANEVRA,79578.21676836637,-253815.7377339849,-300.55871259605334,196.73265818950827,10,261.8275341367398,2.021831720409404,False
1324.92,RADAR_A,RADAR_A-T4553,PGT549U,74743.21141397036,-123913.36174435924,120.86524463128667,-198.32308128981327,14,132.34324739360355,0.6611880635625048,False
1324.92,RADAR_A,RADAR_A-T5448,HEDEF_2,215228.74343895167,-123747.01485079432,-116.61850412106939,-201.50928929207643,12,227.53038925395288,1.1562054316023351,False
1325.87,RADAR_C,RADAR_C-T9353,PGT549U,74912.77610977984,-123779.400222036,131.62314380351256,-196.74749563257257,8,271.024130643701,3.5355339059327378,False
1326.88,RADAR_A,RADAR_A-T4553,PGT549U,74840.78031429781,-124443.00843460261,120.65294172674966,-198.63611875379823,14,132.71025180045868,0.6611880635625048,False
1327.19,RADAR_A,RADAR_A-T3365,HEDEF_3_MANEVRA,78863.93634498167,-253237.59399661163,-310.85281922511257,201.92253070671057,9,281.56018210219895,2.6736220001334834,False
1327.33,RADAR_C,RADAR_C-SC05477,STATIC_CLUTTER,55115.518789824026,53355.14288972824,-1.4124328199779432,0.12071343224883094,3,857.790551951732,14.296509199195533,True
1327.53,RADAR_B,RADAR_B-T4782,HEDEF_3_MANEVRA,78886.87602713902,-253152.46935618357,-336.0923957912119,193.53936977185705,7,355.31113545941037,4.6753056338464924,False
1327.78,RADAR_A,RADAR_A-SC62965,STATIC_CLUTTER,-331743.9481594549,-102069.27923642601,-0.24744012818708827,0.4553968471263947,1,1500.0,25.0,True
1327.99,RADAR_A,RADAR_A-T5448,HEDEF_2,214966.64215907364,-124389.39095805294,-117.17340133374897,-198.35674646091678,14,220.29345020157683,0.6611880635625048,False
1328.05,RADAR_B,RADAR_B-T4166,HEDEF_2,214941.3012093363,-124372.12107952347,-111.67483682257922,-196.94613510885543,8,276.70573898276814,3.5355339059327378,False
1329.63,RADAR_A,RADAR_A-T4553,PGT549U,75207.9039157164,-124874.84695858812,114.32486562314263,-201.40602502621,13,137.57706344015443,0.8743393107950702,False
1329.86,RADAR_A,RADAR_A-T3365,HEDEF_3_MANEVRA,77886.25787060993,-252772.78395276697,-331.74192084639867,197.56817137392875,10,260.62948793867713,2.021831720409404,False
1330.11,RADAR_B,RADAR_B-SC55470,STATIC_CLUTTER,100580.92235223182,207791.15533734707,-0.151042154535117,0.1973636360736748,4,648.6736521905174,10.811227536508623,True
1330.11,RADAR_B,RADAR_B-SC69319,STATIC_CLUTTER,389155.83447580045,-173895.51835802378,-1.0777488624881022,-0.6671967580691255,1,1500.0,25.0,True
1330.16,RADAR_A,RADAR_A-T5448,HEDEF_2,214508.03510592543,-125019.10398271141,-119.7146777089876,-200.1849119360355,14,220.2909688692408,0.6611880635625048,False
1331.98,RADAR_A,RADAR_A-T4553,PGT549U,75523.74763219577,-125303.2206519475,115.36366286632021,-200.58221676929546,14,133.66744196494665,0.6611880635625048,False
1332.94,RADAR_A,RADAR_A-T3365,HEDEF_3_MANEVRA,76430.8279182459,-252286.66016249204,-343.5807861102032,201.01307158953324,9,280.2967166786069,2.6736220001334834,False
1333.1,RADAR_A,RADAR_A-T5448,HEDEF_2,214257.69485023778,-125495.30090767196,-118.0282157357198,-200.35351991275243,14,220.28892366469285,0.6611880635625048,False
1333.15,RADAR_B,RADAR_B-T7765,PGT549U,75519.84756678276,-125491.85659872602,123.87189191852698,-199.40959992148024,10,162.03419312431993,2.021831720409404,False
1334.32,RADAR_A,RADAR_A-T4553,PGT549U,75877.63534649322,-125659.00664827936,111.99241031821958,-202.57687706884172,12,145.68250438455897,1.1562054316023351,False
1335.56,RADAR_A,RADAR_A-T3365,HEDEF_3_MANEVRA,75404.39925828882,-251540.1218601591,-366.86156871685444,200.2671809632131,11,246.83671885032493,1.528938460803196,False
1336.01,RADAR_A,RADAR_A-T4553,PGT549U,75868.62378934832,-126147.3308906798,114.5448980868133,-200.92979651882064,13,138.73871740963824,0.8743393107950702,False
1337.16,RADAR_C,RADAR_C-T5163,HEDEF_3_MANEVRA,75604.01797798972,-251018.34222727225,-452.6266556586744,165.76202165327476,3,901.358990627152,14.296509199195533,False
1337.7,RADAR_C,RADAR_C-T9452,HEDEF_2,214158.2238494053,-126245.66579022525,-127.58378320116636,-214.91084549431235,9,286.77932588462244,2.6736220001334834,False
1337.9,RADAR_B,RADAR_B-T7765,PGT549U,76140.7082196307,-126138.2124475703,121.55680437737448,-197.9659714320246,11,141.93553370286017,1.528938460803196,False
1338.37,RADAR_A,RADAR_A-SC62965,STATIC_CLUTTER,-331773.5851454357,-102059.86916725493,0.48990756156998505,-0.247663069089618,1,1500.0,25.0,True
1338.46,RADAR_A,RADAR_A-T4553,PGT549U,76357.77815724652,-126503.73207228881,111.27499410012355,-203.06177272076275,14,134.88467469208763,0.6611880635625048,False
1338.65,RADAR_A,RADAR_A-T3365,HEDEF_3_MANEVRA,73853.07615647388,-250919.18760852207,-388.3309537806209,202.07476547567205,9,279.0571073691802,2.6736220001334834,False
1338.97,RADAR_C,RADAR_C-T9353,PGT549U,76243.50441304626,-126443.16173892976,122.11252677080299,-202.01197012486156,9,234.61203676091225,2.6736220001334834,False
1340.43,RADAR_B,RADAR_B-T8090,HEDEF_3_MANEVRA,73684.84997185359,-251374.07341214307,-372.3838431128331,196.34039522754819,6,428.95914969212464,6.1825125572116635,False
1340.49,RADAR_B,RADAR_B-T4692,HEDEF_2,213033.23601651343,-126429.02798402656,-126.36757204811792,-205.03045526850244,8,276.86487598753047,3.5355339059327378,False
1340.49,RADAR_A,RADAR_A-T4553,PGT549U,76497.2742010057,-126921.20052908787,118.6601775683524,-199.3860420182344,12,146.75050258059116,1.1562054316023351,False
1340.95,RADAR_A,RADAR_A-T6200,HEDEF_2,213479.03007156609,-126765.3216290822,-119.76228366859777,-203.5305736477894,13,222.94923270157204,0.8743393107950702,False
1341.22,RADAR_A,RADAR_A-T3365,HEDEF_3_MANEVRA,73028.00938463358,-250238.7300130336,-417.315533952816,199.32036302764192,9,278.50316434040866,2.6736220001334834,False
1342.92,RADAR_B,RADAR_B-T7765,PGT549U,76547.87938929435,-127366.24193339945,112.46053120786942,-199.7889284808919,9,194.0815469440505,2.6736220001334834,False
1343.33,RADAR_A,RADAR_A-T4553,PGT549U,76696.08425973453,-127549.8477501978,117.08536582667355,-198.5652691951436,13,140.07090396329681,0.8743393107950702,False
1343.86,RADAR_A,RADAR_A-T6200,HEDEF_2,213036.69612710242,-127505.05091062209,-113.8437759894452,-190.98827672816782,12,227.5265331920502,1.1562054316023351,False
1344.02,RADAR_A,RADAR_A-T3365,HEDEF_3_MANEVRA,72252.16577134396,-249962.93069419934,-433.42724422017045,197.66222103934038,11,244.76659114367743,1.528938460803196,False
1346.19,RADAR_A,RADAR_A-T4553,PGT549U,77086.47389316058,-128066.55430229545,114.36235874918569,-200.94213858684915,12,147.7404965604819,1.1562054316023351,False
1346.52,RADAR_A,RADAR_A-T3365,HEDEF_3_MANEVRA,71189.99514991892,-249475.64706664172,-420.6522876644914,196.32693930015537,9,277.495464652185,2.6736220001334834,False
1346.77,RADAR_A,RADAR_A-T6200,HEDEF_2,212700.78329853664,-128087.32905036944,-119.72248340402464,-202.9222771087458,14,220.29976002940708,0.6611880635625048,False
1347.34,RADAR_B,RADAR_B-T7765,PGT549U,77112.5740550457,-128174.44642001828,109.46642158840535,-200.26761762074196,11,143.28940732677532,1.528938460803196,False
1348.03,RADAR_B,RADAR_B-T4692,HEDEF_2,212636.7883613022,-128225.91585448921,-118.35521758999286,-197.43500233143314,10,215.47623952099013,2.021831720409404,False
1348.11,RADAR_A,RADAR_A-T4553,PGT549U,77431.85331660036,-128550.54581822989,115.34532762937039,-197.65341702547403,12,148.08081759604508,1.1562054316023351,False
1348.65,RADAR_A,RADAR_A-T6200,HEDEF_2,212417.15291856774,-128555.78264981566,-118.28595684030897,-200.9715246386608,14,220.30432898011284,0.6611880635625048,False
1348.89,RADAR_C,RADAR_C-T5163,HEDEF_3_MANEVRA,71092.71276000349,-249091.83702974964,-358.1918727925691,198.82968454315244,4,704.2919080519208,10.811227536508623,False
1349.07,RADAR_A,RADAR_A-T3365,HEDEF_3_MANEVRA,71633.30229533403,-248701.2746240229,-376.2023265478229,193.49957803514792,9,277.21841207791886,2.6736220001334834,False
1349.27,RADAR_C,RADAR_C-T9452,HEDEF_2,212488.23900027905,-128353.44891234988,-145.88910228068906,-220.94346654455506,5,545.3231937572992,8.1756070113073,False
1349.72,RADAR_B,RADAR_B-SC69319,STATIC_CLUTTER,389216.1337685677,-173922.2378632618,-0.4588794093386421,0.067468356978425,4,648.6736521905174,10.811227536508623,True
1350.03,RADAR_B,RADAR_B-T4603,HEDEF_3_MANEVRA,72058.012207436,-248864.9016005047,-361.8314503855086,202.39723578426782,9,267.16599797585235,2.6736220001334834,False
1350.78,RADAR_A,RADAR_A-T4553,PGT549U,77579.91681805803,-129062.6523293629,120.04490344818589,-198.1892271527166,12,148.5529620164802,1.1562054316023351,False
1350.88,RADAR_A,RADAR_A-T6200,HEDEF_2,212246.96879206915,-129054.24124565559,-119.84740152039782,-204.7336642419891,13,222.96865856888004,0.8743393107950702,False
1350.91,RADAR_B,RADAR_B-T7765,PGT549U,77680.85444959805,-128931.10056021076,105.72258042097927,-201.31713154065508,10,164.2638473333024,2.021831720409404,False
1352.65,RADAR_B,RADAR_B-T4692,HEDEF_2,212191.2973449403,-129232.07649348279,-122.99673451204099,-211.07075557500852,11,200.42235932834018,1.528938460803196,False
1353.14,RADAR_A,RADAR_A-T4553,PGT549U,78037.56373679572,-129395.60894755027,119.25360668725331,-198.1888808715131,14,137.67133105112907,0.6611880635625048,False
1353.44,RADAR_A,RADAR_A-T6200,HEDEF_2,211909.24700296705,-129434.96664217842,-116.99736190516367,-198.30254766296414,14,220.31884911849562,0.6611880635625048,False
1354.14,RADAR_A,RADAR_A-T4942,HEDEF_3_MANEVRA,72147.09567923634,-247752.83234602783,-280.8354379335811,194.13475288897553,10,255.98528221420855,2.021831720409404,False
1355.82,RADAR_B,RADAR_B-T7765,PGT549U,78031.91412351487,-129826.1321244048,102.67519428842633,-203.9734143094597,10,164.896174681446,2.021831720409404,False
1355.99,RADAR_A,RADAR_A-T4553,PGT549U,78305.89431819652,-129963.71495019097,117.42418568622423,-198.25856762959506,14,138.2177789267517,0.6611880635625048,False
1356.15,RADAR_A,RADAR_A-T6200,HEDEF_2,211742.2713911024,-129829.41541688556,-115.68600955011064,-194.50419502330314,12,227.55995264597323,1.1562054316023351,False
1356.76,RADAR_C,RADAR_C-T9452,HEDEF_2,210976.81517989468,-129746.62585721575,-139.466126649599,-224.09268515202095,6,441.04608434896164,6.1825125572116635,False
1357.22,RADAR_A,RADAR_A-T4942,HEDEF_3_MANEVRA,73095.73835334877,-247242.0857559451,-213.98187639138342,201.02437621224576,11,242.9901101025839,1.528938460803196,False
1358.23,RADAR_B,RADAR_B-T4692,HEDEF_2,211313.21528336778,-130065.21172839889,-113.44587748368062,-199.55840820804121,10,215.68442820995165,2.021831720409404,False
1358.47,RADAR_A,RADAR_A-T6200,HEDEF_2,211360.94807707815,-130462.8061147634,-115.6873789113339,-199.8008459797234,12,227.5693190525814,1.1562054316023351,False
1358.6,RADAR_A,RADAR_A-T4553,PGT549U,78758.13623830971,-130446.79803501532,114.45025719915824,-199.85383380727947,14,138.71902111875332,0.6611880635625048,False
1359.12,RADAR_A,RADAR_A-T4942,HEDEF_3_MANEVRA,73349.64836274,-246745.85324352575,-190.66937775840137,190.5008489764006,9,276.13280678866266,2.6736220001334834,False
1359.61,RADAR_B,RADAR_B-T7765,PGT549U,78404.43872526885,-130536.58283310398,98.51445057050836,-206.68762102224477,10,165.38697114522455,2.021831720409404,False
1360.76,RADAR_A,RADAR_A-T6200,HEDEF_2,211005.16700125058,-131009.10786499477,-117.75063893341897,-198.58825160910098,12,227.57947727044947,1.1562054316023351,False
1361.19,RADAR_B,RADAR_B-T4692,HEDEF_2,210800.70405621966,-130716.66917614419,-130.35593121436975,-215.59947220471804,8,277.1845896553424,3.5355339059327378,False
1361.27,RADAR_A,RADAR_A-T4553,PGT549U,79021.66425170503,-130897.04565924992,114.58777174743898,-200.0324800272511,13,143.40025837784694,0.8743393107950702,False
1362.72,RADAR_A,RADAR_A-T1334,HEDEF_3_MANEVRA,73703.29453850002,-246272.97473036044,-119.48801220204894,197.3624208711514,11,242.31957006035563,1.528938460803196,False
1363.46,RADAR_A,RADAR_A-T4553,PGT549U,79103.61434405678,-131518.67359374193,117.5006609106255,-195.81749831531192,12,150.80187219102132,1.1562054316023351,False
1363.99,RADAR_A,RADAR_A-T6200,HEDEF_2,210916.59183713773,-131359.86267622144,-115.2064025446491,-197.24052048947283,14,220.36551640988034,0.6611880635625048,False
1365.12,RADAR_A,RADAR_A-T1334,HEDEF_3_MANEVRA,73970.59732769498,-245764.90518435984,-72.31395953740096,196.2013310470708,11,242.0268222601439,1.528938460803196,False
1365.59,RADAR_A,RADAR_A-T4553,PGT549U,79222.3284700347,-131990.11217346336,116.71635281829282,-198.30959056089566,14,140.06000270399863,0.6611880635625048,False
1365.64,RADAR_B,RADAR_B-T4692,HEDEF_2,210828.9042406248,-131469.18124919292,-115.03803042809469,-202.54666746867173,10,215.8475956567165,2.021831720409404,False
1365.73,RADAR_C,RADAR_C-T3986,PGT549U,79220.72133153101,-131482.9761586909,145.18974846469234,-191.78372664935875,7,331.3774645599855,4.6753056338464924,False
1365.97,RADAR_B,RADAR_B-T7765,PGT549U,79324.80601296779,-131914.42793006616,100.26387049689296,-198.6285308248071,9,196.58279059620332,2.6736220001334834,False
1367.15,RADAR_A,RADAR_A-T1334,HEDEF_3_MANEVRA,74307.07957197854,-245520.19076145548,-41.921214755091086,194.01857462827041,9,275.27467642964046,2.6736220001334834,False
1367.59,RADAR_A,RADAR_A-T4553,PGT549U,79625.95255170854,-132159.64579701895,111.48390038761387,-200.41254997983077,13,144.57807354846577,0.8743393107950702,False
1369.58,RADAR_B,RADAR_B-SC46433,STATIC_CLUTTER,-343929.6954958261,108118.49341970433,0.15153499628318054,-0.39217725993924973,4,648.6736521905174,10.811227536508623,True
1369.77,RADAR_A,RADAR_A-T7851,HEDEF_2,210024.7283334556,-132661.32115649554,-117.01669746184227,-198.2694066883759,14,220.39963881360262,0.6611880635625048,False
1369.9,RADAR_A,RADAR_A-T1334,HEDEF_3_MANEVRA,74608.99277123633,-244664.3273442268,25.290394492629872,201.7281631418882,9,274.98302877256515,2.6736220001334834,False
1370.07,RADAR_B,RADAR_B-T4046,HEDEF_3_MANEVRA,74538.30174737917,-244909.7495540898,2.7241090465472304,205.812300055807,7,350.67199809690015,4.6753056338464924,False
1370.13,RADAR_B,RADAR_B-T4692,HEDEF_2,210102.11437648276,-132535.59521005023,-117.99281030915245,-200.3123437759819,11,200.83449854535377,1.528938460803196,False
1372.5,RADAR_A,RADAR_A-T7851,HEDEF_2,209786.13411940623,-132970.34562932415,-114.28991243572203,-198.2019974022717,12,227.64612257227097,1.1562054316023351,False
1372.54,RADAR_B,RADAR_B-T7765,PGT549U,80052.51884005728,-133150.14648728847,116.54899880140452,-198.7264998029223,10,167.07465194296347,2.021831720409404,False
1372.94,RADAR_A,RADAR_A-T1799,PGT549U,80074.13432856576,-133483.9440261769,113.81182358939601,-196.986900359656,12,152.4885575665313,1.1562054316023351,False
1373.18,RADAR_B,RADAR_B-T4046,HEDEF_3_MANEVRA,75072.05271850656,-243738.33768710776,150.1892816747545,211.54715527554487,5,533.5707923385294,8.1756070113073,False
1374.1,RADAR_A,RADAR_A-T1935,HEDEF_3_MANEVRA,75297.54839318704,-243806.28591494187,80.62602346784595,191.9140226274304,10,253.68007795416474,2.021831720409404,False
1374.66,RADAR_B,RADAR_B-SC69319,STATIC_CLUTTER,389153.4724040468,-173893.52908778194,0.36637843567972495,-0.14113717969924142,1,1500.0,25.0,True
1375.15,RADAR_B,RADAR_B-T4692,HEDEF_2,209452.04937758116,-133638.41142344024,-120.44606936590071,-206.6200511733045,10,216.0716959804425,2.021831720409404,False
1375.18,RADAR_A,RADAR_A-T7851,HEDEF_2,209546.5467101062,-133723.07420011167,-116.96192300997222,-197.34036033443004,13,223.09368613486924,0.8743393107950702,False
1375.29,RADAR_A,RADAR_A-T1799,PGT549U,80606.71212904832,-133725.24218366796,119.84040289653227,-197.85225455245978,12,152.90782415820948,1.1562054316023351,False
1377.66,RADAR_A,RADAR_A-T7851,HEDEF_2,209167.84764227283,-134257.6126922088,-116.72024412314482,-198.21811213682125,13,223.1124198198943,0.8743393107950702,False
1377.68,RADAR_A,RADAR_A-T1799,PGT549U,80743.26750821494,-134280.46273810172,115.07155048833044,-197.99683258810163,14,142.38141445205983,0.6611880635625048,False
1378.57,RADAR_B,RADAR_B-T4692,HEDEF_2,209216.47847543284,-134174.36999408595,-104.0783289745155,-187.0916886603301,8,277.5023177457983,3.5355339059327378,False
1379.47,RADAR_A,RADAR_A-T1799,PGT549U,80822.15040015349,-134689.5323468863,116.59053356934855,-195.23287463889122,13,146.79643940566467,0.8743393107950702,False
1379.68,RADAR_A,RADAR_A-T5923,HEDEF_3_MANEVRA,75508.22656436147,-243121.2442199879,203.89594533562772,205.94223164198178,9,273.9508258246803,2.6736220001334834,False
1379.74,RADAR_B,RADAR_B-SC69319,STATIC_CLUTTER,389184.65553312807,-173903.54007107933,0.8434399572805525,-0.4646080585023641,3,857.790551951732,14.296509199195533,True
1380.26,RADAR_A,RADAR_A-T7851,HEDEF_2,208881.5207550205,-134715.34510058857,-116.10956549934626,-198.57143645998835,14,220.47712653541984,0.6611880635625048,False
1381.14,RADAR_C,RADAR_C-T5443,HEDEF_2,208833.13530465373,-134729.63689971,-82.30676203869332,-159.80017845306986,5,545.9977637645928,8.1756070113073,False
1381.94,RADAR_C,RADAR_C-T4596,PGT549U,81421.06318940886,-134761.14766745892,128.69346368753872,-187.63021612641904,7,333.07868379733947,4.6753056338464924,False
1382.12,RADAR_A,RADAR_A-T5923,HEDEF_3_MANEVRA,76254.97293401974,-242450.07077934287,255.78329965515434,202.07263948709235,9,273.69560677622167,2.6736220001334834,False
1382.82,RADAR_B,RADAR_B-T5689,PGT549U,81542.52520503107,-135214.5684951724,110.88590373078304,-197.48127796996877,12,135.89153668947205,1.1562054316023351,False
1382.83,RADAR_A,RADAR_A-T1799,PGT549U,81406.27531044201,-135283.0098689184,112.15614419646414,-198.73659049445365,12,154.25458078532918,1.1562054316023351,False
1382.91,RADAR_B,RADAR_B-T3813,HEDEF_3_MANEVRA,76164.07146434777,-242848.87333605497,271.9438207308046,192.8240493396637,6,425.4755177528881,6.1825125572116635,False
1383.16,RADAR_B,RADAR_B-T4692,HEDEF_2,208318.05520660765,-134871.68365376198,-112.4112327990091,-187.4510122742697,8,277.5933587224006,3.5355339059327378,False
1384.6,RADAR_A,RADAR_A-T5923,HEDEF_3_MANEVRA,76466.24425030756,-242133.86327965348,285.7068703549106,193.04356835462937,9,273.4358163354937,2.6736220001334834,False
1385.17,RADAR_A,RADAR_A-T1799,PGT549U,81829.85705797073,-135575.91157033877,120.47456594911863,-194.67122702617806,12,154.67307734494787,1.1562054316023351,False
1385.18,RADAR_A,RADAR_A-T7994,HEDEF_2,208325.36097476602,-135646.69640526018,-119.10045381264067,-202.06893897005696,13,223.1759240439485,0.8743393107950702,False
1386.9,RADAR_B,RADAR_B-T5689,PGT549U,81775.00477272313,-136182.82420614446,122.53766750325421,-195.88648965690368,11,149.17279843417327,1.528938460803196,False
1387.31,RADAR_B,RADAR_B-T3813,HEDEF_3_MANEVRA,77062.08037213008,-241583.2918324376,315.72099438369514,197.96552470506577,8,296.8752193711908,3.5355339059327378,False
1387.36,RADAR_A,RADAR_A-T7994,HEDEF_2,207934.1130905771,-136410.77310239963,-118.29529310761383,-198.65299193908757,14,220.54089074749197,0.6611880635625048,False
1387.5,RADAR_A,RADAR_A-T5923,HEDEF_3_MANEVRA,76409.89322491687,-241387.0338250729,350.2076085945261,200.5468616912234,11,239.3409110774093,1.528938460803196,False
1387.51,RADAR_C,RADAR_C-SC05477,STATIC_CLUTTER,55128.93087874577,53291.33751927286,-0.14243109996215023,-0.864030065876166,1,1500.0,25.0,True
1387.92,RADAR_A,RADAR_A-T1799,PGT549U,81965.37551434727,-136306.9269077737,111.7501948102739,-198.57849617764808,13,148.37656330014877,0.8743393107950702,False
1387.97,RADAR_B,RADAR_B-T4692,HEDEF_2,208014.99171902376,-136240.54622587122,-105.00803401668887,-188.08095589520548,10,216.40005278729944,2.021831720409404,False
1389.43,RADAR_C,RADAR_C-T6368,HEDEF_3_MANEVRA,77302.50508500816,-241734.39860695373,434.30384080322546,192.74040329197152,3,898.790620926657,14.296509199195533,False
1390.1,RADAR_A,RADAR_A-T7994,HEDEF_2,207990.68339873748,-136337.9920594799,-113.71000547077247,-195.10325482955946,14,220.56790970669593,0.6611880635625048,False
1390.75,RADAR_A,RADAR_A-T1799,PGT549U,82219.76355997489,-136839.59939391425,112.73755244671462,-198.79335238263153,13,148.9068478376418,0.8743393107950702,False
1392.07,RADAR_B,RADAR_B-T3813,HEDEF_3_MANEVRA,77574.70225544772,-240440.8761311354,426.0719811052123,195.6031282692881,9,261.83427011366376,2.6736220001334834,False
1392.45,RADAR_C,RADAR_C-T4596,PGT549U,82050.38392783975,-136862.81047261914,121.99261529088893,-193.45100464463843,8,279.2764632485282,3.5355339059327378,False
1392.79,RADAR_A,RADAR_A-T8836,HEDEF_3_MANEVRA,78008.62843853078,-240291.77326496504,435.4040783277595,197.00590730325297,9,272.5856482183719,2.6736220001334834,False
1393.72,RADAR_B,RADAR_B-T4692,HEDEF_2,207281.50934473853,-137360.32742669937,-118.05652264128021,-199.7105079768551,12,192.336783408033,1.1562054316023351,False
1394.06,RADAR_A,RADAR_A-T1799,PGT549U,82707.77821873255,-137482.65033254647,113.95928603089477,-197.48147849195576,13,149.52654634760827,0.8743393107950702,False
1396.26,RADAR_B,RADAR_B-T9307,PGT549U,82988.19922758317,-137807.13338087976,118.40080366565896,-195.82931037585027,12,138.11367342535164,1.1562054316023351,False
1396.36,RADAR_A,RADAR_A-T8836,HEDEF_3_MANEVRA,77832.88427224055,-239528.05097830444,514.9927532079288,198.4673429157051,10,251.16652261014755,2.021831720409404,False
1397.08,RADAR_A,RADAR_A-T1799,PGT549U,83094.1748137871,-138146.0989844009,115.93474204134301,-195.94979011623246,14,146.1145842137137,0.6611880635625048,False
1398.17,RADAR_A,RADAR_A-T6246,HEDEF_2,206727.38868213262,-138383.30757634382,-113.99013222970399,-193.37259359062853,12,227.87619061269933,1.1562054316023351,False
1398.59,RADAR_A,RADAR_A-T8836,HEDEF_3_MANEVRA,78421.17633948785,-239199.59912940633,542.1902534088523,194.8720189447793,9,271.98819154998154,2.6736220001334834,False
1398.73,RADAR_B,RADAR_B-T4692,HEDEF_2,206665.4461773325,-138164.6640002375,-124.23555805425498,-198.33239487053103,9,240.78189572112584,2.6736220001334834,False
1399.04,RADAR_C,RADAR_C-T4596,PGT549U,82855.47495678988,-138129.97554907438,116.88171947217953,-196.5967809285061,7,334.8988386682217,4.6753056338464924,False
1399.59,RADAR_A,RADAR_A-T1799,PGT549U,83364.18087024534,-138558.1570013303,113.5822174689437,-197.5622862381879,12,157.25715367516784,1.1562054316023351,False
1399.68,RADAR_C,RADAR_C-T6368,HEDEF_3_MANEVRA,78712.13175648224,-239273.76877673098,519.340563998747,203.81087917986218,5,558.4370146907779,8.1756070113073,False
1400.51,RADAR_A,RADAR_A-T8836,HEDEF_3_MANEVRA,79192.82197284642,-238805.78124923914,560.6231181112663,192.6603087512314,9,271.7920435522558,2.6736220001334834,False
1401.66,RADAR_A,RADAR_A-T1799,PGT549U,83535.83349340112,-138873.6593392476,113.39526581801181,-196.7089304342534,14,146.99653636662214,0.6611880635625048,False
1402.14,RADAR_A,RADAR_A-SC62965,STATIC_CLUTTER,-331738.1821460202,-102092.47486829096,-0.18334062169147497,-0.36645374866912084,4,648.6736521905174,10.811227536508623,True
1402.16,RADAR_C,RADAR_C-T3773,HEDEF_2,205678.89229476286,-138580.39642353082,-83.8602122312236,-171.2235057970853,5,546.4830809735308,8.1756070113073,False
1402.72,RADAR_A,RADAR_A-T8414,HEDEF_2,206150.9239257014,-139258.63436002334,-116.1933845332625,-196.51130426205273,14,220.71001878238553,0.6611880635625048,False
1402.89,RADAR_B,RADAR_B-SC55470,STATIC_CLUTTER,100561.27019062715,207769.28990611757,0.5500037563667585,0.09701086349158278,3,857.790551951732,14.296509199195533,True
1403.09,RADAR_B,RADAR_B-T9307,PGT549U,83579.18461557534,-139251.24396854988,120.81451280504373,-196.21189784325443,9,200.77650538781583,2.6736220001334834,False
1403.65,RADAR_A,RADAR_A-T8836,HEDEF_3_MANEVRA,79141.63356794525,-238222.58444023316,633.4321961711593,192.22912568817654,11,237.44119629201137,1.528938460803196,False
1404.26,RADAR_A,RADAR_A-T1799,PGT549U,83749.5855509379,-139603.05920863722,114.81433140633257,-194.91314368440783,13,151.43895945636774,0.8743393107950702,False
1404.37,RADAR_B,RADAR_B-T4692,HEDEF_2,206118.7569993132,-139317.27855742493,-121.3650132656224,-199.1354653257111,8,278.0534906360891,3.5355339059327378,False
1405.11,RADAR_A,RADAR_A-T8414,HEDEF_2,206085.71850442825,-139480.0227689281,-112.35063067779136,-194.29603327997674,12,227.95822123230624,1.1562054316023351,False
1405.96,RADAR_A,RADAR_A-T8836,HEDEF_3_MANEVRA,79759.60278900646,-237726.18209714637,671.9095840952359,190.83947758604864,10,250.10183853284346,2.021831720409404,False
1406.88,RADAR_B,RADAR_B-T9307,PGT549U,84293.59092200497,-139867.83169753148,118.3990018511309,-195.78120931480933,11,152.21444788729482,1.528938460803196,False
1406.92,RADAR_A,RADAR_A-T1799,PGT549U,84203.2999301577,-140022.74557315226,111.5989736827769,-197.5835438202629,14,148.00994562748832,0.6611880635625048,False
1407.53,RADAR_A,RADAR_A-T8414,HEDEF_2,205685.94139686457,-140388.6559589788,-114.23294422379634,-194.55883964202616,14,220.77248462144556,0.6611880635625048,False
1408.16,RADAR_A,RADAR_A-T8836,HEDEF_3_MANEVRA,80134.0426359052,-237242.1006772017,663.9136088340524,197.5345744724353,11,236.98462031206628,1.528938460803196,False
1409.11,RADAR_A,RADAR_A-T1799,PGT549U,84238.80400351791,-140604.93003936773,112.25851632074391,-198.61470928088534,13,152.34303946332858,0.8743393107950702,False
1410.07,RADAR_B,RADAR_B-T4692,HEDEF_2,205227.04225460763,-140756.17659647364,-111.92138749007776,-191.32033454232788,12,192.87689321792254,1.1562054316023351,False
1410.21,RADAR_A,RADAR_A-T8836,HEDEF_3_MANEVRA,80597.57584329377,-236375.4760299745,640.8808590931919,195.59373363733917,9,270.92996732581827,2.6736220001334834,False
1411.28,RADAR_A,RADAR_A-T1799,PGT549U,84751.44253934818,-140906.88568329473,111.61975369821415,-195.398206664919,13,152.74437616214288,0.8743393107950702,False
1411.83,RADAR_B,RADAR_B-T9307,PGT549U,84705.36441437167,-140876.18266017488,110.22097842510442,-192.90948120113202,8,244.91336637591036,3.5355339059327378,False
1412.24,RADAR_A,RADAR_A-T9044,HEDEF_2,205241.09501699902,-141090.4472417465,-116.22967275727453,-197.01687425896557,14,220.84009099693702,0.6611880635625048,False
1412.51,RADAR_A,RADAR_A-T8836,HEDEF_3_MANEVRA,81490.01490321389,-236492.07966626136,598.6713286657923,204.36248858293695,9,270.77260461819327,2.6736220001334834,False
1413.6,RADAR_A,RADAR_A-T1799,PGT549U,84896.4587690532,-141426.7002906065,113.32390785396504,-197.8534302539222,14,149.27895216194486,0.6611880635625048,False
1414.06,RADAR_B,RADAR_B-T8189,HEDEF_3_MANEVRA,81301.82493458831,-235882.17126227717,593.9414172464168,190.63775680285121,7,346.6297751016752,4.6753056338464924,False
1414.35,RADAR_A,RADAR_A-SC62965,STATIC_CLUTTER,-331792.1895034049,-102083.93359292336,-0.30002632531369117,0.005021219988909315,3,857.790551951732,14.296509199195533,True
1414.94,RADAR_A,RADAR_A-T9044,HEDEF_2,204954.9625334183,-141599.6476149643,-117.77617793555414,-200.96329377209562,13,223.53180284759688,0.8743393107950702,False
1415.04,RADAR_B,RADAR_B-T4692,HEDEF_2,204781.49246448057,-141774.65416104725,-113.66465163068335,-196.19251616566336,11,202.16902446229915,1.528938460803196,False
1415.27,RADAR_A,RADAR_A-T8836,HEDEF_3_MANEVRA,82458.26626485237,-235767.95653429598,549.6753385629897,195.14995087698097,11,236.4287880801424,1.528938460803196,False
1416.05,RADAR_A,RADAR_A-T1799,PGT549U,85372.04064528747,-141792.72615799928,120.3272623028765,-193.51180503812844,12,160.19353021413914,1.1562054316023351,False
1416.15,RADAR_B,RADAR_B-T9307,PGT549U,84921.83845196702,-141552.87682832676,117.08686160711906,-198.29792607519198,11,153.6220715199608,1.528938460803196,False
1416.21,RADAR_C,RADAR_C-T7194,PGT549U,84922.63076491666,-141300.70179212384,52.78555615496221,-228.58111983455788,5,524.7169938465566,8.1756070113073,False
1417.08,RADAR_A,RADAR_A-T9044,HEDEF_2,204519.36063620285,-142073.91356384242,-116.05203085731397,-196.65519798051025,13,223.5643357112061,0.8743393107950702,False
1418.01,RADAR_A,RADAR_A-T1799,PGT549U,85546.94181969324,-142163.0524136397,113.87084111321654,-196.37127396179937,13,153.99161490109987,0.8743393107950702,False
1418.07,RADAR_A,RADAR_A-T8836,HEDEF_3_MANEVRA,82895.51593012233,-235213.79816056995,513.9131371689124,194.23383213766513,11,236.21470150279382,1.528938460803196,False
1418.57,RADAR_B,RADAR_B-T8189,HEDEF_3_MANEVRA,82744.84296702532,-234336.92188044675,514.0041212804376,186.2634526763448,6,422.86710786123825,6.1825125572116635,False
1420.17,RADAR_A,RADAR_A-T9044,HEDEF_2,204104.31062961946,-142832.78718685804,-113.6814633835536,-194.88971213155372,14,220.96241258312222,0.6611880635625048,False
1420.58,RADAR_A,RADAR_A-T8836,HEDEF_3_MANEVRA,83590.12125736641,-234680.81506641308,473.98445663469363,200.47759790496747,11,236.02442853319747,1.528938460803196,False
1420.64,RADAR_A,RADAR_A-T1799,PGT549U,85851.1598573828,-142669.4819307886,114.82287102622301,-197.0284841911122,12,161.00956554854645,1.1562054316023351,False
1422.63,RADAR_A,RADAR_A-T1799,PGT549U,85757.51313469243,-143225.51116116796,113.89253798685817,-196.73408455192092,14,150.9949448955712,0.6611880635625048,False
1422.67,RADAR_A,RADAR_A-T9044,HEDEF_2,203913.0064022146,-143181.74203436982,-116.77160722731081,-197.94318921731644,14,221.00332517936403,0.6611880635625048,False
1422.99,RADAR_A,RADAR_A-T8836,HEDEF_3_MANEVRA,83876.65044694667,-234498.20790716677,442.19943751476745,194.3815242368714,10,248.84367531249018,2.021831720409404,False
1424.21,RADAR_B,RADAR_B-T6059,PGT549U,85880.39782447933,-143431.2738476083,109.98761704660501,-197.94395294207266,8,246.09671425087154,3.5355339059327378,False
1424.71,RADAR_B,RADAR_B-T2656,HEDEF_2,203573.28091309025,-143369.63804268892,-115.56230972456179,-192.88188793110942,9,241.51212446586806,2.6736220001334834,False
1424.98,RADAR_A,RADAR_A-T1799,PGT549U,86262.81319264068,-143497.8952925629,116.85376605389727,-195.71909569996757,13,155.28424739349768,0.8743393107950702,False
1425.53,RADAR_A,RADAR_A-T9044,HEDEF_2,203437.97317618053,-143892.08136816177,-112.98299948538705,-192.6803616624977,12,228.2594932839934,1.1562054316023351,False
1425.89,RADAR_B,RADAR_B-SC46433,STATIC_CLUTTER,-343916.45615064225,108170.56681457938,0.4616055007547805,-0.6821744180570625,4,648.6736521905174,10.811227536508623,True
1426.94,RADAR_A,RADAR_A-T5197,HEDEF_3_MANEVRA,84939.07320855305,-233735.01231574308,385.04812686694555,195.5265114722486,10,248.5674511716586,2.021831720409404,False
1426.99,RADAR_A,RADAR_A-T1799,PGT549U,86688.7027600111,-144021.8454160804,116.23843163909845,-194.66400101673187,13,155.657563224811,0.8743393107950702,False
1428.72,RADAR_A,RADAR_A-T5197,HEDEF_3_MANEVRA,85755.52236314946,-233131.7663767627,351.6089773029385,195.65666214242765,10,248.44469621040147,2.021831720409404,False
1428.97,RADAR_B,RADAR_B-T8191,HEDEF_3_MANEVRA,85153.73245786226,-233387.73870453055,344.28528037649795,190.6772985912349,7,345.4555575838319,4.6753056338464924,False
1429.34,RADAR_A,RADAR_A-T1799,PGT549U,87042.00634291189,-144351.32781473594,119.64322462183719,-194.52326383090346,12,162.55861179301058,1.1562054316023351,False
1430.47,RADAR_B,RADAR_B-T2656,HEDEF_2,203122.53640050496,-144492.34464987632,-113.34519811791179,-195.67913552291208,12,193.62905824626014,1.1562054316023351,False
1430.69,RADAR_B,RADAR_B-T6059,PGT549U,87016.09259166679,-144552.01300410973,110.26155589257796,-199.25886946515516,12,143.82139134383897,1.1562054316023351,False
1431.03,RADAR_A,RADAR_A-T5197,HEDEF_3_MANEVRA,86501.20062850551,-232889.0940047974,322.7481174155959,199.74656382182843,9,269.56282145978093,2.6736220001334834,False
1431.19,RADAR_A,RADAR_A-T7887,HEDEF_2,203160.6761805499,-144724.98910124903,-113.90581123619363,-197.8476154144959,12,228.35568738869563,1.1562054316023351,False
1431.7,RADAR_B,RADAR_B-SC55470,STATIC_CLUTTER,100573.86529265238,207814.8797949921,0.1824724511701554,-0.04998015930905046,2,1134.321747974356,18.905362466239264,True
1432.29,RADAR_A,RADAR_A-T1799,PGT549U,87161.63149879444,-144985.95189436278,113.3112460550866,-197.0492449953894,13,156.6404955750075,0.8743393107950702,False
1433.09,RADAR_C,RADAR_C-T2703,HEDEF_3_MANEVRA,86363.5630375528,-232543.2269905036,317.09769970195066,200.3669285401466,7,384.4307172235375,4.6753056338464924,False
1433.43,RADAR_A,RADAR_A-T5197,HEDEF_3_MANEVRA,86779.94583617958,-232461.45301108883,289.2346201122958,196.90293817904535,9,269.41364091712944,2.6736220001334834,False
1434.05,RADAR_B,RADAR_B-T8191,HEDEF_3_MANEVRA,86810.58888897128,-232061.39758634637,297.75302273927906,202.22787714435094,6,421.8823842953859,6.1825125572116635,False
1434.08,RADAR_A,RADAR_A-T7887,HEDEF_2,202320.5670527203,-145761.87176389233,-116.22488906650452,-196.6117757054581,14,221.203617106933,0.6611880635625048,False
1434.27,RADAR_C,RADAR_C-T5192,PGT549U,87004.685525407,-145295.60282472085,125.46536058127575,-192.61899206229037,9,248.49676498374635,2.6736220001334834,False
1434.73,RADAR_A,RADAR_A-T1799,PGT549U,87328.76215824089,-145490.00734325513,109.93993309735819,-199.43360856723578,13,157.09487407020745,0.8743393107950702,False
1436.16,RADAR_A,RADAR_A-T5197,HEDEF_3_MANEVRA,87693.00957665758,-231716.9530884058,240.19947140377258,196.39616610617384,11,234.89403675920775,1.528938460803196,False
1436.47,RADAR_B,RADAR_B-T2656,HEDEF_2,202525.69709155482,-145716.97052628812,-107.92427394752616,-188.42586863648282,9,241.87824505138047,2.6736220001334834,False
1436.56,RADAR_A,RADAR_A-T7887,HEDEF_2,202374.4702853813,-145704.57313127568,-115.68932448256345,-196.90210582975547,13,223.89710435467578,0.8743393107950702,False
1437.01,RADAR_A,RADAR_A-T1799,PGT549U,87518.03121173987,-145986.8891075266,114.73164625500462,-195.30284679792868,13,157.51738247191705,0.8743393107950702,False
1437.56,RADAR_B,RADAR_B-T8191,HEDEF_3_MANEVRA,87699.33937310951,-231519.15874728136,236.41723863924344,204.36092280385878,7,344.80150990685485,4.6753056338464924,False
1438.85,RADAR_A,RADAR_A-T7887,HEDEF_2,202300.28912942405,-146158.82048444415,-114.93512983827013,-196.87137513728732,13,223.94040930644772,0.8743393107950702,False
1439.61,RADAR_B,RADAR_B-T2656,HEDEF_2,201937.91582737805,-146310.05723488255,-117.39595580948483,-201.3914043585187,10,218.02893748652227,2.021831720409404,False
1439.93,RADAR_A,RADAR_A-T1799,PGT549U,87877.96011119233,-146534.3424567436,111.64114107020178,-197.92456821085716,14,154.28905544947153,0.6611880635625048,False
1440.23,RADAR_B,RADAR_B-SC55470,STATIC_CLUTTER,100540.5679569545,207808.79099098663,0.20703053640364041,0.4867232211976282,1,1500.0,25.0,True
1440.7,RADAR_A,RADAR_A-T4139,HEDEF_3_MANEVRA,88903.60459511004,-230875.4378374786,178.56578484679966,198.52962123745561,11,234.58044768473025,1.528938460803196,False
1440.82,RADAR_A,RADAR_A-T7887,HEDEF_2,201809.80496168986,-146610.5986832622,-114.01975748546377,-193.9768305899406,13,223.97853446528828,0.8743393107950702,False
1442.19,RADAR_A,RADAR_A-T1799,PGT549U,87997.43112938611,-147015.80915734416,117.7626949216054,-195.49003065946485,13,158.4820037766159,0.8743393107950702,False
1442.83,RADAR_B,RADAR_B-T8191,HEDEF_3_MANEVRA,89576.88256500184,-230176.95819822466,154.6435684122076,196.75216935560343,9,256.2429143438031,2.6736220001334834,False
1444.8,RADAR_C,RADAR_C-T5192,PGT549U,88728.65195496684,-146761.09425658238,112.02676430605106,-204.69057756280256,7,339.83168796055514,4.6753056338464924,False
1444.87,RADAR_A,RADAR_A-T1799,PGT549U,88668.59288670568,-147606.4769303046,115.8667891210891,-194.42335779342397,13,158.9802226429828,0.8743393107950702,False
1445.03,RADAR_B,RADAR_B-T2656,HEDEF_2,201254.0934900463,-147273.05947604965,-105.1921981052923,-182.5335396881258,9,242.15849321004018,2.6736220001334834,False
1446.0,RADAR_B,RADAR_B-T1605,PGT549U,88474.86216499895,-147526.67175581487,111.93866110036346,-199.27351367278771,11,158.20951080104933,1.528938460803196,False
1446.29,RADAR_A,RADAR_A-T5786,HEDEF_2,201279.26357068704,-147678.34312610052,-114.07631359164117,-195.70783405491753,12,228.6388869050857,1.1562054316023351,False
1447.27,RADAR_A,RADAR_A-T1799,PGT549U,88841.20112756465,-147936.6081313478,112.99321944113449,-197.17225931908433,13,159.42686559147546,0.8743393107950702,False
1447.6,RADAR_B,RADAR_B-T8191,HEDEF_3_MANEVRA,90578.17342900168,-229452.47861583956,89.25997313746066,203.77511597194624,7,344.05888995880844,4.6753056338464924,False
1449.01,RADAR_A,RADAR_A-T1799,PGT549U,88870.79176782862,-148331.65492027483,109.9233193748389,-199.42328436789415,12,166.07451704951984,1.1562054316023351,False
1449.1,RADAR_A,RADAR_A-T5786,HEDEF_2,200783.47497431783,-148378.82181088324,-116.90612965916056,-200.0047897461917,12,228.69576588546403,1.1562054316023351,False
1449.23,RADAR_A,RADAR_A-T4811,HEDEF_3_MANEVRA,91147.03002290188,-229173.37946676553,52.2861569999851,198.73729327489067,10,247.1053992245083,2.021831720409404,False
1449.23,RADAR_B,RADAR_B-SC55470,STATIC_CLUTTER,100586.4063188481,207784.57362596455,0.3495394321665182,-0.474014678916742,4,648.6736521905174,10.811227536508623,True
1450.46,RADAR_B,RADAR_B-T2656,HEDEF_2,200900.68699144857,-148531.0353916169,-113.82483859351635,-196.41840792831454,10,218.4311698623028,2.021831720409404,False
1450.81,RADAR_B,RADAR_B-T1605,PGT549U,89080.75071631878,-148659.98025788701,121.59950522971504,-195.33319505961356,10,177.67354347781728,2.021831720409404,False
1450.95,RADAR_A,RADAR_A-T1799,PGT549U,89345.3734208392,-148559.62985323375,116.96976764065093,-196.4957774159419,12,166.42271826071521,1.1562054316023351,False
1451.03,RADAR_C,RADAR_C-T5192,PGT549U,89222.11296791887,-148757.64007501074,173.15904948229186,-169.80288220585962,5,527.1488735001063,8.1756070113073,False
1451.28,RADAR_A,RADAR_A-T5786,HEDEF_2,200675.47844267022,-148822.52802797133,-118.11842192358915,-200.77624594745723,13,224.1918362747584,0.8743393107950702,False
1451.49,RADAR_A,RADAR_A-T4811,HEDEF_3_MANEVRA,91770.14584801544,-228729.5121314991,11.88586023279423,193.92507768912455,10,246.9657171476695,2.021831720409404,False
1452.15,RADAR_B,RADAR_B-T8191,HEDEF_3_MANEVRA,91657.50028994548,-228512.34957003457,-87.78827959402159,175.33329212988178,5,529.2310222624533,8.1756070113073,False
1453.35,RADAR_B,RADAR_B-SC55470,STATIC_CLUTTER,100608.8572574397,207812.37326360695,0.19682956851407027,-0.08677076172353199,4,648.6736521905174,10.811227536508623,True
1453.35,RADAR_B,RADAR_B-SC46433,STATIC_CLUTTER,-343940.6318188534,108121.10886817017,0.6117593090970598,-0.15586885830242966,1,1500.0,25.0,True
1453.71,RADAR_A,RADAR_A-SC62965,STATIC_CLUTTER,-331767.82834984706,-102063.92749530834,-0.4934053830735072,-0.08439956402769797,4,648.6736521905174,10.811227536508623,True
1453.77,RADAR_A,RADAR_A-T4811,HEDEF_3_MANEVRA,92400.28425221279,-228455.80451112805,-15.392170240496547,200.43137257234866,9,268.2188773300162,2.6736220001334834,False
1453.94,RADAR_A,RADAR_A-T5786,HEDEF_2,200197.8506738248,-149477.9151258125,-111.88501008603548,-194.52481613701886,13,224.24915487312734,0.8743393107950702,False
1454.37,RADAR_B,RADAR_B-T1605,PGT549U,89549.50780855792,-149156.97718286316,106.45508179733179,-199.57538228467476,10,178.16924365876798,2.021831720409404,False
1456.61,RADAR_A,RADAR_A-T1020,PGT549U,89853.35903076355,-149677.97869274602,114.27468046698574,-197.7617499456438,14,157.46951058474573,0.6611880635625048,False
1457.94,RADAR_B,RADAR_B-T8191,HEDEF_3_MANEVRA,93044.54530632927,-227712.9369430704,-70.97143601323765,198.28955628600946,8,290.13257901916415,3.5355339059327378,False
1458.44,RADAR_C,RADAR_C-T5192,PGT549U,89808.48539070743,-149941.08212516378,114.40667325477683,-200.45972810474797,9,252.09193625587818,2.6736220001334834,False
1458.53,RADAR_A,RADAR_A-T5719,HEDEF_2,199877.1724620448,-150085.38750678746,-118.14320856803243,-200.14240911344075,13,224.35069013309078,0.8743393107950702,False
1458.93,RADAR_A,RADAR_A-T1020,PGT549U,89940.61006405772,-150360.7633913212,117.38985224460961,-195.19278278703953,14,157.91136646596973,0.6611880635625048,False
1459.75,RADAR_B,RADAR_B-T1605,PGT549U,90256.21397946951,-150132.91487762792,125.44318453850471,-194.12321689061162,10,178.92229018714403,2.021831720409404,False
1460.99,RADAR_A,RADAR_A-T5719,HEDEF_2,199527.53878943328,-150690.13222589844,-112.72483080236026,-195.30176754123107,13,224.4066391362432,0.8743393107950702,False
1461.98,RADAR_A,RADAR_A-T1020,PGT549U,90488.31090930577,-150875.5757721519,114.63934179136577,-198.67418519943928,13,162.1676136895883,0.8743393107950702,False
1462.27,RADAR_A,RADAR_A-T5839,HEDEF_3_MANEVRA,94712.26444613322,-226641.98534584788,-159.02614764408594,194.19149280577813,11,233.18508402980325,1.528938460803196,False
1463.14,RADAR_B,RADAR_B-T8191,HEDEF_3_MANEVRA,94611.9803008684,-226471.85458627195,-150.46104590314383,198.82073277915526,7,342.954769833586,4.6753056338464924,False
1463.59,RADAR_A,RADAR_A-T5719,HEDEF_2,199148.28713309742,-151143.847891973,-113.20359739537402,-196.7435455726281,12,229.01041421957973,1.1562054316023351,False
1463.87,RADAR_B,RADAR_B-SC69319,STATIC_CLUTTER,389205.38485930057,-173926.89120574234,0.06143161613209364,0.6009307777150121,1,1500.0,25.0,True
1464.09,RADAR_A,RADAR_A-T1020,PGT549U,90648.3416605695,-151229.83614835303,115.3161270909536,-196.41717651611867,13,162.5609136973887,0.8743393107950702,False
1464.48,RADAR_A,RADAR_A-T5839,HEDEF_3_MANEVRA,94838.07050178453,-226444.26993593128,-159.94509961097197,204.0840706865646,10,246.19787799860816,2.021831720409404,False
1464.57,RADAR_B,RADAR_B-T1605,PGT549U,90690.96231176879,-151218.20000824129,114.81545460509287,-197.33373591643763,12,149.506704403052,1.1562054316023351,False
1465.93,RADAR_A,RADAR_A-T5719,HEDEF_2,198943.13627908903,-151638.05833844014,-117.6874128134491,-199.74759037589772,13,224.52201468861372,0.8743393107950702,False
1466.36,RADAR_C,RADAR_C-T5520,HEDEF_3_MANEVRA,95016.18655451009,-226752.08417044888,-158.62461632791,203.1602784535753,5,554.8870748134677,8.1756070113073,False
1466.48,RADAR_A,RADAR_A-T5839,HEDEF_3_MANEVRA,95731.72681431306,-225777.03888779914,-207.0643418651489,199.375409454366,11,232.9315669512186,1.528938460803196,False
1466.92,RADAR_A,RADAR_A-T1020,PGT549U,90649.3753316973,-151952.59736720924,112.73010151710459,-197.16045927444486,14,159.43759929501618,0.6611880635625048,False
1467.9,RADAR_C,RADAR_C-T1668,HEDEF_2,199029.17725361913,-151916.43890254412,-143.21297091517673,-215.6098219898817,6,444.41481323192085,6.1825125572116635,False
1468.63,RADAR_A,RADAR_A-T5839,HEDEF_3_MANEVRA,96866.32887107787,-225188.9592365054,-241.74923855044784,195.3237269165556,11,232.8047946867168,1.528938460803196,False
1468.95,RADAR_B,RADAR_B-T1605,PGT549U,91035.50110271422,-152150.34535986587,112.06138758421743,-195.55518130145543,10,180.21702818003783,2.021831720409404,False
1468.98,RADAR_C,RADAR_C-T5192,PGT549U,91109.71019131888,-152129.65349710375,103.84353933737465,-201.3156168097122,9,253.6714548966584,2.6736220001334834,False
1469.54,RADAR_A,RADAR_A-T1020,PGT549U,91320.76807616536,-152144.54517542908,116.37596266263824,-195.02128591714845,12,169.75974292870217,1.1562054316023351,False
1469.63,RADAR_B,RADAR_B-T8191,HEDEF_3_MANEVRA,96286.41207087153,-224981.76820129756,-232.06111897988825,195.01522376548138,6,419.7943871156802,6.1825125572116635,False
1470.13,RADAR_A,RADAR_A-T1632,HEDEF_2,198499.8832378388,-152354.63321756624,-118.19576799152907,-202.2168717782134,14,221.98518097988253,0.6611880635625048,False
1470.48,RADAR_B,RADAR_B-T6492,HEDEF_2,198488.02821561694,-152593.18387442784,-116.89967539726514,-197.1529619005542,10,219.22621846032595,2.021831720409404,False
1471.16,RADAR_A,RADAR_A-T5839,HEDEF_3_MANEVRA,96840.11086046346,-224857.2670358346,-277.68131290958837,201.1489253278715,10,245.8249231429475,2.021831720409404,False
1472.13,RADAR_B,RADAR_B-T1605,PGT549U,91481.77082301251,-152814.1747527077,123.72195974668436,-191.73520729344816,10,180.66595439151482,2.021831720409404,False
1473.1,RADAR_A,RADAR_A-T1632,HEDEF_2,198153.34622825508,-153064.60909638123,-110.5316009632779,-193.15779236056252,12,229.2361870174579,1.1562054316023351,False
1473.32,RADAR_A,RADAR_A-T5839,HEDEF_3_MANEVRA,97858.62020740892,-224557.47371962073,-302.14577995149205,201.62112942538064,9,267.188534143336,2.6736220001334834,False
1474.33,RADAR_A,RADAR_A-T4198,PGT549U,91686.88309580479,-153337.55721282563,110.31656256620325,-198.97629708365585,14,160.85114923273773,0.6611880635625048,False
1475.35,RADAR_B,RADAR_B-T8191,HEDEF_3_MANEVRA,98216.09173007004,-224252.03281601204,-314.7732371669141,201.58529783275858,6,419.48196430226096,6.1825125572116635,False
1475.5,RADAR_A,RADAR_A-T1632,HEDEF_2,197795.00553161188,-153760.57193098444,-118.36900165005191,-202.32009287155378,12,229.29534770998973,1.1562054316023351,False
1475.72,RADAR_A,RADAR_A-T5839,HEDEF_3_MANEVRA,98157.41630310811,-224032.35105417029,-354.90205102053585,197.35310536738305,10,245.57902818029055,2.021831720409404,False
1476.98,RADAR_C,RADAR_C-T5192,PGT549U,91951.31914829352,-153622.31783972261,127.71044541724469,-194.6147033210859,9,254.87576695047093,2.6736220001334834,False
1477.06,RADAR_B,RADAR_B-T1605,PGT549U,91964.41909646303,-153750.50263092798,111.28770302458506,-199.0540517017198,12,151.623320774865,1.1562054316023351,False
1477.22,RADAR_C,RADAR_C-T5520,HEDEF_3_MANEVRA,98353.26308515135,-224700.735264891,-406.2925784562113,188.54756217666952,5,554.38713684451,8.1756070113073,False
1477.82,RADAR_A,RADAR_A-T5839,HEDEF_3_MANEVRA,99132.93892693923,-223525.61936869324,-369.62698543441934,200.44189263642244,10,245.46774159637397,2.021831720409404,False
1478.44,RADAR_A,RADAR_A-T1632,HEDEF_2,197726.7270401229,-153812.32156165745,-114.45464276065337,-198.6490615630778,14,222.1972835193798,0.6611880635625048,False
1479.21,RADAR_A,RADAR_A-T5252,PGT549U,92443.92397332347,-154186.0473088622,110.3762594648464,-199.89338396307008,13,165.38549856759894,0.8743393107950702,False
1480.65,RADAR_B,RADAR_B-T8191,HEDEF_3_MANEVRA,99839.69399063187,-224292.96586708204,-407.64922928307135,195.71225304657335,5,527.9661052678866,8.1756070113073,False
1481.28,RADAR_A,RADAR_A-T1632,HEDEF_2,197287.01986849908,-154644.26916683445,-113.57126511357893,-195.00711598551362,13,224.90845092668548,0.8743393107950702,False
1482.05,RADAR_B,RADAR_B-T8845,HEDEF_2,197446.87459938234,-154573.24682331044,-135.5265239811605,-218.99891096282266,8,280.2853405622139,3.5355339059327378,False
1482.06,RADAR_A,RADAR_A-T5252,PGT549U,92618.35181631497,-154842.5607166263,111.13760494145251,-200.48942061080658,12,172.02105131679866,1.1562054316023351,False
1482.7,RADAR_B,RADAR_B-T1605,PGT549U,92548.4559085491,-154996.3086142715,116.21313625310012,-197.75241493275206,9,210.24692960144355,2.6736220001334834,False
1483.38,RADAR_A,RADAR_A-T6203,HEDEF_3_MANEVRA,99591.9794643608,-222557.98045516742,-393.9026476722437,201.82365016354652,9,266.4693418665943,2.6736220001334834,False
1484.19,RADAR_C,RADAR_C-T2660,HEDEF_2,197241.691478522,-154668.0431674576,-106.28445879706757,-189.2935209219734,9,293.520485988486,2.6736220001334834,False
1484.31,RADAR_A,RADAR_A-T5252,PGT549U,93126.45379435168,-155149.042699911,118.93317438179008,-193.69475396589834,14,162.77032465476083,0.6611880635625048,False
1484.99,RADAR_B,RADAR_B-SC69319,STATIC_CLUTTER,389179.7520004099,-173889.95239142125,-0.4222934734622418,0.20264587389774963,3,857.790551951732,14.296509199195533,True
1486.12,RADAR_A,RADAR_A-T6203,HEDEF_3_MANEVRA,99777.45323395566,-222291.4682367831,-394.7189465222417,205.7909401715068,10,244.557720424492,2.021831720409404,False
1487.03,RADAR_C,RADAR_C-SC05477,STATIC_CLUTTER,55130.11710466211,53302.91167314177,-0.025960288027043747,0.0723731388655953,1,1500.0,25.0,True
1487.87,RADAR_A,RADAR_A-T5252,PGT549U,93416.4629372448,-155883.21345949243,108.11895299076765,-200.52406320977684,13,167.02385562953668,0.8743393107950702,False
1487.87,RADAR_B,RADAR_B-T8845,HEDEF_2,196486.0208992099,-155798.25678250566,-122.84544668854673,-199.77289003890616,9,243.73878455730187,2.6736220001334834,False
1488.04,RADAR_B,RADAR_B-T1605,PGT549U,93451.70064810666,-155568.05015704205,111.31713994930223,-195.8827141742416,8,252.49211271167553,3.5355339059327378,False
1488.35,RADAR_A,RADAR_A-T6203,HEDEF_3_MANEVRA,99861.4881332559,-221514.27531016138,-403.76644976761133,198.93226417701158,10,244.25864428514947,2.021831720409404,False
1488.86,RADAR_C,RADAR_C-T5520,HEDEF_3_MANEVRA,100169.43438182508,-222251.28517107456,-401.13276315775965,214.03910692342532,4,697.6139354109224,10.811227536508623,False
1489.01,RADAR_A,RADAR_A-T7977,HEDEF_2,196289.69090410674,-156220.95785588483,-119.59900032183971,-204.17547670608815,12,229.656152438704,1.1562054316023351,False
1491.36,RADAR_A,RADAR_A-T7977,HEDEF_2,196032.18823653134,-156655.93103193602,-115.34992103198054,-196.80121664505077,12,229.7227083340909,1.1562054316023351,False
1491.4,RADAR_A,RADAR_A-T6203,HEDEF_3_MANEVRA,99723.92065469382,-221038.5067863008,-398.3206399225841,196.10058587351853,11,230.56945679597845,1.528938460803196,False
1492.4,RADAR_B,RADAR_B-T8845,HEDEF_2,195787.03789654348,-156791.84934616793,-115.89130332697374,-195.3432610948752,11,205.38281195166456,1.528938460803196,False
1492.98,RADAR_A,RADAR_A-T8410,PGT549U,94196.57936433237,-156750.49551205817,112.77733613755076,-197.6097700683188,14,164.44947373416426,0.6611880635625048,False
1493.29,RADAR_B,RADAR_B-T3602,HEDEF_3_MANEVRA,99548.60894709929,-220702.4966715584,-387.2851036325465,196.27514334040436,8,286.8908076336342,3.5355339059327378,False
1493.71,RADAR_A,RADAR_A-T6203,HEDEF_3_MANEVRA,99561.2923248824,-220595.5447294872,-408.51260784552505,191.07825519894885,11,230.24350746314812,1.528938460803196,False
1494.13,RADAR_B,RADAR_B-T1605,PGT549U,93949.08220709316,-157071.7834354657,105.27102269057137,-197.61739261986892,12,154.56205389757025,1.1562054316023351,False
1494.33,RADAR_A,RADAR_A-T7977,HEDEF_2,195811.16936497513,-156972.38792291709,-110.21815825836558,-196.4873016346689,12,229.80852625584131,1.1562054316023351,False
1495.93,RADAR_A,RADAR_A-T6203,HEDEF_3_MANEVRA,99849.22870989366,-220062.67329009704,-392.17635076122514,197.88000528677082,11,229.9289814809693,1.528938460803196,False
1495.94,RADAR_B,RADAR_B-T8845,HEDEF_2,195523.93632735545,-157476.66453820575,-116.99069626278748,-194.87147716700883,10,220.35224363600847,2.021831720409404,False
1496.91,RADAR_A,RADAR_A-T7977,HEDEF_2,195556.46376029693,-157733.76646093628,-116.92775735441488,-200.18947628111226,12,229.88397700271798,1.1562054316023351,False
1496.98,RADAR_C,RADAR_C-T2660,HEDEF_2,195838.09343755853,-157498.13787533203,-85.76742269783966,-177.67656809258432,5,549.0696845482945,8.1756070113073,False
1498.0,RADAR_C,RADAR_C-T1410,PGT549U,94473.0584058384,-157763.17941601935,103.48339931252036,-204.04781707857043,8,293.0480024336009,3.5355339059327378,False
1498.3,RADAR_A,RADAR_A-T2365,PGT549U,94402.19482382409,-158067.23158717176,117.10480567096607,-197.96025218824062,13,169.00254189658784,0.8743393107950702,False
1498.81,RADAR_A,RADAR_A-T6203,HEDEF_3_MANEVRA,99799.47962166286,-219347.9622310129,-389.8692227979027,195.5787329533435,9,264.5727703543833,2.6736220001334834,False
1498.92,RADAR_B,RADAR_B-T3602,HEDEF_3_MANEVRA,99931.6310979338,-220196.44438233794,-401.59674524152854,192.64691190664212,5,526.8499289989436,8.1756070113073,False
1498.92,RADAR_A,RADAR_A-T7977,HEDEF_2,195236.71687819337,-157946.4296098225,-112.1861679629464,-194.0032806643873,13,225.41906120619004,0.8743393107950702,False
1499.39,RADAR_C,RADAR_C-T5520,HEDEF_3_MANEVRA,99704.998711802,-219839.32170070097,-371.8643904191789,211.54842673119174,5,552.8424727412313,8.1756070113073,False
1499.74,RADAR_B,RADAR_B-T1605,PGT549U,94678.42950441723,-158474.24999133364,119.19473840324858,-200.50334735221975,8,253.72975286741084,3.5355339059327378,False
1501.3,RADAR_B,RADAR_B-T8845,HEDEF_2,195163.9739383565,-158534.73668583148,-123.59674455189474,-203.64332473829046,8,280.98203480025524,3.5355339059327378,False
1501.46,RADAR_A,RADAR_A-T2365,PGT549U,95349.32359072636,-158299.0080043921,115.28521637425845,-196.3488084609675,14,166.09148597096294,0.6611880635625048,False
1501.62,RADAR_A,RADAR_A-T6203,HEDEF_3_MANEVRA,99761.4773227597,-219061.3528067426,-384.65003760653406,196.7626563414929,11,229.12587462793772,1.528938460803196,False
1501.85,RADAR_A,RADAR_A-T7977,HEDEF_2,194811.85080402254,-158955.05629057132,-111.26345864695915,-190.38005155766047,12,230.03205455094167,1.1562054316023351,False
1504.0,RADAR_A,RADAR_A-T6203,HEDEF_3_MANEVRA,99599.46443703497,-218612.80146000034,-381.34975029703617,194.65599014754002,11,228.7897532370602,1.528938460803196,False
1504.09,RADAR_A,RADAR_A-T2365,PGT549U,94970.03582867414,-159330.50129192992,112.40009217408114,-198.15429602245695,13,170.10091883173618,0.8743393107950702,False
1504.16,RADAR_B,RADAR_B-T1605,PGT549U,94907.08330885458,-159187.32909589814,126.00582553700863,-193.21341805673634,8,254.20160266089806,3.5355339059327378,False
1504.49,RADAR_A,RADAR_A-T7977,HEDEF_2,194481.26439484477,-159289.8114495013,-116.10079311580574,-199.21951595210888,14,222.96461902669776,0.6611880635625048,False
1505.29,RADAR_B,RADAR_B-SC55470,STATIC_CLUTTER,100567.74225282007,207832.33210012343,-0.5010066892636958,-0.3033813277944888,3,857.790551951732,14.296509199195533,True
1506.75,RADAR_B,RADAR_B-T8845,HEDEF_2,194225.63756707223,-159792.653840709,-108.872440998082,-193.4784941586247,11,206.11321161814868,1.528938460803196,False
1506.77,RADAR_A,RADAR_A-T2365,PGT549U,95788.87674283524,-159552.87510427568,111.22406056864678,-199.90437678382511,14,167.12246473565762,0.6611880635625048,False
1506.94,RADAR_A,RADAR_A-T6203,HEDEF_3_MANEVRA,99916.60026369906,-217956.26563895223,-378.2164788388369,192.76701709241974,10,241.77735889129602,2.021831720409404,False
1507.01,RADAR_C,RADAR_C-T2660,HEDEF_2,194638.3581559196,-159291.94002968943,-126.2540458187342,-217.49955599266298,6,445.87338019638844,6.1825125572116635,False
1507.05,RADAR_A,RADAR_A-T7977,HEDEF_2,194345.89341806015,-159747.70577141957,-110.29672683559463,-192.68884687924228,14,223.04662439746363,0.6611880635625048,False
1509.31,RADAR_A,RADAR_A-T7977,HEDEF_2,194084.00610491697,-160179.34750642488,-110.71409545290719,-191.3513067533386,13,225.74499791282912,0.8743393107950702,False
1509.44,RADAR_B,RADAR_B-T6438,HEDEF_3_MANEVRA,99958.26278602438,-217904.35553362765,-370.719723326485,195.7970812015294,7,339.0648704124382,4.6753056338464924,False
1509.68,RADAR_B,RADAR_B-T1605,PGT549U,95826.3320764694,-160051.63599545948,107.48394816009775,-199.98679209319857,9,213.66730105693784,2.6736220001334834,False
1509.84,RADAR_A,RADAR_A-T2365,PGT549U,95981.42581283367,-160126.9332970655,112.54757957562116,-198.65334839429823,14,167.7184549834142,0.6611880635625048,False
1510.91,RADAR_B,RADAR_B-SC46433,STATIC_CLUTTER,-343939.83771323424,108126.17603187644,1.1159161078791455,-0.2652755322944495,2,1134.321747974356,18.905362466239264,True
1511.08,RADAR_C,RADAR_C-T2660,HEDEF_2,193742.01354260196,-159849.14725676534,-113.5980566076982,-201.9653089771242,7,374.20911800452484,4.6753056338464924,False
1511.34,RADAR_A,RADAR_A-T7977,HEDEF_2,193760.20752606142,-160599.52716980444,-108.80156860577942,-190.88993953289847,12,230.32792686090892,1.1562054316023351,False
1511.9,RADAR_A,RADAR_A-T4799,HEDEF_3_MANEVRA,100226.09441698562,-216968.8257367352,-374.11387795465146,193.78875737090397,9,262.9739425893384,2.6736220001334834,False
1512.17,RADAR_A,RADAR_A-T2365,PGT549U,96148.38175230009,-160681.01735848282,121.49192606329193,-193.21402995518244,13,171.6366970418876,0.8743393107950702,False
1512.23,RADAR_B,RADAR_B-T8845,HEDEF_2,193521.8405412938,-160714.25954456514,-117.10870064327237,-198.54069236182968,12,197.4808703069863,1.1562054316023351,False
1513.53,RADAR_A,RADAR_A-T7977,HEDEF_2,193510.32203881102,-161040.87473030234,-115.99135519262771,-197.55259942846203,14,223.25916220196163,0.6611880635625048,False
1513.77,RADAR_B,RADAR_B-T6438,HEDEF_3_MANEVRA,99947.95940095324,-216619.6262949037,-354.9663864308992,207.69349031507227,7,338.66057118430126,4.6753056338464924,False
1514.77,RADAR_A,RADAR_A-T4799,HEDEF_3_MANEVRA,99706.20773425014,-216240.93205913345,-369.49121124272074,197.10950913521452,10,240.73680439068764,2.021831720409404,False
1514.96,RADAR_A,RADAR_A-T2365,PGT549U,96433.22669053839,-161343.107107814,117.60251158627959,-196.2700028950373,13,172.16780075367126,0.8743393107950702,False
1515.21,RADAR_C,RADAR_C-T9926,HEDEF_3_MANEVRA,99897.33501997072,-215767.80966249408,-344.08573098761514,203.912894836202,4,696.0444082257588,10.811227536508623,False
1515.8,RADAR_A,RADAR_A-SC14575,STATIC_CLUTTER,-336571.5173268514,-43850.67528848339,-0.07406707019796481,1.0081921257762394,3,857.790551951732,14.296509199195533,True
1516.23,RADAR_A,RADAR_A-T7977,HEDEF_2,193439.11989054029,-161566.98057430057,-115.93230105035754,-199.52393132470286,12,230.48631095569948,1.1562054316023351,False
1516.83,RADAR_A,RADAR_A-T4799,HEDEF_3_MANEVRA,99680.06451808983,-216079.4811487213,-367.4347143578269,195.3037526237665,11,226.98463387992217,1.528938460803196,False
1517.52,RADAR_A,RADAR_A-T2365,PGT549U,96985.68277332072,-161604.96622934513,117.28001793712836,-194.468915069555,13,172.65424049014104,0.8743393107950702,False
1517.53,RADAR_C,RADAR_C-T1940,PGT549U,96597.71234770154,-161783.56185959527,111.23855921207803,-195.42600837985248,9,261.11169079175767,2.6736220001334834,False
1517.55,RADAR_B,RADAR_B-T6438,HEDEF_3_MANEVRA,99686.69894813088,-215753.49403800315,-361.3730059175761,192.33359884120034,7,338.30811406228264,4.6753056338464924,False
1517.73,RADAR_B,RADAR_B-T8845,HEDEF_2,193005.59566879825,-161843.54125817717,-113.78283549690417,-194.531868326482,12,197.7890736573924,1.1562054316023351,False
1518.84,RADAR_B,RADAR_B-T5180,PGT549U,97140.5028188832,-161656.04566675992,125.17872029737902,-194.48194631207002,10,187.45952120434848,2.021831720409404,False
1519.15,RADAR_A,RADAR_A-T7977,HEDEF_2,193011.66930864914,-161893.63020032257,-112.38833957569284,-194.09208823595654,14,223.44948197168094,0.6611880635625048,False
1519.4,RADAR_A,RADAR_A-T4799,HEDEF_3_MANEVRA,99962.09546453704,-215514.38062614354,-371.71776126012287,188.2203244800712,9,262.0621440371119,2.6736220001334834,False
1519.91,RADAR_C,RADAR_C-T2660,HEDEF_2,192912.4074139207,-161558.5830269318,-97.68194265875695,-166.7171042763393,7,374.6302047269255,4.6753056338464924,False
1520.16,RADAR_A,RADAR_A-T2365,PGT549U,97139.82132140314,-162301.06541983824,114.61848619809622,-197.94201027356718,14,169.72068808067272,0.6611880635625048,False
1522.04,RADAR_A,RADAR_A-T4799,HEDEF_3_MANEVRA,100018.51136643229,-214834.61633796975,-343.3847086065327,196.92023160590233,9,261.74202293381927,2.6736220001334834,False
1522.54,RADAR_B,RADAR_B-SC55470,STATIC_CLUTTER,100549.71109222865,207825.30240324678,-0.7066998531405617,-0.759542298323601,2,1134.321747974356,18.905362466239264,True
1523.03,RADAR_B,RADAR_B-T6438,HEDEF_3_MANEVRA,100357.48529547008,-214474.98122374684,-355.1303391269864,202.71260989096675,8,283.5808986310012,3.5355339059327378,False
1523.08,RADAR_A,RADAR_A-T2365,PGT549U,97425.77048136092,-162771.34072992633,115.51759070760313,-196.58499693898273,12,179.54606495622824,1.1562054316023351,False
1523.38,RADAR_B,RADAR_B-T5180,PGT549U,97494.43679912202,-162980.3088861697,105.49354488866024,-199.63175946541693,9,215.43412467617063,2.6736220001334834,False
1523.6,RADAR_B,RADAR_B-T8845,HEDEF_2,192579.54687157477,-163073.6799576584,-90.62498923206195,-179.0921080458144,8,281.8527250927421,3.5355339059327378,False
1524.27,RADAR_A,RADAR_A-T3676,HEDEF_2,192439.1180070226,-163061.26457514986,-111.02571911312978,-192.3583351228539,13,226.24696791977613,0.8743393107950702,False
1524.35,RADAR_A,RADAR_A-T4799,HEDEF_3_MANEVRA,99709.30201252276,-214498.83990993685,-356.28260540335157,192.17792033112676,11,225.9310430668526,1.528938460803196,False
1525.0,RADAR_A,RADAR_A-T2365,PGT549U,97770.8265297624,-163076.58862166523,114.3381630197509,-197.5989577118691,14,170.66066355708077,0.6611880635625048,False
1526.34,RADAR_A,RADAR_A-T4799,HEDEF_3_MANEVRA,100359.70605758156,-214036.93886474508,-359.36528711489996,193.80661915334034,10,239.20501661199623,2.021831720409404,False
1527.2,RADAR_C,RADAR_C-T9926,HEDEF_3_MANEVRA,100042.42820111287,-213611.10581321476,-356.6955037149065,181.8157665830662,6,447.5746053466429,6.1825125572116635,False
1527.34,RADAR_B,RADAR_B-T8845,HEDEF_2,192154.19606418238,-163450.0067260488,-111.76154700679375,-197.32604586119584,12,198.34191573969164,1.1562054316023351,False
1527.49,RADAR_A,RADAR_A-SC62965,STATIC_CLUTTER,-331731.7253433925,-102075.6765969342,0.3459338605320593,-0.32034741201093,3,857.790551951732,14.296509199195533,True
1527.91,RADAR_B,RADAR_B-T5180,PGT549U,97667.95324840929,-163821.89696563318,100.1715438650337,-200.5806225843283,8,256.7723687316408,3.5355339059327378,False
1527.99,RADAR_A,RADAR_A-T2365,PGT549U,97869.83389255471,-163847.84514324385,108.60844284892009,-200.7363855014998,13,174.6478637971019,0.8743393107950702,False
1528.92,RADAR_A,RADAR_A-T4799,HEDEF_3_MANEVRA,99525.96375938594,-213694.41722187347,-339.36613564306225,197.1076308912611,11,225.29118529960394,1.528938460803196,False
1529.02,RADAR_A,RADAR_A-T7782,HEDEF_2,192003.0220081399,-163866.32946628187,-111.4895961642651,-193.56832497942943,14,223.79690521287802,0.6611880635625048,False
1530.62,RADAR_A,RADAR_A-T2365,PGT549U,98033.4030769763,-164524.5742805261,113.27505777103407,-197.95075392730388,14,171.75230914871364,0.6611880635625048,False
1531.28,RADAR_A,RADAR_A-T4799,HEDEF_3_MANEVRA,100269.3831949163,-212693.3603734795,-343.0371307683539,196.08829753897012,9,260.6259967168142,2.6736220001334834,False
1531.39,RADAR_C,RADAR_C-T2660,HEDEF_2,191588.45986527376,-164501.70873586525,-104.54047156202341,-196.59390978208506,8,327.22467820573536,3.5355339059327378,False
1531.57,RADAR_A,RADAR_A-T7782,HEDEF_2,191119.31027919595,-164898.38837630267,-115.9354593844447,-198.28797592783192,13,226.50574394003365,0.8743393107950702,False
1532.49,RADAR_B,RADAR_B-T8845,HEDEF_2,191226.08384479603,-164746.80137350468,-110.01464701369665,-194.04493832205506,12,198.6450341453122,1.1562054316023351,False
1532.86,RADAR_B,RADAR_B-T5180,PGT549U,98411.04029741137,-164691.6044725731,135.78819184023644,-185.0046684019938,8,257.316361339718,3.5355339059327378,False
1533.26,RADAR_A,RADAR_A-T2365,PGT549U,98595.9350636466,-164878.2565462772,112.34481402604398,-197.92433878771587,14,172.26470775720375,0.6611880635625048,False
1533.36,RADAR_A,RADAR_A-T4799,HEDEF_3_MANEVRA,100002.01476424916,-212522.21235929415,-336.74945219984136,196.41149649300667,11,224.67000330614263,1.528938460803196,False
1533.52,RADAR_A,RADAR_A-T7782,HEDEF_2,191212.50114220488,-165132.3364032188,-113.27393143461691,-199.717192146698,12,231.07860094843355,1.1562054316023351,False
1535.21,RADAR_B,RADAR_B-T4794,HEDEF_3_MANEVRA,100319.56520434456,-212290.95274349887,-296.14862614151997,211.35064409605147,6,415.04733913883575,6.1825125572116635,False
1535.5,RADAR_A,RADAR_A-T2365,PGT549U,98573.24314927918,-165429.62823192394,119.18319165829176,-194.37865077804673,12,181.83438767008562,1.1562054316023351,False
1535.52,RADAR_A,RADAR_A-T7782,HEDEF_2,191095.67036706573,-165185.9890382733,-110.16031233604782,-195.09091935913352,12,231.15033066068932,1.1562054316023351,False
1535.54,RADAR_C,RADAR_C-T1940,PGT549U,98676.44372138727,-164749.27445829616,129.93937336763122,-195.59308711856437,5,533.4280817840546,8.1756070113073,False
1536.12,RADAR_A,RADAR_A-T4799,HEDEF_3_MANEVRA,100012.0784295507,-211966.7801244273,-324.7987980998662,203.26144536690086,9,260.04247421994063,2.6736220001334834,False
1538.26,RADAR_A,RADAR_A-T7782,HEDEF_2,190551.72378440562,-165976.49674514952,-114.26802576220882,-196.72258762433165,14,224.13735393423906,0.6611880635625048,False
1538.45,RADAR_A,RADAR_A-T4799,HEDEF_3_MANEVRA,100068.92960081725,-211329.62122732124,-338.2081862564221,192.95208498898523,10,237.61104969503864,2.021831720409404,False
1538.47,RADAR_A,RADAR_A-T2365,PGT549U,99311.17087577225,-165859.32987478652,119.97248150386586,-195.63071279534668,13,176.6454118663189,0.8743393107950702,False
1538.69,RADAR_B,RADAR_B-T5180,PGT549U,99095.24441433896,-165812.73335853772,112.91320625028712,-197.58372848649597,11,173.08679737545145,1.528938460803196,False
1540.18,RADAR_C,RADAR_C-T2660,HEDEF_2,190884.4368016251,-166738.575194827,-131.95401990333923,-209.05014021557582,6,447.22325101396854,6.1825125572116635,False
1540.97,RADAR_A,RADAR_A-T4799,HEDEF_3_MANEVRA,100112.58856386789,-211213.76904949205,-319.6718230803913,196.00700162815107,9,259.4594151844854,2.6736220001334834,False
1541.04,RADAR_A,RADAR_A-T2365,PGT549U,99422.11264069432,-166527.16526525855,118.74020669550387,-194.32391120597222,12,182.8588054104616,1.1562054316023351,False
1542.11,RADAR_B,RADAR_B-T4794,HEDEF_3_MANEVRA,99925.92070992978,-210934.25783168775,-328.6508343794661,187.70991160894084,6,414.5339978920098,6.1825125572116635,False
1542.16,RADAR_C,RADAR_C-T1940,PGT549U,99181.2692927215,-166117.5715859027,96.43995030809775,-200.2156795026636,6,426.6993003705245,6.1825125572116635,False
1543.32,RADAR_A,RADAR_A-T4799,HEDEF_3_MANEVRA,100470.29441547961,-210514.92673049914,-304.71372244685415,203.86456497978378,9,259.1772957635241,2.6736220001334834,False
1543.79,RADAR_A,RADAR_A-T2365,PGT549U,99800.50023748276,-166896.40129832109,111.48757533916044,-198.47905741319752,13,177.65970705182636,0.8743393107950702,False
1544.31,RADAR_B,RADAR_B-T5180,PGT549U,99930.80540346442,-166899.81912669234,114.99130344410392,-198.48130129266133,12,163.33363909265447,1.1562054316023351,False
1545.46,RADAR_A,RADAR_A-T4520,HEDEF_2,189705.19973947376,-167417.1272393214,-116.83344702322711,-196.31482453446793,12,231.51670482551694,1.1562054316023351,False
1545.84,RADAR_A,RADAR_A-T4799,HEDEF_3_MANEVRA,100191.50007089418,-210098.78961464815,-314.12138340576394,200.81022229506385,10,236.6410081299525,2.021831720409404,False
1546.35,RADAR_A,RADAR_A-T2365,PGT549U,100143.16726777764,-167439.64159954758,108.93162443514963,-200.5340906504009,14,174.8092111412096,0.6611880635625048,False
1547.97,RADAR_A,RADAR_A-T4799,HEDEF_3_MANEVRA,100226.1259406735,-209620.96346165866,-313.9451551481653,198.88962448440878,11,222.63536679290047,1.528938460803196,False
1548.04,RADAR_B,RADAR_B-T4794,HEDEF_3_MANEVRA,100138.25840253143,-209702.3949966099,-310.1775460663829,205.13861888646676,6,414.09588417783533,6.1825125572116635,False
1548.36,RADAR_A,RADAR_A-T2365,PGT549U,100530.86360095159,-167795.21937204633,117.82298343771792,-195.07902169589894,14,175.19919511291167,0.6611880635625048,False
1548.62,RADAR_A,RADAR_A-T4520,HEDEF_2,189415.020172084,-168141.46541665925,-113.63037903378896,-196.5561545843004,12,231.636608130376,1.1562054316023351,False
1549.15,RADAR_B,RADAR_B-T5180,PGT549U,100197.88876473668,-168021.4641990192,94.82047722759876,-201.81007866747603,10,191.9931745307228,2.021831720409404,False
1549.68,RADAR_C,RADAR_C-T2660,HEDEF_2,189591.5756040781,-167965.79288008285,-100.86712850440979,-188.56822551037007,8,328.2764220796755,3.5355339059327378,False
1550.13,RADAR_B,RADAR_B-T5359,HEDEF_2,189453.48642847018,-168072.44253271038,-114.53377390526916,-197.4166258550062,11,208.5451946243107,1.528938460803196,False
1550.66,RADAR_A,RADAR_A-T2365,PGT549U,100749.11420679171,-168180.30344037965,112.01950469632816,-198.15412828390794,14,175.64773987264718,0.6611880635625048,False
1550.72,RADAR_A,RADAR_A-T4799,HEDEF_3_MANEVRA,100554.23325750233,-209037.5758091936,-310.8546495859114,198.77759484524734,11,222.25314732922976,1.528938460803196,False
1551.31,RADAR_B,RADAR_B-T4794,HEDEF_3_MANEVRA,100703.59691944237,-208957.13503278195,-316.7552704602664,198.34775459054183,8,280.4836912296631,3.5355339059327378,False
1553.0,RADAR_A,RADAR_A-T6566,HEDEF_2,189268.688911927,-168529.8236119827,-115.8311116261024,-200.4146049672393,12,231.8055484119906,1.1562054316023351,False
1553.2,RADAR_B,RADAR_B-T5359,HEDEF_2,188885.10170738894,-168833.1330804289,-113.14660295148178,-198.17685483257426,11,208.729577837583,1.528938460803196,False
1553.61,RADAR_A,RADAR_A-T4799,HEDEF_3_MANEVRA,100033.84896722039,-208708.66232860493,-313.1868021649037,196.11268695460132,11,221.8531471234436,1.528938460803196,False
1554.76,RADAR_A,RADAR_A-SC62965,STATIC_CLUTTER,-331770.77388853085,-102079.65133507631,0.07024365688332562,-0.15128965005750827,4,648.6736521905174,10.811227536508623,True
1554.9,RADAR_B,RADAR_B-T5180,PGT549U,100973.7024714406,-169230.52024775356,117.05028891266338,-195.02652232115295,9,219.57602952100876,2.6736220001334834,False
1555.27,RADAR_A,RADAR_A-T6566,HEDEF_2,188731.6291592685,-169324.02361538998,-114.20864344454054,-196.32546680307075,14,224.80258334470065,0.6611880635625048,False
1556.16,RADAR_A,RADAR_A-T4799,HEDEF_3_MANEVRA,100243.97581190245,-208334.03621176622,-311.5093790765314,196.09822769937648,9,257.6438327857021,2.6736220001334834,False
1556.16,RADAR_A,RADAR_A-T2977,PGT549U,101086.35281309376,-169391.3236285315,112.95780478591874,-198.55175999321412,13,180.0212223408792,0.8743393107950702,False
1556.18,RADAR_B,RADAR_B-T5359,HEDEF_2,188512.5250212354,-169695.28409251923,-113.44846896690507,-194.362161998941,12,200.10155777258367,1.1562054316023351,False
1560.0,RADAR_B,RADAR_B-T5180,PGT549U,101459.69199220018,-170254.17938776582,109.77081219823926,-198.11177446214322,9,220.25556339427027,2.6736220001334834,False
1560.28,RADAR_A,RADAR_A-T9789,HEDEF_3_MANEVRA,100317.07142700079,-207548.3226212995,-311.68739583761766,194.41913156141982,9,257.152615430848,2.6736220001334834,False
1560.49,RADAR_A,RADAR_A-T6946,HEDEF_2,188104.24980264236,-170412.3940799679,-119.5491838138406,-204.32529819135357,12,232.10151149072755,1.1562054316023351,False
1561.58,RADAR_A,RADAR_A-T3028,PGT549U,101871.79153837549,-170368.9814406147,106.24287689298077,-199.86670307360404,12,186.65900661747932,1.1562054316023351,False
1562.63,RADAR_B,RADAR_B-SC55470,STATIC_CLUTTER,100552.36083072278,207811.39947461578,0.45552670591380423,0.42587100775137604,3,857.790551951732,14.296509199195533,True
1562.7,RADAR_B,RADAR_B-T5359,HEDEF_2,188218.1324421862,-170742.34604036526,-94.65878489665405,-179.4488448218526,8,283.541646090029,3.5355339059327378,False
1562.93,RADAR_A,RADAR_A-T9789,HEDEF_3_MANEVRA,100460.48013398144,-206602.20563906003,-299.7811158973997,197.8613220786226,11,220.56245169991647,1.528938460803196,False
1562.95,RADAR_B,RADAR_B-T1285,HEDEF_3_MANEVRA,100178.34875123801,-206681.0342734956,-304.0642859339076,199.11589293917774,8,279.22414258735256,3.5355339059327378,False
1564.05,RADAR_A,RADAR_A-T3028,PGT549U,102138.75364782383,-171015.93276681757,112.67013018918998,-195.7157884675437,14,178.25372851883776,0.6611880635625048,False
1564.48,RADAR_B,RADAR_B-T5180,PGT549U,102363.40314938143,-170887.23366151488,113.53856394242874,-195.61396366122065,12,166.89919883373466,1.1562054316023351,False
1565.01,RADAR_A,RADAR_A-T9789,HEDEF_3_MANEVRA,100066.54550789537,-206515.44369684404,-287.459255304669,202.48393406947218,10,234.14022239305055,2.021831720409404,False
1565.42,RADAR_A,RADAR_A-T1124,HEDEF_2,187605.96599172623,-171369.10397553814,-115.68405430202202,-197.4512316971124,14,225.22288844695507,0.6611880635625048,False
1566.89,RADAR_A,RADAR_A-T3028,PGT549U,102651.21759710112,-171441.17272995293,114.09922527577835,-197.102320537772,14,178.8064845336335,0.6611880635625048,False
1568.42,RADAR_B,RADAR_B-T5359,HEDEF_2,187295.48260326363,-171899.289368129,-112.02346863166673,-195.1833688047085,9,247.5466039543735,2.6736220001334834,False
1568.45,RADAR_A,RADAR_A-T1124,HEDEF_2,187274.31607586372,-171991.76945375738,-115.17046490291713,-200.6376838448174,14,225.35206696070233,0.6611880635625048,False
1568.82,RADAR_B,RADAR_B-T1285,HEDEF_3_MANEVRA,100371.81083349092,-205723.201617431,-315.1862861270866,196.10144497113617,7,333.6230187433298,4.6753056338464924,False
1569.45,RADAR_A,RADAR_A-T2999,HEDEF_3_MANEVRA,100207.06196557928,-205582.858689424,-292.64182167786737,191.7500190374783,10,233.563912474464,2.021831720409404,False
1569.68,RADAR_A,RADAR_A-T3028,PGT549U,102645.3101265753,-172146.88717332206,115.73674068882833,-195.1755717558175,12,188.16096975984138,1.1562054316023351,False
1570.37,RADAR_C,RADAR_C-T1361,PGT549U,102876.62945484564,-171814.6446728839,125.18735226411854,-188.35484010639126,7,354.3059325458791,4.6753056338464924,False
1570.53,RADAR_A,RADAR_A-T1124,HEDEF_2,187080.52447953247,-172157.30641679902,-114.46868996086766,-199.0438088448965,12,232.5132555452209,1.1562054316023351,False
1571.33,RADAR_C,RADAR_C-SC05477,STATIC_CLUTTER,55132.10877550934,53315.62349874103,0.1925530752960224,-0.5692568388099128,4,648.6736521905174,10.811227536508623,True
1571.57,RADAR_B,RADAR_B-T5180,PGT549U,102991.96428525116,-172459.36314472754,118.03115904935277,-198.78002910844103,9,221.80702441632891,2.6736220001334834,False
1572.15,RADAR_A,RADAR_A-T2999,HEDEF_3_MANEVRA,100536.06731502054,-205010.17067549936,-285.8961292167607,195.10651144816205,11,219.28957641144348,1.528938460803196,False
1572.44,RADAR_A,RADAR_A-T3028,PGT549U,103128.31794887928,-172708.9575088142,113.09638945171973,-198.3362122384536,13,183.13160963280652,0.8743393107950702,False
1573.34,RADAR_B,RADAR_B-T1285,HEDEF_3_MANEVRA,100531.63727953602,-204941.4581531974,-294.71158550412423,185.3137406921229,6,412.2478031545463,6.1825125572116635,False
1573.53,RADAR_A,RADAR_A-T1124,HEDEF_2,186906.24186965972,-172598.6507729942,-113.38184752385456,-195.5549780599901,13,228.16809833125666,0.8743393107950702,False
1574.34,RADAR_B,RADAR_B-T5359,HEDEF_2,186738.73684084535,-172724.4548427796,-112.34208451329434,-195.45316945454618,9,247.86535276790772,2.6736220001334834,False
1574.84,RADAR_A,RADAR_A-T3028,PGT549U,103029.61527754863,-173288.32985503873,115.32421616524658,-197.45423540909437,13,183.5917622536717,0.8743393107950702,False
1576.44,RADAR_C,RADAR_C-T8172,HEDEF_3_MANEVRA,100633.04322549108,-204560.86016563806,-275.8584267782535,193.56317376951898,7,370.765578921049,4.6753056338464924,False
1576.46,RADAR_A,RADAR_A-T1124,HEDEF_2,186637.478917169,-173292.84375238264,-115.45930573282365,-200.5058309110026,12,232.76441916199877,1.1562054316023351,False
1576.92,RADAR_B,RADAR_B-T5180,PGT549U,103476.86032018985,-173517.97846297713,110.03970686695897,-197.18001859923646,10,196.2183740903033,2.021831720409404,False
1577.69,RADAR_A,RADAR_A-T3028,PGT549U,103600.24633861487,-173844.1326751449,112.08483878135034,-199.23944601915306,12,189.64870762065598,1.1562054316023351,False
1577.77,RADAR_B,RADAR_B-T1285,HEDEF_3_MANEVRA,100615.70739986392,-203962.416206312,-269.2146656098331,184.63082469438777,6,411.92793898457677,6.1825125572116635,False
1577.87,RADAR_A,RADAR_A-T7909,HEDEF_3_MANEVRA,100359.47927841218,-203898.6263320424,-273.31506699476387,199.79892934883736,10,232.47426621003044,2.021831720409404,False
1578.72,RADAR_A,RADAR_A-T1124,HEDEF_2,186158.13934056123,-173851.21707620908,-112.23878616866241,-193.4380972827792,13,228.39426882391254,0.8743393107950702,False
1579.55,RADAR_B,RADAR_B-SC69319,STATIC_CLUTTER,389204.39095919277,-173896.68758160115,0.4545864135743641,0.42157839684566584,3,857.790551951732,14.296509199195533,True
1579.64,RADAR_B,RADAR_B-T5359,HEDEF_2,186278.19889509576,-173749.989702935,-106.45243350827319,-192.41465204099723,12,201.642495924912,1.1562054316023351,False
1579.74,RADAR_A,RADAR_A-T3028,PGT549U,103801.70682392891,-174142.70827858357,113.00871241724164,-198.01891151292062,12,190.03044315391224,1.1562054316023351,False
1582.67,RADAR_A,RADAR_A-T3028,PGT549U,104102.96734523748,-174785.9290129714,110.86143842880082,-198.80769039741693,14,181.87989027795223,0.6611880635625048,False
1583.69,RADAR_A,RADAR_A-T2141,HEDEF_3_MANEVRA,100521.12802153631,-202706.03830446643,-264.2265780332036,198.15502260501648,9,254.38775827539592,2.6736220001334834,False
1583.84,RADAR_B,RADAR_B-T5180,PGT549U,104163.8587182771,-174870.0027981034,108.04698675623784,-197.81510957958645,11,180.6086586815578,1.528938460803196,False
1585.46,RADAR_A,RADAR_A-T2141,HEDEF_3_MANEVRA,100567.50716172418,-202348.76845075053,-260.741414916783,202.48602893582756,11,217.4612555790933,1.528938460803196,False
1587.68,RADAR_A,RADAR_A-T1806,PGT549U,104780.87911766674,-175705.31568153674,116.365783415263,-196.57410632147486,14,182.85584104840632,0.6611880635625048,False
1588.12,RADAR_A,RADAR_A-T2141,HEDEF_3_MANEVRA,100592.6016723364,-201849.59099248113,-262.8273057717287,197.67835479908118,9,253.86802550492436,2.6736220001334834,False
1589.15,RADAR_C,RADAR_C-T8172,HEDEF_3_MANEVRA,100879.33708806366,-201541.8171810083,-253.2084196971759,201.50255754744927,7,369.4239284091704,4.6753056338464924,False
1589.63,RADAR_A,RADAR_A-SC62965,STATIC_CLUTTER,-331736.31154764164,-102084.53035625923,-0.11250604333218474,-0.08109038883922903,4,648.6736521905174,10.811227536508623,True
1589.99,RADAR_C,RADAR_C-T3298,PGT549U,105279.63928491744,-175491.80391088277,115.05919873938745,-203.77800606731603,7,356.6819198886412,4.6753056338464924,False
1590.03,RADAR_A,RADAR_A-T8224,HEDEF_2,184805.92573678526,-176112.75762971205,-112.10493044495087,-195.26467297623128,13,228.90270013417884,0.8743393107950702,False
1590.29,RADAR_A,RADAR_A-T2141,HEDEF_3_MANEVRA,100736.96143891985,-201286.98529743322,-274.63997943121626,185.63807476352542,10,230.87319822240337,2.021831720409404,False
1591.92,RADAR_A,RADAR_A-T1066,PGT549U,105164.0386751328,-176446.96887376602,112.91394768025029,-196.83460566178618,13,186.8617527470548,0.8743393107950702,False
1592.41,RADAR_B,RADAR_B-T7827,PGT549U,105434.89604059934,-176628.05357021667,120.58203167601594,-194.53335255186664,9,224.6343748109981,2.6736220001334834,False
1592.44,RADAR_A,RADAR_A-T2141,HEDEF_3_MANEVRA,100599.48870803656,-200660.8168242341,-255.35509519771801,195.3821631507228,9,253.36267884069485,2.6736220001334834,False
1592.58,RADAR_A,RADAR_A-T8224,HEDEF_2,184675.25929188743,-176471.6954663416,-117.17411930177175,-199.74279603880575,14,226.43320101647086,0.6611880635625048,False
1594.8,RADAR_A,RADAR_A-T8224,HEDEF_2,184619.3449162085,-176957.9040871644,-112.65840071599031,-194.1410074989777,12,233.57664133569804,1.1562054316023351,False
1595.74,RADAR_A,RADAR_A-T2141,HEDEF_3_MANEVRA,101130.30249893953,-200240.7495583515,-250.5483718302826,195.31806113166232,10,230.17482427070027,2.021831720409404,False
1595.88,RADAR_A,RADAR_A-T7514,PGT549U,105581.51157399901,-177325.09204154013,119.33893812069815,-194.57006842195884,13,187.62126240717026,0.8743393107950702,False
1596.15,RADAR_B,RADAR_B-T9969,HEDEF_2,184144.58111664042,-177229.07824009316,-110.5505362341776,-196.84821961996204,12,202.7851569122336,1.1562054316023351,False
1597.36,RADAR_A,RADAR_A-T8224,HEDEF_2,183898.98519683193,-177687.1667352585,-113.61962855397839,-196.2174732404477,14,226.65915399356263,0.6611880635625048,False
1597.92,RADAR_B,RADAR_B-T1859,HEDEF_3_MANEVRA,100562.97476914526,-199792.74018506677,-237.74126405452034,199.06533872928046,8,275.49430573514485,3.5355339059327378,False
1598.18,RADAR_B,RADAR_B-T7827,PGT549U,105746.05253335764,-177583.44128048106,107.8051487021591,-199.20282977924526,12,172.90290376995455,1.1562054316023351,False
1598.21,RADAR_A,RADAR_A-T2141,HEDEF_3_MANEVRA,100581.10335241798,-199808.58399966863,-242.91776540584243,199.92291504490225,11,215.7174222924,1.528938460803196,False
1598.47,RADAR_C,RADAR_C-T4741,HEDEF_2,184045.86500554477,-177659.66456825123,-118.10675536453368,-200.73525164207044,9,300.7797294686036,2.6736220001334834,False
1599.03,RADAR_A,RADAR_A-T7514,PGT549U,106105.9193359439,-177865.0340148606,114.27407325828104,-197.24168064488094,14,185.0688483166508,0.6611880635625048,False
1600.36,RADAR_C,RADAR_C-T3298,PGT549U,106056.66266171071,-176454.78812725315,156.52762811471712,-185.38068997538417,5,538.5746855939844,8.1756070113073,False
1601.3,RADAR_A,RADAR_A-SC62965,STATIC_CLUTTER,-331768.9556331694,-102075.39343030837,0.2033676512246067,0.31554938865508325,1,1500.0,25.0,True
1601.91,RADAR_A,RADAR_A-T7514,PGT549U,106525.3678028922,-178392.0088087109,111.44517659862707,-198.10772053634486,14,185.63032920598243,0.6611880635625048,False
1602.04,RADAR_B,RADAR_B-T9969,HEDEF_2,183430.9853475982,-178536.3586393146,-108.0870977609617,-192.05680027637027,8,285.4459489904004,3.5355339059327378,False
1602.35,RADAR_A,RADAR_A-T8426,HEDEF_3_MANEVRA,101100.1077729487,-198623.63339936096,-249.5822646999308,191.7540221740412,10,229.32795385514092,2.021831720409404,False
1604.13,RADAR_C,RADAR_C-T7791,HEDEF_3_MANEVRA,100635.35895162004,-198769.8339949804,-226.5085140864225,206.99308641182617,7,367.8517520991408,4.6753056338464924,False
1604.44,RADAR_B,RADAR_B-T1859,HEDEF_3_MANEVRA,100647.88481250068,-198890.50897787872,-278.90183503475134,191.6840304930278,7,330.46945501939206,4.6753056338464924,False
1604.95,RADAR_A,RADAR_A-T7514,PGT549U,106966.79380867265,-179037.05398191974,116.31463660035853,-195.4474390579839,14,186.22264555248856,0.6611880635625048,False
1605.15,RADAR_A,RADAR_A-T8426,HEDEF_3_MANEVRA,100692.04416876883,-198329.82977259642,-238.32048089375786,197.2444422260233,11,214.77171017441924,1.528938460803196,False
1605.83,RADAR_A,RADAR_A-T8836,HEDEF_2,183019.15341289502,-179292.98436852414,-113.28510823121405,-197.74922129010912,14,227.06827150419628,0.6611880635625048,False
1607.42,RADAR_A,RADAR_A-T7514,PGT549U,107029.92719844995,-179675.29291087537,113.99702739492128,-197.04582034727875,14,186.70509246976155,0.6611880635625048,False
1607.76,RADAR_A,RADAR_A-T8426,HEDEF_3_MANEVRA,100667.33667476571,-197953.28355341012,-235.27644810551953,194.2928898219693,11,214.41758301972993,1.528938460803196,False
1608.07,RADAR_A,RADAR_A-T8836,HEDEF_2,182835.27973065627,-179640.1213871448,-116.35087990432575,-199.21124246672605,14,227.17830555085538,0.6611880635625048,False
1608.41,RADAR_B,RADAR_B-T4114,PGT549U,107074.83822636475,-179692.57515131106,121.68838623702372,-196.72000154416432,9,226.83338305270854,2.6736220001334834,False
1609.93,RADAR_A,RADAR_A-T7514,PGT549U,107461.5773270843,-180021.23920760438,112.60232268064202,-197.09411275169302,14,187.19450526004243,0.6611880635625048,False
1610.75,RADAR_A,RADAR_A-T8426,HEDEF_3_MANEVRA,100783.81842385654,-197328.10981345474,-233.47515870284928,198.0830243809596,10,228.25746333842582,2.021831720409404,False
1610.79,RADAR_A,RADAR_A-T8836,HEDEF_2,182445.44684600554,-180335.7348006264,-116.457502214378,-200.07257120406106,13,229.89049676439754,0.8743393107950702,False
1611.56,RADAR_B,RADAR_B-T8303,HEDEF_2,182352.56596243815,-180189.13797819847,-118.90609467882041,-199.6919318948116,12,203.89417584052828,1.1562054316023351,False
1611.62,RADAR_C,RADAR_C-T3298,PGT549U,107361.32000955743,-179984.87678855233,100.46489217493985,-208.72471362038362,8,308.91569935063114,3.5355339059327378,False
1611.88,RADAR_C,RADAR_C-T4741,HEDEF_2,182474.20703053346,-179851.77442073738,-121.22180448124362,-201.6306407376848,8,332.1284510710662,3.5355339059327378,False
1612.08,RADAR_A,RADAR_A-T7514,PGT549U,107277.73557580991,-180700.53034093571,112.82009305958871,-198.88834911516068,13,190.72960465111584,0.8743393107950702,False
1613.46,RADAR_A,RADAR_A-T8836,HEDEF_2,182203.81079950108,-180655.51001895763,-117.31574940450255,-203.30074151209024,12,234.4586292623736,1.1562054316023351,False
1613.53,RADAR_A,RADAR_A-T8426,HEDEF_3_MANEVRA,100854.39915668177,-196718.42231509573,-233.7968067837146,194.89236588789078,10,227.90306246963337,2.021831720409404,False
1613.83,RADAR_A,RADAR_A-T7514,PGT549U,107823.5354290889,-180839.0696872032,111.8197902418121,-198.30302262517563,14,187.9569040762645,0.6611880635625048,False
1614.04,RADAR_B,RADAR_B-T4114,PGT549U,107772.43094517107,-180676.43506286872,117.06735222614309,-195.30381692631047,9,227.6123311388906,2.6736220001334834,False
1614.1,RADAR_C,RADAR_C-T7791,HEDEF_3_MANEVRA,101459.10167337666,-197512.88406134822,-220.7102690328045,204.41535626122035,3,889.7558895970483,14.296509199195533,False
1615.28,RADAR_B,RADAR_B-T7223,HEDEF_3_MANEVRA,100559.78934333933,-196170.33323725287,-254.74554003216292,191.73722232237878,7,329.5263136842216,4.6753056338464924,False
1615.92,RADAR_C,RADAR_C-T4741,HEDEF_2,182136.13990981152,-181061.96165132822,-80.75649951134505,-164.22562837728327,5,553.2731319140674,8.1756070113073,False
1616.1,RADAR_A,RADAR_A-T8426,HEDEF_3_MANEVRA,100914.8156453902,-196141.30629686767,-216.72939490386776,201.13102512253784,9,250.6170699711868,2.6736220001334834,False
1616.25,RADAR_A,RADAR_A-T8836,HEDEF_2,182160.05628058795,-181166.524043151,-114.09601517712832,-198.56672160677095,12,234.59551849091366,1.1562054316023351,False
1616.47,RADAR_A,RADAR_A-T7514,PGT549U,108383.32060972066,-181242.17915408924,109.53693124397319,-196.9305068142182,13,191.57285329766694,0.8743393107950702,False
1617.2,RADAR_B,RADAR_B-T8303,HEDEF_2,181931.1064104152,-181119.8721900521,-116.9030246723714,-200.62353493276635,12,204.3101633951081,1.1562054316023351,False
1618.83,RADAR_A,RADAR_A-T8836,HEDEF_2,181757.83520875292,-181766.09376351692,-110.19783304310394,-194.77992659227212,13,230.29220493508066,0.8743393107950702,False
1618.91,RADAR_A,RADAR_A-T7514,PGT549U,108234.99916362308,-181955.50871364176,113.88138087383716,-197.20528347981747,14,188.94743551844388,0.6611880635625048,False
1619.89,RADAR_B,RADAR_B-T4114,PGT549U,108553.77606072428,-181893.73968983794,109.25530135735309,-196.65399128236797,10,202.88148512549427,2.021831720409404,False
1620.48,RADAR_A,RADAR_A-T8702,HEDEF_3_MANEVRA,100715.81016801202,-195589.02523102428,-231.06408061434962,190.33687507080393,10,227.0217273753273,2.021831720409404,False
1620.57,RADAR_C,RADAR_C-T3298,PGT549U,108307.23627092905,-181777.31668563595,113.78879327262334,-196.42248358258612,7,360.43809589579877,4.6753056338464924,False
1620.65,RADAR_A,RADAR_A-T7514,PGT549U,108897.90712467523,-182076.90167238473,110.91238468863256,-198.12863279624915,13,192.37525514333055,0.8743393107950702,False
1620.73,RADAR_B,RADAR_B-SC55470,STATIC_CLUTTER,100556.83707500873,207827.31267930317,-0.026320364983268903,0.7936324605470902,2,1134.321747974356,18.905362466239264,True
1621.63,RADAR_A,RADAR_A-T8836,HEDEF_2,181175.5936810848,-182585.9488120753,-114.21999177086818,-199.75965837611542,12,234.862646942313,1.1562054316023351,False
1622.94,RADAR_B,RADAR_B-T8303,HEDEF_2,181060.70002008876,-182847.1820524266,-107.72419866096953,-185.69471542751972,8,286.5406142069949,3.5355339059327378,False
1623.1,RADAR_A,RADAR_A-T7514,PGT549U,108772.85369892836,-182782.53884078647,112.08157353129178,-197.33390698867188,12,198.1160404221946,1.1562054316023351,False
1623.49,RADAR_A,RADAR_A-T8702,HEDEF_3_MANEVRA,100779.10497812202,-194878.88338059757,-205.88826753935035,203.2624029361516,10,226.6409389700252,2.021831720409404,False
1624.06,RADAR_A,RADAR_A-T8836,HEDEF_2,180971.90992957872,-182914.9808708843,-112.03343876160667,-195.65467997471234,13,230.55891319565535,0.8743393107950702,False
1624.34,RADAR_B,RADAR_B-T8369,HEDEF_3_MANEVRA,100672.430669402,-194771.03088331176,-206.1794650812106,192.71488267365174,7,328.7442124276788,4.6753056338464924,False
1625.59,RADAR_B,RADAR_B-T4114,PGT549U,108992.28244255786,-183056.29330663368,106.4720118249638,-202.02900141641902,12,177.82297875634546,1.1562054316023351,False
1625.7,RADAR_A,RADAR_A-T8702,HEDEF_3_MANEVRA,100955.28182246324,-194400.66662942458,-197.79684577875983,199.93334175419943,10,226.36084345610445,2.021831720409404,False
1626.39,RADAR_A,RADAR_A-T8836,HEDEF_2,180719.66117409716,-183362.32234775787,-114.5206325108094,-197.25911961357053,14,228.1111861958649,0.6611880635625048,False
1626.77,RADAR_C,RADAR_C-T7791,HEDEF_3_MANEVRA,101323.06074985261,-193953.8326365154,-221.67183680900405,196.92085579824357,5,543.6215286574366,8.1756070113073,False
1627.36,RADAR_C,RADAR_C-T4741,HEDEF_2,181100.94614038427,-183275.04727336613,-122.18271720904403,-201.05346821599048,9,302.86019088114807,2.6736220001334834,False
1627.98,RADAR_C,RADAR_C-T3298,PGT549U,109025.17338350805,-183905.74417700162,116.84486748225339,-193.97063899596375,9,278.6091643957683,2.6736220001334834,False
1628.44,RADAR_B,RADAR_B-T8369,HEDEF_3_MANEVRA,100731.51447630083,-193801.1857585064,-206.3285174122463,197.32465769722558,9,234.27521526558766,2.6736220001334834,False
1628.45,RADAR_A,RADAR_A-T8836,HEDEF_2,180296.26292779614,-183849.78125352014,-107.83409634291304,-191.2489974306891,12,235.20798821503408,1.1562054316023351,False
1628.47,RADAR_A,RADAR_A-T8702,HEDEF_3_MANEVRA,101081.333747706,-193802.95422490867,-205.55601834683438,195.505760123154,9,249.19604104258812,2.6736220001334834,False
1629.37,RADAR_A,RADAR_A-SC14575,STATIC_CLUTTER,-336585.2487470798,-43816.19668594941,0.03347262273907941,-0.2671572663017248,2,1134.321747974356,18.905362466239264,True
1630.92,RADAR_A,RADAR_A-T8562,PGT549U,109723.68085264415,-184273.40385865033,118.08728943534226,-194.72091689165015,14,191.29259782399632,0.6611880635625048,False
1631.12,RADAR_B,RADAR_B-T4114,PGT549U,109536.70771164693,-184512.2900401998,106.1680056040327,-200.8418459835473,9,229.99481761077465,2.6736220001334834,False
1631.38,RADAR_B,RADAR_B-T1418,HEDEF_2,180284.30142990837,-184403.99167854086,-140.58880743343673,-217.9294512981819,9,251.20108877169696,2.6736220001334834,False
1631.68,RADAR_A,RADAR_A-SC14575,STATIC_CLUTTER,-336616.29566558276,-43806.61232367389,-0.6733673199414233,0.26851592520297596,3,857.790551951732,14.296509199195533,True
1632.96,RADAR_B,RADAR_B-T8369,HEDEF_3_MANEVRA,101130.07862450356,-193201.9694054626,-216.31845004060108,191.66645232399011,6,408.0460736834489,6.1825125572116635,False
1633.09,RADAR_A,RADAR_A-T8562,PGT549U,110023.96688010097,-184684.38902965156,108.25453789379016,-199.17684085390195,13,194.7666586223482,0.8743393107950702,False
1633.48,RADAR_A,RADAR_A-T1140,HEDEF_3_MANEVRA,100787.32090141959,-192733.61665140785,-196.68222632392354,202.03081534864614,10,225.3796622806061,2.021831720409404,False
1634.1,RADAR_A,RADAR_A-T2418,HEDEF_2,179872.8022401579,-184794.27670891708,-113.45166788045856,-195.8562684057046,14,228.51970485686448,0.6611880635625048,False
1635.87,RADAR_B,RADAR_B-T1418,HEDEF_2,179513.1801091857,-185051.1950561776,-108.49667999007178,-191.39332614847234,10,228.53092450408067,2.021831720409404,False
1636.23,RADAR_A,RADAR_A-T1140,HEDEF_3_MANEVRA,100968.13760017011,-191920.12186739888,-210.0518090635167,187.97212494247452,9,248.3106572718959,2.6736220001334834,False
1636.52,RADAR_C,RADAR_C-T7791,HEDEF_3_MANEVRA,100736.613456752,-192075.88888873387,-190.5123830214602,208.60015305252668,5,542.9463136674564,8.1756070113073,False
1637.53,RADAR_B,RADAR_B-T4114,PGT549U,110393.02975580178,-185553.8263233402,112.25788494257115,-197.77043466233897,11,189.7210923081072,1.528938460803196,False
1638.25,RADAR_A,RADAR_A-T1140,HEDEF_3_MANEVRA,101410.58767215721,-191741.6107568223,-188.85691933224405,197.48194393786417,12,201.55118190745708,1.1562054316023351,False
1638.65,RADAR_A,RADAR_A-T1733,PGT549U,110858.92476658199,-185696.24374680276,113.50059300318115,-198.06468947510976,13,195.8353932977865,0.8743393107950702,False
1639.19,RADAR_B,RADAR_B-T8369,HEDEF_3_MANEVRA,101149.99296466418,-191650.33993955157,-191.42609305386046,196.32309433398717,12,182.65324927242483,1.1562054316023351,False
1639.33,RADAR_A,RADAR_A-T2723,HEDEF_2,179170.83712706337,-186091.65934377804,-119.42959123623743,-201.56701318356764,13,231.36305100323366,0.8743393107950702,False
1639.52,RADAR_B,RADAR_B-T1418,HEDEF_2,179153.0015325133,-185754.1068814153,-117.99540299107193,-198.68364686115603,11,214.57475546419877,1.528938460803196,False
1640.31,RADAR_C,RADAR_C-T4741,HEDEF_2,179269.08819440854,-186170.42706887555,-140.5858354992128,-212.0404872036704,7,381.1369232341538,4.6753056338464924,False
1640.51,RADAR_A,RADAR_A-T1140,HEDEF_3_MANEVRA,101232.37306669382,-191461.41954845982,-179.70711330871976,198.4901069569048,10,224.49746799631933,2.021831720409404,False
1641.37,RADAR_C,RADAR_C-T3298,PGT549U,110711.8533430997,-186164.59162881918,97.14293103764183,-206.0156237795972,6,436.69738851773104,6.1825125572116635,False
1641.66,RADAR_A,RADAR_A-T1733,PGT549U,110790.03193242784,-186364.12595901647,116.39067790948812,-194.58694507707526,12,201.59062012991447,1.1562054316023351,False
1642.35,RADAR_B,RADAR_B-T4114,PGT549U,110945.6540897253,-186452.254308899,121.7538939700803,-190.6560599000755,8,269.9876362713182,3.5355339059327378,False
1643.27,RADAR_C,RADAR_C-T7791,HEDEF_3_MANEVRA,101287.46138381999,-191535.12973930282,-149.67577951466444,219.1030261069575,7,363.80027212766544,4.6753056338464924,False
1643.64,RADAR_B,RADAR_B-T8369,HEDEF_3_MANEVRA,101257.2574082405,-190922.08334561455,-233.05175300291972,196.73542169890456,5,518.5829064359264,8.1756070113073,False
1643.87,RADAR_A,RADAR_A-T1140,HEDEF_3_MANEVRA,101192.02239789513,-190526.57371276364,-179.49053486206589,196.24122422148855,10,224.07610388476527,2.021831720409404,False
1644.13,RADAR_A,RADAR_A-T1733,PGT549U,111392.62644896992,-186803.69239858887,113.1802738327735,-196.55467739228993,14,193.87422677938315,0.6611880635625048,False
1644.86,RADAR_A,RADAR_A-T2453,HEDEF_2,178178.9911196279,-187285.75239573518,-113.53772300335787,-194.48535343430768,13,231.66364860514742,0.8743393107950702,False
1645.44,RADAR_B,RADAR_B-SC55470,STATIC_CLUTTER,100568.17609298865,207835.1290429497,-0.1191619637422936,-0.2536530995022413,4,648.6736521905174,10.811227536508623,True
1646.12,RADAR_A,RADAR_A-T1140,HEDEF_3_MANEVRA,101021.86047843476,-190425.09125643555,-178.31599193093956,197.02370460749304,11,209.24428495671555,1.528938460803196,False
1646.7,RADAR_A,RADAR_A-T1733,PGT549U,111479.1051992151,-187340.73156260292,113.98459050727536,-196.41143990662977,14,194.37588514655525,0.6611880635625048,False
1647.38,RADAR_B,RADAR_B-T4114,PGT549U,111549.74547174945,-187302.06564872208,120.18451229469633,-193.1218316417333,11,191.41250641250255,1.528938460803196,False
1647.62,RADAR_A,RADAR_A-T2453,HEDEF_2,178295.9513246474,-187459.8062174137,-112.51501419658366,-193.7703690673448,12,236.21747905399062,1.1562054316023351,False
1647.91,RADAR_B,RADAR_B-T8369,HEDEF_3_MANEVRA,101028.78029759762,-189643.81359629557,-172.67242346529366,182.8210220977467,5,518.3558976895521,8.1756070113073,False
1648.02,RADAR_C,RADAR_C-T3298,PGT549U,111313.21377731657,-187726.54079379662,114.06459818187042,-200.71048415500772,8,314.1765487545482,3.5355339059327378,False
1648.74,RADAR_A,RADAR_A-T1140,HEDEF_3_MANEVRA,101376.08802231649,-190027.20020148263,-183.20896286141723,187.7481621106258,9,246.8904619423803,2.6736220001334834,False
1649.26,RADAR_A,RADAR_A-T1733,PGT549U,111884.99890462369,-187850.1636281151,112.28338206100865,-197.89094016250203,14,194.87746071082762,0.6611880635625048,False
1649.62,RADAR_A,RADAR_A-T2453,HEDEF_2,177979.29949795542,-187947.04923756773,-114.69173644758509,-199.29343324586608,13,231.92642755493665,0.8743393107950702,False
1650.38,RADAR_B,RADAR_B-T1586,HEDEF_2,177830.20348900184,-188146.86444598995,-111.96203918940378,-192.62632473902494,12,206.8637233701289,1.1562054316023351,False
1651.13,RADAR_C,RADAR_C-T4741,HEDEF_2,177984.13991105068,-188302.04204686964,-126.82756123082794,-192.5991697061397,6,452.4133656514042,6.1825125572116635,False
1651.86,RADAR_A,RADAR_A-T2453,HEDEF_2,177782.90894938612,-188292.00341039104,-114.82928618955249,-199.70457770967815,13,232.05083857692725,0.8743393107950702,False
1652.18,RADAR_A,RADAR_A-T1733,PGT549U,112261.76970567128,-188318.64194283783,110.65441864560265,-198.16703690187381,12,203.5643611971534,1.1562054316023351,False
1652.36,RADAR_C,RADAR_C-T7791,HEDEF_3_MANEVRA,101228.93108193266,-189086.66136418414,-160.21260370335762,204.39919239886117,4,688.3043866708947,10.811227536508623,False
1653.45,RADAR_B,RADAR_B-T8369,HEDEF_3_MANEVRA,101473.82619085388,-188167.97424247424,-198.0673592448654,184.65324620980937,5,518.0616949577533,8.1756070113073,False
1653.99,RADAR_A,RADAR_A-T7191,HEDEF_3_MANEVRA,101216.83654721166,-188617.11244827686,-178.26876253781842,193.2323160897409,9,246.2986674630057,2.6736220001334834,False
1654.62,RADAR_C,RADAR_C-SC05477,STATIC_CLUTTER,55126.04998769895,53280.816189690406,0.392381700599711,-0.23201841057498787,1,1500.0,25.0,True
1654.9,RADAR_A,RADAR_A-T1733,PGT549U,112770.9512341503,-188964.16185071957,109.76072277907672,-198.81158856826383,13,198.96224716302754,0.8743393107950702,False
1655.85,RADAR_B,RADAR_B-T1586,HEDEF_2,177544.31791817027,-189108.7446574998,-123.84500034711311,-199.99429392446729,9,252.77554617945157,2.6736220001334834,False
1656.07,RADAR_C,RADAR_C-T3298,PGT549U,112517.68388204703,-189050.1135835161,93.23103033102231,-202.54008645771157,8,315.3515883888335,3.5355339059327378,False
1656.48,RADAR_B,RADAR_B-T5554,PGT549U,112435.54987421178,-188978.8251163203,117.79188311556729,-195.1577824487559,8,271.70750519937735,3.5355339059327378,False
1656.65,RADAR_A,RADAR_A-T3450,HEDEF_2,177097.3471890898,-189561.02486213448,-119.11272356754765,-199.48467999277193,12,236.71312362377273,1.1562054316023351,False
1656.71,RADAR_A,RADAR_A-T1733,PGT549U,112589.18354440588,-189449.34816426842,113.27101969069975,-197.4546363179058,14,196.33272879301438,0.6611880635625048,False
1657.78,RADAR_B,RADAR_B-T8369,HEDEF_3_MANEVRA,101251.13453115243,-188261.37661975226,-153.84845135579684,206.41133515488045,6,406.36173380295827,6.1825125572116635,False
1658.62,RADAR_C,RADAR_C-T7791,HEDEF_3_MANEVRA,101639.15425507096,-188332.36810927227,-142.2568498227601,186.27364462435457,4,687.9684822363052,10.811227536508623,False
1658.94,RADAR_A,RADAR_A-T3450,HEDEF_2,177203.2733600895,-189613.63442466207,-114.36596555432949,-192.38618289453984,12,236.84122325407282,1.1562054316023351,False
1659.15,RADAR_A,RADAR_A-T1733,PGT549U,112964.16306302413,-189869.1565007768,116.50688882768483,-195.13248424489205,14,196.81051963664297,0.6611880635625048,False
1659.38,RADAR_A,RADAR_A-T1633,HEDEF_3_MANEVRA,101411.10492060563,-187807.62404443315,-159.01866607101005,202.85421994521937,9,245.69219866477195,2.6736220001334834,False
1659.71,RADAR_A,RADAR_A-SC62965,STATIC_CLUTTER,-331763.1564219479,-102111.19670374559,0.22791770878297116,-0.9825451580423439,3,857.790551951732,14.296509199195533,True
1659.88,RADAR_B,RADAR_B-T1586,HEDEF_2,176957.23794237245,-189927.1965294831,-113.08839419055488,-197.10056226528332,11,216.1312468023799,1.528938460803196,False
1660.26,RADAR_B,RADAR_B-T5554,PGT549U,112801.73090243473,-189988.50743382884,115.31294737238659,-197.02284253052719,12,184.09127550103725,1.1562054316023351,False
1661.06,RADAR_A,RADAR_A-T3450,HEDEF_2,176849.3244963754,-190172.5895021401,-110.76653442794486,-194.54118252170667,13,232.57170273599485,0.8743393107950702,False
1661.31,RADAR_A,RADAR_A-T1633,HEDEF_3_MANEVRA,101479.79113960222,-187209.4714176318,-162.28427677640764,193.451594995989,10,221.90201645028375,2.021831720409404,False
1661.36,RADAR_A,RADAR_A-T1733,PGT549U,113093.07632156134,-190358.34651347264,111.05246936649371,-198.5155027776,14,197.242148915614,0.6611880635625048,False
1663.12,RADAR_A,RADAR_A-T3450,HEDEF_2,176281.63230442943,-190776.70103820835,-111.8346542315098,-196.2374688830962,12,237.07604713754608,1.1562054316023351,False
1663.54,RADAR_A,RADAR_A-T1633,HEDEF_3_MANEVRA,101440.60152249526,-186743.8331166578,-176.2819614158424,183.46717494019455,9,245.22569978234955,2.6736220001334834,False
1663.65,RADAR_B,RADAR_B-T1586,HEDEF_2,176704.63578457668,-190621.66387161808,-124.69907007864938,-200.2452385617259,9,253.29566576116895,2.6736220001334834,False
1663.88,RADAR_B,RADAR_B-T8369,HEDEF_3_MANEVRA,101262.75321256099,-186862.09912605723,-152.05276489324834,197.80984186643755,8,268.6892805687551,3.5355339059327378,False
1663.97,RADAR_A,RADAR_A-T1733,PGT549U,113797.88293866666,-190700.37887413878,112.13653675455653,-198.16699030300418,14,197.7533534521873,0.6611880635625048,False
1664.92,RADAR_A,RADAR_A-T3450,HEDEF_2,176082.66420323067,-191288.67711502276,-111.66243707485864,-193.83849636591066,12,237.1786945687927,1.1562054316023351,False
1664.96,RADAR_B,RADAR_B-T5554,PGT549U,113647.1319828904,-190794.16467139128,116.51712317047952,-194.00271422773594,10,210.0191381138619,2.021831720409404,False
1665.13,RADAR_C,RADAR_C-T7791,HEDEF_3_MANEVRA,101640.60242806809,-186749.51242479606,-158.41911463886453,186.3375020256938,5,540.9907998229157,8.1756070113073,False
1665.37,RADAR_C,RADAR_C-T3298,PGT549U,113564.24477870007,-190413.13168158787,107.52948391484391,-202.9484786429049,8,316.7130096606844,3.5355339059327378,False
1665.71,RADAR_A,RADAR_A-T1633,HEDEF_3_MANEVRA,101332.4142097097,-186333.2735441721,-153.13492109796906,195.43213424709768,11,206.63606786178318,1.528938460803196,False
1666.46,RADAR_A,RADAR_A-T1733,PGT549U,114142.94287872991,-191074.8483366677,111.02185596325319,-199.13054479526863,14,198.2398356526299,0.6611880635625048,False
1667.16,RADAR_A,RADAR_A-T3450,HEDEF_2,175826.71030965462,-191578.24403169137,-112.28945563767859,-195.2719009672299,12,237.30597290402744,1.1562054316023351,False
1668.43,RADAR_A,RADAR_A-T1633,HEDEF_3_MANEVRA,101351.35353060078,-185974.74744055595,-152.4324171928358,200.19154475086327,10,221.02088318944578,2.021831720409404,False
1669.08,RADAR_B,RADAR_B-T8369,HEDEF_3_MANEVRA,101076.9624934869,-185859.18778692777,-129.86371547274655,198.00719754711574,9,229.44847599393526,2.6736220001334834,False
1669.88,RADAR_A,RADAR_A-T3450,HEDEF_2,175581.28217472846,-192038.50543291244,-117.63250973490047,-197.9815849450938,13,233.0833170134451,0.8743393107950702,False
1669.99,RADAR_A,RADAR_A-T1733,PGT549U,113982.64635625687,-192176.757289479,112.89159240070204,-195.66329547479086,14,198.9319029801232,0.6611880635625048,False
1670.57,RADAR_B,RADAR_B-T5554,PGT549U,114311.85171276717,-191889.77551849483,108.84597893634731,-201.5222452914979,9,235.59213932123595,2.6736220001334834,False
1672.41,RADAR_B,RADAR_B-T8306,HEDEF_2,175470.65546951184,-192424.04442320525,-111.17016312663583,-199.1763608189935,10,231.1757411102934,2.021831720409404,False
1672.47,RADAR_A,RADAR_A-T3450,HEDEF_2,175119.96131745793,-192841.05984459346,-114.098939381908,-195.95600710737335,14,230.696281725141,0.6611880635625048,False
1672.67,RADAR_A,RADAR_A-T1733,PGT549U,114424.73678312228,-192552.97431677306,112.73137180298997,-197.5781014755826,13,202.38836087576144,0.8743393107950702,False
1673.34,RADAR_A,RADAR_A-T9545,HEDEF_3_MANEVRA,101518.95891194313,-185099.04222869407,-147.30346768504631,192.9300162462205,9,244.131156977126,2.6736220001334834,False
1673.46,RADAR_C,RADAR_C-T3298,PGT549U,114139.56329324354,-192513.74072809116,116.61841928753344,-195.85313579910786,9,285.99723101456044,2.6736220001334834,False
1674.02,RADAR_A,RADAR_A-T3450,HEDEF_2,175277.55316155616,-192817.32664016928,-110.93036653462902,-193.83216590679461,12,237.70211016593433,1.1562054316023351,False
1674.15,RADAR_C,RADAR_C-T6189,HEDEF_2,175242.23778716018,-192643.50736635097,-117.9743937185784,-199.67755271725724,8,336.40041589633756,3.5355339059327378,False
1674.3,RADAR_B,RADAR_B-T8369,HEDEF_3_MANEVRA,101443.21550878542,-184692.6475750528,-112.36416729949158,209.90399943725265,6,405.2619508541257,6.1825125572116635,False
1674.89,RADAR_A,RADAR_A-T1733,PGT549U,114759.83935946773,-192956.18122755058,113.76357101732476,-196.9816168400035,14,199.89108663441334,0.6611880635625048,False
1675.14,RADAR_B,RADAR_B-SC46433,STATIC_CLUTTER,-343950.5108436688,108108.15608565905,0.35857491170089245,-0.6754410298793531,4,648.6736521905174,10.811227536508623,True
1676.15,RADAR_A,RADAR_A-T9545,HEDEF_3_MANEVRA,101479.34434440361,-184344.4785693833,-136.29921757767696,197.92727089094961,11,205.25499408223175,1.528938460803196,False
1676.53,RADAR_A,RADAR_A-T3450,HEDEF_2,174909.89801468255,-193390.2141516856,-112.23959509103199,-195.05353210865297,13,233.47744619200043,0.8743393107950702,False
1676.75,RADAR_B,RADAR_B-T8306,HEDEF_2,174838.5904940046,-193278.1828138985,-108.3908351289812,-194.75107013004632,9,254.18705335006618,2.6736220001334834,False
1677.22,RADAR_A,RADAR_A-T1733,PGT549U,114990.15599981508,-193322.598214755,109.2648499350976,-201.6261040334408,12,208.27238991708862,1.1562054316023351,False
1678.58,RADAR_A,RADAR_A-T9545,HEDEF_3_MANEVRA,101616.65912605972,-183858.66678489922,-132.1167331215077,192.60650171167026,10,219.78707890754458,2.021831720409404,False
1679.46,RADAR_A,RADAR_A-T3450,HEDEF_2,174959.4146519398,-193610.93239352747,-117.19105726154427,-199.9265000575181,12,238.02118383385786,1.1562054316023351,False
1680.04,RADAR_A,RADAR_A-T1733,PGT549U,115127.78584648776,-194100.14213869075,113.4656469493556,-195.26005023104602,13,203.8055835740296,0.8743393107950702,False
1680.66,RADAR_A,RADAR_A-T9545,HEDEF_3_MANEVRA,102009.89084384627,-183380.99189663114,-76.71030054444137,197.8767055468897,11,204.82373500730534,1.528938460803196,False
1680.95,RADAR_A,RADAR_A-T3450,HEDEF_2,174566.35498874815,-194000.2427275772,-117.06683163528132,-201.15664594667945,13,233.74236954433096,0.8743393107950702,False
1681.24,RADAR_B,RADAR_B-T8369,HEDEF_3_MANEVRA,101926.74471044414,-183018.38951255605,-35.11457632080116,203.79626608084288,5,516.6476202871082,8.1756070113073,False
1682.77,RADAR_B,RADAR_B-T8306,HEDEF_2,174401.2982227839,-194369.526061581,-104.32729765282158,-191.57246525810925,9,254.6033214260558,2.6736220001334834,False
1682.85,RADAR_C,RADAR_C-T6189,HEDEF_2,174118.93476102996,-194102.66541330898,-91.59147083592845,-179.6192492749865,6,454.0839758330561,6.1825125572116635,False
1683.17,RADAR_A,RADAR_A-T3450,HEDEF_2,174243.71379952322,-194671.03048325676,-111.02749795832977,-193.95086422867507,14,231.34379781662463,0.6611880635625048,False
1683.46,RADAR_A,RADAR_A-T1733,PGT549U,115824.31884280354,-194602.73860531833,113.05672049915404,-199.45006601718822,12,209.43540829810664,1.1562054316023351,False
1683.56,RADAR_B,RADAR_B-T7279,PGT549U,115402.99325737,-194714.82462199804,99.01522247600153,-204.1632649154925,9,237.4563167691048,2.6736220001334834,False
1684.25,RADAR_A,RADAR_A-T9545,HEDEF_3_MANEVRA,102469.55343255929,-182945.37858090384,5.265398249419235,196.8775157769223,11,204.60250468026635,1.528938460803196,False
1684.72,RADAR_C,RADAR_C-T3298,PGT549U,115728.62497366825,-194331.73596091926,114.87949981554851,-197.85780307768172,9,287.83129075610213,2.6736220001334834,False
1685.53,RADAR_A,RADAR_A-T3450,HEDEF_2,174064.10829839966,-194968.8600217066,-115.19131919595151,-197.03964996378792,14,231.48896269879188,0.6611880635625048,False
1686.44,RADAR_A,RADAR_A-T1733,PGT549U,116118.15937634645,-195203.12287433527,115.4129814484208,-195.71093357262288,13,205.0253473102773,0.8743393107950702,False
1686.49,RADAR_B,RADAR_B-T8369,HEDEF_3_MANEVRA,102875.1041385034,-182563.2580080983,37.35442315950223,188.67384665201405,6,404.60282069191226,6.1825125572116635,False
1686.57,RADAR_B,RADAR_B-T8306,HEDEF_2,173711.8338301323,-194956.3736326621,-119.82130210448591,-205.3054626581834,9,254.86763952067562,2.6736220001334834,False
1686.86,RADAR_A,RADAR_A-T9545,HEDEF_3_MANEVRA,102832.69433753418,-182450.03315136684,56.24379121622222,190.9489212418424,11,204.44396274434558,1.528938460803196,False
1688.35,RADAR_A,RADAR_A-T1733,PGT549U,116228.31519413149,-195678.6378593996,112.27055418696207,-196.21319382287373,13,205.39078670715574,0.8743393107950702,False
1688.36,RADAR_A,RADAR_A-T3450,HEDEF_2,173711.4683567338,-195504.7998721023,-113.46771567991783,-194.7382141209892,13,234.19298314543445,0.8743393107950702,False
1689.7,RADAR_A,RADAR_A-T9545,HEDEF_3_MANEVRA,103865.84547577778,-181378.38893287748,122.01467525087031,192.29341439607097,11,204.27362840441282,1.528938460803196,False
1690.76,RADAR_B,RADAR_B-SC46433,STATIC_CLUTTER,-343939.8917406765,108109.03222267378,0.26606698602384277,0.518901580722385,3,857.790551951732,14.296509199195533,True
1690.77,RADAR_A,RADAR_A-T3450,HEDEF_2,173299.9787020324,-196136.96533423988,-114.26612830906815,-194.93353538152274,14,231.81353342732825,0.6611880635625048,False
1691.32,RADAR_A,RADAR_A-T1733,PGT549U,116763.60439000432,-195991.6857714119,119.39257556103183,-195.3614788623666,12,210.89939023403446,1.1562054316023351,False
1691.39,RADAR_B,RADAR_B-T1503,HEDEF_3_MANEVRA,103702.47092000794,-181361.81530282524,146.8485479333192,194.4594475531129,7,323.4283935271496,4.6753056338464924,False
1692.49,RADAR_B,RADAR_B-T8306,HEDEF_2,173339.4348515824,-196185.81006255222,-110.38958054459417,-190.23004258959367,11,218.75043894772307,1.528938460803196,False
1692.78,RADAR_A,RADAR_A-T9545,HEDEF_3_MANEVRA,104186.02128481431,-181220.27506499036,202.98301845427565,202.11072185475382,10,218.98324492829389,2.021831720409404,False
1693.22,RADAR_C,RADAR_C-T7876,HEDEF_3_MANEVRA,104290.73034102043,-180949.71313566127,177.6751069163662,190.4204653248289,7,359.2245235643933,4.6753056338464924,False
1693.37,RADAR_A,RADAR_A-T3450,HEDEF_2,172982.29022313145,-196502.18357699475,-115.58233131863193,-196.34394859458578,12,238.85478038633283,1.1562054316023351,False
1693.77,RADAR_A,RADAR_A-T1733,PGT549U,116930.42827559149,-196530.54372929744,114.31310461549285,-197.64649907196363,13,206.42383700158248,0.8743393107950702,False
1693.99,RADAR_B,RADAR_B-T7121,PGT549U,117083.50971170908,-196669.67668766918,138.07770745952786,-186.88334120643822,8,276.33988912734395,3.5355339059327378,False
1695.17,RADAR_A,RADAR_A-T9545,HEDEF_3_MANEVRA,104573.98254698404,-180583.1184176356,250.9469559090867,199.42757271508867,10,218.8528244526169,2.021831720409404,False
1695.68,RADAR_B,RADAR_B-T1503,HEDEF_3_MANEVRA,104764.72284730815,-180921.7300006022,197.85068329811992,171.19184538957828,5,516.1230802595171,8.1756070113073,False
1696.54,RADAR_A,RADAR_A-T1733,PGT549U,117472.05223607227,-197113.9950613701,117.8060543699643,-194.92493709928078,14,204.08571614738395,0.6611880635625048,False
1696.69,RADAR_A,RADAR_A-T3450,HEDEF_2,172562.72577493402,-197391.65897558394,-118.99422662531691,-195.32706519855083,14,232.18525465764256,0.6611880635625048,False
1697.88,RADAR_A,RADAR_A-T9545,HEDEF_3_MANEVRA,105379.78932700929,-180047.78324658595,312.0040621941723,193.2565552460664,10,218.70659209947902,2.021831720409404,False
1699.8,RADAR_A,RADAR_A-T1733,PGT549U,117579.65721931505,-197786.26140817965,119.24763527317133,-194.38370041214546,14,204.71631460970758,0.6611880635625048,False
1699.93,RADAR_A,RADAR_A-T3450,HEDEF_2,172161.60281515136,-197809.39657110185,-113.07177845769037,-194.44425244975335,12,239.25774114527687,1.1562054316023351,False
1699.97,RADAR_A,RADAR_A-SC62965,STATIC_CLUTTER,-331734.70624320384,-102111.16518043948,0.35875678841259123,0.06352038367156419,2,1134.321747974356,18.905362466239264,True
1700.25,RADAR_A,RADAR_A-T9545,HEDEF_3_MANEVRA,105877.26006142278,-179565.25850591445,374.70708983083784,199.8925245098648,10,218.5802485958765,2.021831720409404,False
1700.27,RADAR_B,RADAR_B-T1503,HEDEF_3_MANEVRA,105534.00139607601,-179397.74611293583,370.5891149459517,197.91051270370264,7,322.92440129453655,4.6753056338464924,False
1701.8,RADAR_A,RADAR_A-T3450,HEDEF_2,172147.8898511643,-198209.70225402823,-116.38726151955814,-195.34943515554022,14,232.5105889580103,0.6611880635625048,False
1702.42,RADAR_A,RADAR_A-T9545,HEDEF_3_MANEVRA,105861.81522744757,-179251.0365561565,413.547888123775,192.72097373415392,9,242.37312331851967,2.6736220001334834,False
1702.54,RADAR_C,RADAR_C-T7876,HEDEF_3_MANEVRA,105985.0992124549,-179016.3150149524,383.5438215686534,191.92559361095329,7,358.62881703018576,4.6753056338464924,False
1702.58,RADAR_B,RADAR_B-T6979,HEDEF_2,171960.7527488584,-198356.63713770773,-109.07084971479088,-187.58268009049456,9,256.0037054997209,2.6736220001334834,False
1702.67,RADAR_A,RADAR_A-T1733,PGT549U,117868.13494502104,-198394.57824471226,114.99943852168542,-196.37640202820836,14,205.27177117027878,0.6611880635625048,False
1704.66,RADAR_A,RADAR_A-T9545,HEDEF_3_MANEVRA,106506.57241331355,-179021.6999857673,467.2307914626186,196.31649942338174,10,218.34864941900761,2.021831720409404,False
1705.0,RADAR_A,RADAR_A-T1733,PGT549U,118348.87823906953,-198680.94667260835,120.00262166293889,-193.89131532115468,14,205.72397580057842,0.6611880635625048,False
1705.75,RADAR_B,RADAR_B-T1503,HEDEF_3_MANEVRA,106950.70423763125,-178558.88271357518,474.5832780427213,194.86392058342932,9,226.11242318581964,2.6736220001334834,False
1706.88,RADAR_A,RADAR_A-T9545,HEDEF_3_MANEVRA,107529.71737819955,-178012.97700042842,509.4820328991137,197.08097407957078,11,203.37601011634825,1.528938460803196,False
1706.97,RADAR_A,RADAR_A-T9963,HEDEF_2,171713.52659563185,-199154.40237400655,-113.37775457485213,-188.3730301331686,11,247.091304530961,1.528938460803196,False
1707.56,RADAR_A,RADAR_A-T1733,PGT549U,118423.28505058783,-199563.2924566095,117.399857537492,-195.05294867884515,10,235.94418203252886,2.021831720409404,False
1708.12,RADAR_B,RADAR_B-T6979,HEDEF_2,171320.2640795726,-199117.8174116111,-174.6345233246903,-229.31485506988992,7,344.5202673228627,4.6753056338464924,False
1708.73,RADAR_A,RADAR_A-T9545,HEDEF_3_MANEVRA,107684.4043196589,-178307.8216698245,555.9124629796764,195.32770347594396,10,218.48907142886918,2.021831720409404,False
1709.92,RADAR_A,RADAR_A-T9963,HEDEF_2,171089.33714945434,-199901.71324100386,-140.77363428170565,-207.16627408792698,9,280.0804808363024,2.6736220001334834,False
1709.96,RADAR_A,RADAR_A-T1733,PGT549U,118649.95591813952,-199941.5857100251,131.23082297664666,-184.71815359904045,11,222.6304940781138,1.528938460803196,False
1710.28,RADAR_B,RADAR_B-T1503,HEDEF_3_MANEVRA,108507.04056432469,-177456.49567669604,576.4411522965963,191.0791150972076,7,322.5583748595405,4.6753056338464924,False
1710.8,RADAR_C,RADAR_C-SC05477,STATIC_CLUTTER,55126.21255435524,53311.55108087458,-0.40711143434251135,0.5375402645646556,3,857.790551951732,14.296509199195533,True
1710.86,RADAR_A,RADAR_A-T9545,HEDEF_3_MANEVRA,109471.26340168461,-177489.3620289435,588.4038601780703,191.1433998944889,9,242.57733192733886,2.6736220001334834,False
1712.28,RADAR_A,RADAR_A-T9963,HEDEF_2,171261.48117200515,-200222.7948652473,-129.9767095419996,-193.57236166204086,10,259.7807843297542,2.021831720409404,False
1712.45,RADAR_A,RADAR_A-T1733,PGT549U,119039.35195285147,-200200.85202024537,134.52813750330463,-185.327211790974,10,236.78526046552702,2.021831720409404,False
1713.35,RADAR_B,RADAR_B-T6979,HEDEF_2,170868.4532783249,-200518.0936727336,-118.1617115261801,-186.99867476992682,7,344.76660307279775,4.6753056338464924,False
1713.5,RADAR_A,RADAR_A-T9545,HEDEF_3_MANEVRA,110963.43039618732,-177040.146996216,634.7607601842548,190.49437129225385,11,204.11511801223924,1.528938460803196,False
1713.93,RADAR_C,RADAR_C-T3470,PGT549U,119291.8702712974,-200553.7723735451,132.60605354499336,-181.82043726250896,7,372.243947234565,4.6753056338464924,False
1714.36,RADAR_A,RADAR_A-T9963,HEDEF_2,170364.8187403731,-200725.15503959777,-131.67607761806977,-186.93705806130976,9,280.2515893066838,2.6736220001334834,False
1714.57,RADAR_B,RADAR_B-T1083,PGT549U,118818.0443566408,-200367.62130573558,83.05936955694298,-198.9580949073629,6,412.79249878530516,6.1825125572116635,False
1714.63,RADAR_A,RADAR_A-T1733,PGT549U,119424.39881441052,-200596.11063996743,137.1449409464149,-189.60222470017544,9,259.35060420479664,2.6736220001334834,False
1715.38,RADAR_C,RADAR_C-T7876,HEDEF_3_MANEVRA,111504.36233870286,-177231.9782874352,618.9996654685822,174.7019169165038,5,538.9365579299391,8.1756070113073,False
1715.48,RADAR_B,RADAR_B-T1503,HEDEF_3_MANEVRA,111569.80588934233,-176138.29583373704,674.4911301322206,180.65067116421326,5,515.7710947347413,8.1756070113073,False
1716.16,RADAR_A,RADAR_A-T9545,HEDEF_3_MANEVRA,112690.16417017899,-176925.1484040569,668.8871110848593,182.2589666346672,11,204.53468893401796,1.528938460803196,False
1717.21,RADAR_B,RADAR_B-SC55470,STATIC_CLUTTER,100575.58456633404,207800.46814029317,-0.2920746447714275,-0.907197270173156,1,1500.0,25.0,True
1717.22,RADAR_A,RADAR_A-T9963,HEDEF_2,169926.4371129832,-201271.1122732524,-139.65266855521736,-177.14219699599576,9,280.3439757350549,2.6736220001334834,False
1717.46,RADAR_A,RADAR_A-T1733,PGT549U,119937.9865124285,-201375.6360868479,140.29015019214904,-179.81709148259628,10,237.64869903652058,2.021831720409404,False
1718.08,RADAR_B,RADAR_B-T6979,HEDEF_2,169772.31182775326,-201337.91805861267,-132.8341807318471,-169.58767740213176,7,344.9561218726485,4.6753056338464924,False
1718.13,RADAR_A,RADAR_A-T9545,HEDEF_3_MANEVRA,114119.11098491964,-176116.78736190888,693.8579599542703,178.7783052007412,11,204.85142417647495,1.528938460803196,False
1719.98,RADAR_A,RADAR_A-T9545,HEDEF_3_MANEVRA,115622.14770282854,-175856.84860603733,691.7894925597624,163.6091465796452,9,243.79281915391218,2.6736220001334834,False
1720.24,RADAR_A,RADAR_A-T1733,PGT549U,119946.4494711112,-201643.29685487176,143.66183774839845,-180.5675896753896,9,260.2228523077008,2.6736220001334834,False
1721.96,RADAR_A,RADAR_A-T7607,HEDEF_2,169010.65685381956,-201798.673496913,-145.8775363279118,-163.3477286451288,9,280.4439451013586,2.6736220001334834,False
1722.9,RADAR_A,RADAR_A-T1733,PGT549U,120743.30964505544,-202102.9978515652,152.3922589199178,-168.79352558874098,11,224.95936186619554,1.528938460803196,False
1723.15,RADAR_B,RADAR_B-T6979,HEDEF_2,168698.52460693108,-201945.75810882892,-159.10917441097502,-170.30174840922186,6,421.92204958436423,6.1825125572116635,False
1723.17,RADAR_A,RADAR_A-T9545,HEDEF_3_MANEVRA,117827.77406992635,-175147.9841920342,742.3706684930221,175.01363269413022,9,244.35708111894994,2.6736220001334834,False
1723.37,RADAR_B,RADAR_B-T5478,PGT549U,120482.38632017066,-201345.79678833726,135.02710269862627,-171.33579271903645,6,413.5105196214443,6.1825125572116635,False
1724.13,RADAR_B,RADAR_B-T6801,HEDEF_3_MANEVRA,117873.94293959253,-175368.3733270506,738.6905207652582,164.54676982999715,9,226.6021786858366,2.6736220001334834,False
1724.84,RADAR_C,RADAR_C-T7876,HEDEF_3_MANEVRA,118140.59491403525,-175309.98464556754,753.6716700500833,174.45747207481222,6,433.4262299705058,6.1825125572116635,False
1725.16,RADAR_A,RADAR_A-T1733,PGT549U,121332.49688458454,-202596.03327285947,159.2435106975856,-163.6280958711728,11,225.35748782971515,1.528938460803196,False
1725.28,RADAR_A,RADAR_A-T7607,HEDEF_2,168435.3915163397,-202346.16263973239,-156.98795055794187,-159.0086687759908,9,280.4922660646805,2.6736220001334834,False
1725.92,RADAR_A,RADAR_A-T9545,HEDEF_3_MANEVRA,119820.10295047883,-174644.19849881166,758.4017620073789,165.9255336923458,9,244.8855582009732,2.6736220001334834,False
1726.23,RADAR_C,RADAR_C-T8102,HEDEF_2,168796.34643995302,-202283.12037087546,-156.16026826473876,-159.0744755670414,4,700.9095857135462,10.811227536508623,False
1727.16,RADAR_B,RADAR_B-T5478,PGT549U,121321.15991201633,-202664.06043922633,146.1640357512515,-166.18113473933232,8,280.41938672587514,3.5355339059327378,False
1727.19,RADAR_A,RADAR_A-T7607,HEDEF_2,168689.34799961775,-202900.99522772402,-157.8055847060939,-153.5403235899284,9,280.5040822444427,2.6736220001334834,False
1727.47,RADAR_B,RADAR_B-T6979,HEDEF_2,168500.21061431765,-202807.07170863598,-157.58604436434518,-161.6399773714235,5,530.2030292201127,8.1756070113073,False
1727.96,RADAR_A,RADAR_A-T1733,PGT549U,121858.92407109191,-202732.16010301906,159.37206833179832,-162.89920370973078,11,225.85480573361062,1.528938460803196,False
1728.48,RADAR_A,RADAR_A-T9545,HEDEF_3_MANEVRA,121509.10016526008,-174702.51266327497,760.478606058105,157.48049885585453,10,221.8315920541553,2.021831720409404,False
1729.98,RADAR_A,RADAR_A-T1733,PGT549U,122269.74980590168,-203003.78537635275,161.11242198875595,-159.75584837011462,11,226.20797517997858,1.528938460803196,False
1730.11,RADAR_B,RADAR_B-T6801,HEDEF_3_MANEVRA,122426.54896285722,-174295.56171861212,778.0022318438888,161.36470988519926,9,227.10657177405056,2.6736220001334834,False
1730.23,RADAR_A,RADAR_A-T7607,HEDEF_2,167843.7429432802,-203251.2252031886,-164.53996505597496,-155.92143506448653,11,247.73825192345004,1.528938460803196,False
1731.24,RADAR_A,RADAR_A-T9545,HEDEF_3_MANEVRA,122732.0012539294,-174136.58520581995,767.7599665030477,155.62636311365202,10,221.9702408705447,2.021831720409404,False
1732.33,RADAR_C,RADAR_C-T7876,HEDEF_3_MANEVRA,123574.87236422494,-174839.2280476674,741.4006174229232,144.86166551573203,5,539.6363255386938,8.1756070113073,False
1732.37,RADAR_A,RADAR_A-T7607,HEDEF_2,167495.8750603185,-203697.44313202682,-169.14185456519175,-158.71641551085582,10,260.1539623518445,2.021831720409404,False
1732.97,RADAR_A,RADAR_A-T1733,PGT549U,122300.52529141771,-203604.0082746251,156.29423990962235,-161.548299976488,10,240.20957670847497,2.021831720409404,False
1732.97,RADAR_B,RADAR_B-T6979,HEDEF_2,167406.47344049532,-203393.46725922383,-165.21417341948305,-152.8355822956245,9,257.49639197383596,2.6736220001334834,False
1733.37,RADAR_B,RADAR_B-SC55470,STATIC_CLUTTER,100583.48424906022,207797.0649339435,0.802785437472019,0.7710574724122932,3,857.790551951732,14.296509199195533,True
1735.04,RADAR_A,RADAR_A-T7607,HEDEF_2,167139.88325402854,-204060.21245584212,-151.45214276330688,-142.4089754272619,9,280.54371513489514,2.6736220001334834,False
1735.3,RADAR_A,RADAR_A-T6716,HEDEF_3_MANEVRA,123278.39420752632,-173534.63163699413,761.9307337126404,153.23135874388606,10,221.86871529176395,2.021831720409404,False
1735.53,RADAR_B,RADAR_B-T6801,HEDEF_3_MANEVRA,123076.12203337422,-173644.83831860195,793.0626762167693,157.27387997536698,6,404.1441863272175,6.1825125572116635,False
1735.56,RADAR_B,RADAR_B-T7896,PGT549U,122171.23311075426,-204047.11874584312,165.83291698447516,-158.74521042163173,8,281.37466764243055,3.5355339059327378,False
1737.1,RADAR_B,RADAR_B-T6979,HEDEF_2,166738.30998819188,-204053.3264130802,-172.3423142270221,-156.28858401705094,9,257.61197002270444,2.6736220001334834,False
1737.34,RADAR_A,RADAR_A-T6716,HEDEF_3_MANEVRA,123818.60718899529,-173117.74472136915,775.3505624897749,166.50044723357507,9,245.39978047376925,2.6736220001334834,False
1737.88,RADAR_A,RADAR_A-T7607,HEDEF_2,166577.13985535424,-204597.89258881283,-181.72072112632026,-169.87887875776153,9,280.5582252991635,2.6736220001334834,False
1738.04,RADAR_C,RADAR_C-T8102,HEDEF_2,166813.83587434428,-204367.1426905424,-179.25242893039956,-153.49042213020616,5,558.0012103261244,8.1756070113073,False
1738.9,RADAR_A,RADAR_A-T9060,PGT549U,123363.8924850446,-204453.9119856861,172.49736449904935,-150.86844764837207,11,227.72280747423002,1.528938460803196,False
1739.02,RADAR_A,RADAR_A-T6716,HEDEF_3_MANEVRA,123754.63816741074,-173001.43430446796,771.9419097539215,158.194777711144,11,207.08645300569614,1.528938460803196,False
1740.02,RADAR_B,RADAR_B-T6801,HEDEF_3_MANEVRA,123924.62876002083,-172897.9885564309,768.1672236169806,164.86276172368684,8,265.7697977845428,3.5355339059327378,False
1740.6,RADAR_A,RADAR_A-T7607,HEDEF_2,166032.53453461963,-205002.67439184993,-174.9831098560358,-157.9475330826632,10,260.19931167124935,2.021831720409404,False
1740.81,RADAR_B,RADAR_B-T7896,PGT549U,123327.94312292924,-204437.7670113665,160.41757825928295,-156.70957631049063,8,281.9650659864345,3.5355339059327378,False
1740.88,RADAR_C,RADAR_C-T2278,PGT549U,123757.81155701204,-205805.25464399805,195.4790523191,-161.82433642516924,3,893.3647600657141,14.296509199195533,False
1741.88,RADAR_A,RADAR_A-T6716,HEDEF_3_MANEVRA,124013.74235311586,-172730.52156172218,761.3298046354126,150.175821219785,11,207.01306404461613,1.528938460803196,False
1742.47,RADAR_C,RADAR_C-T8102,HEDEF_2,165673.8877575079,-203732.08673327081,-251.81378947823933,-151.62925149805523,3,898.1281263540249,14.296509199195533,False
1743.09,RADAR_A,RADAR_A-T7607,HEDEF_2,165942.65095409926,-205331.1900965572,-166.47411437333704,-155.2971676922898,9,280.5876571145266,2.6736220001334834,False
1743.71,RADAR_B,RADAR_B-T6979,HEDEF_2,165678.7777571569,-205241.67123005763,-159.38201183246565,-165.53463964660958,6,422.2945396555495,6.1825125572116635,False
1744.16,RADAR_A,RADAR_A-T6716,HEDEF_3_MANEVRA,124615.54987384203,-172108.13303695826,749.2346879721165,144.40148039809873,9,245.25252377653197,2.6736220001334834,False
1744.9,RADAR_A,RADAR_A-T5522,PGT549U,124206.38793681955,-205297.41632224285,157.96114732700084,-161.48699212172102,10,242.12370758709847,2.021831720409404,False
1745.23,RADAR_B,RADAR_B-T7896,PGT549U,124444.72911107514,-205482.20429769866,176.19012951153684,-153.44059265956332,9,246.00703814774326,2.6736220001334834,False
1745.48,RADAR_A,RADAR_A-T7607,HEDEF_2,165385.2886486477,-205741.656185764,-166.9077710332735,-154.53647451172344,10,260.2308592679561,2.021831720409404,False
1746.8,RADAR_A,RADAR_A-T6716,HEDEF_3_MANEVRA,125079.12137223939,-172084.3072982727,758.8030849984732,145.1930026079254,9,245.19716849846884,2.6736220001334834,False
1747.02,RADAR_C,RADAR_C-T7876,HEDEF_3_MANEVRA,124835.73723769045,-172004.5857577666,770.8964347181111,159.98562132017935,7,358.98026453007355,4.6753056338464924,False
1747.18,RADAR_A,RADAR_A-T7607,HEDEF_2,165314.75096705742,-205781.38455430302,-167.83188839821912,-151.4357976686057,10,260.2426365884516,2.021831720409404,False
1749.37,RADAR_A,RADAR_A-T7607,HEDEF_2,164755.0696408879,-206021.27549023888,-162.59836389148398,-153.26937586017715,11,247.85866665515823,1.528938460803196,False
1749.69,RADAR_A,RADAR_A-T3006,PGT549U,125302.39023092201,-206195.000256391,165.51451689619742,-151.62105376116844,10,242.89416889737203,2.021831720409404,False
1751.01,RADAR_B,RADAR_B-T6722,HEDEF_3_MANEVRA,125289.10877774886,-171381.77903233533,750.0719805951953,145.62621604771306,5,515.7851630984696,8.1756070113073,False
1751.61,RADAR_A,RADAR_A-T8478,HEDEF_3_MANEVRA,125813.5643277676,-171047.73839349797,764.5864465318082,156.96422917578946,9,245.09865509755502,2.6736220001334834,False
1751.95,RADAR_A,RADAR_A-T7607,HEDEF_2,164486.48986757634,-206432.55727867564,-169.12675309499699,-157.35125093278796,11,247.87924703458532,1.528938460803196,False
1752.34,RADAR_A,RADAR_A-T3006,PGT549U,125630.38024935588,-206459.50283388764,171.27859520438832,-153.73282916083164,11,230.00955390760893,1.528938460803196,False
1752.94,RADAR_C,RADAR_C-T2278,PGT549U,125413.02929449704,-206341.59301751867,205.9146075775124,-145.57774986680323,5,551.340774462279,8.1756070113073,False
1754.09,RADAR_A,RADAR_A-T7607,HEDEF_2,163858.01434232396,-206835.98220126715,-168.82652483027636,-156.66790138552608,11,247.8970591430005,1.528938460803196,False
1754.15,RADAR_A,RADAR_A-T8478,HEDEF_3_MANEVRA,125982.13579610283,-170803.42588685956,769.1449769760834,155.60327221291834,11,206.7130811421209,1.528938460803196,False
1754.71,RADAR_A,RADAR_A-T3006,PGT549U,125861.21097992323,-206826.73367724428,170.9216252794036,-156.59880808248366,9,265.3456329856934,2.6736220001334834,False
1755.3,RADAR_C,RADAR_C-T8102,HEDEF_2,164525.87771436304,-207746.31628995977,-111.57348696770858,-144.95573880633196,3,898.2779773330612,14.296509199195533,False
1755.78,RADAR_B,RADAR_B-T7236,HEDEF_2,164116.14409772793,-207338.8399225692,-161.82094198656813,-140.7213657766105,6,422.5164569156999,6.1825125572116635,False
1755.86,RADAR_A,RADAR_A-SC62965,STATIC_CLUTTER,-331745.7687964453,-102133.81799632355,-0.8346324389713715,-0.7362430136484956,2,1134.321747974356,18.905362466239264,True
1755.86,RADAR_A,RADAR_A-SC14575,STATIC_CLUTTER,-336580.19437567797,-43805.11172231246,-0.06503520996406598,0.2128463915816975,4,648.6736521905174,10.811227536508623,True
1756.09,RADAR_A,RADAR_A-T8478,HEDEF_3_MANEVRA,126453.60132306734,-170659.14966538353,757.9542882029924,150.80233698218808,11,206.66764227980744,1.528938460803196,False
1756.63,RADAR_A,RADAR_A-T7607,HEDEF_2,163609.07491128656,-207061.27485009353,-151.28017688003317,-141.43867797132833,10,260.3159801045555,2.021831720409404,False
1756.67,RADAR_C,RADAR_C-T2278,PGT549U,125858.71290653292,-207203.26785338714,178.36049929493498,-155.421514528967,7,377.3196911680218,4.6753056338464924,False
1756.77,RADAR_B,RADAR_B-T7282,HEDEF_3_MANEVRA,126463.51928684849,-170571.27162389958,772.9423348451177,160.2455445783336,8,265.1289359689033,3.5355339059327378,False
1756.88,RADAR_A,RADAR_A-T3006,PGT549U,126125.46815787489,-207140.39234347906,167.62128435277674,-150.5093400528706,10,244.0522449514804,2.021831720409404,False
1756.95,RADAR_C,RADAR_C-T7876,HEDEF_3_MANEVRA,126492.21177246816,-170095.60790351356,764.7881159935869,150.4878370333672,7,358.6103194332714,4.6753056338464924,False
1757.53,RADAR_B,RADAR_B-SC55470,STATIC_CLUTTER,100569.71496108343,207791.62256755205,0.36437936823541534,-0.507428455702428,1,1500.0,25.0,True
1757.53,RADAR_B,RADAR_B-SC69319,STATIC_CLUTTER,389164.37400926935,-173926.21886465317,0.9268516963862533,0.04943693526800021,1,1500.0,25.0,True
1758.1,RADAR_A,RADAR_A-T8478,HEDEF_3_MANEVRA,126656.12247013085,-170009.80280491032,771.4830576972845,155.1638289817991,10,221.343424666559,2.021831720409404,False
1758.4,RADAR_C,RADAR_C-T2278,PGT549U,126495.39181427448,-207057.76099623935,166.85523661007272,-153.4755620951685,7,377.52114851216817,4.6753056338464924,False
1758.95,RADAR_A,RADAR_A-T7607,HEDEF_2,163269.0110182953,-207456.5584820579,-164.9788121148994,-152.01446162651214,11,247.94011304326486,1.528938460803196,False
1759.34,RADAR_A,RADAR_A-T3006,PGT549U,126627.74678447674,-207588.62455547886,167.67113370023566,-155.7947022467604,10,244.44888867503587,2.021831720409404,False
1760.37,RADAR_A,RADAR_A-T8478,HEDEF_3_MANEVRA,126990.75123370484,-169716.19780424886,769.7067319242575,160.02766808476872,10,221.29541793631645,2.021831720409404,False
1761.1,RADAR_B,RADAR_B-T7236,HEDEF_2,163236.70678434888,-207411.76267830905,-154.5510537748959,-140.84075622763484,8,293.26095977451877,3.5355339059327378,False
1761.49,RADAR_A,RADAR_A-T3006,PGT549U,127338.66112846865,-207842.93440881686,167.0097999918252,-156.5100212231689,9,266.351004372418,2.6736220001334834,False
1761.7,RADAR_A,RADAR_A-T7607,HEDEF_2,162737.81288278705,-207672.22650366672,-168.8409316038851,-155.70764419011672,9,280.7228488800331,2.6736220001334834,False
1762.18,RADAR_B,RADAR_B-T7282,HEDEF_3_MANEVRA,127298.83512712651,-169780.17010066472,776.6826418589736,163.25936708505236,8,264.92913630070944,3.5355339059327378,False
1762.9,RADAR_A,RADAR_A-T8478,HEDEF_3_MANEVRA,127458.78031008394,-169233.18370128516,766.0664066848308,151.4875813846889,10,221.2427717059292,2.021831720409404,False
1763.39,RADAR_B,RADAR_B-T3291,PGT549U,127564.66879304904,-207847.42879221356,163.50426720871377,-151.42369196639373,8,284.5315370761032,3.5355339059327378,False
1763.86,RADAR_A,RADAR_A-T7607,HEDEF_2,162867.9432532019,-208009.94600907774,-165.36591641210495,-151.59702940165172,11,247.9872366172724,1.528938460803196,False
1764.39,RADAR_A,RADAR_A-T3006,PGT549U,127429.94096728317,-208423.6375821903,164.44478137045613,-156.06277620244475,9,266.7828178723854,2.6736220001334834,False
1765.4,RADAR_A,RADAR_A-T8478,HEDEF_3_MANEVRA,127497.9780422801,-169168.7318648428,761.7824876151949,148.11326958269376,9,244.83322867954095,2.6736220001334834,False
1766.57,RADAR_A,RADAR_A-T7607,HEDEF_2,162020.8588562743,-208577.89568856027,-165.18863054888922,-152.86237754730905,10,260.40711460269404,2.021831720409404,False
1766.97,RADAR_A,RADAR_A-T3006,PGT549U,128151.65367415223,-208714.50051842615,166.30258061298915,-150.85138744818858,10,245.6824576781792,2.021831720409404,False
1768.12,RADAR_A,RADAR_A-T8478,HEDEF_3_MANEVRA,128148.19652695203,-168814.58866268847,764.3600611443835,150.20625487726323,9,244.7839577373822,2.6736220001334834,False
1768.58,RADAR_B,RADAR_B-T7236,HEDEF_2,161797.11276067334,-208960.26453172122,-169.72014712691507,-150.09871214928447,7,346.1463637007226,4.6753056338464924,False
1768.61,RADAR_B,RADAR_B-T3291,PGT549U,128940.55054150634,-209663.9249952682,137.65461195112863,-156.12086642619747,6,417.01855389775886,6.1825125572116635,False
1768.94,RADAR_A,RADAR_A-T7607,HEDEF_2,161618.90862026392,-208826.29677937672,-174.22492209170994,-157.8519486852775,11,248.039833439852,1.528938460803196,False
1768.96,RADAR_B,RADAR_B-T7282,HEDEF_3_MANEVRA,127851.54626425973,-168451.739487277,769.1747598972969,154.87941219746284,8,264.6837921074304,3.5355339059327378,False
1769.37,RADAR_A,RADAR_A-T3006,PGT549U,128641.65859517653,-209139.30430770793,171.43475041873472,-151.59384069094517,10,246.0717489068692,2.021831720409404,False
1769.76,RADAR_C,RADAR_C-T7876,HEDEF_3_MANEVRA,128342.50111755427,-168755.9525437393,753.6170823442043,147.5829568956511,7,358.1456678741137,4.6753056338464924,False
1770.7,RADAR_A,RADAR_A-T8478,HEDEF_3_MANEVRA,128384.9350553678,-168225.90958197057,767.2409455777234,157.79926014826248,10,221.08632948799232,2.021831720409404,False
1771.32,RADAR_A,RADAR_A-T7607,HEDEF_2,160936.95421548167,-209438.58333793026,-162.0110571507713,-152.2407722878349,11,248.065935468458,1.528938460803196,False
1771.78,RADAR_A,RADAR_A-T3006,PGT549U,128449.63666087168,-209568.3755344215,170.9701505334919,-154.1008987088924,9,267.8825142923636,2.6736220001334834,False
1772.99,RADAR_A,RADAR_A-T7607,HEDEF_2,160637.15346176893,-209777.00316122686,-159.20326948191996,-148.93514507592425,10,260.4737357579834,2.021831720409404,False
1773.09,RADAR_B,RADAR_B-SC55470,STATIC_CLUTTER,100567.96747871776,207799.35837970945,0.5494091177542598,0.102785685613909,4,648.6736521905174,10.811227536508623,True
1773.31,RADAR_A,RADAR_A-T8478,HEDEF_3_MANEVRA,128996.61883853626,-168141.36032105205,764.0582672151959,153.66668425820825,10,221.03594414174245,2.021831720409404,False
1773.32,RADAR_B,RADAR_B-T7236,HEDEF_2,160576.90042046114,-209474.66371582006,-112.37447626381692,-123.80007730736602,5,530.8803832490091,8.1756070113073,False
1774.27,RADAR_A,RADAR_A-T3006,PGT549U,129389.8543105576,-209827.37240609247,167.37083942146995,-153.24980388084975,10,246.86560527742435,2.021831720409404,False
1775.12,RADAR_A,RADAR_A-T7607,HEDEF_2,160128.1294540444,-210148.432295567,-170.61101824015464,-156.77373795919016,10,260.4970928026359,2.021831720409404,False
1775.47,RADAR_A,RADAR_A-T8478,HEDEF_3_MANEVRA,129478.33160369185,-167661.8500925859,764.7764265128707,155.30518405397913,11,206.24811232680173,1.528938460803196,False
1776.25,RADAR_A,RADAR_A-T3006,PGT549U,129486.48413485831,-210193.39615859897,154.90254895849185,-158.77828288134924,11,234.09550882650666,1.528938460803196,False
1777.44,RADAR_C,RADAR_C-T2485,PGT549U,129820.57260376244,-210427.9796788881,136.39263832527226,-169.50360373856944,7,379.7610397605589,4.6753056338464924,False
1777.55,RADAR_B,RADAR_B-T4171,HEDEF_3_MANEVRA,129756.24781132469,-167676.52012385172,767.1079052418465,155.6397197266601,7,321.8505955781742,4.6753056338464924,False
1778.3,RADAR_B,RADAR_B-T7236,HEDEF_2,159868.82737464813,-209875.14993397205,-200.2089333828065,-172.89581302789617,7,346.3897010791193,4.6753056338464924,False
1778.52,RADAR_A,RADAR_A-T8478,HEDEF_3_MANEVRA,129462.00203302807,-167441.4710032344,755.8780576444714,149.76299780733086,11,206.18742365874485,1.528938460803196,False
1778.52,RADAR_B,RADAR_B-T5655,PGT549U,130222.83602430514,-209942.86818668028,153.12558999362827,-162.2018129838518,8,286.27751351599665,3.5355339059327378,False
1778.54,RADAR_A,RADAR_A-T3006,PGT549U,129864.40842541387,-210397.58313598737,164.13658995181152,-155.7521044216326,10,247.55941318146952,2.021831720409404,False
1780.29,RADAR_A,RADAR_A-T7102,HEDEF_2,159432.80339816882,-210781.6224734587,-165.0087964614093,-150.82146419734818,10,260.5566105809963,2.021831720409404,False
1780.99,RADAR_A,RADAR_A-T3006,PGT549U,130295.90067117108,-210822.77793925654,163.06038024788714,-156.11586649389272,10,247.95670977418408,2.021831720409404,False
1781.4,RADAR_A,RADAR_A-T8478,HEDEF_3_MANEVRA,129957.28883370663,-166719.25560482417,779.4503309690059,164.7571683283769,9,244.55747318796963,2.6736220001334834,False
1781.96,RADAR_B,RADAR_B-T4171,HEDEF_3_MANEVRA,129759.72162621979,-166469.26102451235,784.5673849604846,151.48850431606664,6,403.01523663975644,6.1825125572116635,False
1782.48,RADAR_A,RADAR_A-T7102,HEDEF_2,159454.41739258947,-210871.7385377471,-167.90608986135553,-153.03962889157026,9,280.92902813132986,2.6736220001334834,False
1782.86,RADAR_C,RADAR_C-SC05477,STATIC_CLUTTER,55117.20477597874,53284.58237669556,0.1535566724124359,0.20754308741934863,1,1500.0,25.0,True
1783.27,RADAR_C,RADAR_C-T7876,HEDEF_3_MANEVRA,129955.755373667,-166712.45192754973,786.5344302984469,166.90236668586743,7,357.6712955414237,4.6753056338464924,False
1783.51,RADAR_A,RADAR_A-T3006,PGT549U,130960.60515048628,-210959.5166846663,167.26401465592411,-153.25950085542934,11,235.3406730032136,1.528938460803196,False
1783.54,RADAR_B,RADAR_B-T7236,HEDEF_2,158855.97433754892,-210895.34084043364,-137.0009274004088,-135.14041293224278,6,423.0764424748105,6.1825125572116635,False
1783.96,RADAR_B,RADAR_B-T5655,PGT549U,130956.8966169651,-211757.0765525945,159.66063352726275,-147.52928635877313,6,418.23627391015134,6.1825125572116635,False
1784.93,RADAR_A,RADAR_A-T7102,HEDEF_2,159151.89023070395,-211135.54373779224,-167.2265361190906,-156.11403948083796,10,260.6134509222269,2.021831720409404,False
1786.01,RADAR_A,RADAR_A-T3006,PGT549U,131020.73790847344,-211424.65776139614,160.48737093132533,-158.68346629509855,9,270.01014830533643,2.6736220001334834,False
1786.97,RADAR_B,RADAR_B-SC69319,STATIC_CLUTTER,389192.79751134233,-173888.3028049612,-0.2525585972658571,-0.2096140173009735,4,648.6736521905174,10.811227536508623,True
1787.18,RADAR_C,RADAR_C-T9759,HEDEF_2,158838.35391953174,-211788.32932605335,-179.67706197046817,-165.77448841759863,7,387.95948124672805,4.6753056338464924,False
1787.22,RADAR_A,RADAR_A-T7102,HEDEF_2,158759.3304813027,-211456.27089889382,-166.53222800342277,-152.3815038882366,9,280.98431563113456,2.6736220001334834,False
1787.8,RADAR_B,RADAR_B-T7236,HEDEF_2,157907.7567338653,-211145.70084570927,-166.76788185798134,-155.9745083878089,5,531.1242250127598,8.1756070113073,False
1788.66,RADAR_A,RADAR_A-T3006,PGT549U,131369.73873699742,-211940.95498280335,163.56126059766564,-154.243317021719,10,249.20491813675773,2.021831720409404,False
1788.92,RADAR_A,RADAR_A-T1573,HEDEF_3_MANEVRA,131035.63015120903,-165973.57204674234,754.135634509592,143.085101807194,9,244.43980770175352,2.6736220001334834,False
1789.33,RADAR_A,RADAR_A-T7102,HEDEF_2,157921.5092520861,-212022.50354884882,-161.63622580724962,-147.5761090675993,11,248.29089076219043,1.528938460803196,False
1790.4,RADAR_B,RADAR_B-T5655,PGT549U,131709.30461196598,-212069.71956784057,159.27914503343447,-161.59146359402905,9,251.9578384003444,2.6736220001334834,False
1791.17,RADAR_B,RADAR_B-T3475,HEDEF_3_MANEVRA,131562.60094087417,-165441.8823945574,758.3957626831505,166.84440182633338,6,402.8120904494459,6.1825125572116635,False
1791.98,RADAR_A,RADAR_A-T1573,HEDEF_3_MANEVRA,131969.68005220997,-165290.32874212088,753.2607034144992,145.28093565279045,11,205.93760875335587,1.528938460803196,False
1792.06,RADAR_A,RADAR_A-T7102,HEDEF_2,157860.55347577063,-212240.01822199963,-166.45265401364824,-147.18305443663218,9,281.04375999002195,2.6736220001334834,False
1794.13,RADAR_A,RADAR_A-T1573,HEDEF_3_MANEVRA,131824.84629667303,-164790.20222366956,764.2218966273333,155.61046743410162,9,244.3627316650969,2.6736220001334834,False
1794.34,RADAR_A,RADAR_A-T5860,PGT549U,132771.97230011394,-212523.83350224342,164.6496262382292,-154.3277183198487,10,250.1298147911739,2.021831720409404,False
1794.64,RADAR_A,RADAR_A-T7102,HEDEF_2,156845.86548468712,-213032.2401142821,-156.90637339282955,-148.11623215631965,10,260.74231009755886,2.021831720409404,False
1794.77,RADAR_B,RADAR_B-T5655,PGT549U,132529.6012728379,-212846.33151385904,178.22695124114898,-151.92779553518315,9,252.54255882910144,2.6736220001334834,False
1795.75,RADAR_B,RADAR_B-T3475,HEDEF_3_MANEVRA,132107.66131427587,-164932.50182768333,742.4395360600046,143.30703737261123,6,402.71377402296605,6.1825125572116635,False
1796.89,RADAR_A,RADAR_A-T1573,HEDEF_3_MANEVRA,132087.95565018832,-164767.0826049566,763.1370759035199,151.25317523846036,11,205.8537554150619,1.528938460803196,False
1797.75,RADAR_B,RADAR_B-SC69319,STATIC_CLUTTER,389169.2839378385,-173915.37548561805,-0.7228022216629856,-1.7382074929464144,3,857.790551951732,14.296509199195533,True
1797.83,RADAR_A,RADAR_A-T5860,PGT549U,133059.51442700948,-213574.69321865877,169.34262721735357,-146.2535861935092,10,250.70015521791066,2.021831720409404,False
1797.96,RADAR_A,RADAR_A-T7102,HEDEF_2,156465.75157012753,-213072.4602051428,-173.66495526682976,-156.56314756308396,9,281.1206034648704,2.6736220001334834,False
1798.16,RADAR_B,RADAR_B-T6830,HEDEF_2,156758.04206489853,-213126.5209159971,-203.76166655162078,-162.8309323840702,6,423.39872642627483,6.1825125572116635,False
1798.5,RADAR_B,RADAR_B-T5655,PGT549U,133289.73769694788,-213315.99257001464,173.9817621839964,-143.04802731675773,6,419.4058132952465,6.1825125572116635,False
1799.82,RADAR_B,RADAR_B-T3475,HEDEF_3_MANEVRA,132884.10573827996,-164505.85223233682,754.7335677468664,139.30615796458076,7,321.23995538936003,4.6753056338464924,False
1800.21,RADAR_A,RADAR_A-T5860,PGT549U,133612.91773334768,-213697.03274265997,168.66683534585877,-152.86891136638792,9,272.1453895984679,2.6736220001334834,False
1800.81,RADAR_C,RADAR_C-T7925,PGT549U,133549.1300712813,-213817.81788012962,136.89754948917624,-142.97972279739412,4,698.8744601712477,10.811227536508623,False
1801.12,RADAR_A,RADAR_A-T3856,HEDEF_3_MANEVRA,133025.76422062985,-164145.28759685566,765.5734490096715,152.5689598802599,11,205.78449386167537,1.528938460803196,False
1802.25,RADAR_A,RADAR_A-T5860,PGT549U,133805.48629794273,-214056.04683342134,173.56464007347932,-150.96778767395267,9,272.45232297914765,2.6736220001334834,False
1802.69,RADAR_A,RADAR_A-T5364,HEDEF_2,155833.7559240916,-214001.6857290734,-163.826812478889,-153.8082220898359,11,248.48968318302175,1.528938460803196,False
1803.28,RADAR_B,RADAR_B-T5655,PGT549U,133674.17777818601,-213628.33419849374,145.26450037582498,-165.86267898017408,6,419.79399744616745,6.1825125572116635,False
1803.82,RADAR_A,RADAR_A-T3856,HEDEF_3_MANEVRA,133407.2629033525,-163485.36467415435,754.2020885609306,151.49973838172366,10,220.52265721652506,2.021831720409404,False
1803.85,RADAR_B,RADAR_B-T6830,HEDEF_2,155638.47512271468,-213684.1825833416,-167.10981834578135,-146.10535122023856,6,423.5292823789342,6.1825125572116635,False
1804.68,RADAR_A,RADAR_A-T5364,HEDEF_2,155454.6298860996,-214216.50495694962,-158.42954924053657,-143.67153821093078,10,260.8899308736398,2.021831720409404,False
1805.47,RADAR_A,RADAR_A-T5860,PGT549U,134354.48607658863,-214432.83324979764,171.2357628452695,-145.4875440473082,10,251.94921266871728,2.021831720409404,False
1805.9,RADAR_C,RADAR_C-T5895,HEDEF_3_MANEVRA,133503.886727472,-162993.22031576763,757.5758138737256,155.4772240025143,6,431.626567682892,6.1825125572116635,False
1806.13,RADAR_A,RADAR_A-T3856,HEDEF_3_MANEVRA,133781.71119389366,-163046.49260539282,757.2168392401464,144.73536227957703,10,220.48947530916033,2.021831720409404,False
1807.01,RADAR_A,RADAR_A-T5364,HEDEF_2,155390.02305703147,-214414.92725255503,-170.37921572764475,-155.5555650213896,10,260.9262600394048,2.021831720409404,False
1809.59,RADAR_B,RADAR_B-T4729,HEDEF_3_MANEVRA,134037.36822246097,-162558.5950713025,760.9684052696989,147.1556867521496,8,263.3300643462726,3.5355339059327378,False
1810.42,RADAR_A,RADAR_A-T4641,PGT549U,135558.9017166605,-214847.034299798,169.49100150845226,-154.11059847417386,10,252.75885958796613,2.021831720409404,False
1811.13,RADAR_A,RADAR_A-T6044,HEDEF_3_MANEVRA,134632.53017469135,-162160.17921567257,770.8146955523791,156.84315305289414,9,244.13671558585048,2.6736220001334834,False
1811.79,RADAR_A,RADAR_A-T3632,HEDEF_2,154270.3323832761,-215265.20662723784,-171.9342679932172,-151.6514860356956,11,248.64071795004514,1.528938460803196,False
1812.55,RADAR_B,RADAR_B-T7847,PGT549U,135475.09919637983,-215162.5224050894,196.13300757160226,-146.12725745942132,7,343.43798326998734,4.6753056338464924,False
1812.68,RADAR_B,RADAR_B-T7567,HEDEF_2,154140.42291899584,-215228.5019451309,-191.52013435238138,-156.9897905635372,7,347.33220053774437,4.6753056338464924,False
1813.17,RADAR_C,RADAR_C-T8835,HEDEF_2,154221.79634422538,-215109.2196711335,-156.9618712126582,-154.98510481472957,6,458.33751866025915,6.1825125572116635,False
1813.31,RADAR_A,RADAR_A-T6044,HEDEF_3_MANEVRA,135108.90414299464,-161915.3908227964,761.7857190865091,152.42285189510682,11,205.60103594072208,1.528938460803196,False
1813.34,RADAR_A,RADAR_A-T4641,PGT549U,136139.7815684437,-215539.16617250093,155.23292632460567,-156.59991326433004,9,274.12866825540266,2.6736220001334834,False
1814.12,RADAR_C,RADAR_C-T7925,PGT549U,135787.8160654651,-215793.28315802297,140.07365779358588,-169.8566222132303,4,699.7503648111344,10.811227536508623,False
1814.26,RADAR_B,RADAR_B-T4729,HEDEF_3_MANEVRA,134838.6220481809,-162030.06988934617,758.5818959707242,153.20600812543532,9,223.60960207430116,2.6736220001334834,False
1814.63,RADAR_A,RADAR_A-T3632,HEDEF_2,154019.18914063563,-215204.6155252456,-162.41649442712887,-149.43756679384902,10,261.05066692774955,2.021831720409404,False
1814.66,RADAR_C,RADAR_C-T5895,HEDEF_3_MANEVRA,134166.0319053366,-161173.612618751,745.1596134783873,153.43713810638155,4,685.0358209632798,10.811227536508623,False
1815.47,RADAR_A,RADAR_A-T6044,HEDEF_3_MANEVRA,135582.6015062947,-161659.72970989312,765.43787971791,153.4315946428506,10,220.36335005101463,2.021831720409404,False
1817.06,RADAR_A,RADAR_A-T3632,HEDEF_2,153379.75540458577,-215714.33021983932,-162.52336099838107,-149.9460356382613,9,281.4013591754418,2.6736220001334834,False
1817.91,RADAR_A,RADAR_A-T9823,PGT549U,136381.70123519909,-215775.8961299072,172.66841849650612,-148.4676251858278,10,253.98789421692894,2.021831720409404,False
1817.93,RADAR_A,RADAR_A-T6044,HEDEF_3_MANEVRA,135669.57987807746,-161570.51742440058,778.3580378954365,163.13168401196987,9,244.05727044148588,2.6736220001334834,False
1818.52,RADAR_B,RADAR_B-T4729,HEDEF_3_MANEVRA,135607.83307377755,-161323.1908605653,779.816645402266,148.94217547795267,8,263.0592148451208,3.5355339059327378,False
1819.11,RADAR_A,RADAR_A-T3632,HEDEF_2,152926.38952902134,-216506.686619043,-177.25710861832283,-151.06553170672183,9,281.43437892508484,2.6736220001334834,False
1819.96,RADAR_A,RADAR_A-T9823,PGT549U,136962.1899588642,-216412.07688036765,172.74365831104072,-152.77001909004878,11,241.62053502663943,1.528938460803196,False
1820.28,RADAR_A,RADAR_A-T6044,HEDEF_3_MANEVRA,136156.81115394394,-160901.95004738815,748.7722126990295,142.22775609831484,9,244.03130278665284,2.6736220001334834,False
1820.51,RADAR_B,RADAR_B-T4428,HEDEF_2,152593.84682839655,-216580.50025964138,-169.52770277354688,-154.2873784755207,7,347.56457971506336,4.6753056338464924,False
1821.08,RADAR_B,RADAR_B-T2859,PGT549U,136925.58057922742,-216505.88678332884,166.33981115264484,-155.30515019125377,9,256.09432848475655,2.6736220001334834,False
1821.44,RADAR_A,RADAR_A-T3632,HEDEF_2,152767.78057042364,-216822.5429879611,-157.69438423081615,-143.5984624723469,9,281.4725916010106,2.6736220001334834,False
1822.38,RADAR_C,RADAR_C-T8835,HEDEF_2,153073.78291359943,-216988.9096784529,-70.98094699555003,-124.69531589776638,3,899.174735901466,14.296509199195533,False
1822.49,RADAR_A,RADAR_A-T6044,HEDEF_3_MANEVRA,136124.60291349608,-160695.04794212317,771.5616083284002,160.49985943621357,9,244.0075187083769,2.6736220001334834,False
1823.15,RADAR_B,RADAR_B-T4729,HEDEF_3_MANEVRA,136486.63923677462,-161143.27056577426,716.9857494267762,132.6374658983206,6,402.1602139802898,6.1825125572116635,False
1823.65,RADAR_B,RADAR_B-T4428,HEDEF_2,152389.2974296049,-216889.878048805,-163.835218233425,-152.0025545815107,9,260.59616802080416,2.6736220001334834,False
1824.13,RADAR_A,RADAR_A-T3632,HEDEF_2,152050.1505892261,-217166.15632225748,-167.35502045734557,-151.61666112712285,11,248.86548243180832,1.528938460803196,False
1824.76,RADAR_A,RADAR_A-T3786,PGT549U,137817.84255898,-217304.8700326048,167.92462380580173,-150.01197502106095,11,242.4505054518404,1.528938460803196,False
1825.03,RADAR_C,RADAR_C-T7925,PGT549U,137589.81420326617,-217618.4609666621,196.28366203791273,-137.22540207616348,4,700.4751489516384,10.811227536508623,False
1825.39,RADAR_B,RADAR_B-T2859,PGT549U,137748.9475403021,-217095.55006844367,190.18554795704404,-148.46192170756134,6,421.6114291854083,6.1825125572116635,False
1825.45,RADAR_A,RADAR_A-T6044,HEDEF_3_MANEVRA,136801.99941804202,-160230.62864353912,760.752724838333,149.010406327154,10,220.24310353262825,2.021831720409404,False
1826.83,RADAR_A,RADAR_A-T3632,HEDEF_2,151623.02381372085,-217352.9359533738,-172.87380665388093,-157.3155055730189,11,248.91776605690868,1.528938460803196,False
1826.83,RADAR_B,RADAR_B-SC46433,STATIC_CLUTTER,-343957.78451606515,108112.774229248,-0.8110283550200073,-0.7740530886553664,4,648.6736521905174,10.811227536508623,True
1828.16,RADAR_A,RADAR_A-T6044,HEDEF_3_MANEVRA,137131.78752936574,-159719.96512267267,763.6316605388805,153.85098891234236,9,243.94955140915178,2.6736220001334834,False
1828.76,RADAR_B,RADAR_B-T4428,HEDEF_2,151603.0352599302,-217558.07474597963,-183.58344500102808,-161.155811525218,5,531.8946680905968,8.1756070113073,False
1829.55,RADAR_A,RADAR_A-T3658,PGT549U,138826.713084403,-217972.23823310673,164.84449706016738,-149.63932058609183,10,255.9007086283132,2.021831720409404,False
1829.68,RADAR_A,RADAR_A-T3632,HEDEF_2,151413.85143959636,-217825.69937409772,-175.58330573456018,-160.7764850580254,9,281.61356672038227,2.6736220001334834,False
1830.23,RADAR_A,RADAR_A-T6044,HEDEF_3_MANEVRA,137335.45405071435,-159732.0961562795,763.1283293411543,148.92893034014116,10,220.19073100823354,2.021831720409404,False
1830.44,RADAR_B,RADAR_B-T4729,HEDEF_3_MANEVRA,137126.94753532822,-159594.3338926981,759.6525897851009,155.9313754625572,7,320.4821701495142,4.6753056338464924,False
1830.91,RADAR_B,RADAR_B-T2859,PGT549U,138878.55415432103,-217947.75508609752,169.66299029908765,-150.23778275026964,9,257.43448404921276,2.6736220001334834,False
1832.31,RADAR_B,RADAR_B-T4428,HEDEF_2,150883.556310635,-217692.3689866449,-177.55848296092805,-152.36149384107958,8,295.57201711662236,3.5355339059327378,False
1832.49,RADAR_A,RADAR_A-T3632,HEDEF_2,151062.38907773438,-218092.56581241742,-171.39679876121536,-155.7866329629265,11,249.03091336252876,1.528938460803196,False
1833.42,RADAR_A,RADAR_A-T6044,HEDEF_3_MANEVRA,138011.5335109676,-159153.13521291869,761.6115577061685,152.5062638215909,10,220.15773280472027,2.021831720409404,False
1834.65,RADAR_A,RADAR_A-T3632,HEDEF_2,150328.5355648237,-218542.95107551356,-170.2486215634592,-151.42329893117542,10,261.41740807346673,2.021831720409404,False
1835.07,RADAR_A,RADAR_A-T6770,PGT549U,139657.17576707058,-218776.1763430487,163.60146575012237,-150.80058070490733,9,277.4343411609564,2.6736220001334834,False
1836.25,RADAR_A,RADAR_A-T6044,HEDEF_3_MANEVRA,138331.51711768768,-158530.11436327684,762.0691250753487,156.26816557589626,9,243.87443236378752,2.6736220001334834,False
1836.67,RADAR_A,RADAR_A-T3632,HEDEF_2,150478.96785903216,-218808.8479974416,-176.18215679843584,-158.0098737170464,9,281.74036572789555,2.6736220001334834,False
1836.98,RADAR_B,RADAR_B-T2859,PGT549U,139674.19508926032,-218103.272667361,149.37656887225927,-158.7774698477733,5,530.6540462592101,8.1756070113073,False
1838.04,RADAR_A,RADAR_A-T6770,PGT549U,140117.88307915133,-218876.87762573067,163.9894979618396,-157.12781466155823,11,244.75074111043511,1.528938460803196,False
1838.97,RADAR_A,RADAR_A-T6044,HEDEF_3_MANEVRA,138663.51809742895,-158133.03412227758,762.1679760797354,149.86915424668518,11,205.29298455572314,1.528938460803196,False
1839.31,RADAR_B,RADAR_B-SC69319,STATIC_CLUTTER,389153.0168469021,-173856.92289420174,-0.0653806383145073,0.55864763890836,1,1500.0,25.0,True
1839.32,RADAR_A,RADAR_A-T3632,HEDEF_2,149996.0173241998,-219202.6153232462,-171.4358148926575,-158.39991857194724,9,281.79025927483264,2.6736220001334834,False
1839.36,RADAR_C,RADAR_C-T9889,HEDEF_2,149606.23919728663,-218257.19629247522,-160.33898353279838,-146.6976878519056,4,702.8160330232594,10.811227536508623,False
1840.46,RADAR_A,RADAR_A-T6770,PGT549U,140322.44526617153,-219549.73584447193,171.87883679092073,-150.52209023142052,11,245.17048066681227,1.528938460803196,False
1841.6,RADAR_A,RADAR_A-T6044,HEDEF_3_MANEVRA,138916.56540713736,-158123.89653601684,767.8746328737714,150.0243434114721,10,220.0801254580382,2.021831720409404,False
1841.7,RADAR_A,RADAR_A-T3632,HEDEF_2,149204.22264516633,-219694.6537250586,-182.43476673479333,-161.16977145003267,10,261.5602266069087,2.021831720409404,False
1842.46,RADAR_A,RADAR_A-T6770,PGT549U,140428.21312224388,-220088.54732781003,165.14923934497372,-155.70912014244902,9,278.5638185147115,2.6736220001334834,False
1842.95,RADAR_B,RADAR_B-T3086,HEDEF_2,149298.72598471292,-219926.86495783477,-207.04153411643617,-187.185707210443,5,532.1892215178494,8.1756070113073,False
1843.76,RADAR_B,RADAR_B-T2859,PGT549U,140569.79728932463,-219576.76605432483,203.41058320755408,-144.4924531280601,6,423.1478031312203,6.1825125572116635,False
1844.29,RADAR_A,RADAR_A-T6044,HEDEF_3_MANEVRA,139472.7930227512,-157465.79575313782,755.8620205951993,143.58943904265607,9,243.80855626084792,2.6736220001334834,False
1844.42,RADAR_A,RADAR_A-T3632,HEDEF_2,148759.6966392468,-220145.05091122937,-160.44703688262788,-146.308994846571,10,261.61729710702036,2.021831720409404,False
1844.79,RADAR_A,RADAR_A-T6770,PGT549U,141245.64753277786,-220044.35065184755,163.0503885994825,-153.4454881962401,11,245.9227742156897,1.528938460803196,False
1846.9,RADAR_B,RADAR_B-T2859,PGT549U,141455.67233486104,-220473.531718486,167.34536223194505,-152.21894674390813,8,294.4053035647143,3.5355339059327378,False
1846.91,RADAR_A,RADAR_A-T6044,HEDEF_3_MANEVRA,139893.6114570913,-157292.30165405563,756.066743851071,142.835105207985,10,220.0350899552716,2.021831720409404,False
1847.09,RADAR_A,RADAR_A-T3632,HEDEF_2,148396.5670744778,-220694.22847437236,-157.77755093675458,-142.7753419827278,9,281.94167800084205,2.6736220001334834,False
1848.94,RADAR_A,RADAR_A-T3632,HEDEF_2,147697.14730252212,-220814.36751633717,-167.30942798058175,-154.13566724942783,9,281.978735143258,2.6736220001334834,False
1849.38,RADAR_A,RADAR_A-T6044,HEDEF_3_MANEVRA,140297.51260868987,-157022.09049068467,764.2952945402947,153.10520916445626,10,220.01562598046354,2.021831720409404,False
1849.51,RADAR_A,RADAR_A-T2516,PGT549U,141751.77937810012,-220795.94851843483,171.63723469644026,-148.25348454203657,11,246.74307280012988,1.528938460803196,False
1849.84,RADAR_C,RADAR_C-T6033,HEDEF_3_MANEVRA,139701.81260822676,-156755.30861257177,739.7725680586387,137.78003569181868,5,536.9998860419961,8.1756070113073,False
1850.26,RADAR_B,RADAR_B-T7734,HEDEF_3_MANEVRA,140221.9247418191,-156695.1739498155,749.0164051952247,146.94828060488933,8,262.1770434005861,3.5355339059327378,False
1851.45,RADAR_A,RADAR_A-T6044,HEDEF_3_MANEVRA,140823.88703078352,-156493.96761005966,761.0181503974317,151.3601555848477,10,219.99997066876077,2.021831720409404,False
1851.99,RADAR_A,RADAR_A-T2516,PGT549U,142490.95852772496,-221168.17198908352,164.97419669560082,-152.3376249090281,10,259.6072793985928,2.021831720409404,False
1852.0,RADAR_A,RADAR_A-T3632,HEDEF_2,147456.67561839914,-221042.99771211995,-183.19373875452052,-158.49179433373058,10,261.78177512558176,2.021831720409404,False
1852.5,RADAR_B,RADAR_B-T4383,HEDEF_2,147701.86416359394,-221440.39831907678,-198.66278107909585,-174.82992931359507,7,348.5821129665234,4.6753056338464924,False
1852.67,RADAR_B,RADAR_B-T2859,PGT549U,142129.88525578508,-221425.62845925093,179.79370659769256,-146.97454169537517,9,260.42793549714025,2.6736220001334834,False
1853.84,RADAR_A,RADAR_A-T6044,HEDEF_3_MANEVRA,140823.36813594637,-156114.24241286502,758.406942743647,152.9225660555947,10,219.98270665369878,2.021831720409404,False
1854.11,RADAR_A,RADAR_A-T2516,PGT549U,142731.2285567001,-221574.57163269975,166.5343342030534,-152.60535534208736,9,280.34903123255606,2.6736220001334834,False
1855.23,RADAR_B,RADAR_B-T7734,HEDEF_3_MANEVRA,140964.37742179516,-156170.95076750434,762.1995873151992,140.70619659536393,6,401.5903821494961,6.1825125572116635,False
1856.14,RADAR_A,RADAR_A-T4924,HEDEF_2,146964.86782103515,-221875.19339339432,-168.21277306430068,-153.0193207072959,10,261.8750767214528,2.021831720409404,False
1856.78,RADAR_A,RADAR_A-T2516,PGT549U,142970.66797089746,-221713.7596928738,174.93822267382,-144.75932215047123,10,260.40107832972114,2.021831720409404,False
1856.92,RADAR_C,RADAR_C-T5017,PGT549U,143344.81559662637,-221654.15265838237,174.14475528990062,-146.09544462801782,6,458.81411925320265,6.1825125572116635,False
1857.12,RADAR_A,RADAR_A-T6044,HEDEF_3_MANEVRA,141302.4972310576,-155714.7474253376,771.708773099085,159.95292303791524,9,243.7216045736771,2.6736220001334834,False
1857.37,RADAR_B,RADAR_B-SC46433,STATIC_CLUTTER,-343945.9214184597,108162.00007808654,0.06754154062771349,-0.5158937983209485,4,648.6736521905174,10.811227536508623,True
1857.37,RADAR_B,RADAR_B-SC55470,STATIC_CLUTTER,100566.62601632709,207805.29251880475,1.074375470907002,0.25402248218309414,4,648.6736521905174,10.811227536508623,True
1858.28,RADAR_A,RADAR_A-T4924,HEDEF_2,146382.8104746921,-222256.1971616616,-165.00967498901187,-145.49563199314014,11,249.60748631436644,1.528938460803196,False
1858.45,RADAR_B,RADAR_B-T2859,PGT549U,143735.76967337224,-222015.99532216505,186.71138176417037,-137.78632559627852,5,532.1024963059245,8.1756070113073,False
1859.06,RADAR_B,RADAR_B-T7734,HEDEF_3_MANEVRA,141439.22015286254,-155582.8037701248,739.8628362518205,140.8758064459662,8,261.9546412499503,3.5355339059327378,False
1859.39,RADAR_A,RADAR_A-T6044,HEDEF_3_MANEVRA,141456.6592161367,-155326.60004243665,765.2243594278302,155.12563683105498,9,243.70859093959072,2.6736220001334834,False
1859.55,RADAR_A,RADAR_A-T2516,PGT549U,143721.3951321397,-222710.43757741395,162.61633072812953,-153.75144907154254,9,281.186470782721,2.6736220001334834,False
1860.07,RADAR_B,RADAR_B-T4374,HEDEF_2,146288.27408685288,-222333.4936031169,-174.44087075565193,-155.17684274819885,9,262.16680061499784,2.6736220001334834,False
1860.93,RADAR_B,RADAR_B-SC55470,STATIC_CLUTTER,100579.81604000858,207812.2994173295,-0.4585266541095048,1.1280738956128362,3,857.790551951732,14.296509199195533,True
1862.0,RADAR_A,RADAR_A-T2516,PGT549U,143907.63971277085,-222809.5842663506,170.44945325518455,-147.93600467511735,10,261.2672677209759,2.021831720409404,False
1863.07,RADAR_A,RADAR_A-T6769,HEDEF_2,145596.81531152152,-222537.22575941,-176.22851565962108,-157.80913793949608,10,262.03693813088546,2.021831720409404,False
1863.94,RADAR_B,RADAR_B-T7734,HEDEF_3_MANEVRA,142195.22361125014,-155144.56522339446,770.4522340386176,151.15948023195432,7,319.76285004658007,4.6753056338464924,False
1863.98,RADAR_A,RADAR_A-T2516,PGT549U,144527.15168590186,-222625.05787516953,158.93110034310754,-160.63258999005504,10,261.59558860199337,2.021831720409404,False
1864.15,RADAR_B,RADAR_B-SC69319,STATIC_CLUTTER,389205.31469691085,-173909.38752080995,0.7763788135292254,-0.21367126661064773,3,857.790551951732,14.296509199195533,True
1864.67,RADAR_A,RADAR_A-T6769,HEDEF_2,145403.71054910214,-222855.20957016677,-170.64319449657205,-148.43163180105918,11,249.76575699857398,1.528938460803196,False
1865.04,RADAR_A,RADAR_A-T1000,HEDEF_3_MANEVRA,142306.03788892113,-154377.71196874452,763.9762853034958,153.60021623095963,11,205.0887025980695,1.528938460803196,False
1866.25,RADAR_B,RADAR_B-T4374,HEDEF_2,145620.4996753753,-223599.45193998064,-198.93473966684977,-166.8650795493478,5,532.7035190359937,8.1756070113073,False
1867.05,RADAR_B,RADAR_B-T1382,PGT549U,144572.4221037984,-223142.13470474363,186.36198527882877,-137.11128356339555,7,349.0318888504435,4.6753056338464924,False
1867.29,RADAR_A,RADAR_A-T6769,HEDEF_2,144969.8460201376,-223266.24567750035,-175.15547720418,-153.25895670100542,10,262.1388020445733,2.021831720409404,False
1867.84,RADAR_A,RADAR_A-T1000,HEDEF_3_MANEVRA,142969.09344890658,-153825.7766146746,762.8072689335725,151.69151395719064,11,205.07327362232442,1.528938460803196,False
1868.28,RADAR_C,RADAR_C-T5017,PGT549U,144836.87324638126,-222772.46518426226,196.99446157046907,-150.73717013236922,4,703.4038633702851,10.811227536508623,False
1868.82,RADAR_A,RADAR_A-T8800,PGT549U,145550.05241196984,-223479.31374629406,162.11503002755538,-150.2474012015501,10,262.39957659976744,2.021831720409404,False
1869.3,RADAR_C,RADAR_C-T1131,HEDEF_2,144762.19797216525,-223849.45166287996,-182.43909555933502,-153.81173895230052,4,703.4334679678202,10.811227536508623,False
1869.62,RADAR_A,RADAR_A-T1000,HEDEF_3_MANEVRA,143172.98529942796,-153696.9335949142,757.9802390523594,149.45928990801502,10,219.89051752632636,2.021831720409404,False
1869.78,RADAR_B,RADAR_B-T7734,HEDEF_3_MANEVRA,143517.53095659884,-154091.51053956206,777.0882049344484,155.0117483156553,7,319.64913781904545,4.6753056338464924,False
1871.42,RADAR_B,RADAR_B-T1382,PGT549U,145963.63625804786,-223987.90336853254,171.9271719089879,-154.60284175628712,5,532.9911482701252,8.1756070113073,False
1871.66,RADAR_B,RADAR_B-T4374,HEDEF_2,144049.8266474338,-223717.7788248854,-159.09219551421631,-143.26891482713557,6,425.3053839653459,6.1825125572116635,False
1871.7,RADAR_A,RADAR_A-T8800,PGT549U,145469.5795154487,-224286.13146458688,170.07240601787814,-148.72591439130423,11,250.60844312212242,1.528938460803196,False
1871.73,RADAR_A,RADAR_A-T1000,HEDEF_3_MANEVRA,143544.07949746834,-153631.5452645887,767.0293199760149,151.79208121109184,9,243.64994859014791,2.6736220001334834,False
1871.77,RADAR_A,RADAR_A-T9468,HEDEF_2,144266.84522096816,-223911.51336428992,-166.21692973082637,-147.88915298204768,10,262.2498279601651,2.021831720409404,False
1874.4,RADAR_A,RADAR_A-T1000,HEDEF_3_MANEVRA,143627.53876339292,-153186.49620878554,770.8092877255729,161.71632573014443,9,243.63997835034885,2.6736220001334834,False
1874.41,RADAR_A,RADAR_A-T8800,PGT549U,146032.6124916981,-224878.62446631023,174.2368517864913,-150.931374545889,9,283.4799240352397,2.6736220001334834,False
1874.58,RADAR_A,RADAR_A-T9468,HEDEF_2,143799.4773858176,-224375.22108901467,-156.9621743178015,-148.24969573466709,10,262.3207057704533,2.021831720409404,False
1874.62,RADAR_B,RADAR_B-T7734,HEDEF_3_MANEVRA,143598.0783369364,-153041.53193581832,760.6796658566279,149.2907773314052,9,221.72112038223162,2.6736220001334834,False
1875.51,RADAR_C,RADAR_C-T5017,PGT549U,146806.9968013959,-224737.2413714536,159.65854043730076,-162.55230612881323,6,460.7661057425046,6.1825125572116635,False
1875.59,RADAR_B,RADAR_B-T1382,PGT549U,146055.7241596763,-224662.08702666638,155.26844900713897,-154.12094632891575,9,263.6171604242317,2.6736220001334834,False
1877.15,RADAR_A,RADAR_A-T8800,PGT549U,146865.74777668907,-224914.96248516112,171.02443475411076,-146.906784615797,10,263.78645057082076,2.021831720409404,False
1877.23,RADAR_B,RADAR_B-T4374,HEDEF_2,143193.1335064146,-224774.77093862175,-180.4218857961213,-151.5002418190656,8,297.3542533765728,3.5355339059327378,False
1877.37,RADAR_C,RADAR_C-T1131,HEDEF_2,143093.7066913663,-224097.87740920341,-190.88320769692206,-172.00794899319436,5,561.1709851957637,8.1756070113073,False
1878.59,RADAR_A,RADAR_A-T5826,HEDEF_3_MANEVRA,144709.6305120579,-152319.05993049228,757.2816719873026,147.8342293087033,11,205.02590660175196,1.528938460803196,False
1879.39,RADAR_A,RADAR_A-T8800,PGT549U,146870.98801201524,-225237.08062348593,163.62719110229816,-156.915566924174,10,264.15997221242174,2.021831720409404,False
1879.45,RADAR_B,RADAR_B-T7734,HEDEF_3_MANEVRA,144571.39372722286,-152592.57913650194,764.790121678859,145.82119512571862,8,261.47603366049987,3.5355339059327378,False
1879.56,RADAR_A,RADAR_A-SC14575,STATIC_CLUTTER,-336601.51960944565,-43824.446626278535,0.6423850022354748,0.09892108203559778,1,1500.0,25.0,True
1880.12,RADAR_A,RADAR_A-T7989,HEDEF_2,142637.1514829858,-225575.5294720234,-171.45755919126427,-150.79192026515017,11,250.17359526197382,1.528938460803196,False
1880.97,RADAR_B,RADAR_B-T1382,PGT549U,147254.29114373485,-225210.62183786364,207.67082758315473,-129.30206705858416,7,350.4983912317144,4.6753056338464924,False
1881.21,RADAR_B,RADAR_B-T4374,HEDEF_2,142791.46955448334,-225587.5548521983,-151.61951676527153,-142.52984744695183,7,349.58732873953574,4.6753056338464924,False
1882.2,RADAR_A,RADAR_A-T7989,HEDEF_2,142367.97801015255,-225471.6926270148,-196.21979116501623,-161.7652484174652,9,282.7266930085768,2.6736220001334834,False
1883.57,RADAR_A,RADAR_A-T2281,HEDEF_3_MANEVRA,145064.59422934384,-151683.9232725293,750.813869133897,150.2431395782985,11,204.90272146146052,1.528938460803196,False
1883.7,RADAR_C,RADAR_C-T1131,HEDEF_2,142961.63588069953,-225654.6592261241,-193.88003003122876,-161.95712170249675,4,703.7479675515244,10.811227536508623,False
1884.36,RADAR_A,RADAR_A-T6328,PGT549U,147853.8251957942,-226163.5810599584,165.07494620375587,-150.46783518315664,11,252.8141938425965,1.528938460803196,False
1884.92,RADAR_A,RADAR_A-T7989,HEDEF_2,142106.234325948,-225903.94815537636,-166.69108372478763,-148.19782032926548,11,250.31238133459365,1.528938460803196,False
1885.4,RADAR_B,RADAR_B-T7734,HEDEF_3_MANEVRA,144600.43914794127,-151197.99330999167,737.7759310642737,150.26094544553132,5,513.6946397218062,8.1756070113073,False
1885.91,RADAR_A,RADAR_A-T2281,HEDEF_3_MANEVRA,145108.89532894266,-151438.15271440768,747.0503103783461,158.5424512013007,11,204.78580307850413,1.528938460803196,False
1886.91,RADAR_B,RADAR_B-T1382,PGT549U,148162.51322791568,-225811.20388451283,172.29520743563205,-153.9023448456565,5,534.0626101830507,8.1756070113073,False
1887.95,RADAR_C,RADAR_C-T2985,HEDEF_3_MANEVRA,145409.57951018217,-151421.2281743466,716.7272222923615,140.36377742633962,7,354.4225723991092,4.6753056338464924,False
1887.95,RADAR_A,RADAR_A-T7989,HEDEF_2,141252.21038655296,-226418.8682467149,-182.76868556422022,-153.00950296325104,9,282.87728824289627,2.6736220001334834,False
1887.96,RADAR_B,RADAR_B-T4374,HEDEF_2,141572.12504651374,-226227.77620226005,-162.30772589156015,-149.04811835063333,7,349.8392328676592,4.6753056338464924,False
1888.1,RADAR_A,RADAR_A-T2281,HEDEF_3_MANEVRA,145214.97447972512,-151133.2628101378,731.3775534811019,154.24135756403842,10,219.52919734814057,2.021831720409404,False
1890.63,RADAR_A,RADAR_A-T7989,HEDEF_2,140747.23955758373,-227042.81521437253,-158.94430727587252,-141.9305819320628,10,262.7592285661976,2.021831720409404,False
1891.18,RADAR_B,RADAR_B-T7734,HEDEF_3_MANEVRA,145776.0862182881,-150746.97053188185,715.146685931276,147.66059884549534,9,221.02478035734075,2.6736220001334834,False
1892.01,RADAR_B,RADAR_B-T1382,PGT549U,148975.5157847605,-227324.05767684866,189.75652833434185,-143.10515630146617,8,299.9567003067856,3.5355339059327378,False
1892.45,RADAR_A,RADAR_A-T2236,HEDEF_3_MANEVRA,145712.2982447495,-150570.49689879705,711.2232357646631,161.69108362698415,9,243.1505359190378,2.6736220001334834,False
1892.63,RADAR_B,RADAR_B-T4374,HEDEF_2,141003.65588070842,-226989.55628507445,-161.96531528956106,-151.42440860440223,9,263.7319776499135,2.6736220001334834,False
1892.76,RADAR_A,RADAR_A-T3811,PGT549U,149036.0824613979,-227226.13406238376,175.18690103852728,-145.42468235661192,11,254.26518524787977,1.528938460803196,False
1893.42,RADAR_C,RADAR_C-T2985,HEDEF_3_MANEVRA,146264.65327886963,-151090.59002925796,723.310146188592,164.34476908901323,6,429.3451643487,6.1825125572116635,False
1894.88,RADAR_A,RADAR_A-T2236,HEDEF_3_MANEVRA,145824.677955502,-149884.17990111763,693.6224443917273,151.6903958024174,9,243.04980220112012,2.6736220001334834,False
1895.22,RADAR_A,RADAR_A-T4799,HEDEF_2,139846.3512724658,-227809.62408966344,-165.57945780455336,-147.82344507709234,9,283.07380510911617,2.6736220001334834,False
1895.58,RADAR_A,RADAR_A-T3811,PGT549U,149673.38462292132,-227420.9107818575,170.32631233024935,-151.05422682199642,10,266.8329683197449,2.021831720409404,False
1896.11,RADAR_B,RADAR_B-T1382,PGT549U,149556.76409432414,-227383.03744390793,171.79106437405386,-153.92634395209325,7,352.09227727097345,4.6753056338464924,False
1896.47,RADAR_B,RADAR_B-T7734,HEDEF_3_MANEVRA,145553.33454657395,-149324.32340645025,671.477496618305,142.8146916027303,5,513.4386688815384,8.1756070113073,False
1896.61,RADAR_A,RADAR_A-T2236,HEDEF_3_MANEVRA,145825.17118664682,-149928.5347458599,688.2534711034873,152.97042252214993,10,219.1364450804156,2.021831720409404,False
1897.59,RADAR_A,RADAR_A-SC14575,STATIC_CLUTTER,-336579.57389058423,-43819.381997803364,-0.911137982251895,-1.207011931323476,1,1500.0,25.0,True
1897.85,RADAR_A,RADAR_A-T3811,PGT549U,150414.03765609418,-227997.6245021054,176.39336371586015,-135.97886584022265,9,287.084802412958,2.6736220001334834,False
1899.35,RADAR_A,RADAR_A-T2236,HEDEF_3_MANEVRA,145986.42056910295,-149378.14327430297,665.7303487932091,146.2180768919344,11,204.12109246874323,1.528938460803196,False
1899.81,RADAR_A,RADAR_A-T4969,HEDEF_2,139702.94001909453,-227999.144588411,-167.0897082461406,-147.9589663624851,10,263.03089442879434,2.021831720409404,False
1899.85,RADAR_C,RADAR_C-T9883,PGT549U,150545.17141950384,-227929.99713150173,160.63736538324906,-149.74788759876085,7,394.66627921357815,4.6753056338464924,False
1900.17,RADAR_C,RADAR_C-SC05477,STATIC_CLUTTER,55138.6357997946,53276.8124496134,0.10714007458427917,-0.18977347501856884,2,1134.321747974356,18.905362466239264,True
1900.38,RADAR_A,RADAR_A-T3811,PGT549U,150669.244364354,-227924.43467666674,164.16931950433684,-150.8121806177742,9,287.47425128960583,2.6736220001334834,False
1900.89,RADAR_B,RADAR_B-T7734,HEDEF_3_MANEVRA,145958.0978231758,-148933.52460504105,647.3411002063649,129.57086291189236,6,400.61703180247844,6.1825125572116635,False
1900.94,RADAR_B,RADAR_B-SC55470,STATIC_CLUTTER,100567.96052784337,207807.92869225872,0.2775280755226979,-0.03551487641884069,2,1134.321747974356,18.905362466239264,True
1901.44,RADAR_C,RADAR_C-T2985,HEDEF_3_MANEVRA,146292.11120641232,-149391.55005267158,660.8707105068521,152.2991897821617,5,535.7980428714301,8.1756070113073,False
1901.57,RADAR_B,RADAR_B-T1382,PGT549U,150542.14789451158,-228195.29502839688,159.25647014371407,-145.3585107427276,6,428.1252461964475,6.1825125572116635,False
1901.73,RADAR_A,RADAR_A-T2236,HEDEF_3_MANEVRA,146462.39482229642,-149262.21199298042,661.9640961199747,154.14036950440712,9,242.76794991804798,2.6736220001334834,False
1902.13,RADAR_A,RADAR_A-T4969,HEDEF_2,139025.84412107867,-228495.4696007158,-182.27312239510482,-159.7525634223184,10,263.10145778464545,2.021831720409404,False
1902.31,RADAR_A,RADAR_A-T3811,PGT549U,150852.10718657728,-228693.35411657096,175.36593480562513,-143.97427719349363,10,267.9443468137781,2.021831720409404,False
1903.15,RADAR_C,RADAR_C-T9654,HEDEF_2,139596.3573247069,-228363.23030785986,-167.60142842795582,-150.14579647722974,7,392.18042669406753,4.6753056338464924,False
1903.88,RADAR_A,RADAR_A-T2236,HEDEF_3_MANEVRA,146323.66861298753,-148599.12921015866,647.768561697431,150.46928911508363,10,218.80572801230878,2.021831720409404,False
1904.86,RADAR_A,RADAR_A-T3811,PGT549U,151018.04742183094,-229120.52696373189,172.81979390814567,-146.36206253575648,11,256.35858581293706,1.528938460803196,False
1905.71,RADAR_B,RADAR_B-T1382,PGT549U,151346.91422224778,-229107.08958237548,138.69030813440915,-159.56932180372863,6,428.4879135766696,6.1825125572116635,False
1905.94,RADAR_B,RADAR_B-T1456,HEDEF_2,138498.79214169586,-228933.38932983522,-161.913832963056,-143.36285793436008,8,298.6354673445316,3.5355339059327378,False
1906.23,RADAR_B,RADAR_B-T7734,HEDEF_3_MANEVRA,146329.70543126896,-148911.0982246278,606.0365904930723,120.12472089883792,5,513.2167544967036,8.1756070113073,False
1906.44,RADAR_A,RADAR_A-T2236,HEDEF_3_MANEVRA,146428.6384832175,-148628.50765017502,622.6521665452211,138.1226177027101,9,242.57587598218663,2.6736220001334834,False
1906.52,RADAR_A,RADAR_A-T6584,HEDEF_2,138626.6086052382,-229038.0568557496,-165.55087588749578,-145.89405377680458,10,263.23685504108005,2.021831720409404,False
1906.64,RADAR_A,RADAR_A-T3811,PGT549U,151975.12829196992,-228860.5568353522,165.60400365101947,-150.8899925756743,11,256.66694834074,1.528938460803196,False
1908.76,RADAR_A,RADAR_A-T3811,PGT549U,151452.75598903198,-229387.9719417201,156.45831377839934,-156.72522868793402,9,288.76459873952354,2.6736220001334834,False
1909.54,RADAR_A,RADAR_A-T2236,HEDEF_3_MANEVRA,146722.47352206463,-148143.03871422226,613.3638554142708,145.20313060807467,11,203.62737617323776,1.528938460803196,False
1910.42,RADAR_B,RADAR_B-T1456,HEDEF_2,137573.9239926079,-229593.20375866076,-158.78786995980983,-141.34475868319277,9,264.6540516224516,2.6736220001334834,False
1910.59,RADAR_B,RADAR_B-T7734,HEDEF_3_MANEVRA,146652.95921353353,-147946.6353922359,617.0840369745189,148.97440403854023,7,318.3633368259968,4.6753056338464924,False
1911.45,RADAR_A,RADAR_A-T3811,PGT549U,152517.4914940837,-229641.31166060257,167.93041548750475,-149.17170951968941,10,269.4575940085726,2.021831720409404,False
1912.33,RADAR_A,RADAR_A-T2236,HEDEF_3_MANEVRA,146838.63060356793,-147347.75909876492,608.6876330033647,153.9446140566586,11,203.4937385603895,1.528938460803196,False
1912.7,RADAR_A,RADAR_A-T2793,HEDEF_2,137130.8060174815,-230211.20319622054,-164.18746123207387,-146.97173838125718,9,283.5733527134718,2.6736220001334834,False
1913.71,RADAR_A,RADAR_A-T3811,PGT549U,152206.1848729477,-230393.45649885465,166.17579789000973,-149.64550158354663,11,257.8924889421203,1.528938460803196,False
1915.16,RADAR_A,RADAR_A-T2793,HEDEF_2,136932.9149971533,-230366.26870974558,-170.1317403673776,-151.83384193095003,11,251.27159144844347,1.528938460803196,False
1915.89,RADAR_A,RADAR_A-T3811,PGT549U,153055.35956696369,-230480.03558754266,168.0609594007261,-149.14287668607403,12,251.19864905318096,1.1562054316023351,False
1917.69,RADAR_A,RADAR_A-T5062,HEDEF_3_MANEVRA,146961.41648377886,-146827.59634080416,570.6283947907787,146.87074375855053,11,203.23827800705482,1.528938460803196,False
1918.37,RADAR_A,RADAR_A-SC62965,STATIC_CLUTTER,-331735.0490489316,-102068.29619469399,-0.3790279815585158,-0.43952871119178605,3,857.790551951732,14.296509199195533,True
1918.59,RADAR_C,RADAR_C-SC05477,STATIC_CLUTTER,55137.50960583557,53298.26311204147,-1.491766229599979,-0.027760011139747992,1,1500.0,25.0,True
1920.66,RADAR_A,RADAR_A-T5062,HEDEF_3_MANEVRA,147244.04641000228,-146350.39720016188,562.5075839672616,151.93184285208224,10,218.05814672828532,2.021831720409404,False
1920.75,RADAR_A,RADAR_A-T8783,HEDEF_2,135995.63756504777,-231262.53668320377,-171.36390003953534,-150.0570086015279,14,237.46972428026018,0.6611880635625048,False
1920.83,RADAR_C,RADAR_C-T5906,HEDEF_3_MANEVRA,147372.77115719396,-146938.61359849945,569.8714513338842,152.356384688263,6,428.24473795497994,6.1825125572116635,False
1921.05,RADAR_B,RADAR_B-T4235,HEDEF_3_MANEVRA,147248.41930546085,-146704.22528869598,572.4273502351875,158.08272325185644,9,219.4536819355335,2.6736220001334834,False
1921.27,RADAR_B,RADAR_B-T3742,HEDEF_2,136284.3821840922,-231200.07817921968,-174.44623588067574,-149.9313401969842,8,299.3601673454235,3.5355339059327378,False
1921.32,RADAR_A,RADAR_A-T8796,PGT549U,153857.9142525676,-231265.28971067048,164.53163909184786,-152.44871518910682,13,248.0490321514847,0.8743393107950702,False
1922.11,RADAR_B,RADAR_B-T1763,PGT549U,154022.06236749826,-231512.69010346857,161.40801318341357,-152.49386273217377,12,228.15088451577864,1.1562054316023351,False
1922.92,RADAR_A,RADAR_A-T5062,HEDEF_3_MANEVRA,147663.43880596812,-145597.19274563607,548.9201565834248,147.44023150846954,11,202.9916559561885,1.528938460803196,False
1923.5,RADAR_A,RADAR_A-T8783,HEDEF_2,135755.4666956971,-231619.8361621934,-165.4331140241445,-146.37495973286244,12,244.29276396782203,1.1562054316023351,False
1924.99,RADAR_A,RADAR_A-T5062,HEDEF_3_MANEVRA,147327.8806510459,-145869.5976183124,530.0848070471552,141.05997416075533,10,217.868815445462,2.021831720409404,False
1925.56,RADAR_A,RADAR_A-T8783,HEDEF_2,135423.73560732996,-231747.04745834964,-168.20407418104512,-148.70867115089402,12,244.3671353826141,1.1562054316023351,False
1925.93,RADAR_C,RADAR_C-T2156,HEDEF_2,135113.55586661663,-231708.7901879144,-164.22567802355064,-167.42008278255182,6,462.0541186945657,6.1825125572116635,False
1925.97,RADAR_B,RADAR_B-T4235,HEDEF_3_MANEVRA,147430.5347183645,-145636.7887253397,549.4318357180048,133.0556027564976,5,512.7782731331437,8.1756070113073,False
1926.41,RADAR_B,RADAR_B-T3742,HEDEF_2,134955.2807971139,-232073.69106017798,-169.17612729318407,-147.68137524283625,11,230.6105019096329,1.528938460803196,False
1927.11,RADAR_C,RADAR_C-T4510,PGT549U,154322.11313008965,-232151.28977342966,171.03544585941572,-138.35642522769507,6,466.23245107246436,6.1825125572116635,False
1927.34,RADAR_A,RADAR_A-T5062,HEDEF_3_MANEVRA,147674.22073908625,-145521.34582784894,530.4491291647976,151.6050469742997,11,202.78490996335657,1.528938460803196,False
1927.53,RADAR_A,RADAR_A-T7681,PGT549U,155041.6051523433,-232037.2090044547,165.65635311143026,-148.78805381351756,13,249.17647316488163,0.8743393107950702,False
1928.26,RADAR_B,RADAR_B-SC46433,STATIC_CLUTTER,-343925.627491224,108134.59230375408,0.6770055051874903,-0.7188880192488047,2,1134.321747974356,18.905362466239264,True
1929.54,RADAR_A,RADAR_A-T7681,PGT549U,155384.46062001956,-232383.6848504868,163.70995799925373,-151.02837893779554,12,253.63580104718466,1.1562054316023351,False
1929.81,RADAR_A,RADAR_A-T5062,HEDEF_3_MANEVRA,147915.7261805044,-145274.3835588252,517.6900883032092,153.4616850774054,9,241.64722580137754,2.6736220001334834,False
1931.07,RADAR_A,RADAR_A-T9221,HEDEF_2,134561.99659159195,-232717.65084598432,-170.73738283376542,-149.61022879484491,13,240.32094284718917,0.8743393107950702,False
1931.69,RADAR_A,RADAR_A-T7681,PGT549U,155758.3800318856,-232782.49127342776,161.86924296138184,-152.94013446511113,12,254.01910202101752,1.1562054316023351,False
1932.75,RADAR_B,RADAR_B-T8977,PGT549U,155482.65484710262,-232905.44049290736,164.41307167769926,-153.03791009339702,8,305.0536829596313,3.5355339059327378,False
1933.02,RADAR_C,RADAR_C-T5906,HEDEF_3_MANEVRA,148160.53204879627,-144825.07515996817,482.0725325358903,134.06286871570353,6,427.76488220288326,6.1825125572116635,False
1934.08,RADAR_A,RADAR_A-T9221,HEDEF_2,133980.55666505374,-233126.57159987238,-169.47477750519306,-150.32010850981231,14,237.97226635984094,0.6611880635625048,False
1934.1,RADAR_A,RADAR_A-T7681,PGT549U,156225.08689608448,-233024.60890329772,165.6840568537616,-147.93671824676935,14,248.0039317693341,0.6611880635625048,False
1935.31,RADAR_C,RADAR_C-T2156,HEDEF_2,134378.2947333753,-233485.79185455517,-168.52936676207017,-144.35151226983425,7,393.5861438405425,4.6753056338464924,False
1935.66,RADAR_A,RADAR_A-T6213,HEDEF_3_MANEVRA,148280.6668933695,-144226.90366363988,491.0040271593824,152.33229623966585,11,202.40026694755622,1.528938460803196,False
1935.89,RADAR_A,RADAR_A-T9221,HEDEF_2,133589.46478507307,-233460.99618083832,-162.3640273355232,-146.17416846017355,14,238.0427079507947,0.6611880635625048,False
1936.26,RADAR_C,RADAR_C-T4510,PGT549U,155909.3439894462,-233522.78571833,169.6950530593717,-154.46110694317963,7,399.2199431559721,4.6753056338464924,False
1936.85,RADAR_A,RADAR_A-T7681,PGT549U,156676.83581388844,-233473.62511226838,171.2127952678826,-148.3613239208171,12,254.9412727289766,1.1562054316023351,False
1936.95,RADAR_B,RADAR_B-T9902,HEDEF_2,133553.16402412165,-233399.76396106253,-165.77399111653347,-148.9694512048141,11,231.2860481287329,1.528938460803196,False
1936.99,RADAR_B,RADAR_B-T8977,PGT549U,156210.78058708354,-233468.09007012733,154.21816821142454,-153.3087384415357,8,305.59023750214067,3.5355339059327378,False
1938.46,RADAR_A,RADAR_A-T9221,HEDEF_2,133221.94592831278,-233750.3654111115,-168.0371084181141,-147.63938176498797,12,244.8490287549872,1.1562054316023351,False
1938.99,RADAR_A,RADAR_A-T6213,HEDEF_3_MANEVRA,148557.81198798964,-143255.28709190473,464.4341357429298,148.48598178790013,11,202.24819042989287,1.528938460803196,False
1939.17,RADAR_B,RADAR_B-T9631,HEDEF_3_MANEVRA,148239.5163383608,-143853.2576291848,457.1965873084738,141.899337717587,8,258.8877937715709,3.5355339059327378,False
1939.62,RADAR_A,RADAR_A-T7681,PGT549U,157050.55614790064,-233899.84498288788,163.65077577169382,-150.51075312897902,13,251.37198280639143,0.8743393107950702,False
1940.01,RADAR_A,RADAR_A-SC62965,STATIC_CLUTTER,-331722.07569253485,-102091.9362940056,0.23137137838743724,-0.2954760356271341,2,1134.321747974356,18.905362466239264,True
1940.71,RADAR_B,RADAR_B-SC46433,STATIC_CLUTTER,-343958.96562532906,108097.73255837694,0.7067839989181307,0.451706794032835,2,1134.321747974356,18.905362466239264,True
1941.32,RADAR_C,RADAR_C-T5906,HEDEF_3_MANEVRA,147556.62250060425,-142151.5562210364,418.67840323205377,124.38527793319611,4,682.5536200545254,10.811227536508623,False
1941.34,RADAR_A,RADAR_A-T7681,PGT549U,157112.57295994074,-234294.6636991448,164.7960919687613,-148.91646152133762,14,249.331752347296,0.6611880635625048,False
1941.37,RADAR_B,RADAR_B-T8977,PGT549U,157208.74219773134,-234049.04552010406,165.1904164795749,-152.8705307238444,10,251.87751447111205,2.021831720409404,False
1941.58,RADAR_A,RADAR_A-T6213,HEDEF_3_MANEVRA,148594.13710765622,-143455.48791972117,450.9853248353777,144.13454673449382,11,202.13004331241675,1.528938460803196,False
1943.22,RADAR_C,RADAR_C-T2156,HEDEF_2,132783.60341107368,-234067.91359819533,-162.67550351011218,-140.24769976514264,5,563.1419595905354,8.1756070113073,False
1943.44,RADAR_A,RADAR_A-T3838,HEDEF_2,132432.33519521213,-234547.17828690296,-169.07575454366147,-147.69474324788314,13,240.80037176629884,0.8743393107950702,False
1943.63,RADAR_A,RADAR_A-T7681,PGT549U,157328.86830192173,-234644.23356219797,168.23393355944202,-146.9879962232385,13,252.10014048087973,0.8743393107950702,False
1945.13,RADAR_B,RADAR_B-SC55470,STATIC_CLUTTER,100550.16002016643,207840.5869828591,-0.4130786924470202,-0.4298593402264485,4,648.6736521905174,10.811227536508623,True
1946.15,RADAR_A,RADAR_A-T7681,PGT549U,157871.909171579,-235066.20971232592,169.68039966794777,-147.72403635032936,14,250.2152203122904,0.6611880635625048,False
1946.17,RADAR_B,RADAR_B-T4499,HEDEF_3_MANEVRA,148411.42386069748,-142161.91017326666,443.3238071227869,153.16250868723614,5,512.3440529249661,8.1756070113073,False
1946.22,RADAR_A,RADAR_A-T3838,HEDEF_2,131711.16860822396,-235125.98542680737,-170.01879031727083,-148.81982214092548,12,245.15001655358802,1.1562054316023351,False
1947.22,RADAR_A,RADAR_A-T7975,HEDEF_3_MANEVRA,148748.543585937,-142738.16497340315,419.7254901051064,140.68118547317232,10,216.91996338201906,2.021831720409404,False
1948.44,RADAR_A,RADAR_A-T3838,HEDEF_2,131291.69954898232,-235367.0794863064,-169.58279858125624,-149.2867453288099,14,238.54352225415903,0.6611880635625048,False
1948.91,RADAR_A,RADAR_A-T7681,PGT549U,158131.9188543832,-235573.5965407254,164.28663093160907,-149.68947202568475,14,250.72173706046993,0.6611880635625048,False
1950.63,RADAR_B,RADAR_B-T4499,HEDEF_3_MANEVRA,148808.17274610788,-142015.78495442314,404.64438385842953,147.5489983698768,8,258.4073349162392,3.5355339059327378,False
1950.8,RADAR_A,RADAR_A-T3838,HEDEF_2,130811.59602217932,-235830.13080659567,-162.09565865185948,-146.2585553823065,13,241.09644585694787,0.8743393107950702,False
1951.33,RADAR_A,RADAR_A-T7681,PGT549U,158921.9292442841,-235627.56808811362,167.1447758566561,-146.47810135188104,14,251.1656691904374,0.6611880635625048,False
1952.75,RADAR_A,RADAR_A-T3838,HEDEF_2,131210.2988922299,-235795.15465287236,-164.9093493693992,-146.9281482412929,13,241.17612858256373,0.8743393107950702,False
1952.87,RADAR_B,RADAR_B-T2028,PGT549U,158766.46804602625,-236062.8215723444,172.8548347412134,-147.0346835406446,10,253.65724130866832,2.021831720409404,False
1954.38,RADAR_A,RADAR_A-T7681,PGT549U,159656.79706309072,-235987.71941660732,165.4556147207494,-147.8516473194049,14,251.72536487197053,0.6611880635625048,False
1954.42,RADAR_A,RADAR_A-T4850,HEDEF_3_MANEVRA,149208.96502018842,-141392.5398040791,391.2086230047442,144.00878384681113,10,216.620810483203,2.021831720409404,False
1954.93,RADAR_A,RADAR_A-T3838,HEDEF_2,130425.41025404831,-236225.6432363813,-169.16530361912663,-148.93431051418924,13,241.2659183470277,0.8743393107950702,False
1956.9,RADAR_B,RADAR_B-T4499,HEDEF_3_MANEVRA,149659.65180762945,-141562.25887339073,389.5252568670286,152.03267128041526,8,258.1483378661057,3.5355339059327378,False
1958.06,RADAR_B,RADAR_B-T2702,HEDEF_2,130358.63941681066,-237008.79259666434,-147.37140536467749,-137.89086698725032,8,301.2096114438014,3.5355339059327378,False
1958.09,RADAR_A,RADAR_A-T3838,HEDEF_2,130107.9625407849,-236563.25138833775,-166.30566103124312,-147.82126899148975,14,238.9440272740769,0.6611880635625048,False
1959.06,RADAR_A,RADAR_A-T9482,HEDEF_3_MANEVRA,149599.92997770885,-140786.78427994635,362.3509079668124,142.09965423145428,10,216.4305158362262,2.021831720409404,False
1959.35,RADAR_B,RADAR_B-T2028,PGT549U,159671.89725213803,-236748.68866881888,143.41736438906293,-155.33778914815457,8,308.44338010881904,3.5355339059327378,False
1960.72,RADAR_A,RADAR_A-T3838,HEDEF_2,129771.84016767229,-236903.97062165386,-160.81477020818875,-147.03979850694006,12,245.73636350728938,1.1562054316023351,False
1961.45,RADAR_B,RADAR_B-T2702,HEDEF_2,129368.09799913727,-237080.66494654986,-161.3945043210826,-145.55472667004665,10,246.07010358121556,2.021831720409404,False
1961.75,RADAR_A,RADAR_A-T5482,PGT549U,160272.8895960007,-237360.3528963453,165.4476140966482,-148.82624536363906,12,259.3993461191319,1.1562054316023351,False
1961.82,RADAR_A,RADAR_A-T9482,HEDEF_3_MANEVRA,149948.1898564798,-140374.1028007241,344.4919807249322,141.89342861408767,9,240.43945017650054,2.6736220001334834,False
1962.41,RADAR_B,RADAR_B-T4499,HEDEF_3_MANEVRA,149815.14980251752,-140382.33413304444,357.2478558294135,154.0066130551154,9,217.38835229764288,2.6736220001334834,False
1963.23,RADAR_C,RADAR_C-T9227,HEDEF_3_MANEVRA,149635.7612336712,-139748.07603404776,325.29007728727765,128.98358615660914,6,426.6023170329455,6.1825125572116635,False
1963.71,RADAR_A,RADAR_A-T5482,PGT549U,161019.88965649536,-237465.74148251535,167.16984919217185,-147.06728673239735,13,255.75297103648197,0.8743393107950702,False
1965.39,RADAR_B,RADAR_B-T2028,PGT549U,160837.78150716148,-237596.92668926826,167.35552598056012,-149.2150394777221,9,276.31505392858736,2.6736220001334834,False
1965.42,RADAR_C,RADAR_C-SC05477,STATIC_CLUTTER,55149.8722324674,53319.330500858916,0.7293018152288289,0.21154600190626635,2,1134.321747974356,18.905362466239264,True
1965.57,RADAR_A,RADAR_A-T2861,HEDEF_3_MANEVRA,149980.31937591996,-139724.0207024679,328.9661304925414,143.3360008859305,10,216.16615264193132,2.021831720409404,False
1966.02,RADAR_A,RADAR_A-T2958,HEDEF_2,128818.07547955135,-237801.8769181976,-169.6229229146302,-148.6763754783796,13,241.73321845951273,0.8743393107950702,False
1966.1,RADAR_B,RADAR_B-T2702,HEDEF_2,128206.44427738446,-238030.78070516666,-189.7473431720695,-155.98793324816268,8,301.6342342573975,3.5355339059327378,False
1966.15,RADAR_A,RADAR_A-T5482,PGT549U,161330.11019888462,-237856.53115402735,170.07996301927693,-146.40537115741225,14,253.88756940618129,0.6611880635625048,False
1968.57,RADAR_A,RADAR_A-T2861,HEDEF_3_MANEVRA,150308.95062782115,-139228.6362774842,320.5701323157716,155.00621949185478,9,240.1944160971018,2.6736220001334834,False
1968.6,RADAR_A,RADAR_A-T2958,HEDEF_2,128075.26121424888,-238344.6254136408,-165.47345237557482,-145.30146763807335,12,246.06763687799196,1.1562054316023351,False
1969.16,RADAR_B,RADAR_B-T2028,PGT549U,161632.23310094635,-238165.87077072726,170.3511305064569,-144.101263437102,11,243.58301664357256,1.528938460803196,False
1969.2,RADAR_B,RADAR_B-T4499,HEDEF_3_MANEVRA,150610.01481135783,-139634.38667229793,295.5968758595793,127.11261161119438,6,398.7311870830649,6.1825125572116635,False
1969.28,RADAR_A,RADAR_A-T5482,PGT549U,161938.03001535512,-238248.66098904368,168.62405271943652,-145.85358088662156,12,260.7491893084378,1.1562054316023351,False
1971.0,RADAR_A,RADAR_A-SC62965,STATIC_CLUTTER,-331728.0040818475,-102057.38258483172,-0.3118266498019924,-0.05784043998755527,2,1134.321747974356,18.905362466239264,True
1971.0,RADAR_A,RADAR_A-T2861,HEDEF_3_MANEVRA,150081.86824482286,-139230.88622203039,302.24983101316417,143.2257018675553,11,200.83096298100006,1.528938460803196,False
1971.06,RADAR_A,RADAR_A-T2958,HEDEF_2,127996.05154887242,-238509.38392938444,-167.50609923959388,-147.5632888266861,13,241.95182141873704,0.8743393107950702,False
1971.08,RADAR_B,RADAR_B-T2702,HEDEF_2,127577.79541500179,-238157.48383806998,-173.05953731160497,-151.3052065398735,8,301.9009544951421,3.5355339059327378,False
1971.44,RADAR_C,RADAR_C-T9166,HEDEF_2,127833.5617875522,-238391.2971376686,-169.09386001057698,-147.5865432548565,7,395.2747986984591,4.6753056338464924,False
1972.11,RADAR_A,RADAR_A-T5482,PGT549U,162255.73864070975,-238638.65450439806,167.70252707253712,-147.4297874158002,13,257.2835667004429,0.8743393107950702,False
1973.27,RADAR_A,RADAR_A-T2958,HEDEF_2,127763.53643911552,-238681.86193436245,-165.49693861786955,-146.30420273928232,13,242.04858215706236,0.8743393107950702,False
1973.5,RADAR_A,RADAR_A-T2861,HEDEF_3_MANEVRA,150465.7431064648,-138427.96896260773,300.7468357526472,159.36645634241933,9,240.01740259734902,2.6736220001334834,False
1973.55,RADAR_B,RADAR_B-SC46433,STATIC_CLUTTER,-343925.53934116644,108115.75793907112,-0.33896029664093213,-0.26066560934693994,3,857.790551951732,14.296509199195533,True
1973.59,RADAR_B,RADAR_B-T4499,HEDEF_3_MANEVRA,150339.00960653854,-138511.4488498229,299.401697661206,156.5505755121854,7,316.19920826601316,4.6753056338464924,False
1975.26,RADAR_B,RADAR_B-T2028,PGT549U,162369.41823421296,-239338.94768011133,135.74260150152884,-160.6450722912335,8,310.49207538546597,3.5355339059327378,False
1975.61,RADAR_A,RADAR_A-T2958,HEDEF_2,127263.19641423033,-239171.91593626284,-162.42580442332326,-145.36811008548636,14,239.70667445881128,0.6611880635625048,False
1976.15,RADAR_A,RADAR_A-T2861,HEDEF_3_MANEVRA,150814.0067450178,-138111.49857282045,277.4090405437829,145.03361913381656,9,239.92315561081142,2.6736220001334834,False
1976.37,RADAR_C,RADAR_C-T9227,HEDEF_3_MANEVRA,150549.8250975017,-138103.693984064,326.5766402454477,194.79505491107628,4,681.7194524649581,10.811227536508623,False
1977.26,RADAR_A,RADAR_A-T2150,PGT549U,163360.80648974,-239364.497871504,162.86622612330157,-149.91696643316337,13,258.22253753138284,0.8743393107950702,False
1977.74,RADAR_B,RADAR_B-T4499,HEDEF_3_MANEVRA,150524.42877131066,-138001.80421222345,249.8316032654493,126.01176696520207,8,257.3054050821096,3.5355339059327378,False
1977.82,RADAR_A,RADAR_A-T2958,HEDEF_2,126747.66257882977,-239561.3195770358,-163.88732364095162,-147.4882663404525,13,242.25024984172927,0.8743393107950702,False
1978.6,RADAR_A,RADAR_A-T2861,HEDEF_3_MANEVRA,151081.45276006934,-137547.963759863,259.66003405811205,140.4931445756327,10,215.6474972210058,2.021831720409404,False
1979.67,RADAR_B,RADAR_B-T2028,PGT549U,163410.2091606221,-239795.55904302365,167.74336098329616,-147.50101618896622,10,257.8313748528387,2.021831720409404,False
1980.35,RADAR_A,RADAR_A-T2958,HEDEF_2,126177.64562926983,-240095.42486513912,-163.7008562569304,-145.83882369555087,14,239.92075559756594,0.6611880635625048,False
1980.62,RADAR_A,RADAR_A-T2861,HEDEF_3_MANEVRA,151008.29233126593,-137691.87714530656,249.66068494765534,133.75654127943156,9,239.76519382402682,2.6736220001334834,False
1980.69,RADAR_A,RADAR_A-T2833,PGT549U,163579.43859304336,-239974.66666159665,165.2388603586731,-147.84360585291853,14,256.56106674095764,0.6611880635625048,False
1981.59,RADAR_B,RADAR_B-T1977,HEDEF_2,126357.25706102978,-240107.88055511247,-168.7792835074057,-147.38098724738524,12,226.500300903192,1.1562054316023351,False
1982.06,RADAR_B,RADAR_B-T4499,HEDEF_3_MANEVRA,150909.78939684678,-137478.50603411676,257.01861048239766,149.99043139962183,9,216.4527664724122,2.6736220001334834,False
1982.6,RADAR_B,RADAR_B-T2028,PGT549U,163613.15475659334,-240116.70932181255,167.57737499629297,-147.78090217286748,9,278.8031073864994,2.6736220001334834,False
1983.03,RADAR_A,RADAR_A-T2958,HEDEF_2,125945.32398667453,-240303.78345792228,-167.00564973497063,-148.36760200051563,14,240.04286850314037,0.6611880635625048,False
1983.06,RADAR_C,RADAR_C-T9227,HEDEF_3_MANEVRA,150780.38415127332,-137869.01891203824,253.16911854104174,141.15068316948802,5,533.2709702673966,8.1756070113073,False
1983.18,RADAR_B,RADAR_B-T1977,HEDEF_2,126049.04001008454,-240222.67226889927,-164.6502248202636,-147.45797183837735,11,234.43167125574246,1.528938460803196,False
1983.6,RADAR_A,RADAR_A-T2861,HEDEF_3_MANEVRA,151157.59653375176,-137003.95589262937,232.82026854516073,138.89579643433018,10,215.45215168747796,2.021831720409404,False
1983.66,RADAR_A,RADAR_A-T2833,PGT549U,164137.9673770935,-240447.4963353786,167.3424927845848,-147.01467382174107,14,257.1076230461294,0.6611880635625048,False
1985.28,RADAR_A,RADAR_A-T2958,HEDEF_2,125513.52203513146,-240658.51185861818,-167.77835153510804,-148.62143077829586,14,240.14671636072717,0.6611880635625048,False
1985.63,RADAR_A,RADAR_A-T2861,HEDEF_3_MANEVRA,151267.97989221822,-136824.2209149899,229.63182198841218,145.88265631823663,11,200.2124081794156,1.528938460803196,False
1987.27,RADAR_B,RADAR_B-T1977,HEDEF_2,125360.53491213161,-240552.1604034457,-163.89187705396253,-150.62464792126207,9,269.0978561520141,2.6736220001334834,False
1987.59,RADAR_B,RADAR_B-T4499,HEDEF_3_MANEVRA,151213.0596356621,-136742.78251809982,231.45354394534004,159.4348983498821,8,256.91754412659265,3.5355339059327378,False
1987.98,RADAR_A,RADAR_A-T2958,HEDEF_2,125051.63429351823,-241053.83943890856,-165.28605214409413,-146.28795042617577,13,242.7116020072013,0.8743393107950702,False
1988.09,RADAR_B,RADAR_B-SC69319,STATIC_CLUTTER,389175.3729846344,-173872.15504495954,0.5436599188271412,0.34699243256054857,3,857.790551951732,14.296509199195533,True
1988.6,RADAR_A,RADAR_A-T4978,PGT549U,165269.29171056094,-240858.43339976133,164.24436518350785,-146.69220174085362,14,258.0156929100105,0.6611880635625048,False
1989.11,RADAR_A,RADAR_A-T2861,HEDEF_3_MANEVRA,151220.3501475824,-136123.6075080387,212.7534986380163,142.4609619999913,9,239.46920110240615,2.6736220001334834,False
1991.12,RADAR_A,RADAR_A-T2958,HEDEF_2,124618.8567986648,-241488.51835746283,-166.0336759393612,-146.8736894045183,14,240.4187297240659,0.6611880635625048,False
1991.47,RADAR_A,RADAR_A-T4978,PGT549U,165472.0111889898,-241484.00187964758,160.66430798466362,-149.52226784275393,12,264.7338498034811,1.1562054316023351,False
1991.61,RADAR_C,RADAR_C-T9227,HEDEF_3_MANEVRA,151495.02162880095,-135828.8600696312,177.22829999479532,120.24086987729088,5,533.0192178051603,8.1756070113073,False
1991.97,RADAR_A,RADAR_A-T2861,HEDEF_3_MANEVRA,151682.93913192552,-135966.0272025306,199.09246073176212,146.22947701581126,11,199.95035999973422,1.528938460803196,False
1993.56,RADAR_B,RADAR_B-SC55470,STATIC_CLUTTER,100582.11142839212,207812.01955984687,-0.5902029662680016,-0.4658922644441446,4,648.6736521905174,10.811227536508623,True
1994.18,RADAR_A,RADAR_A-T4978,PGT549U,165716.02850762446,-242031.20549385776,169.21468601969337,-145.12828638476498,12,265.22174473029224,1.1562054316023351,False
1994.75,RADAR_A,RADAR_A-T2861,HEDEF_3_MANEVRA,152016.4922781007,-135611.2324098624,176.6510500381107,135.32303809004833,9,239.2754228470983,2.6736220001334834,False
1994.89,RADAR_B,RADAR_B-T4803,PGT549U,165622.95735381177,-241929.73075567267,168.73816559378918,-144.3898768308359,10,260.2171840958416,2.021831720409404,False
1994.98,RADAR_B,RADAR_B-T4499,HEDEF_3_MANEVRA,151408.79564364714,-135414.39092331074,175.10894312832647,126.40340511897638,5,511.35639225730705,8.1756070113073,False
1995.33,RADAR_A,RADAR_A-T5812,HEDEF_2,123963.99879545717,-242093.72748064424,-167.0690336339516,-148.9014703421294,12,247.2565047743884,1.1562054316023351,False
1996.38,RADAR_C,RADAR_C-SC05477,STATIC_CLUTTER,55144.63695472957,53340.29206438013,0.23559885007947198,0.42769908879129603,4,648.6736521905174,10.811227536508623,True
1996.97,RADAR_A,RADAR_A-T4978,PGT549U,166222.36786768638,-242468.11961975688,165.75077048604527,-145.3933525991543,14,259.5579585967608,0.6611880635625048,False
1997.67,RADAR_A,RADAR_A-T2861,HEDEF_3_MANEVRA,151739.64514726834,-135226.86741720006,167.29827707349875,146.00184880820368,9,239.1762023773085,2.6736220001334834,False
1998.45,RADAR_A,RADAR_A-T5812,HEDEF_2,123117.74974338805,-242658.55190631023,-166.94274888488567,-147.84685078210126,13,243.2023325546821,0.8743393107950702,False
1998.57,RADAR_A,RADAR_A-T4978,PGT549U,166312.4099314368,-242733.14723408598,164.82074816678212,-145.97073250871313,14,259.85132098633386,0.6611880635625048,False
1999.67,RADAR_B,RADAR_B-T4499,HEDEF_3_MANEVRA,151930.6009874947,-134676.93577289738,184.05595875267957,151.41670198086962,6,397.9590925348241,6.1825125572116635,False
2000.18,RADAR_A,RADAR_A-T2861,HEDEF_3_MANEVRA,151990.505625241,-134769.64474095666,158.78182147715296,148.88878397845383,11,199.6157989277173,1.528938460803196,False
2000.2,RADAR_B,RADAR_B-T2921,HEDEF_2,123477.07129478447,-242614.8934211099,-163.12587676873292,-143.51623911912748,11,235.66344024096705,1.528938460803196,False
2000.34,RADAR_A,RADAR_A-T4978,PGT549U,166995.12099977097,-242683.13444726876,166.56231445100588,-145.14463026071505,14,260.1781137128221,0.6611880635625048,False
2003.04,RADAR_A,RADAR_A-T1204,HEDEF_2,122877.13307242203,-243073.04621693105,-169.1382049029117,-148.34774768380146,14,240.99090953373462,0.6611880635625048,False
2003.12,RADAR_A,RADAR_A-T2861,HEDEF_3_MANEVRA,152496.84152472392,-134423.7862811654,146.22678043916196,141.1718593469809,9,239.06773333155203,2.6736220001334834,False
2005.0,RADAR_A,RADAR_A-T2861,HEDEF_3_MANEVRA,152897.23473971058,-134266.23939990604,144.77612139628238,150.66637091113617,9,239.17756915541048,2.6736220001334834,False
2005.11,RADAR_A,RADAR_A-T1204,HEDEF_2,122686.66530778153,-243446.5416197164,-163.3220404603951,-146.18425804846333,14,241.09457189324047,0.6611880635625048,False
2005.22,RADAR_A,RADAR_A-T1594,PGT549U,167875.83555803174,-243499.52561257186,161.66044398808785,-149.1105780909092,14,261.074128216192,0.6611880635625048,False
2005.44,RADAR_B,RADAR_B-T2921,HEDEF_2,122384.91969776971,-243467.90784844657,-177.16336207546388,-149.95840121512293,10,249.04117307834312,2.021831720409404,False
2007.13,RADAR_A,RADAR_A-T1204,HEDEF_2,121452.03103131877,-244056.87250900138,-168.6718752447834,-148.7907268813158,13,243.62672007133742,0.8743393107950702,False
2007.56,RADAR_A,RADAR_A-T2861,HEDEF_3_MANEVRA,153429.08581383742,-133702.69250288236,128.0763299159959,141.1205034587724,10,215.08225883344755,2.021831720409404,False
2008.07,RADAR_A,RADAR_A-T1594,PGT549U,168349.55953172944,-243885.5635932302,161.59546910694226,-149.85668788864416,13,263.8404010693236,0.8743393107950702,False
2008.45,RADAR_B,RADAR_B-T4624,PGT549U,168101.27861943125,-244001.86796124416,160.54909845976485,-148.99972983842903,11,250.0537823350936,1.528938460803196,False
2009.71,RADAR_A,RADAR_A-T1204,HEDEF_2,121213.18466618203,-244377.76788666222,-170.21414288784655,-149.38975530810825,13,243.7560766855229,0.8743393107950702,False
2010.31,RADAR_A,RADAR_A-T2861,HEDEF_3_MANEVRA,154207.61015252344,-133149.8848451721,123.00152808977722,139.18629447814575,11,200.09644285558286,1.528938460803196,False
2010.92,RADAR_A,RADAR_A-SC62965,STATIC_CLUTTER,-331776.32426107634,-102079.09610137517,-0.47176604707156017,0.023721260270720468,4,648.6736521905174,10.811227536508623,True
2011.06,RADAR_B,RADAR_B-T2921,HEDEF_2,121422.57843392246,-244224.68406863714,-157.482477878196,-146.75184207264812,9,270.6281238054879,2.6736220001334834,False
2011.18,RADAR_B,RADAR_B-SC46433,STATIC_CLUTTER,-343934.19292460015,108085.3013835785,-0.9083587772596765,-0.23968816408447166,3,857.790551951732,14.296509199195533,True
2012.51,RADAR_A,RADAR_A-T2861,HEDEF_3_MANEVRA,154684.19033289826,-132687.18971230698,122.63256875244478,141.73411504614356,10,215.41268006204257,2.021831720409404,False
2013.79,RADAR_B,RADAR_B-T4624,PGT549U,168912.82709822574,-244908.06542811604,179.51094266884428,-142.3193668925642,8,315.51991621176086,3.5355339059327378,False
2014.01,RADAR_A,RADAR_A-T7628,HEDEF_2,121109.92432415289,-244626.29318678327,-167.9183553386371,-148.29513059363762,14,241.54723331662467,0.6611880635625048,False
2014.05,RADAR_A,RADAR_A-T1344,PGT549U,169344.15023723675,-244795.64441146248,167.42755059016775,-145.6068893709621,13,264.92966582130526,0.8743393107950702,False
2015.41,RADAR_B,RADAR_B-T4060,HEDEF_3_MANEVRA,155398.86685049982,-132348.0178543118,130.22358412683622,161.74344889760746,8,256.59364444957725,3.5355339059327378,False
2015.46,RADAR_A,RADAR_A-T2861,HEDEF_3_MANEVRA,155600.0464991171,-132372.0862480453,121.23487269975057,145.93122925464075,11,200.4702950487309,1.528938460803196,False
2016.13,RADAR_A,RADAR_A-T7628,HEDEF_2,120427.86733551898,-245231.28554173856,-161.08227131368614,-145.49423339370915,14,241.65642297098546,0.6611880635625048,False
2016.26,RADAR_B,RADAR_B-T2921,HEDEF_2,120501.88784263787,-245074.17459806282,-174.27339588964145,-151.76315651696248,11,236.87281046641317,1.528938460803196,False
2018.33,RADAR_A,RADAR_A-T2861,HEDEF_3_MANEVRA,156054.88135832408,-132016.85643095852,116.77844918067696,153.7999333013538,10,215.8089853943752,2.021831720409404,False
2018.57,RADAR_A,RADAR_A-T7628,HEDEF_2,119995.00161077027,-245493.0028959167,-166.2459333378817,-147.63453491559102,13,244.2080194267868,0.8743393107950702,False
2018.96,RADAR_A,RADAR_A-T7938,PGT549U,169938.7369637176,-245564.84913801227,161.72969283850455,-150.6034541558628,12,269.6714118935734,1.1562054316023351,False
2019.29,RADAR_B,RADAR_B-T4624,PGT549U,169731.25652390532,-245608.7328645786,164.5460469224763,-147.21042043354208,12,244.58785657867156,1.1562054316023351,False
2019.55,RADAR_B,RADAR_B-T2921,HEDEF_2,120081.20911619806,-245554.8910692934,-166.2587101351013,-150.682886980226,10,250.0579905510741,2.021831720409404,False
2020.57,RADAR_A,RADAR_A-SC62965,STATIC_CLUTTER,-331688.12989516446,-102062.89644023393,-0.2140471567045517,0.38173939478917135,4,648.6736521905174,10.811227536508623,True
2020.9,RADAR_A,RADAR_A-T7628,HEDEF_2,119533.69257524698,-246008.16009487736,-172.06677353118369,-150.0798530333777,13,244.3283679965887,0.8743393107950702,False
2021.2,RADAR_A,RADAR_A-T2861,HEDEF_3_MANEVRA,157092.1360051053,-131505.81826708748,116.53269053591352,151.6801861639445,10,216.0083297554499,2.021831720409404,False
2021.9,RADAR_B,RADAR_B-T4060,HEDEF_3_MANEVRA,156801.99726307442,-131693.89646248156,100.75611479555225,145.56496459584454,6,398.14800305673646,6.1825125572116635,False
2021.95,RADAR_A,RADAR_A-T7938,PGT549U,170554.96129590858,-245893.20993612174,164.44277372394902,-146.88628274753566,13,266.36873998258943,0.8743393107950702,False
2022.07,RADAR_B,RADAR_B-SC69319,STATIC_CLUTTER,389175.33720921585,-173892.69246189966,-0.27568093893292533,-0.3429009266307825,3,857.790551951732,14.296509199195533,True
2022.27,RADAR_C,RADAR_C-SC05477,STATIC_CLUTTER,55145.461860982316,53301.36639588847,0.5017841790580224,-0.5598124497072529,3,857.790551951732,14.296509199195533,True
2023.08,RADAR_A,RADAR_A-SC14575,STATIC_CLUTTER,-336612.0046152938,-43820.83057412805,-0.07005699445622213,-0.28360452848527895,1,1500.0,25.0,True
2023.4,RADAR_A,RADAR_A-T7628,HEDEF_2,119552.90646745623,-246112.25597395125,-166.08706281723303,-146.42626531299854,13,244.45868409256147,0.8743393107950702,False
2024.28,RADAR_B,RADAR_B-T2921,HEDEF_2,119071.19389678609,-246320.15936474592,-184.82744105243196,-151.76676853643073,9,271.5143848444217,2.6736220001334834,False
2024.54,RADAR_A,RADAR_A-T2861,HEDEF_3_MANEVRA,157964.52964767578,-131092.99834942087,106.70662803203922,151.95978910730764,10,216.24305852947654,2.021831720409404,False
2024.92,RADAR_A,RADAR_A-T7938,PGT549U,170809.49457595023,-246459.51830047276,169.32108560995857,-142.91039481351947,14,264.69341657974564,0.6611880635625048,False
2025.76,RADAR_A,RADAR_A-T7628,HEDEF_2,119263.85780864218,-246396.31686398032,-167.39758725094845,-146.80776279540154,14,242.16172557255996,0.6611880635625048,False
2026.4,RADAR_A,RADAR_A-T2861,HEDEF_3_MANEVRA,158295.82412998227,-130735.48813347724,106.96652262998903,152.2000331610303,11,201.28961028824222,1.528938460803196,False
2026.76,RADAR_B,RADAR_B-T4060,HEDEF_3_MANEVRA,158409.99215019305,-130683.24707758111,84.94433767565559,135.30900464464474,5,511.4730563102,8.1756070113073,False
2027.17,RADAR_B,RADAR_B-T2921,HEDEF_2,118493.16295264139,-246761.21564253955,-155.40598032854894,-144.35521623154156,9,271.7105161516444,2.6736220001334834,False
2027.25,RADAR_C,RADAR_C-T7998,HEDEF_2,118937.8839174689,-246641.4329115586,-167.02394435039255,-144.38149408093656,6,466.27854489695096,6.1825125572116635,False
2027.66,RADAR_A,RADAR_A-T7938,PGT549U,171219.19112220695,-246947.15725410674,162.15120432351566,-147.2362235732909,13,267.40847498109997,0.8743393107950702,False
2027.92,RADAR_A,RADAR_A-T7628,HEDEF_2,118875.61801818045,-246684.29590701679,-162.81784560900138,-145.06925817749797,14,242.27689650115173,0.6611880635625048,False
2028.46,RADAR_B,RADAR_B-T1177,PGT549U,171190.34476412192,-246947.33034601793,173.61599587670494,-149.13720326771642,8,317.4559166756467,3.5355339059327378,False
2028.6,RADAR_C,RADAR_C-T7052,PGT549U,171563.73470148174,-246751.07683943928,169.0234167740262,-151.57360719161497,7,411.0671299921189,4.6753056338464924,False
2028.79,RADAR_A,RADAR_A-T2861,HEDEF_3_MANEVRA,158942.87321222527,-130667.04538216567,91.3457486774295,144.52242136740173,11,201.47322659680177,1.528938460803196,False
2029.67,RADAR_A,RADAR_A-T7938,PGT549U,171562.95454685483,-247252.23582980537,167.29513240504707,-144.57380360689928,14,265.5660759980821,0.6611880635625048,False
2030.46,RADAR_A,RADAR_A-T7628,HEDEF_2,118499.6545867979,-247005.8825757122,-163.4260678473721,-146.92949495524027,14,242.4128358375986,0.6611880635625048,False
2031.12,RADAR_A,RADAR_A-T2861,HEDEF_3_MANEVRA,159447.98418912065,-129951.40979347362,99.81822848317051,157.75278821685762,10,216.71356809864028,2.021831720409404,False
2031.68,RADAR_B,RADAR_B-SC55470,STATIC_CLUTTER,100561.85580136534,207784.99559236047,-0.9912495900530559,0.0994031045017963,1,1500.0,25.0,True
2032.34,RADAR_B,RADAR_B-T4060,HEDEF_3_MANEVRA,160216.39815946546,-130493.35526123793,105.60758213768906,161.04077439075655,5,511.54536375035514,8.1756070113073,False
2032.41,RADAR_A,RADAR_A-T7938,PGT549U,171960.57395014827,-247599.5684866065,167.0962825332643,-145.51099819762163,14,266.0699376579289,0.6611880635625048,False
2032.58,RADAR_A,RADAR_A-T7628,HEDEF_2,117597.59558538938,-247692.70521377624,-170.84563249489287,-151.98819369243094,12,249.11503719334456,1.1562054316023351,False
2033.03,RADAR_C,RADAR_C-T7677,HEDEF_3_MANEVRA,159489.4233382535,-130140.8186006443,93.23383733486685,145.2527294948681,6,425.47569953789485,6.1825125572116635,False
2033.31,RADAR_A,RADAR_A-T2861,HEDEF_3_MANEVRA,160001.1135079673,-129748.79146073667,87.923722103364,146.67021676617838,11,201.8247342178844,1.528938460803196,False
2034.88,RADAR_B,RADAR_B-T1177,PGT549U,172574.67547288167,-247785.4330701261,157.3502002985273,-150.94561499685688,10,266.52508403423724,2.021831720409404,False
2035.14,RADAR_A,RADAR_A-T7628,HEDEF_2,117824.28947963846,-247743.09369509312,-163.2668690240128,-145.95688336050736,14,242.66614041063784,0.6611880635625048,False
2035.21,RADAR_A,RADAR_A-T7938,PGT549U,172559.83800948935,-248003.5187059382,161.01653644906676,-148.77004808753568,13,268.78485374416283,0.8743393107950702,False
2035.22,RADAR_A,RADAR_A-T2861,HEDEF_3_MANEVRA,160302.87686302184,-129569.30613609891,80.21942185926179,144.5152442444251,10,217.01242053495392,2.021831720409404,False
2035.65,RADAR_B,RADAR_B-T2520,HEDEF_2,117643.76031222881,-247773.05771026347,-155.02019242314933,-143.56074173393893,12,230.69908571763855,1.1562054316023351,False
2036.18,RADAR_B,RADAR_B-SC46433,STATIC_CLUTTER,-343930.6273791322,108122.72661203446,0.43003006080825973,0.38614958135655686,2,1134.321747974356,18.905362466239264,True
2036.18,RADAR_B,RADAR_B-SC69319,STATIC_CLUTTER,389200.4422325447,-173918.13610737066,-0.011778238168830824,0.06874003973615157,3,857.790551951732,14.296509199195533,True
2036.18,RADAR_B,RADAR_B-SC55470,STATIC_CLUTTER,100578.3032637906,207802.68048550494,-0.15193778468187014,-0.2723107620622509,1,1500.0,25.0,True
2036.36,RADAR_B,RADAR_B-T4060,HEDEF_3_MANEVRA,160660.20462822885,-129511.51559260814,87.31046177738855,145.85691181317503,8,257.1158791916754,3.5355339059327378,False
2037.0,RADAR_A,RADAR_A-T7628,HEDEF_2,117257.46298434565,-248085.9916644687,-165.28142783671214,-146.4065344075452,14,242.76774162923678,0.6611880635625048,False
2037.41,RADAR_A,RADAR_A-T2861,HEDEF_3_MANEVRA,160858.07468134325,-129170.63115854342,78.61625067834065,146.23406212835215,10,217.17417709245277,2.021831720409404,False
2037.71,RADAR_B,RADAR_B-T1177,PGT549U,173256.90181580317,-247953.98168495085,163.14765813973776,-145.93094924712096,12,247.73166590660705,1.1562054316023351,False
2038.01,RADAR_C,RADAR_C-T7998,HEDEF_2,116882.907700089,-248181.37676537628,-167.5498615269322,-147.9993867302909,5,566.482741754791,8.1756070113073,False
2038.05,RADAR_A,RADAR_A-T7938,PGT549U,172854.8437365551,-248475.01005516568,166.6206363087067,-146.0842715711521,14,267.10618158713913,0.6611880635625048,False
2040.03,RADAR_A,RADAR_A-T7628,HEDEF_2,116515.78841528318,-248753.37779002023,-160.67184648016914,-145.20707604118667,13,245.3471035453994,0.8743393107950702,False
2040.39,RADAR_A,RADAR_A-SC14575,STATIC_CLUTTER,-336592.6097371743,-43781.45940710927,-0.015976717921221715,-0.44100760827887364,1,1500.0,25.0,True
2040.54,RADAR_A,RADAR_A-T7938,PGT549U,173733.51120106698,-248581.15990572787,160.28738743539355,-146.90473007058455,11,280.05732881532913,1.528938460803196,False
2040.82,RADAR_C,RADAR_C-T7677,HEDEF_3_MANEVRA,161476.79288035375,-129009.19964924644,109.48714975013297,165.4788013919578,7,349.5941039610307,4.6753056338464924,False
2041.45,RADAR_B,RADAR_B-SC46433,STATIC_CLUTTER,-343889.8115628643,108113.69710413094,0.30518215695045664,-0.37761280213750736,2,1134.321747974356,18.905362466239264,True
2042.07,RADAR_B,RADAR_B-T4060,HEDEF_3_MANEVRA,162005.5206819797,-128505.44775057636,112.44296244742236,171.43587630989475,6,398.4918815469664,6.1825125572116635,False
2042.8,RADAR_A,RADAR_A-T1980,HEDEF_3_MANEVRA,162366.07308751607,-128295.93245555511,67.95327598929677,145.75008462648194,11,202.5824023339224,1.528938460803196,False
2042.8,RADAR_A,RADAR_A-T7628,HEDEF_2,116338.2168718819,-248926.8086328112,-147.26259200747646,-142.87592023235365,9,288.53304454922977,2.6736220001334834,False
2043.25,RADAR_A,RADAR_A-T7938,PGT549U,173732.55020654073,-249358.29575552308,160.62340157337286,-149.35133087441494,10,291.5470369891972,2.021831720409404,False
2044.97,RADAR_A,RADAR_A-T1980,HEDEF_3_MANEVRA,162697.53855438044,-127933.9667764098,53.983419168313844,137.3353976342015,9,241.72168070315576,2.6736220001334834,False
2045.45,RADAR_B,RADAR_B-T8849,HEDEF_2,115871.71796984086,-249336.2859398018,-185.45152024806998,-154.86667638461867,9,272.97589202924127,2.6736220001334834,False
2046.38,RADAR_B,RADAR_B-T4060,HEDEF_3_MANEVRA,162959.0605671338,-127629.96996905186,47.78577380982994,145.44785854795563,5,511.7446230882963,8.1756070113073,False
2046.46,RADAR_A,RADAR_A-T7938,PGT549U,174294.6677102063,-249593.16614814976,158.10838342789378,-149.0678534769324,10,292.09090240400155,2.021831720409404,False
2047.07,RADAR_A,RADAR_A-T1980,HEDEF_3_MANEVRA,163100.34237257988,-128090.25554721511,52.899482816966106,137.2978980479063,11,202.93165530996683,1.528938460803196,False
2048.29,RADAR_A,RADAR_A-T9035,HEDEF_2,115147.93400270608,-250132.26596670237,-159.42618320291282,-141.5857246854078,11,257.06463822081383,1.528938460803196,False
2048.81,RADAR_B,RADAR_B-T1470,PGT549U,174677.66923406598,-249515.0860587722,146.23946407632667,-153.78011110612366,6,441.71042461540213,6.1825125572116635,False
2049.0,RADAR_A,RADAR_A-T9035,HEDEF_2,115081.23369068094,-249929.98497775075,-174.07311955871597,-149.61096212710197,11,257.1027283140483,1.528938460803196,False
2049.38,RADAR_A,RADAR_A-T1980,HEDEF_3_MANEVRA,164018.60343629922,-127745.70283161261,60.839373824880695,149.7888081231008,10,218.0809657971576,2.021831720409404,False
2049.55,RADAR_A,RADAR_A-T7938,PGT549U,174759.09625513552,-250138.88078529193,165.70973750140874,-145.67063989441363,10,292.6132141278621,2.021831720409404,False
2050.79,RADAR_B,RADAR_B-SC69319,STATIC_CLUTTER,389178.511978462,-173928.8878560591,-0.8562541569852158,0.5279224660795699,2,1134.321747974356,18.905362466239264,True
2050.95,RADAR_C,RADAR_C-T7677,HEDEF_3_MANEVRA,164329.621968853,-128195.98638067588,28.40741646280256,144.78325994377082,4,681.5019778296192,10.811227536508623,False
2051.75,RADAR_A,RADAR_A-T9035,HEDEF_2,114513.43287992304,-250425.99754424376,-167.10556075104776,-144.95860023792943,11,257.24974087429666,1.528938460803196,False
2051.84,RADAR_A,RADAR_A-T7938,PGT549U,175177.77793032944,-250558.05730618653,167.79093683406595,-141.19666707074393,11,282.04480578166164,1.528938460803196,False
2052.08,RADAR_C,RADAR_C-T7998,HEDEF_2,114969.87606272125,-249738.95618608888,-149.5474657605486,-149.1915492710768,6,467.442705036896,6.1825125572116635,False
2052.24,RADAR_B,RADAR_B-T4060,HEDEF_3_MANEVRA,164641.0175467551,-127516.98692149388,49.16550637248366,136.73906512690772,9,216.98587982016542,2.6736220001334834,False
2052.46,RADAR_A,RADAR_A-T1980,HEDEF_3_MANEVRA,164710.00942754422,-127197.66561395468,50.026627245833225,145.08779791138232,11,203.37895533542047,1.528938460803196,False
2053.72,RADAR_A,RADAR_A-T9035,HEDEF_2,114268.94285801706,-250757.1975651829,-158.44238414976564,-139.92788179320985,10,269.3187234004365,2.021831720409404,False
2054.13,RADAR_B,RADAR_B-SC55470,STATIC_CLUTTER,100588.73414665807,207788.62665234346,-0.5419915102824476,0.13345089502178722,1,1500.0,25.0,True
2054.34,RADAR_A,RADAR_A-T7938,PGT549U,175280.15481738868,-250987.77397482077,161.34267713001964,-142.675604003953,11,282.4854680994266,1.528938460803196,False
2054.47,RADAR_C,RADAR_C-SC05477,STATIC_CLUTTER,55111.70126892592,53306.758640883214,-0.1163963746908729,-0.22471710754462063,1,1500.0,25.0,True
2056.3,RADAR_A,RADAR_A-T9035,HEDEF_2,113833.21196075378,-250841.61767523698,-173.12840175212423,-152.2100445231368,9,289.1748457727766,2.6736220001334834,False
2056.75,RADAR_B,RADAR_B-T4060,HEDEF_3_MANEVRA,165610.60871682217,-126593.08498654918,55.18471809121209,157.9199462379716,8,257.727102486875,3.5355339059327378,False
2057.32,RADAR_A,RADAR_A-T2204,HEDEF_3_MANEVRA,165982.37771602167,-126455.32933715166,37.30400572795468,139.13601225890207,9,242.58702340757995,2.6736220001334834,False
2058.2,RADAR_A,RADAR_A-T7938,PGT549U,176588.7033775827,-251423.31652873245,168.31549055512716,-140.98145098702923,9,312.24951003829403,2.6736220001334834,False
2058.83,RADAR_A,RADAR_A-T9035,HEDEF_2,113036.72665887843,-251689.04807481007,-151.69800163895465,-139.1627016121612,9,289.2974859978042,2.6736220001334834,False
2059.39,RADAR_B,RADAR_B-T7381,HEDEF_2,113425.99286517357,-251071.65407024344,-162.98449245842278,-145.04007182927205,7,357.79102728588,4.6753056338464924,False
2060.4,RADAR_A,RADAR_A-T2204,HEDEF_3_MANEVRA,166795.57691101474,-125785.93219999693,36.69723633904831,148.13098976113605,11,204.05365085010084,1.528938460803196,False
2061.44,RADAR_A,RADAR_A-T9035,HEDEF_2,113363.37879870932,-251758.19767217076,-169.97352903078163,-151.0084876393956,9,289.4248422700307,2.6736220001334834,False
2061.49,RADAR_C,RADAR_C-T7998,HEDEF_2,113457.88632398279,-251430.9026323307,-151.70431410246695,-143.01710792787668,7,400.01533699153896,4.6753056338464924,False
2061.76,RADAR_B,RADAR_B-T4060,HEDEF_3_MANEVRA,166958.91970345745,-125694.51515229774,45.61696795352069,164.58502462814826,8,257.89295129320493,3.5355339059327378,False
2062.12,RADAR_B,RADAR_B-T1144,PGT549U,176729.75796448288,-251814.70133015467,173.7884109237026,-141.94480143861998,9,290.4855562950308,2.6736220001334834,False
2063.19,RADAR_A,RADAR_A-T7913,PGT549U,177267.4151803143,-252206.44634921974,162.1362798368002,-146.14331565610203,10,294.9254753212005,2.021831720409404,False
2064.92,RADAR_A,RADAR_A-T7913,PGT549U,177284.6655449377,-252310.59521042122,156.11284218567525,-151.56816781431672,11,284.34786020785646,1.528938460803196,False
2065.53,RADAR_A,RADAR_A-T7916,HEDEF_3_MANEVRA,167916.55993705272,-125102.56663089976,17.877045620312067,136.0404634972325,11,204.4985799954377,1.528938460803196,False
2066.13,RADAR_C,RADAR_C-SC05477,STATIC_CLUTTER,55164.9254378648,53295.966846352465,-0.06883192526555985,0.38164178745190236,1,1500.0,25.0,True
2066.91,RADAR_C,RADAR_C-T2706,PGT549U,176857.1818682509,-251803.4935948471,127.18504885903926,-177.08458885931339,4,717.7897256166058,10.811227536508623,False
2067.72,RADAR_B,RADAR_B-T1144,PGT549U,177685.56154808146,-252779.11286148586,156.28843953408628,-153.06239938837598,9,291.3194736350547,2.6736220001334834,False
2067.93,RADAR_B,RADAR_B-T4060,HEDEF_3_MANEVRA,168414.7940889271,-124963.65662591699,-7.048092255518355,115.75255542337885,7,316.71566425363375,4.6753056338464924,False
2068.24,RADAR_A,RADAR_A-T7916,HEDEF_3_MANEVRA,168812.8996718505,-124422.98091845746,21.325475912319583,149.05935770204132,11,204.73719436656978,1.528938460803196,False
2068.41,RADAR_A,RADAR_A-T3112,HEDEF_2,111766.91617992414,-253028.10309991418,-163.9142995822786,-149.4513904486762,10,270.08954969145685,2.021831720409404,False
2069.77,RADAR_A,RADAR_A-CL18033,CLUTTER,-34251.08326349361,237428.33402865205,2.0866595987851846,0.05911788192972225,2,1134.321747974356,18.905362466239264,True
2070.08,RADAR_A,RADAR_A-T8048,PGT549U,178002.65210571463,-253121.4640447627,163.1945621692768,-147.3195550940433,11,285.257137499284,1.528938460803196,False
2070.75,RADAR_A,RADAR_A-T3112,HEDEF_2,111732.72909028798,-252989.39236741373,-159.90809532084347,-146.05371468974317,10,270.21480441701755,2.021831720409404,False
2071.0,RADAR_A,RADAR_A-T7916,HEDEF_3_MANEVRA,169297.51824921396,-124313.79477747397,5.3921472946377875,137.84558836446797,9,243.5891401886385,2.6736220001334834,False
2072.5,RADAR_B,RADAR_B-T1144,PGT549U,178623.08121754145,-253638.3128007108,128.22921312865597,-151.76092806219944,5,547.8827038891462,8.1756070113073,False
2072.65,RADAR_B,RADAR_B-T4060,HEDEF_3_MANEVRA,169234.33446006972,-124104.10964937908,4.467753849070505,147.00677254786154,6,399.1365631568396,6.1825125572116635,False
2073.33,RADAR_A,RADAR_A-T7916,HEDEF_3_MANEVRA,169714.7896864979,-124331.674609404,9.789914151887416,145.7499410204519,10,220.00725463224194,2.021831720409404,False
2073.42,RADAR_A,RADAR_A-T3112,HEDEF_2,111253.80335977841,-253508.86700812107,-156.29450787473917,-143.0714335146931,11,258.44391187910435,1.528938460803196,False
2075.67,RADAR_C,RADAR_C-T7998,HEDEF_2,111112.88052942388,-253045.01056077558,-130.19605844542127,-126.65275496147575,5,567.977321390476,8.1756070113073,False
2076.24,RADAR_A,RADAR_A-T7916,HEDEF_3_MANEVRA,170477.7041509541,-123721.6789844265,6.1506589913082905,147.73039806012184,9,243.98453408508868,2.6736220001334834,False
2076.3,RADAR_B,RADAR_B-T1144,PGT549U,179244.2916933787,-254361.4164979797,151.99032150755534,-153.04570480914836,6,444.3943735521765,6.1825125572116635,False
2077.46,RADAR_B,RADAR_B-SC69319,STATIC_CLUTTER,389162.0615502762,-173924.2591935242,0.18545945806995576,-0.38747168685623945,1,1500.0,25.0,True
2078.85,RADAR_B,RADAR_B-T4060,HEDEF_3_MANEVRA,171294.3119883058,-123391.84614486099,14.131002100880508,159.76407022162493,6,399.28521017431143,6.1825125572116635,False
2079.21,RADAR_A,RADAR_A-T7916,HEDEF_3_MANEVRA,171408.07398932232,-123058.87481068673,-0.4215015278861358,144.14889613470274,10,220.5029858553349,2.021831720409404,False
2079.34,RADAR_A,RADAR_A-T4933,HEDEF_2,110167.8222353407,-254603.25493888455,-152.17007726281327,-142.23139873804382,9,290.31980693286766,2.6736220001334834,False
2079.45,RADAR_A,RADAR_A-T8304,PGT549U,179509.37619890957,-254571.95543518884,166.37880504204412,-142.29356069278762,10,297.68747886172736,2.021831720409404,False
2080.05,RADAR_B,RADAR_B-T1144,PGT549U,180195.78905087835,-254851.62205955875,145.99477053635363,-151.84985083637898,6,444.763642941177,6.1825125572116635,False
2081.73,RADAR_A,RADAR_A-T4933,HEDEF_2,109507.27006879589,-255188.48236126621,-154.73049217204672,-146.72342819390695,11,258.91750123466966,1.528938460803196,False
2081.76,RADAR_A,RADAR_A-T8304,PGT549U,179943.09607605965,-255151.264973917,167.3568969936464,-146.9967757792195,9,316.02097982600685,2.6736220001334834,False
2081.86,RADAR_B,RADAR_B-SC69319,STATIC_CLUTTER,389173.06653918285,-173899.5169467284,0.41297520170461394,-0.3821924265694561,2,1134.321747974356,18.905362466239264,True
2082.43,RADAR_B,RADAR_B-T5166,HEDEF_2,109797.25973709208,-254585.457465719,-169.58770185437461,-153.82153492999734,8,308.62673299554575,3.5355339059327378,False
2083.74,RADAR_B,RADAR_B-T4060,HEDEF_3_MANEVRA,172490.36505616267,-122157.93343103,-17.046175526124074,143.02768934629123,7,317.193722031083,4.6753056338464924,False
2084.16,RADAR_A,RADAR_A-T2823,HEDEF_3_MANEVRA,172274.765874943,-122528.41744018815,-7.74200948851329,152.208714252047,11,206.17564446798028,1.528938460803196,False
2084.59,RADAR_A,RADAR_A-T8304,PGT549U,180600.38980856567,-255037.6969318841,171.51638549979543,-141.0411783592362,10,298.56199910980814,2.021831720409404,False
2084.79,RADAR_B,RADAR_B-T1144,PGT549U,180452.48872616488,-255025.9936428627,156.11930240419147,-153.6918346390687,7,373.25366266820265,4.6753056338464924,False
2085.19,RADAR_C,RADAR_C-T3790,HEDEF_3_MANEVRA,172647.32822631657,-122351.06970758265,8.808872773214304,167.52138208463037,3,883.2037664604774,14.296509199195533,False
2085.19,RADAR_A,RADAR_A-T4933,HEDEF_2,108695.83527130038,-255424.497223122,-161.6713737641562,-145.8542371806385,10,271.00256103168095,2.021831720409404,False
2086.18,RADAR_B,RADAR_B-SC55470,STATIC_CLUTTER,100552.4232669308,207794.38686307124,1.2268468062643754,-0.34570090419083355,2,1134.321747974356,18.905362466239264,True
2086.18,RADAR_B,RADAR_B-SC69319,STATIC_CLUTTER,389152.2524562101,-173871.16302996498,0.34365398962352617,-0.24383532720453968,1,1500.0,25.0,True
2086.23,RADAR_A,RADAR_A-T8304,PGT549U,180857.80146131772,-255443.2741377444,170.70855646382387,-140.90444593824043,11,288.1071598400946,1.528938460803196,False
2086.37,RADAR_B,RADAR_B-T5166,HEDEF_2,108896.80472056776,-255573.45267721478,-173.29367432927893,-149.47157070184915,5,539.4800337765387,8.1756070113073,False
2086.41,RADAR_A,RADAR_A-T2823,HEDEF_3_MANEVRA,173248.1450245334,-122323.43029739059,-13.754829117292743,149.58321885336,10,221.12241507430372,2.021831720409404,False
2087.26,RADAR_A,RADAR_A-T4933,HEDEF_2,108969.4979576235,-255665.84062443775,-167.26115829301682,-145.97728620305244,10,271.1175343202675,2.021831720409404,False
2087.74,RADAR_C,RADAR_C-T7998,HEDEF_2,109051.11337265073,-254786.01560527028,-158.18634831913283,-156.12995403705224,3,904.6226742011921,14.296509199195533,False
2088.33,RADAR_B,RADAR_B-T4060,HEDEF_3_MANEVRA,172901.6121587229,-121492.28887525777,-18.202051230708157,144.01064868824173,5,512.4854077022787,8.1756070113073,False
2088.73,RADAR_A,RADAR_A-T8304,PGT549U,181179.68145824294,-255903.49824963397,157.81168212378958,-151.62685439838523,10,299.2673088863892,2.021831720409404,False
2088.77,RADAR_A,RADAR_A-T2823,HEDEF_3_MANEVRA,173718.32365386648,-121828.85762180359,-20.53039633199993,140.6640762760705,10,221.3283165952671,2.021831720409404,False
2091.1,RADAR_A,RADAR_A-T8304,PGT549U,181626.44259337478,-256123.3570425413,149.59341211307742,-153.78970886978226,9,317.5216642932155,2.6736220001334834,False
2091.69,RADAR_A,RADAR_A-T2823,HEDEF_3_MANEVRA,174760.32825749478,-121345.82605622192,-28.638150047252758,137.4331284078887,10,221.5845388490679,2.021831720409404,False
2091.74,RADAR_B,RADAR_B-T5166,HEDEF_2,108121.27407679043,-255834.26410848065,-148.43532757589793,-148.58830947389907,5,539.6870530319572,8.1756070113073,False
2091.87,RADAR_B,RADAR_B-T4060,HEDEF_3_MANEVRA,174248.32873032632,-121430.65437733501,-43.294375822727005,131.15666963982093,8,259.0163847514423,3.5355339059327378,False
2092.66,RADAR_B,RADAR_B-SC55470,STATIC_CLUTTER,100576.88067982477,207760.34666664046,0.6689455767481025,-0.040786004567799065,3,857.790551951732,14.296509199195533,True
2092.8,RADAR_B,RADAR_B-T9493,PGT549U,182268.97177065045,-255876.2863504777,167.60739972483037,-144.4314216361135,7,374.20123818926163,4.6753056338464924,False
2093.02,RADAR_A,RADAR_A-T7678,HEDEF_2,108058.92899771164,-256407.5922577815,-168.60635587854355,-151.29119696376853,10,271.4406825662106,2.021831720409404,False
2093.62,RADAR_A,RADAR_A-T8304,PGT549U,181857.2653888535,-256780.52495323124,173.78677215972735,-139.16258557692004,11,289.4125565258204,1.528938460803196,False
2094.05,RADAR_A,RADAR_A-T2823,HEDEF_3_MANEVRA,175083.39946162835,-120825.95066948983,-28.74322242136519,147.63201294963642,11,207.10340739194447,1.528938460803196,False
2096.39,RADAR_A,RADAR_A-T8304,PGT549U,182133.60131229626,-257293.71944121292,163.89665027546687,-145.68162083407904,10,300.571780473691,2.021831720409404,False
2096.44,RADAR_B,RADAR_B-T4060,HEDEF_3_MANEVRA,175559.247576211,-120541.61764923907,-17.277084344916673,153.31598891814542,7,317.61352270775234,4.6753056338464924,False
2096.58,RADAR_A,RADAR_A-T2823,HEDEF_3_MANEVRA,175524.24526463138,-120680.12735458132,-31.118446921795602,151.70475219820992,9,245.58094716786394,2.6736220001334834,False
2096.79,RADAR_A,RADAR_A-T7678,HEDEF_2,107662.08402393736,-256947.0466409707,-151.1022920110858,-141.3061524888936,10,271.65459467891367,2.021831720409404,False
2097.28,RADAR_B,RADAR_B-T5166,HEDEF_2,107527.57155657222,-256983.86141545582,-192.69375446590587,-160.2937702022103,7,359.9426316362413,4.6753056338464924,False
2098.51,RADAR_A,RADAR_A-T2823,HEDEF_3_MANEVRA,176166.78718132782,-120238.38106745305,-39.04328756143569,139.47779395120085,9,245.73749606154072,2.6736220001334834,False
2099.21,RADAR_A,RADAR_A-T7678,HEDEF_2,107411.3887137658,-257296.68006833107,-166.55882293830922,-147.72083250872248,10,271.7921701012287,2.021831720409404,False
2099.25,RADAR_B,RADAR_B-SC46433,STATIC_CLUTTER,-343942.9232351733,108087.83349770572,-0.09039323766229468,-0.023881092912082322,4,648.6736521905174,10.811227536508623,True
2099.25,RADAR_B,RADAR_B-SC55470,STATIC_CLUTTER,100548.56050442366,207798.63367554883,-0.060169241409262594,-0.536431136178191,3,857.790551951732,14.296509199195533,True
2099.44,RADAR_A,RADAR_A-T8304,PGT549U,182720.87283919,-257443.155469608,166.1927620082538,-141.70730275278828,10,301.0925310066851,2.021831720409404,False
2100.91,RADAR_A,RADAR_A-SC62965,STATIC_CLUTTER,-331750.60754882655,-102070.28717736178,0.07838375455067229,0.15213378751553422,2,1134.321747974356,18.905362466239264,True
2101.62,RADAR_B,RADAR_B-T4060,HEDEF_3_MANEVRA,176127.7992021325,-119439.13961824775,-45.856738494196904,153.06648159794338,6,399.8834523322042,6.1825125572116635,False
2101.74,RADAR_A,RADAR_A-T7678,HEDEF_2,106976.76075725602,-257717.77346075702,-154.5465167656324,-143.04077066812462,10,271.93759803140387,2.021831720409404,False
2102.07,RADAR_C,RADAR_C-T2940,PGT549U,183073.69843865823,-257912.1409581575,82.41381770795093,-192.49807948047544,3,913.3239693541016,14.296509199195533,False
2102.08,RADAR_B,RADAR_B-T4968,PGT549U,183318.85113928257,-257336.96194418843,169.5244003280293,-138.7769505728082,7,375.3035588434022,4.6753056338464924,False
2102.54,RADAR_B,RADAR_B-T5166,HEDEF_2,106060.43420673913,-258001.1678524529,-179.06731885647594,-149.50777548936492,8,309.9856748259741,3.5355339059327378,False
2103.44,RADAR_B,RADAR_B-SC69319,STATIC_CLUTTER,389157.34420052305,-173880.51975006372,0.3967240676282822,0.10569382544946437,2,1134.321747974356,18.905362466239264,True
2103.49,RADAR_A,RADAR_A-T7520,PGT549U,183279.07335449063,-258008.66448721074,157.6279729710573,-147.45879885550676,11,291.1573536246858,1.528938460803196,False
2103.64,RADAR_A,RADAR_A-T8124,HEDEF_3_MANEVRA,177490.18819821958,-119371.55847728452,-37.46538480925356,160.95998127279887,9,246.1579552546565,2.6736220001334834,False
2104.36,RADAR_A,RADAR_A-T7678,HEDEF_2,106195.93363809315,-258136.82590571427,-170.84213315497595,-148.01263595647777,11,260.2531701739849,1.528938460803196,False
2106.21,RADAR_A,RADAR_A-T8124,HEDEF_3_MANEVRA,177991.1620676437,-118961.37902178177,-49.608527929321085,147.80705099428394,10,222.89253208835737,2.021831720409404,False
2106.29,RADAR_A,RADAR_A-SC62965,STATIC_CLUTTER,-331718.14244067814,-102070.01663494285,0.7368176420750164,0.008969794856350872,2,1134.321747974356,18.905362466239264,True
2106.56,RADAR_A,RADAR_A-T7520,PGT549U,184343.62601148876,-258333.2281242099,160.9673577608225,-145.7797432488463,9,320.01135427118015,2.6736220001334834,False
2106.96,RADAR_C,RADAR_C-T1507,HEDEF_2,105304.42411485245,-258767.97507825255,-149.45352611818154,-155.9574902578383,6,470.17475300673914,6.1825125572116635,False
2107.03,RADAR_A,RADAR_A-T7678,HEDEF_2,106023.30909769001,-258402.7452525115,-179.04254955380492,-150.1725653312593,9,291.77707647927883,2.6736220001334834,False
2107.08,RADAR_B,RADAR_B-T4968,PGT549U,184601.42282002227,-259010.37757519895,140.1513612635715,-160.56912735931525,6,447.4534746074736,6.1825125572116635,False
2107.6,RADAR_B,RADAR_B-T4060,HEDEF_3_MANEVRA,178310.09880020857,-119249.73020157739,-89.55247518682648,106.26743517531114,7,318.00842853759406,4.6753056338464924,False
2107.69,RADAR_C,RADAR_C-T1113,HEDEF_3_MANEVRA,178416.65237579064,-119780.67326268577,-48.75364891305471,148.59033695879594,5,534.1632806751462,8.1756070113073,False
2108.24,RADAR_A,RADAR_A-T7520,PGT549U,183922.8656973424,-259071.6148823365,157.9700859794611,-150.13797749354018,11,291.9976884032129,1.528938460803196,False
2108.38,RADAR_C,RADAR_C-T2940,PGT549U,184069.67060777167,-258758.3324236779,153.9738523032904,-150.82037555460946,6,486.48992598418084,6.1825125572116635,False
2109.02,RADAR_A,RADAR_A-T8124,HEDEF_3_MANEVRA,178894.90876703124,-118749.22208482324,-53.73098127947192,149.64215184296484,11,208.55693753444555,1.528938460803196,False
2109.05,RADAR_A,RADAR_A-SC14575,STATIC_CLUTTER,-336621.05510337884,-43844.5464715867,0.10428413234880173,0.3152399806118845,2,1134.321747974356,18.905362466239264,True
2110.34,RADAR_A,RADAR_A-T7520,PGT549U,185159.33464932133,-258922.2307236509,166.76266300477567,-138.70752544537567,11,292.3695927858495,1.528938460803196,False
2111.23,RADAR_B,RADAR_B-T4968,PGT549U,184448.69242433802,-259129.24464415043,176.1925263606737,-138.8330332098693,8,328.60798624155683,3.5355339059327378,False
2111.6,RADAR_A,RADAR_A-T4748,HEDEF_2,105095.06415544708,-259209.3002714302,-152.9790014442104,-138.16533435830328,9,292.0261489874873,2.6736220001334834,False
2112.35,RADAR_A,RADAR_A-T8124,HEDEF_3_MANEVRA,179470.21566643243,-118562.2013782821,-60.624253803612675,151.5478458439526,11,208.88781445095097,1.528938460803196,False
2112.72,RADAR_B,RADAR_B-T4060,HEDEF_3_MANEVRA,179351.17187451245,-117971.39919298743,-78.23651109857688,135.33947293777157,6,400.2047707872599,6.1825125572116635,False
2112.88,RADAR_A,RADAR_A-T7520,PGT549U,185323.42757608474,-259235.46004480097,182.76534787760497,-131.4996983077802,10,303.38658224067296,2.021831720409404,False
2114.24,RADAR_A,RADAR_A-T4748,HEDEF_2,104401.58134782518,-259405.63703932418,-152.7222137131835,-139.65885271091335,9,292.171355709947,2.6736220001334834,False
2114.38,RADAR_B,RADAR_B-T4968,PGT549U,185208.27876853262,-259701.49475485508,188.498596978134,-132.84227491353107,8,329.0395091488075,3.5355339059327378,False
2115.34,RADAR_A,RADAR_A-T8124,HEDEF_3_MANEVRA,180221.98553643088,-117855.33914474474,-75.44828573243214,141.0280733311281,11,209.1878828376834,1.528938460803196,False
2116.77,RADAR_A,RADAR_A-SC62965,STATIC_CLUTTER,-331725.8032492823,-102055.40742661172,0.05994924296041701,0.3801635966656647,4,648.6736521905174,10.811227536508623,True
2117.42,RADAR_A,RADAR_A-T4748,HEDEF_2,103940.50765225026,-260144.86254114629,-170.63542667650333,-146.76989869240322,11,261.0530765873443,1.528938460803196,False
2117.57,RADAR_A,RADAR_A-T8124,HEDEF_3_MANEVRA,180928.28674381794,-117404.93295583596,-71.1564297667063,148.0422484490881,10,223.95181170673783,2.021831720409404,False
2117.81,RADAR_B,RADAR_B-T9116,HEDEF_2,103921.85740910695,-259853.59187138488,-174.58451554727043,-164.83541070730092,5,540.716867052098,8.1756070113073,False
2118.19,RADAR_A,RADAR_A-T2240,PGT549U,186063.70538831997,-260057.30750984047,163.37399620271958,-145.77266786757096,9,321.88852935420306,2.6736220001334834,False
2118.63,RADAR_B,RADAR_B-T4060,HEDEF_3_MANEVRA,180923.52546322646,-117189.75881603708,-76.4889623822603,135.8473443804075,9,220.08274667462422,2.6736220001334834,False
2119.44,RADAR_C,RADAR_C-T2940,PGT549U,186168.67008926906,-261166.02665590178,138.2448063230061,-151.58173774961796,4,721.8715990232229,10.811227536508623,False
2119.58,RADAR_A,RADAR_A-SC62965,STATIC_CLUTTER,-331750.9426743087,-102107.13344439854,-0.11528412383923614,-0.34145591591272567,1,1500.0,25.0,True
2119.81,RADAR_B,RADAR_B-T4968,PGT549U,185678.98769842507,-260135.36292149962,163.39032278387486,-148.43990900437885,5,551.7103162323905,8.1756070113073,False
2119.91,RADAR_A,RADAR_A-T4748,HEDEF_2,103305.3954331101,-260442.816988112,-170.40692962383014,-148.6101910328653,11,261.2080802906473,1.528938460803196,False
2120.46,RADAR_A,RADAR_A-T8124,HEDEF_3_MANEVRA,181643.2772280851,-117316.69874008126,-90.99684737011904,130.70384858413234,9,247.57890553695697,2.6736220001334834,False
2121.91,RADAR_B,RADAR_B-T9116,HEDEF_2,103074.99922147834,-260529.72480515638,-155.758669061377,-140.33183618546263,9,278.67929281663817,2.6736220001334834,False
2122.4,RADAR_B,RADAR_B-SC55470,STATIC_CLUTTER,100571.70025810378,207788.28814298444,0.08236410209945086,0.20060395121533145,2,1134.321747974356,18.905362466239264,True
2122.4,RADAR_B,RADAR_B-SC69319,STATIC_CLUTTER,389174.5831678516,-173883.10313356767,-0.671082078687686,-0.23306000544210848,3,857.790551951732,14.296509199195533,True
2122.92,RADAR_A,RADAR_A-T4748,HEDEF_2,103468.77988250919,-260648.2432634812,-162.0288985362955,-147.6761373662482,10,273.18192815231936,2.021831720409404,False
2123.38,RADAR_A,RADAR_A-T8124,HEDEF_3_MANEVRA,182348.9143186989,-116418.073506477,-89.43228574125817,147.8289439564473,9,247.83191890573286,2.6736220001334834,False
2125.08,RADAR_A,RADAR_A-T4748,HEDEF_2,102982.07139254497,-261137.69502515902,-159.64200018478368,-143.30392576005295,11,261.5321498253952,1.528938460803196,False
2125.11,RADAR_B,RADAR_B-T4968,PGT549U,187051.3618362395,-261369.54845713766,161.70548528325907,-152.53306337581554,7,378.0615503143116,4.6753056338464924,False
2125.85,RADAR_A,RADAR_A-T8124,HEDEF_3_MANEVRA,183052.36982769019,-116191.0530478964,-94.0888326418382,137.60024521300898,11,210.2603809762936,1.528938460803196,False
2127.12,RADAR_B,RADAR_B-T9116,HEDEF_2,102250.68097720167,-262031.35036107944,-181.52607284823966,-155.50433181274178,6,435.61764660820177,6.1825125572116635,False
2128.03,RADAR_A,RADAR_A-T8124,HEDEF_3_MANEVRA,183553.2103797453,-115800.87899332993,-92.10333203343663,147.23630826492783,10,224.955713603791,2.021831720409404,False
2128.84,RADAR_C,RADAR_C-T2940,PGT549U,187481.01263585745,-262349.6151616698,166.32878625289547,-142.55037879123438,5,584.8255078754315,8.1756070113073,False
2129.27,RADAR_B,RADAR_B-T4968,PGT549U,187843.83568224887,-261303.92390826793,151.55102925828191,-141.94989913876987,7,378.563691473213,4.6753056338464924,False
2130.1,RADAR_B,RADAR_B-T4718,HEDEF_3_MANEVRA,183718.98473415794,-115523.85007754005,-83.83982196809714,162.75914406122777,6,400.74659479257724,6.1825125572116635,False
2130.7,RADAR_A,RADAR_A-T7754,PGT549U,188275.13251094756,-261829.48397563913,161.665854946808,-154.34912552286823,9,323.91481348621204,2.6736220001334834,False
2130.91,RADAR_C,RADAR_C-T8896,HEDEF_3_MANEVRA,183764.56282981977,-115349.79215719429,-97.52704729741228,135.4835837642647,7,352.0478598603365,4.6753056338464924,False
2131.49,RADAR_A,RADAR_A-T8124,HEDEF_3_MANEVRA,184596.99062955636,-115454.64205651046,-103.08316149103204,142.43470868690025,11,210.84687397859372,1.528938460803196,False
2132.94,RADAR_B,RADAR_B-T9116,HEDEF_2,101400.5880105951,-262383.03842021624,-151.7360318908465,-144.3797837467844,9,279.55523041015124,2.6736220001334834,False
2133.8,RADAR_A,RADAR_A-T8124,HEDEF_3_MANEVRA,185071.00721427848,-115114.53919178872,-105.04345496345535,139.40083549636117,9,248.75048690671204,2.6736220001334834,False
2133.86,RADAR_A,RADAR_A-T7754,PGT549U,188630.12328239635,-262423.011092855,162.12545402258573,-146.66418867872193,9,324.4263665425908,2.6736220001334834,False
2133.97,RADAR_B,RADAR_B-SC55470,STATIC_CLUTTER,100574.2467096163,207789.04331895232,-0.10063018511388379,0.26263736072890753,3,857.790551951732,14.296509199195533,True
2134.29,RADAR_A,RADAR_A-T1711,HEDEF_2,101339.88198622313,-262462.5141664015,-152.5854470573689,-144.84274074314823,9,293.29830014463903,2.6736220001334834,False
2135.12,RADAR_B,RADAR_B-T4968,PGT549U,188445.29408836883,-263142.8710538949,148.86838034645925,-161.27203900184352,5,552.9749208104903,8.1756070113073,False
2135.54,RADAR_B,RADAR_B-T4718,HEDEF_3_MANEVRA,185481.4676200437,-115112.74766156076,-115.72022549595087,140.84418038562114,6,400.92603554391616,6.1825125572116635,False
2135.94,RADAR_A,RADAR_A-T1711,HEDEF_2,100881.32682402845,-262821.36811134085,-159.79150104541168,-144.73158211152364,11,262.22353434176557,1.528938460803196,False
2136.93,RADAR_A,RADAR_A-T7754,PGT549U,189439.68751596496,-262794.84296154004,159.69769104814932,-148.66995832554292,10,307.50417125087785,2.021831720409404,False
2137.34,RADAR_B,RADAR_B-T9116,HEDEF_2,100764.80796252185,-263355.7341354881,-159.25944517140337,-143.85988564570678,7,362.3607538606524,4.6753056338464924,False
2139.15,RADAR_A,RADAR_A-T7754,PGT549U,189593.77469971037,-263032.9089632014,160.07964599865616,-149.54691130152327,9,325.28510279968197,2.6736220001334834,False
2141.25,RADAR_A,RADAR_A-T6777,HEDEF_3_MANEVRA,186768.22512851967,-114214.44538915013,-118.8857414531156,143.58124918839542,10,226.26175565511633,2.021831720409404,False
2141.51,RADAR_B,RADAR_B-T4718,HEDEF_3_MANEVRA,186630.73512890202,-114003.19584447789,-126.154385442467,133.59576611522874,8,261.3412239065826,3.5355339059327378,False
2141.52,RADAR_C,RADAR_C-T7378,HEDEF_2,100754.4506107002,-262683.9816882336,-152.48017082557072,-134.9739754334731,6,472.00628487334967,6.1825125572116635,False
2141.57,RADAR_B,RADAR_B-SC55470,STATIC_CLUTTER,100575.91025237089,207821.95578674215,-0.004905108994985543,0.6422600421069897,1,1500.0,25.0,True
2141.72,RADAR_A,RADAR_A-T7754,PGT549U,189703.2472128372,-263701.4920545139,161.0408357639078,-146.25175557168367,11,297.93268515115506,1.528938460803196,False
2142.84,RADAR_B,RADAR_B-T9116,HEDEF_2,100008.50881942108,-263487.1171812591,-156.41837912137785,-141.45933089834062,9,280.3526602004876,2.6736220001334834,False
2143.15,RADAR_A,RADAR_A-T6777,HEDEF_3_MANEVRA,187473.03376563068,-113446.02526459828,-122.21311386364292,143.66078876148487,11,212.08566914528978,1.528938460803196,False
2143.69,RADAR_C,RADAR_C-T2940,PGT549U,190402.89929089884,-263317.93973697233,140.22791238829316,-137.92384889880498,4,723.7952584677896,10.811227536508623,False
2146.34,RADAR_A,RADAR_A-T6777,HEDEF_3_MANEVRA,188139.44023028488,-113274.31379366349,-123.0034638418739,153.89345155380468,11,212.429892549949,1.528938460803196,False
2146.75,RADAR_A,RADAR_A-T1679,HEDEF_2,99326.94987967079,-264392.9547559876,-159.46888255652004,-141.78162304540683,11,262.9265714026114,1.528938460803196,False
2147.36,RADAR_B,RADAR_B-T4718,HEDEF_3_MANEVRA,188372.736805683,-113400.479754593,-128.89851902529654,144.9116873694592,9,221.80209673612256,2.6736220001334834,False
2148.33,RADAR_B,RADAR_B-T9116,HEDEF_2,99299.86591329119,-264459.2659416362,-153.6499534061862,-143.67487347241425,9,280.7991108507844,2.6736220001334834,False
2148.69,RADAR_C,RADAR_C-T8033,HEDEF_3_MANEVRA,188240.17026509313,-113275.55173830409,-134.5539008850833,120.36950025376929,6,428.15127278500444,6.1825125572116635,False
2148.83,RADAR_A,RADAR_A-T6777,HEDEF_3_MANEVRA,188698.17349831277,-113072.84813385442,-128.60173537821956,150.09766690394116,10,227.02895538382052,2.021831720409404,False
2149.39,RADAR_A,RADAR_A-T6774,PGT549U,190854.72303635057,-264840.8808502646,161.37528120797083,-141.97715112768302,10,309.6421491237059,2.021831720409404,False
2149.66,RADAR_A,RADAR_A-T1679,HEDEF_2,99104.62523151038,-264796.77603942086,-172.01911996235737,-143.86847483838085,10,274.8306673982508,2.021831720409404,False
2151.33,RADAR_A,RADAR_A-T6777,HEDEF_3_MANEVRA,189141.43042880244,-112656.58748279062,-135.0937202252736,143.5727861665544,10,227.28518820570127,2.021831720409404,False
2151.6,RADAR_A,RADAR_A-T1679,HEDEF_2,98294.88164252766,-265042.6947881239,-164.61565432374962,-146.664870480679,11,263.24683099729094,1.528938460803196,False
2151.62,RADAR_C,RADAR_C-T7378,HEDEF_2,98862.19025170173,-265080.147358062,-213.400101986204,-152.55960725652045,4,711.676549610568,10.811227536508623,False
2152.64,RADAR_B,RADAR_B-T9116,HEDEF_2,98449.57192455628,-265185.7535286564,-165.93801487133143,-153.78007261379867,6,436.9408615508838,6.1825125572116635,False
2153.33,RADAR_A,RADAR_A-T6777,HEDEF_3_MANEVRA,189711.81346545785,-112089.38308074871,-136.977137318412,156.95176844433712,9,250.538560896241,2.6736220001334834,False
2153.42,RADAR_A,RADAR_A-T7604,PGT549U,191792.29318782449,-265438.0456173518,157.21384027582047,-144.52752652861994,10,310.3329158626343,2.021831720409404,False
2153.65,RADAR_B,RADAR_B-T9073,PGT549U,191276.21412224544,-265602.70788221096,166.2259235523081,-143.82434686737363,9,304.3082530283098,2.6736220001334834,False
2153.91,RADAR_B,RADAR_B-T4718,HEDEF_3_MANEVRA,189797.09930007745,-112340.92120629239,-130.5995681132158,152.27337415596094,9,222.22492659909412,2.6736220001334834,False
2154.02,RADAR_A,RADAR_A-T1679,HEDEF_2,98412.76273080037,-265151.25973802165,-175.88239782107073,-150.47374386211618,10,275.10772589022747,2.021831720409404,False
2154.56,RADAR_C,RADAR_C-T6879,PGT549U,191471.24327537144,-265055.117626961,231.73804314706052,-114.61920119001371,5,587.3574285244609,8.1756070113073,False
2155.03,RADAR_A,RADAR_A-T6777,HEDEF_3_MANEVRA,190354.274613353,-111883.72592196554,-152.48634482791533,132.61695058226735,10,227.66653889569318,2.021831720409404,False
2156.27,RADAR_A,RADAR_A-T7604,PGT549U,192248.82093607396,-265646.7894974508,164.95500736646875,-141.0174126616794,11,300.51793181239645,1.528938460803196,False
2156.43,RADAR_A,RADAR_A-T1679,HEDEF_2,98011.17182618697,-265662.6108158329,-174.598262462572,-151.02256585022428,11,263.56831376531983,1.528938460803196,False
2156.98,RADAR_A,RADAR_A-T6777,HEDEF_3_MANEVRA,190366.01933746485,-111739.3369649478,-157.1113592861677,130.7950226318585,9,250.88236388076902,2.6736220001334834,False
2157.72,RADAR_B,RADAR_B-T9116,HEDEF_2,97443.63435675435,-265809.7546828141,-163.9875642955908,-144.73273245869345,8,313.92413068031175,3.5355339059327378,False
2157.89,RADAR_C,RADAR_C-SC05477,STATIC_CLUTTER,55121.33345477064,53293.04843561586,-0.11987054667166999,-0.397639548816125,2,1134.321747974356,18.905362466239264,True
2158.12,RADAR_B,RADAR_B-T9073,PGT549U,192133.90112535123,-266289.84283478546,163.8800335360984,-140.08594399417265,8,335.0919892249612,3.5355339059327378,False
2158.45,RADAR_A,RADAR_A-T7604,PGT549U,192812.65466280287,-265875.22865775647,170.72060254674886,-136.44742384486594,11,300.9053341716216,1.528938460803196,False
2158.99,RADAR_A,RADAR_A-T1679,HEDEF_2,97210.55006208405,-265875.54201435065,-174.18422359815224,-146.02327946305127,9,294.74902510449493,2.6736220001334834,False
2159.75,RADAR_C,RADAR_C-T8033,HEDEF_3_MANEVRA,191000.67436753077,-111532.05084386299,-112.9374411699215,179.7186753778129,6,428.5104463971301,6.1825125572116635,False
2160.75,RADAR_A,RADAR_A-SC14575,STATIC_CLUTTER,-336582.0097406518,-43821.34577709061,0.7687737871873392,0.2813090954507942,3,857.790551951732,14.296509199195533,True
2161.48,RADAR_A,RADAR_A-T1679,HEDEF_2,97095.46955717372,-266372.3658923945,-161.34195355755816,-148.42826768516275,11,263.907684865712,1.528938460803196,False
2161.66,RADAR_A,RADAR_A-T4775,HEDEF_3_MANEVRA,191796.36225969493,-111296.89569896496,-163.63901776395846,128.84126768677078,10,228.3587648262142,2.021831720409404,False
2163.5,RADAR_A,RADAR_A-T1153,PGT549U,193339.86643064264,-266537.9541402619,155.37057347388878,-150.80239485506843,10,312.0661162292806,2.021831720409404,False
2164.09,RADAR_A,RADAR_A-T4775,HEDEF_3_MANEVRA,192591.73740243883,-110960.4155216259,-165.46778196646144,140.79067627378976,10,228.6148562287536,2.021831720409404,False
2164.55,RADAR_A,RADAR_A-T8539,HEDEF_2,96021.48078165959,-267125.8801166946,-172.2764082908314,-141.4875945301977,10,275.78530691593517,2.021831720409404,False
2166.0,RADAR_A,RADAR_A-T4775,HEDEF_3_MANEVRA,192959.5466196638,-110334.70318894915,-164.41862009466587,147.93865683414623,11,214.60871394434702,1.528938460803196,False
2166.29,RADAR_A,RADAR_A-SC62965,STATIC_CLUTTER,-331748.1966162982,-102130.65422784847,-0.21731730989192685,-0.7029831293031724,2,1134.321747974356,18.905362466239264,True
2166.39,RADAR_A,RADAR_A-T8539,HEDEF_2,96700.6010311512,-267164.9695051116,-155.0584749900839,-142.49962213341496,9,295.1971712802971,2.6736220001334834,False
2167.0,RADAR_B,RADAR_B-T4071,PGT549U,193938.02958312246,-267163.55745156144,131.1447167043627,-163.75813234441802,6,453.5677508058162,6.1825125572116635,False
2168.32,RADAR_A,RADAR_A-T6811,PGT549U,194367.19858258427,-267593.30854800966,152.7248089686451,-154.00199747194745,9,330.03315346275514,2.6736220001334834,False
2168.47,RADAR_B,RADAR_B-T5479,HEDEF_2,95531.65710402372,-267220.6834533184,-145.8109745440704,-148.66666106149026,7,364.33946363294757,4.6753056338464924,False
2169.51,RADAR_A,RADAR_A-T8539,HEDEF_2,95597.94644810348,-267523.4948412179,-167.71757172569056,-146.20285541391283,11,264.45335368104264,1.528938460803196,False
2169.79,RADAR_B,RADAR_B-T1155,HEDEF_3_MANEVRA,193356.8042910829,-109678.52939391849,-157.24467101120433,145.80204221081195,6,402.1606123648629,6.1825125572116635,False
2170.32,RADAR_A,RADAR_A-T4242,HEDEF_3_MANEVRA,194001.64292656924,-109450.18501551938,-167.28309930555227,153.77489720487233,9,252.1620573526332,2.6736220001334834,False
2170.59,RADAR_A,RADAR_A-T6811,PGT549U,194370.32833919988,-267937.06768471055,155.2475755170057,-146.96913087891653,11,303.0645994035999,1.528938460803196,False
2171.1,RADAR_B,RADAR_B-SC55470,STATIC_CLUTTER,100535.86616172797,207815.19485109128,0.6214767083132564,0.7122952990604434,1,1500.0,25.0,True
2172.66,RADAR_A,RADAR_A-T4242,HEDEF_3_MANEVRA,194604.83976430376,-109293.88610516317,-183.49320701999704,140.15587640944042,10,229.528571724807,2.021831720409404,False
2172.76,RADAR_A,RADAR_A-T8539,HEDEF_2,94989.24394530387,-268272.6780159743,-175.66088542513407,-148.4466474884667,10,276.32267283257556,2.021831720409404,False
2173.03,RADAR_B,RADAR_B-T1155,HEDEF_3_MANEVRA,194637.20760951634,-109161.83792616725,-181.52671181186443,143.72138052025608,9,223.52623920546242,2.6736220001334834,False
2173.18,RADAR_A,RADAR_A-T6811,PGT549U,194891.98740546746,-268225.9185828339,166.34027543412634,-143.43930625150696,11,303.5263605768047,1.528938460803196,False
2173.25,RADAR_B,RADAR_B-T5479,HEDEF_2,94840.833616758,-268699.45955775876,-154.44396740155202,-140.38157816814186,7,364.65132907609046,4.6753056338464924,False
2173.92,RADAR_A,RADAR_A-SC14575,STATIC_CLUTTER,-336608.8860681597,-43805.89070924624,-0.14826553172011278,-0.4906049706378837,2,1134.321747974356,18.905362466239264,True
2174.74,RADAR_A,RADAR_A-T4242,HEDEF_3_MANEVRA,195226.63811144658,-109141.63983238088,-182.06364566099904,140.39862729276246,10,229.75351767390598,2.021831720409404,False
2175.03,RADAR_A,RADAR_A-T8539,HEDEF_2,95045.83959677634,-268372.8797964682,-158.97196571675502,-143.884557071641,11,264.83307771225486,1.528938460803196,False
2175.83,RADAR_B,RADAR_B-SC55470,STATIC_CLUTTER,100581.4512183125,207784.41583266904,0.4774038392625929,-0.3503126081946697,1,1500.0,25.0,True
2175.89,RADAR_A,RADAR_A-T6811,PGT549U,195317.4668116913,-268391.90705258003,162.70031997748418,-144.50132288004548,9,331.2684193173239,2.6736220001334834,False
2176.69,RADAR_C,RADAR_C-T5771,HEDEF_2,94903.74300983285,-268476.69999915257,-187.1779944952852,-166.0436751917585,4,712.606725746291,10.811227536508623,False
2177.07,RADAR_B,RADAR_B-T3818,PGT549U,195593.8033837568,-268696.83724131103,130.8280570506264,-169.37236515056435,5,556.5041320968222,8.1756070113073,False
2177.1,RADAR_A,RADAR_A-T4242,HEDEF_3_MANEVRA,195896.58213275348,-108473.41055761518,-191.87165489301165,135.16364190305632,10,230.00922119618593,2.021831720409404,False
2177.27,RADAR_C,RADAR_C-SC05477,STATIC_CLUTTER,55115.65554909469,53319.26005683899,0.11223462200596292,0.6579321197835486,4,648.6736521905174,10.811227536508623,True
2177.38,RADAR_A,RADAR_A-T8539,HEDEF_2,93976.58715425542,-269093.7841318039,-172.08062321177442,-147.2405461138527,9,295.8735183121234,2.6736220001334834,False
2178.15,RADAR_B,RADAR_B-T1155,HEDEF_3_MANEVRA,195330.96328221366,-108355.239475566,-212.3359221459137,127.3211053355912,5,514.8002451467684,8.1756070113073,False
2178.91,RADAR_A,RADAR_A-T6811,PGT549U,195686.41538537623,-269091.3226103484,152.74663727664858,-148.78468300194623,10,314.72049077812795,2.021831720409404,False
2179.42,RADAR_A,RADAR_A-T4242,HEDEF_3_MANEVRA,196415.72228355534,-108260.44906094825,-187.12795955401404,148.83648909816083,10,230.26231770067452,2.021831720409404,False
2179.51,RADAR_A,RADAR_A-T8539,HEDEF_2,93550.04140468843,-269280.9085096391,-155.73146913657268,-142.26670252391793,11,265.143868492486,1.528938460803196,False
2179.75,RADAR_B,RADAR_B-T7077,HEDEF_2,94409.68536835864,-269018.51098792086,-148.90263603254306,-148.04445187833278,6,438.40111629305204,6.1825125572116635,False
2181.37,RADAR_C,RADAR_C-T3960,PGT549U,196746.82920779992,-269740.1377598101,130.44293413001566,-162.38893290933183,3,918.3208084508418,14.296509199195533,False
2181.45,RADAR_A,RADAR_A-T4242,HEDEF_3_MANEVRA,197223.0399424852,-108044.40582226272,-203.74221244854238,127.89465545571231,9,253.25958260642173,2.6736220001334834,False
2182.05,RADAR_B,RADAR_B-T3818,PGT549U,196398.73164531472,-269619.76678025495,155.09632356104436,-148.6059544890474,7,385.0128460324931,4.6753056338464924,False
2182.17,RADAR_A,RADAR_A-T8539,HEDEF_2,93651.15184711177,-269552.57311895856,-154.33786536616174,-141.98400802059504,11,265.3298772100949,1.528938460803196,False
2182.72,RADAR_B,RADAR_B-T1155,HEDEF_3_MANEVRA,197325.4406882617,-108338.45857117983,-168.39430611270978,190.6100232356731,5,514.9443271728334,8.1756070113073,False
2183.19,RADAR_A,RADAR_A-T4242,HEDEF_3_MANEVRA,197220.2256097269,-107522.81588608227,-192.45464562197188,157.31351004177287,10,230.67459155014882,2.021831720409404,False
2184.84,RADAR_A,RADAR_A-T8539,HEDEF_2,92714.368928197,-270165.0724287664,-157.7721841364401,-144.6052941123603,11,265.516671209723,1.528938460803196,False
2184.88,RADAR_B,RADAR_B-T7077,HEDEF_2,93122.73770008972,-270050.1997407045,-150.5397229316762,-145.75940023701418,7,365.41741768930876,4.6753056338464924,False
2185.36,RADAR_A,RADAR_A-T4242,HEDEF_3_MANEVRA,197771.72532416298,-107587.61108490701,-202.30238450986536,142.90204855292313,10,230.9141652085216,2.021831720409404,False
2185.66,RADAR_B,RADAR_B-T1155,HEDEF_3_MANEVRA,198027.2198465722,-108002.35451499138,-208.7661669005355,127.86907367653485,9,224.43780256597447,2.6736220001334834,False
2185.77,RADAR_B,RADAR_B-SC69319,STATIC_CLUTTER,389183.5583717567,-173888.10967054212,0.1821287320289929,0.08624428205652444,2,1134.321747974356,18.905362466239264,True
2186.34,RADAR_B,RADAR_B-T3818,PGT549U,196862.66045420605,-270433.98702665867,169.94051401457585,-142.31976968379806,8,339.04785575376167,3.5355339059327378,False
2186.66,RADAR_A,RADAR_A-T7172,PGT549U,197087.44402823484,-270026.8786318606,159.6082256480319,-146.86251591023878,11,305.9279348508765,1.528938460803196,False
2187.25,RADAR_A,RADAR_A-T8539,HEDEF_2,92795.43789067419,-270311.55267298536,-158.8268487157966,-141.4823773437425,11,265.68645697188805,1.528938460803196,False
2188.29,RADAR_A,RADAR_A-T4242,HEDEF_3_MANEVRA,198643.5299604065,-107099.57484115504,-214.6390353023122,138.03392705160343,9,253.94654426999975,2.6736220001334834,False
2188.89,RADAR_B,RADAR_B-T7077,HEDEF_2,92602.8794189753,-270349.6469791229,-148.51417481801985,-140.38374317557668,9,284.1974822419388,2.6736220001334834,False
2188.93,RADAR_A,RADAR_A-T7172,PGT549U,197306.2676582141,-270943.6943724181,163.85282615877614,-140.82937170091492,10,316.4480868215445,2.021831720409404,False
2191.13,RADAR_B,RADAR_B-T1155,HEDEF_3_MANEVRA,198521.97574062814,-106212.05839466343,-205.23865935929905,148.23160620705184,5,515.2164837399577,8.1756070113073,False
2191.18,RADAR_A,RADAR_A-T4242,HEDEF_3_MANEVRA,199489.39525226335,-106648.44947791746,-212.31136452251883,155.7816965906809,9,254.24033429990837,2.6736220001334834,False
2191.64,RADAR_A,RADAR_A-T7172,PGT549U,197645.68833587124,-270922.1143507684,164.6054469364299,-143.80905689047694,10,316.91678129250346,2.021831720409404,False
2192.19,RADAR_A,RADAR_A-T3281,HEDEF_2,91996.81550480008,-271074.0822403139,-154.04930985180704,-145.88040716952338,10,277.62541729177536,2.021831720409404,False
2193.29,RADAR_A,RADAR_A-T4242,HEDEF_3_MANEVRA,199920.3030871358,-106293.68777072505,-215.1238921566416,143.4596229224209,10,231.7973987211218,2.021831720409404,False
2193.45,RADAR_C,RADAR_C-T9464,HEDEF_3_MANEVRA,200514.38383797277,-107894.90122894099,-164.21661901202472,185.66620611250204,3,884.7908363773653,14.296509199195533,False
2194.16,RADAR_A,RADAR_A-T3281,HEDEF_2,91655.44979848569,-271328.2753024796,-166.39023480913036,-146.22005440688923,11,266.17670202912757,1.528938460803196,False
2194.71,RADAR_A,RADAR_A-T7172,PGT549U,197979.03929204313,-271564.44481183036,147.0212748267064,-155.13560637114813,9,334.34983081829773,2.6736220001334834,False
2195.67,RADAR_A,RADAR_A-T4242,HEDEF_3_MANEVRA,200631.5997434481,-105885.67072987641,-228.71314276008894,137.32155639192734,11,218.0684024517907,1.528938460803196,False
2196.38,RADAR_B,RADAR_B-T7964,HEDEF_2,91475.1132676033,-271961.2206878021,-170.0420961937606,-139.81496662180916,6,439.32504920447616,6.1825125572116635,False
2196.38,RADAR_B,RADAR_B-SC46433,STATIC_CLUTTER,-343956.022391521,108131.12845155172,0.8145162352098811,0.5666836838294476,4,648.6736521905174,10.811227536508623,True
2196.52,RADAR_B,RADAR_B-T1155,HEDEF_3_MANEVRA,200179.9703487573,-105897.40445474358,-210.61465398704135,165.16089141665782,8,264.586835094037,3.5355339059327378,False
2196.84,RADAR_B,RADAR_B-T3826,PGT549U,198395.42937407273,-271789.3602795672,176.03413651971536,-132.47820068446018,7,386.848295818452,4.6753056338464924,False
2197.91,RADAR_A,RADAR_A-T7172,PGT549U,198726.25484674945,-271701.52947705204,162.3469431381977,-140.47486750461744,9,334.87497041168166,2.6736220001334834,False
2198.5,RADAR_A,RADAR_A-T4242,HEDEF_3_MANEVRA,200988.6589712183,-105775.41051092753,-222.03223343359318,155.47038223924403,10,232.38582172466835,2.021831720409404,False
2199.85,RADAR_B,RADAR_B-T1155,HEDEF_3_MANEVRA,201780.782649084,-105718.71374755392,-252.6268616814463,106.7042679909901,6,403.3934212523051,6.1825125572116635,False
2200.55,RADAR_A,RADAR_A-T4699,HEDEF_2,90825.4799311519,-272267.65639644844,-158.9482305043416,-141.99911047121975,9,297.3424269529846,2.6736220001334834,False
2200.8,RADAR_A,RADAR_A-T7172,PGT549U,199275.77838006732,-272377.77967059787,159.4969650803012,-142.87658509502216,10,318.49957818972706,2.021831720409404,False
2201.2,RADAR_B,RADAR_B-T7964,HEDEF_2,90082.69053903519,-272498.6885919419,-141.49211426257656,-142.04722200126326,8,317.2393974050903,3.5355339059327378,False
2201.61,RADAR_A,RADAR_A-T4242,HEDEF_3_MANEVRA,202366.41689048,-105160.34379622302,-230.1425451435597,145.19042670171496,9,255.31411384411862,2.6736220001334834,False
2201.85,RADAR_C,RADAR_C-SC05477,STATIC_CLUTTER,55140.81623906291,53334.36483629896,-0.5959105587673433,-0.09711801355461457,2,1134.321747974356,18.905362466239264,True
2202.32,RADAR_C,RADAR_C-T6187,PGT549U,199220.71588581643,-272474.18832705746,154.82773465785831,-144.0968821700147,7,434.38767849289843,4.6753056338464924,False
2203.49,RADAR_A,RADAR_A-T4242,HEDEF_3_MANEVRA,202379.4919835808,-104806.9451283463,-238.08300265744987,142.20655272525065,9,255.50948554928289,2.6736220001334834,False
2205.35,RADAR_A,RADAR_A-T8998,HEDEF_2,89399.5324433714,-273164.78907481075,-158.90204522946158,-140.89913743550363,10,278.5331015654694,2.021831720409404,False
2205.88,RADAR_A,RADAR_A-T4242,HEDEF_3_MANEVRA,202922.05279945917,-104776.46051407601,-241.62212183795876,144.56763272403072,10,233.22871506340357,2.021831720409404,False
2205.98,RADAR_A,RADAR_A-T6111,PGT549U,200168.209605993,-273066.52731035353,173.91156614324,-136.15948117200264,9,336.1994243405061,2.6736220001334834,False
2206.14,RADAR_B,RADAR_B-T1155,HEDEF_3_MANEVRA,202853.44977103145,-104658.40424854701,-243.47385803596214,148.0392951678401,8,265.2249040588858,3.5355339059327378,False
2208.73,RADAR_A,RADAR_A-T4242,HEDEF_3_MANEVRA,203488.10058403038,-104009.44496033493,-248.5330540126807,143.37270644094062,9,256.0595067055044,2.6736220001334834,False
2209.9,RADAR_B,RADAR_B-T2928,PGT549U,200399.37465182898,-274043.528299289,150.16287040777843,-148.3550724145116,6,458.0710639932977,6.1825125572116635,False
2211.14,RADAR_A,RADAR_A-T1155,PGT549U,200873.66153180253,-274072.0392915223,142.63670714387,-153.95141726559808,10,320.28697879019865,2.021831720409404,False
2211.22,RADAR_A,RADAR_A-T4242,HEDEF_3_MANEVRA,204257.54081406098,-103814.34031578404,-255.61175356969247,138.40475670346558,10,233.84594048246018,2.021831720409404,False
2211.71,RADAR_C,RADAR_C-T4854,HEDEF_3_MANEVRA,204613.27780719413,-104912.45026197443,-266.0788915216227,114.75408641022864,4,684.4324965560783,10.811227536508623,False
2213.15,RADAR_A,RADAR_A-T6064,HEDEF_2,88614.56203256699,-274036.92907571205,-160.50394838962418,-142.4776331835083,10,279.07970171816237,2.021831720409404,False
2213.27,RADAR_A,RADAR_A-T1155,PGT549U,201411.35687279902,-274053.1825449117,149.7098470146807,-148.47981144690993,9,337.3983595542378,2.6736220001334834,False
2213.72,RADAR_A,RADAR_A-T4242,HEDEF_3_MANEVRA,204900.53390539455,-103751.36077673722,-257.66891220962964,141.12790990588462,9,256.587965349479,2.6736220001334834,False
2215.16,RADAR_A,RADAR_A-T6064,HEDEF_2,88205.84224553489,-274514.1132605375,-147.47247713706315,-136.31798626865765,9,298.298914291209,2.6736220001334834,False
2215.66,RADAR_B,RADAR_B-T2525,HEDEF_2,88182.9275273408,-274997.2833967004,-168.3270013452156,-145.96682537999203,6,440.422419440692,6.1825125572116635,False
2216.17,RADAR_A,RADAR_A-T4242,HEDEF_3_MANEVRA,205235.18171750553,-103290.74525193227,-257.4725076223576,143.24954016063214,9,256.8498026409668,2.6736220001334834,False
2216.41,RADAR_B,RADAR_B-T6162,HEDEF_3_MANEVRA,205306.85461967066,-103107.10228191539,-266.64632941153127,130.0995730297597,7,323.1235035940578,4.6753056338464924,False
2218.21,RADAR_A,RADAR_A-T5600,PGT549U,202436.62606006494,-274822.5032618372,158.19837043395836,-145.79125004426666,11,311.55800980978415,1.528938460803196,False
2218.43,RADAR_A,RADAR_A-T6064,HEDEF_2,87356.22500395356,-274677.1784720971,-163.9753109174036,-144.43887480024924,11,267.94402222334355,1.528938460803196,False
2218.58,RADAR_A,RADAR_A-T4242,HEDEF_3_MANEVRA,206194.95949867688,-102719.40397172343,-271.2219678571693,136.7085127524519,11,220.876608437108,1.528938460803196,False
2219.61,RADAR_B,RADAR_B-T2525,HEDEF_2,87589.17773205228,-275032.3051790936,-182.03266201244784,-157.40390017658586,6,440.6505904140434,6.1825125572116635,False
2220.52,RADAR_A,RADAR_A-T5600,PGT549U,202473.81517169334,-274971.7021326327,153.30410169469775,-151.95189912143223,10,321.91156297437243,2.021831720409404,False
2220.61,RADAR_A,RADAR_A-T4242,HEDEF_3_MANEVRA,206696.71384721543,-102216.13496289896,-263.17783243489396,160.10754912061196,11,221.13089400549532,1.528938460803196,False
2220.67,RADAR_A,RADAR_A-SC14575,STATIC_CLUTTER,-336594.80997599155,-43821.797598273704,-0.3145857727235009,-0.0760800190927682,3,857.790551951732,14.296509199195533,True
2220.67,RADAR_A,RADAR_A-SC62965,STATIC_CLUTTER,-331741.7532223601,-102031.89937149553,0.4090907926457424,0.7271971819445611,3,857.790551951732,14.296509199195533,True
2221.21,RADAR_A,RADAR_A-T6064,HEDEF_2,87307.48557381511,-275362.77361728216,-156.826617584292,-142.52972679166527,11,268.15080318770265,1.528938460803196,False
2222.79,RADAR_A,RADAR_A-T5600,PGT549U,202781.78367057448,-275697.92182122124,151.57000334772738,-148.59411145948724,10,322.3046948530588,2.021831720409404,False
2222.9,RADAR_C,RADAR_C-T1961,HEDEF_2,87883.95593572591,-275963.152753381,-127.0888334218033,-149.6885764728172,3,908.5136788449189,14.296509199195533,False
2223.52,RADAR_A,RADAR_A-T6064,HEDEF_2,86550.64494065609,-275531.75724932237,-154.34533110141751,-142.64616783352497,11,268.32319589093123,1.528938460803196,False
2223.89,RADAR_B,RADAR_B-T9227,PGT549U,203193.65984597732,-275885.32089695026,158.58138089405628,-120.77413385243548,6,459.5613291199902,6.1825125572116635,False
2224.62,RADAR_A,RADAR_A-T5519,HEDEF_3_MANEVRA,207688.35649956818,-101689.54724293106,-278.3871543928125,144.9766112807425,11,221.63547379670382,1.528938460803196,False
2225.33,RADAR_A,RADAR_A-T5600,PGT549U,202981.32539905384,-276332.04486614786,160.45504274949795,-143.89182614256728,10,322.74422106983565,2.021831720409404,False
2225.5,RADAR_B,RADAR_B-T2525,HEDEF_2,86406.04381832233,-276160.34942647535,-163.7218238168864,-146.2055722034868,9,287.4090123507948,2.6736220001334834,False
2226.06,RADAR_B,RADAR_B-SC55470,STATIC_CLUTTER,100569.89108909809,207817.79588286032,0.6166860070126181,0.46898934731398684,4,648.6736521905174,10.811227536508623,True
2226.25,RADAR_A,RADAR_A-T6064,HEDEF_2,86494.11868068403,-276201.5312922267,-154.61229055987184,-143.40858983848443,10,280.0137803521089,2.021831720409404,False
2226.55,RADAR_C,RADAR_C-T4087,PGT549U,202930.68010439537,-276235.07221721945,195.95706116980435,-136.66097815546362,6,500.5314119585273,6.1825125572116635,False
2226.93,RADAR_A,RADAR_A-T5519,HEDEF_3_MANEVRA,208532.63120565683,-101228.94342051604,-285.02500529682396,140.4700286472532,11,221.92876558162388,1.528938460803196,False
2227.5,RADAR_C,RADAR_C-SC05477,STATIC_CLUTTER,55153.69008345957,53297.83610379175,-0.12226288045911944,-0.09004923769133592,2,1134.321747974356,18.905362466239264,True
2228.02,RADAR_B,RADAR_B-T4649,HEDEF_3_MANEVRA,208349.80398791117,-101412.49926928779,-264.7819938687642,184.1918466260594,5,516.5107244164953,8.1756070113073,False
2228.3,RADAR_A,RADAR_A-T6064,HEDEF_2,86422.8819461844,-276321.6478652527,-163.9908285246868,-151.0201057154748,9,299.17934024747177,2.6736220001334834,False
2228.31,RADAR_A,RADAR_A-T5600,PGT549U,203620.92327689688,-276472.2006391339,146.5282748474132,-147.50462281659847,10,323.261496930203,2.021831720409404,False
2228.71,RADAR_B,RADAR_B-T9227,PGT549U,203632.7543103493,-275954.24929994653,169.1209857576646,-143.4505564038981,8,345.06092760827767,3.5355339059327378,False
2230.12,RADAR_B,RADAR_B-SC69319,STATIC_CLUTTER,389164.6559556559,-173851.55881167465,-1.1608761445820777,0.08082895266965999,2,1134.321747974356,18.905362466239264,True
2230.27,RADAR_A,RADAR_A-T5519,HEDEF_3_MANEVRA,209308.36839525818,-100950.55267557375,-287.87336876967066,148.7925179795171,10,236.09637487992978,2.021831720409404,False
2230.83,RADAR_A,RADAR_A-T6064,HEDEF_2,85172.12611016794,-276518.86991759244,-157.83630097940184,-140.7297328819528,9,299.35078583334865,2.6736220001334834,False
2230.96,RADAR_A,RADAR_A-T5600,PGT549U,204313.94750814378,-276687.1336539099,165.19143701083846,-142.90734072264223,10,323.7212703625721,2.021831720409404,False
2231.47,RADAR_B,RADAR_B-T2525,HEDEF_2,85631.1297268144,-276587.41913866793,-201.88366612190148,-151.28958596574486,6,441.3427805825447,6.1825125572116635,False
2232.58,RADAR_C,RADAR_C-T4087,PGT549U,205460.4098733216,-277263.94322665705,176.23599368865183,-166.03860332706745,3,921.6650667829738,14.296509199195533,False
2232.59,RADAR_A,RADAR_A-T5519,HEDEF_3_MANEVRA,209632.69469133826,-100351.75759051811,-294.18822337069395,137.78770496531016,10,236.37572303075763,2.021831720409404,False
2233.02,RADAR_A,RADAR_A-T6064,HEDEF_2,85551.98398026134,-276840.2268183203,-160.55142031303876,-140.9598956471611,9,299.4996434568833,2.6736220001334834,False
2233.12,RADAR_C,RADAR_C-T1381,HEDEF_3_MANEVRA,208907.49698082285,-99729.39301796877,-215.6299313266124,214.6291335775066,3,885.582499124993,14.296509199195533,False
2233.55,RADAR_A,RADAR_A-T5600,PGT549U,204267.12904149565,-277357.806369668,146.8998411591001,-153.94471525143936,11,314.3024085615644,1.528938460803196,False
2234.09,RADAR_C,RADAR_C-T1961,HEDEF_2,85116.37051954112,-278382.8696822384,-55.55950512212624,-125.34380185645112,4,714.8522199815624,10.811227536508623,False
2234.12,RADAR_B,RADAR_B-T4649,HEDEF_3_MANEVRA,209813.81650693173,-100377.35187309113,-299.93844060205646,133.94788077411252,9,228.31620874580668,2.6736220001334834,False
2234.87,RADAR_B,RADAR_B-SC46433,STATIC_CLUTTER,-343907.7316529002,108115.33088170963,0.29806627816812065,0.34751633617550826,3,857.790551951732,14.296509199195533,True
2234.87,RADAR_B,RADAR_B-SC69319,STATIC_CLUTTER,389168.85095884773,-173908.6471743713,0.12850495983405696,0.3964270348154579,2,1134.321747974356,18.905362466239264,True
2234.94,RADAR_A,RADAR_A-T5519,HEDEF_3_MANEVRA,210227.03935930436,-100110.10754416701,-298.88206340888183,143.184619892689,10,236.6607159653684,2.021831720409404,False
2235.16,RADAR_B,RADAR_B-T9227,PGT549U,204769.90903151725,-277468.4053146025,161.33172717291635,-147.38368399606543,8,345.9827773603546,3.5355339059327378,False
2236.51,RADAR_A,RADAR_A-T5600,PGT549U,205256.95456099993,-277587.9137375563,151.45778712134663,-152.08361990727565,10,324.68389663739936,2.021831720409404,False
2237.39,RADAR_A,RADAR_A-T5519,HEDEF_3_MANEVRA,210763.1910538279,-99885.65684283756,-303.3572704127363,147.25943804537735,10,236.9578158182246,2.021831720409404,False
2237.75,RADAR_B,RADAR_B-T2525,HEDEF_2,84555.07948928638,-277629.465077233,-176.59876455584765,-133.5310438554412,7,369.0489048448359,4.6753056338464924,False
2238.65,RADAR_A,RADAR_A-T3993,HEDEF_2,84684.27298330294,-277816.47569788585,-165.79390775995526,-146.35514706437652,11,269.46798110534456,1.528938460803196,False
2240.96,RADAR_B,RADAR_B-T4649,HEDEF_3_MANEVRA,211585.65125440113,-99060.45939742886,-308.7863074350525,140.89750878032527,8,267.7065504332111,3.5355339059327378,False
2241.07,RADAR_B,RADAR_B-T9227,PGT549U,205701.40209500413,-277977.92287429865,177.6602458575308,-147.0240627007042,5,562.0648039127699,8.1756070113073,False
2241.72,RADAR_A,RADAR_A-T3993,HEDEF_2,84034.17007356697,-278274.99192382063,-157.18577946292655,-143.970221579151,11,269.7035141291212,1.528938460803196,False
2241.81,RADAR_A,RADAR_A-T8587,PGT549U,205748.64173564388,-278589.0612375813,179.1502955961947,-132.60511586932267,9,342.1041635643702,2.6736220001334834,False
2242.17,RADAR_B,RADAR_B-SC46433,STATIC_CLUTTER,-343933.7383905353,108152.65717074147,0.8436741393072537,-0.5673403868058399,1,1500.0,25.0,True
2242.31,RADAR_A,RADAR_A-T3949,HEDEF_3_MANEVRA,212049.65593329296,-99115.83104238266,-313.86837318872324,141.0046634022338,9,259.71438260228814,2.6736220001334834,False
2243.38,RADAR_B,RADAR_B-T2525,HEDEF_2,83273.44162050757,-278463.8584612166,-159.3522197312566,-139.8742259057552,9,289.02586423985485,2.6736220001334834,False
2243.98,RADAR_A,RADAR_A-T8587,PGT549U,206416.02601253806,-278584.59391884034,150.02560926141547,-149.90507526943665,11,316.16897440449935,1.528938460803196,False
2244.44,RADAR_A,RADAR_A-T3993,HEDEF_2,83617.6866654269,-278316.18272494135,-165.55646943760397,-146.39852640926114,9,300.28476665226304,2.6736220001334834,False
2245.02,RADAR_A,RADAR_A-T3949,HEDEF_3_MANEVRA,212568.58647340824,-98550.51443336293,-312.45747634537963,147.03826434989514,9,260.0194194446541,2.6736220001334834,False
2245.88,RADAR_C,RADAR_C-T4087,PGT549U,206551.23845645264,-278542.04645199043,190.77205385858633,-130.5316655972686,6,502.8874758492918,6.1825125572116635,False
2245.96,RADAR_B,RADAR_B-T9227,PGT549U,206566.01328284098,-278952.55495373387,164.21861488140343,-142.61604308505505,9,318.6106202580258,2.6736220001334834,False
2246.4,RADAR_C,RADAR_C-T1961,HEDEF_2,83887.56511400266,-278148.8648762769,-181.5999098962991,-168.72294625056412,3,909.2631889817969,14.296509199195533,False
2246.53,RADAR_A,RADAR_A-T8587,PGT549U,206713.55908707643,-278895.06751683436,168.19235173019464,-134.29586185567996,9,342.88548615854506,2.6736220001334834,False
2247.08,RADAR_A,RADAR_A-T3993,HEDEF_2,83126.57262496598,-279126.9928659747,-156.1898553956886,-142.07391169018115,11,270.11650828428793,1.528938460803196,False
2247.3,RADAR_B,RADAR_B-T2525,HEDEF_2,83149.23379711286,-279024.3534817356,-162.63970605022178,-142.63717170388466,8,320.9516837208105,3.5355339059327378,False
2247.4,RADAR_A,RADAR_A-T3949,HEDEF_3_MANEVRA,213252.67926254254,-98538.78405579754,-319.3614117781356,150.2744893943014,11,224.57002739658552,1.528938460803196,False
2249.21,RADAR_A,RADAR_A-T3993,HEDEF_2,82781.09496307163,-279345.20549519424,-151.4877827228233,-141.09151279041623,9,300.6168811191373,2.6736220001334834,False
2249.63,RADAR_B,RADAR_B-T5099,HEDEF_3_MANEVRA,213646.45759868898,-98406.99994691994,-325.2053356244878,132.03208661136964,9,229.6812833294195,2.6736220001334834,False
2251.39,RADAR_A,RADAR_A-T6686,PGT549U,207656.37553155716,-279586.4413493956,155.02993929139387,-143.24986988256163,9,343.6895466614451,2.6736220001334834,False
2251.41,RADAR_C,RADAR_C-T8120,HEDEF_3_MANEVRA,213653.8574324619,-97926.53549218108,-326.39686127905634,128.92841011593111,7,357.5700452398904,4.6753056338464924,False
2252.16,RADAR_A,RADAR_A-T3993,HEDEF_2,82236.50552128007,-279701.91240038996,-161.972249037839,-145.16582100545935,11,270.51177434435596,1.528938460803196,False
2253.85,RADAR_A,RADAR_A-T6686,PGT549U,208064.9665062783,-279941.46083597967,162.7401024265442,-141.67139774692836,11,317.9375050761224,1.528938460803196,False
2254.32,RADAR_A,RADAR_A-T3993,HEDEF_2,81712.5828745035,-280102.39137549896,-154.74370515211834,-143.72707380193938,11,270.68095742333156,1.528938460803196,False
2254.68,RADAR_C,RADAR_C-T4087,PGT549U,207777.24146013797,-279986.78888726805,172.78742599448702,-121.09307130984433,4,732.9077136415202,10.811227536508623,False
2254.87,RADAR_A,RADAR_A-T4363,HEDEF_3_MANEVRA,215184.18635553768,-97630.25919287208,-336.82690003990626,144.6100530758599,11,225.55696975699527,1.528938460803196,False
2255.44,RADAR_C,RADAR_C-T1961,HEDEF_2,82066.00663665628,-279495.3443599208,-128.86521990997795,-150.5157470040333,3,909.5573083327063,14.296509199195533,False
2256.6,RADAR_A,RADAR_A-T6686,PGT549U,208553.96028246637,-280396.93312961474,168.36503901812983,-134.39257845242025,11,318.43095655490987,1.528938460803196,False
2257.01,RADAR_A,RADAR_A-T3993,HEDEF_2,81504.28937608669,-280744.21283825516,-159.05913313399486,-144.29999285560675,10,282.28190332398526,2.021831720409404,False
2257.17,RADAR_A,RADAR_A-T4363,HEDEF_3_MANEVRA,215676.74865496927,-96999.48428178432,-345.4218524642269,128.6548437399745,10,239.40391708602314,2.021831720409404,False
2258.47,RADAR_B,RADAR_B-T1235,HEDEF_2,81286.60605586853,-280501.9950427576,-147.77952892543846,-140.88678047727586,8,321.8803764001483,3.5355339059327378,False
2258.97,RADAR_A,RADAR_A-T6686,PGT549U,208719.88089662037,-280921.37605396914,166.47505945541164,-141.65456846017022,10,328.58711017873827,2.021831720409404,False
2259.42,RADAR_B,RADAR_B-T2026,HEDEF_3_MANEVRA,216154.23874773673,-97000.18026487977,-330.99387697388084,163.75613542885603,7,325.761572615208,4.6753056338464924,False
2259.89,RADAR_A,RADAR_A-T3993,HEDEF_2,80367.60735767065,-281156.1409397344,-151.27530018939763,-143.68171125929467,11,271.1181671116339,1.528938460803196,False
2260.01,RADAR_A,RADAR_A-T4363,HEDEF_3_MANEVRA,216592.3626149551,-96418.05711662247,-346.10657157151115,138.67917694713483,11,226.24202784009466,1.528938460803196,False
2262.19,RADAR_A,RADAR_A-SC62965,STATIC_CLUTTER,-331713.5202024424,-102034.93213469983,0.306560917835857,0.0952403232540547,1,1500.0,25.0,True
2262.57,RADAR_C,RADAR_C-T8120,HEDEF_3_MANEVRA,216766.6832926038,-96114.99839942963,-348.3365900679853,153.98970407313004,6,432.6968600783634,6.1825125572116635,False
2262.64,RADAR_A,RADAR_A-T4363,HEDEF_3_MANEVRA,217027.42559061106,-96172.49565064216,-352.50608956870917,134.96629901762066,11,226.5937473608155,1.528938460803196,False
2263.09,RADAR_B,RADAR_B-T1235,HEDEF_2,80553.21310091464,-281421.23989655555,-177.7833776257612,-147.73513085277384,9,290.8446339219572,2.6736220001334834,False
2263.36,RADAR_B,RADAR_B-T6222,PGT549U,209438.67874002902,-281780.29923088464,164.35976767806932,-142.10155476978252,9,321.34284006639973,2.6736220001334834,False
2263.74,RADAR_A,RADAR_A-T4913,PGT549U,209657.7519959832,-281417.87330338947,159.5339166198474,-143.57445691866664,11,319.7108532092526,1.528938460803196,False
2264.02,RADAR_A,RADAR_A-T6185,HEDEF_2,80399.64618454671,-281544.79849305,-162.42031152353906,-144.87452959729214,10,282.8129968121602,2.021831720409404,False
2264.91,RADAR_A,RADAR_A-T4363,HEDEF_3_MANEVRA,217470.97275205827,-95901.5627354413,-347.5514469017855,161.32221573413125,9,262.0565308413897,2.6736220001334834,False
2265.0,RADAR_A,RADAR_A-SC62965,STATIC_CLUTTER,-331757.7089017102,-102055.01046898631,-0.09120465054629766,-0.293489367960222,2,1134.321747974356,18.905362466239264,True
2265.19,RADAR_B,RADAR_B-T2026,HEDEF_3_MANEVRA,217372.63082607614,-95773.96220358678,-351.3021773722783,148.4100530763813,9,230.97216425299916,2.6736220001334834,False
2266.88,RADAR_A,RADAR_A-T6185,HEDEF_2,79690.79640198538,-281930.7400631797,-161.76633485866137,-144.41544315578352,12,264.94665877186594,1.1562054316023351,False
2267.25,RADAR_C,RADAR_C-T1961,HEDEF_2,79722.22731186046,-281799.9235605869,-158.36881141477744,-141.14003270461157,9,343.40148643008575,2.6736220001334834,False
2268.81,RADAR_A,RADAR_A-T4270,PGT549U,210464.04701713673,-282222.8324565925,160.8250373242904,-142.90690532162307,14,309.714340429218,0.6611880635625048,False
2268.98,RADAR_A,RADAR_A-T6185,HEDEF_2,79536.5158490268,-282239.238864443,-156.03939129796836,-145.11862851179868,14,258.92740761182205,0.6611880635625048,False
2269.1,RADAR_B,RADAR_B-T1235,HEDEF_2,79459.42487547088,-282111.25652543217,-161.56641683771755,-149.8406734757067,8,322.7534853778975,3.5355339059327378,False
2270.27,RADAR_A,RADAR_A-T9863,HEDEF_3_MANEVRA,215644.62763460338,-94897.06783916113,-402.04818938941565,143.9646513858247,11,225.2705467935409,1.528938460803196,False
2271.06,RADAR_A,RADAR_A-T6185,HEDEF_2,79023.09793775552,-282586.0283619564,-158.1550985229871,-145.51318166110434,12,265.2809912300592,1.1562054316023351,False
2272.82,RADAR_B,RADAR_B-T4615,HEDEF_3_MANEVRA,215732.05760074974,-94674.9144538897,-398.38066103710474,135.13218030684268,8,268.627597840977,3.5355339059327378,False
2272.91,RADAR_A,RADAR_A-T9863,HEDEF_3_MANEVRA,216200.37664107722,-94802.72244942044,-395.28412152551965,154.79266021752423,9,261.10912131270874,2.6736220001334834,False
2273.11,RADAR_B,RADAR_B-SC69319,STATIC_CLUTTER,389182.67161972786,-173879.98035295494,-0.46680063287833856,0.2502402777682151,2,1134.321747974356,18.905362466239264,True
2273.11,RADAR_A,RADAR_A-T6185,HEDEF_2,78849.97661310877,-282876.48972576123,-153.64158519062372,-142.0365110318673,13,261.5443112361773,0.8743393107950702,False
2273.17,RADAR_A,RADAR_A-T2872,PGT549U,210471.90579307894,-283345.423158844,160.85231012616188,-142.20441327957593,14,310.52248079483644,0.6611880635625048,False
2274.04,RADAR_B,RADAR_B-T1235,HEDEF_2,78655.75892372981,-282763.6815569082,-159.76175046997074,-145.41737976291466,12,253.48648178458635,1.1562054316023351,False
2275.14,RADAR_A,RADAR_A-T6185,HEDEF_2,78881.174824122,-283000.03253737104,-162.84451306508618,-146.3751106499471,13,261.7184607770035,0.8743393107950702,False
2275.83,RADAR_A,RADAR_A-T9863,HEDEF_3_MANEVRA,216826.3297722497,-94047.4073699387,-393.86679118053655,136.0503651830597,11,225.79986655936497,1.528938460803196,False
2277.55,RADAR_B,RADAR_B-T4615,HEDEF_3_MANEVRA,216965.67129832105,-93617.2352354643,-392.1831480368365,146.23565525074736,6,406.08391461392347,6.1825125572116635,False
2277.69,RADAR_A,RADAR_A-T6185,HEDEF_2,78461.45015670263,-283455.00127064507,-158.30239954669239,-145.2438925693042,14,259.679338722572,0.6611880635625048,False
2277.77,RADAR_B,RADAR_B-SC55470,STATIC_CLUTTER,100578.74713814245,207837.07628506745,-0.12026284365815453,0.4931004341613042,1,1500.0,25.0,True
2277.89,RADAR_A,RADAR_A-T3637,PGT549U,211681.8595220504,-283701.5317725502,160.19004283916684,-142.03955025266333,13,313.2906810861325,0.8743393107950702,False
2278.76,RADAR_A,RADAR_A-T9863,HEDEF_3_MANEVRA,217357.211068113,-93785.93370353524,-382.9902514182769,147.1282235260415,11,226.08063600015362,1.528938460803196,False
2280.09,RADAR_A,RADAR_A-T3637,PGT549U,212462.90748176706,-283681.70601040596,156.43875924424194,-145.74000987841217,13,313.70001990269037,0.8743393107950702,False
2280.58,RADAR_A,RADAR_A-T6185,HEDEF_2,77961.58855951828,-283780.7671285267,-163.99834897364448,-146.43252694604155,13,262.18796246932305,0.8743393107950702,False
2280.79,RADAR_A,RADAR_A-T9863,HEDEF_3_MANEVRA,217587.26920190157,-93693.08710040702,-375.6552713440767,143.4975205744164,9,261.7613585544431,2.6736220001334834,False
2282.53,RADAR_A,RADAR_A-T6185,HEDEF_2,77484.37490524557,-284194.0235715246,-159.36412711303407,-145.66072331692033,12,266.2552505058176,1.1562054316023351,False
2282.6,RADAR_B,RADAR_B-T7634,HEDEF_2,77095.47861075957,-284142.2866406686,-150.17229484342946,-141.98810669570335,11,261.4209950604904,1.528938460803196,False
2282.81,RADAR_B,RADAR_B-T4615,HEDEF_3_MANEVRA,218198.27432356172,-93205.32926270737,-378.76808287775214,142.36558912726304,9,230.62976541042033,2.6736220001334834,False
2282.92,RADAR_A,RADAR_A-T3637,PGT549U,212865.52825171335,-284139.67717723665,155.60504748808944,-147.16622041220754,14,312.3445822345585,0.6611880635625048,False
2283.17,RADAR_C,RADAR_C-T4669,HEDEF_3_MANEVRA,216894.72632542546,-92610.13915873657,-352.59099935553326,168.63140529638054,3,886.0630282411189,14.296509199195533,False
2283.51,RADAR_B,RADAR_B-T5413,PGT549U,212670.87112307863,-284212.69072750333,162.6163466469381,-143.35316328458939,11,296.6053817674054,1.528938460803196,False
2283.73,RADAR_A,RADAR_A-T9863,HEDEF_3_MANEVRA,218225.44926072637,-93061.07787022683,-370.62197661942,145.06616140863392,10,240.06264786163078,2.021831720409404,False
2283.99,RADAR_C,RADAR_C-T9177,PGT549U,213235.59637673403,-283863.20607454074,136.6396141632352,-154.1164445076432,6,507.55204287481376,6.1825125572116635,False
2285.42,RADAR_A,RADAR_A-T3637,PGT549U,213039.31092382583,-284656.7912924065,158.50334612724066,-144.7102188782957,14,312.8118602387489,0.6611880635625048,False
2287.41,RADAR_B,RADAR_B-T5413,PGT549U,213239.1631777524,-284883.0872275541,167.30646058951902,-143.66915743884752,8,353.49988482123825,3.5355339059327378,False
2287.42,RADAR_B,RADAR_B-SC46433,STATIC_CLUTTER,-343939.6094497921,108115.06755418569,-0.11465655894436179,0.04860655859559097,3,857.790551951732,14.296509199195533,True
2287.45,RADAR_A,RADAR_A-T4979,HEDEF_2,76141.31492251299,-284977.60634459544,-151.93261946431977,-141.693494890681,12,266.67761995961814,1.1562054316023351,False
2287.89,RADAR_B,RADAR_B-T4615,HEDEF_3_MANEVRA,218765.66844094847,-92322.41055394326,-367.0946604027653,137.8954232350422,8,269.4624089520072,3.5355339059327378,False
2287.98,RADAR_A,RADAR_A-T3637,PGT549U,213073.8068520084,-285362.0170653759,159.5383318192499,-144.5741093872924,13,315.1634491177256,0.8743393107950702,False
2289.2,RADAR_A,RADAR_A-T8765,HEDEF_3_MANEVRA,219410.05520897504,-92358.3160387196,-357.4708671084698,146.5636339863128,14,211.49373583863078,0.6611880635625048,False
2289.87,RADAR_A,RADAR_A-T3637,PGT549U,213857.69916438733,-285430.18270845036,160.28509205771576,-143.3765549308719,13,315.51541712357937,0.8743393107950702,False
2290.06,RADAR_A,RADAR_A-T4979,HEDEF_2,76378.70529381721,-285252.8530707477,-165.32105861512022,-147.84340387348365,12,266.9022172114453,1.1562054316023351,False
2292.04,RADAR_B,RADAR_B-SC69319,STATIC_CLUTTER,389208.8311239719,-173902.8893234507,-0.5672760333052654,-0.2468924744330946,2,1134.321747974356,18.905362466239264,True
2292.13,RADAR_A,RADAR_A-T8765,HEDEF_3_MANEVRA,220182.3130837562,-91956.99697263332,-350.15908450351276,145.13998464502524,11,227.38068615845953,1.528938460803196,False
2292.93,RADAR_A,RADAR_A-T4979,HEDEF_2,75751.58547838258,-285629.05874893366,-157.19238419145785,-144.41665892171972,12,267.1506295238263,1.1562054316023351,False
2293.32,RADAR_B,RADAR_B-T6357,HEDEF_2,75423.80096854427,-285768.77838016965,-160.70513900181317,-147.15945332646393,11,262.58828850091504,1.528938460803196,False
2293.92,RADAR_C,RADAR_C-T4669,HEDEF_3_MANEVRA,219815.27984196175,-91243.56015169265,-297.88849832642074,195.11567960060782,3,886.2217576299424,14.296509199195533,False
2294.6,RADAR_A,RADAR_A-T8765,HEDEF_3_MANEVRA,220426.2231663294,-91669.73906458846,-346.7894774594853,139.15060227247932,9,262.92759346974617,2.6736220001334834,False
2295.84,RADAR_A,RADAR_A-T4979,HEDEF_2,75414.59628786822,-286149.40695208334,-162.9883442655056,-143.75878765878235,12,267.40368353297566,1.1562054316023351,False
2296.32,RADAR_A,RADAR_A-T8765,HEDEF_3_MANEVRA,220915.13303165656,-91251.39653378274,-337.7798201170825,145.997317122519,11,227.79434610651322,1.528938460803196,False
2297.93,RADAR_B,RADAR_B-T4679,PGT549U,215159.1773656677,-286555.2685106194,153.01835785787105,-152.3117110136838,8,355.04400304276436,3.5355339059327378,False
2298.04,RADAR_A,RADAR_A-SC62965,STATIC_CLUTTER,-331727.2805913721,-102104.54066888725,-0.540033135373383,0.1086612272023083,2,1134.321747974356,18.905362466239264,True
2298.37,RADAR_A,RADAR_A-T4979,HEDEF_2,74459.8481277565,-286674.3817944306,-161.61962370396873,-145.79745131989233,13,263.74669995108945,0.8743393107950702,False
2298.38,RADAR_C,RADAR_C-T6457,HEDEF_2,74877.08975793436,-286485.79674671136,-177.9677093747537,-148.4752854271435,8,373.0014650033562,3.5355339059327378,False
2298.67,RADAR_A,RADAR_A-T8765,HEDEF_3_MANEVRA,221394.6822966806,-91289.94679487818,-338.42715577476866,137.8680404483304,9,263.27653348765773,2.6736220001334834,False
2299.01,RADAR_B,RADAR_B-T5611,HEDEF_3_MANEVRA,220551.3407395706,-90471.94526625903,-315.40796726594454,174.2990480837168,6,406.88980348394557,6.1825125572116635,False
2299.31,RADAR_A,RADAR_A-T6999,PGT549U,215347.62482269746,-286733.8042255071,154.58848052824482,-146.68556200826112,14,315.40708640151,0.6611880635625048,False
2301.18,RADAR_A,RADAR_A-T4979,HEDEF_2,74404.30478240158,-287111.7134053708,-160.4019927439882,-145.55864993720485,13,263.996131870607,0.8743393107950702,False
2301.7,RADAR_A,RADAR_A-T6999,PGT549U,215700.1407416794,-286968.89738925896,159.77540682152437,-142.41317225703077,12,320.93853511683307,1.1562054316023351,False
2302.21,RADAR_B,RADAR_B-T4679,PGT549U,215553.95810591025,-287177.64511244354,160.83139878433718,-142.49679204573405,12,293.79519700559655,1.1562054316023351,False
2302.95,RADAR_A,RADAR_A-T4979,HEDEF_2,73562.24538681348,-287478.6993754261,-164.4851751370419,-145.0024919181855,13,264.15383795429204,0.8743393107950702,False
2302.97,RADAR_A,RADAR_A-T2226,HEDEF_3_MANEVRA,222125.33021314436,-90234.85948695107,-326.29550892221243,137.9675464751304,11,228.45508603130511,1.528938460803196,False
2303.89,RADAR_C,RADAR_C-T4669,HEDEF_3_MANEVRA,222325.73412253236,-90248.4488084174,-337.14014755233154,121.57495653403087,7,358.5322158972388,4.6753056338464924,False
2304.2,RADAR_B,RADAR_B-T5611,HEDEF_3_MANEVRA,221921.9965302467,-89788.11951373023,-312.0370800261298,154.33663862897893,6,407.09246022289216,6.1825125572116635,False
2304.31,RADAR_A,RADAR_A-T6999,PGT549U,216365.23765310858,-287330.8942252123,151.42185808483495,-151.9509558802026,12,321.4193924521525,1.1562054316023351,False
2305.15,RADAR_A,RADAR_A-T4979,HEDEF_2,73601.34381936314,-287699.7658639162,-152.21365828126198,-143.84849040778593,12,268.21882034562293,1.1562054316023351,False
2306.04,RADAR_A,RADAR_A-T2226,HEDEF_3_MANEVRA,222548.14885036414,-89824.55185281934,-314.9741577294013,150.78713892647482,9,263.9148050965705,2.6736220001334834,False
2308.56,RADAR_A,RADAR_A-T2226,HEDEF_3_MANEVRA,223347.30059606477,-89159.7788892618,-312.23814119349055,150.1985675966837,9,264.1343153245654,2.6736220001334834,False
2309.72,RADAR_A,RADAR_A-T8531,HEDEF_2,72858.48083185038,-288250.6480944286,-156.12396786869502,-144.70044820399573,13,264.75963984516295,0.8743393107950702,False
2311.07,RADAR_B,RADAR_B-T5611,HEDEF_3_MANEVRA,223167.8366756675,-88849.49300055379,-299.80591488473783,153.5760106992303,7,327.1580162290613,4.6753056338464924,False
2311.46,RADAR_C,RADAR_C-T4669,HEDEF_3_MANEVRA,223386.07763966208,-88923.4901439657,-300.9875332480964,152.75841165345383,6,433.2098236930866,6.1825125572116635,False
2311.61,RADAR_A,RADAR_A-T2226,HEDEF_3_MANEVRA,223616.08020340183,-89273.59354915861,-302.2375903744749,155.79875243493754,9,264.40235093128905,2.6736220001334834,False
2311.83,RADAR_A,RADAR_A-T7816,PGT549U,216925.75835959168,-288851.8913402217,160.86578343755127,-142.88516911445973,13,319.59586314166904,0.8743393107950702,False
2312.15,RADAR_A,RADAR_A-T8531,HEDEF_2,72581.96056509683,-288725.2242462155,-163.57490396568505,-146.92944091357998,12,268.83733083404394,1.1562054316023351,False
2313.68,RADAR_A,RADAR_A-T2226,HEDEF_3_MANEVRA,224086.68323957323,-88536.62185964372,-295.9127559346201,157.64660591683247,9,264.584703870668,2.6736220001334834,False
2314.45,RADAR_A,RADAR_A-T7816,PGT549U,217895.09381706186,-288830.0041594161,158.3258309358292,-144.33970664263703,13,320.08230847046036,0.8743393107950702,False
2314.54,RADAR_A,RADAR_A-T8531,HEDEF_2,72124.86778989967,-289089.92117363773,-161.49070294421801,-147.83752221481555,12,269.049721915976,1.1562054316023351,False
2315.45,RADAR_A,RADAR_A-SC62965,STATIC_CLUTTER,-331716.64071264287,-102057.04116368611,-0.5423719099235786,0.20551211646744563,2,1134.321747974356,18.905362466239264,True
2315.51,RADAR_B,RADAR_B-T5611,HEDEF_3_MANEVRA,224113.15342066358,-88499.87148731446,-319.5424412468989,121.47255537457589,8,271.0857809859204,3.5355339059327378,False
2316.38,RADAR_A,RADAR_A-T2226,HEDEF_3_MANEVRA,224813.49120925416,-88101.83635972615,-293.7045448185895,138.65091106933306,10,243.13274668730742,2.021831720409404,False
2316.61,RADAR_C,RADAR_C-T4669,HEDEF_3_MANEVRA,224533.3720280768,-88581.61757657643,-301.5896898389766,142.43991588805392,7,359.03152952663635,4.6753056338464924,False
2317.12,RADAR_A,RADAR_A-T8531,HEDEF_2,71768.84979428299,-289509.68819931854,-161.19860148049392,-146.12883780350975,14,263.1981251332853,0.6611880635625048,False
2317.33,RADAR_B,RADAR_B-T3109,PGT549U,217855.38134766003,-289477.67957350356,158.45796451583703,-143.79102761744525,11,302.5058939892037,1.528938460803196,False
2317.39,RADAR_B,RADAR_B-T9478,HEDEF_2,71993.21027719027,-289313.3962502067,-152.2625671922179,-145.59338992174497,12,258.3672458348197,1.1562054316023351,False
2319.08,RADAR_A,RADAR_A-T2226,HEDEF_3_MANEVRA,225145.288666694,-88080.3908578384,-283.17238398126705,152.37784942617975,11,230.08680382032668,1.528938460803196,False
2319.21,RADAR_A,RADAR_A-T8531,HEDEF_2,71223.92966634898,-289793.6073939778,-156.65969766187354,-143.86392665908207,12,269.466993579463,1.1562054316023351,False
2319.35,RADAR_C,RADAR_C-T3723,PGT549U,218644.54557875055,-289162.64800946263,172.0653089060929,-135.8290711143302,7,450.7971829230807,4.6753056338464924,False
2319.95,RADAR_A,RADAR_A-T5447,PGT549U,218425.82032013763,-290015.88151555293,159.93549852117002,-142.99601817624486,14,319.265178922106,0.6611880635625048,False
2320.79,RADAR_B,RADAR_B-T3109,PGT549U,218843.0551330393,-289742.28650795075,160.10959505967355,-144.52390382464432,10,313.3323834592144,2.021831720409404,False
2321.16,RADAR_B,RADAR_B-T5611,HEDEF_3_MANEVRA,225477.77529682772,-87637.54602534581,-281.91309490271493,152.70235147789577,7,327.6683067355831,4.6753056338464924,False
2321.16,RADAR_A,RADAR_A-T8531,HEDEF_2,71548.24004647021,-289856.90756820765,-157.98854706980026,-144.39657913029788,14,263.5677945315259,0.6611880635625048,False
2322.26,RADAR_A,RADAR_A-T2226,HEDEF_3_MANEVRA,226161.23259210482,-87069.50696760436,-278.7873485533804,149.83301239785536,10,243.70359145468302,2.021831720409404,False
2323.97,RADAR_A,RADAR_A-T2226,HEDEF_3_MANEVRA,226234.25147000368,-87054.45978531775,-271.88631631074304,144.2659573799523,11,230.59040760831584,1.528938460803196,False
2325.77,RADAR_B,RADAR_B-T5611,HEDEF_3_MANEVRA,226050.85430655238,-86858.02962290683,-267.3475909365723,165.55327591458533,5,519.0928854028328,8.1756070113073,False
2326.72,RADAR_A,RADAR_A-T2226,HEDEF_3_MANEVRA,226722.11993953018,-87038.7196568756,-263.20597950667974,154.09837657242156,9,265.747025923019,2.6736220001334834,False
2327.65,RADAR_A,RADAR_A-T8105,HEDEF_2,70022.51277625983,-290894.4685952151,-154.5459619048936,-144.12934932981233,12,270.2271409162397,1.1562054316023351,False
2327.74,RADAR_C,RADAR_C-T4669,HEDEF_3_MANEVRA,227516.66817006044,-87473.87126892662,-279.86253406497633,123.56099891068618,4,686.5248648164045,10.811227536508623,False
2329.47,RADAR_A,RADAR_A-T2226,HEDEF_3_MANEVRA,226972.95983013004,-86839.69962328221,-262.67158310626957,147.1695465874613,9,265.99554976342756,2.6736220001334834,False
2329.57,RADAR_B,RADAR_B-T5611,HEDEF_3_MANEVRA,227410.26507998304,-86402.32235567327,-271.7035034565502,145.39474035604678,5,519.2178944652339,8.1756070113073,False
2330.0,RADAR_B,RADAR_B-T3580,HEDEF_2,70142.69674928996,-291200.0677098814,-153.78828320418697,-144.47342434320808,11,266.6628530358438,1.528938460803196,False
2331.81,RADAR_A,RADAR_A-T4878,HEDEF_2,69209.37921013437,-291640.27047420735,-157.28583628906713,-144.348498860506,14,264.5517701487072,0.6611880635625048,False
2332.46,RADAR_A,RADAR_A-T2226,HEDEF_3_MANEVRA,227832.9773389123,-86127.67076775234,-248.15627572438166,156.8858379905185,10,244.7043939487027,2.021831720409404,False
2334.09,RADAR_A,RADAR_A-T4878,HEDEF_2,69091.46418829933,-291808.2833115354,-158.76298898782287,-145.1261043663202,13,266.9802809767305,0.8743393107950702,False
2335.21,RADAR_B,RADAR_B-T3580,HEDEF_2,69225.44136195313,-292011.46860541834,-158.28317687740437,-143.3837031648587,10,278.78989424082863,2.021831720409404,False
2335.62,RADAR_B,RADAR_B-T5611,HEDEF_3_MANEVRA,227418.0035668204,-84987.16763400497,-273.336743164433,117.52037597706708,5,519.4198372410774,8.1756070113073,False
2335.83,RADAR_B,RADAR_B-T8936,PGT549U,220780.40782392275,-292170.85451017396,155.13669148748698,-150.85844868404848,8,360.64410883913973,3.5355339059327378,False
2336.15,RADAR_A,RADAR_A-T4878,HEDEF_2,68973.91515255952,-292188.1565688562,-157.8660126161331,-144.80570900399087,13,267.1704732851885,0.8743393107950702,False
2337.47,RADAR_A,RADAR_A-T9427,HEDEF_3_MANEVRA,228937.934946097,-85123.23151923358,-239.53740099333226,149.72340055232274,10,245.20223358507295,2.021831720409404,False
2337.74,RADAR_A,RADAR_A-T8956,PGT549U,221453.87918588045,-292523.78044478706,164.04015291009384,-139.95281973933828,14,322.59197053576014,0.6611880635625048,False
2338.33,RADAR_A,RADAR_A-T4878,HEDEF_2,68582.04101097556,-292504.99772600736,-153.38229299183246,-142.43539863897345,13,267.37306342119257,0.8743393107950702,False
2339.24,RADAR_C,RADAR_C-T4669,HEDEF_3_MANEVRA,228998.66633212005,-84908.74432515806,-235.19696789573834,145.5704116328966,7,359.9693215953083,4.6753056338464924,False
2340.45,RADAR_B,RADAR_B-T5611,HEDEF_3_MANEVRA,229054.1989302156,-85073.98992276749,-236.01891918929363,133.1319109896916,8,272.6548239367247,3.5355339059327378,False
2340.54,RADAR_A,RADAR_A-T9427,HEDEF_3_MANEVRA,229537.76983322942,-84776.02474893864,-230.33774479725028,160.09961970726093,9,267.0055211755915,2.6736220001334834,False
2341.44,RADAR_A,RADAR_A-T4878,HEDEF_2,67446.23540206201,-293133.3027062457,-160.43303404536553,-144.85058452612077,14,265.4518193869037,0.6611880635625048,False
2342.4,RADAR_A,RADAR_A-T9386,PGT549U,222379.84354957027,-292970.2687745591,158.62774292144132,-144.5673965614539,14,323.46545934260456,0.6611880635625048,False
2342.87,RADAR_B,RADAR_B-SC69319,STATIC_CLUTTER,389166.15953081317,-173912.70239938438,-0.26430307423587834,0.6606217266896661,4,648.6736521905174,10.811227536508623,True
2343.49,RADAR_A,RADAR_A-T9427,HEDEF_3_MANEVRA,230085.29102833566,-84351.86090456761,-224.1894472834366,154.07401040112543,9,267.2778612635401,2.6736220001334834,False
2343.9,RADAR_C,RADAR_C-T5443,PGT549U,223009.92440700566,-293240.43901947315,142.21304367333326,-159.64174464321175,5,606.9168695605396,8.1756070113073,False
2344.5,RADAR_B,RADAR_B-T8181,PGT549U,222396.37501258124,-293694.67258867365,170.51483384552515,-139.68400817642384,8,361.9329507167812,3.5355339059327378,False
2346.05,RADAR_B,RADAR_B-T2010,HEDEF_2,67056.63825064412,-293648.731836798,-153.69705353175564,-145.7705696846688,11,268.4837746203651,1.528938460803196,False
2347.81,RADAR_B,RADAR_B-SC46433,STATIC_CLUTTER,-343952.28032265155,108120.95089798655,-1.0416205525231934,0.8265936032519062,4,648.6736521905174,10.811227536508623,True
2348.91,RADAR_B,RADAR_B-T8181,PGT549U,223443.54043706064,-293792.24917908513,156.1861693541359,-145.9905862752109,12,302.1336250667235,1.1562054316023351,False
2349.19,RADAR_A,RADAR_A-T5516,HEDEF_2,66191.6197735835,-294088.23945370654,-160.01147734720598,-144.61779602048944,12,272.1985678529586,1.1562054316023351,False
2350.84,RADAR_A,RADAR_A-T6038,HEDEF_3_MANEVRA,231458.60701944205,-83338.58558604312,-210.70179303551993,135.72793283019038,11,233.42093214913064,1.528938460803196,False
2351.45,RADAR_A,RADAR_A-T5516,HEDEF_2,66161.85666516804,-294387.80722827365,-158.52242569341084,-144.9805512883566,12,272.40907735249635,1.1562054316023351,False
2352.19,RADAR_B,RADAR_B-T5761,HEDEF_3_MANEVRA,232009.25335500162,-83184.29033201034,-212.28501040614785,128.50948006155176,6,409.1043170788012,6.1825125572116635,False
2352.65,RADAR_B,RADAR_B-T2010,HEDEF_2,65793.71145189129,-294473.9015151206,-143.65137479245223,-143.86311286064065,8,330.2647112043908,3.5355339059327378,False
2353.83,RADAR_C,RADAR_C-T3740,HEDEF_2,65670.42005658476,-294690.03801824513,-125.18804773534212,-139.0445810012008,7,420.0940934243489,4.6753056338464924,False
2354.47,RADAR_A,RADAR_A-T5516,HEDEF_2,65213.656413894925,-295049.2306644426,-162.5804632309546,-144.9788894493234,12,272.6898350146712,1.1562054316023351,False
2355.21,RADAR_B,RADAR_B-T8181,PGT549U,224223.23084008796,-294926.2768224205,152.65624321162667,-148.5479091888777,12,303.2608890120258,1.1562054316023351,False
2355.9,RADAR_A,RADAR_A-T8580,HEDEF_3_MANEVRA,232523.30995574742,-82511.39798285493,-198.1139671645537,140.27329957750743,11,233.96591890001218,1.528938460803196,False
2356.94,RADAR_B,RADAR_B-SC46433,STATIC_CLUTTER,-343910.2923207198,108110.4868457559,-1.3025941976415776,-0.4639586464665877,1,1500.0,25.0,True
2357.03,RADAR_A,RADAR_A-T6786,PGT549U,224684.17164664943,-295263.13820841326,157.6356076581041,-143.0213898758017,13,328.0031051094997,0.8743393107950702,False
2358.36,RADAR_A,RADAR_A-T8580,HEDEF_3_MANEVRA,232950.7843336636,-81744.27450194697,-195.60030094408515,140.28374122328694,11,234.23201223884783,1.528938460803196,False
2358.4,RADAR_B,RADAR_B-T5761,HEDEF_3_MANEVRA,232526.68701360363,-81767.9979352162,-196.58732839747137,146.1797652901578,7,329.6671321436198,4.6753056338464924,False
2360.29,RADAR_A,RADAR_A-T7876,HEDEF_2,65335.213719437,-295792.3986997224,-160.52360243797227,-146.06510499697276,12,273.23421852866693,1.1562054316023351,False
2360.32,RADAR_B,RADAR_B-T2010,HEDEF_2,64572.974148756664,-295875.03739450476,-152.06324881089466,-144.1302862570846,12,263.36915420812494,1.1562054316023351,False
2361.11,RADAR_A,RADAR_A-T8580,HEDEF_3_MANEVRA,233927.35379503082,-81615.61369375522,-185.98330689023513,145.4521592590458,10,247.59959503731432,2.021831720409404,False
2363.12,RADAR_A,RADAR_A-T5681,PGT549U,225583.1205028667,-296256.41892406804,158.3224899325221,-144.85877023759255,12,332.2523093976467,1.1562054316023351,False
2363.49,RADAR_A,RADAR_A-T8580,HEDEF_3_MANEVRA,233966.50052255735,-81538.37065097112,-176.9015442265892,157.4083689399152,9,269.15583010000233,2.6736220001334834,False
2364.27,RADAR_B,RADAR_B-T5761,HEDEF_3_MANEVRA,233764.49482020203,-81065.57922912513,-185.9802636231041,130.88140996944534,8,274.2417981251343,3.5355339059327378,False
2364.76,RADAR_A,RADAR_A-T5681,PGT549U,225422.1941958114,-296786.9523255296,159.4844824986488,-143.4931008713587,13,329.44346228342715,0.8743393107950702,False
2365.23,RADAR_A,RADAR_A-T6164,HEDEF_2,63993.44465546091,-296517.8108286434,-157.09311916275,-143.87962321346498,13,269.90882893371935,0.8743393107950702,False
2365.65,RADAR_A,RADAR_A-T8580,HEDEF_3_MANEVRA,234407.75475430384,-80906.3063391792,-177.89084977897136,131.25382754557864,10,248.0687280457753,2.021831720409404,False
2366.3,RADAR_B,RADAR_B-T2345,PGT549U,225926.4044776752,-296897.3071186787,179.04429657176902,-132.8384658357796,9,337.7819343418093,2.6736220001334834,False
2366.48,RADAR_A,RADAR_A-SC14575,STATIC_CLUTTER,-336602.9949008309,-43819.2391974258,0.4731081711285804,-1.0824622569288842,4,648.6736521905174,10.811227536508623,True
2366.6,RADAR_B,RADAR_B-SC46433,STATIC_CLUTTER,-343912.7160527254,108110.33755739575,-1.099069273443852,0.285644865169759,3,857.790551951732,14.296509199195533,True
2367.26,RADAR_A,RADAR_A-T6164,HEDEF_2,63582.19395027492,-296938.3895566793,-151.4113448226726,-144.18724955819425,12,273.89043552138736,1.1562054316023351,False
2367.71,RADAR_A,RADAR_A-T8580,HEDEF_3_MANEVRA,234627.51007888533,-81258.82259804328,-167.44345546237116,151.52111211299157,11,235.252681059145,1.528938460803196,False
2368.81,RADAR_B,RADAR_B-T5761,HEDEF_3_MANEVRA,234538.14079376732,-80445.11982681249,-177.21192849890176,152.32074265498022,5,520.5820838262086,8.1756070113073,False
2369.71,RADAR_B,RADAR_B-T2345,PGT549U,226414.3345367641,-296989.82475816587,158.11221469791377,-146.2076034753748,9,338.3330453304956,2.6736220001334834,False
2371.45,RADAR_C,RADAR_C-T4704,HEDEF_3_MANEVRA,235679.9811443611,-80432.9745954876,-182.42044767362663,104.20220611041907,6,435.3539658073667,6.1825125572116635,False
2371.58,RADAR_B,RADAR_B-T1689,HEDEF_2,62933.15981348011,-297495.36567015375,-146.73939455836842,-140.11915743280935,8,332.05065914212514,3.5355339059327378,False
2372.03,RADAR_A,RADAR_A-T3610,PGT549U,227198.68199588938,-297487.51416301925,156.4261162172904,-146.53760978016334,13,330.7969876469999,0.8743393107950702,False
2373.06,RADAR_A,RADAR_A-T4284,HEDEF_2,62687.771760985146,-297804.0870218122,-155.76147990210706,-144.2335279779886,14,268.4746875030944,0.6611880635625048,False
2374.27,RADAR_B,RADAR_B-T5761,HEDEF_3_MANEVRA,235895.828083609,-79676.32039732966,-143.84421915535825,162.8395374430268,7,330.5738813805211,4.6753056338464924,False
2374.42,RADAR_A,RADAR_A-T2692,HEDEF_3_MANEVRA,236092.38206344497,-79790.62550275771,-156.11048351731714,138.73654478389693,10,248.98449600738584,2.021831720409404,False
2374.75,RADAR_A,RADAR_A-T3610,PGT549U,226961.68433592666,-298428.0346543096,154.93072682142497,-148.15675100498174,14,329.5211767256196,0.6611880635625048,False
2375.97,RADAR_A,RADAR_A-T4284,HEDEF_2,62949.835124623125,-297994.33826421236,-159.13205486928473,-146.5916989013807,14,268.7580170359545,0.6611880635625048,False
2377.16,RADAR_A,RADAR_A-T3610,PGT549U,227628.46593085304,-298457.562716618,157.3141988034028,-146.46945714190636,12,334.8432681816782,1.1562054316023351,False
2377.55,RADAR_A,RADAR_A-T4284,HEDEF_2,61801.62886070022,-298521.68989188905,-158.2921950036798,-146.12969930467816,13,271.09427422316105,0.8743393107950702,False
2377.75,RADAR_A,RADAR_A-T2692,HEDEF_3_MANEVRA,236832.37391170918,-79202.32488464538,-141.81841080804404,147.85262425250667,11,236.36290226933662,1.528938460803196,False
2378.59,RADAR_C,RADAR_C-T9040,HEDEF_2,62093.69770976123,-298712.9307345078,-170.16622382314017,-132.06165387687392,5,583.1988713778419,8.1756070113073,False
2379.67,RADAR_A,RADAR_A-T4284,HEDEF_2,61198.62250383951,-298732.8802670036,-155.4274300043488,-144.41840364965634,14,269.1198611527098,0.6611880635625048,False
2380.2,RADAR_C,RADAR_C-T7583,PGT549U,227778.17808277588,-298533.6615215357,157.33338504195916,-153.23114486127093,5,610.8616218576935,8.1756070113073,False
2380.23,RADAR_A,RADAR_A-T2692,HEDEF_3_MANEVRA,237102.47486466693,-79235.62661616475,-137.71502736398517,152.29876556361918,11,236.63906960293286,1.528938460803196,False
2381.7,RADAR_B,RADAR_B-T6611,HEDEF_2,61759.11582779773,-298904.4893383107,-165.40360994260868,-145.9357505928849,11,272.60996053876863,1.528938460803196,False
2381.99,RADAR_A,RADAR_A-T4284,HEDEF_2,61389.909513250575,-298965.35618526646,-158.8535998055875,-146.65836251852218,12,275.2935936870737,1.1562054316023351,False
2382.23,RADAR_A,RADAR_A-T4405,PGT549U,228456.15617879384,-299227.483329124,159.3356940091238,-143.70926549108995,14,330.9220713498358,0.6611880635625048,False
2382.51,RADAR_A,RADAR_A-T2692,HEDEF_3_MANEVRA,237842.55399186639,-78062.14247814124,-133.5418642521443,151.636353690341,11,236.89401892720963,1.528938460803196,False
2383.98,RADAR_B,RADAR_B-T6226,HEDEF_3_MANEVRA,237808.63571977374,-78247.4311133194,-128.5275505607013,160.97550646977265,8,275.6200089899143,3.5355339059327378,False
2384.8,RADAR_A,RADAR_A-T4405,PGT549U,229169.01745761585,-299449.77364635986,158.56265924167027,-144.8720830884972,13,333.1765898580997,0.8743393107950702,False
2385.65,RADAR_A,RADAR_A-T2692,HEDEF_3_MANEVRA,238662.8509513711,-78095.4305716307,-128.57574126576708,130.64347617782698,9,271.3001737408371,2.6736220001334834,False
2387.02,RADAR_A,RADAR_A-T4405,PGT549U,229387.97281244514,-299861.87398632756,154.7854866387878,-146.9818691998924,12,336.664742934087,1.1562054316023351,False
2387.92,RADAR_A,RADAR_A-T2692,HEDEF_3_MANEVRA,239202.00854937907,-77279.27167470446,-122.78919523922067,137.28785701406719,10,250.41409953944492,2.021831720409404,False
2389.29,RADAR_A,RADAR_A-T2692,HEDEF_3_MANEVRA,239136.04282775655,-77400.83135997882,-116.1686560250279,146.11870361277062,11,237.65580129335683,1.528938460803196,False
2389.43,RADAR_A,RADAR_A-T2287,HEDEF_2,59720.71913880865,-300222.27722220594,-161.9452059402964,-145.31877767637556,12,276.0112806977943,1.1562054316023351,False
2390.08,RADAR_A,RADAR_A-T4405,PGT549U,229950.20331777976,-300319.80492802215,152.93181118026624,-147.46924609765202,13,334.1595886946391,0.8743393107950702,False
2391.05,RADAR_B,RADAR_B-T1180,PGT549U,229755.1274558528,-300431.6223520186,162.26892838674837,-146.57545136612725,9,341.7978617229084,2.6736220001334834,False
2391.17,RADAR_A,RADAR_A-T2692,HEDEF_3_MANEVRA,239529.86597623685,-77203.57983361601,-115.33820104311775,133.73368871860993,9,271.8441290362896,2.6736220001334834,False
2391.78,RADAR_B,RADAR_B-T2158,HEDEF_2,59901.40918535518,-300446.8525148411,-145.6472894876318,-144.513207363095,10,285.0705234287007,2.021831720409404,False
2391.79,RADAR_A,RADAR_A-T2287,HEDEF_2,60045.8640157634,-300570.4871166191,-153.8102779588998,-142.997359972682,12,276.2392117299377,1.1562054316023351,False
2392.16,RADAR_C,RADAR_C-T7583,PGT549U,230320.28830703918,-300125.21181749855,144.4703753818377,-157.89157402587085,6,521.2823487398815,6.1825125572116635,False
2393.87,RADAR_B,RADAR_B-T8857,HEDEF_3_MANEVRA,239289.18691376975,-76879.99419878228,-103.49733733486431,140.93170445943701,5,521.5229587789498,8.1756070113073,False
2393.97,RADAR_B,RADAR_B-T1180,PGT549U,230327.77868545149,-300867.6731839148,147.8621327866374,-152.73905010405227,11,315.96257299640973,1.528938460803196,False
2393.99,RADAR_A,RADAR_A-T2692,HEDEF_3_MANEVRA,239908.84981031812,-76598.47685768358,-106.57702720423151,142.44762286835814,9,272.1239193900915,2.6736220001334834,False
2394.64,RADAR_A,RADAR_A-T2287,HEDEF_2,58725.49079449856,-300989.4958437823,-161.30818877254478,-144.83466850189006,13,272.7652995161241,0.8743393107950702,False
2394.86,RADAR_A,RADAR_A-T2830,PGT549U,231160.36484180694,-300691.4304691602,158.503213361635,-144.46025053303353,14,333.28728682650905,0.6611880635625048,False
2396.02,RADAR_A,RADAR_A-T2692,HEDEF_3_MANEVRA,240305.73574102728,-76252.671519395,-101.50759114028288,148.39861116128338,11,238.41893441606757,1.528938460803196,False
2397.58,RADAR_A,RADAR_A-T2830,PGT549U,230743.1795020023,-301619.4989103512,155.57032128868676,-147.5710921673017,12,338.61456838442757,1.1562054316023351,False
2398.87,RADAR_A,RADAR_A-T2692,HEDEF_3_MANEVRA,240834.9350991793,-75956.19397782162,-96.86510441739013,140.7819015898362,9,272.6107347420561,2.6736220001334834,False
2399.45,RADAR_B,RADAR_B-T1180,PGT549U,231192.94547727006,-301744.19023764535,151.0028578774237,-152.80267930651306,10,326.7175037542892,2.021831720409404,False
2399.49,RADAR_B,RADAR_B-T8857,HEDEF_3_MANEVRA,240511.12829288433,-75874.83800166371,-89.54829960524519,142.88507553883045,8,276.74470144104936,3.5355339059327378,False
2399.78,RADAR_B,RADAR_B-T9619,HEDEF_2,57999.821240288045,-301604.5328934496,-180.91373056509363,-144.89512845693469,9,304.6347462880134,2.6736220001334834,False
2399.87,RADAR_A,RADAR_A-T7807,HEDEF_2,58541.08954528466,-301736.8097993857,-159.1207784148269,-144.89052478537545,14,271.1177966732391,0.6611880635625048,False
2400.03,RADAR_B,RADAR_B-SC55470,STATIC_CLUTTER,100577.18984290761,207776.4433437969,-0.3090704897633176,-0.11632140786648053,1,1500.0,25.0,True
2400.64,RADAR_A,RADAR_A-T2830,PGT549U,231554.29640602262,-301861.795608055,150.1288834417976,-150.3798578501259,12,339.1797276819416,1.1562054316023351,False
2401.66,RADAR_A,RADAR_A-T2692,HEDEF_3_MANEVRA,241362.3236250493,-75505.35151204932,-84.19703670583209,151.12570357464537,10,251.89624403102292,2.021831720409404,False
2402.24,RADAR_A,RADAR_A-T7807,HEDEF_2,58235.627294427104,-302096.77524842025,-155.06281264284905,-145.3008805960332,14,271.3553407738964,0.6611880635625048,False
2403.09,RADAR_C,RADAR_C-T7583,PGT549U,231240.54153799918,-302336.1661422768,148.52410360131685,-156.28313883997245,9,401.6711519234764,2.6736220001334834,False
2403.62,RADAR_A,RADAR_A-T2692,HEDEF_3_MANEVRA,241796.2859382799,-75072.57241669005,-82.29573580302332,134.29801003199782,9,273.08739509408855,2.6736220001334834,False
2403.79,RADAR_B,RADAR_B-T8857,HEDEF_3_MANEVRA,241795.98063028432,-75335.32901250613,-62.66711561235327,196.28595139700246,5,521.9098084477409,8.1756070113073,False
2403.96,RADAR_B,RADAR_B-T1180,PGT549U,231486.83048908642,-302430.17624943686,160.3201292996186,-142.49908988917426,11,317.72500766739597,1.528938460803196,False
2404.29,RADAR_B,RADAR_B-T9619,HEDEF_2,58044.83552026772,-302456.4916418229,-161.2917759625807,-145.40623580350928,10,286.49561221693773,2.021831720409404,False
2404.4,RADAR_C,RADAR_C-T6764,HEDEF_3_MANEVRA,241767.7097550162,-75676.49946817025,-101.03439537737202,115.46126654036343,6,436.6887714483254,6.1825125572116635,False
2405.18,RADAR_C,RADAR_C-SC05477,STATIC_CLUTTER,55118.560715491716,53333.131676113786,0.823471292835013,-0.7850043833743051,3,857.790551951732,14.296509199195533,True
2406.57,RADAR_A,RADAR_A-T3820,HEDEF_2,57143.15748950627,-302741.3816621404,-156.84724413394267,-145.00193135544595,14,271.7895431886239,0.6611880635625048,False
2408.99,RADAR_B,RADAR_B-T8857,HEDEF_3_MANEVRA,242601.62616454856,-74354.85414465006,-70.79383546878043,152.81119140844226,9,240.23576693385766,2.6736220001334834,False
2409.13,RADAR_B,RADAR_B-SC46433,STATIC_CLUTTER,-343870.7465242791,108135.19944617392,0.23353816355448903,0.12136607014305954,2,1134.321747974356,18.905362466239264,True
2409.24,RADAR_A,RADAR_A-T6784,PGT549U,232530.6370568826,-303485.6264320006,156.59469312319166,-144.32134726396413,13,337.73165070591205,0.8743393107950702,False
2409.25,RADAR_B,RADAR_B-T1180,PGT549U,232700.87213154355,-303113.610958679,149.66240953214862,-152.36073189288123,10,328.39569932544674,2.021831720409404,False
2410.25,RADAR_A,RADAR_A-T5579,HEDEF_2,56879.369948696,-303273.0074659223,-158.93266611450892,-145.19823713082366,14,272.16023145953875,0.6611880635625048,False
2411.55,RADAR_A,RADAR_A-T2430,HEDEF_3_MANEVRA,243367.2944113368,-74144.05224634249,-62.98475881959249,146.7077756128283,10,252.9787294109727,2.021831720409404,False
2412.28,RADAR_A,RADAR_A-T5579,HEDEF_2,56457.534615328004,-303546.4376676614,-157.0837859326037,-145.33499013378503,14,272.36560499016196,0.6611880635625048,False
2412.46,RADAR_A,RADAR_A-T6784,PGT549U,233876.91843778663,-303271.35917327745,152.94637159457085,-148.8258288628881,13,338.3321375229793,0.8743393107950702,False
2413.65,RADAR_B,RADAR_B-T1180,PGT549U,233918.02428532037,-303758.2265855344,173.87624661017156,-140.70845082596128,8,372.3214580743929,3.5355339059327378,False
2414.72,RADAR_A,RADAR_A-T5579,HEDEF_2,55634.70911411966,-304024.70673715003,-160.0812316433452,-144.154108723165,13,274.76449002291054,0.8743393107950702,False
2415.06,RADAR_C,RADAR_C-T6764,HEDEF_3_MANEVRA,243914.04901317914,-73535.29176803141,-61.508721595449,148.6631674014255,6,437.1443184586999,6.1825125572116635,False
2415.11,RADAR_B,RADAR_B-T8857,HEDEF_3_MANEVRA,244216.99833876517,-73598.57843428556,-62.990749847630724,110.60954851342223,6,412.11730535229344,6.1825125572116635,False
2415.43,RADAR_A,RADAR_A-SC14575,STATIC_CLUTTER,-336600.09897234873,-43831.23026921533,0.4374735807500985,-0.8788621131290564,2,1134.321747974356,18.905362466239264,True
2417.54,RADAR_A,RADAR_A-T2791,PGT549U,233871.88749655403,-304717.5079238589,164.04921514598968,-139.77648774357266,13,339.2790756003109,0.8743393107950702,False
2419.46,RADAR_B,RADAR_B-T1180,PGT549U,234249.4466261159,-304786.9695781872,162.2715395015074,-142.15834914715134,10,330.145849996467,2.021831720409404,False
2420.13,RADAR_A,RADAR_A-T2355,HEDEF_2,55321.60182687195,-304695.97142605315,-155.13791667017898,-145.93782702696404,12,279.02771970372095,1.1562054316023351,False
2420.15,RADAR_A,RADAR_A-T1619,HEDEF_3_MANEVRA,244982.54685902136,-73198.27700688604,-43.620019753412336,150.8687683325304,11,241.20521961976192,1.528938460803196,False
2420.15,RADAR_B,RADAR_B-T9617,HEDEF_2,54930.50525457686,-304543.3094602635,-151.93314675733657,-143.07743223471897,10,288.32207247370116,2.021831720409404,False
2422.26,RADAR_B,RADAR_B-T9617,HEDEF_2,54709.972607100775,-305045.9557767336,-166.07595757463298,-150.8598789033014,8,336.9777191160448,3.5355339059327378,False
2422.79,RADAR_A,RADAR_A-T3871,PGT549U,235419.47830598138,-305064.5840552868,158.19268454531013,-143.05221262797804,13,340.259723604859,0.8743393107950702,False
2422.98,RADAR_A,RADAR_A-T2355,HEDEF_2,54547.39049892222,-305211.02431123325,-157.1886217920629,-146.71553097320472,12,279.31239430522066,1.1562054316023351,False
2423.71,RADAR_A,RADAR_A-T1619,HEDEF_3_MANEVRA,245810.32852938594,-72069.24584303246,-32.746956041305125,147.75921728203863,11,241.62264788337515,1.528938460803196,False
2424.88,RADAR_B,RADAR_B-T5629,HEDEF_3_MANEVRA,245893.00289902856,-72323.82361516837,-32.62654833732811,145.04669980762452,7,333.6821287604657,4.6753056338464924,False
2425.35,RADAR_A,RADAR_A-T2355,HEDEF_2,54057.24077188898,-305499.6659277935,-156.6682641859336,-144.63913758631082,13,275.8389187934423,0.8743393107950702,False
2426.6,RADAR_A,RADAR_A-T1619,HEDEF_3_MANEVRA,246446.67457996024,-72162.58669524406,-20.62079662055011,142.07348787989577,9,275.4346182072245,2.6736220001334834,False
2427.04,RADAR_B,RADAR_B-SC46433,STATIC_CLUTTER,-343928.85117119824,108130.47948918841,0.8664533443973994,0.2672845703318245,3,857.790551951732,14.296509199195533,True
2427.38,RADAR_A,RADAR_A-T2355,HEDEF_2,53925.65748179376,-305902.55615100154,-161.55412889679934,-148.142438835108,13,276.04537700271214,0.8743393107950702,False
2427.82,RADAR_A,RADAR_A-T1422,PGT549U,235672.13755802,-306157.7539024174,159.18238580948474,-144.55780245044173,14,339.4667967970311,0.6611880635625048,False
2429.31,RADAR_A,RADAR_A-T1619,HEDEF_3_MANEVRA,246810.23288483833,-71601.95034640671,-20.221113059143192,141.77649422727535,10,254.9547315171713,2.021831720409404,False
2429.64,RADAR_B,RADAR_B-T5629,HEDEF_3_MANEVRA,247031.35346308464,-71537.68295914313,-11.187399182209312,158.39238493064394,9,242.05986537363952,2.6736220001334834,False
2429.7,RADAR_B,RADAR_B-T7066,PGT549U,236317.57984950903,-305961.6555790112,144.60703253376886,-148.32830198908852,9,348.10571572579795,2.6736220001334834,False
2430.19,RADAR_A,RADAR_A-T1422,PGT549U,235899.43986333802,-306608.4917245006,154.26343693791608,-147.8071692169014,12,344.6411365704433,1.1562054316023351,False
2431.74,RADAR_A,RADAR_A-T1619,HEDEF_3_MANEVRA,247197.02096561095,-71557.94140142275,-16.49862660173079,147.04810227419748,10,255.22838874877831,2.021831720409404,False
2432.0,RADAR_C,RADAR_C-T8148,HEDEF_3_MANEVRA,247797.64746899655,-71612.86146723256,-25.271688958046973,126.14066594150387,6,437.8920096925452,6.1825125572116635,False
2432.07,RADAR_B,RADAR_B-SC46433,STATIC_CLUTTER,-343912.2855890596,108125.80783415571,-0.04765614329951996,0.031918105601076927,3,857.790551951732,14.296509199195533,True
2432.09,RADAR_C,RADAR_C-T8133,PGT549U,236742.42614168327,-305761.5931476174,145.109875064291,-153.29582130737208,5,616.5932446378117,8.1756070113073,False
2432.31,RADAR_A,RADAR_A-T4739,HEDEF_2,53046.72946562316,-306649.94029372855,-157.88388133248924,-143.14445251633285,13,276.5482633679154,0.8743393107950702,False
2433.63,RADAR_A,RADAR_A-T1619,HEDEF_3_MANEVRA,247558.2896731145,-70733.79433399728,-9.33704330422416,147.44123408604187,9,276.1665668386528,2.6736220001334834,False
2434.17,RADAR_B,RADAR_B-T5629,HEDEF_3_MANEVRA,247747.46420793032,-70669.83228708338,-2.583883459457411,136.3765615682072,6,413.11286121827845,6.1825125572116635,False
2435.08,RADAR_B,RADAR_B-T7066,PGT549U,237369.40747116948,-306684.22819975065,154.25110954214838,-150.55366893380756,11,323.22399624311356,1.528938460803196,False
2435.52,RADAR_A,RADAR_A-T4739,HEDEF_2,52822.5146435725,-307131.72602506477,-160.79717794265136,-143.8103111967722,13,276.87720829722616,0.8743393107950702,False
2435.61,RADAR_A,RADAR_A-T1619,HEDEF_3_MANEVRA,248122.54570383186,-70262.43856337195,-5.233884790788586,144.64049036552646,11,243.03199100103132,1.528938460803196,False
2438.23,RADAR_A,RADAR_A-T4739,HEDEF_2,52432.490954765824,-307456.1937965566,-153.54123322808726,-144.00379011463437,12,280.8485590880965,1.1562054316023351,False
2438.26,RADAR_A,RADAR_A-T1619,HEDEF_3_MANEVRA,248568.5075508364,-69756.96485249833,-0.6217160778074202,147.87191445356663,11,243.34825339590412,1.528938460803196,False
2439.41,RADAR_B,RADAR_B-T7066,PGT549U,237818.37301465494,-307342.0979842328,167.32227634425993,-138.1668045159283,10,333.5723899555586,2.021831720409404,False
2440.32,RADAR_A,RADAR_A-T9006,PGT549U,238306.47590182486,-307491.38526176487,159.20501111949363,-144.44275558067883,14,341.81023882225236,0.6611880635625048,False
2440.78,RADAR_A,RADAR_A-T1619,HEDEF_3_MANEVRA,249295.76820793215,-69674.88596498994,4.737399925283228,146.79308363370237,9,276.9173232598145,2.6736220001334834,False
2441.45,RADAR_B,RADAR_B-T5629,HEDEF_3_MANEVRA,249614.93710484178,-69557.38406410546,-6.970632740859628,133.37105170520474,6,413.50320981286046,6.1825125572116635,False
2442.57,RADAR_A,RADAR_A-T9843,HEDEF_2,51974.81707353741,-308014.7829367726,-162.26846686393282,-146.41110417143727,14,275.47208531366465,0.6611880635625048,False
2442.9,RADAR_C,RADAR_C-T8148,HEDEF_3_MANEVRA,248878.39019406715,-68938.72197120206,16.835008955319044,105.88415305382651,4,689.461597908953,10.811227536508623,False
2443.39,RADAR_B,RADAR_B-T7066,PGT549U,238379.7987549858,-308167.92040912225,160.88305729273748,-143.77988095185287,12,319.0994038023536,1.1562054316023351,False
2443.6,RADAR_A,RADAR_A-T1619,HEDEF_3_MANEVRA,249736.5881549312,-68937.3985050378,8.668791150519429,138.46657933464164,11,243.9878837271826,1.528938460803196,False
2444.81,RADAR_B,RADAR_B-T5976,HEDEF_2,51907.35579899957,-308355.32697143866,-146.0309292482055,-144.61514774350047,12,273.6682408022425,1.1562054316023351,False
2445.04,RADAR_A,RADAR_A-T9843,HEDEF_2,50924.690383463785,-308519.0992072499,-158.06428565734228,-144.9931706035499,14,275.72957107538787,0.6611880635625048,False
2445.26,RADAR_A,RADAR_A-T6145,PGT549U,238597.67633313054,-308640.8035072725,157.5755785401605,-145.4777695172434,14,342.7366757011407,0.6611880635625048,False
2445.67,RADAR_B,RADAR_B-T5629,HEDEF_3_MANEVRA,250233.34487964105,-68983.28568860775,17.212089495487756,148.07089013570106,9,243.5227032865317,2.6736220001334834,False
2447.67,RADAR_A,RADAR_A-T9843,HEDEF_2,50947.09147630078,-308825.1862566218,-158.5629031538029,-145.22816850064737,13,278.1304483313697,0.8743393107950702,False
2447.93,RADAR_B,RADAR_B-SC46433,STATIC_CLUTTER,-343941.8412361197,108126.61034542654,-0.4403986066716036,0.3097856265941041,3,857.790551951732,14.296509199195533,True
2448.92,RADAR_A,RADAR_A-T6205,HEDEF_3_MANEVRA,250805.6943846745,-68549.4873286369,23.696246304937674,141.83471647196188,9,277.7796156101523,2.6736220001334834,False
2450.37,RADAR_A,RADAR_A-T6205,HEDEF_3_MANEVRA,251018.00679680775,-68310.30134210264,29.204418151261297,141.47452072277372,11,244.80480907375426,1.528938460803196,False
2450.48,RADAR_A,RADAR_A-T9843,HEDEF_2,50134.44509162645,-309405.58547038015,-161.8706366447711,-145.31736160455523,12,282.0981492710966,1.1562054316023351,False
2450.8,RADAR_A,RADAR_A-T4536,PGT549U,239238.54680094938,-309666.5226367167,159.2394689497152,-144.3575306253476,14,343.7762026055871,0.6611880635625048,False
2451.53,RADAR_B,RADAR_B-SC46433,STATIC_CLUTTER,-343943.9975535884,108089.2559171407,-0.6552988302581745,-0.8111290102851907,2,1134.321747974356,18.905362466239264,True
2452.95,RADAR_A,RADAR_A-T4536,PGT549U,239751.4889883783,-309882.98808163207,157.31579493808334,-145.33316651200752,14,344.1799559771587,0.6611880635625048,False
2454.11,RADAR_B,RADAR_B-T5334,HEDEF_2,49475.214416460905,-309699.0700669393,-152.77473042623063,-143.28354495645746,10,292.29812635406853,2.021831720409404,False
2454.61,RADAR_A,RADAR_A-T5553,HEDEF_3_MANEVRA,251761.15445980083,-67595.97599509751,38.6924785409944,146.53545823049092,11,245.31922859735255,1.528938460803196,False
2455.02,RADAR_A,RADAR_A-T5375,HEDEF_2,49847.746820246066,-309923.67037431546,-155.64111372350482,-145.30719303546684,14,276.77395744734906,0.6611880635625048,False
2455.25,RADAR_A,RADAR_A-T4536,PGT549U,240840.03967532163,-309734.7817286874,157.24809533354502,-144.73800931621804,14,344.61225480531584,0.6611880635625048,False
2456.96,RADAR_B,RADAR_B-T7689,PGT549U,240981.31537859695,-309865.67355807987,161.14222858825448,-142.05839336674802,8,378.9186656270647,3.5355339059327378,False
2457.05,RADAR_A,RADAR_A-T5553,HEDEF_3_MANEVRA,252258.1164891756,-67022.03457295406,46.5098292436244,147.00756721588655,10,258.12438486963816,2.021831720409404,False
2457.63,RADAR_B,RADAR_B-T1501,HEDEF_3_MANEVRA,252445.65832557235,-67331.1578991604,51.70580746976735,120.32080122368914,5,524.1571221615119,8.1756070113073,False
2457.81,RADAR_A,RADAR_A-T5375,HEDEF_2,49019.2804693512,-310394.3572854113,-154.0668645088345,-144.39122188559423,14,277.0684065671992,0.6611880635625048,False
2459.02,RADAR_B,RADAR_B-T5334,HEDEF_2,49203.88584831985,-310563.2162719157,-160.33889680723323,-146.06086906663927,11,281.9198749435336,1.528938460803196,False
2459.02,RADAR_A,RADAR_A-T5553,HEDEF_3_MANEVRA,252741.63876031194,-66496.44906547239,52.960286285388186,141.40352844448591,11,245.8571154590184,1.528938460803196,False
2460.41,RADAR_A,RADAR_A-T5375,HEDEF_2,48984.80766386265,-310704.84575973265,-167.2945125569908,-146.6530228690338,13,279.4590785271598,0.8743393107950702,False
2460.42,RADAR_C,RADAR_C-T3890,HEDEF_3_MANEVRA,253292.66062419346,-66986.32985935854,23.17803555508787,84.92018065325988,5,543.9921758115788,8.1756070113073,False
2460.75,RADAR_A,RADAR_A-T7056,PGT549U,241131.84347492195,-310777.3391786004,159.1162534216828,-144.03768590067904,13,347.3448540141511,0.8743393107950702,False
2461.84,RADAR_A,RADAR_A-T5553,HEDEF_3_MANEVRA,253176.73744245098,-66685.33073045673,57.189839063199315,136.74662320114,10,258.6816843743277,2.021831720409404,False
2462.92,RADAR_B,RADAR_B-T7689,PGT549U,241460.71524750703,-311140.7708509696,154.92192456193504,-144.2531774758353,12,322.62248728475953,1.1562054316023351,False
2463.05,RADAR_A,RADAR_A-T7056,PGT549U,241882.2900766115,-311032.89065569226,161.1468125936318,-144.06364800210355,13,347.7728775781886,0.8743393107950702,False
2463.13,RADAR_A,RADAR_A-T5375,HEDEF_2,48339.82063925397,-311153.6597833894,-155.76941291593297,-144.9493465336983,14,277.630003598413,0.6611880635625048,False
2463.33,RADAR_B,RADAR_B-T8133,HEDEF_3_MANEVRA,252830.03756316894,-66057.84567346112,75.1003491947915,156.23852239166874,5,524.409683357516,8.1756070113073,False
2463.74,RADAR_B,RADAR_B-T5334,HEDEF_2,48467.72191732476,-311337.1675566473,-147.60980863356968,-148.2636955789826,9,311.6513602609742,2.6736220001334834,False
2464.25,RADAR_A,RADAR_A-T5553,HEDEF_3_MANEVRA,253815.16225034784,-66115.74939015685,67.63895848881324,152.96084439006873,9,279.4267809432698,2.6736220001334834,False
2465.38,RADAR_A,RADAR_A-T5375,HEDEF_2,47701.55714512483,-311514.9410168456,-157.91934567942857,-145.84932136014746,13,279.9812280567953,0.8743393107950702,False
2467.14,RADAR_A,RADAR_A-T5553,HEDEF_3_MANEVRA,254294.72776790263,-65782.86665841521,73.71629978250094,146.0688040867643,9,279.74092540667726,2.6736220001334834,False
2467.65,RADAR_B,RADAR_B-T8133,HEDEF_3_MANEVRA,253924.32283377871,-65863.6067347597,71.74719612559471,146.10315442525675,6,414.9532451082499,6.1825125572116635,False
2468.23,RADAR_A,RADAR_A-T5375,HEDEF_2,47678.851060683475,-311911.21638046234,-153.4173276237091,-145.66119105409607,12,283.93318539310945,1.1562054316023351,False
2468.85,RADAR_A,RADAR_A-T4791,PGT549U,242869.882164694,-311898.4013356465,162.57762169595466,-140.6819913157023,14,347.1642024540692,0.6611880635625048,False
2469.52,RADAR_B,RADAR_B-T7689,PGT549U,242622.2161705476,-311766.687403074,152.57252262932244,-147.68433310614165,11,329.3301730968196,1.528938460803196,False
2469.59,RADAR_A,RADAR_A-T5553,HEDEF_3_MANEVRA,254527.14744662377,-65550.709623407,77.290606348012,139.6337494219559,9,280.00701331932595,2.6736220001334834,False
2469.68,RADAR_B,RADAR_B-T5334,HEDEF_2,47077.56945539719,-312180.1950154765,-159.61963907506126,-145.55889514158963,11,283.24044964791926,1.528938460803196,False
2469.84,RADAR_A,RADAR_A-SC62965,STATIC_CLUTTER,-331733.73842261167,-102051.00364130507,0.8054864438782677,0.6942950333813087,2,1134.321747974356,18.905362466239264,True
2470.23,RADAR_A,RADAR_A-T5375,HEDEF_2,47095.78113140368,-312158.22012278246,-154.8544169119816,-144.9476132434552,14,278.38488532418626,0.6611880635625048,False
2471.83,RADAR_A,RADAR_A-T5553,HEDEF_3_MANEVRA,255064.43446483838,-65095.644419639095,79.1204106182787,141.88134979699421,11,247.43227839037766,1.528938460803196,False
2473.03,RADAR_A,RADAR_A-T5938,PGT549U,242856.8637693735,-312974.85006849794,156.50345655578042,-146.46182662479612,14,347.94939205745345,0.6611880635625048,False
2473.16,RADAR_A,RADAR_A-T5375,HEDEF_2,46452.10876085142,-312759.1789263959,-163.96171482677204,-146.48648148970491,12,284.4481363448865,1.1562054316023351,False
2473.8,RADAR_B,RADAR_B-T8133,HEDEF_3_MANEVRA,254724.45111154436,-64978.18646235932,82.79166210680555,127.51321249811117,6,415.30389957077705,6.1825125572116635,False
2474.59,RADAR_A,RADAR_A-T5553,HEDEF_3_MANEVRA,255839.38114855895,-65178.95693222036,90.36626389716938,145.80840401323547,10,260.17898335697697,2.021831720409404,False
2474.61,RADAR_B,RADAR_B-T7689,PGT549U,243693.6865263971,-312779.3026518855,147.07975126442363,-155.24653228752481,9,355.48849683060666,2.6736220001334834,False
2474.82,RADAR_B,RADAR_B-SC46433,STATIC_CLUTTER,-343904.4097769899,108123.45767468172,0.4263353954608858,-0.10583936431661087,1,1500.0,25.0,True
2475.43,RADAR_A,RADAR_A-T5938,PGT549U,243864.03768397507,-312891.6634813563,154.923213654596,-146.99818522581617,14,348.39991883298615,0.6611880635625048,False
2475.54,RADAR_C,RADAR_C-SC05477,STATIC_CLUTTER,55143.57976544702,53318.34615994958,-0.11286823997883423,0.6361027306970013,4,648.6736521905174,10.811227536508623,True
2476.53,RADAR_A,RADAR_A-T5375,HEDEF_2,46052.29846986932,-313188.47717977146,-162.6169303371011,-145.84856836603907,13,281.1608714859618,0.8743393107950702,False
2477.51,RADAR_A,RADAR_A-T5553,HEDEF_3_MANEVRA,256143.6108204636,-64252.295317517004,95.3255684549857,145.60451016971496,9,280.87467229624986,2.6736220001334834,False
2477.84,RADAR_B,RADAR_B-T8133,HEDEF_3_MANEVRA,256060.82072828713,-64181.49234098686,106.9514599191181,171.82280498903336,7,337.2781714078183,4.6753056338464924,False
2478.97,RADAR_A,RADAR_A-T5375,HEDEF_2,45931.7616289385,-313477.4108417143,-159.319277324405,-145.1581860350454,14,279.31977351251584,0.6611880635625048,False
2479.56,RADAR_B,RADAR_B-T5202,HEDEF_2,45401.241775556664,-313660.7107461524,-164.49858055727336,-148.47877622890422,10,295.3382155879697,2.021831720409404,False
2479.67,RADAR_B,RADAR_B-SC46433,STATIC_CLUTTER,-343966.3735191997,108142.98986259129,0.16548941955529806,0.23560636371337815,3,857.790551951732,14.296509199195533,True
2479.96,RADAR_A,RADAR_A-T5553,HEDEF_3_MANEVRA,256767.1889559808,-63934.697585474234,101.04215210153106,141.58726608801572,11,248.44364818564617,1.528938460803196,False
2480.64,RADAR_B,RADAR_B-T7689,PGT549U,244012.13610326167,-313953.075011554,153.69240308286373,-145.35730415082094,9,356.48522574817036,2.6736220001334834,False
2480.68,RADAR_C,RADAR_C-T8988,PGT549U,244756.54010084938,-313020.28840577934,144.88159309654156,-152.6190098056572,7,474.36184067764606,4.6753056338464924,False
2481.58,RADAR_A,RADAR_A-T5375,HEDEF_2,45032.934294139006,-313985.37809013436,-159.4508425645607,-145.13690232029927,14,279.6006327311455,0.6611880635625048,False
2482.65,RADAR_A,RADAR_A-T6006,PGT549U,245060.9384672635,-313979.90747959964,164.7566128193267,-140.78417518686135,12,354.35441305568173,1.1562054316023351,False
2483.53,RADAR_B,RADAR_B-T8133,HEDEF_3_MANEVRA,257052.83688858507,-63272.65628180742,109.84297315082148,128.92456168242566,7,337.68539021317156,4.6753056338464924,False
2484.9,RADAR_A,RADAR_A-T6694,HEDEF_3_MANEVRA,258090.2159112845,-63025.15923235349,114.91980342426265,148.87195279816464,9,281.69067644819285,2.6736220001334834,False
2485.73,RADAR_B,RADAR_B-T5202,HEDEF_2,44515.86796565635,-314595.9460201555,-166.99446427721114,-144.49755166559993,10,296.08234198447053,2.021831720409404,False
2487.16,RADAR_C,RADAR_C-SC05477,STATIC_CLUTTER,55140.9656384923,53295.64171431996,-0.2742295533138107,0.4211373176119996,3,857.790551951732,14.296509199195533,True
2487.47,RADAR_A,RADAR_A-T6694,HEDEF_3_MANEVRA,258338.79641160613,-62784.468594139005,119.74609733156873,151.5661850893739,10,261.7109746029903,2.021831720409404,False
2487.92,RADAR_B,RADAR_B-T4401,PGT549U,245845.04628684864,-314567.8259745668,155.16812585414664,-144.38580689100533,12,327.13872962745495,1.1562054316023351,False
2488.44,RADAR_A,RADAR_A-T7075,HEDEF_2,44059.85187693737,-314927.84043090115,-159.51155442606125,-145.36529928715734,14,280.3407808009925,0.6611880635625048,False
2488.47,RADAR_B,RADAR_B-T8133,HEDEF_3_MANEVRA,258366.03367910237,-62402.79504801369,122.23494015956962,140.7785327285261,8,283.8688289270589,3.5355339059327378,False
2490.5,RADAR_A,RADAR_A-T6694,HEDEF_3_MANEVRA,258872.95502803946,-62356.26332972328,128.96094881977777,155.95263388971412,9,282.3133138149763,2.6736220001334834,False
2490.77,RADAR_A,RADAR_A-T7075,HEDEF_2,43866.21953408136,-315147.96213070623,-156.7993437021298,-145.22674412343883,12,286.30578410223353,1.1562054316023351,False
2490.87,RADAR_C,RADAR_C-T1262,HEDEF_2,44101.98469662387,-314936.6414261473,-168.30308718906448,-143.88817754636997,6,495.38027030038876,6.1825125572116635,False
2492.69,RADAR_A,RADAR_A-T7075,HEDEF_2,43238.873731134656,-315582.49967050576,-153.948245704942,-144.98742720536504,12,286.50990290676464,1.1562054316023351,False
2492.76,RADAR_A,RADAR_A-T6694,HEDEF_3_MANEVRA,259281.38133757,-62376.64265885452,128.6217571237193,144.33208187898668,10,262.3468807154217,2.021831720409404,False
2493.0,RADAR_B,RADAR_B-T8133,HEDEF_3_MANEVRA,259268.61138606444,-62053.67456262915,128.1718458506923,140.6973293535548,9,248.0694603527457,2.6736220001334834,False
2494.07,RADAR_B,RADAR_B-T4401,PGT549U,246580.99214882223,-315819.24198279885,157.5747363510331,-143.4780582600245,12,328.25091847499374,1.1562054316023351,False
2494.55,RADAR_C,RADAR_C-T8988,PGT549U,246521.80860956895,-315621.1119825461,168.51573795454703,-143.48681552404307,7,476.42743659862543,4.6753056338464924,False
2495.38,RADAR_B,RADAR_B-SC55470,STATIC_CLUTTER,100542.46867214257,207776.49743298255,-0.027256871223110324,0.10482588672364031,2,1134.321747974356,18.905362466239264,True
2495.9,RADAR_A,RADAR_A-T9057,PGT549U,247004.3924449485,-316014.35719345545,155.9087695300535,-146.51508042088395,13,353.9110974579905,0.8743393107950702,False
2496.03,RADAR_C,RADAR_C-T2693,HEDEF_3_MANEVRA,259790.0472237149,-61643.17284320908,138.85148800773078,155.498226594115,7,368.166150366851,4.6753056338464924,False
2496.88,RADAR_A,RADAR_A-T8540,HEDEF_2,42965.02190714149,-316202.7741648105,-160.65717666506694,-147.41632203832705,12,286.9560649909554,1.1562054316023351,False
2497.18,RADAR_B,RADAR_B-T8133,HEDEF_3_MANEVRA,259807.77558107272,-61142.12582886878,137.86201740244746,139.25978705604487,8,284.62607883756874,3.5355339059327378,False
2497.84,RADAR_A,RADAR_A-T9263,HEDEF_3_MANEVRA,260173.3338897184,-61182.63899364958,139.797036833795,145.79808124955392,11,250.69383019994984,1.528938460803196,False
2499.21,RADAR_B,RADAR_B-T4401,PGT549U,247271.63332182946,-316563.61227054865,149.53860739722538,-152.97828142347745,12,329.17971456886227,1.1562054316023351,False
2499.32,RADAR_A,RADAR_A-T8540,HEDEF_2,42129.19691200173,-316588.75489473814,-158.67963577946472,-146.9138193623292,14,281.5224171782445,0.6611880635625048,False
2501.03,RADAR_A,RADAR_A-T9942,PGT549U,247582.07196048132,-316886.0704521287,161.97961071109174,-141.52731873187236,13,354.8707802308184,0.8743393107950702,False
2501.67,RADAR_B,RADAR_B-T4401,PGT549U,247353.55575172635,-317039.35083998187,170.64017757006093,-138.2786481672772,10,344.31984698862726,2.021831720409404,False
2501.82,RADAR_A,RADAR_A-T8540,HEDEF_2,41863.53643604151,-316999.11987863056,-158.7056401339849,-145.67464171103495,14,281.796077391338,0.6611880635625048,False
2502.22,RADAR_B,RADAR_B-T8133,HEDEF_3_MANEVRA,261499.63391446878,-60810.88687823288,143.6681404972891,125.73360475819837,8,285.068422431848,3.5355339059327378,False
2502.71,RADAR_A,RADAR_A-T2640,HEDEF_3_MANEVRA,261526.81085672087,-60774.2300759972,155.6578976409216,142.71926781953732,9,283.68383917642984,2.6736220001334834,False
2502.88,RADAR_C,RADAR_C-T2693,HEDEF_3_MANEVRA,261922.02683861036,-60647.62050530765,161.4317271410794,150.55276102875618,3,890.4901829705266,14.296509199195533,False
2502.98,RADAR_B,RADAR_B-SC69319,STATIC_CLUTTER,389166.390505064,-173876.44958102988,-0.7063692170316063,-0.4200379916323463,3,857.790551951732,14.296509199195533,True
2503.81,RADAR_A,RADAR_A-T9942,PGT549U,248240.08009473124,-317336.39449026814,156.57901325598732,-147.15061658169398,14,353.7289631557074,0.6611880635625048,False
2504.03,RADAR_B,RADAR_B-T6989,HEDEF_2,41490.960363067476,-317213.56150981504,-161.2395905303922,-144.212994499161,10,298.30569993687936,2.021831720409404,False
2504.38,RADAR_A,RADAR_A-T8540,HEDEF_2,41433.494987117156,-317241.28183379065,-158.50758568684023,-144.2153035791992,13,284.1567956696299,0.8743393107950702,False
2505.07,RADAR_A,RADAR_A-T2640,HEDEF_3_MANEVRA,261736.1522435188,-60262.71192197902,160.18779219569677,136.93564590183894,11,251.61506022840766,1.528938460803196,False
2505.9,RADAR_A,RADAR_A-T9942,PGT549U,248444.33812704726,-317684.4004967092,149.60168170145448,-149.75380616069995,13,355.7803460388167,0.8743393107950702,False
2506.08,RADAR_B,RADAR_B-T4401,PGT549U,248948.27714072674,-317301.9835443711,148.39727103104542,-149.33113888697636,10,345.0845070451119,2.021831720409404,False
2506.94,RADAR_A,RADAR_A-T8540,HEDEF_2,41105.58485413096,-317702.6017422238,-154.56527964245663,-144.99401052579404,14,282.35708275926777,0.6611880635625048,False
2507.09,RADAR_A,RADAR_A-SC14575,STATIC_CLUTTER,-336597.7373001386,-43855.649556422824,0.22387281444456533,0.05428859605469261,2,1134.321747974356,18.905362466239264,True
2507.73,RADAR_A,RADAR_A-T2640,HEDEF_3_MANEVRA,262338.49205297267,-59830.04860675805,169.47618926733082,152.31715939280943,9,284.25242874560394,2.6736220001334834,False
2507.87,RADAR_B,RADAR_B-T8133,HEDEF_3_MANEVRA,262241.97729178384,-59779.680568863165,160.6317115536724,114.08103458255108,5,526.4743420309759,8.1756070113073,False
2508.27,RADAR_A,RADAR_A-T9942,PGT549U,248928.68709564552,-317892.6761538249,150.86875704985167,-150.7108562700979,13,356.22459440804096,0.8743393107950702,False
2508.29,RADAR_B,RADAR_B-T6989,HEDEF_2,40717.37537499524,-317933.08220314846,-150.70738252367357,-146.44499679050335,10,298.8264417844926,2.021831720409404,False
2508.32,RADAR_B,RADAR_B-SC69319,STATIC_CLUTTER,389158.5415953949,-173902.9443361417,-0.38520806748837094,0.6178057900038163,1,1500.0,25.0,True
2508.73,RADAR_C,RADAR_C-T1262,HEDEF_2,41492.83622906894,-318179.0695383875,-144.77900551410704,-144.50626301147727,7,433.46673231319846,4.6753056338464924,False
2509.53,RADAR_A,RADAR_A-T8540,HEDEF_2,41163.64934667136,-318047.9975065482,-164.01377210882043,-145.32589571973858,13,284.71830727457564,0.8743393107950702,False
2512.58,RADAR_B,RADAR_B-T8133,HEDEF_3_MANEVRA,262793.23049193574,-59546.18884878926,178.1454081506558,153.05745324661135,7,339.8231221405821,4.6753056338464924,False
2513.57,RADAR_B,RADAR_B-T6989,HEDEF_2,40318.34457813088,-318757.73230198293,-150.92878262824357,-142.0682318254621,9,317.33701837663324,2.6736220001334834,False
2514.04,RADAR_A,RADAR_A-T5994,HEDEF_2,39721.40093342955,-318811.3868151727,-158.76821489061774,-146.2140455772489,14,283.13910303053234,0.6611880635625048,False
2515.77,RADAR_A,RADAR_A-T2062,HEDEF_3_MANEVRA,263723.87626524136,-58690.20189851126,189.08732740296227,143.92766011791542,11,252.98936475485115,1.528938460803196,False
2518.23,RADAR_A,RADAR_A-T4253,HEDEF_2,39572.19676556009,-319284.27772972645,-161.48558319897109,-144.2444984495525,12,289.2565139809807,1.1562054316023351,False
2518.23,RADAR_B,RADAR_B-T8133,HEDEF_3_MANEVRA,263990.1208896991,-58199.05362441382,195.78516605754172,148.15410953127912,8,286.4968532002933,3.5355339059327378,False
2518.52,RADAR_A,RADAR_A-T1440,PGT549U,250820.62160292824,-319316.04579710943,154.0005362547508,-146.26658335962227,13,358.1412387514292,0.8743393107950702,False
2519.62,RADAR_A,RADAR_A-SC62965,STATIC_CLUTTER,-331745.46195714513,-102051.52666154612,0.6213172082436802,-0.25911013619239043,2,1134.321747974356,18.905362466239264,True
2520.93,RADAR_A,RADAR_A-T7875,HEDEF_3_MANEVRA,264902.5493379009,-57812.83901557099,196.44958421296312,137.46245222697587,11,253.6575004345665,1.528938460803196,False
2521.03,RADAR_A,RADAR_A-T4253,HEDEF_2,38988.66120836466,-319774.75644384726,-156.16165925706008,-145.1781914853904,12,289.56050838978405,1.1562054316023351,False
2522.43,RADAR_B,RADAR_B-T8133,HEDEF_3_MANEVRA,264877.8493506126,-57402.55906366315,208.3796898194306,154.4826293470636,6,418.21404387554605,6.1825125572116635,False
2523.2,RADAR_A,RADAR_A-T7875,HEDEF_3_MANEVRA,265210.57837158325,-57101.78343206461,202.83986987043278,157.44406253016385,9,286.0236573946514,2.6736220001334834,False
2523.51,RADAR_A,RADAR_A-T4253,HEDEF_2,38534.16890734036,-320234.27900882607,-164.85404779907702,-148.30135833488805,12,289.8306952892479,1.1562054316023351,False
2524.55,RADAR_B,RADAR_B-T8270,HEDEF_2,38428.43317259857,-320286.156175022,-162.7552405498402,-145.4753619611665,12,283.8908623696866,1.1562054316023351,False
2525.08,RADAR_A,RADAR_A-SC62965,STATIC_CLUTTER,-331769.453772296,-102103.87740219117,0.050509022165533844,-0.3416450470280621,2,1134.321747974356,18.905362466239264,True
2525.59,RADAR_A,RADAR_A-T7875,HEDEF_3_MANEVRA,265637.4581464938,-57054.15346575162,214.98099767343615,145.11787312610696,11,254.26322257167797,1.528938460803196,False
2525.7,RADAR_A,RADAR_A-T4253,HEDEF_2,38319.20844459148,-320508.25403049815,-157.78071627710736,-144.71414838418812,13,286.4968413226738,0.8743393107950702,False
2526.12,RADAR_A,RADAR_A-T7225,PGT549U,251670.87411658466,-320582.96591014316,159.765659643457,-144.3276329761825,12,362.4172225256028,1.1562054316023351,False
2526.42,RADAR_B,RADAR_B-T8133,HEDEF_3_MANEVRA,265766.8309110943,-57329.86060199391,217.00640263420104,145.92653657917344,6,418.46307430867427,6.1825125572116635,False
2526.78,RADAR_B,RADAR_B-T2905,PGT549U,251439.64724942087,-320569.69836390996,158.56092842857294,-146.64065784037786,12,334.17270192719553,1.1562054316023351,False
2528.3,RADAR_B,RADAR_B-SC55470,STATIC_CLUTTER,100571.0275274253,207754.16972651158,0.1593405529783794,0.016581418212104217,1,1500.0,25.0,True
2528.35,RADAR_A,RADAR_A-SC62965,STATIC_CLUTTER,-331719.7965509383,-102121.88683980469,-0.6052632257220519,-0.23206280739558596,4,648.6736521905174,10.811227536508623,True
2528.4,RADAR_A,RADAR_A-T7225,PGT549U,252266.71388745203,-320852.2451096516,153.54420036749912,-147.9372585349084,14,358.3495038233412,0.6611880635625048,False
2530.81,RADAR_B,RADAR_B-T8133,HEDEF_3_MANEVRA,267074.4083788042,-56396.4366461854,233.77806898703716,141.5456063132062,5,527.6022127172439,8.1756070113073,False
2531.23,RADAR_A,RADAR_A-T7319,HEDEF_2,36897.1430656869,-321325.46330551815,-153.48003164998732,-144.49871950827693,12,290.67564467542803,1.1562054316023351,False
2533.14,RADAR_A,RADAR_A-T3697,HEDEF_3_MANEVRA,267236.8709171277,-55969.51450266214,227.7121339183139,137.53913711053298,10,267.3062763088085,2.021831720409404,False
2533.42,RADAR_B,RADAR_B-T6468,HEDEF_2,37517.45603518349,-321514.30543462397,-162.33416523309046,-144.37622439578965,9,319.65328811315914,2.6736220001334834,False
2533.56,RADAR_A,RADAR_A-T7319,HEDEF_2,37112.05912127095,-321617.9039187783,-160.99533468991496,-145.26318560383947,14,285.31205460112636,0.6611880635625048,False
2535.07,RADAR_C,RADAR_C-T1600,HEDEF_3_MANEVRA,266937.4749466547,-55726.91063425037,195.33199213463053,122.07170046655492,4,692.4389549272365,10.811227536508623,False
2536.17,RADAR_A,RADAR_A-T7319,HEDEF_2,36439.25731113496,-321969.7605978129,-158.7425283717556,-145.22852180529355,12,291.21871130432305,1.1562054316023351,False
2538.11,RADAR_B,RADAR_B-T7606,PGT549U,254281.92789841763,-322100.2167173603,146.2025016930724,-150.21104961131383,8,391.45409842629147,3.5355339059327378,False
2538.43,RADAR_B,RADAR_B-T1588,HEDEF_3_MANEVRA,268220.61772968207,-55168.53773239481,253.48265452226264,195.70855440435355,5,527.9866064965947,8.1756070113073,False
2538.47,RADAR_A,RADAR_A-T8995,HEDEF_3_MANEVRA,268109.01598173706,-55311.07643001005,241.72048614299382,146.7594080814739,11,255.94899742328894,1.528938460803196,False
2539.52,RADAR_A,RADAR_A-T7319,HEDEF_2,35481.36664998234,-322609.82432872115,-158.2387132134034,-144.0865276764421,14,285.981064680009,0.6611880635625048,False
2539.75,RADAR_A,RADAR_A-SC62965,STATIC_CLUTTER,-331729.4673282899,-102065.96544544933,0.3686250586118756,-0.24460561629467328,3,857.790551951732,14.296509199195533,True
2541.13,RADAR_A,RADAR_A-T8995,HEDEF_3_MANEVRA,268402.0167350058,-54965.127992339505,250.70104979166666,156.12359768868873,9,288.1105877522623,2.6736220001334834,False
2541.22,RADAR_A,RADAR_A-T7319,HEDEF_2,35976.022338949675,-322847.96037903236,-165.6217668739325,-142.96023556793318,12,291.77652838587505,1.1562054316023351,False
2541.67,RADAR_A,RADAR_A-T4707,PGT549U,254179.98049746838,-323045.8584490906,157.98171389748688,-143.84537666947736,13,362.47298456108285,0.8743393107950702,False
2543.9,RADAR_A,RADAR_A-T8995,HEDEF_3_MANEVRA,269448.93493275845,-53982.56882988525,257.4063601536847,144.33530398046014,11,256.6655680826543,1.528938460803196,False
2544.29,RADAR_A,RADAR_A-T4707,PGT549U,254522.6919504451,-323335.7327425422,155.31411990868315,-147.09779222474498,12,365.78892952802613,1.1562054316023351,False
2544.45,RADAR_B,RADAR_B-T1588,HEDEF_3_MANEVRA,268849.572460373,-54631.785260954195,263.27414826131053,154.0047607108597,7,342.2841715490632,4.6753056338464924,False
2546.18,RADAR_C,RADAR_C-T2428,HEDEF_2,34708.70654561672,-322472.46513695613,-126.13678987205073,-144.09227114279054,5,594.0138591563266,8.1756070113073,False
2546.21,RADAR_A,RADAR_A-T8995,HEDEF_3_MANEVRA,269729.9285087383,-54473.537820244535,260.2177921854847,137.9026636330806,11,256.97157199991454,1.528938460803196,False
2546.35,RADAR_A,RADAR_A-T2236,HEDEF_2,34778.79221342645,-323636.42389244656,-161.02801404620584,-146.40366632217666,13,288.79992408654226,0.8743393107950702,False
2546.77,RADAR_A,RADAR_A-T4707,PGT549U,255594.06702229675,-323357.25294036407,156.82703863265914,-144.56594378280957,12,366.2496925543235,1.1562054316023351,False
2547.22,RADAR_C,RADAR_C-SC05477,STATIC_CLUTTER,55109.16066892045,53282.651798968014,0.7305976141096389,0.1578410178792578,3,857.790551951732,14.296509199195533,True
2548.03,RADAR_A,RADAR_A-T8995,HEDEF_3_MANEVRA,270226.4090825324,-53478.24659009528,270.4626322119678,161.97012206353355,10,269.1820973287705,2.021831720409404,False
2548.41,RADAR_B,RADAR_B-SC69319,STATIC_CLUTTER,389189.034036624,-173943.59423074604,-0.14204632388791183,0.4377030644991146,3,857.790551951732,14.296509199195533,True
2549.01,RADAR_A,RADAR_A-T2236,HEDEF_2,35007.75707166284,-323915.6615466242,-158.8973573532707,-147.007380230292,12,292.64141288910986,1.1562054316023351,False
2549.94,RADAR_A,RADAR_A-T8995,HEDEF_3_MANEVRA,270016.97939302784,-53873.30134624827,269.0879360683881,156.65665779898836,9,289.08523450795093,2.6736220001334834,False
2550.05,RADAR_B,RADAR_B-T1588,HEDEF_3_MANEVRA,270194.7860546208,-53860.343263153416,279.100072526381,158.7326236942614,7,342.69577928074193,4.6753056338464924,False
2550.31,RADAR_B,RADAR_B-T8915,HEDEF_2,33899.49301896671,-324147.01233570697,-161.79448563819298,-143.74163944217779,8,350.3186080026742,3.5355339059327378,False
2551.23,RADAR_A,RADAR_A-T3642,PGT549U,255882.38705486126,-324233.5176802892,157.3946464503501,-144.97728614131,14,362.6376062045782,0.6611880635625048,False
2551.37,RADAR_C,RADAR_C-T4583,HEDEF_3_MANEVRA,269870.00613072875,-53258.01004121051,284.6566277563478,168.43176595371662,5,547.8041495112739,8.1756070113073,False
2552.36,RADAR_A,RADAR_A-T8995,HEDEF_3_MANEVRA,270742.9505029596,-52975.97253900417,272.16461810507565,143.2791362632508,11,257.6111221972322,1.528938460803196,False
2552.91,RADAR_A,RADAR_A-T3642,PGT549U,255666.00542253777,-324834.64539333805,156.94908950528904,-145.33534855475676,13,364.5719911188059,0.8743393107950702,False
2554.03,RADAR_B,RADAR_B-SC69319,STATIC_CLUTTER,389175.95519596635,-173934.96332309858,1.1315463496154534,-0.8263772442013426,2,1134.321747974356,18.905362466239264,True
2554.66,RADAR_A,RADAR_A-T8995,HEDEF_3_MANEVRA,271147.3923169099,-52742.562670280684,276.6586423159381,145.8926627216602,9,289.461041691072,2.6736220001334834,False
2554.86,RADAR_A,RADAR_A-T3180,HEDEF_2,33375.580277387315,-324826.4114971466,-162.68079708685002,-146.6216804390068,14,287.723266620598,0.6611880635625048,False
2554.98,RADAR_B,RADAR_B-T4946,PGT549U,256601.41840216273,-324977.6747416742,144.2872860369157,-148.65189050281788,9,368.83045557480915,2.6736220001334834,False
2555.61,RADAR_A,RADAR_A-T3642,PGT549U,256664.6419404999,-324882.3494635578,156.9795544219576,-145.6383796784258,14,363.45892699095936,0.6611880635625048,False
2555.67,RADAR_B,RADAR_B-T1588,HEDEF_3_MANEVRA,271004.9883333872,-52400.90537594893,276.31332568684303,143.7440536897585,9,254.33889817236695,2.6736220001334834,False
2555.78,RADAR_C,RADAR_C-SC05477,STATIC_CLUTTER,55182.26437239314,53326.50638997218,0.02532403405122406,0.2690614617996832,1,1500.0,25.0,True
2557.26,RADAR_A,RADAR_A-T3180,HEDEF_2,32853.91445796166,-325194.6807170019,-151.72805311436395,-144.61518405662676,13,290.03794247979835,0.8743393107950702,False
2557.59,RADAR_C,RADAR_C-T7427,PGT549U,256635.55407200972,-324970.35285879974,149.73427136130945,-145.19199442290503,6,543.1342992415563,6.1825125572116635,False
2557.64,RADAR_A,RADAR_A-T8995,HEDEF_3_MANEVRA,271559.3334863927,-52095.48358068828,290.1530386082443,159.2065488378718,9,289.69948212584194,2.6736220001334834,False
2558.08,RADAR_A,RADAR_A-T3642,PGT549U,256390.63740133762,-325841.59096958995,156.9485593136803,-145.71681695579457,14,363.9211101718058,0.6611880635625048,False
2559.99,RADAR_A,RADAR_A-T3180,HEDEF_2,32810.10075033559,-325656.8825755452,-156.71550046190936,-147.65248370442828,12,293.87614978961483,1.1562054316023351,False
2560.42,RADAR_C,RADAR_C-T4583,HEDEF_3_MANEVRA,272396.8365999085,-52245.042360729196,317.42828298466134,188.26083593834966,5,548.0459642003575,8.1756070113073,False
2561.37,RADAR_B,RADAR_B-T5042,HEDEF_2,32601.794836317153,-326126.84589946293,-149.60391263957536,-149.27672579413232,9,322.967364306335,2.6736220001334834,False
2561.43,RADAR_A,RADAR_A-T3642,PGT549U,257761.5959439731,-325647.82263231085,153.02262110659456,-145.65716487000756,12,368.96343715076017,1.1562054316023351,False
2562.24,RADAR_A,RADAR_A-T6939,HEDEF_3_MANEVRA,272073.75562461995,-51537.841903919114,287.54892389744185,134.26125235376887,9,290.06821284963763,2.6736220001334834,False
2563.06,RADAR_A,RADAR_A-T3180,HEDEF_2,32244.540528758876,-326110.13434590097,-150.19610037310318,-144.81965153367315,14,288.66655717046734,0.6611880635625048,False
2563.9,RADAR_A,RADAR_A-T3642,PGT549U,257384.82380962148,-326629.98341011035,157.71884261449807,-145.1570815091309,14,365.01173987210245,0.6611880635625048,False
2565.13,RADAR_A,RADAR_A-T6939,HEDEF_3_MANEVRA,272485.6746108077,-51040.93398542168,295.5634854389888,154.210757009281,11,258.7605049821497,1.528938460803196,False
2565.45,RADAR_B,RADAR_B-T1922,HEDEF_3_MANEVRA,272293.6678577666,-51395.51882508344,291.63412449397333,153.0393173393196,9,255.04820257323271,2.6736220001334834,False
2565.49,RADAR_A,RADAR_A-T3180,HEDEF_2,31807.10326342728,-326405.4113393443,-154.6251569333204,-145.1232070927188,14,288.9471969739599,0.6611880635625048,False
2566.5,RADAR_B,RADAR_B-T4818,PGT549U,257872.94678575205,-326178.7186159985,152.0168058291327,-153.8308127230493,8,395.8809246700543,3.5355339059327378,False
2567.77,RADAR_A,RADAR_A-T3180,HEDEF_2,31957.011398769737,-326713.84414215153,-158.91303736266437,-147.77152621585662,14,289.21079056284435,0.6611880635625048,False
2568.07,RADAR_A,RADAR_A-T6939,HEDEF_3_MANEVRA,272831.0852393996,-50956.576638956765,299.3374306459132,148.31187356223126,10,270.9162941109965,2.021831720409404,False
2568.69,RADAR_A,RADAR_A-T2500,PGT549U,258147.92320920542,-327348.2109266493,151.4056131927397,-152.0790484999425,13,367.51436075382435,0.8743393107950702,False
2569.57,RADAR_B,RADAR_B-T4818,PGT549U,258491.28803955947,-326883.9048077553,143.6026452629034,-156.77551378613796,9,371.262578150541,2.6736220001334834,False
2570.59,RADAR_A,RADAR_A-T3180,HEDEF_2,30610.434393280597,-327218.41701068706,-160.88588879326244,-145.24880188768316,14,289.5377207208053,0.6611880635625048,False
2570.76,RADAR_B,RADAR_B-T5301,HEDEF_2,30874.532498337892,-326926.8337592118,-160.47094990634278,-147.44181382887442,11,296.17482763173814,1.528938460803196,False
2570.87,RADAR_B,RADAR_B-T1922,HEDEF_3_MANEVRA,272913.3148732401,-50117.307811387225,309.8810984055382,156.6415454180492,7,343.8162529823299,4.6753056338464924,False
2571.66,RADAR_A,RADAR_A-T2500,PGT549U,259467.77116653207,-327125.9613459438,153.58145550919355,-149.08249172031233,14,366.465771648373,0.6611880635625048,False
2572.82,RADAR_A,RADAR_A-T9857,HEDEF_3_MANEVRA,273806.86079576454,-49813.99044754702,305.5932909107946,142.51227000507396,11,259.45910811371425,1.528938460803196,False
2574.71,RADAR_A,RADAR_A-T2500,PGT549U,259534.12296356296,-327930.075978387,154.8001527691755,-149.91000058022854,12,371.42190387801566,1.1562054316023351,False
2574.82,RADAR_B,RADAR_B-T4818,PGT549U,259181.9636514147,-327762.80621730903,158.0248718567044,-144.94102582330828,12,342.8786193311611,1.1562054316023351,False
2574.92,RADAR_A,RADAR_A-T9857,HEDEF_3_MANEVRA,273983.12594043644,-49314.34366872801,307.21594471947117,143.38597804169865,11,259.6512312456222,1.528938460803196,False
2575.34,RADAR_C,RADAR_C-T4583,HEDEF_3_MANEVRA,273132.84235873795,-49925.375332947195,301.60303608480353,147.92456006067562,5,548.4550382958842,8.1756070113073,False
2576.96,RADAR_A,RADAR_A-T9857,HEDEF_3_MANEVRA,274283.977044282,-49107.34748792725,312.66231893287767,146.00276923083743,11,259.8383373183972,1.528938460803196,False
2577.26,RADAR_A,RADAR_A-T2500,PGT549U,259840.14035856593,-328295.14011965186,154.09332469215138,-146.81241557770986,12,371.8941709685738,1.1562054316023351,False
2578.32,RADAR_A,RADAR_A-T8769,HEDEF_2,29589.09885702986,-328359.4901527976,-157.33544156807326,-146.64675646592477,14,290.4361845392166,0.6611880635625048,False
2579.19,RADAR_A,RADAR_A-T9857,HEDEF_3_MANEVRA,274515.94613185193,-49400.31733055937,314.7626012254243,134.7324493167881,10,271.88710613386644,2.021831720409404,False
2581.37,RADAR_B,RADAR_B-T3040,HEDEF_2,29335.944491895738,-328620.09960646403,-138.9933536792213,-151.03330375424233,9,325.37678900805037,2.6736220001334834,False
2581.9,RADAR_A,RADAR_A-T9857,HEDEF_3_MANEVRA,274881.69027915713,-48156.19336996532,327.7731912439292,159.73105252862098,9,291.66752874185863,2.6736220001334834,False
2582.06,RADAR_B,RADAR_B-T4818,PGT549U,260656.21712000086,-328780.77002827346,152.47864110620253,-148.54977509965897,10,358.28841575203217,2.021831720409404,False
2582.06,RADAR_B,RADAR_B-T7504,HEDEF_3_MANEVRA,274892.9904449139,-49006.208069264736,330.5019526508443,171.75199805214731,6,421.36486063637085,6.1825125572116635,False
2582.69,RADAR_C,RADAR_C-T7604,HEDEF_2,29641.252962030456,-328932.9363568894,-152.8614325349438,-144.45354169372627,9,375.52913503225363,2.6736220001334834,False
2584.72,RADAR_A,RADAR_A-T9857,HEDEF_3_MANEVRA,275330.1797324201,-47950.88964252752,326.188742952585,161.34064027083622,9,291.8996765948053,2.6736220001334834,False
2585.99,RADAR_A,RADAR_A-T9873,HEDEF_2,29110.197456996484,-329416.91045138147,-159.99684939669203,-148.52134169617597,14,291.3312561888626,0.6611880635625048,False
2586.69,RADAR_A,RADAR_A-T3901,PGT549U,261453.68844557853,-329748.5471600109,159.7126373143822,-145.11592259968873,13,370.8722665412903,0.8743393107950702,False
2587.34,RADAR_C,RADAR_C-T4583,HEDEF_3_MANEVRA,275880.004752342,-48071.17064063448,351.28022896584116,199.1329008234444,6,445.1436867271325,6.1825125572116635,False
2589.16,RADAR_A,RADAR_A-T3901,PGT549U,261831.88381877038,-329985.0250736806,148.008470212139,-152.55683534008875,12,374.0978119658396,1.1562054316023351,False
2589.98,RADAR_A,RADAR_A-T1784,HEDEF_3_MANEVRA,276121.4478907344,-47827.16469705774,335.6183750197564,147.39879292801447,11,261.03927478937806,1.528938460803196,False
2592.07,RADAR_A,RADAR_A-T3901,PGT549U,261746.9870295403,-330879.4546884089,157.880293138107,-146.9155187998216,13,371.87704444747203,0.8743393107950702,False
2593.0,RADAR_B,RADAR_B-T2677,HEDEF_2,27513.420429602647,-330286.2180934958,-180.38211518396355,-139.91416817705564,9,326.7899428845449,2.6736220001334834,False
2593.81,RADAR_A,RADAR_A-T4520,HEDEF_2,27245.29512108156,-330712.48066587804,-158.04215177646807,-146.30011201320275,14,292.24961165826454,0.6611880635625048,False
2594.21,RADAR_B,RADAR_B-T7111,PGT549U,262584.68254474975,-330695.0237032807,159.98736427236375,-143.7857179284052,12,346.39416671810454,1.1562054316023351,False
2594.49,RADAR_A,RADAR_A-T3901,PGT549U,262985.3329661134,-330575.5571357432,156.80505387910816,-148.92635285790917,14,370.7422807724718,0.6611880635625048,False
2595.85,RADAR_A,RADAR_A-T9189,HEDEF_3_MANEVRA,276809.67893770174,-46479.538506974146,349.2807040832732,138.39241701932832,9,292.8235065109113,2.6736220001334834,False
2595.94,RADAR_A,RADAR_A-T4520,HEDEF_2,27136.858885001697,-330995.03557552135,-160.4730107355037,-147.07873987183092,13,294.50873532592004,0.8743393107950702,False
2597.66,RADAR_A,RADAR_A-T3901,PGT549U,263171.7397789235,-331257.06228290906,158.91411572223655,-147.0556104693569,12,375.6717745232592,1.1562054316023351,False
2597.73,RADAR_B,RADAR_B-T2677,HEDEF_2,27182.833412201704,-331114.93405701796,-153.3364737743985,-147.9997291782025,12,293.6800869782544,1.1562054316023351,False
2598.61,RADAR_A,RADAR_A-T4520,HEDEF_2,26871.568312725853,-331357.51327057456,-153.83782245488914,-147.1260689989877,14,292.81622843525815,0.6611880635625048,False
2598.69,RADAR_A,RADAR_A-T9189,HEDEF_3_MANEVRA,277267.42499052087,-45941.7969518838,352.25242712689777,154.16881383337932,11,261.851077523795,1.528938460803196,False
2598.89,RADAR_C,RADAR_C-T6749,PGT549U,263231.92303262063,-331088.72035458055,166.96723462084685,-136.39412941367394,5,635.703465749321,8.1756070113073,False
2599.96,RADAR_A,RADAR_A-T3901,PGT549U,263456.242495671,-331733.72602402186,156.88462060413437,-147.11775096256315,13,373.34969239709653,0.8743393107950702,False
2601.55,RADAR_B,RADAR_B-T2677,HEDEF_2,26316.496159609884,-331870.4154553892,-154.58711918426908,-148.78975783067494,8,356.00777509005184,3.5355339059327378,False
2602.75,RADAR_B,RADAR_B-T6980,HEDEF_3_MANEVRA,277533.50094364013,-45617.855156036574,354.70672727729567,140.15386418940966,8,292.832309218397,3.5355339059327378,False
2602.81,RADAR_A,RADAR_A-T3901,PGT549U,263783.8112264955,-332269.0287466041,157.82395897054585,-146.40541321768018,14,372.30170233503407,0.6611880635625048,False
2605.22,RADAR_A,RADAR_A-T3901,PGT549U,264472.17464508733,-332351.55274951627,160.77273534213154,-148.3364344179003,12,377.0735521163512,1.1562054316023351,False
2605.48,RADAR_A,RADAR_A-T1976,HEDEF_2,25863.705283624917,-332403.17018799915,-161.2482596019739,-147.83724765417452,14,293.62930634253297,0.6611880635625048,False
2606.39,RADAR_A,RADAR_A-T3441,HEDEF_3_MANEVRA,278242.0804742206,-44824.834298724374,363.75231633451733,146.81220165708407,10,274.31060118314474,2.021831720409404,False
2606.62,RADAR_C,RADAR_C-T7234,HEDEF_3_MANEVRA,277835.8625213171,-45097.67285075919,364.7791899754209,167.5851287166749,6,445.83469821077676,6.1825125572116635,False
2607.44,RADAR_A,RADAR_A-T3901,PGT549U,264486.7393211111,-332968.64375666477,153.4760294086776,-151.86691507294444,12,377.48447524614824,1.1562054316023351,False
2608.34,RADAR_B,RADAR_B-T6980,HEDEF_3_MANEVRA,278844.6267910414,-44674.57381857831,357.6659384177253,168.2088608450539,6,422.5849840308613,6.1825125572116635,False
2608.34,RADAR_A,RADAR_A-T1976,HEDEF_2,25657.472248900776,-332777.12842487614,-161.568725658205,-147.6532189332289,14,293.96862475707417,0.6611880635625048,False
2608.47,RADAR_C,RADAR_C-T6749,PGT549U,264909.2139306362,-332599.34159823396,151.92283253342842,-137.46266014921525,5,636.8290854415044,8.1756070113073,False
2609.03,RADAR_A,RADAR_A-T3441,HEDEF_3_MANEVRA,278859.5222186112,-44352.62002963958,366.4401798783863,139.52364845854336,9,293.92983611995385,2.6736220001334834,False
2610.6,RADAR_A,RADAR_A-T1976,HEDEF_2,24690.345702632956,-333162.76131726557,-162.68884271200184,-148.25991258853634,14,294.2375297620159,0.6611880635625048,False
2610.66,RADAR_C,RADAR_C-SC05477,STATIC_CLUTTER,55103.244429735045,53331.279331696314,-0.5640462379621345,0.3929619434665886,4,648.6736521905174,10.811227536508623,True
2611.31,RADAR_B,RADAR_B-T8927,PGT549U,265463.1987154287,-332727.35410025297,155.48093240569358,-152.21948838590356,8,402.90936534115,3.5355339059327378,False
2611.75,RADAR_B,RADAR_B-SC46433,STATIC_CLUTTER,-343912.4748521154,108155.67712419275,-0.8204267395297948,1.0475203523884007,2,1134.321747974356,18.905362466239264,True
2611.83,RADAR_A,RADAR_A-T3441,HEDEF_3_MANEVRA,279153.6416758936,-43966.79628791331,371.0771417446038,142.9786967921713,10,274.80276229885845,2.021831720409404,False
2612.14,RADAR_A,RADAR_A-T1173,PGT549U,265472.72281238955,-333512.93821410486,158.05437910683742,-148.85279959908775,12,378.35546582217415,1.1562054316023351,False
2613.18,RADAR_A,RADAR_A-T1976,HEDEF_2,24058.56488203413,-333610.9375148219,-161.23057543315383,-147.42351646244163,12,299.9923414481263,1.1562054316023351,False
2614.41,RADAR_A,RADAR_A-T1173,PGT549U,265530.5755744605,-334084.4796773781,157.30760798726095,-146.79511036743781,14,374.4777960460265,0.6611880635625048,False
2614.78,RADAR_A,RADAR_A-T3441,HEDEF_3_MANEVRA,279622.8954463272,-43550.82175112538,377.39682306827837,151.54696670913597,11,263.36940757448286,1.528938460803196,False
2615.29,RADAR_C,RADAR_C-T7234,HEDEF_3_MANEVRA,279917.6007033009,-43896.99420918357,369.41036627428696,169.0023826536505,4,694.4252468765683,10.811227536508623,False
2615.92,RADAR_A,RADAR_A-SC14575,STATIC_CLUTTER,-336595.66057489073,-43832.71585364786,-0.6774453118890872,-0.5067131256679847,1,1500.0,25.0,True
2616.03,RADAR_A,RADAR_A-T1976,HEDEF_2,23780.89891920255,-333962.7810041593,-155.62937373264435,-147.79559789123093,13,296.8754717065719,0.8743393107950702,False
2616.48,RADAR_B,RADAR_B-T2324,HEDEF_2,23597.67955933682,-333932.04004545754,-149.25998059675305,-145.47603874863805,11,302.26543587335664,1.528938460803196,False
2616.76,RADAR_B,RADAR_B-SC69319,STATIC_CLUTTER,389157.5881781134,-173925.24349146357,-0.05913001418402531,0.10189265213585058,4,648.6736521905174,10.811227536508623,True
2616.76,RADAR_B,RADAR_B-SC55470,STATIC_CLUTTER,100563.15883290423,207799.5152144832,-0.5528197442826616,0.15882083906009298,2,1134.321747974356,18.905362466239264,True
2617.53,RADAR_B,RADAR_B-T8927,PGT549U,266534.9265050514,-334101.0837178834,159.50735495736717,-147.34103906908481,11,355.7290369552353,1.528938460803196,False
2617.81,RADAR_A,RADAR_A-T3441,HEDEF_3_MANEVRA,280029.96891325834,-43354.55787988216,383.5855293016629,151.09820195364426,10,275.34715456919884,2.021831720409404,False
2618.07,RADAR_A,RADAR_A-T1976,HEDEF_2,23120.752490468953,-334317.29598891496,-154.04199197454147,-147.57799102734688,14,295.12787792087283,0.6611880635625048,False
2619.78,RADAR_A,RADAR_A-T4290,PGT549U,266587.5614718772,-334714.82588539156,155.26497824584501,-149.05057582127267,14,375.4831890235357,0.6611880635625048,False
2620.27,RADAR_A,RADAR_A-T1976,HEDEF_2,23428.830834920172,-334696.6176221832,-162.09291445918558,-148.2450759710526,12,300.82429286980414,1.1562054316023351,False
2621.71,RADAR_B,RADAR_B-T2324,HEDEF_2,23190.204954287794,-334781.5336177649,-153.10280404684212,-147.80398353157764,12,296.9636904550328,1.1562054316023351,False
2622.44,RADAR_A,RADAR_A-T1976,HEDEF_2,22143.406003711698,-335020.3256971509,-155.87026147639884,-147.24827814823448,14,295.6510521505842,0.6611880635625048,False
2622.56,RADAR_B,RADAR_B-T8089,HEDEF_3_MANEVRA,280787.47936217533,-42651.61582302575,390.8123548671687,149.36206319806524,7,346.75617729274154,4.6753056338464924,False
2622.58,RADAR_B,RADAR_B-T8927,PGT549U,267050.99887848034,-334983.6344724864,154.5962677340711,-148.83231707861418,12,351.544507549991,1.1562054316023351,False
2623.11,RADAR_A,RADAR_A-T8553,HEDEF_3_MANEVRA,280746.693145405,-42613.64730931455,388.5205416441727,144.58562533296399,11,264.16493358884236,1.528938460803196,False
2624.5,RADAR_A,RADAR_A-T9562,PGT549U,267127.3749956834,-335515.4077488213,164.273285301183,-143.15740484310425,13,377.9299893497523,0.8743393107950702,False
2624.62,RADAR_A,RADAR_A-T1976,HEDEF_2,22047.043541470768,-335325.60547466186,-159.42558041019697,-147.40473430049855,14,295.91332644671655,0.6611880635625048,False
2625.0,RADAR_C,RADAR_C-T6428,HEDEF_2,22607.699892413242,-335278.2455439081,-155.87335314398618,-147.91745613283845,7,444.57817808803765,4.6753056338464924,False
2625.49,RADAR_A,RADAR_A-T8553,HEDEF_3_MANEVRA,280997.4191615488,-42364.89855175158,398.8709865313203,140.8852477709145,9,295.33338774723677,2.6736220001334834,False
2625.85,RADAR_B,RADAR_B-T8089,HEDEF_3_MANEVRA,281150.8682585483,-42049.44771155898,408.8209742387068,186.5973623172835,5,531.3285516118324,8.1756070113073,False
2626.74,RADAR_A,RADAR_A-T1976,HEDEF_2,21836.262987650887,-335538.30257864745,-157.85508310662883,-146.50811533532593,12,301.5858583120246,1.1562054316023351,False
2626.78,RADAR_B,RADAR_B-T8927,PGT549U,267946.79576773057,-335395.5002125674,160.53342791044292,-149.17355801038167,12,352.3069943828366,1.1562054316023351,False
2626.82,RADAR_A,RADAR_A-T9562,PGT549U,268630.90881200694,-335097.85210169695,157.28322672495904,-148.00707877563974,14,376.80385129537365,0.6611880635625048,False
2626.99,RADAR_B,RADAR_B-SC55470,STATIC_CLUTTER,100563.60876810804,207808.00436214847,-0.6361639601247551,-0.017789366230812738,2,1134.321747974356,18.905362466239264,True
2626.99,RADAR_B,RADAR_B-SC46433,STATIC_CLUTTER,-343949.3568823881,108132.4878452653,-0.5483849080021272,0.7233273997354306,2,1134.321747974356,18.905362466239264,True
2628.64,RADAR_A,RADAR_A-T1976,HEDEF_2,22142.211003905428,-335764.9152864544,-158.39707280591062,-147.60438742052247,14,296.39571813924607,0.6611880635625048,False
2629.69,RADAR_A,RADAR_A-T9562,PGT549U,268091.9062068866,-336181.0914172567,159.15940295600305,-147.75260473689502,12,381.6096976249305,1.1562054316023351,False
2630.24,RADAR_A,RADAR_A-T6949,HEDEF_3_MANEVRA,281635.94399721187,-41452.457895523235,406.55039389512285,144.83196662348496,9,295.74285431037686,2.6736220001334834,False
2630.77,RADAR_B,RADAR_B-T8089,HEDEF_3_MANEVRA,281477.71036124445,-41230.0095089386,398.1617525614717,137.13708456827734,7,347.2432941177061,4.6753056338464924,False
2631.66,RADAR_A,RADAR_A-T9562,PGT549U,268661.79698272946,-336189.9876282627,160.0115668302694,-147.03947720336996,13,379.26840512645066,0.8743393107950702,False
2631.92,RADAR_A,RADAR_A-T6949,HEDEF_3_MANEVRA,281894.8182725963,-40828.87171136103,409.04422119790416,154.70450532019782,11,265.01174611503205,1.528938460803196,False
2633.3,RADAR_A,RADAR_A-T1688,HEDEF_2,20565.282379254408,-336652.5219197968,-160.24924445871463,-147.86207015991755,14,296.95780443864044,0.6611880635625048,False
2633.81,RADAR_C,RADAR_C-T6428,HEDEF_2,21438.545841974716,-336220.8173014993,-174.3613452904965,-139.21973396052542,6,507.2916738493341,6.1825125572116635,False
2634.33,RADAR_B,RADAR_B-T4064,HEDEF_2,20608.459598830905,-336769.58685949654,-150.4180079020353,-146.70490107072916,11,304.6769876972695,1.528938460803196,False
2634.89,RADAR_A,RADAR_A-T6949,HEDEF_3_MANEVRA,282359.2380911029,-40862.21515945774,412.4860944710546,137.5945151875896,10,276.9189730562675,2.021831720409404,False
2635.62,RADAR_A,RADAR_A-T1688,HEDEF_2,20509.727554068202,-337020.64214388304,-154.4865858276179,-145.51841893832898,12,302.63728542789426,1.1562054316023351,False
2635.8,RADAR_B,RADAR_B-T8089,HEDEF_3_MANEVRA,282359.0124813145,-40919.41194090578,396.34417118878935,84.14112832643386,7,347.54480015706406,4.6753056338464924,False
2637.38,RADAR_A,RADAR_A-T6949,HEDEF_3_MANEVRA,282793.6005106085,-40888.700636025336,424.4957288360734,167.98222753463168,9,296.3609364312738,2.6736220001334834,False
2638.17,RADAR_A,RADAR_A-T1688,HEDEF_2,20363.728998420855,-337237.45816473354,-161.85026689598456,-149.19025851140086,13,299.51987581840433,0.8743393107950702,False
2639.6,RADAR_A,RADAR_A-T6949,HEDEF_3_MANEVRA,283072.708654736,-40078.798335426516,419.1907965390537,140.23692572794076,9,296.5541752960802,2.6736220001334834,False
2640.11,RADAR_B,RADAR_B-T4064,HEDEF_2,20217.339343867632,-337462.74433639646,-148.33514401824905,-151.35890526309018,9,332.60376622228324,2.6736220001334834,False
2641.06,RADAR_A,RADAR_A-T1688,HEDEF_2,19912.487961240528,-337708.8728314044,-148.4821496278218,-149.82685593955284,12,303.28339022084504,1.1562054316023351,False
2641.97,RADAR_A,RADAR_A-T6949,HEDEF_3_MANEVRA,283168.3473431831,-39422.04286483837,421.8983403788918,147.29946912940395,11,265.98670657060575,1.528938460803196,False
2642.44,RADAR_A,RADAR_A-T8851,PGT549U,270574.0788718662,-337758.2550801734,157.48631157356365,-148.286429239302,13,381.2813844689338,0.8743393107950702,False
2642.93,RADAR_C,RADAR_C-T9182,HEDEF_3_MANEVRA,283327.7209503105,-40094.87403071471,436.94864326517165,176.11831338754072,7,375.60599872367396,4.6753056338464924,False
2643.34,RADAR_A,RADAR_A-T1688,HEDEF_2,19620.822496961096,-338097.3247046107,-157.69340410425534,-151.23629318182367,12,303.55576835942543,1.1562054316023351,False
2644.08,RADAR_A,RADAR_A-T6949,HEDEF_3_MANEVRA,283567.9410868559,-39146.519742977325,429.5183296110057,150.58794756594477,9,296.945484328865,2.6736220001334834,False
2644.4,RADAR_B,RADAR_B-SC46433,STATIC_CLUTTER,-343917.21141147026,108112.53651320894,-0.12068027198938897,0.14629680732216488,1,1500.0,25.0,True
2644.4,RADAR_B,RADAR_B-SC55470,STATIC_CLUTTER,100604.02998482791,207769.75523390848,-0.7501283261154101,0.1053410175149556,4,648.6736521905174,10.811227536508623,True
2644.79,RADAR_A,RADAR_A-T8851,PGT549U,271127.5282319058,-338018.87773058086,162.15294493017058,-145.4733241372047,14,380.17430187595073,0.6611880635625048,False
2645.28,RADAR_B,RADAR_B-T4064,HEDEF_2,19410.62587283653,-338272.6199328204,-150.10464168040446,-149.22335817536322,9,333.2499647073209,2.6736220001334834,False
2645.34,RADAR_C,RADAR_C-T9482,PGT549U,270659.0520160415,-337989.2995607493,159.31097541463834,-156.16321972926812,8,464.22384341754554,3.5355339059327378,False
2646.98,RADAR_A,RADAR_A-T8851,PGT549U,271558.941472599,-338196.9565721377,159.8712153501122,-148.81877754706488,13,382.12978504284075,0.8743393107950702,False
2647.09,RADAR_A,RADAR_A-T6949,HEDEF_3_MANEVRA,284136.0184410505,-38678.583436348155,427.46825818400833,124.13368787215859,9,297.2095837634573,2.6736220001334834,False
2647.92,RADAR_A,RADAR_A-T5686,HEDEF_2,18745.491209448388,-338794.68943017436,-155.27985664947354,-148.7795013859416,14,298.7302542250519,0.6611880635625048,False
2649.22,RADAR_A,RADAR_A-T8851,PGT549U,271383.681979862,-339133.59701680724,152.89391018573207,-153.1868600347275,12,385.23178663169193,1.1562054316023351,False
2650.01,RADAR_C,RADAR_C-T7011,HEDEF_2,18214.820049278867,-338657.144681338,-146.7095758919503,-149.14275264821154,8,407.6646103866183,3.5355339059327378,False
2650.1,RADAR_A,RADAR_A-T6949,HEDEF_3_MANEVRA,284450.76250571874,-38441.55888388601,432.9393509031103,144.81946733913392,10,278.3397061775728,2.021831720409404,False
2650.32,RADAR_B,RADAR_B-T4064,HEDEF_2,18037.484256263357,-339169.07484080683,-165.8355923716338,-150.43521260428915,9,333.88266462238073,2.6736220001334834,False
2650.46,RADAR_B,RADAR_B-T8666,HEDEF_3_MANEVRA,284776.43434918235,-38422.51813801266,437.5394362108267,149.06500344803908,9,261.63017921034935,2.6736220001334834,False
2652.31,RADAR_A,RADAR_A-T6949,HEDEF_3_MANEVRA,285003.14556321787,-38011.730527762535,438.0492174869386,126.02710343927826,9,297.66841582600307,2.6736220001334834,False
2653.39,RADAR_A,RADAR_A-T5018,HEDEF_2,17909.53817145507,-339662.8090411838,-162.33001336580352,-150.15321365603967,14,299.3974726632519,0.6611880635625048,False
2654.83,RADAR_A,RADAR_A-T6949,HEDEF_3_MANEVRA,285159.8150467831,-37632.53611514811,445.2089391620506,153.66351776540023,11,267.2466029555656,1.528938460803196,False
2655.11,RADAR_A,RADAR_A-T2049,PGT549U,272510.65942478116,-339761.9098970771,163.71000045261727,-144.18477846855515,14,382.10975625779906,0.6611880635625048,False
2655.38,RADAR_B,RADAR_B-T7343,PGT549U,272302.0229253837,-339762.8108567961,158.45057154622287,-150.2565534422039,11,362.51287281559814,1.528938460803196,False
2655.48,RADAR_A,RADAR_A-T5018,HEDEF_2,17395.013934090253,-339904.30668477836,-153.71264215937728,-149.2613218730587,13,301.6118385446714,0.8743393107950702,False
2655.78,RADAR_B,RADAR_B-T4064,HEDEF_2,17902.760061788493,-339902.925125063,-152.8042078545817,-147.76448515443457,8,362.218745968694,3.5355339059327378,False
2657.45,RADAR_A,RADAR_A-T2049,PGT549U,272722.0968817147,-340197.6486007346,155.65827109539546,-152.06853593519787,13,384.0851136150284,0.8743393107950702,False
2657.57,RADAR_A,RADAR_A-T5018,HEDEF_2,16971.517676258947,-340261.31363088544,-159.3073363873476,-148.65552035555683,12,305.25991913200437,1.1562054316023351,False
2657.83,RADAR_A,RADAR_A-T6949,HEDEF_3_MANEVRA,285304.2973684232,-37338.79701448437,451.37580673934445,157.79612152389527,9,298.1567671804271,2.6736220001334834,False
2660.62,RADAR_B,RADAR_B-T7343,PGT549U,272326.45862339396,-340866.0395348927,159.85139986857394,-149.32912117608493,10,372.02001458882614,2.021831720409404,False
2660.64,RADAR_A,RADAR_A-T6949,HEDEF_3_MANEVRA,285843.6718799891,-36848.88103538334,451.19775814306604,149.36304836604612,11,267.82021445169164,1.528938460803196,False
2662.03,RADAR_B,RADAR_B-SC46433,STATIC_CLUTTER,-343946.7665513263,108110.35863242098,0.9657546429238173,0.05924187597072274,1,1500.0,25.0,True
2662.07,RADAR_A,RADAR_A-T8804,PGT549U,273471.7565060976,-340860.6236349056,161.155470670874,-146.1186824415606,14,383.41532825278557,0.6611880635625048,False
2663.6,RADAR_B,RADAR_B-T6087,HEDEF_3_MANEVRA,287059.80933421303,-36475.9216341313,447.89425531929135,194.21640492380908,5,532.8318411354692,8.1756070113073,False
2663.64,RADAR_A,RADAR_A-T6949,HEDEF_3_MANEVRA,286216.80581321975,-36407.11562622379,462.10366364963716,153.1004706845189,9,298.67321173891236,2.6736220001334834,False
2664.31,RADAR_A,RADAR_A-T8804,PGT549U,273771.97774556204,-341264.4900283788,156.26924460282396,-151.67413338329703,13,385.3672917459398,0.8743393107950702,False
2664.46,RADAR_C,RADAR_C-T6409,HEDEF_3_MANEVRA,286408.3649205771,-36183.6984411532,426.17553862417367,95.68302758833238,3,893.8457927243338,14.296509199195533,False
2667.07,RADAR_A,RADAR_A-T8804,PGT549U,274224.9035778676,-341599.1946840741,155.4727897592438,-149.97153140071669,12,388.5436056209293,1.1562054316023351,False
2668.35,RADAR_B,RADAR_B-T6087,HEDEF_3_MANEVRA,286745.6430082575,-35703.98416756333,472.11535248234844,153.20938094644623,6,425.55359136002124,6.1825125572116635,False
2669.09,RADAR_A,RADAR_A-T5357,HEDEF_2,14996.664760021615,-341981.31724531,-155.4841809016148,-149.2468723334963,14,301.32298320626376,0.6611880635625048,False
2669.49,RADAR_A,RADAR_A-T8804,PGT549U,274675.16218687355,-342017.5568240598,158.87926213650968,-146.23841691661966,12,388.99365789774924,1.1562054316023351,False
2674.29,RADAR_A,RADAR_A-T3489,HEDEF_2,14577.466549096907,-342691.03895459726,-160.67336299241094,-149.99011230004356,13,303.9101206895023,0.8743393107950702,False
2674.82,RADAR_A,RADAR_A-T8825,PGT549U,275411.0102936211,-342892.686561018,159.07401824657046,-149.78548127201665,14,385.80736243356836,0.6611880635625048,False
2675.07,RADAR_C,RADAR_C-T6409,HEDEF_3_MANEVRA,286911.89164822845,-34661.19217220612,460.89489787972394,100.54519729571209,4,695.9323816000211,10.811227536508623,False
2675.31,RADAR_C,RADAR_C-T3908,PGT549U,275742.0187099033,-342541.0285763219,165.42894373847807,-156.23756615363962,5,644.7757721078541,8.1756070113073,False
2675.68,RADAR_B,RADAR_B-SC55470,STATIC_CLUTTER,100549.59414928377,207759.49323198423,0.18960416934221733,-0.03686536195781661,4,648.6736521905174,10.811227536508623,True
2676.92,RADAR_A,RADAR_A-T8825,PGT549U,275889.09333303676,-343059.5035222139,157.7514331532669,-149.48655682092274,14,386.20209172037437,0.6611880635625048,False
2677.04,RADAR_B,RADAR_B-T7834,HEDEF_2,13668.394391264432,-342949.38604093884,-160.6463218949596,-151.490816482237,12,304.6666511805877,1.1562054316023351,False
2677.75,RADAR_B,RADAR_B-T1071,HEDEF_3_MANEVRA,288246.3819045538,-34684.015017723344,480.3429356540123,126.88609159392507,8,298.17278936682413,3.5355339059327378,False
2677.84,RADAR_C,RADAR_C-T4919,HEDEF_2,13792.817917797547,-342770.1955061106,-195.4640928345403,-148.43125525494284,5,603.6162957659635,8.1756070113073,False
2679.61,RADAR_A,RADAR_A-T5609,HEDEF_2,13755.550140155536,-343557.5905890259,-166.73272295702043,-151.25287206412807,13,304.563709740625,0.8743393107950702,False
2679.61,RADAR_A,RADAR_A-T9724,HEDEF_3_MANEVRA,288522.8743068202,-34104.37745627476,484.582196765088,138.53505595380503,11,269.71339505242986,1.528938460803196,False
2681.63,RADAR_B,RADAR_B-T7834,HEDEF_2,13506.892868450916,-343652.8913727152,-170.06268089373012,-148.48370511882158,10,321.1234916503627,2.021831720409404,False
2681.67,RADAR_B,RADAR_B-T8537,PGT549U,276452.58833558526,-343514.52209146717,144.92892747066142,-158.45908195491404,9,390.1014345550657,2.6736220001334834,False
2681.73,RADAR_A,RADAR_A-SC14575,STATIC_CLUTTER,-336574.8127968895,-43840.11575622981,-0.412740374225489,-0.022967151632214442,1,1500.0,25.0,True
2682.41,RADAR_A,RADAR_A-T6099,PGT549U,277098.2954541897,-343744.09699162707,160.20969295490028,-148.57517720548242,12,391.391800425157,1.1562054316023351,False
2682.58,RADAR_A,RADAR_A-T5609,HEDEF_2,13241.73465069064,-343985.7362640102,-160.91398408952134,-149.8820128313091,12,308.29007591463875,1.1562054316023351,False
2683.65,RADAR_C,RADAR_C-SC05477,STATIC_CLUTTER,55163.824687862165,53310.60124465857,-0.7198765600507919,0.05606561486243642,4,648.6736521905174,10.811227536508623,True
2684.93,RADAR_A,RADAR_A-T6099,PGT549U,277281.92126772244,-344207.5992311138,161.23103939505046,-147.4900493381947,12,391.8589374691118,1.1562054316023351,False
2685.06,RADAR_A,RADAR_A-T8271,HEDEF_3_MANEVRA,289489.38325029466,-33211.46896344789,491.83981565988597,146.1832481429098,11,270.26270809934556,1.528938460803196,False
2686.67,RADAR_B,RADAR_B-T8537,PGT549U,277431.94501643546,-344691.6930095544,158.6368718013759,-157.17783917101409,8,414.85695795742043,3.5355339059327378,False
2686.67,RADAR_B,RADAR_B-T7834,HEDEF_2,12872.590678441076,-344727.65726262005,-147.42320979160127,-148.60956025794906,8,365.8399891493962,3.5355339059327378,False
2687.23,RADAR_A,RADAR_A-T8271,HEDEF_3_MANEVRA,289708.13267909794,-32953.70951953994,499.3388134605508,147.33914170887127,10,281.88838508232345,2.021831720409404,False
2687.79,RADAR_A,RADAR_A-T5114,HEDEF_2,12015.491398884385,-344783.46765709296,-156.54473321278118,-149.72830484118367,14,303.6401246079884,0.6611880635625048,False
2689.41,RADAR_A,RADAR_A-T9957,PGT549U,278222.00586726016,-344704.48429323273,163.41323672122172,-146.56860083112912,13,390.0589426864565,0.8743393107950702,False
2689.72,RADAR_B,RADAR_B-T6043,HEDEF_3_MANEVRA,289792.6085660745,-32294.32836917878,499.29882176242916,161.93695367047297,8,299.07213708494874,3.5355339059327378,False
2689.8,RADAR_A,RADAR_A-T8271,HEDEF_3_MANEVRA,290205.0445448474,-32688.277736025455,501.1572955869752,147.28781387347763,9,301.03099323325404,2.6736220001334834,False
2690.25,RADAR_C,RADAR_C-T4919,HEDEF_2,12080.446672775333,-344887.11315854324,-151.1952587150301,-153.38194476429018,7,451.18201265645166,4.6753056338464924,False
2690.33,RADAR_A,RADAR_A-T5114,HEDEF_2,12110.446979015745,-345139.81172243814,-162.24267326550898,-149.5503834619125,14,303.95611697200474,0.6611880635625048,False
2691.28,RADAR_B,RADAR_B-T6043,HEDEF_3_MANEVRA,290671.0764611387,-32389.07254564777,497.16951748048575,141.3285225087792,6,426.7547210384671,6.1825125572116635,False
2691.95,RADAR_A,RADAR_A-SC14575,STATIC_CLUTTER,-336595.7860383285,-43822.8559291751,-1.1178470866162413,-0.1957915681288281,4,648.6736521905174,10.811227536508623,True
2691.95,RADAR_A,RADAR_A-SC62965,STATIC_CLUTTER,-331738.15140383027,-102093.56825535238,0.1732292492478747,0.9018755328727448,1,1500.0,25.0,True
2693.18,RADAR_A,RADAR_A-T8271,HEDEF_3_MANEVRA,290594.8155361623,-31875.480122252065,511.0447258920315,149.0040790458331,10,282.46781160908904,2.021831720409404,False
2695.2,RADAR_A,RADAR_A-T1281,HEDEF_2,11160.491632067466,-345849.97500678536,-158.98583782489123,-149.09173234878364,14,304.56516316610623,0.6611880635625048,False
2695.24,RADAR_B,RADAR_B-SC69319,STATIC_CLUTTER,389175.89801298577,-173913.2208814396,-0.015013159910497188,-0.7966545419211467,1,1500.0,25.0,True
2695.55,RADAR_C,RADAR_C-T2776,HEDEF_3_MANEVRA,290283.1262191134,-31068.27158838563,494.2269240079834,117.76741932703874,3,894.4942368463591,14.296509199195533,False
2696.06,RADAR_B,RADAR_B-T6174,PGT549U,278147.63534791674,-346361.2641072401,157.54919526056835,-150.0566352978674,9,392.53970495133456,2.6736220001334834,False
2696.22,RADAR_C,RADAR_C-SC05477,STATIC_CLUTTER,55136.97184076528,53304.77405424796,0.5543447891782062,-0.33470847350904054,1,1500.0,25.0,True
2697.3,RADAR_B,RADAR_B-T2104,HEDEF_2,10573.461320317554,-346059.27404246095,-149.41162613986694,-148.28710584851945,9,339.84846113289115,2.6736220001334834,False
2697.4,RADAR_A,RADAR_A-T1281,HEDEF_2,10930.32829581363,-346178.4291264336,-161.78773543046427,-149.733778580863,13,306.76971799999495,0.8743393107950702,False
2697.9,RADAR_A,RADAR_A-T8401,HEDEF_3_MANEVRA,291226.301461511,-31224.393773325275,492.9659039902999,149.98975891801163,11,271.5742091401744,1.528938460803196,False
2698.29,RADAR_B,RADAR_B-T6043,HEDEF_3_MANEVRA,291348.0812348634,-31365.31691079987,493.26433418295886,132.3926514290187,9,265.653681520885,2.6736220001334834,False
2699.75,RADAR_A,RADAR_A-T8401,HEDEF_3_MANEVRA,291840.47392440424,-31176.329049814965,486.7350288700754,148.04906343148429,9,301.95324243504234,2.6736220001334834,False
2699.83,RADAR_A,RADAR_A-T8838,PGT549U,279625.5409797786,-346497.01588376804,155.25544889892652,-151.94741753673446,13,392.0080624080383,0.8743393107950702,False
2700.84,RADAR_B,RADAR_B-T2104,HEDEF_2,10303.151329056629,-346717.3146432263,-177.0005983306901,-150.031841449581,10,323.7121694663955,2.021831720409404,False
2700.91,RADAR_B,RADAR_B-T6174,PGT549U,279478.764783534,-346402.46561959846,161.34198070621864,-152.6798649450929,9,393.3619113764527,2.6736220001334834,False
2701.74,RADAR_A,RADAR_A-T8401,HEDEF_3_MANEVRA,291733.54445179284,-31354.921653727117,481.8724252031397,154.13751539007043,9,302.14014698955435,2.6736220001334834,False
2702.29,RADAR_A,RADAR_A-T7086,HEDEF_2,9956.682616036096,-346914.27816660353,-163.0553848993168,-149.52400400639095,14,305.45931699400523,0.6611880635625048,False
2702.31,RADAR_A,RADAR_A-T8838,PGT549U,280145.11139264767,-346531.09995771473,158.11404099292275,-151.02607899989275,13,392.473055160571,0.8743393107950702,False
2703.83,RADAR_A,RADAR_A-T8401,HEDEF_3_MANEVRA,292254.50226541143,-30079.262762129143,467.32987090160935,144.67876539635688,9,302.33646115045116,2.6736220001334834,False
2704.62,RADAR_C,RADAR_C-T2776,HEDEF_3_MANEVRA,292269.03643050476,-30916.65087808668,453.51568122507206,133.57909449736445,6,449.75432884726524,6.1825125572116635,False
2704.83,RADAR_B,RADAR_B-T6174,PGT549U,280261.82556796464,-347246.1134310944,153.4119532610445,-154.21469252918817,10,379.7897034170636,2.021831720409404,False
2704.84,RADAR_A,RADAR_A-T7086,HEDEF_2,9759.355032843116,-347309.93087334663,-158.04679136104332,-150.4390517590627,13,307.70298455993856,0.8743393107950702,False
2704.87,RADAR_B,RADAR_B-SC46433,STATIC_CLUTTER,-343950.9182856632,108112.52114291568,-0.7983101573140736,0.6013445357696329,3,857.790551951732,14.296509199195533,True
2705.38,RADAR_A,RADAR_A-T8838,PGT549U,280602.95086348394,-347187.3005728412,164.29900860088935,-145.55516259668232,12,395.65972504324105,1.1562054316023351,False
2707.15,RADAR_A,RADAR_A-T8401,HEDEF_3_MANEVRA,292502.23877290945,-29804.519202173044,455.44061707589606,139.88460855354256,11,272.54168306726484,1.528938460803196,False
2707.93,RADAR_B,RADAR_B-T9991,HEDEF_3_MANEVRA,292595.9104751274,-29416.58175987246,448.53802710067293,158.54794124038006,7,352.11123760430405,4.6753056338464924,False
2708.92,RADAR_B,RADAR_B-T8530,HEDEF_2,9263.534482425857,-347847.98334454105,-155.6687678258607,-151.89210834078852,11,314.9643442520347,1.528938460803196,False
2709.59,RADAR_A,RADAR_A-SC14575,STATIC_CLUTTER,-336600.1875025275,-43821.31259156246,0.5758956171618682,-0.5844908489776492,2,1134.321747974356,18.905362466239264,True
2709.76,RADAR_A,RADAR_A-T4551,HEDEF_2,8819.098717358818,-347997.77618056827,-158.99624919463324,-149.5691314866437,12,311.64617072833227,1.1562054316023351,False
2710.06,RADAR_A,RADAR_A-T8401,HEDEF_3_MANEVRA,293041.70731457387,-29643.721530944083,444.64584125494844,147.9833833925668,10,284.1582443590696,2.021831720409404,False
2711.56,RADAR_B,RADAR_B-T6174,PGT549U,280410.6884558317,-348728.6070897978,163.98339115249348,-143.16536879583552,9,395.1715842143527,2.6736220001334834,False
2711.81,RADAR_A,RADAR_A-SC62965,STATIC_CLUTTER,-331765.81215309515,-102085.94749938541,-0.06687990695764276,-0.11111829746488652,1,1500.0,25.0,True
2712.6,RADAR_B,RADAR_B-T9991,HEDEF_3_MANEVRA,293142.77783554455,-28948.866386521455,438.6978432389964,148.92453392337643,7,352.4265389162203,4.6753056338464924,False
2712.65,RADAR_A,RADAR_A-T8401,HEDEF_3_MANEVRA,293582.1732962467,-28933.315959258027,432.61845616551585,146.3501646094939,10,284.42047088462425,2.021831720409404,False
2713.18,RADAR_B,RADAR_B-T8530,HEDEF_2,8219.484077125737,-348341.1767376164,-165.52476975917898,-147.82011401594627,12,309.8022418574083,1.1562054316023351,False
2713.81,RADAR_B,RADAR_B-SC46433,STATIC_CLUTTER,-343945.0455377988,108096.10010678825,-1.1035404996863047,-0.1905415366944748,4,648.6736521905174,10.811227536508623,True
2715.61,RADAR_A,RADAR_A-T6643,HEDEF_2,8365.85498807483,-348890.2356882204,-162.18117387396842,-149.6067195246917,14,307.1493873336686,0.6611880635625048,False
2715.83,RADAR_B,RADAR_B-T6174,PGT549U,281961.39144883805,-348797.5416078175,163.36023006208836,-146.92216310720553,12,368.52873378241424,1.1562054316023351,False
2717.24,RADAR_A,RADAR_A-T2638,PGT549U,282352.4845709734,-348908.13583448,161.58349070556284,-150.34933474516748,12,397.8652323337412,1.1562054316023351,False
2718.57,RADAR_A,RADAR_A-T6643,HEDEF_2,7791.466104260364,-349419.831676689,-157.06119796149608,-150.38167514219913,14,307.5259616920114,0.6611880635625048,False
2720.37,RADAR_A,RADAR_A-T9040,HEDEF_3_MANEVRA,294345.32195259957,-28258.510675199796,398.8012280442033,138.6975736220434,11,273.93499484427434,1.528938460803196,False
2720.68,RADAR_C,RADAR_C-T3872,HEDEF_3_MANEVRA,294013.10118566244,-27891.296655763137,400.4407573024755,136.0253194393229,7,379.4919404636749,4.6753056338464924,False
2720.72,RADAR_B,RADAR_B-T3653,HEDEF_3_MANEVRA,294864.6541792284,-27832.764300462026,404.9505289328524,154.4017235140051,9,267.65171137563135,2.6736220001334834,False
2721.37,RADAR_B,RADAR_B-T6174,PGT549U,283026.65339311055,-349548.8185732312,159.58516888416656,-148.70448602748345,12,369.542464021558,1.1562054316023351,False
2723.12,RADAR_A,RADAR_A-T9040,HEDEF_3_MANEVRA,294970.4933618137,-27620.351232724373,389.30422685212415,156.7733084454972,10,285.484299264012,2.021831720409404,False
2724.82,RADAR_A,RADAR_A-T9040,HEDEF_3_MANEVRA,295320.5127024873,-27332.919472794107,380.7879042582837,144.47177041676753,10,285.6570967195311,2.021831720409404,False
2724.93,RADAR_A,RADAR_A-T4738,PGT549U,283910.0984898895,-349953.5971728182,157.95073945226548,-151.7860795130502,12,399.2947458425573,1.1562054316023351,False
2725.9,RADAR_A,RADAR_A-T7013,HEDEF_2,6691.708756258862,-350614.45119243243,-154.39466697067326,-149.6860103897641,13,310.3665484754852,0.8743393107950702,False
2725.92,RADAR_B,RADAR_B-T3653,HEDEF_3_MANEVRA,295227.42096705595,-26924.463056947785,372.75944523956485,159.84853580868955,6,428.6722626875302,6.1825125572116635,False
2727.38,RADAR_A,RADAR_A-T4738,PGT549U,283948.70958208235,-350479.04858393094,164.69330050610716,-145.41879608371318,12,399.75013959540956,1.1562054316023351,False
2727.51,RADAR_B,RADAR_B-T4921,HEDEF_2,6430.160257496784,-350692.0828095164,-173.5116295585612,-147.56989881840917,10,327.3552844765187,2.021831720409404,False
2727.59,RADAR_A,RADAR_A-T9040,HEDEF_3_MANEVRA,295472.26987760654,-26769.92341371426,372.8419866533892,140.0528454798004,9,304.5975250210919,2.6736220001334834,False
2729.34,RADAR_C,RADAR_C-T3872,HEDEF_3_MANEVRA,295502.81032781606,-25954.236719815723,375.93588657088577,177.1449939486722,5,553.4496639642005,8.1756070113073,False
2729.97,RADAR_A,RADAR_A-T9040,HEDEF_3_MANEVRA,295731.8924027923,-26107.820612576754,363.5090685251481,156.25437911086112,11,274.95697156547345,1.528938460803196,False
2730.07,RADAR_B,RADAR_B-T6864,PGT549U,284213.98630940536,-351048.81120711274,162.12296743140692,-145.5531542689706,8,421.8131271643089,3.5355339059327378,False
2732.1,RADAR_A,RADAR_A-T5040,HEDEF_2,4744.053644310312,-351479.99465062236,-161.39850322224365,-148.71980945288075,12,314.4497091415622,1.1562054316023351,False
2732.48,RADAR_A,RADAR_A-T9040,HEDEF_3_MANEVRA,296225.144424053,-25592.88157437356,349.25576199922125,140.73196232971657,11,275.2244716660887,1.528938460803196,False
2734.2,RADAR_A,RADAR_A-T5359,PGT549U,284546.4542739805,-351927.87072207656,163.78276413252027,-144.9307072495079,13,398.4419793665757,0.8743393107950702,False
2734.37,RADAR_B,RADAR_B-T8830,HEDEF_3_MANEVRA,295318.1929250138,-25549.192330912087,358.8612495357432,174.2803009312144,5,535.9052603856974,8.1756070113073,False
2735.0,RADAR_A,RADAR_A-T5040,HEDEF_2,4577.664313340667,-351964.33816499164,-155.5130424591949,-147.4032659322843,12,314.81606627381257,1.1562054316023351,False
2735.09,RADAR_B,RADAR_B-T6864,PGT549U,285510.73830647964,-351200.2089842263,156.14697102495856,-148.5528265460219,10,385.12962158461204,2.021831720409404,False
2735.94,RADAR_A,RADAR_A-T9040,HEDEF_3_MANEVRA,296782.5647235483,-25666.059696387834,336.93173723119685,157.20882899058938,11,275.59507334983925,1.528938460803196,False
2736.85,RADAR_B,RADAR_B-SC46433,STATIC_CLUTTER,-343923.18352643214,108141.79906152021,-0.2560440917402097,-0.6542294754452571,3,857.790551951732,14.296509199195533,True
2736.85,RADAR_B,RADAR_B-SC69319,STATIC_CLUTTER,389165.9088502814,-173935.740961408,1.0391051790733286,0.7499038178458103,2,1134.321747974356,18.905362466239264,True
2736.98,RADAR_A,RADAR_A-T5040,HEDEF_2,4287.627467859699,-352121.2470465158,-152.66722556232864,-150.72405558218696,12,315.0661471476302,1.1562054316023351,False
2738.48,RADAR_A,RADAR_A-T9040,HEDEF_3_MANEVRA,297120.550064651,-25627.940139875725,323.8359810294001,146.96931714876138,12,269.25825421815637,1.1562054316023351,False
2739.14,RADAR_C,RADAR_C-T3872,HEDEF_3_MANEVRA,296910.8793734153,-25279.750975086572,328.23026858650724,153.37497349841064,7,380.50122622798443,4.6753056338464924,False
2739.27,RADAR_B,RADAR_B-T3225,HEDEF_2,4711.7345139312165,-352360.97353240993,-173.12181327228876,-145.93871981186354,10,328.9727782228164,2.021831720409404,False
2739.66,RADAR_B,RADAR_B-T8830,HEDEF_3_MANEVRA,297275.82906123076,-24844.71895247564,323.860640157724,141.72927948903367,8,303.0333130602643,3.5355339059327378,False
2739.92,RADAR_A,RADAR_A-T5040,HEDEF_2,3873.383725742222,-352621.88563234056,-166.209869975836,-150.0511019184437,12,315.4388858670264,1.1562054316023351,False
2741.32,RADAR_A,RADAR_A-T9040,HEDEF_3_MANEVRA,297114.88430738146,-24823.84615468425,310.02503913551476,168.44143095810716,9,305.92457831293353,2.6736220001334834,False
2741.82,RADAR_A,RADAR_A-T3026,PGT549U,285939.4813589276,-353017.598097755,159.69027319086797,-148.34050624381172,13,399.86897439623533,0.8743393107950702,False
2742.02,RADAR_A,RADAR_A-T5040,HEDEF_2,3851.8093535066246,-352957.41175839404,-153.49626005056015,-149.81671893897396,13,312.4240274769283,0.8743393107950702,False
2743.45,RADAR_B,RADAR_B-T3225,HEDEF_2,3323.476624492934,-353063.95506827376,-167.1036618038959,-150.27527694083088,8,372.6754257818401,3.5355339059327378,False
2743.74,RADAR_B,RADAR_B-T8830,HEDEF_3_MANEVRA,298542.8738240653,-24566.94657129013,305.14879827506286,150.94474224207943,5,536.3374088883852,8.1756070113073,False
2744.01,RADAR_A,RADAR_A-T9040,HEDEF_3_MANEVRA,297840.1001708988,-24597.76026773411,299.62093527833764,156.05786310635497,10,287.6320325324016,2.021831720409404,False
2744.81,RADAR_A,RADAR_A-T5040,HEDEF_2,3264.890402213235,-353373.77285444323,-162.34766226666642,-149.75067079063288,13,312.78272771289176,0.8743393107950702,False
2744.84,RADAR_A,RADAR_A-T3026,PGT549U,286338.6552852498,-353516.8225625564,155.81361067191705,-151.9687414713084,14,398.9607312709986,0.6611880635625048,False
2745.96,RADAR_B,RADAR_B-T7064,PGT549U,286291.1560692161,-353646.758351508,157.4060875791038,-152.10587939903334,12,374.0379979972615,1.1562054316023351,False
2746.37,RADAR_B,RADAR_B-SC46433,STATIC_CLUTTER,-343944.21719154774,108117.75898226275,-0.564428339353305,-0.10313947420530421,1,1500.0,25.0,True
2746.99,RADAR_A,RADAR_A-T3026,PGT549U,286653.5117745495,-353949.4609852482,158.44894007176597,-146.85266842043882,12,403.3981167134475,1.1562054316023351,False
2747.34,RADAR_A,RADAR_A-T5040,HEDEF_2,3396.2833183026196,-353621.11461285444,-161.23307033619116,-148.59486497592383,12,316.3799546562896,1.1562054316023351,False
2748.37,RADAR_B,RADAR_B-T3225,HEDEF_2,3117.939123690274,-353860.17715148645,-165.0625368802344,-147.31212458388705,11,320.5477414017072,1.528938460803196,False
2748.98,RADAR_B,RADAR_B-T8830,HEDEF_3_MANEVRA,298626.3817184076,-23491.992363594785,286.56936451937406,124.19036043587732,5,536.5814525053664,8.1756070113073,False
2749.25,RADAR_B,RADAR_B-T7064,PGT549U,287511.91214602,-353679.65396394435,147.51442101376443,-157.26847014037224,10,387.6317091181937,2.021831720409404,False
2750.03,RADAR_A,RADAR_A-T1149,HEDEF_3_MANEVRA,298618.2560829347,-23238.591785773777,276.41805831707455,149.3017554402605,11,277.11353073495667,1.528938460803196,False
2750.39,RADAR_A,RADAR_A-T5040,HEDEF_2,2307.0545799761308,-354179.9844239976,-160.52600814877732,-150.2656071591131,14,311.61412477860597,0.6611880635625048,False
2751.17,RADAR_A,RADAR_A-T9066,PGT549U,287407.5727329852,-354414.2593542834,157.93263352323282,-150.7219006537882,14,400.1492693184294,0.6611880635625048,False
2752.82,RADAR_A,RADAR_A-T5040,HEDEF_2,2400.108403565797,-354535.64618054806,-157.81059749340804,-149.76883827257058,13,313.8124741417741,0.8743393107950702,False
2752.9,RADAR_A,RADAR_A-T1149,HEDEF_3_MANEVRA,299080.5839307867,-23277.342068608516,265.93388351023015,150.2981026545086,9,307.0550349407897,2.6736220001334834,False
2753.42,RADAR_B,RADAR_B-T3225,HEDEF_2,1496.9262030085592,-354564.2632869893,-145.30306028526462,-150.3874005920551,9,347.1775612254743,2.6736220001334834,False
2754.65,RADAR_B,RADAR_B-T7064,PGT549U,288043.7313834592,-354650.14813564345,158.07020331409436,-150.0085831089051,12,375.62911249563643,1.1562054316023351,False
2754.76,RADAR_B,RADAR_B-T8830,HEDEF_3_MANEVRA,299180.07763575437,-22450.35395774221,261.61079413452256,179.123664323232,6,430.3356645433736,6.1825125572116635,False
2755.15,RADAR_A,RADAR_A-T5040,HEDEF_2,2257.903111868543,-354954.1385509219,-154.37336141366364,-150.48626728874396,13,314.11286051377033,0.8743393107950702,False
2755.48,RADAR_A,RADAR_A-T1149,HEDEF_3_MANEVRA,299326.8689666591,-22661.11063772512,249.54662063197839,156.05064721159093,9,307.308234073196,2.6736220001334834,False
2756.6,RADAR_C,RADAR_C-T3716,HEDEF_3_MANEVRA,299682.7003666252,-22569.486465899558,230.19504757440174,115.47266168510262,4,698.2937718976975,10.811227536508623,False
2756.61,RADAR_A,RADAR_A-T9925,PGT549U,288644.5358782417,-354814.3543826349,152.13414096636137,-155.5765346659446,12,405.18930309145156,1.1562054316023351,False
2757.35,RADAR_B,RADAR_B-T3225,HEDEF_2,1445.348390959618,-355385.1432376328,-160.51047766360657,-148.3332137896876,8,374.3781326488599,3.5355339059327378,False
2758.3,RADAR_A,RADAR_A-T1149,HEDEF_3_MANEVRA,299893.47668168467,-22306.150194414655,240.02108502817964,135.16362740326312,10,289.12068903921477,2.021831720409404,False
2759.22,RADAR_B,RADAR_B-T8830,HEDEF_3_MANEVRA,299222.4037142939,-22250.13051494952,254.499961211664,169.0987196315258,5,537.0625783679297,8.1756070113073,False
2759.29,RADAR_B,RADAR_B-T7064,PGT549U,288755.50144391984,-355130.4456181259,164.72510757385027,-142.55930914759975,8,426.5245860466864,3.5355339059327378,False
2759.84,RADAR_A,RADAR_A-T9925,PGT549U,288949.1717500399,-355545.7200909258,157.20296437728507,-149.41806785978585,14,401.7799641780748,0.6611880635625048,False
2760.55,RADAR_A,RADAR_A-T1149,HEDEF_3_MANEVRA,300132.4155907837,-21522.19199005128,232.18141766742212,155.2882004800497,11,278.25731453277086,1.528938460803196,False
2760.59,RADAR_A,RADAR_A-T7790,HEDEF_2,138.23790584898774,-355797.30481252464,-157.16307154604678,-149.94546640271182,13,314.8149919428703,0.8743393107950702,False
2762.64,RADAR_A,RADAR_A-T1149,HEDEF_3_MANEVRA,300579.88937459793,-21839.408167668513,221.35989541959717,134.8305076036886,9,308.0135605643933,2.6736220001334834,False
2763.13,RADAR_A,RADAR_A-T7790,HEDEF_2,-151.62308062303882,-356160.3729146127,-159.4787491570027,-149.1470819214348,14,313.2691909572757,0.6611880635625048,False
2764.53,RADAR_B,RADAR_B-T3549,HEDEF_2,805.8726724645021,-356229.4905696697,-143.88710521114575,-152.62257690911227,10,332.4733638203603,2.021831720409404,False
2764.7,RADAR_A,RADAR_A-T1149,HEDEF_3_MANEVRA,300976.7627149661,-21405.926864165296,213.61723740138862,135.72183206535982,9,308.2167156823484,2.6736220001334834,False
2764.82,RADAR_B,RADAR_B-T8830,HEDEF_3_MANEVRA,301021.54853631905,-21109.174392122022,216.26800184095637,119.90968514296027,5,537.3282265682866,8.1756070113073,False
2764.87,RADAR_A,RADAR_A-T1733,PGT549U,289171.4145754919,-356824.8085103281,157.01860258782807,-150.98703970549425,14,402.72507188920986,0.6611880635625048,False
2765.41,RADAR_A,RADAR_A-T7790,HEDEF_2,-32.08144849895772,-356411.39726003195,-156.16415786217001,-151.94848664054666,12,318.6892641211223,1.1562054316023351,False
2766.78,RADAR_C,RADAR_C-T3716,HEDEF_3_MANEVRA,300877.9290620079,-20903.42550240772,219.8629852319674,149.6076501881888,5,554.8937801666141,8.1756070113073,False
2767.46,RADAR_A,RADAR_A-T1733,PGT549U,290030.91680098546,-356714.8015791535,160.18862405539076,-150.07799331777167,12,407.2082212587525,1.1562054316023351,False
2767.79,RADAR_A,RADAR_A-T7790,HEDEF_2,112.08596817598468,-356749.9167596396,-155.53138306350456,-151.0281458981912,13,315.7481096624532,0.8743393107950702,False
2769.85,RADAR_B,RADAR_B-T3549,HEDEF_2,-850.0482040193456,-356785.6757626003,-171.66633304068242,-145.80372521892443,9,349.355731680463,2.6736220001334834,False
2769.91,RADAR_A,RADAR_A-T1733,PGT549U,290040.09926617076,-357416.49442354735,152.01230568469393,-154.3978097593851,12,407.6644574445013,1.1562054316023351,False
2770.13,RADAR_A,RADAR_A-T7790,HEDEF_2,-348.395324322171,-357164.3162067871,-157.62888501433764,-148.37895612262213,14,314.18282510754256,0.6611880635625048,False
2770.28,RADAR_A,RADAR_A-T7220,HEDEF_3_MANEVRA,301773.6334915103,-20078.38618714024,191.3096809934927,157.0193915026474,11,279.32188213675636,1.528938460803196,False
2770.93,RADAR_B,RADAR_B-T8830,HEDEF_3_MANEVRA,301365.02948132134,-20362.642123914775,182.44479189708522,143.5848539229797,8,305.6297116418265,3.5355339059327378,False
2771.64,RADAR_C,RADAR_C-SC05477,STATIC_CLUTTER,55134.470874018705,53298.82012292043,-0.19069426044238663,0.36529697701514874,2,1134.321747974356,18.905362466239264,True
2771.92,RADAR_A,RADAR_A-T7790,HEDEF_2,-1393.2373361919429,-357367.24266709917,-158.5906699477944,-148.13498018702074,13,316.28453337193844,0.8743393107950702,False
2772.86,RADAR_A,RADAR_A-T7220,HEDEF_3_MANEVRA,302185.37693717494,-20340.53746657106,178.67735427830033,142.01116823206888,9,309.02706691510997,2.6736220001334834,False
2774.26,RADAR_A,RADAR_A-T8115,PGT549U,290597.015868588,-358217.6013537071,163.82295245536955,-144.17317789079164,12,408.4740837456672,1.1562054316023351,False
2774.95,RADAR_B,RADAR_B-T8830,HEDEF_3_MANEVRA,302831.84482261003,-20132.90559872971,169.25972417730966,157.89180060627137,8,305.96976558542923,3.5355339059327378,False
2775.59,RADAR_B,RADAR_B-T3549,HEDEF_2,-1558.1497229989982,-357833.2418880728,-157.37048101747686,-149.45510934131437,12,318.84596806747186,1.1562054316023351,False
2776.54,RADAR_A,RADAR_A-T4351,HEDEF_2,-1757.4614194757999,-358172.5100608366,-158.4371985447188,-149.54681879368837,13,316.88688709284014,0.8743393107950702,False
2777.33,RADAR_A,RADAR_A-T8115,PGT549U,291699.9632882947,-358308.9144202169,157.8014897855736,-150.45405130204722,14,405.0676954474275,0.6611880635625048,False
2778.11,RADAR_A,RADAR_A-T7293,HEDEF_3_MANEVRA,302695.3696756019,-19315.443293373508,155.6911743000527,143.2364202994526,9,309.54993569578585,2.6736220001334834,False
2778.63,RADAR_B,RADAR_B-T4654,PGT549U,292139.1047657088,-357932.75994034694,166.79982505499677,-148.9899389661496,9,406.6144412038207,2.6736220001334834,False
2779.06,RADAR_B,RADAR_B-SC46433,STATIC_CLUTTER,-343923.60712272197,108121.87436742126,0.16247459663468192,0.22139911344310526,1,1500.0,25.0,True
2779.55,RADAR_A,RADAR_A-T4351,HEDEF_2,-2275.936625675421,-358608.39613725425,-152.0843287182369,-150.38476209851277,12,320.50916010437174,1.1562054316023351,False
2780.11,RADAR_A,RADAR_A-T8115,PGT549U,292209.77359067934,-358594.6856679885,154.81148857788253,-155.69220335203124,12,409.564577102588,1.1562054316023351,False
2780.66,RADAR_B,RADAR_B-T8830,HEDEF_3_MANEVRA,303130.419948443,-19398.114941780186,151.6169160489576,131.3487876130112,7,357.2188200329141,4.6753056338464924,False
2780.94,RADAR_A,RADAR_A-T7293,HEDEF_3_MANEVRA,303146.0220388474,-18810.63867449259,145.69021141069956,145.54054536760998,11,280.4975148817127,1.528938460803196,False
2781.0,RADAR_C,RADAR_C-T3716,HEDEF_3_MANEVRA,302684.75790225714,-18753.776465726864,148.1437735860831,182.60099155288228,4,699.0644362595056,10.811227536508623,False
2781.04,RADAR_B,RADAR_B-T3549,HEDEF_2,-2592.059620718079,-358633.8552212903,-156.8065631629121,-148.60298651247575,10,334.7771886348315,2.021831720409404,False
2782.52,RADAR_A,RADAR_A-T4351,HEDEF_2,-2985.658735813279,-359026.8750090666,-158.20989527533675,-149.0346197042939,13,317.6670992738569,0.8743393107950702,False
2783.34,RADAR_A,RADAR_A-T7293,HEDEF_3_MANEVRA,303618.34252152365,-18468.879177678467,138.11438468818304,145.42367627524584,10,291.7671890044225,2.021831720409404,False
2784.33,RADAR_C,RADAR_C-T9539,HEDEF_2,-2510.7569864898906,-357679.2344799452,-134.56321213841971,-171.80383852692194,5,612.0687467219252,8.1756070113073,False
2785.5,RADAR_A,RADAR_A-T7293,HEDEF_3_MANEVRA,303852.816356687,-17735.221593899216,125.89660923718515,141.45137666036305,11,281.00201412556004,1.528938460803196,False
2785.84,RADAR_A,RADAR_A-T1723,PGT549U,292696.4339166388,-359770.68637038674,155.9680301773245,-151.51604188535916,14,406.66802321637283,0.6611880635625048,False
2786.82,RADAR_B,RADAR_B-T8830,HEDEF_3_MANEVRA,304042.57152033364,-17914.611853593648,125.1833842573611,148.02791970180368,8,306.9812188258543,3.5355339059327378,False
2787.49,RADAR_A,RADAR_A-T1558,HEDEF_2,-3384.09533330945,-359809.5404779223,-159.64971344384801,-149.3830705861588,14,316.46113836343824,0.6611880635625048,False
2788.12,RADAR_A,RADAR_A-T7293,HEDEF_3_MANEVRA,304372.9650972356,-17717.68389396716,114.95660390714798,150.27623802385708,11,281.2936693901347,1.528938460803196,False
2788.36,RADAR_A,RADAR_A-T1723,PGT549U,293444.06610827293,-359889.03090676246,158.2457141997644,-148.43031641152822,13,408.5864795562344,0.8743393107950702,False
2789.89,RADAR_B,RADAR_B-T5723,HEDEF_2,-4045.2832662863584,-359976.1462317585,-156.88163282042706,-150.98745144985133,9,352.0323433826907,2.6736220001334834,False
2789.93,RADAR_A,RADAR_A-T1558,HEDEF_2,-3977.3155568121415,-360192.8768208681,-157.6993207831331,-150.2139209328917,13,318.63709416008805,0.8743393107950702,False
2790.63,RADAR_B,RADAR_B-T8830,HEDEF_3_MANEVRA,304052.9792078904,-17419.363876693173,115.82076985074161,151.84702978210356,8,307.30849095749926,3.5355339059327378,False
2790.63,RADAR_B,RADAR_B-T6334,PGT549U,293714.4406875266,-360124.74314409716,156.46439495644708,-151.77013236299265,12,382.21812282608835,1.1562054316023351,False
2791.07,RADAR_C,RADAR_C-T3716,HEDEF_3_MANEVRA,303698.2735718611,-17471.691481183072,118.15576082348494,187.33287743845705,6,453.843247423203,6.1825125572116635,False
2791.07,RADAR_A,RADAR_A-T7293,HEDEF_3_MANEVRA,304663.5574717961,-17198.264213095943,102.60183769601292,152.0521013039698,11,281.6220847642579,1.528938460803196,False
2792.75,RADAR_A,RADAR_A-T1558,HEDEF_2,-4161.798788251903,-360620.4907651743,-159.04217586630858,-149.4166131428186,14,317.1546830084057,0.6611880635625048,False
2792.85,RADAR_A,RADAR_A-T7293,HEDEF_3_MANEVRA,305044.90401146346,-16755.123597637605,94.03733386555017,143.49267880694993,9,311.0317409010092,2.6736220001334834,False
2795.28,RADAR_A,RADAR_A-T1558,HEDEF_2,-5324.208629320618,-360954.42634897336,-155.81656346271097,-149.22358519037536,14,317.48884175916885,0.6611880635625048,False
2795.56,RADAR_A,RADAR_A-T7293,HEDEF_3_MANEVRA,305331.17602655926,-16212.734818112276,81.02702744370367,158.75565078562252,9,311.3061337705559,2.6736220001334834,False
2796.16,RADAR_A,RADAR_A-T9070,PGT549U,295590.27332065435,-360284.2580953513,155.56259018105015,-150.837558611027,14,408.6093904064953,0.6611880635625048,False
2797.57,RADAR_A,RADAR_A-T1558,HEDEF_2,-5065.6284824496115,-361276.7795434983,-157.3558784534634,-148.85200986841218,13,319.64085411814625,0.8743393107950702,False
2797.62,RADAR_A,RADAR_A-T7293,HEDEF_3_MANEVRA,305557.63192548865,-16539.379000294728,78.80403362901805,164.4116015523718,11,282.3526727162273,1.528938460803196,False
2799.5,RADAR_B,RADAR_B-T3486,PGT549U,294762.5003203432,-361842.9421762987,154.68980235740983,-150.0213359672779,10,396.5340331217936,2.021831720409404,False
2799.62,RADAR_C,RADAR_C-SC05477,STATIC_CLUTTER,55129.11453909631,53312.14580455314,-0.4815518418992306,-0.1255027444400945,1,1500.0,25.0,True
2799.63,RADAR_A,RADAR_A-T1558,HEDEF_2,-5127.804370561087,-361592.6092357351,-159.37149655620536,-150.21807275666612,14,318.0641807528226,0.6611880635625048,False
2800.18,RADAR_A,RADAR_A-T7293,HEDEF_3_MANEVRA,305930.9709204517,-15562.001248193592,64.0704071561404,145.7109247464974,10,293.57397223018756,2.021831720409404,False
2800.67,RADAR_A,RADAR_A-T6538,PGT549U,295469.1370349523,-361612.0529360068,157.16697534706026,-151.00875170339862,14,409.45856602917326,0.6611880635625048,False
2801.97,RADAR_C,RADAR_C-T8520,HEDEF_2,-5376.794203200023,-361512.5886212527,-141.06298935466532,-149.60354439383786,9,401.89406393397593,2.6736220001334834,False
2802.32,RADAR_A,RADAR_A-T1558,HEDEF_2,-5625.828510398147,-362019.00029623177,-157.6442441346893,-149.26898510096805,14,318.42181884153973,0.6611880635625048,False
2803.37,RADAR_A,RADAR_A-T7293,HEDEF_3_MANEVRA,306504.9243036424,-15131.031793481969,52.064720572649264,143.9678351346591,11,282.99749215918456,1.528938460803196,False
2803.46,RADAR_B,RADAR_B-SC46433,STATIC_CLUTTER,-343939.54889415356,108111.58146044926,-0.0443950284074847,-0.732713779884213,2,1134.321747974356,18.905362466239264,True
2803.55,RADAR_A,RADAR_A-T6538,PGT549U,295675.78485698596,-362328.61841896665,158.41383248565577,-149.05954834413166,12,413.9294255396363,1.1562054316023351,False
2805.8,RADAR_A,RADAR_A-T6538,PGT549U,295817.9589821204,-362704.6745303534,155.87137390620396,-150.9844257905793,14,410.42250879483714,0.6611880635625048,False
2806.17,RADAR_A,RADAR_A-T7293,HEDEF_3_MANEVRA,306633.0379246382,-14713.742565687548,41.28694143075614,145.0824781990388,10,294.22053470136484,2.021831720409404,False
2806.36,RADAR_A,RADAR_A-T4919,HEDEF_2,-6245.4928629265205,-362667.66590844496,-155.04911389457035,-148.88349274720397,13,320.7988911954324,0.8743393107950702,False
2808.57,RADAR_A,RADAR_A-T6538,PGT549U,296587.75655710074,-362965.9490347095,159.20272567024853,-146.71499383568198,12,414.8661511015546,1.1562054316023351,False
2808.76,RADAR_A,RADAR_A-T7293,HEDEF_3_MANEVRA,307121.0541169006,-14642.513178317951,30.469228234843104,141.5758915739366,10,294.50195707937445,2.021831720409404,False
2809.28,RADAR_A,RADAR_A-T4919,HEDEF_2,-6749.528344050735,-363134.6333294061,-163.25739798038097,-149.0601986640621,12,324.3774602378849,1.1562054316023351,False
2809.91,RADAR_B,RADAR_B-T2718,HEDEF_3_MANEVRA,307529.82072123076,-14501.696031183204,34.227528444099754,150.37276005770389,6,433.6758622573059,6.1825125572116635,False
2810.6,RADAR_A,RADAR_A-T6538,PGT549U,296845.1040302515,-363190.2435738776,158.13718523246678,-150.89019106448774,12,415.24295792635894,1.1562054316023351,False
2811.49,RADAR_A,RADAR_A-T7293,HEDEF_3_MANEVRA,307483.01184302015,-14227.545893525295,17.054132730048625,162.9867003806417,10,294.7984014732253,2.021831720409404,False
2812.09,RADAR_A,RADAR_A-T4919,HEDEF_2,-6895.103160758356,-363485.85362375487,-159.81147682118754,-150.3210831431718,13,321.5571716610959,0.8743393107950702,False
2812.58,RADAR_A,RADAR_A-T6538,PGT549U,296858.17929449107,-363962.31575624435,153.00346695450705,-150.5593678538613,12,415.61275691718737,1.1562054316023351,False
2813.08,RADAR_A,RADAR_A-T7293,HEDEF_3_MANEVRA,307841.0166044856,-13717.958090311162,8.603245238634972,156.29722490445187,11,284.090727001608,1.528938460803196,False
2813.57,RADAR_C,RADAR_C-T8520,HEDEF_2,-7412.094574839402,-363729.6234543836,-126.90518600591467,-155.24806462827348,7,464.39251202668237,4.6753056338464924,False
2814.25,RADAR_B,RADAR_B-T2718,HEDEF_3_MANEVRA,308015.4804935861,-13813.384015838694,11.633955215766708,144.00798457045585,9,276.4771235658888,2.6736220001334834,False
2814.5,RADAR_A,RADAR_A-T4919,HEDEF_2,-8166.983929234088,-363890.00961140293,-158.28393862830933,-149.31688516948154,12,325.0620879695877,1.1562054316023351,False
2815.14,RADAR_A,RADAR_A-T6538,PGT549U,297991.3154332915,-363609.215117014,160.42931933334222,-147.4974955314997,14,412.17975102175336,0.6611880635625048,False
2815.44,RADAR_B,RADAR_B-T9556,HEDEF_2,-7485.47111669524,-363871.3484276538,-179.37212297040776,-149.30006121565364,8,381.6133419259447,3.5355339059327378,False
2815.6,RADAR_C,RADAR_C-T1656,HEDEF_3_MANEVRA,307837.3076649623,-13831.718009794931,6.312813908062147,180.12418204899814,7,384.96540597643786,4.6753056338464924,False
2815.83,RADAR_A,RADAR_A-T7293,HEDEF_3_MANEVRA,308000.19187705504,-13895.2762374046,1.1663573971329626,147.07315999676032,9,313.3729483663368,2.6736220001334834,False
2817.16,RADAR_A,RADAR_A-T4919,HEDEF_2,-8212.903429287166,-364128.1454370308,-159.58089502467544,-148.92708120118107,13,322.2299354937971,0.8743393107950702,False
2817.6,RADAR_B,RADAR_B-T8096,PGT549U,297875.1399964864,-364156.44834862446,154.90713848809833,-154.19811752083515,11,391.7885695545992,1.528938460803196,False
2819.66,RADAR_B,RADAR_B-T2718,HEDEF_3_MANEVRA,308084.99031459104,-12974.824989819383,-16.97904579744553,149.7241973809632,6,434.28741730543317,6.1825125572116635,False
2820.55,RADAR_A,RADAR_A-T1115,HEDEF_3_MANEVRA,309231.94634217536,-12762.424983801175,-19.449093385208144,143.34296620589575,9,313.8581879732384,2.6736220001334834,False
2822.11,RADAR_A,RADAR_A-T9985,HEDEF_2,-8377.582032561888,-364988.18166146456,-163.29273901271378,-150.93738790408702,12,326.0619222311595,1.1562054316023351,False
2823.48,RADAR_B,RADAR_B-T8096,PGT549U,298854.4959367734,-365111.55401390855,164.92260009556426,-144.6497160438026,11,392.8542701234717,1.528938460803196,False
2824.01,RADAR_B,RADAR_B-T2718,HEDEF_3_MANEVRA,309134.1611340463,-12277.91749058682,-32.83752888349491,144.84769808207204,7,360.45925310108095,4.6753056338464924,False
2824.9,RADAR_A,RADAR_A-T7456,PGT549U,299457.6666053231,-365188.453466187,155.54342252147754,-151.64565058307917,13,415.43641975300517,0.8743393107950702,False
2826.95,RADAR_B,RADAR_B-T2718,HEDEF_3_MANEVRA,309872.21089144127,-11707.26964957841,-37.55328794674453,149.01531502442037,6,434.74911015741526,6.1825125572116635,False
2827.05,RADAR_A,RADAR_A-T6930,HEDEF_2,-9519.23574883038,-365690.51461180794,-159.7057999129839,-148.87724310010617,12,326.71339520119096,1.1562054316023351,False
2828.95,RADAR_A,RADAR_A-T3725,HEDEF_3_MANEVRA,310310.10316878476,-11705.365128443285,-55.222295968052954,137.34686299179066,9,314.72603683998,2.6736220001334834,False
2828.97,RADAR_A,RADAR_A-T6930,HEDEF_2,-9818.260650632777,-366043.8006297682,-162.7067380520744,-147.2986885198758,13,323.80170744880274,0.8743393107950702,False
2829.71,RADAR_B,RADAR_B-T8096,PGT549U,300089.7727798661,-366050.5837432462,153.9879801001568,-151.21549847932212,12,389.3856803118374,1.1562054316023351,False
2830.25,RADAR_B,RADAR_B-T2718,HEDEF_3_MANEVRA,310858.7468438918,-11498.832895927873,-58.92422381732947,189.0368401056741,6,434.95943788636293,6.1825125572116635,False
2830.29,RADAR_A,RADAR_A-T9072,PGT549U,300194.5125541395,-366088.75332428684,154.97298375378702,-149.7778791521908,14,415.02934858379683,0.6611880635625048,False
2830.77,RADAR_B,RADAR_B-T5943,HEDEF_2,-10574.809990455055,-366296.52512180526,-153.45355609223535,-151.65044902980296,11,332.4573372303362,1.528938460803196,False
2831.42,RADAR_A,RADAR_A-T6930,HEDEF_2,-9736.271598389761,-366355.9072678712,-156.4703739057434,-149.02064405175744,14,322.3058606372174,0.6611880635625048,False
2833.09,RADAR_A,RADAR_A-T2758,HEDEF_3_MANEVRA,310734.55162091966,-11306.11569013675,-72.00566917807606,151.30877003574028,9,315.15573369448964,2.6736220001334834,False
2833.86,RADAR_C,RADAR_C-T9261,HEDEF_2,-10206.026322538111,-366534.9498488129,-150.47752465104375,-152.628052152503,9,405.9556354039712,2.6736220001334834,False
2833.92,RADAR_B,RADAR_B-T2718,HEDEF_3_MANEVRA,310633.0790350343,-10751.480947073836,-82.90936664332827,133.2533125563234,8,311.109405681625,3.5355339059327378,False
2834.44,RADAR_B,RADAR_B-T8096,PGT549U,300164.80547988974,-367059.2064969935,163.3406286781667,-141.98427903475482,8,438.7310529510206,3.5355339059327378,False
2835.56,RADAR_A,RADAR_A-T2758,HEDEF_3_MANEVRA,311125.4376806233,-9878.73019288218,-83.1097672203681,146.58219655420277,9,315.4128492989962,2.6736220001334834,False
2835.57,RADAR_C,RADAR_C-T7205,HEDEF_3_MANEVRA,309963.6783162046,-10093.344919395386,-108.09681668813957,123.18276539645447,3,897.9244083290498,14.296509199195533,False
2836.08,RADAR_B,RADAR_B-SC55470,STATIC_CLUTTER,100559.86524579278,207837.29735576874,0.34730575813809583,0.18396346768540742,4,648.6736521905174,10.811227536508623,True
2837.73,RADAR_A,RADAR_A-T2758,HEDEF_3_MANEVRA,311481.93588488334,-10761.754164297681,-95.65206613197616,173.6719838312637,9,315.6391153715923,2.6736220001334834,False
2838.38,RADAR_A,RADAR_A-T1514,PGT549U,301833.1361021048,-367149.63093911373,156.73094728848008,-149.93613408903605,14,416.5514553168223,0.6611880635625048,False
2838.76,RADAR_B,RADAR_B-T2718,HEDEF_3_MANEVRA,311739.22628906433,-9970.328321331337,-95.03624815497206,130.83149502345532,7,361.5938411417228,4.6753056338464924,False
2839.59,RADAR_A,RADAR_A-T7192,HEDEF_2,-12290.779388596235,-367635.58539053437,-152.9522483517589,-148.6455534869433,13,325.22146090717695,0.8743393107950702,False
2840.32,RADAR_B,RADAR_B-T8096,PGT549U,301613.042436545,-367548.7450122478,136.89503650833927,-157.28987417484652,8,439.6920099493675,3.5355339059327378,False
2840.72,RADAR_A,RADAR_A-T1514,PGT549U,301466.8150077044,-367934.8416495,161.51476787169196,-146.89934729949823,12,420.8584834758176,1.1562054316023351,False
2842.41,RADAR_A,RADAR_A-T1262,HEDEF_3_MANEVRA,311965.7947574905,-9909.719187007098,-113.1316083405705,148.9878752934709,11,287.4342039550674,1.528938460803196,False
2842.44,RADAR_A,RADAR_A-T7192,HEDEF_2,-11852.013454680939,-368133.1042939935,-155.11927891747237,-149.51361157450322,13,325.60371343354336,0.8743393107950702,False
2844.91,RADAR_C,RADAR_C-T7205,HEDEF_3_MANEVRA,311732.3422672777,-9016.156815076632,-115.3178518862691,186.58348097381455,5,558.1631459574902,8.1756070113073,False
2844.98,RADAR_A,RADAR_A-T1262,HEDEF_3_MANEVRA,312325.02781425486,-9073.884902604366,-123.22305177962215,141.26218297234482,11,287.7305271069352,1.528938460803196,False
2845.2,RADAR_A,RADAR_A-T7192,HEDEF_2,-12002.928817408409,-368470.55301059387,-155.26651044869902,-148.40908149676505,12,329.1190582790644,1.1562054316023351,False
2845.73,RADAR_B,RADAR_B-T9365,HEDEF_2,-12895.584751428905,-368373.6984329422,-164.65064671425245,-147.8950124645336,10,343.93842749324864,2.021831720409404,False
2847.18,RADAR_A,RADAR_A-T1262,HEDEF_3_MANEVRA,312509.7455612077,-8844.466604493935,-134.97360471185277,178.0884184829525,9,316.6272115735866,2.6736220001334834,False
2847.98,RADAR_A,RADAR_A-T2800,PGT549U,302757.29361480055,-368930.85389975196,154.15416480643125,-153.76091204220575,12,422.2107816718847,1.1562054316023351,False
2849.97,RADAR_A,RADAR_A-T1262,HEDEF_3_MANEVRA,313079.637853153,-8370.617691676709,-145.5943146303403,148.52214430559113,11,288.3054909916206,1.528938460803196,False
2850.03,RADAR_A,RADAR_A-T2800,PGT549U,303024.6516507002,-369348.06754328456,153.0996071699045,-151.44492425746222,14,418.74424609898716,0.6611880635625048,False
2850.26,RADAR_A,RADAR_A-T1146,HEDEF_2,-13385.68427977502,-369123.27698403073,-149.4050807451821,-151.76149761086987,12,329.7926679079733,1.1562054316023351,False
2851.67,RADAR_A,RADAR_A-T1262,HEDEF_3_MANEVRA,313273.6004231908,-7685.570162300616,-150.14305019810845,133.10119620932173,11,288.5024163458848,1.528938460803196,False
2852.73,RADAR_A,RADAR_A-T2800,PGT549U,304057.80701103684,-369201.4752161041,156.54243583838087,-148.6923276606382,13,420.65586907290293,0.8743393107950702,False
2853.98,RADAR_C,RADAR_C-T6320,HEDEF_2,-13192.336861426345,-369937.08353896206,-144.33633194161155,-145.9851786215281,9,408.54364450322237,2.6736220001334834,False
2854.63,RADAR_B,RADAR_B-T4930,HEDEF_3_MANEVRA,313664.20103791775,-7804.695656728181,-161.7443910852005,124.17201926577798,7,362.8335301319049,4.6753056338464924,False
2855.74,RADAR_A,RADAR_A-T7146,HEDEF_2,-14108.859875661728,-369980.5738263722,-155.8287726768742,-149.92583368796093,14,325.58810685004147,0.6611880635625048,False
2856.51,RADAR_C,RADAR_C-T7205,HEDEF_3_MANEVRA,313742.51528353285,-7356.91063587524,-161.46256649329723,163.75397540810008,5,558.6772755625177,8.1756070113073,False
2858.13,RADAR_A,RADAR_A-T7146,HEDEF_2,-14862.803068462019,-370489.45598873694,-161.6954512212595,-147.7796301105744,13,327.71563893197094,0.8743393107950702,False
2858.74,RADAR_A,RADAR_A-T3284,PGT549U,304235.3063179942,-370796.7597668245,155.8960066124781,-148.5120350313515,13,421.7834126573358,0.8743393107950702,False
2859.62,RADAR_B,RADAR_B-T7445,PGT549U,304525.9976966638,-370655.1743321693,175.89686133159745,-143.6592800468935,8,442.8502474903598,3.5355339059327378,False
2860.39,RADAR_A,RADAR_A-T7146,HEDEF_2,-14917.84009442822,-370787.0503014261,-158.94425574011547,-148.8215686927971,14,326.2201186686805,0.6611880635625048,False
2863.09,RADAR_C,RADAR_C-T6320,HEDEF_2,-15690.288108263465,-370364.7951954605,-142.8173611440572,-146.77102208584355,7,469.92498704242087,4.6753056338464924,False
2863.25,RADAR_A,RADAR_A-T7146,HEDEF_2,-15089.735796872495,-371257.8861631263,-157.61346953426676,-150.41446255953917,13,328.4079313518404,0.8743393107950702,False
2863.68,RADAR_B,RADAR_B-T9198,HEDEF_2,-15410.366814935609,-370753.91331936064,-151.4883014603485,-146.38185963561753,8,387.7571663300446,3.5355339059327378,False
2863.73,RADAR_A,RADAR_A-T8472,HEDEF_3_MANEVRA,315070.9539234352,-6043.386395942101,-203.25169221791862,142.04761806857132,11,289.902533473185,1.528938460803196,False
2864.2,RADAR_B,RADAR_B-T7445,PGT549U,304998.3992048004,-371385.3352446837,163.16837248296838,-144.68863203613677,9,421.32435223847295,2.6736220001334834,False
2864.31,RADAR_A,RADAR_A-T8717,PGT549U,305054.89760097995,-371660.3272253725,157.33449778062723,-145.64850791987388,13,422.8270428989492,0.8743393107950702,False
2865.64,RADAR_B,RADAR_B-SC69319,STATIC_CLUTTER,389182.77923719765,-173872.68259440054,0.2662395404978472,0.28819047157800726,3,857.790551951732,14.296509199195533,True
2866.25,RADAR_A,RADAR_A-T7146,HEDEF_2,-15354.386976969601,-371646.27788963966,-162.77581527220255,-148.36824030329487,13,328.81446549688053,0.8743393107950702,False
2866.49,RADAR_A,RADAR_A-T8472,HEDEF_3_MANEVRA,315089.1570972368,-5774.803402882663,-214.14141195765978,155.03733682027925,9,318.66569321721863,2.6736220001334834,False
2866.86,RADAR_A,RADAR_A-T8717,PGT549U,305678.8931795633,-371826.65623478487,156.96097359131926,-150.3396557656522,12,425.73264119936954,1.1562054316023351,False
2868.21,RADAR_A,RADAR_A-T7146,HEDEF_2,-16371.687253796039,-372006.5481980358,-156.4434645397167,-148.60691805876195,13,329.08018321141407,0.8743393107950702,False
2868.74,RADAR_A,RADAR_A-T8472,HEDEF_3_MANEVRA,315752.12150980224,-5961.9085262200215,-225.0192577413955,141.26208550359195,11,290.4860841189579,1.528938460803196,False
2869.15,RADAR_B,RADAR_B-T6623,HEDEF_3_MANEVRA,315865.2118101438,-5618.087759196913,-225.13186176394902,172.8776300205928,7,363.9833183019323,4.6753056338464924,False
2870.37,RADAR_B,RADAR_B-T7445,PGT549U,306503.3117026295,-371832.2990445893,168.49385113301668,-143.72899685293908,9,422.3904478585056,2.6736220001334834,False
2870.97,RADAR_B,RADAR_B-T2518,HEDEF_2,-16393.50135466391,-372205.7050696883,-150.7018748622714,-151.1375067945839,12,333.0122584914479,1.1562054316023351,False
2872.55,RADAR_A,RADAR_A-T7799,PGT549U,307201.1947733018,-372182.7128576548,157.65292159708275,-148.7883180200471,14,422.98305658333175,0.6611880635625048,False
2873.5,RADAR_A,RADAR_A-T9243,HEDEF_2,-17006.265111350807,-372759.4778541951,-160.8278509041806,-149.75453321660797,12,332.9073043764314,1.1562054316023351,False
2873.59,RADAR_A,RADAR_A-SC62965,STATIC_CLUTTER,-331778.8879504877,-102070.41759090031,0.03922220108226575,0.26048761919302704,1,1500.0,25.0,True
2873.65,RADAR_A,RADAR_A-T6147,HEDEF_3_MANEVRA,316438.8324812649,-4547.732972238875,-239.33323603441616,156.74216654880107,9,319.4279389226152,2.6736220001334834,False
2874.23,RADAR_C,RADAR_C-T6320,HEDEF_2,-16675.619733844345,-372359.88363687927,-146.8216607582078,-153.1173843673722,9,411.1677598319047,2.6736220001334834,False
2875.05,RADAR_B,RADAR_B-T7445,PGT549U,306773.4295352732,-373154.86011427495,165.81429645600247,-141.4402043243041,11,402.21745086907043,1.528938460803196,False
2875.52,RADAR_A,RADAR_A-T7799,PGT549U,307249.1462637381,-372897.8101109945,155.5237913353143,-149.684872869549,14,423.54142613546367,0.6611880635625048,False
2875.89,RADAR_A,RADAR_A-T9243,HEDEF_2,-17523.99615872004,-373040.5448121895,-148.02188279130326,-149.16477637169308,12,333.2290585822826,1.1562054316023351,False
2876.25,RADAR_A,RADAR_A-T6147,HEDEF_3_MANEVRA,316879.7265667697,-4579.884636067656,-256.0382533225847,146.03395358788958,10,301.9842424705757,2.021831720409404,False
2876.99,RADAR_B,RADAR_B-SC55470,STATIC_CLUTTER,100589.35905896919,207788.58283793027,0.6705778985364214,0.5820698320011579,3,857.790551951732,14.296509199195533,True
2877.25,RADAR_B,RADAR_B-T7194,HEDEF_3_MANEVRA,316881.1004718576,-4355.051397272805,-251.9126612322996,134.11501399502427,9,282.8425429750454,2.6736220001334834,False
2877.89,RADAR_A,RADAR_A-T7799,PGT549U,307894.4524458839,-373200.70938371314,154.86341054795844,-151.7333154647096,14,423.988673167147,0.6611880635625048,False
2878.94,RADAR_A,RADAR_A-T6147,HEDEF_3_MANEVRA,317238.9974470136,-4205.820888690638,-268.5207758072181,154.33452805736474,10,302.28868755480426,2.021831720409404,False
2878.96,RADAR_A,RADAR_A-T9243,HEDEF_2,-17993.79960022569,-373527.96605031117,-159.90376707143653,-148.6340430726512,12,333.64338675968975,1.1562054316023351,False
2881.59,RADAR_B,RADAR_B-T9129,HEDEF_2,-18175.94629263186,-373868.8267314528,-155.28343662561042,-148.9822872014825,12,334.61454012813465,1.1562054316023351,False
2881.78,RADAR_A,RADAR_A-T6147,HEDEF_3_MANEVRA,317775.3675071036,-3616.364666823244,-273.70888830607595,123.22218829329746,9,320.29882890620223,2.6736220001334834,False
2881.9,RADAR_A,RADAR_A-T9243,HEDEF_2,-18680.418410475708,-373944.71551502316,-158.47157718245384,-149.58753183923784,13,330.9414875366234,0.8743393107950702,False
2883.3,RADAR_A,RADAR_A-T4163,PGT549U,308208.7451476366,-374363.40117556805,156.57805550621026,-149.33425960181427,14,425.00591627323956,0.6611880635625048,False
2884.21,RADAR_A,RADAR_A-T6147,HEDEF_3_MANEVRA,318082.1321796927,-3049.731568929699,-293.0219243832646,149.19165382042496,10,302.8872199506586,2.021831720409404,False
2884.67,RADAR_B,RADAR_B-T5407,PGT549U,308380.7579941896,-374392.9024466436,136.3798339579303,-161.8104612948026,8,446.9595150825295,3.5355339059327378,False
2884.73,RADAR_A,RADAR_A-T9243,HEDEF_2,-18372.776055511757,-374532.21707856475,-157.68308940467963,-150.75996220704016,12,334.4217851450323,1.1562054316023351,False
2885.35,RADAR_B,RADAR_B-T8656,HEDEF_3_MANEVRA,318168.6716208651,-2715.9387875861457,-286.91278001756723,125.42866592489891,7,365.2851462706396,4.6753056338464924,False
2885.36,RADAR_A,RADAR_A-T4163,PGT549U,308704.68016182334,-374622.2750721616,156.90306194649477,-148.00563218741644,14,425.39464102349865,0.6611880635625048,False
2886.55,RADAR_B,RADAR_B-T9129,HEDEF_2,-19086.945268618874,-374534.1170937457,-161.5396380968975,-146.37379098163262,12,335.36432918649757,1.1562054316023351,False
2887.24,RADAR_A,RADAR_A-T6147,HEDEF_3_MANEVRA,318406.3555822801,-2899.410948072194,-299.175611367078,151.07182769931336,9,320.88565895086884,2.6736220001334834,False
2887.94,RADAR_A,RADAR_A-T9243,HEDEF_2,-18953.878175233345,-374956.2526882352,-156.43718016872592,-149.49015267980676,14,329.9853967252837,0.6611880635625048,False
2889.74,RADAR_A,RADAR_A-T6147,HEDEF_3_MANEVRA,318807.836196246,-2165.0521431339703,-302.0360086152136,142.47693633654077,9,321.09973935170797,2.6736220001334834,False
2889.97,RADAR_C,RADAR_C-T8958,HEDEF_3_MANEVRA,319024.93081688415,-2289.7020775304627,-291.66505812436395,235.2322595580822,3,899.4477214074309,14.296509199195533,False
2890.27,RADAR_A,RADAR_A-T9243,HEDEF_2,-19327.965533748058,-375355.9166658277,-159.72822442401787,-149.45943642958875,14,330.30187106030843,0.6611880635625048,False
2892.55,RADAR_A,RADAR_A-T1537,PGT549U,310132.34318898385,-375253.85046513786,157.31375569242448,-148.34562571080545,12,430.51133002067905,1.1562054316023351,False
2893.3,RADAR_A,RADAR_A-T9243,HEDEF_2,-20080.73804841894,-375792.65481895616,-151.93315631373576,-148.62308023247004,12,335.57034033807207,1.1562054316023351,False
2894.71,RADAR_A,RADAR_A-T6609,HEDEF_3_MANEVRA,318558.80983405747,-1661.9513602738868,-245.88575012531922,144.07536163697617,10,303.37210842880137,2.021831720409404,False
2894.78,RADAR_B,RADAR_B-T4762,HEDEF_2,-20551.23550338389,-375612.26998793916,-158.11870467128722,-148.44997890847702,9,366.35421544529913,2.6736220001334834,False
2895.18,RADAR_A,RADAR_A-T1537,PGT549U,310340.36817903613,-375943.3148784755,155.38574593867196,-150.58159424931267,14,427.2145867171722,0.6611880635625048,False
2895.58,RADAR_A,RADAR_A-T9243,HEDEF_2,-19972.92386654496,-376115.3258879745,-158.87044674892178,-149.00809810658808,13,332.7912786890949,0.8743393107950702,False
2895.66,RADAR_C,RADAR_C-T6716,HEDEF_2,-19785.29984526349,-375893.4395996528,-137.75430347245384,-147.92269537564053,9,413.95071793945834,2.6736220001334834,False
2897.76,RADAR_A,RADAR_A-T6609,HEDEF_3_MANEVRA,318356.4223721912,-1197.306587747629,-211.88926628211004,157.40825757915673,9,320.9678634883239,2.6736220001334834,False
2898.25,RADAR_A,RADAR_A-T9243,HEDEF_2,-21126.855918009092,-376393.32360700925,-159.08700869340353,-149.2926471495189,13,333.14936665963666,0.8743393107950702,False
2898.61,RADAR_B,RADAR_B-T5635,PGT549U,310949.132339908,-376409.98172601906,144.76580742735462,-158.84292295939358,9,427.2347662816255,2.6736220001334834,False
2899.16,RADAR_B,RADAR_B-T2045,HEDEF_3_MANEVRA,318527.7699118474,-697.9040206862283,-198.92438731577124,115.79681032517722,7,365.5458740967701,4.6753056338464924,False
2899.67,RADAR_B,RADAR_B-SC55470,STATIC_CLUTTER,100550.58337265103,207808.39006425973,0.31323642213210035,-0.6498105615293771,2,1134.321747974356,18.905362466239264,True
2899.83,RADAR_B,RADAR_B-T4762,HEDEF_2,-20928.423824195823,-376637.1400073229,-148.85970571811055,-156.12602266643808,9,367.0400150284302,2.6736220001334834,False
2900.08,RADAR_A,RADAR_A-T6609,HEDEF_3_MANEVRA,318528.5701922431,-693.0408061751725,-182.93554141341875,133.62116171561183,9,320.9302336856476,2.6736220001334834,False
2902.02,RADAR_A,RADAR_A-T6609,HEDEF_3_MANEVRA,318525.62336249807,-452.68322508319915,-161.87008269363213,143.00485160847427,9,320.89905719941817,2.6736220001334834,False
2902.67,RADAR_A,RADAR_A-SC62965,STATIC_CLUTTER,-331748.19540938037,-102104.42226954977,-0.6727437645139254,0.8745051073965743,1,1500.0,25.0,True
2902.89,RADAR_A,RADAR_A-T8211,HEDEF_2,-21271.054123192665,-377172.7814762067,-162.57687191391517,-149.0980022104934,12,336.843901431684,1.1562054316023351,False
2903.34,RADAR_B,RADAR_B-T5635,PGT549U,311305.3315196344,-377041.05087832094,156.6707865909906,-147.00885043857127,12,402.8528922490177,1.1562054316023351,False
2905.06,RADAR_C,RADAR_C-T6716,HEDEF_2,-21808.930937691395,-377487.06115912535,-219.96477352526037,-140.15681828683094,6,533.1284763113831,6.1825125572116635,False
2905.16,RADAR_A,RADAR_A-T6609,HEDEF_3_MANEVRA,318356.46989044675,18.619968823776652,-118.855271989839,132.67954399603403,10,303.19377033816204,2.021831720409404,False
2905.31,RADAR_A,RADAR_A-T8211,HEDEF_2,-22686.390834956528,-377397.1372220327,-156.40266626352565,-149.08030174659513,14,332.32823779542827,0.6611880635625048,False
2906.01,RADAR_A,RADAR_A-T2374,PGT549U,312166.72491898766,-377590.56243848643,159.3986337259406,-145.0333323992864,12,432.9590867332319,1.1562054316023351,False
2906.04,RADAR_B,RADAR_B-T2045,HEDEF_3_MANEVRA,318451.0097804407,-45.529642023645465,-119.57757295916119,153.99989382324404,7,365.47467573607025,4.6753056338464924,False
2906.47,RADAR_B,RADAR_B-T4762,HEDEF_2,-21443.202653594162,-377647.74656108016,-157.4296735482155,-148.88016387928823,11,343.60621352853076,1.528938460803196,False
2906.81,RADAR_A,RADAR_A-T6609,HEDEF_3_MANEVRA,318469.61379291874,-296.76720829747416,-101.54993270417911,159.64541046921042,10,303.16621220870616,2.021831720409404,False
2908.9,RADAR_A,RADAR_A-T6609,HEDEF_3_MANEVRA,318385.03387437615,397.37564263634357,-74.64418616443545,153.90314152190035,11,292.5544759974083,1.528938460803196,False
2910.78,RADAR_B,RADAR_B-T2045,HEDEF_3_MANEVRA,318202.2599802187,1084.5525452981183,-56.19154583357758,163.79167314431152,6,438.6920745222526,6.1825125572116635,False
2911.24,RADAR_A,RADAR_A-T6609,HEDEF_3_MANEVRA,318418.8048437054,910.8618241660556,-49.06287148526942,142.28569251265014,11,292.51445729973216,1.528938460803196,False
2911.84,RADAR_B,RADAR_B-T4762,HEDEF_2,-22989.958040484802,-378259.1926015472,-151.38233224638265,-147.6819746543732,10,353.4205409846271,2.021831720409404,False
2912.27,RADAR_C,RADAR_C-T9825,HEDEF_3_MANEVRA,317381.9160803844,884.9023202205644,-54.41970549405643,129.1468975423059,3,899.180921625106,14.296509199195533,False
2913.1,RADAR_A,RADAR_A-T5137,HEDEF_2,-23098.396817741897,-378647.0013451977,-158.63144564413048,-149.7386322035562,12,338.2039487430508,1.1562054316023351,False
2914.09,RADAR_A,RADAR_A-T6609,HEDEF_3_MANEVRA,318230.02649297024,1358.9232941111504,-15.330774173609361,153.9805957317985,11,292.4661170627314,1.528938460803196,False
2915.84,RADAR_A,RADAR_A-T6609,HEDEF_3_MANEVRA,318277.8432570459,1762.6940266442173,11.119082101271555,145.84895661118986,9,320.682609822069,2.6736220001334834,False
2915.86,RADAR_B,RADAR_B-T4403,PGT549U,313260.27272521966,-379105.425800752,155.77404809944846,-149.6138181098401,10,417.14435281570144,2.021831720409404,False
2915.89,RADAR_A,RADAR_A-T5137,HEDEF_2,-23760.658559052034,-379104.94805787946,-156.39261646989016,-147.93388602028247,14,333.7597616508783,0.6611880635625048,False
2915.92,RADAR_B,RADAR_B-T4762,HEDEF_2,-23962.807636761667,-378796.69884993933,-150.19931540852645,-149.66037439751216,11,344.9893379690082,1.528938460803196,False
2916.33,RADAR_B,RADAR_B-T2045,HEDEF_3_MANEVRA,318155.016268601,1088.384554902851,6.360744439913585,176.28371433257328,7,365.3722713499145,4.6753056338464924,False
2917.87,RADAR_A,RADAR_A-T6609,HEDEF_3_MANEVRA,318130.7733348234,1519.659489590399,35.71705739389139,149.694282620428,9,320.6517046272101,2.6736220001334834,False
2918.25,RADAR_A,RADAR_A-T5137,HEDEF_2,-23907.79101919837,-379417.6687398275,-157.62585727246264,-146.78222200054955,14,334.08046276494406,0.6611880635625048,False
2920.04,RADAR_C,RADAR_C-T1600,HEDEF_2,-23616.658386593517,-379554.15513398324,-155.28650045596845,-145.99460066136413,7,476.35764458665795,4.6753056338464924,False
2920.23,RADAR_A,RADAR_A-T5137,HEDEF_2,-24464.35689845414,-379685.0921054385,-155.9845992745315,-147.16092262258508,14,334.3486590023998,0.6611880635625048,False
2920.25,RADAR_A,RADAR_A-T6609,HEDEF_3_MANEVRA,318106.65136719606,2237.4053205225996,58.49167242621027,140.89662982630432,9,320.6156942127701,2.6736220001334834,False
2920.28,RADAR_B,RADAR_B-T4762,HEDEF_2,-24073.74746234881,-379681.75137926626,-150.25764059500094,-147.6215641765189,10,354.6245393192464,2.021831720409404,False
2920.67,RADAR_C,RADAR_C-T9825,HEDEF_3_MANEVRA,318322.41185593634,1651.9243177548633,30.5898366507383,132.09011243164755,5,559.6033621348066,8.1756070113073,False
2923.16,RADAR_A,RADAR_A-T5137,HEDEF_2,-24250.768010969197,-380086.90746442124,-158.47409131285386,-147.10815228983523,14,334.7473654521474,0.6611880635625048,False
2923.92,RADAR_A,RADAR_A-T3369,PGT549U,314524.92645219754,-380289.7939742269,155.18190669222926,-149.7725737730549,12,436.21827581031226,1.1562054316023351,False
2925.12,RADAR_B,RADAR_B-T7528,HEDEF_3_MANEVRA,317655.3974991457,2612.526419446296,105.28196951102834,203.65372025466738,6,438.57685917198785,6.1825125572116635,False
2925.28,RADAR_A,RADAR_A-T5137,HEDEF_2,-24851.030746532313,-380426.1673889454,-152.10190955037203,-148.30928749829712,14,335.03564351841317,0.6611880635625048,False
2927.26,RADAR_A,RADAR_A-T9060,HEDEF_3_MANEVRA,318077.25697581586,2869.4537594051494,143.31496195442293,154.8858745679202,9,320.5112614903226,2.6736220001334834,False
2927.74,RADAR_B,RADAR_B-SC69319,STATIC_CLUTTER,389190.4082998986,-173895.94907073706,-0.12828818723707833,-0.4766101207069856,3,857.790551951732,14.296509199195533,True
2927.89,RADAR_B,RADAR_B-T7528,HEDEF_3_MANEVRA,317772.4531585111,3096.8958300437835,143.82146749896756,145.63085579732336,12,244.00617750326845,1.1562054316023351,False
2928.54,RADAR_A,RADAR_A-T5137,HEDEF_2,-25424.903567139194,-380872.36835337215,-158.92630584404108,-148.53578691171413,14,335.479146737524,0.6611880635625048,False
2928.99,RADAR_B,RADAR_B-T7886,HEDEF_2,-25415.734167706025,-380960.7027068611,-163.8591963663913,-145.36923236934288,12,341.67318049143915,1.1562054316023351,False
2929.18,RADAR_C,RADAR_C-T1600,HEDEF_2,-25628.469721804446,-380620.15231352736,-144.93534938164078,-137.46692412875504,6,535.5538683326964,6.1825125572116635,False
2929.8,RADAR_C,RADAR_C-T9825,HEDEF_3_MANEVRA,318225.5736947554,3425.524017058844,148.6409432194646,192.13087674367273,4,702.2122003111936,10.811227536508623,False
2930.05,RADAR_A,RADAR_A-SC14575,STATIC_CLUTTER,-336610.9350923592,-43826.138201157315,0.5737390386426207,-0.3110970511180895,4,648.6736521905174,10.811227536508623,True
2930.67,RADAR_B,RADAR_B-T7528,HEDEF_3_MANEVRA,317774.7709959349,3462.9334463423593,156.70003957319986,136.5256495875473,5,543.4463786561054,8.1756070113073,False
2931.08,RADAR_A,RADAR_A-T5700,PGT549U,315359.3045556531,-381587.86864616926,154.48659371403582,-148.66326139236597,13,435.15963072894334,0.8743393107950702,False
2932.72,RADAR_B,RADAR_B-SC55470,STATIC_CLUTTER,100550.84294629299,207800.7932286137,-0.7985768500519257,-0.11029234602999698,4,648.6736521905174,10.811227536508623,True
2933.43,RADAR_B,RADAR_B-T7886,HEDEF_2,-25774.391602975295,-381630.5949951881,-162.42438569494516,-144.64260077024164,8,396.71275700412104,3.5355339059327378,False
2935.03,RADAR_A,RADAR_A-T2229,HEDEF_3_MANEVRA,317723.40659408533,4283.254345772549,234.46177065711825,164.42500554548906,9,320.39852786703347,2.6736220001334834,False
2935.64,RADAR_A,RADAR_A-T8835,PGT549U,316811.3139643226,-381645.0935601594,156.4844374195128,-146.6586202815236,14,434.642300676332,0.6611880635625048,False
2935.77,RADAR_A,RADAR_A-T9325,HEDEF_2,-26907.39253352392,-381956.52250190236,-156.86208827660525,-147.57908080135402,13,338.21158374372146,0.8743393107950702,False
2936.61,RADAR_B,RADAR_B-T7528,HEDEF_3_MANEVRA,317819.93858523585,4399.925101473568,246.17860965884847,154.76680757226893,8,315.70436774828494,3.5355339059327378,False
2936.84,RADAR_A,RADAR_A-T2229,HEDEF_3_MANEVRA,317863.8457034849,4742.475482720822,258.34055575071415,149.7708333766451,9,320.3726058141508,2.6736220001334834,False
2937.67,RADAR_A,RADAR_A-T9325,HEDEF_2,-26752.436907170377,-382192.1618550841,-160.81142080542247,-146.9418862166235,13,338.47000323386584,0.8743393107950702,False
2937.7,RADAR_A,RADAR_A-T8835,PGT549U,316384.1768386131,-382549.3078978656,158.08060596286938,-148.45749298000663,12,438.727213167611,1.1562054316023351,False
2940.52,RADAR_A,RADAR_A-T8835,PGT549U,317342.8883562526,-382592.2776324726,154.60636017305774,-146.8741301772012,13,436.8882016263933,0.8743393107950702,False
2940.75,RADAR_B,RADAR_B-T7528,HEDEF_3_MANEVRA,317557.98101205623,5146.393195611352,296.015140154289,128.92602683733668,9,283.5078812797063,2.6736220001334834,False
2940.89,RADAR_A,RADAR_A-T4927,HEDEF_3_MANEVRA,317900.18476757704,4813.152752689275,301.36767198833684,157.96654001561393,10,302.62915360159906,2.021831720409404,False
2942.42,RADAR_B,RADAR_B-T1336,PGT549U,317495.86249606445,-382798.4702942298,150.56643362102096,-149.9155044259893,11,414.2409195180856,1.528938460803196,False
2942.89,RADAR_A,RADAR_A-T8835,PGT549U,317565.3998767605,-382882.78999673895,159.20117495988208,-144.82069091596597,13,437.32196274376446,0.8743393107950702,False
2944.9,RADAR_A,RADAR_A-T8835,PGT549U,317473.8400763149,-383626.8022524151,156.76344508223445,-145.76842637432802,14,436.3420749962199,0.6611880635625048,False
2945.91,RADAR_A,RADAR_A-T9639,HEDEF_3_MANEVRA,317645.00495722017,5672.708384714235,363.1112833233579,145.44981217155905,9,320.24591488935204,2.6736220001334834,False
2946.97,RADAR_B,RADAR_B-T7528,HEDEF_3_MANEVRA,317440.76962173206,6100.883505873906,368.3267002214336,96.16750402305533,6,438.4165265741681,6.1825125572116635,False
2947.62,RADAR_A,RADAR_A-T2256,HEDEF_2,-28376.917040526234,-383632.41364631936,-154.7904807615356,-145.9869161685835,12,342.8426006063773,1.1562054316023351,False
2948.0,RADAR_C,RADAR_C-T5162,HEDEF_3_MANEVRA,317455.59702235466,5674.662304043028,370.0345309986378,108.23094527342653,5,559.06074620588,8.1756070113073,False
2948.22,RADAR_A,RADAR_A-T9639,HEDEF_3_MANEVRA,317559.7926572214,6390.8362137501435,392.1398491699576,137.77170665715713,11,291.9229711663271,1.528938460803196,False
2950.75,RADAR_A,RADAR_A-T9404,PGT549U,318133.297642309,-384809.0142700782,152.13556816079438,-150.8959723062476,12,441.102758255367,1.1562054316023351,False
2952.03,RADAR_B,RADAR_B-T7528,HEDEF_3_MANEVRA,317518.6689632455,6790.997846347329,430.94922414164364,146.80025420330443,8,315.55394937912274,3.5355339059327378,False
2953.07,RADAR_A,RADAR_A-T1227,HEDEF_2,-29725.19234111423,-384429.3338472057,-162.8303094631589,-144.77548295432635,12,343.58009164648104,1.1562054316023351,False
2953.7,RADAR_B,RADAR_B-T8297,HEDEF_2,-28813.67962138392,-384127.7039575242,-143.75925329419275,-147.50812958260315,8,399.335004524936,3.5355339059327378,False
2955.8,RADAR_A,RADAR_A-T6098,HEDEF_3_MANEVRA,317516.64049709967,7129.490064980717,483.0238744587793,138.44537609413214,11,291.8113730390148,1.528938460803196,False
2956.73,RADAR_A,RADAR_A-SC62965,STATIC_CLUTTER,-331700.9929492379,-102080.08730407082,0.3569491559123246,-0.4216526150900124,1,1500.0,25.0,True
2957.58,RADAR_B,RADAR_B-T7528,HEDEF_3_MANEVRA,317137.06155787554,7438.2582038599385,495.1518569747817,177.53178325111017,7,365.0104694554472,4.6753056338464924,False
2957.88,RADAR_A,RADAR_A-T6098,HEDEF_3_MANEVRA,317279.8555204176,7359.362441076722,504.9039453454589,144.05105387522983,11,291.78122788841256,1.528938460803196,False
2960.42,RADAR_B,RADAR_B-T8297,HEDEF_2,-30470.50988701114,-385395.0445424656,-152.07647324590394,-146.9956301738073,11,351.54141013294606,1.528938460803196,False
2961.53,RADAR_B,RADAR_B-T8284,PGT549U,319725.9416949125,-386026.1409388152,162.15281664535928,-139.7214504282555,9,437.87970248096804,2.6736220001334834,False
2961.76,RADAR_A,RADAR_A-T7581,HEDEF_2,-30506.83023813939,-385717.9247740005,-154.12820002283604,-146.32781584158687,12,344.75808139148364,1.1562054316023351,False
2962.7,RADAR_A,RADAR_A-T6428,HEDEF_3_MANEVRA,317368.5484411861,8174.414923843283,562.9244578941559,141.0627828246008,11,291.71259659915626,1.528938460803196,False
2963.13,RADAR_B,RADAR_B-SC46433,STATIC_CLUTTER,-343940.1034268311,108133.16716917287,0.16998336400430938,-0.31597068130787975,2,1134.321747974356,18.905362466239264,True
2964.34,RADAR_A,RADAR_A-T6428,HEDEF_3_MANEVRA,317405.2255110061,8565.305998563306,581.5713527852563,125.81488021652595,9,320.0014453845876,2.6736220001334834,False
2965.63,RADAR_B,RADAR_B-T3810,HEDEF_3_MANEVRA,316976.19213348726,8826.202795160272,591.4947886871602,168.8784363193966,7,364.9489578519596,4.6753056338464924,False
2965.89,RADAR_B,RADAR_B-T8297,HEDEF_2,-31168.18535907202,-386255.5470524654,-161.55441989397355,-143.01985939098262,12,347.2019981964792,1.1562054316023351,False
2966.99,RADAR_A,RADAR_A-T3093,HEDEF_2,-31383.89269031254,-386650.1923814615,-148.87200124768216,-146.64241280895493,12,345.4698517296767,1.1562054316023351,False
2967.03,RADAR_A,RADAR_A-T6428,HEDEF_3_MANEVRA,317228.0089810081,9360.151143741767,615.3998711171357,148.49652266732713,10,302.26041849463394,2.021831720409404,False
2967.54,RADAR_B,RADAR_B-T8284,PGT549U,321217.14173665433,-386580.8307684718,147.30955733745404,-154.55347412416575,8,460.3242989965458,3.5355339059327378,False
2968.96,RADAR_A,RADAR_A-T6428,HEDEF_3_MANEVRA,317057.29307224916,8821.192609969146,640.9643146566669,135.64715820560295,9,319.94285682209323,2.6736220001334834,False
2970.39,RADAR_C,RADAR_C-T1405,HEDEF_3_MANEVRA,317493.239398425,9403.052938082044,639.2697340161196,121.27118442316973,7,387.4725519447214,4.6753056338464924,False
2971.12,RADAR_A,RADAR_A-T6428,HEDEF_3_MANEVRA,316953.43306986266,9277.197356958222,663.8874536465966,138.21313734568974,9,319.9159608216291,2.6736220001334834,False
2971.48,RADAR_B,RADAR_B-T3810,HEDEF_3_MANEVRA,317026.33481036464,9564.337082381304,660.5310447545186,172.1424491875803,7,364.9061902190757,4.6753056338464924,False
2972.21,RADAR_A,RADAR_A-T3433,HEDEF_2,-32226.76861491709,-387321.21210560465,-156.30231730034328,-146.197830743306,14,341.47077708391333,0.6611880635625048,False
2972.71,RADAR_B,RADAR_B-SC55470,STATIC_CLUTTER,100607.07931487536,207808.39248341834,-0.2372379499732729,0.12054101798643456,2,1134.321747974356,18.905362466239264,True
2973.29,RADAR_A,RADAR_A-T6428,HEDEF_3_MANEVRA,316806.5649778168,10059.143967647702,691.5176083355396,147.1140230377618,10,302.1778010079831,2.021831720409404,False
2973.33,RADAR_B,RADAR_B-T8284,PGT549U,321998.50908622163,-387425.9467046425,169.66750549211375,-137.0216571924018,11,419.735677560082,1.528938460803196,False
2975.69,RADAR_B,RADAR_B-T3810,HEDEF_3_MANEVRA,316696.4772169512,10270.252210828672,713.4205311672804,134.2113891229051,9,283.15704503102546,2.6736220001334834,False
2975.99,RADAR_A,RADAR_A-T6428,HEDEF_3_MANEVRA,317250.2814500399,10168.596083343316,704.9656062488968,145.24402258770291,11,291.7998112125761,1.528938460803196,False
2976.49,RADAR_B,RADAR_B-T1132,HEDEF_2,-32604.314626966407,-387989.1055978883,-153.36364049048422,-146.64548153008514,11,353.92183646748794,1.528938460803196,False
2976.82,RADAR_A,RADAR_A-T5195,HEDEF_2,-32824.14710190299,-387952.62061957706,-156.79291347466386,-145.28909958790476,14,342.0970685901593,0.6611880635625048,False
2977.92,RADAR_A,RADAR_A-T6428,HEDEF_3_MANEVRA,318059.81651517726,10918.054736841937,678.2657096850933,126.77131969073326,10,303.1023194116438,2.021831720409404,False
2978.57,RADAR_A,RADAR_A-T5195,HEDEF_2,-33137.21995751679,-388271.67899036733,-155.05918980386815,-145.56075087742977,13,344.04333178736334,0.8743393107950702,False
2979.07,RADAR_B,RADAR_B-T8284,PGT549U,322814.2457493289,-388168.15995845234,170.13524698853837,-136.23687526647296,11,420.74673779929265,1.528938460803196,False
2979.25,RADAR_C,RADAR_C-T1405,HEDEF_3_MANEVRA,319073.08470586996,10456.987767993538,673.6906930565439,169.2416187944615,4,701.8796050150617,10.811227536508623,False
2980.15,RADAR_A,RADAR_A-T6428,HEDEF_3_MANEVRA,319307.1719991444,11459.413187897428,647.5622289769068,142.05043423826606,10,303.9119810204386,2.021831720409404,False
2980.26,RADAR_A,RADAR_A-T5195,HEDEF_2,-33170.88302652639,-388552.85160174395,-158.93977368582554,-144.71340838802388,13,344.2646215458707,0.8743393107950702,False
2984.8,RADAR_B,RADAR_B-T3319,HEDEF_3_MANEVRA,321459.7354843831,11887.437543853384,592.6845154571229,145.27763542055936,7,367.1785084935683,4.6753056338464924,False
2985.48,RADAR_A,RADAR_A-T2990,HEDEF_3_MANEVRA,321555.54652885825,11635.19790102458,572.6661606167497,140.91234769148193,11,295.36876107065706,1.528938460803196,False
2987.8,RADAR_A,RADAR_A-T2990,HEDEF_3_MANEVRA,322594.3062696679,11902.52448841642,538.0082848146402,141.7024546890321,10,306.6895312681977,2.021831720409404,False
2988.11,RADAR_B,RADAR_B-T9021,HEDEF_2,-34653.69526948046,-389510.3045748449,-158.86376925244667,-148.32012342636435,8,403.7575029513505,3.5355339059327378,False
2990.0,RADAR_A,RADAR_A-T8290,HEDEF_2,-34816.077476166625,-389994.2349709043,-158.77121362963004,-145.09087196249047,12,348.5072813069186,1.1562054316023351,False
2990.33,RADAR_A,RADAR_A-T2990,HEDEF_3_MANEVRA,323743.57525160135,12359.832403050556,503.5876100408923,137.33163154658223,9,325.02706145005857,2.6736220001334834,False
2992.63,RADAR_A,RADAR_A-T8290,HEDEF_2,-35820.11657226261,-390157.0374889445,-163.03763266189276,-144.39644069839233,13,345.88380448218425,0.8743393107950702,False
2993.64,RADAR_A,RADAR_A-T2990,HEDEF_3_MANEVRA,325240.3765329063,12811.172347545462,461.77222158104195,147.4180083668076,10,308.8169520942472,2.021831720409404,False
2994.91,RADAR_A,RADAR_A-T2990,HEDEF_3_MANEVRA,325725.20077014936,12571.396692409806,437.8904305852273,145.09628110862326,11,298.92121363200783,1.528938460803196,False
2995.08,RADAR_A,RADAR_A-T8290,HEDEF_2,-35627.088105548115,-390431.92759760877,-159.15608807971904,-144.78027304129313,13,346.2043568147296,0.8743393107950702,False
2995.91,RADAR_B,RADAR_B-T5351,HEDEF_2,-35829.495243616235,-390518.9703043136,-165.45730577223947,-144.28309323639206,9,380.19442278570745,2.6736220001334834,False
2997.26,RADAR_A,RADAR_A-T2990,HEDEF_3_MANEVRA,326866.4922823266,12967.628964775426,406.88368326028433,143.5325974228684,11,299.80939064220433,1.528938460803196,False
2997.77,RADAR_A,RADAR_A-T8290,HEDEF_2,-36292.44905310344,-390885.9323946064,-156.15421077712054,-145.12727797570204,14,344.853734632259,0.6611880635625048,False
2998.78,RADAR_B,RADAR_B-T3022,HEDEF_3_MANEVRA,327610.55483672663,12924.863982037397,394.83665297911176,131.52637272754123,6,443.1783533457445,6.1825125572116635,False
2999.67,RADAR_A,RADAR_A-SC62965,STATIC_CLUTTER,-331737.11393605196,-102071.9817175532,0.22141478494577604,-0.03413219263223637,4,648.6736521905174,10.811227536508623,True
2999.79,RADAR_A,RADAR_A-T2990,HEDEF_3_MANEVRA,328037.7856366006,13605.246600363014,374.2563668519515,138.6980910811476,11,300.76482160885314,1.528938460803196,False
3001.0,RADAR_A,RADAR_A-T8290,HEDEF_2,-37141.590496124125,-391362.0306019252,-161.1375805365524,-145.42721002802364,14,345.2808134666,0.6611880635625048,False
3001.72,RADAR_B,RADAR_B-T5351,HEDEF_2,-36910.83697387118,-391308.73841566424,-160.78536125560979,-145.2438973854729,12,352.45041379397156,1.1562054316023351,False
3002.03,RADAR_A,RADAR_A-T2990,HEDEF_3_MANEVRA,329048.6011712778,13522.193675408585,342.3089870983831,136.3460283328432,11,301.610225511121,1.528938460803196,False
3002.75,RADAR_B,RADAR_B-T3022,HEDEF_3_MANEVRA,329182.8140183299,13759.307409127628,342.20706589284583,104.33302777905298,6,444.0474280941175,6.1825125572116635,False
3003.02,RADAR_A,RADAR_A-T8290,HEDEF_2,-36638.79829526318,-391616.27682419744,-161.36693401715556,-145.36309136467233,13,347.24903542246557,0.8743393107950702,False
3005.43,RADAR_A,RADAR_A-T8290,HEDEF_2,-36480.608448402694,-392014.7732980902,-158.2093564004204,-145.8852049685828,14,345.86758483284507,0.6611880635625048,False
3005.85,RADAR_A,RADAR_A-T4992,HEDEF_3_MANEVRA,330811.2015449228,14609.74774339983,291.20193771529546,144.9560288087035,10,313.2765131641987,2.021831720409404,False
3006.95,RADAR_C,RADAR_C-T6690,HEDEF_2,-38155.56729888922,-391259.9019623734,-128.67553407437666,-161.9217433021209,5,631.1071355832454,8.1756070113073,False
3007.02,RADAR_B,RADAR_B-T6348,PGT549U,327371.40847502876,-392131.76562766754,157.09609042354168,-145.19140539659023,10,432.9799070491698,2.021831720409404,False
3008.0,RADAR_A,RADAR_A-T8290,HEDEF_2,-38035.90940809892,-392176.7218230398,-154.88612817648263,-145.69760561863535,12,350.8540147312854,1.1562054316023351,False
3008.95,RADAR_A,RADAR_A-T4992,HEDEF_3_MANEVRA,331983.44792404614,15172.218161781131,247.62025468347068,158.94327830644173,11,304.2278067149576,1.528938460803196,False
3010.61,RADAR_A,RADAR_A-T8290,HEDEF_2,-38556.41905392351,-392640.00954324275,-162.31848262487776,-144.02767053797444,12,351.1955318591668,1.1562054316023351,False
3014.0,RADAR_A,RADAR_A-T6451,HEDEF_3_MANEVRA,334454.82503181376,15471.802174194623,179.70458732414423,160.9749033809339,9,333.2243567239975,2.6736220001334834,False
3014.95,RADAR_B,RADAR_B-SC69319,STATIC_CLUTTER,389149.0072058637,-173888.82664799248,0.5583172999903707,0.2509455770177568,1,1500.0,25.0,True
3014.95,RADAR_B,RADAR_B-SC46433,STATIC_CLUTTER,-343905.67629361025,108082.18022134503,-0.17792409547893567,-0.4779264983976167,2,1134.321747974356,18.905362466239264,True
3016.32,RADAR_A,RADAR_A-T6017,HEDEF_2,-38962.332118599305,-393509.87155261944,-162.36211589864436,-144.10436013853922,12,351.9450856499358,1.1562054316023351,False
3016.63,RADAR_A,RADAR_A-T6451,HEDEF_3_MANEVRA,335440.6657436255,15745.045448868601,140.68625985990565,137.32246229073147,11,307.1362385921006,1.528938460803196,False
3017.36,RADAR_A,RADAR_A-CL46117,CLUTTER,332533.7341575847,282146.16479924414,1.2316699923929535,0.018054086414344483,7,280.51833803078955,4.6753056338464924,True
3017.62,RADAR_B,RADAR_B-T8977,HEDEF_3_MANEVRA,335812.39621663955,16035.7425919206,137.79302490515207,135.22361358730961,8,327.8857403767729,3.5355339059327378,False
3019.44,RADAR_B,RADAR_B-T4924,PGT549U,329731.43350625946,-393713.5552971906,161.40476791968422,-145.82223984715185,9,447.6006407255985,2.6736220001334834,False
3020.2,RADAR_B,RADAR_B-SC69319,STATIC_CLUTTER,389193.18402274954,-173891.98791104875,0.4324175389257936,0.39760551848509385,1,1500.0,25.0,True
3020.3,RADAR_A,RADAR_A-SC14575,STATIC_CLUTTER,-336600.04538718937,-43816.437850622424,-0.49253983406677926,-0.11706139993572597,1,1500.0,25.0,True
3022.22,RADAR_B,RADAR_B-T5461,HEDEF_2,-40318.737019692235,-394187.79418979643,-161.54137097384958,-142.95264812054432,11,360.47041762521116,1.528938460803196,False
3022.51,RADAR_A,RADAR_A-T9025,HEDEF_3_MANEVRA,338261.2883479699,16423.640438106944,59.82488967802388,137.62313754380543,10,319.38693897802193,2.021831720409404,False
3023.94,RADAR_B,RADAR_B-T4924,PGT549U,330286.48243888945,-394188.7104814297,166.07096703347463,-147.02552543311353,8,469.34863601093303,3.5355339059327378,False
3024.01,RADAR_A,RADAR_A-T8140,HEDEF_2,-40164.98897875709,-394478.1759790756,-153.99409279594263,-146.3904599154778,12,352.95446084994967,1.1562054316023351,False
3024.85,RADAR_A,RADAR_A-T9025,HEDEF_3_MANEVRA,339162.0514036572,17167.42620104026,26.539101552589,136.47125267907228,10,320.2474918197623,2.021831720409404,False
3025.73,RADAR_B,RADAR_B-T7923,HEDEF_3_MANEVRA,340398.0995593115,17487.038367754107,6.240025681894489,89.57426679350772,5,552.0570494882951,8.1756070113073,False
3027.09,RADAR_A,RADAR_A-T8140,HEDEF_2,-41133.23689751813,-394919.5551275098,-160.155416784314,-145.3536238219701,13,350.43255827813175,0.8743393107950702,False
3028.03,RADAR_A,RADAR_A-T9025,HEDEF_3_MANEVRA,340719.731033045,17727.7407937968,-19.68068619986159,140.72968148105997,10,321.41756826673486,2.021831720409404,False
3029.34,RADAR_A,RADAR_A-T8140,HEDEF_2,-41688.58513143594,-395186.97651005123,-164.8223885083101,-145.2062399877492,14,349.047823577756,0.6611880635625048,False
3036.09,RADAR_B,RADAR_B-T5238,HEDEF_3_MANEVRA,344167.573087743,18830.464185977857,-119.76068351402026,135.78018938904845,9,303.2998299620516,2.6736220001334834,False
3037.16,RADAR_A,RADAR_A-T4990,HEDEF_2,-42785.52976894352,-396334.4523308241,-165.01189286194176,-146.9432921205323,13,351.7734947776083,0.8743393107950702,False
3038.88,RADAR_A,RADAR_A-T4990,HEDEF_2,-42973.90498926193,-396517.5621554861,-164.93047606853688,-144.42947446519355,14,350.33203807919756,0.6611880635625048,False
3038.94,RADAR_A,RADAR_A-T8835,HEDEF_3_MANEVRA,345178.6808631333,19364.769989696935,-171.71810757629854,133.37235705504614,9,341.5984447793578,2.6736220001334834,False
3041.54,RADAR_A,RADAR_A-T4990,HEDEF_2,-43971.3274438823,-396893.9733255078,-161.66724538901576,-142.58506247944797,13,352.39813628139575,0.8743393107950702,False
3041.78,RADAR_C,RADAR_C-SC05477,STATIC_CLUTTER,55134.031624330906,53307.83819070603,-0.2106993886456193,-0.16385164337441355,2,1134.321747974356,18.905362466239264,True
3043.03,RADAR_B,RADAR_B-T4163,PGT549U,333701.65979235416,-396679.64022263355,157.29336422716193,-143.70802808866932,9,451.6170373711339,2.6736220001334834,False
3043.45,RADAR_A,RADAR_A-T4990,HEDEF_2,-43949.914449063304,-397228.5735382673,-163.27207759740418,-146.27081310939462,12,355.5855459502772,1.1562054316023351,False
3043.72,RADAR_B,RADAR_B-SC46433,STATIC_CLUTTER,-343928.749351806,108157.82026500178,0.16475216070477483,0.1799018839691892,2,1134.321747974356,18.905362466239264,True
3045.17,RADAR_B,RADAR_B-T5356,HEDEF_2,-44255.029269955885,-397274.0800075578,-181.1017314458101,-140.59149307054827,9,386.9372848909417,2.6736220001334834,False
3046.76,RADAR_A,RADAR_A-T5936,HEDEF_3_MANEVRA,343136.6783056476,20110.00678864958,-296.8691987376432,148.16300864348983,11,313.5611381906556,1.528938460803196,False
3046.97,RADAR_B,RADAR_B-T3318,HEDEF_3_MANEVRA,343171.9682695548,20672.68250269268,-294.75296107975356,117.88484251250462,6,451.1068481854981,6.1825125572116635,False
3049.2,RADAR_B,RADAR_B-T5356,HEDEF_2,-44882.014809198496,-397894.5392787303,-170.88507437858226,-141.9096108265583,10,373.0507131828441,2.021831720409404,False
3050.71,RADAR_A,RADAR_A-T2654,HEDEF_2,-44497.43335981809,-398411.2421747024,-166.21038194509205,-141.68162920719058,13,353.73817644218957,0.8743393107950702,False
3051.15,RADAR_A,RADAR_A-T1279,HEDEF_3_MANEVRA,341860.0197164441,21140.13238283503,-371.13208001659217,142.0192455995839,10,322.5434994752785,2.021831720409404,False
3052.89,RADAR_B,RADAR_B-T3267,HEDEF_3_MANEVRA,341325.8619281513,21267.812423297833,-375.83450777735845,131.98248423198584,9,301.4819724768443,2.6736220001334834,False
3053.18,RADAR_A,RADAR_A-T2654,HEDEF_2,-45756.23455372133,-398698.494456304,-167.6767193676749,-141.63789943188948,13,354.07282405625847,0.8743393107950702,False
3055.41,RADAR_B,RADAR_B-T3203,PGT549U,335005.8720604184,-398897.7165528544,153.39116992333936,-145.2810361431067,8,474.5600284708562,3.5355339059327378,False
3055.67,RADAR_C,RADAR_C-T3404,HEDEF_2,-45681.90282088147,-398715.00346564176,-171.4654719630462,-141.91438055408432,9,434.5941319578838,2.6736220001334834,False
3056.59,RADAR_A,RADAR_A-T9927,HEDEF_3_MANEVRA,339655.2467371313,21713.58710500908,-409.4470650811815,141.8426841910953,9,337.5195028618854,2.6736220001334834,False
3057.01,RADAR_B,RADAR_B-T3267,HEDEF_3_MANEVRA,339246.8831844841,21481.06557362248,-409.06945000434996,165.47036102787905,5,552.3149957231032,8.1756070113073,False
3057.66,RADAR_A,RADAR_A-T7633,HEDEF_2,-45839.96164831792,-399357.4640631448,-159.81311376817695,-142.90634839010656,12,357.5556099052028,1.1562054316023351,False
3059.89,RADAR_B,RADAR_B-T8977,HEDEF_2,-45473.9600858015,-399539.95444542967,-168.74294138866708,-137.63527841310406,8,413.02985667992607,3.5355339059327378,False
3060.26,RADAR_A,RADAR_A-T7633,HEDEF_2,-46319.518206276785,-399651.00634526263,-159.2573191082461,-143.81278591198517,14,353.34782410480176,0.6611880635625048,False
3062.4,RADAR_B,RADAR_B-T3267,HEDEF_3_MANEVRA,339474.2901521002,22158.953930832588,-416.56919600041635,144.79557175568874,7,377.82103309621266,4.6753056338464924,False
3065.68,RADAR_B,RADAR_B-SC55470,STATIC_CLUTTER,100556.14346021667,207777.34133860288,-0.19548999366849373,0.3136153469841444,4,648.6736521905174,10.811227536508623,True
3065.81,RADAR_B,RADAR_B-T7896,PGT549U,336925.5330515101,-400295.7187040554,158.94218221145118,-144.28043986063417,11,436.12756054550135,1.528938460803196,False
3067.37,RADAR_A,RADAR_A-T9492,HEDEF_2,-47363.409322626525,-400659.3068652054,-155.9287302104899,-143.25044148532612,14,354.33299717282324,0.6611880635625048,False
3069.94,RADAR_B,RADAR_B-T3267,HEDEF_3_MANEVRA,339645.9282963328,23423.212684778155,-381.3468778808585,141.87902558653255,9,300.2588992799244,2.6736220001334834,False
3070.39,RADAR_A,RADAR_A-T1026,HEDEF_3_MANEVRA,339496.65582905547,24072.019092577044,-379.25109235677184,149.94091093437984,10,320.8414588397628,2.021831720409404,False
3071.7,RADAR_B,RADAR_B-T7896,PGT549U,337584.1378969378,-401513.93183875,163.87335714049252,-141.2396555442516,11,437.1753798210322,1.528938460803196,False
3072.43,RADAR_A,RADAR_A-T2218,HEDEF_2,-48072.26148927033,-401337.33541605616,-160.43273851967908,-143.13393432103524,13,356.6910685322211,0.8743393107950702,False
3073.19,RADAR_A,RADAR_A-T1026,HEDEF_3_MANEVRA,339933.6665207934,24530.080995254742,-370.39129179359423,141.03477241251352,9,337.8014029487715,2.6736220001334834,False
3075.58,RADAR_A,RADAR_A-T2218,HEDEF_2,-48569.630286908614,-401953.21719956095,-164.29030937630532,-142.26068229009488,13,357.12782115366025,0.8743393107950702,False
3075.76,RADAR_B,RADAR_B-T5056,HEDEF_2,-48982.83348692024,-401866.6310977272,-168.50755343742915,-140.12317661560547,8,415.12506385111453,3.5355339059327378,False
3077.6,RADAR_A,RADAR_A-T2218,HEDEF_2,-48326.87999971048,-402256.11483933136,-165.73532452758315,-141.3725134369052,14,355.7545949445569,0.6611880635625048,False
3078.45,RADAR_C,RADAR_C-SC05477,STATIC_CLUTTER,55139.51663289193,53288.04151654802,-0.11477872420217909,0.469933945489225,4,648.6736521905174,10.811227536508623,True
3078.49,RADAR_A,RADAR_A-T6136,HEDEF_3_MANEVRA,340348.19634588493,24446.040997023665,-343.1451712906555,140.08987902669227,11,311.58122679404113,1.528938460803196,False
3079.8,RADAR_A,RADAR_A-SC14575,STATIC_CLUTTER,-336575.7891383429,-43848.24238666137,-0.5335940033084022,-0.3517714785434431,2,1134.321747974356,18.905362466239264,True
3080.37,RADAR_B,RADAR_B-T5056,HEDEF_2,-49797.15039046428,-402360.99157996615,-158.88393789728391,-143.10495374817842,12,364.20999261941694,1.1562054316023351,False
3080.59,RADAR_A,RADAR_A-T2218,HEDEF_2,-49319.40254639628,-402591.6576673014,-162.70614764852115,-143.10631886359477,12,360.68821605465655,1.1562054316023351,False
3082.06,RADAR_A,RADAR_A-T2218,HEDEF_2,-49688.05437999835,-402828.9842770311,-159.64380046855828,-143.34689067601997,13,358.0252519642803,0.8743393107950702,False
3082.19,RADAR_B,RADAR_B-T7472,PGT549U,339537.1518927963,-402811.9349648204,154.3114030138898,-148.91329533635647,11,439.04488763026313,1.528938460803196,False
3083.01,RADAR_A,RADAR_A-T9890,HEDEF_3_MANEVRA,340818.4256152908,24486.805044469595,-322.58426326371716,136.42686107513262,11,311.98062430382987,1.528938460803196,False
3083.93,RADAR_C,RADAR_C-T9980,HEDEF_3_MANEVRA,340847.9457754514,25301.24217934486,-312.4670233612486,187.32665926274757,7,400.50642859660775,4.6753056338464924,False
3084.88,RADAR_B,RADAR_B-T5462,HEDEF_3_MANEVRA,341229.2391430915,25684.173782160127,-306.05680324770765,136.93642775112488,5,552.9697134618646,8.1756070113073,False
3087.37,RADAR_A,RADAR_A-SC62965,STATIC_CLUTTER,-331715.65364308155,-102047.9103573295,0.3549515149772973,-0.6428803655452723,3,857.790551951732,14.296509199195533,True
3088.41,RADAR_A,RADAR_A-T7899,HEDEF_2,-50344.37528127811,-403732.76582731487,-154.5416241458895,-145.09543810516166,13,358.90649313624755,0.8743393107950702,False
3088.68,RADAR_A,RADAR_A-T2613,HEDEF_3_MANEVRA,341490.24529953016,25990.875702099474,-299.4396752253118,148.27688854262024,11,312.48339155501367,1.528938460803196,False
3089.6,RADAR_B,RADAR_B-T5462,HEDEF_3_MANEVRA,341079.3782480706,26497.05258594687,-297.8042237484038,179.19217878512578,5,553.1795608579799,8.1756070113073,False
3091.35,RADAR_B,RADAR_B-T2980,PGT549U,341622.9387918355,-403725.3168226877,158.92234257692454,-140.97936770541457,8,480.39563405155906,3.5355339059327378,False
3091.51,RADAR_A,RADAR_A-T2613,HEDEF_3_MANEVRA,341510.80524231057,27087.81708014929,-283.7913529241673,133.8972942699641,9,339.2946699058439,2.6736220001334834,False
3093.87,RADAR_A,RADAR_A-T2613,HEDEF_3_MANEVRA,341694.6782703882,26593.76822801955,-273.8532375299266,138.14652135400914,10,322.8538342086183,2.021831720409404,False
3093.99,RADAR_A,RADAR_A-T3612,HEDEF_2,-52040.33418223525,-404431.3574976626,-161.05893795152514,-142.05995932106384,14,358.0418851137794,0.6611880635625048,False
3094.07,RADAR_B,RADAR_B-T1531,HEDEF_2,-51185.01902929688,-404564.48414107185,-173.00061626332814,-139.59445734714913,12,366.28611729584725,1.1562054316023351,False
3095.03,RADAR_B,RADAR_B-T5462,HEDEF_3_MANEVRA,342162.72810688254,27330.612464406644,-262.61975524450907,114.51756222308158,5,553.4219716108547,8.1756070113073,False
3096.39,RADAR_A,RADAR_A-T2613,HEDEF_3_MANEVRA,342087.7049757354,27596.692505118473,-265.0617956420581,146.30186561282767,11,313.16823881093444,1.528938460803196,False
3096.71,RADAR_B,RADAR_B-T1531,HEDEF_2,-51974.02615869591,-404774.4012030627,-166.7739548903909,-140.6574866872898,11,371.56729474796,1.528938460803196,False
3097.73,RADAR_C,RADAR_C-T2771,HEDEF_2,-51873.15550699291,-405507.7143299944,-147.19761433760763,-147.93641129226685,7,496.6527525531303,4.6753056338464924,False
3099.52,RADAR_A,RADAR_A-T2613,HEDEF_3_MANEVRA,342612.85968964134,27803.14169537058,-249.0158449676656,137.68834411784462,9,339.95201463352123,2.6736220001334834,False
3101.19,RADAR_B,RADAR_B-T4439,PGT549U,343234.6932697048,-405566.7979675529,162.47674983273296,-142.48067084026445,8,482.0045541723333,3.5355339059327378,False
3101.88,RADAR_A,RADAR_A-SC62965,STATIC_CLUTTER,-331751.6716983602,-102065.03067194417,-0.011303124068680663,0.221736772687706,2,1134.321747974356,18.905362466239264,True
3102.13,RADAR_A,RADAR_A-T2613,HEDEF_3_MANEVRA,342530.0707364157,28109.825653704913,-237.5029331159654,143.5832395283512,10,323.5677446148671,2.021831720409404,False
3104.12,RADAR_B,RADAR_B-T7517,HEDEF_3_MANEVRA,342140.42425789294,28396.85942299588,-242.23586041700472,102.43961137445163,5,553.8300960715659,8.1756070113073,False
3104.69,RADAR_A,RADAR_A-T2613,HEDEF_3_MANEVRA,342752.80848483735,28657.34879507871,-226.07821881865272,133.90707360777358,10,323.7897889608148,2.021831720409404,False
3104.89,RADAR_B,RADAR_B-T4439,PGT549U,343283.02928322565,-405970.85926049185,135.24220735108983,-156.4449697067509,8,482.610646409023,3.5355339059327378,False
3105.62,RADAR_A,RADAR_A-T1307,HEDEF_2,-52941.49213355571,-406217.48563433666,-156.28146319718832,-144.59769356219817,13,361.30453367952106,0.8743393107950702,False
3107.58,RADAR_A,RADAR_A-T2613,HEDEF_3_MANEVRA,343188.65726818744,28739.180599407355,-212.2739507585432,157.31432940197294,9,340.61675056422376,2.6736220001334834,False
3110.35,RADAR_A,RADAR_A-T2613,HEDEF_3_MANEVRA,343433.939846567,29114.297210886583,-198.70433967128778,134.05759753697964,10,324.2814344028711,2.021831720409404,False
3111.32,RADAR_A,RADAR_A-T3081,HEDEF_2,-54186.168398215654,-406879.7478325951,-160.7770365235863,-142.62943363125547,12,364.9354282019784,1.1562054316023351,False
3111.72,RADAR_B,RADAR_B-T4439,PGT549U,345007.5272820471,-406455.02180463163,163.53768172743048,-142.6405239888658,11,444.30759486420766,1.528938460803196,False
3111.72,RADAR_B,RADAR_B-T9518,HEDEF_3_MANEVRA,343019.08030151186,29394.607908965987,-187.08264746330033,173.7429769784178,5,554.1736754551084,8.1756070113073,False
3112.54,RADAR_A,RADAR_A-T2613,HEDEF_3_MANEVRA,343612.4746189467,29471.13534515176,-191.98377947843161,143.1146843366186,11,314.6135743151028,1.528938460803196,False
3116.16,RADAR_A,RADAR_A-SC14575,STATIC_CLUTTER,-336582.1927113277,-43813.94566226363,-0.19735216085803853,0.10393363491015474,2,1134.321747974356,18.905362466239264,True
3116.16,RADAR_A,RADAR_A-T2868,HEDEF_2,-55311.759629250024,-407514.4352464622,-154.07914726366113,-142.62054807947226,12,365.60940114768505,1.1562054316023351,False
3117.19,RADAR_B,RADAR_B-T9518,HEDEF_3_MANEVRA,343961.20469468005,30567.526398807775,-170.49374687730983,112.01999589039549,8,334.30221500157296,3.5355339059327378,False
3117.78,RADAR_B,RADAR_B-T4439,PGT549U,345325.6621341431,-407883.71128333436,162.01811933868447,-139.53856411231112,10,452.40705745035154,2.021831720409404,False
3118.16,RADAR_A,RADAR_A-T5825,HEDEF_3_MANEVRA,344202.5440684749,30728.773088003345,-168.25108142978726,157.01046505028393,9,341.49451089120583,2.6736220001334834,False
3118.5,RADAR_A,RADAR_A-T2868,HEDEF_2,-55492.23259845872,-407936.03531996,-161.92729062277553,-141.35865171876196,14,361.48131028770416,0.6611880635625048,False
3120.81,RADAR_B,RADAR_B-T3348,HEDEF_2,-55934.31510271973,-408149.9082107436,-154.1361800599532,-143.63625598706236,9,397.59836136763806,2.6736220001334834,False
3120.88,RADAR_A,RADAR_A-T5825,HEDEF_3_MANEVRA,344324.89477813034,30940.24856788929,-153.15453972697392,139.03284361486453,11,315.36469411171043,1.528938460803196,False
3122.96,RADAR_A,RADAR_A-T5825,HEDEF_3_MANEVRA,344418.4861798805,30892.102155198627,-141.63658301795215,142.0166549672155,9,341.89395504921293,2.6736220001334834,False
3123.19,RADAR_B,RADAR_B-T9518,HEDEF_3_MANEVRA,344026.7644353584,31164.98893776482,-152.8306223738423,157.79286151525093,5,554.6961631532081,8.1756070113073,False
3124.31,RADAR_A,RADAR_A-T6863,HEDEF_2,-56967.3697122213,-408742.2841539314,-158.8130223109623,-142.3918387266253,14,362.3012929574692,0.6611880635625048,False
3125.17,RADAR_A,RADAR_A-T5825,HEDEF_3_MANEVRA,344979.0854524562,31928.32079384151,-138.89621729122803,151.12054294111076,10,325.57629848443185,2.021831720409404,False
3125.47,RADAR_B,RADAR_B-SC46433,STATIC_CLUTTER,-343936.4885591403,108121.68703132635,1.1384362571420221,0.394573371098404,1,1500.0,25.0,True
3125.94,RADAR_B,RADAR_B-T3348,HEDEF_2,-56330.68282125845,-409127.9221340563,-164.0467170761655,-141.34845778101422,10,384.2491683207931,2.021831720409404,False
3126.72,RADAR_A,RADAR_A-T6863,HEDEF_2,-56498.661512135084,-409177.5090508196,-156.71053866227334,-142.41864045771808,12,367.0797912985181,1.1562054316023351,False
3126.88,RADAR_A,RADAR_A-T5825,HEDEF_3_MANEVRA,345118.65544569504,31779.454233396173,-126.74050039141854,151.43441900341185,10,325.7264666591827,2.021831720409404,False
3128.03,RADAR_B,RADAR_B-T9518,HEDEF_3_MANEVRA,345166.8995454167,31832.49081381914,-128.66922992211678,157.1299263105488,5,554.9180386201774,8.1756070113073,False
3129.49,RADAR_A,RADAR_A-T6863,HEDEF_2,-56631.82572117115,-409638.8215524664,-155.59639147953473,-142.54141580153686,13,364.6516062718518,0.8743393107950702,False
3131.01,RADAR_A,RADAR_A-SC14575,STATIC_CLUTTER,-336582.66288361565,-43808.16898444331,0.2802927282553332,0.6241417372493943,1,1500.0,25.0,True
3131.41,RADAR_A,RADAR_A-T6863,HEDEF_2,-57481.83147023591,-409754.76313337946,-165.12071164010322,-140.81217896747552,14,363.3045714337339,0.6611880635625048,False
3132.12,RADAR_A,RADAR_A-T4119,HEDEF_3_MANEVRA,345431.7498647846,32127.04055650549,-105.15525105841259,141.39518194682563,10,326.18629089566446,2.021831720409404,False
3133.52,RADAR_B,RADAR_B-T9518,HEDEF_3_MANEVRA,344963.8936402756,32338.22512352126,-106.12389805492305,192.64023625377624,5,555.1710409877543,8.1756070113073,False
3134.19,RADAR_A,RADAR_A-T4119,HEDEF_3_MANEVRA,345891.91968136554,32977.85734281061,-99.22713113989472,148.51218990390498,9,342.83293600791717,2.6736220001334834,False
3136.56,RADAR_B,RADAR_B-T4830,HEDEF_2,-57925.38217759546,-410602.49160935904,-160.72349868984563,-140.02955618287234,12,372.76227720579,1.1562054316023351,False
3137.09,RADAR_A,RADAR_A-T4119,HEDEF_3_MANEVRA,345995.8078508922,33345.2733875352,-82.79084544359823,147.47062015758775,11,316.8332433433314,1.528938460803196,False
3139.22,RADAR_C,RADAR_C-T3885,HEDEF_2,-59219.01712729419,-410807.6242504931,-157.70990275047953,-145.75274594775294,8,466.7818095619743,3.5355339059327378,False
3142.39,RADAR_A,RADAR_A-T2430,HEDEF_2,-59584.86695889573,-411241.9345660615,-159.5432920214912,-140.97341470180052,14,364.8593117749582,0.6611880635625048,False
3144.66,RADAR_B,RADAR_B-T8560,HEDEF_2,-59537.14153361417,-411741.5873720246,-149.24826697912502,-141.49371092694292,8,424.34188383223403,3.5355339059327378,False
3145.42,RADAR_A,RADAR_A-T9030,HEDEF_3_MANEVRA,346951.4077744015,33825.760434722855,-42.332547152886235,136.71690748904854,10,327.3613677196483,2.021831720409404,False
3146.91,RADAR_A,RADAR_A-T5271,HEDEF_2,-59722.0425547021,-412050.05786335503,-163.45938897020181,-142.3844751875901,12,369.9046724871781,1.1562054316023351,False
3148.97,RADAR_C,RADAR_C-T3885,HEDEF_2,-59571.197725552025,-412295.43674225244,-223.45824548690692,-132.71986043404053,5,643.9594915943738,8.1756070113073,False
3149.39,RADAR_A,RADAR_A-T4707,HEDEF_3_MANEVRA,347210.6506677052,34777.24181050019,-27.87891800206549,127.41237021316581,10,327.71313445863206,2.021831720409404,False
3149.62,RADAR_A,RADAR_A-T5271,HEDEF_2,-60671.92257698337,-412329.04414674843,-164.00146338899214,-141.53211929185417,13,367.49299954831724,0.8743393107950702,False
3151.39,RADAR_B,RADAR_B-T1842,HEDEF_3_MANEVRA,347119.3257514145,35024.14764819361,-20.115079127697214,132.78912250317265,9,306.9935987372214,2.6736220001334834,False
3151.64,RADAR_A,RADAR_A-T5271,HEDEF_2,-61395.046598699344,-412589.58837048674,-157.34484258584226,-142.4082553547643,14,366.1736103088303,0.6611880635625048,False
3152.16,RADAR_A,RADAR_A-T4707,HEDEF_3_MANEVRA,347494.7197145337,35114.34120011029,-16.294006622232242,124.88955683518469,10,327.95957333356,2.021831720409404,False
3153.87,RADAR_A,RADAR_A-T5271,HEDEF_2,-61211.60639584425,-413029.2265268131,-159.23116477587087,-141.65214416058575,12,370.88231311308056,1.1562054316023351,False
3154.55,RADAR_B,RADAR_B-SC55470,STATIC_CLUTTER,100558.98006640628,207822.84235831,0.4201028706453398,-0.22282192537760978,1,1500.0,25.0,True
3154.98,RADAR_B,RADAR_B-T8459,HEDEF_2,-61668.982430719494,-412951.20149826916,-143.3866034508685,-148.91905668639342,8,425.73969557664395,3.5355339059327378,False
3155.06,RADAR_A,RADAR_A-T4707,HEDEF_3_MANEVRA,347769.78856914997,35802.45358699437,2.1981658062024767,128.03997195710375,9,344.59259298762987,2.6736220001334834,False
3156.06,RADAR_A,RADAR_A-T5271,HEDEF_2,-60951.55010723649,-413382.66130057856,-160.59567835201887,-141.47496935923877,13,368.4045688696168,0.8743393107950702,False
3156.67,RADAR_B,RADAR_B-T1842,HEDEF_3_MANEVRA,347895.23678352905,35477.397030257285,0.4183477008097789,123.52488983197658,7,384.0275584413259,4.6753056338464924,False
3157.99,RADAR_A,RADAR_A-T4707,HEDEF_3_MANEVRA,348013.25558681437,35911.787337198766,10.247867567128548,149.07377178984535,11,318.74305999778073,1.528938460803196,False
3158.74,RADAR_A,RADAR_A-T5271,HEDEF_2,-61416.65795545578,-413826.63755779277,-161.77586061862362,-140.92684304008284,13,368.7844374669387,0.8743393107950702,False
3160.13,RADAR_A,RADAR_A-T4707,HEDEF_3_MANEVRA,348122.63986801414,36655.073427641204,23.026337888668365,143.89520517453553,10,328.6686711841639,2.021831720409404,False
3161.24,RADAR_A,RADAR_A-T5271,HEDEF_2,-61908.667094356504,-414119.77312386525,-158.77639028259023,-141.51295396909484,12,371.92087043486316,1.1562054316023351,False
3164.48,RADAR_B,RADAR_B-T2865,HEDEF_2,-62853.455755007366,-414379.3640876363,-157.30187861108982,-141.62145642513804,12,377.04881219380724,1.1562054316023351,False
3165.13,RADAR_B,RADAR_B-T8250,HEDEF_3_MANEVRA,348606.4144666465,36823.546639635715,36.21516555521897,155.22695867883712,9,308.1630010441287,2.6736220001334834,False
3166.79,RADAR_A,RADAR_A-T5322,HEDEF_2,-63438.74808904439,-414756.6119443134,-159.06828919768165,-141.74745135212183,13,369.9290351329004,0.8743393107950702,False
3169.39,RADAR_B,RADAR_B-T2865,HEDEF_2,-63502.29305005365,-415006.8807195088,-160.96189899922524,-141.82980298174914,12,377.8046216304644,1.1562054316023351,False
3169.52,RADAR_A,RADAR_A-T5322,HEDEF_2,-63454.82660762443,-415240.25949297246,-157.76027339387315,-141.46920954443925,13,370.3162317884337,0.8743393107950702,False
3169.71,RADAR_B,RADAR_B-T8250,HEDEF_3_MANEVRA,348695.5171049102,37316.38198100192,65.11020879382859,125.02652977001023,7,384.91891490853516,4.6753056338464924,False
3169.71,RADAR_C,RADAR_C-T6364,HEDEF_3_MANEVRA,348643.6466414951,36974.32432252489,46.80398014003434,164.71954214933567,3,906.1547848568393,14.296509199195533,False
3171.36,RADAR_C,RADAR_C-SC05477,STATIC_CLUTTER,55161.70870257113,53309.246984576705,0.5233342368199949,0.29009268020473117,2,1134.321747974356,18.905362466239264,True
3171.86,RADAR_A,RADAR_A-T5322,HEDEF_2,-64294.148959048965,-415426.6709304289,-152.81495256151572,-142.62599825235657,12,373.4188655795616,1.1562054316023351,False
3173.79,RADAR_A,RADAR_A-T1579,HEDEF_3_MANEVRA,349685.1604215731,38225.37483141051,82.1211294642465,148.68894234540772,10,329.8924177208451,2.021831720409404,False
3176.32,RADAR_A,RADAR_A-T1579,HEDEF_3_MANEVRA,349654.09672400414,38553.34611314745,94.72235409970652,141.99989316938004,9,346.4048091762585,2.6736220001334834,False
3177.78,RADAR_B,RADAR_B-T3498,HEDEF_3_MANEVRA,349122.3274355764,39003.43040483004,98.42219608113547,98.62466878537157,6,455.52706873744694,6.1825125572116635,False
3178.58,RADAR_A,RADAR_A-T1579,HEDEF_3_MANEVRA,349930.2361611359,38896.63436017891,104.08995425269387,131.00320133852279,9,346.59915831323,2.6736220001334834,False
3180.65,RADAR_C,RADAR_C-T6364,HEDEF_3_MANEVRA,349729.52721329726,39197.69026690813,105.26531507143676,135.68981920713395,5,571.3323962458976,8.1756070113073,False
3180.99,RADAR_A,RADAR_A-T1579,HEDEF_3_MANEVRA,350109.91096817417,39260.16511271399,110.94254125196966,150.99071178830442,11,320.86747810946713,1.528938460803196,False
3181.17,RADAR_A,RADAR_A-T7988,HEDEF_2,-65172.20023671468,-416994.6049623076,-161.3175661272073,-142.39154705174474,12,374.7373991258223,1.1562054316023351,False
3183.08,RADAR_B,RADAR_B-SC55470,STATIC_CLUTTER,100547.69816661546,207798.64140594707,0.088644151251125,0.008126780870296434,1,1500.0,25.0,True
3183.5,RADAR_A,RADAR_A-T7988,HEDEF_2,-66011.90799185351,-417228.2787177768,-160.17823372289965,-142.07153763311612,14,370.7243735123051,0.6611880635625048,False
3183.6,RADAR_B,RADAR_B-T3498,HEDEF_3_MANEVRA,350865.61991551484,39165.71873170514,122.36135953181083,141.26062388966602,6,455.8678311528745,6.1825125572116635,False
3184.68,RADAR_A,RADAR_A-T1579,HEDEF_3_MANEVRA,350615.45325198927,39587.4120097879,130.583104524679,143.39692801369063,11,321.2108841866346,1.528938460803196,False
3186.26,RADAR_B,RADAR_B-SC69319,STATIC_CLUTTER,389131.79635873844,-173897.7008764935,0.16502290063610245,0.18378956071539232,4,648.6736521905174,10.811227536508623,True
3186.64,RADAR_A,RADAR_A-T7988,HEDEF_2,-65834.137403728,-417741.9501339659,-155.11612031177023,-142.23881136422287,14,371.17460633574296,0.6611880635625048,False
3187.4,RADAR_A,RADAR_A-T1579,HEDEF_3_MANEVRA,350806.5010968873,40244.2620811608,143.91602513063057,135.90811075773152,10,331.11873985774827,2.021831720409404,False
3189.63,RADAR_A,RADAR_A-T7988,HEDEF_2,-67377.08829777854,-418032.5252609532,-154.24733013467105,-141.39233698777085,12,375.9368382117751,1.1562054316023351,False
3190.5,RADAR_A,RADAR_A-T1579,HEDEF_3_MANEVRA,351027.738264872,40771.927844059035,154.73787079774098,137.3677091105216,11,321.75294525618284,1.528938460803196,False
3190.6,RADAR_C,RADAR_C-T6364,HEDEF_3_MANEVRA,350613.16625240445,40975.01566429832,123.66618127651562,18.575159290838357,3,906.6657114802266,14.296509199195533,False
3190.73,RADAR_B,RADAR_B-T8671,HEDEF_3_MANEVRA,350995.8661888701,41184.73051768382,156.3860546679789,138.2969334408133,9,310.3657361509942,2.6736220001334834,False
3191.93,RADAR_B,RADAR_B-T4920,HEDEF_2,-67373.07759387093,-418444.220320089,-164.20964625578227,-143.8433039971356,9,407.7980929755423,2.6736220001334834,False
3193.62,RADAR_A,RADAR_A-T1579,HEDEF_3_MANEVRA,351215.71900110086,41143.963733948905,168.1540480201543,170.18875051486782,10,331.6821470727553,2.021831720409404,False
3195.1,RADAR_A,RADAR_A-T7805,HEDEF_2,-67874.20937645371,-418836.4454085931,-154.19533008057635,-142.38781711390243,14,372.39105055040454,0.6611880635625048,False
3196.52,RADAR_A,RADAR_A-T1579,HEDEF_3_MANEVRA,351615.18654122297,41772.2505866709,185.90172126133388,130.56525048601614,10,331.9454225538687,2.021831720409404,False
3197.61,RADAR_B,RADAR_B-T4920,HEDEF_2,-68250.67104319659,-419090.64937152714,-173.641796875458,-135.6911688621086,8,431.551480694397,3.5355339059327378,False
3199.04,RADAR_A,RADAR_A-T1579,HEDEF_3_MANEVRA,351898.73272286524,41404.4856697665,198.73454627106142,138.5330932790622,11,322.55100495035924,1.528938460803196,False
3199.9,RADAR_C,RADAR_C-T1567,HEDEF_2,-68131.27362403447,-419472.71008347487,-128.9463745293828,-143.91438761750425,6,563.8177229984927,6.1825125572116635,False
3200.78,RADAR_A,RADAR_A-T5305,HEDEF_2,-69361.87223874808,-419638.01023103605,-159.87199193403,-140.53498700130433,14,373.2093903904936,0.6611880635625048,False
3201.66,RADAR_A,RADAR_A-T1579,HEDEF_3_MANEVRA,352239.40294792625,41920.71343230313,204.29052946240796,133.87190430584684,9,348.59095623975276,2.6736220001334834,False
3203.64,RADAR_A,RADAR_A-T5305,HEDEF_2,-69193.64654619104,-420055.42538285657,-158.36228134584974,-139.502865124239,14,373.6216715887944,0.6611880635625048,False
3205.59,RADAR_B,RADAR_B-T6727,HEDEF_3_MANEVRA,351588.7192345663,43032.22869826884,225.87656714259836,152.05008163123694,5,558.5909590269196,8.1756070113073,False
3205.6,RADAR_A,RADAR_A-T5305,HEDEF_2,-70102.10581211385,-420199.18613619026,-157.99231629666588,-140.55717975801323,14,373.9042887819612,0.6611880635625048,False
3206.68,RADAR_A,RADAR_A-T2137,HEDEF_3_MANEVRA,352547.51207741856,42777.607298968294,226.89035413048765,140.993843547321,9,349.0276241616039,2.6736220001334834,False
3207.62,RADAR_B,RADAR_B-T8865,HEDEF_2,-70588.77086172567,-420360.4703469265,-165.45662834621095,-136.09482132028583,11,388.38153462646284,1.528938460803196,False
3208.46,RADAR_A,RADAR_A-T5305,HEDEF_2,-69603.61094822997,-420773.8678957374,-158.92743774405415,-140.95418485866466,14,374.3165147060144,0.6611880635625048,False
3208.89,RADAR_A,RADAR_A-T2137,HEDEF_3_MANEVRA,352795.6363597818,43436.53748929664,237.91482310870504,137.78450475881505,11,323.47519228571906,1.528938460803196,False
3211.38,RADAR_A,RADAR_A-T2137,HEDEF_3_MANEVRA,353104.9006631329,43010.36568244391,249.71112204867183,140.6722291185303,11,323.7100930692247,1.528938460803196,False
3213.16,RADAR_C,RADAR_C-T4764,HEDEF_3_MANEVRA,353193.6036204823,43785.294584897194,247.7518998622641,129.08947330096433,7,407.3702495793655,4.6753056338464924,False
3213.28,RADAR_B,RADAR_B-T8865,HEDEF_2,-70520.49650637545,-421443.3406998349,-162.56931208446855,-138.9207803819529,9,410.8933033644567,2.6736220001334834,False
3213.55,RADAR_B,RADAR_B-SC55470,STATIC_CLUTTER,100569.82921646124,207826.42842785537,0.7861404947114804,0.12667588528350945,1,1500.0,25.0,True
3214.13,RADAR_A,RADAR_A-T9218,HEDEF_2,-70416.19908841293,-421588.4079797576,-160.16759683090115,-139.94402919759455,13,376.7036900393496,0.8743393107950702,False
3214.3,RADAR_A,RADAR_A-SC62965,STATIC_CLUTTER,-331734.19452628423,-102038.4701742018,0.20736877225321698,-0.016022693886738784,4,648.6736521905174,10.811227536508623,True
3214.32,RADAR_B,RADAR_B-T3402,HEDEF_3_MANEVRA,353540.32782620314,44038.54521227751,258.84209966719607,164.35084003368934,7,388.0275105017855,4.6753056338464924,False
3216.41,RADAR_A,RADAR_A-T9218,HEDEF_2,-71347.2717247963,-421887.0202852896,-160.00534948228696,-140.1696230776148,14,375.46689436790666,0.6611880635625048,False
3216.77,RADAR_A,RADAR_A-T8243,HEDEF_3_MANEVRA,353896.24794996233,44064.81112767308,277.2093600375651,131.70107400995255,9,349.9078309954521,2.6736220001334834,False
3219.69,RADAR_A,RADAR_A-T8243,HEDEF_3_MANEVRA,354037.09770993236,44797.54345061637,285.65569290848293,136.55427528809327,9,350.1628199705077,2.6736220001334834,False
3222.59,RADAR_A,RADAR_A-T8243,HEDEF_3_MANEVRA,354135.50811586034,44300.532863174565,296.4931025035431,130.15825329256296,9,350.417509158448,2.6736220001334834,False
3224.58,RADAR_C,RADAR_C-T8266,HEDEF_2,-72698.15312259013,-422863.31478504965,-158.95852528872734,-151.4391273972715,6,566.5454086129079,6.1825125572116635,False
3224.82,RADAR_B,RADAR_B-T5949,HEDEF_2,-72653.11246711605,-422899.0020381521,-154.73522437080248,-147.03251262991344,8,435.297532118619,3.5355339059327378,False
3225.02,RADAR_C,RADAR_C-T4764,HEDEF_3_MANEVRA,354756.3610531311,45300.516130085976,312.86284589566816,171.3704957226701,7,408.0397653608142,4.6753056338464924,False
3225.1,RADAR_A,RADAR_A-T8243,HEDEF_3_MANEVRA,354460.79996713804,45256.09803475559,313.268230334778,138.01086400119857,10,334.5584280562681,2.021831720409404,False
3226.75,RADAR_B,RADAR_B-T2883,HEDEF_3_MANEVRA,354211.32491114654,45507.57685361621,315.69440145198405,151.18292690917264,5,559.6300495633419,8.1756070113073,False
3228.91,RADAR_B,RADAR_B-SC69319,STATIC_CLUTTER,389209.8329073836,-173890.44562084076,0.4801745649542571,0.4039238235441377,2,1134.321747974356,18.905362466239264,True
3228.91,RADAR_B,RADAR_B-SC55470,STATIC_CLUTTER,100567.94874233764,207835.95116554887,0.25341450567987467,0.549714875351992,3,857.790551951732,14.296509199195533,True
3229.23,RADAR_A,RADAR_A-T2213,HEDEF_2,-73170.36768880194,-423472.35610494483,-149.27244718190855,-144.1309084788726,10,394.35539716091256,2.021831720409404,False
3231.64,RADAR_A,RADAR_A-T2213,HEDEF_2,-73651.89670928607,-424004.57816649566,-137.96728471484968,-146.8399980501133,9,408.40874418681733,2.6736220001334834,False
3232.32,RADAR_B,RADAR_B-T2883,HEDEF_3_MANEVRA,355025.90346818836,46827.63285861889,341.2414471901144,149.8145127766045,6,458.77424376042944,6.1825125572116635,False
3234.26,RADAR_B,RADAR_B-T4734,HEDEF_2,-73908.76499487928,-424787.03941332235,-178.48626345510303,-129.66789773739535,8,436.6028693793465,3.5355339059327378,False
3234.52,RADAR_A,RADAR_A-T2213,HEDEF_2,-75183.36952997491,-424192.8290721372,-134.2364269165363,-144.19690519981614,9,408.79631591240326,2.6736220001334834,False
3236.07,RADAR_A,RADAR_A-T5582,HEDEF_3_MANEVRA,355428.78150216903,47219.98060880712,357.7355237731354,158.18381681679892,9,351.60309389209715,2.6736220001334834,False
3237.43,RADAR_C,RADAR_C-T4764,HEDEF_3_MANEVRA,356039.9650528352,47283.487355015546,353.49837272984706,153.34740864470814,4,713.5558039323964,10.811227536508623,False
3237.67,RADAR_B,RADAR_B-T4734,HEDEF_2,-74900.60372315286,-424696.7370150067,-165.82402145375238,-140.11016955942347,8,437.07434997028884,3.5355339059327378,False
3240.11,RADAR_B,RADAR_B-T5780,HEDEF_3_MANEVRA,355967.10746348446,47884.10711144667,378.8561364904367,124.57761130095156,9,314.7036091976171,2.6736220001334834,False
3241.22,RADAR_A,RADAR_A-T8981,HEDEF_3_MANEVRA,355948.2827012225,47572.83408705632,378.8993534237868,152.14484294208444,9,352.0584105989466,2.6736220001334834,False
3243.98,RADAR_A,RADAR_A-T8981,HEDEF_3_MANEVRA,355976.81815525645,48399.868109211115,397.68881561508596,136.65909854073712,10,336.302392234108,2.021831720409404,False
3244.24,RADAR_B,RADAR_B-T5780,HEDEF_3_MANEVRA,356685.47901423264,48634.57570741433,387.34112183627917,136.24612826085348,7,390.16199570838234,4.6753056338464924,False
3244.82,RADAR_A,RADAR_A-T9897,HEDEF_2,-74674.00235599728,-425960.3365743072,-159.2646768034797,-144.63438251925092,9,410.18211035788687,2.6736220001334834,False
3245.65,RADAR_B,RADAR_B-T7866,HEDEF_2,-75570.79830288613,-426513.79895637825,-140.36536672107135,-146.05101198691014,9,415.6169753334827,2.6736220001334834,False
3247.49,RADAR_A,RADAR_A-T9897,HEDEF_2,-75994.05875839428,-426423.958409407,-151.89550301297294,-138.20010322612913,11,388.87907108291694,1.528938460803196,False
3247.97,RADAR_B,RADAR_B-T5780,HEDEF_3_MANEVRA,356706.371599845,48792.24037390234,411.81625292798617,140.00030274881334,7,390.4309023295834,4.6753056338464924,False
3249.28,RADAR_B,RADAR_B-SC55470,STATIC_CLUTTER,100572.80293460313,207796.42849099284,-0.8686780358069983,0.21005643497841944,3,857.790551951732,14.296509199195533,True
3250.48,RADAR_A,RADAR_A-T9897,HEDEF_2,-76844.57394940853,-426738.7741282281,-161.08736923786094,-141.33452339438134,10,397.31538260507926,2.021831720409404,False
3252.26,RADAR_A,RADAR_A-T6665,HEDEF_3_MANEVRA,356986.99455871107,49539.16410752574,432.5232779560793,141.52571215867505,10,337.0723728484956,2.021831720409404,False
3253.21,RADAR_A,RADAR_A-T9897,HEDEF_2,-76737.61438437844,-427204.5353168524,-153.25593338832732,-138.73839887232072,11,389.6948173515658,1.528938460803196,False
3253.52,RADAR_B,RADAR_B-T1868,HEDEF_2,-77429.8631084165,-427460.3933355126,-154.76166995714053,-148.18629824821457,6,534.3860224971511,6.1825125572116635,False
3255.89,RADAR_A,RADAR_A-T9897,HEDEF_2,-77222.16557887344,-427470.7310939988,-132.3812870119714,-143.7504916632888,9,411.67800815954564,2.6736220001334834,False
3257.21,RADAR_A,RADAR_A-T8144,HEDEF_3_MANEVRA,357512.3715454946,50043.87197046085,455.06409560590083,143.7919756590188,11,328.06822371797324,1.528938460803196,False
3257.31,RADAR_B,RADAR_B-T2004,HEDEF_3_MANEVRA,357136.61039089505,49899.02530369759,455.8463263445386,122.1654258340331,9,316.2407625801494,2.6736220001334834,False
3257.54,RADAR_A,RADAR_A-SC14575,STATIC_CLUTTER,-336623.4909922452,-43800.91825832724,-0.9657245540357767,0.4299020321525338,3,857.790551951732,14.296509199195533,True
3258.79,RADAR_B,RADAR_B-T1868,HEDEF_2,-78123.91993478627,-428009.10912647477,-143.15078947366004,-141.57257793331897,7,476.75938880552394,4.6753056338464924,False
3258.94,RADAR_C,RADAR_C-T5944,HEDEF_3_MANEVRA,357726.5505813668,50180.24437304552,451.068504252317,111.29360140824085,7,409.9928289559541,4.6753056338464924,False
3259.28,RADAR_A,RADAR_A-T9897,HEDEF_2,-78544.90253869267,-427705.1644339953,-161.4129630298974,-137.71852236482127,10,398.546550391998,2.021831720409404,False
3259.69,RADAR_A,RADAR_A-T8144,HEDEF_3_MANEVRA,357619.50453741767,50723.31215465282,465.77076681309586,139.6405978627719,11,328.30670030832175,1.528938460803196,False
3261.88,RADAR_A,RADAR_A-T8144,HEDEF_3_MANEVRA,357965.6477294264,50723.628707275006,478.08521425918985,129.63341825842673,10,337.9700531751137,2.021831720409404,False
3262.1,RADAR_B,RADAR_B-T2004,HEDEF_3_MANEVRA,357675.5667224208,51081.28220739766,467.31260299290454,159.39406797181397,8,345.75532567935437,3.5355339059327378,False
3263.76,RADAR_B,RADAR_B-T1868,HEDEF_2,-78884.75714238992,-428987.9290417837,-136.33037635693327,-138.42471902808532,5,624.3754084287765,8.1756070113073,False
3263.89,RADAR_A,RADAR_A-T8144,HEDEF_3_MANEVRA,358126.8205751883,51091.949001893954,485.09003014856614,130.64641368039642,11,328.71089522102943,1.528938460803196,False
3264.37,RADAR_C,RADAR_C-T5944,HEDEF_3_MANEVRA,359195.21809322387,51009.74412320872,481.2059608070897,83.92789973076097,3,908.552995933803,14.296509199195533,False
3266.7,RADAR_B,RADAR_B-T2004,HEDEF_3_MANEVRA,357892.8419562491,51626.169784646234,496.0901725122075,140.12966755981387,8,346.13517800480963,3.5355339059327378,False
3266.98,RADAR_A,RADAR_A-T5475,HEDEF_2,-79190.74006219552,-428998.3149663305,-152.18144207713567,-142.35687974096624,11,391.6636514846674,1.528938460803196,False
3267.79,RADAR_B,RADAR_B-T1868,HEDEF_2,-79607.57371267921,-428319.80553275003,-150.74262406985142,-139.76366711170417,7,477.9177660964388,4.6753056338464924,False
3270.13,RADAR_A,RADAR_A-SC14575,STATIC_CLUTTER,-336620.6368400902,-43823.77977636539,0.6660005387662438,-0.22509679817002792,4,648.6736521905174,10.811227536508623,True
3271.24,RADAR_C,RADAR_C-T2129,HEDEF_2,-79449.62087024351,-429493.72661975445,-171.71635078087965,-139.84547369844196,5,655.6981545016671,8.1756070113073,False
3272.93,RADAR_B,RADAR_B-T2004,HEDEF_3_MANEVRA,358903.26288259396,52155.5749177115,528.0256013825034,83.34152534341177,6,461.27146825564967,6.1825125572116635,False
3274.11,RADAR_A,RADAR_A-T8545,HEDEF_3_MANEVRA,359140.0078405494,52271.07791381552,531.4529363343216,146.13524318672012,10,339.11706032147964,2.021831720409404,False
3274.59,RADAR_A,RADAR_A-T4571,HEDEF_2,-80281.20628784268,-430090.46343023406,-157.17376646525548,-142.520027138034,11,392.75418425248677,1.528938460803196,False
3275.4,RADAR_B,RADAR_B-T4242,HEDEF_2,-80365.91954869963,-430437.02003346547,-133.31312276670445,-147.18509533250688,7,478.89988734119106,4.6753056338464924,False
3275.86,RADAR_B,RADAR_B-SC55470,STATIC_CLUTTER,100547.38758054082,207756.0488029358,-0.008495882025767806,-0.3187687431895184,4,648.6736521905174,10.811227536508623,True
3276.91,RADAR_A,RADAR_A-T4571,HEDEF_2,-80804.32626267019,-430486.2208834663,-158.52412058673315,-141.99578001266084,10,401.0214160235742,2.021831720409404,False
3277.11,RADAR_A,RADAR_A-T8545,HEDEF_3_MANEVRA,359183.1106102696,52927.26135953784,541.0913897813039,139.92637896905146,11,329.98702056811175,1.528938460803196,False
3277.8,RADAR_B,RADAR_B-T2004,HEDEF_3_MANEVRA,359336.83606225136,53083.61937172734,543.2840436125036,145.2387941480929,8,347.0570124950601,3.5355339059327378,False
3279.26,RADAR_A,RADAR_A-T4571,HEDEF_2,-80879.75247283986,-430867.35425895086,-158.31213734515077,-147.09093975157919,12,388.8155363662524,1.1562054316023351,False
3284.91,RADAR_A,RADAR_A-T2463,HEDEF_2,-81637.2872932484,-431669.256754492,-152.77734900094143,-154.56428300327747,9,415.6655734661001,2.6736220001334834,False
3285.87,RADAR_B,RADAR_B-SC55470,STATIC_CLUTTER,100538.14057382016,207784.3642479571,0.572716024863458,0.37637477479571885,1,1500.0,25.0,True
3286.44,RADAR_B,RADAR_B-T3572,HEDEF_3_MANEVRA,364557.87954853335,54595.04002295898,701.0207021899201,134.0919566975254,6,464.48721098104556,6.1825125572116635,False
3287.67,RADAR_B,RADAR_B-T4728,HEDEF_2,-83238.60998620375,-431726.17710690934,-154.16228601044745,-159.89465648041545,8,444.1432536774857,3.5355339059327378,False
3287.91,RADAR_A,RADAR_A-T6169,HEDEF_3_MANEVRA,366163.64473882125,53865.235143539954,685.5242463835324,137.75117947858195,9,360.66603577182184,2.6736220001334834,False
3289.42,RADAR_B,RADAR_B-SC55470,STATIC_CLUTTER,100561.62957705319,207781.28907035443,-0.9469747154162351,0.5836458338128732,2,1134.321747974356,18.905362466239264,True
3290.07,RADAR_A,RADAR_A-T6169,HEDEF_3_MANEVRA,367422.11450946203,54932.7607384935,667.6783435245076,144.1168878443371,10,346.24359773697705,2.021831720409404,False
3292.81,RADAR_B,RADAR_B-T4728,HEDEF_2,-83880.32959696112,-432410.5992948481,-176.0875717002964,-151.88157864507122,9,422.660340828188,2.6736220001334834,False
3293.2,RADAR_A,RADAR_A-T6169,HEDEF_3_MANEVRA,369554.1185981657,55485.2620988326,644.3222113359548,156.9835511621815,9,363.45804711376167,2.6736220001334834,False
3295.1,RADAR_B,RADAR_B-T4874,HEDEF_3_MANEVRA,370723.3579011549,55531.696766410765,634.1540962189944,161.2981488254211,8,355.010993241481,3.5355339059327378,False
3296.29,RADAR_A,RADAR_A-T6169,HEDEF_3_MANEVRA,371732.37149694585,55746.155194083476,625.8672055204286,152.73330775379,11,340.5486065582747,1.528938460803196,False
3297.66,RADAR_B,RADAR_B-T4728,HEDEF_2,-84624.58580533559,-433676.65177636844,-180.53964264621936,-149.3685829300865,8,445.5536595388984,3.5355339059327378,False
3298.86,RADAR_A,RADAR_A-T6169,HEDEF_3_MANEVRA,373311.3281762277,56382.80156689414,603.9213349021094,155.38190956098686,9,366.44755406393506,2.6736220001334834,False
3299.65,RADAR_B,RADAR_B-T4874,HEDEF_3_MANEVRA,374326.5755922271,56136.107331744184,594.8122536110418,172.88079334184934,5,568.5015550121271,8.1756070113073,False
3301.04,RADAR_A,RADAR_A-T7032,HEDEF_2,-84850.4070120267,-433997.81933362427,-170.28196139869019,-154.44063755217405,12,392.1070742424329,1.1562054316023351,False
3302.26,RADAR_A,RADAR_A-T6169,HEDEF_3_MANEVRA,375654.3790679161,56495.43892194257,582.37366988468,161.89795477783224,11,343.9320864341639,1.528938460803196,False
3303.44,RADAR_B,RADAR_B-T4728,HEDEF_2,-84263.8790261614,-434551.76462886465,-166.356125974668,-155.14281132265694,12,398.8254005509917,1.1562054316023351,False
3304.21,RADAR_B,RADAR_B-SC55470,STATIC_CLUTTER,100524.07010397858,207799.4211622522,0.5959645438898428,0.4872360485163216,1,1500.0,25.0,True
3304.28,RADAR_A,RADAR_A-T7032,HEDEF_2,-84916.71617672086,-434621.7091380393,-162.5070371327066,-154.96365739352967,13,389.9508414300177,0.8743393107950702,False
3306.68,RADAR_A,RADAR_A-T7024,HEDEF_3_MANEVRA,378516.62719468906,57854.274288535686,552.1317612696937,143.65587220510923,9,370.5918818150027,2.6736220001334834,False
3307.61,RADAR_B,RADAR_B-T4728,HEDEF_2,-86064.29297828279,-434862.1936810714,-167.6807910364807,-151.34907754299206,10,411.6951282128713,2.021831720409404,False
3309.7,RADAR_B,RADAR_B-T3693,HEDEF_3_MANEVRA,380197.7264468613,57625.03745433035,519.6222420511299,186.7316140632021,6,472.87730059788277,6.1825125572116635,False
3310.18,RADAR_B,RADAR_B-T4728,HEDEF_2,-86506.77608187607,-435051.3090813548,-161.71394661149444,-156.7798053092907,9,425.24850353410005,2.6736220001334834,False
3311.0,RADAR_A,RADAR_A-T7241,HEDEF_2,-85964.2773852936,-435601.2274002716,-171.3006928262024,-155.3560742504273,14,389.4389669554863,0.6611880635625048,False
3313.3,RADAR_B,RADAR_B-T3693,HEDEF_3_MANEVRA,382209.05139354896,58147.69053579217,510.1416709535185,165.0938054546295,5,572.6125148911257,8.1756070113073,False
3313.43,RADAR_A,RADAR_A-T7241,HEDEF_2,-86552.7754164737,-435833.5192953869,-169.19967698052795,-155.13518437114135,13,391.3087818214525,0.8743393107950702,False
3314.97,RADAR_B,RADAR_B-T4728,HEDEF_2,-87076.95937037401,-435753.9336183903,-169.61026492747712,-156.14640905545852,11,405.1258715895286,1.528938460803196,False
3316.94,RADAR_A,RADAR_A-T7286,HEDEF_3_MANEVRA,385454.994319017,58586.619486425196,483.59966971947625,147.35976166456925,11,352.2716420751462,1.528938460803196,False
3318.99,RADAR_B,RADAR_B-T4728,HEDEF_2,-87219.48797312436,-436760.73929915816,-174.19607810131083,-153.90321168942364,11,405.75764744505796,1.528938460803196,False
3319.61,RADAR_B,RADAR_B-T3693,HEDEF_3_MANEVRA,386687.7951371962,59227.35073362106,467.5950045730646,160.73583840033027,8,366.7045505208563,3.5355339059327378,False
3321.24,RADAR_C,RADAR_C-T5075,HEDEF_3_MANEVRA,387825.0887245615,59676.53444747658,471.4568721476743,241.79010565265534,4,725.5001433624303,10.811227536508623,False
3321.88,RADAR_A,RADAR_A-T9740,HEDEF_3_MANEVRA,388467.71265187033,59525.65472459343,448.60250754972,158.92319497775316,11,355.080596114696,1.528938460803196,False
3323.25,RADAR_A,RADAR_A-T4867,HEDEF_2,-88253.84377893788,-437237.73862928234,-165.45868280813076,-155.6247920497096,12,395.38390524589977,1.1562054316023351,False
3323.61,RADAR_A,RADAR_A-T9740,HEDEF_3_MANEVRA,389709.0129807501,60077.21640881736,434.55849547724097,157.31069400373653,11,356.0646730783162,1.528938460803196,False
3324.97,RADAR_B,RADAR_B-T3693,HEDEF_3_MANEVRA,390698.1572683922,59581.721316327115,421.4026547100921,166.82344280551342,6,478.51380134099065,6.1825125572116635,False
3325.34,RADAR_A,RADAR_A-T9740,HEDEF_3_MANEVRA,390820.1822132703,60062.54974975995,418.28655192291615,151.43189026111133,9,380.5248575958947,2.6736220001334834,False
3325.66,RADAR_A,RADAR_A-T4867,HEDEF_2,-88573.2287204124,-437669.1766824173,-176.07834571572974,-156.45900938429486,13,393.1280306384081,0.8743393107950702,False
3327.57,RADAR_A,RADAR_A-T4867,HEDEF_2,-89211.65764136807,-437751.67557391,-176.84351310543167,-156.12853576172347,12,396.0240206049131,1.1562054316023351,False
3328.01,RADAR_A,RADAR_A-T9740,HEDEF_3_MANEVRA,392708.96113957895,60336.00867483426,405.5595384736062,156.80767398264192,10,367.2496352318508,2.021831720409404,False
3329.43,RADAR_C,RADAR_C-T5075,HEDEF_3_MANEVRA,392998.6323865226,59981.74451009264,411.9717133144105,192.00118901170674,7,432.8463991036695,4.6753056338464924,False
3330.21,RADAR_B,RADAR_B-T3693,HEDEF_3_MANEVRA,392627.32332723145,60230.51471155026,398.7027130087811,139.09260388335184,9,344.2767818750093,2.6736220001334834,False
3330.27,RADAR_A,RADAR_A-T9740,HEDEF_3_MANEVRA,392908.2403918256,60016.700095049244,398.90949534049525,163.71043078560862,11,358.8337045880195,1.528938460803196,False
3331.59,RADAR_A,RADAR_A-T4248,HEDEF_2,-89904.02076960294,-438471.4377298245,-166.95636480835836,-155.9377682737598,12,396.62246890455873,1.1562054316023351,False
3332.59,RADAR_A,RADAR_A-T9740,HEDEF_3_MANEVRA,392770.4507187861,60996.06108001646,397.06086328038157,159.7432232797574,11,358.9546344518784,1.528938460803196,False
3334.14,RADAR_B,RADAR_B-T8352,HEDEF_2,-90426.47365087311,-438639.4390003309,-177.35800034476864,-151.5466387724253,11,408.14835929016925,1.528938460803196,False
3334.25,RADAR_A,RADAR_A-T4248,HEDEF_2,-89966.74739374826,-438967.46316394076,-169.53841047086814,-152.48318209104525,12,397.0191054039429,1.1562054316023351,False
3334.36,RADAR_B,RADAR_B-T3693,HEDEF_3_MANEVRA,392928.62772362964,61229.56594535785,400.91900651504903,152.23720143137135,9,344.49057381916435,2.6736220001334834,False
3334.95,RADAR_A,RADAR_A-T9740,HEDEF_3_MANEVRA,393086.64379943954,62051.54221027853,387.9331939819542,166.71362801858155,11,359.0776594703013,1.528938460803196,False
3337.37,RADAR_A,RADAR_A-T9740,HEDEF_3_MANEVRA,393091.407326414,61201.68225642368,390.28323240921696,160.05451954748267,11,359.20421566177595,1.528938460803196,False
3338.51,RADAR_A,RADAR_A-T6990,HEDEF_2,-90544.1715263288,-439378.62123226555,-172.55558769680997,-155.23615121100806,12,397.65668556557523,1.1562054316023351,False
3339.37,RADAR_B,RADAR_B-T8352,HEDEF_2,-90660.91582769493,-439468.091527667,-166.16121196476206,-155.2774242872812,10,416.6088412212371,2.021831720409404,False
3340.35,RADAR_A,RADAR_A-T6990,HEDEF_2,-90930.87704512133,-439750.7349283266,-171.80236268474482,-156.7288995661047,14,393.84054596118887,0.6611880635625048,False
3342.05,RADAR_A,RADAR_A-T3184,HEDEF_3_MANEVRA,393338.4943883154,61673.94996052684,383.6816406350514,155.32990165235992,10,368.1098665027449,2.021831720409404,False
3342.93,RADAR_A,RADAR_A-T6990,HEDEF_2,-91513.16314086337,-440080.4179691526,-169.50325756670912,-155.82215365497308,13,395.72159119547314,0.8743393107950702,False
3343.1,RADAR_B,RADAR_B-SC69319,STATIC_CLUTTER,389153.51794673246,-173870.86428745041,-0.3460848989414899,1.0169021003214893,4,648.6736521905174,10.811227536508623,True
3344.04,RADAR_B,RADAR_B-T4852,HEDEF_3_MANEVRA,393369.60075740446,62939.093642911335,387.12486984238063,139.288493435549,7,414.699911750719,4.6753056338464924,False
3346.58,RADAR_A,RADAR_A-T8298,HEDEF_3_MANEVRA,393467.36125085375,63502.46388831897,378.22712853634,152.29337529264362,9,383.0062699674876,2.6736220001334834,False
3347.87,RADAR_A,RADAR_A-T7831,HEDEF_2,-92633.60065395312,-440692.8558215468,-168.63844059407234,-156.8279182372895,12,399.05620246241676,1.1562054316023351,False
3350.34,RADAR_B,RADAR_B-T4852,HEDEF_3_MANEVRA,393448.7181910743,63618.63976055325,368.9478636907628,151.56468644031042,9,345.3199352487813,2.6736220001334834,False
3350.74,RADAR_A,RADAR_A-T7831,HEDEF_2,-93060.06333005338,-441032.57635614625,-173.62576811720825,-152.20454986024149,13,396.8998535786863,0.8743393107950702,False
3351.97,RADAR_A,RADAR_A-T4821,HEDEF_3_MANEVRA,393891.8292083928,63583.73985864019,366.6285843157058,156.12020872264844,9,383.2735158050319,2.6736220001334834,False
3352.05,RADAR_B,RADAR_B-T6341,HEDEF_2,-93198.91476284062,-440990.12072159385,-156.83010637434256,-159.86361847384654,9,431.5476070659057,2.6736220001334834,False
3353.7,RADAR_A,RADAR_A-T7831,HEDEF_2,-92844.40437440957,-441670.4846619506,-169.15259609163462,-154.69507705127745,14,395.86054120939065,0.6611880635625048,False
3354.69,RADAR_A,RADAR_A-T4821,HEDEF_3_MANEVRA,393786.6018095538,64206.547145582605,357.1581910542288,159.23149123174002,11,360.1171580662974,1.528938460803196,False
3355.95,RADAR_C,RADAR_C-SC05477,STATIC_CLUTTER,55148.00589694303,53302.81347538622,-0.34836184352596117,0.21231457515097535,4,648.6736521905174,10.811227536508623,True
3356.1,RADAR_A,RADAR_A-T7831,HEDEF_2,-93366.96923216956,-442000.36402472307,-171.9547599945735,-155.70884510666988,13,397.709146735373,0.8743393107950702,False
3357.13,RADAR_A,RADAR_A-SC62965,STATIC_CLUTTER,-331733.60143217497,-102061.69265096118,0.40038064509882915,0.5776147859593754,4,648.6736521905174,10.811227536508623,True
3358.71,RADAR_A,RADAR_A-T7831,HEDEF_2,-93523.07967117404,-442423.92685644433,-169.145245066978,-155.16109448747673,12,400.68298127162234,1.1562054316023351,False
3361.11,RADAR_C,RADAR_C-T2991,HEDEF_3_MANEVRA,393398.23615235364,65352.48699095371,349.1277858399116,175.26526015002327,6,497.03518673548734,6.1825125572116635,False
3361.45,RADAR_B,RADAR_B-T9529,HEDEF_3_MANEVRA,393450.1205501964,64906.489079551146,361.85002698931,135.42256874116381,5,578.3953001331105,8.1756070113073,False
3362.26,RADAR_A,RADAR_A-T6392,HEDEF_3_MANEVRA,393899.8910303668,65323.850319069745,346.90915346183544,149.76892710502548,9,383.78731146278375,2.6736220001334834,False
3362.37,RADAR_B,RADAR_B-SC46433,STATIC_CLUTTER,-343956.94208626123,108157.00023784016,0.21114766561677478,0.22356178549464686,4,648.6736521905174,10.811227536508623,True
3363.62,RADAR_A,RADAR_A-T8964,HEDEF_2,-94329.42825265767,-443067.59013174823,-161.1585662623283,-155.09483528198393,12,401.42051370465003,1.1562054316023351,False
3367.06,RADAR_B,RADAR_B-SC46433,STATIC_CLUTTER,-343929.01771714614,108117.52772128757,-1.012805894228881,0.0778703409773223,3,857.790551951732,14.296509199195533,True
3368.27,RADAR_B,RADAR_B-T7161,HEDEF_2,-95858.35734178576,-443530.28054409963,-168.76127931442477,-156.2204150774291,11,413.57702460377294,1.528938460803196,False
3369.23,RADAR_A,RADAR_A-T5261,HEDEF_3_MANEVRA,394268.0719369988,66930.92862275334,332.85425997434044,170.0054360752652,10,369.51847684471727,2.021831720409404,False
3372.43,RADAR_A,RADAR_A-T8758,HEDEF_2,-96175.94068075337,-444308.2201546311,-170.15838922646063,-154.0166420034512,14,398.704719538334,0.6611880635625048,False
3374.37,RADAR_B,RADAR_B-T7161,HEDEF_2,-95520.20081834558,-444847.68487409654,-164.10701293411802,-153.51624603279421,11,414.55012185517177,1.528938460803196,False
3374.9,RADAR_A,RADAR_A-T5835,HEDEF_3_MANEVRA,394798.4774109141,67100.18946447245,329.0009190174719,158.00079245561392,9,384.42355992470266,2.6736220001334834,False
3377.14,RADAR_B,RADAR_B-SC69319,STATIC_CLUTTER,389193.1772456097,-173914.72865503555,-0.642167273256916,-0.37162465158675373,1,1500.0,25.0,True
3377.36,RADAR_A,RADAR_A-T5835,HEDEF_3_MANEVRA,394589.46904298593,67693.96607230123,320.8151018304389,152.68746441498104,9,384.54829706852723,2.6736220001334834,False
3377.43,RADAR_A,RADAR_A-T1066,HEDEF_2,-96298.42430136088,-445283.85035834904,-167.5197974693388,-153.59867662122045,13,400.93618052616347,0.8743393107950702,False
3379.75,RADAR_A,RADAR_A-T5835,HEDEF_3_MANEVRA,394998.1099185195,67825.79582893704,321.75708543581965,145.30851743310228,10,370.07144455219833,2.021831720409404,False
3382.05,RADAR_A,RADAR_A-T5835,HEDEF_3_MANEVRA,394895.5704904962,68934.41320289494,311.4067965065123,161.18393292120345,9,384.78632395638226,2.6736220001334834,False
3382.85,RADAR_A,RADAR_A-T3982,HEDEF_2,-97215.20536032745,-446048.8379596676,-167.59005160399548,-156.3575767159189,12,404.3157459353355,1.1562054316023351,False
3383.56,RADAR_B,RADAR_B-T2903,HEDEF_3_MANEVRA,395024.53160615434,67915.52629754743,300.430814052031,161.84303696873735,6,482.01072214139083,6.1825125572116635,False
3386.39,RADAR_A,RADAR_A-T9018,HEDEF_3_MANEVRA,395063.6622835407,68182.06678318362,302.7166983851547,169.13774829233608,9,385.00708008232965,2.6736220001334834,False
3387.74,RADAR_A,RADAR_A-T1255,HEDEF_2,-98879.38743386729,-446500.7566979306,-166.0953111236979,-153.59835375727062,14,401.036712675115,0.6611880635625048,False
3391.65,RADAR_A,RADAR_A-SC14575,STATIC_CLUTTER,-336647.4994359572,-43789.324283624985,0.4672329303717276,0.26265856085952133,3,857.790551951732,14.296509199195533,True
3391.98,RADAR_A,RADAR_A-T7524,HEDEF_3_MANEVRA,395518.1492280662,69848.57329436281,294.87072138269093,155.06704715428364,10,370.71980275165356,2.021831720409404,False
3394.19,RADAR_C,RADAR_C-T7792,HEDEF_3_MANEVRA,395662.6484685115,69749.0303483258,294.31033840714355,158.6891619259136,5,592.3557593896317,8.1756070113073,False
3394.82,RADAR_A,RADAR_A-T7524,HEDEF_3_MANEVRA,395405.77319961967,69760.81443585303,295.30960921327613,137.0602437627691,11,362.2772408058133,1.528938460803196,False
3397.91,RADAR_A,RADAR_A-T7524,HEDEF_3_MANEVRA,395455.2864810924,71235.46289986029,288.9969281495214,151.51577276910928,11,362.4462034308066,1.528938460803196,False
3400.01,RADAR_A,RADAR_A-T8135,HEDEF_2,-100787.61705411141,-448203.517645407,-173.79445212453885,-151.08046592271847,14,402.91006058666943,0.6611880635625048,False
3402.32,RADAR_A,RADAR_A-T8135,HEDEF_2,-100572.33320644296,-448722.85190103995,-169.41297652319773,-151.17136528739098,13,404.72073411299937,0.8743393107950702,False
3403.48,RADAR_A,RADAR_A-T1722,HEDEF_3_MANEVRA,395977.07397072745,71040.85944947421,276.1012999165033,149.48346785064356,10,371.3348917516308,2.021831720409404,False
3405.28,RADAR_B,RADAR_B-T4573,HEDEF_2,-101514.003734665,-448907.0098072494,-169.07380538800837,-148.62908207362037,10,426.9393813871395,2.021831720409404,False
3405.54,RADAR_A,RADAR_A-T8135,HEDEF_2,-101234.35030578809,-449236.582671418,-162.63582370913764,-154.5046863243887,12,407.7467518274518,1.1562054316023351,False
3408.77,RADAR_A,RADAR_A-T8135,HEDEF_2,-101616.54898769682,-449697.0561240298,-167.27389174785532,-152.8328442891186,14,404.2497881994582,0.6611880635625048,False
3409.6,RADAR_A,RADAR_A-T4267,HEDEF_3_MANEVRA,396304.80838830903,71830.89682886809,272.3387675605547,145.1890565249354,10,371.6642395202871,2.021831720409404,False
3413.15,RADAR_B,RADAR_B-T6571,HEDEF_3_MANEVRA,396051.95682551735,72577.06685348385,261.497326766742,143.6309965141901,9,348.6839479070806,2.6736220001334834,False
3413.78,RADAR_A,RADAR_A-T7032,HEDEF_2,-102968.56402056688,-450297.0867633138,-160.76952609234627,-155.50604633163243,10,420.92933686639844,2.021831720409404,False
3414.02,RADAR_A,RADAR_A-T9521,HEDEF_3_MANEVRA,396323.18859962135,72529.15141096883,263.22236162416465,147.74790965488242,10,371.9026890780151,2.021831720409404,False
3415.9,RADAR_A,RADAR_A-T7032,HEDEF_2,-102870.25276715173,-450594.881939179,-184.38788417527238,-149.9867745445218,9,434.1226314380472,2.6736220001334834,False
3416.11,RADAR_A,RADAR_A-T9521,HEDEF_3_MANEVRA,396380.646803118,72881.00732025069,251.90668007428064,180.87535280799608,9,386.54017669263686,2.6736220001334834,False
3416.45,RADAR_B,RADAR_B-T1338,HEDEF_2,-103408.03163064618,-450279.117565947,-192.6132022388254,-137.00421961871118,8,462.6742855681505,3.5355339059327378,False
3418.05,RADAR_C,RADAR_C-SC05477,STATIC_CLUTTER,55140.22862155108,53319.498201433205,-0.5593308383807442,-0.4957972408986451,2,1134.321747974356,18.905362466239264,True
3418.06,RADAR_B,RADAR_B-T6571,HEDEF_3_MANEVRA,396483.34911799274,73131.48623561174,252.6252640791853,162.61293965958487,8,375.5462192053017,3.5355339059327378,False
3418.35,RADAR_C,RADAR_C-T6895,HEDEF_3_MANEVRA,396322.6107617846,73446.79771199214,242.9456772980331,123.39090158032218,6,498.4841683351794,6.1825125572116635,False
3418.48,RADAR_A,RADAR_A-T9521,HEDEF_3_MANEVRA,396622.32809514285,72998.22553092909,252.36045606496702,167.27851442558168,10,372.14452582435234,2.021831720409404,False
3421.19,RADAR_A,RADAR_A-T9521,HEDEF_3_MANEVRA,396711.964797023,74174.17630498616,249.5607024065103,136.21768174697308,9,386.80591290455277,2.6736220001334834,False
3423.24,RADAR_A,RADAR_A-T6834,HEDEF_2,-104568.99953559373,-451942.9874115284,-157.0079151456732,-156.29909210772288,9,435.17458341270407,2.6736220001334834,False
3423.62,RADAR_A,RADAR_A-T9521,HEDEF_3_MANEVRA,396597.6523117177,74021.09835360093,242.88127618493246,149.95285440717308,10,372.4237110653037,2.021831720409404,False
3425.46,RADAR_A,RADAR_A-T6834,HEDEF_2,-104560.0336603932,-452097.60107707157,-169.35428006221122,-150.95820596437335,11,415.1348661846463,1.528938460803196,False
3426.11,RADAR_A,RADAR_A-T9521,HEDEF_3_MANEVRA,396646.97530787956,74877.65099577706,239.7660411067604,150.92179700600778,11,364.0056479348833,1.528938460803196,False
3427.7,RADAR_A,RADAR_A-T6834,HEDEF_2,-104567.01942536581,-452452.8990972371,-166.51384501800132,-151.57361870394664,10,422.98683927095317,2.021831720409404,False
3429.04,RADAR_A,RADAR_A-T9521,HEDEF_3_MANEVRA,396774.54479798354,75189.82647192525,235.6634330354167,153.8157949689679,11,364.1694639108386,1.528938460803196,False
3429.66,RADAR_A,RADAR_A-T6834,HEDEF_2,-105920.55240414168,-452513.949090008,-176.03061695119453,-145.71839203830353,10,423.27670451614745,2.021831720409404,False
3435.96,RADAR_B,RADAR_B-T3870,HEDEF_3_MANEVRA,397171.117231998,75267.85216525287,221.55589117190314,151.1622023236678,8,376.4680572687983,3.5355339059327378,False
3436.8,RADAR_A,RADAR_A-T2886,HEDEF_3_MANEVRA,397027.4973778518,75575.1679600732,220.73399429969297,137.24615479867575,9,387.6273141339853,2.6736220001334834,False
3438.0,RADAR_B,RADAR_B-T3870,HEDEF_3_MANEVRA,397135.12218729535,76512.82845033797,223.91809099563415,159.06111826995257,5,580.8904257997881,8.1756070113073,False
3439.09,RADAR_A,RADAR_A-T2886,HEDEF_3_MANEVRA,397542.67527558503,75693.40149578472,217.1945628308821,156.46510301932165,10,373.271094965499,2.021831720409404,False
3440.7,RADAR_A,RADAR_A-T4292,HEDEF_2,-107968.10266706432,-454250.15436780645,-152.10780913189467,-155.18161582200045,9,437.685494432793,2.6736220001334834,False
3443.0,RADAR_B,RADAR_B-T3870,HEDEF_3_MANEVRA,397736.56714232935,77186.48408077315,213.6401339097832,189.6864636918393,6,484.36372940996097,6.1825125572116635,False
3444.28,RADAR_A,RADAR_A-CL35961,CLUTTER,210240.49202033237,104909.55036199425,2.585935134248214,2.2207285716730234,3,857.790551951732,14.296509199195533,True
3445.55,RADAR_A,RADAR_A-T2333,HEDEF_2,-107858.75804082012,-454959.1871659839,-163.72664933677675,-149.35652674305268,10,425.63242407625165,2.021831720409404,False
3447.75,RADAR_A,RADAR_A-T1531,HEDEF_3_MANEVRA,397355.0434324682,78125.76622793004,205.23398148629053,129.3426845329907,10,373.7491749759427,2.021831720409404,False
3448.31,RADAR_A,RADAR_A-T2333,HEDEF_2,-108190.0414609461,-455367.19165893405,-160.2732680185941,-151.15599041593214,11,418.5831116931966,1.528938460803196,False
3451.83,RADAR_A,RADAR_A-T2333,HEDEF_2,-108602.01213906864,-456007.25422470446,-164.57726686876146,-150.91551711071264,11,419.1153118749147,1.528938460803196,False
3455.94,RADAR_B,RADAR_B-SC55470,STATIC_CLUTTER,100549.83977352522,207838.25862115007,0.2695601724601351,0.565444878197784,3,857.790551951732,14.296509199195533,True
3456.92,RADAR_A,RADAR_A-T4469,HEDEF_3_MANEVRA,397754.8284718326,79752.75582597408,186.85920380177447,147.1120559706413,11,365.744627107139,1.528938460803196,False
3457.93,RADAR_C,RADAR_C-T5492,HEDEF_3_MANEVRA,398425.7693815354,78851.74099813776,178.97945347698337,133.4609326118144,3,920.733592459507,14.296509199195533,False
3458.85,RADAR_B,RADAR_B-T9193,HEDEF_3_MANEVRA,397962.78662001016,79389.87029037795,183.14983247632603,145.98746472592495,8,377.6646672528928,3.5355339059327378,False
3459.84,RADAR_A,RADAR_A-T9014,HEDEF_2,-109833.26711797627,-457104.755592831,-165.7700608488649,-149.6821663644331,10,427.7567755553708,2.021831720409404,False
3461.28,RADAR_A,RADAR_A-T3107,HEDEF_3_MANEVRA,398075.67527930083,79494.01804601822,184.4727793105824,147.836069366615,10,374.5020033368757,2.021831720409404,False
3462.23,RADAR_B,RADAR_B-T8813,HEDEF_2,-110103.10841973891,-457486.0483506161,-157.1765086606286,-152.14456281929563,9,448.40771751140323,2.6736220001334834,False
3463.83,RADAR_B,RADAR_B-T9193,HEDEF_3_MANEVRA,398619.2317135691,79675.48753101466,176.57627468293379,156.96256006364163,8,377.9274189158741,3.5355339059327378,False
3465.43,RADAR_A,RADAR_A-T9469,HEDEF_2,-110580.5677473949,-457974.45925142587,-147.0868885492713,-154.20379544917262,10,428.5903103908205,2.021831720409404,False
3465.52,RADAR_C,RADAR_C-T5492,HEDEF_3_MANEVRA,398058.10052755947,80173.87458033446,166.8214427154782,184.5144131293738,4,730.0228002852564,10.811227536508623,False
3467.03,RADAR_B,RADAR_B-T8813,HEDEF_2,-111189.63730677447,-457642.75569710863,-148.8976341219219,-156.03698864134668,6,560.0044247328558,6.1825125572116635,False
3467.49,RADAR_A,RADAR_A-T3888,HEDEF_3_MANEVRA,398191.73408714304,81085.24890700584,170.50780500181295,147.92102155928478,9,389.2687154951917,2.6736220001334834,False
3468.13,RADAR_B,RADAR_B-T9193,HEDEF_3_MANEVRA,398778.0524232697,80449.12603015084,158.7596036791309,136.46492973042564,6,485.39254023285974,6.1825125572116635,False
3468.27,RADAR_A,RADAR_A-T9469,HEDEF_2,-111417.3029767218,-458271.0097531156,-157.85636616687734,-147.80164746873527,11,421.60684559894634,1.528938460803196,False
3470.35,RADAR_A,RADAR_A-T3888,HEDEF_3_MANEVRA,398680.5532862128,81153.74209040422,164.5667969728176,153.89475266960986,11,366.513805998454,1.528938460803196,False
3470.38,RADAR_A,RADAR_A-T9469,HEDEF_2,-112037.55970681366,-458509.6039023283,-174.32746734343934,-152.55261146777477,9,441.97435056293875,2.6736220001334834,False
3471.55,RADAR_A,RADAR_A-CL45489,CLUTTER,221100.84235569532,210066.99067431316,-0.4498295365487814,-1.602140186783407,5,490.536420678438,8.1756070113073,True
3472.68,RADAR_A,RADAR_A-T3888,HEDEF_3_MANEVRA,398737.90066787327,80968.398874079,162.3666321757301,144.17394711957007,11,366.6479363683249,1.528938460803196,False
3474.49,RADAR_A,RADAR_A-T3888,HEDEF_3_MANEVRA,398717.9218990279,81298.89069319036,151.7823750741098,162.8826541876803,9,389.6481936357985,2.6736220001334834,False
3474.67,RADAR_B,RADAR_B-SC69319,STATIC_CLUTTER,389160.9193976061,-173891.87909409215,-0.3016311759472676,0.45084974379531223,1,1500.0,25.0,True
3475.07,RADAR_A,RADAR_A-T2699,HEDEF_2,-112779.84396412029,-459346.9492064749,-163.0154291122991,-152.220896354759,9,442.65390486355864,2.6736220001334834,False
3477.04,RADAR_B,RADAR_B-T6065,HEDEF_3_MANEVRA,398306.6596329649,81973.92001242888,155.49598960991244,136.62179242364755,8,378.63006997527015,3.5355339059327378,False
3479.8,RADAR_A,RADAR_A-T5237,HEDEF_3_MANEVRA,398856.1675548855,82599.83561472624,148.80211772341653,152.7427038085835,11,367.05958201153453,1.528938460803196,False
3480.38,RADAR_B,RADAR_B-T6065,HEDEF_3_MANEVRA,398949.79760459746,82084.35310059866,153.04027858003406,141.42613836072957,9,352.462002752751,2.6736220001334834,False
3481.9,RADAR_A,RADAR_A-T6722,HEDEF_2,-113710.73366370083,-460194.2024847283,-160.26100678729048,-146.92526689946834,10,431.0502660856296,2.021831720409404,False
3482.59,RADAR_A,RADAR_A-T5237,HEDEF_3_MANEVRA,399223.5371480863,82198.81107905916,147.47669870480087,148.16362238148,11,367.22102738254034,1.528938460803196,False
3482.9,RADAR_B,RADAR_B-T2612,HEDEF_2,-112889.16534230112,-460754.5808327663,-176.7510037010099,-143.03193370079535,7,506.8568339864931,4.6753056338464924,False
3485.23,RADAR_A,RADAR_A-T5237,HEDEF_3_MANEVRA,398844.5169879498,84153.27366603028,140.2076494493495,150.92322824701438,10,375.85163766519753,2.021831720409404,False
3485.26,RADAR_B,RADAR_B-T6065,HEDEF_3_MANEVRA,399106.9466409725,83079.35527131397,137.53385767559,155.3939193559669,9,352.743209034344,2.6736220001334834,False
3486.8,RADAR_A,RADAR_A-T5688,HEDEF_2,-114275.94707829811,-460983.21542685205,-154.15664716432732,-153.94204082825232,9,444.35806208245344,2.6736220001334834,False
3487.26,RADAR_A,RADAR_A-T5237,HEDEF_3_MANEVRA,398925.9977365288,83322.53607189839,142.78512841819483,117.95967214206166,9,390.34420782378373,2.6736220001334834,False
3489.08,RADAR_A,RADAR_A-T5688,HEDEF_2,-114990.22706654092,-460901.813507261,-147.1684322482281,-153.72845851904626,9,444.6907538500113,2.6736220001334834,False
3490.52,RADAR_B,RADAR_B-T6065,HEDEF_3_MANEVRA,399304.45759899163,83779.01220205562,135.47548721029676,140.26585309601842,9,353.0475030662614,2.6736220001334834,False
3490.66,RADAR_C,RADAR_C-T8898,HEDEF_3_MANEVRA,398260.528255185,83415.77958542631,136.3168093122407,191.49645201804293,5,594.5517199300085,8.1756070113073,False
3491.78,RADAR_A,RADAR_A-T5688,HEDEF_2,-114911.43242335963,-461623.78021462454,-160.62613934322448,-148.6333785920415,11,425.18347767990616,1.528938460803196,False
3492.59,RADAR_A,RADAR_A-T2843,HEDEF_3_MANEVRA,399255.85283004417,84303.64171434204,122.1331040961355,157.93699263105742,10,376.27067395318636,2.021831720409404,False
3494.08,RADAR_A,RADAR_A-T5688,HEDEF_2,-116099.66086549748,-461755.627815764,-155.65520136436183,-148.989186219084,11,425.5353229728762,1.528938460803196,False
3499.59,RADAR_A,RADAR_A-T8838,HEDEF_2,-115356.47677740119,-462915.55868334323,-176.47430846949612,-142.5496626134674,10,433.70059988429637,2.021831720409404,False
3500.91,RADAR_A,RADAR_A-T7411,HEDEF_3_MANEVRA,399627.3365772838,86069.55600672078,110.32454070681901,156.771247513195,11,368.2900260972394,1.528938460803196,False
3501.51,RADAR_B,RADAR_B-T1758,HEDEF_3_MANEVRA,399729.77782464714,85370.87452353096,116.92800870398176,144.4580111912167,6,486.7907894220911,6.1825125572116635,False
3502.26,RADAR_B,RADAR_B-T2403,HEDEF_2,-115855.93902422457,-463261.6432550362,-156.11955233155808,-143.30117198522174,6,564.3946671785044,6.1825125572116635,False
3502.42,RADAR_A,RADAR_A-T8838,HEDEF_2,-116995.861494444,-463133.5687487739,-148.96113596413295,-153.25410832824548,9,446.63584415580567,2.6736220001334834,False
3504.69,RADAR_B,RADAR_B-SC69319,STATIC_CLUTTER,389179.9629488562,-173910.83748613764,-0.13307773633079,-0.9757908190247752,4,648.6736521905174,10.811227536508623,True
3506.02,RADAR_A,RADAR_A-T8047,HEDEF_3_MANEVRA,399674.2469153314,86511.49525817463,101.30325574624045,147.14503117717027,10,377.0402663801979,2.021831720409404,False
3506.33,RADAR_B,RADAR_B-T2403,HEDEF_2,-117337.01153399918,-463585.82928520784,-157.42613226009647,-148.74773415882913,9,455.2431958603281,2.6736220001334834,False
3506.5,RADAR_A,RADAR_A-T1691,HEDEF_2,-117361.21184311571,-463727.270603522,-173.36679161022064,-145.36705027806846,10,434.73921619863637,2.021831720409404,False
3508.41,RADAR_A,RADAR_A-T8047,HEDEF_3_MANEVRA,399979.2879823826,86334.39503503004,102.96486301555117,137.13547414632268,9,391.5111670070943,2.6736220001334834,False
3509.61,RADAR_A,RADAR_A-T1691,HEDEF_2,-117903.68196980855,-464285.7320550316,-163.46276012911676,-148.85354667657805,10,435.206925693275,2.021831720409404,False
3510.98,RADAR_B,RADAR_B-T2403,HEDEF_2,-117299.43833752925,-464388.26893560763,-202.97687394769403,-141.40362057054918,5,650.2289871070969,8.1756070113073,False
3512.81,RADAR_B,RADAR_B-T4179,HEDEF_3_MANEVRA,400057.966849503,87674.72997343064,93.57426230338345,154.09357679642895,8,380.5647828123135,3.5355339059327378,False
3513.02,RADAR_A,RADAR_A-T1691,HEDEF_2,-117986.70475803409,-464746.36831623997,-160.16217222952346,-148.64888387038206,11,428.4295149685393,1.528938460803196,False
3513.87,RADAR_B,RADAR_B-SC46433,STATIC_CLUTTER,-343930.4672179587,108104.85744585634,-0.01637395762793362,0.7174491746924717,4,648.6736521905174,10.811227536508623,True
3515.62,RADAR_A,RADAR_A-T1691,HEDEF_2,-119315.5768711669,-464952.93688163906,-148.74390238883583,-150.84982131778563,9,448.56441593767613,2.6736220001334834,False
3517.77,RADAR_B,RADAR_B-T4179,HEDEF_3_MANEVRA,400257.6261829484,87940.18759720045,89.12709631482164,140.34205954962994,9,354.6409520553677,2.6736220001334834,False
3518.2,RADAR_A,RADAR_A-T1691,HEDEF_2,-119635.94053733931,-465422.451686884,-161.96248361194938,-146.04217256551323,9,448.94312579503605,2.6736220001334834,False
3518.53,RADAR_A,RADAR_A-T4929,HEDEF_3_MANEVRA,400955.4937376575,88062.61820317863,84.46935734783588,151.35879120654897,9,392.07487849609294,2.6736220001334834,False
3522.07,RADAR_A,RADAR_A-T4929,HEDEF_3_MANEVRA,400516.29763491196,88219.70751337415,81.241390221013,142.7990013569382,11,369.5400903594594,1.528938460803196,False
3522.39,RADAR_B,RADAR_B-T4179,HEDEF_3_MANEVRA,400843.9624436288,88113.15072259834,79.58469409723583,156.76744069322785,7,422.99036278448386,4.6753056338464924,False
3523.87,RADAR_A,RADAR_A-T4884,HEDEF_2,-119996.98026930579,-466422.5676448131,-165.36029984540062,-144.5255896818004,10,437.35462262309875,2.021831720409404,False
3526.38,RADAR_A,RADAR_A-T4884,HEDEF_2,-120498.9571243608,-466459.16605156165,-158.14673036834205,-147.43687432078193,9,450.1424263778754,2.6736220001334834,False
3528.72,RADAR_A,RADAR_A-T4884,HEDEF_2,-120937.15230817917,-467149.73650375265,-140.79330093013934,-152.86790872614174,10,438.08617356939817,2.021831720409404,False
3530.05,RADAR_A,RADAR_A-T1412,HEDEF_3_MANEVRA,400947.7294219637,89596.84699250328,64.10946519635147,144.80259374738816,11,370.01587129363224,1.528938460803196,False
3530.13,RADAR_B,RADAR_B-T3458,HEDEF_2,-121404.0816627504,-467050.7594808776,-187.03513633419357,-141.08682908074394,7,513.4134907706979,4.6753056338464924,False
3531.3,RADAR_A,RADAR_A-T4884,HEDEF_2,-121503.69298291946,-467319.57303601626,-154.1747516002559,-147.41424101954442,11,431.23124209754394,1.528938460803196,False
3532.77,RADAR_A,RADAR_A-T1412,HEDEF_3_MANEVRA,400792.27452639776,90048.75211065963,58.299039430177096,152.70340198736864,10,378.59338408267456,2.021831720409404,False
3534.3,RADAR_C,RADAR_C-T5760,HEDEF_3_MANEVRA,400631.2333203724,90357.55084352224,52.1762864764788,154.937854707488,5,595.6310419476985,8.1756070113073,False
3534.94,RADAR_A,RADAR_A-T1412,HEDEF_3_MANEVRA,400979.4743176843,90490.97178447417,56.05430594619174,154.77854357725357,11,370.30861484359207,1.528938460803196,False
3537.19,RADAR_A,RADAR_A-T1868,HEDEF_2,-122313.65862141336,-468101.28703862795,-171.36282468080034,-144.129282856038,11,432.13689350770807,1.528938460803196,False
3537.42,RADAR_A,RADAR_A-T1412,HEDEF_3_MANEVRA,401141.83607456414,91206.68642592346,50.00217974559417,137.8434505000264,9,393.1375165285577,2.6736220001334834,False
3538.13,RADAR_C,RADAR_C-SC05477,STATIC_CLUTTER,55092.20221671742,53287.26216721719,0.060628774960152065,-0.3591095071168993,4,648.6736521905174,10.811227536508623,True
3539.91,RADAR_A,RADAR_A-T1412,HEDEF_3_MANEVRA,401400.58078180935,90672.51411365923,52.40286678924197,132.69497720816287,10,379.0122383964341,2.021831720409404,False
3540.72,RADAR_B,RADAR_B-SC69319,STATIC_CLUTTER,389202.40127461875,-173917.2321785528,-0.90729462799075,-0.17996078762694187,4,648.6736521905174,10.811227536508623,True
3542.07,RADAR_A,RADAR_A-T2617,HEDEF_2,-123323.48796452457,-468911.2347362342,-171.87848351266533,-142.07122707756835,10,440.10441586795315,2.021831720409404,False
3542.25,RADAR_A,RADAR_A-T1412,HEDEF_3_MANEVRA,401353.71533387766,91459.93857019606,43.389586770417495,150.63972156656428,11,370.74804225206657,1.528938460803196,False
3543.4,RADAR_C,RADAR_C-T5760,HEDEF_3_MANEVRA,401471.9815554277,91406.28696379394,44.73747774071495,183.20982230101998,7,439.4506568147569,4.6753056338464924,False
3544.73,RADAR_A,RADAR_A-T1412,HEDEF_3_MANEVRA,401563.3306947262,91551.70242430708,45.736549609092776,124.56185208109464,9,393.5518399873192,2.6736220001334834,False
3544.81,RADAR_A,RADAR_A-T2617,HEDEF_2,-123615.06465202119,-469335.86594748765,-153.84844139009454,-148.98909635631654,11,433.3079609757114,1.528938460803196,False
3544.95,RADAR_A,RADAR_A-SC62965,STATIC_CLUTTER,-331735.5541184507,-102045.67490541724,-0.20381233089734643,-0.5923204309547964,3,857.790551951732,14.296509199195533,True
3546.75,RADAR_B,RADAR_B-T6096,HEDEF_2,-123648.1718126908,-469549.37146444904,-139.8726749682189,-158.64134544278073,8,481.9690894111991,3.5355339059327378,False
3548.48,RADAR_B,RADAR_B-T2580,HEDEF_3_MANEVRA,401675.4261501139,92325.45308105285,24.324432715947836,152.70143159302086,6,488.8176216807071,6.1825125572116635,False
3549.33,RADAR_B,RADAR_B-SC69319,STATIC_CLUTTER,389153.59669633175,-173878.6777606621,0.2206242930875328,0.8059132911204918,4,648.6736521905174,10.811227536508623,True
3549.99,RADAR_C,RADAR_C-SC05477,STATIC_CLUTTER,55115.29468875581,53324.67525257793,-0.0012398512105446207,-0.8897791485271879,3,857.790551951732,14.296509199195533,True
3550.26,RADAR_A,RADAR_A-T4876,HEDEF_3_MANEVRA,401774.56921710994,92200.28996725343,32.37100021903013,154.56577483297826,11,371.2320014378016,1.528938460803196,False
3551.29,RADAR_A,RADAR_A-T8351,HEDEF_2,-124502.29315582436,-470288.1957648707,-176.23235049568558,-139.69587157899548,10,441.4996357520631,2.021831720409404,False
3552.44,RADAR_C,RADAR_C-T5760,HEDEF_3_MANEVRA,401609.0239395546,92683.40991599712,34.83950640209416,168.60061795728714,6,502.3025429251891,6.1825125572116635,False
3553.49,RADAR_A,RADAR_A-T4876,HEDEF_3_MANEVRA,401800.18138228974,92867.85353922697,26.254819335501747,143.83153841962468,10,379.8143125568035,2.021831720409404,False
3553.82,RADAR_B,RADAR_B-T2580,HEDEF_3_MANEVRA,402095.4448577553,93371.29945611033,30.520475299883646,120.6960064493754,6,489.0524648293896,6.1825125572116635,False
3554.37,RADAR_B,RADAR_B-SC46433,STATIC_CLUTTER,-343938.3950160096,108117.01286216536,-0.503829346789392,0.6020854244257632,1,1500.0,25.0,True
3558.42,RADAR_A,RADAR_A-T9124,HEDEF_3_MANEVRA,401975.96382000163,93791.81398155485,19.333532576044437,144.90757405129358,11,371.7266555949671,1.528938460803196,False
3558.73,RADAR_B,RADAR_B-T2580,HEDEF_3_MANEVRA,402211.87113512185,94085.76975000929,0.3591243614517765,190.98496681746488,6,489.2690573185732,6.1825125572116635,False
3559.35,RADAR_B,RADAR_B-SC69319,STATIC_CLUTTER,389158.3351168139,-173856.39225980538,-0.14437342512423598,-0.4192734933856147,1,1500.0,25.0,True
3559.35,RADAR_B,RADAR_B-SC46433,STATIC_CLUTTER,-343928.0650599378,108118.54604391604,0.08464134023035938,0.37144309376706675,3,857.790551951732,14.296509199195533,True
3560.53,RADAR_A,RADAR_A-T9124,HEDEF_3_MANEVRA,402098.0907265187,93917.61891154651,11.440943055043924,146.1084582600588,11,371.8551036573667,1.528938460803196,False
3561.87,RADAR_C,RADAR_C-SC05477,STATIC_CLUTTER,55149.44817624418,53305.222005701304,0.1263664949935036,-0.47349848966159325,2,1134.321747974356,18.905362466239264,True
3562.67,RADAR_A,RADAR_A-T9206,HEDEF_2,-126411.43818742961,-472045.34363104764,-166.190185589887,-144.68744200003488,11,436.06148345172573,1.528938460803196,False
3563.09,RADAR_B,RADAR_B-T2580,HEDEF_3_MANEVRA,402086.6720003191,94203.3773507962,12.549660118024839,128.46204321338405,9,357.35442388108805,2.6736220001334834,False
3568.52,RADAR_B,RADAR_B-SC46433,STATIC_CLUTTER,-343957.97681209154,108092.74155432747,-0.6820039595562309,-0.8762194299382784,4,648.6736521905174,10.811227536508623,True
3568.53,RADAR_A,RADAR_A-T6257,HEDEF_3_MANEVRA,403094.94472396607,95131.64460467678,5.684648397370655,141.71897095728949,11,372.8222125197232,1.528938460803196,False
3568.85,RADAR_B,RADAR_B-T2580,HEDEF_3_MANEVRA,403011.2428234385,95485.24104428529,-0.09654135576268885,142.18824394676756,8,384.03654423618354,3.5355339059327378,False
3570.61,RADAR_C,RADAR_C-T4401,HEDEF_3_MANEVRA,403559.13391572563,95192.90983771117,3.024095569511381,141.67406086089025,7,441.0755909474667,4.6753056338464924,False
3570.69,RADAR_A,RADAR_A-T6257,HEDEF_3_MANEVRA,404271.3673783092,95194.64472730552,8.796715136855187,143.93745925039934,10,382.127862679358,2.021831720409404,False
3570.85,RADAR_C,RADAR_C-SC05477,STATIC_CLUTTER,55139.31073237086,53314.14195998436,0.4556007603853276,0.5910617938779239,1,1500.0,25.0,True
3570.89,RADAR_A,RADAR_A-T2633,HEDEF_2,-128004.1538647552,-472925.59285208007,-166.50484582915513,-141.92960203588697,11,437.3323540994163,1.528938460803196,False
3572.86,RADAR_A,RADAR_A-T6257,HEDEF_3_MANEVRA,405379.3824487174,95984.60579733351,17.358355309115566,138.59786594359642,11,374.77103529650793,1.528938460803196,False
3573.7,RADAR_A,RADAR_A-T2633,HEDEF_2,-128461.99894669978,-473315.11810820294,-166.51876724496074,-143.92790972433892,11,437.76669131028484,1.528938460803196,False
3573.8,RADAR_B,RADAR_B-T2580,HEDEF_3_MANEVRA,405285.4771920657,95735.90545314121,23.67258964077594,129.24404329075537,9,360.1327538817926,2.6736220001334834,False
3576.05,RADAR_A,RADAR_A-T6257,HEDEF_3_MANEVRA,406832.12951852835,96214.96142061017,23.438991186304484,144.98555686992145,11,376.2051836079729,1.528938460803196,False
3578.2,RADAR_A,RADAR_A-T3637,HEDEF_2,-128573.45996565888,-474275.94711243204,-161.74177206215703,-145.35276436172438,11,438.46468045733866,1.528938460803196,False
3578.8,RADAR_A,RADAR_A-T6257,HEDEF_3_MANEVRA,408076.90255408717,96729.2987512598,34.89954247317165,139.2684808774386,9,399.72494824676903,2.6736220001334834,False
3578.88,RADAR_B,RADAR_B-T2580,HEDEF_3_MANEVRA,408085.50620109215,96928.46253136876,28.849835569301845,141.33873752402528,7,429.1623255656289,4.6753056338464924,False
3580.43,RADAR_A,RADAR_A-T6257,HEDEF_3_MANEVRA,409268.5576203541,96467.15487760292,35.02852596073354,142.8400899516745,10,386.41717507928735,2.021831720409404,False
3581.08,RADAR_A,RADAR_A-T3637,HEDEF_2,-129249.69201711961,-474543.0945950942,-157.602888500598,-144.24845563309313,9,458.2142833093075,2.6736220001334834,False
3582.62,RADAR_A,RADAR_A-T6257,HEDEF_3_MANEVRA,409974.3166152449,97960.24590497966,42.475833415989094,154.67923735170044,9,401.35135244670744,2.6736220001334834,False
3584.26,RADAR_A,RADAR_A-SC62965,STATIC_CLUTTER,-331743.3538054027,-102078.97546048496,-0.23721733247117496,0.5813744076845241,1,1500.0,25.0,True
3584.47,RADAR_A,RADAR_A-T6257,HEDEF_3_MANEVRA,411018.89627833787,97739.7645416336,44.17216116600403,140.67994588965215,9,402.13824837380434,2.6736220001334834,False
3585.3,RADAR_B,RADAR_B-T2580,HEDEF_3_MANEVRA,411560.98881041503,97800.50386790998,44.48343607578963,156.32202145510365,7,431.42490993446376,4.6753056338464924,False
3587.08,RADAR_A,RADAR_A-T6257,HEDEF_3_MANEVRA,412774.02959543857,97536.24061838935,54.18038192906168,136.9703446630522,11,381.1694725663652,1.528938460803196,False
3587.85,RADAR_C,RADAR_C-T6401,HEDEF_3_MANEVRA,412328.9395834317,97828.4663206077,55.41147148969269,140.47404997187923,6,508.80642850835017,6.1825125572116635,False
3588.39,RADAR_B,RADAR_B-SC69319,STATIC_CLUTTER,389176.3388167662,-173933.50251504377,0.06893612492076662,-0.0418863769260862,4,648.6736521905174,10.811227536508623,True
3588.76,RADAR_A,RADAR_A-T1409,HEDEF_2,-129913.2606173445,-475803.1086499724,-154.9471485490392,-145.1265888705903,10,447.2040674358195,2.021831720409404,False
3589.08,RADAR_B,RADAR_B-T2580,HEDEF_3_MANEVRA,413526.3735463178,98405.88777758938,50.445909072969435,137.57220098867745,5,590.9460008640342,8.1756070113073,False
3591.47,RADAR_A,RADAR_A-T1409,HEDEF_2,-130783.3237090593,-476144.79160396097,-152.6308134142849,-148.16061553263137,11,440.522878980819,1.528938460803196,False
3591.77,RADAR_A,RADAR_A-T3905,HEDEF_3_MANEVRA,414870.8105563888,98875.07772294237,65.2619593593844,142.20758347132937,10,391.41370469668414,2.021831720409404,False
3593.44,RADAR_B,RADAR_B-T2580,HEDEF_3_MANEVRA,415600.7781692882,98624.08740033873,61.614366589680856,143.87086883575404,5,592.0766652561241,8.1756070113073,False
3594.11,RADAR_A,RADAR_A-T1409,HEDEF_2,-131512.48448884627,-476396.0000440148,-155.7651741885104,-143.63384750571646,10,448.02124919970623,2.021831720409404,False
3596.01,RADAR_A,RADAR_A-SC14575,STATIC_CLUTTER,-336574.36261316104,-43804.835954820104,0.06508712655653737,0.11793636079422064,2,1134.321747974356,18.905362466239264,True
3596.14,RADAR_A,RADAR_A-T1409,HEDEF_2,-131213.92225200793,-476825.2953123119,-164.40257052560804,-143.93584571912268,9,460.4545381003149,2.6736220001334834,False
3596.72,RADAR_B,RADAR_B-T2580,HEDEF_3_MANEVRA,417328.42796688003,99045.91742380394,73.77967643028961,161.67229499193638,6,498.54510351986244,6.1825125572116635,False
3597.47,RADAR_A,RADAR_A-T1921,HEDEF_3_MANEVRA,418118.40669789875,98989.1148195689,76.96458254677408,145.4075334991783,10,393.93212951161416,2.021831720409404,False
3598.64,RADAR_C,RADAR_C-T6401,HEDEF_3_MANEVRA,417767.1399836196,98921.42529294976,75.9976452157774,186.2362128953225,4,738.5902913326257,10.811227536508623,False
3601.71,RADAR_A,RADAR_A-T8296,HEDEF_3_MANEVRA,419896.30826802604,100369.8473879848,90.85185219345095,135.9418772704382,11,387.76246477047323,1.528938460803196,False
3602.49,RADAR_B,RADAR_B-T2580,HEDEF_3_MANEVRA,420122.0180816965,100436.67691693528,96.9548916284747,124.15849447584347,9,372.11253791062484,2.6736220001334834,False
3603.56,RADAR_A,RADAR_A-T3323,HEDEF_2,-132939.7892319313,-477825.3088239137,-157.40058048254784,-146.9115797843666,11,442.4028567849118,1.528938460803196,False
3605.8,RADAR_A,RADAR_A-T3323,HEDEF_2,-132921.34201277044,-478119.10394110356,-149.4584302081267,-147.7165096987306,9,461.8957149658379,2.6736220001334834,False
3606.06,RADAR_A,RADAR_A-T4124,HEDEF_3_MANEVRA,422482.16887555434,100244.43600911072,97.85896083165719,171.46414022038178,9,411.3414092345793,2.6736220001334834,False
3607.71,RADAR_B,RADAR_B-T2580,HEDEF_3_MANEVRA,422528.2551348748,100774.01251567763,98.44678482778967,129.4280774697062,6,501.96823265628734,6.1825125572116635,False
3611.08,RADAR_A,RADAR_A-T5207,HEDEF_2,-133680.96249834978,-478888.41206132615,-151.55568039652687,-144.71839413015277,10,450.61931115399943,2.021831720409404,False
3611.27,RADAR_A,RADAR_A-T7872,HEDEF_3_MANEVRA,424910.45810202346,100986.8599854131,111.68883764769227,149.05249387344674,10,400.0283688328334,2.021831720409404,False
3611.41,RADAR_C,RADAR_C-T6401,HEDEF_3_MANEVRA,424324.9371289467,101251.10673787515,91.6012722104588,182.58377802023938,4,741.399564227382,10.811227536508623,False
3616.35,RADAR_A,RADAR_A-T3994,HEDEF_2,-134076.72466610905,-479920.96897420584,-168.07697242802573,-140.21512543161424,10,451.42824131986663,2.021831720409404,False
3616.82,RADAR_A,RADAR_A-T2401,HEDEF_3_MANEVRA,427747.73967509274,102040.84541325622,122.97848643312098,151.3134439104914,9,415.94399331659724,2.6736220001334834,False
3619.54,RADAR_A,RADAR_A-T2401,HEDEF_3_MANEVRA,429273.8968491447,102124.40866350102,137.26346232660987,134.99669499775197,11,395.8060972726198,1.528938460803196,False
3620.0,RADAR_B,RADAR_B-SC69319,STATIC_CLUTTER,389152.1990935517,-173881.27531187632,-0.3982447340420168,0.3594713890419099,1,1500.0,25.0,True
3620.0,RADAR_B,RADAR_B-SC55470,STATIC_CLUTTER,100546.59663459408,207806.9430158774,0.05459159718321335,0.06500723750049267,1,1500.0,25.0,True
3621.08,RADAR_A,RADAR_A-T6212,HEDEF_2,-134738.71673441865,-480503.3352130436,-157.2578032838218,-146.57060468860206,13,438.72473762304907,0.8743393107950702,False
3621.59,RADAR_A,RADAR_A-T2401,HEDEF_3_MANEVRA,430320.14761278516,102544.40626199105,138.22656354348788,144.9357690811986,14,388.01491083289307,0.6611880635625048,False
3623.63,RADAR_A,RADAR_A-T6212,HEDEF_2,-135378.07827868153,-480895.41085240844,-153.64780922555002,-147.6856360172317,14,437.7847996522434,0.6611880635625048,False
3623.91,RADAR_A,RADAR_A-T2401,HEDEF_3_MANEVRA,431182.32212892966,103542.73811884983,142.90308653361512,148.21679623101133,10,405.6239919623987,2.021831720409404,False
3625.41,RADAR_A,RADAR_A-T6212,HEDEF_2,-135639.574585428,-481214.64911548333,-162.20259848802573,-146.43809449560368,12,441.7500810953185,1.1562054316023351,False
3625.7,RADAR_B,RADAR_B-T5537,HEDEF_3_MANEVRA,431939.10080054763,103821.68703209423,146.2242014155733,142.05143588369725,9,381.86812269489985,2.6736220001334834,False
3626.52,RADAR_A,RADAR_A-T2401,HEDEF_3_MANEVRA,432696.0672706837,104131.20557282209,151.30922361971025,140.111598467566,11,398.95803209178814,1.528938460803196,False
3631.86,RADAR_A,RADAR_A-SC62965,STATIC_CLUTTER,-331761.2188018839,-102071.51411051441,-0.9348653048593318,0.7033982111695122,1,1500.0,25.0,True
3635.51,RADAR_C,RADAR_C-SC05477,STATIC_CLUTTER,55124.55154631632,53281.66525959275,-0.26006099396650195,0.15963389019584404,3,857.790551951732,14.296509199195533,True
3636.23,RADAR_B,RADAR_B-T6691,HEDEF_3_MANEVRA,437196.342186977,105135.06821014211,172.66139626299503,136.59532462917076,8,410.4918456036602,3.5355339059327378,False
3636.86,RADAR_A,RADAR_A-T9182,HEDEF_3_MANEVRA,437831.28280985367,105221.88786171607,177.31712415858095,142.56146013300452,10,411.36297535734997,2.021831720409404,False
3639.98,RADAR_A,RADAR_A-T9182,HEDEF_3_MANEVRA,439653.5862500861,105897.41393016218,186.04983023907724,139.61799419257642,11,405.0391959457522,1.528938460803196,False
3641.03,RADAR_A,RADAR_A-SC14575,STATIC_CLUTTER,-336607.0432960384,-43784.485716507574,0.37529261096515854,0.010485111532032722,2,1134.321747974356,18.905362466239264,True
3641.63,RADAR_B,RADAR_B-T6691,HEDEF_3_MANEVRA,439866.7053410136,106119.53024629189,171.5364620637176,154.90197317740908,7,451.620647579013,4.6753056338464924,False
3642.43,RADAR_A,RADAR_A-T9182,HEDEF_3_MANEVRA,440918.01768737036,105851.59549835145,187.04139726913388,156.20095517824842,10,413.8309639718206,2.021831720409404,False
3642.49,RADAR_B,RADAR_B-SC55470,STATIC_CLUTTER,100578.98786365635,207823.788269845,-0.5387938368309835,0.3634985911695537,2,1134.321747974356,18.905362466239264,True
3644.27,RADAR_C,RADAR_C-T7672,HEDEF_3_MANEVRA,441910.4430818858,106697.61854116735,186.6287071972067,90.46644182866345,4,748.7947082085333,10.811227536508623,False
3644.6,RADAR_A,RADAR_A-T9182,HEDEF_3_MANEVRA,442237.93114728655,105818.408958412,195.503639875593,145.15799109998449,10,414.7927812986351,2.021831720409404,False
3646.65,RADAR_A,RADAR_A-T9182,HEDEF_3_MANEVRA,443030.15484958905,106510.5999988809,199.9060519462842,153.73125032744093,11,408.0551955348443,1.528938460803196,False
3650.66,RADAR_B,RADAR_B-SC55470,STATIC_CLUTTER,100569.02417530557,207808.72026758172,-0.24911659324087557,0.6718839247925067,2,1134.321747974356,18.905362466239264,True
3651.69,RADAR_A,RADAR_A-T7947,HEDEF_3_MANEVRA,444695.5798006961,107807.22764025368,174.07043898100244,158.94636243757952,10,417.27328948381927,2.021831720409404,False
3653.91,RADAR_C,RADAR_C-T7672,HEDEF_3_MANEVRA,444779.0319740744,107310.57892598705,153.65382542505336,131.35006896136343,6,529.0608620639455,6.1825125572116635,False
3654.09,RADAR_A,RADAR_A-T7947,HEDEF_3_MANEVRA,444715.5821802825,107935.77588932251,131.4586479568413,144.92102749598945,10,417.1841436006453,2.021831720409404,False
3655.63,RADAR_B,RADAR_B-SC46433,STATIC_CLUTTER,-343902.76998109743,108168.0790078633,-0.3168371531043738,-0.37837379989164155,4,648.6736521905174,10.811227536508623,True
3655.85,RADAR_A,RADAR_A-T7947,HEDEF_3_MANEVRA,444110.2190448372,109330.50109828559,92.57202826553223,148.21939093684247,11,409.49713125483106,1.528938460803196,False
3659.48,RADAR_A,RADAR_A-SC62965,STATIC_CLUTTER,-331772.6853210393,-102101.88912323167,0.38365718405261084,0.061569392904955556,3,857.790551951732,14.296509199195533,True
3661.47,RADAR_A,RADAR_A-T2585,HEDEF_3_MANEVRA,444040.3368125094,108680.97786487748,-25.538972387212638,155.12933885801402,11,409.2865028622511,1.528938460803196,False
3663.55,RADAR_A,RADAR_A-T2585,HEDEF_3_MANEVRA,443886.3607314892,108895.58604408053,-65.323703711252,142.39785841470524,11,409.20867918626635,1.528938460803196,False
3666.11,RADAR_A,RADAR_A-T2585,HEDEF_3_MANEVRA,443647.21108656476,109217.22616437665,-121.65917547300072,148.28420508160605,9,429.75815238873713,2.6736220001334834,False
3668.15,RADAR_B,RADAR_B-T3895,HEDEF_3_MANEVRA,443252.848483591,109262.45584069284,-162.53294310191848,164.36894491857493,7,454.52312475093464,4.6753056338464924,False
3671.23,RADAR_A,RADAR_A-SC14575,STATIC_CLUTTER,-336590.2092513615,-43839.985655525204,0.6656106743019027,-0.4982477233725694,1,1500.0,25.0,True
3671.43,RADAR_B,RADAR_B-T3895,HEDEF_3_MANEVRA,443466.9221555465,109364.12795357077,-236.33234786636996,142.03608179938757,6,515.1994190262802,6.1825125572116635,False
3672.8,RADAR_C,RADAR_C-T1338,HEDEF_3_MANEVRA,442892.176605402,110340.97749641963,-242.80513394735198,207.2400311477417,6,528.3042956984663,6.1825125572116635,False
3674.71,RADAR_B,RADAR_B-SC46433,STATIC_CLUTTER,-343957.6113800865,108120.79166016709,0.22651084869676827,0.6506716696519821,2,1134.321747974356,18.905362466239264,True
3676.48,RADAR_A,RADAR_A-T3518,HEDEF_3_MANEVRA,442910.20835959516,110789.99541806515,-327.81750697018566,123.59559251583141,9,429.34924843432816,2.6736220001334834,False
3677.09,RADAR_B,RADAR_B-T3895,HEDEF_3_MANEVRA,442389.2832083624,111493.48939950818,-335.0036498469325,157.27373539538374,9,391.6331059369742,2.6736220001334834,False
3679.21,RADAR_A,RADAR_A-T3518,HEDEF_3_MANEVRA,441579.1556661637,111488.32659102976,-323.30614325173167,136.82350126447238,11,407.8760102027942,1.528938460803196,False
3683.7,RADAR_C,RADAR_C-T1338,HEDEF_3_MANEVRA,440560.62160167866,111640.89688149266,-306.54538863138436,163.8973354857717,4,748.7063826764039,10.811227536508623,False
3687.62,RADAR_B,RADAR_B-T4471,HEDEF_3_MANEVRA,438676.96791490726,112750.17410631628,-305.8109661316967,125.86311075543865,8,412.8430837040756,3.5355339059327378,False
3691.24,RADAR_A,RADAR_A-T5057,HEDEF_3_MANEVRA,436902.19608974876,112779.8470185191,-307.3201264808968,156.05093940860738,10,412.0458205624617,2.021831720409404,False
3693.52,RADAR_B,RADAR_B-T4471,HEDEF_3_MANEVRA,436349.95173093636,113650.2360150122,-287.5533347201596,112.02519488779656,5,604.0221543532471,8.1756070113073,False
3694.32,RADAR_B,RADAR_B-SC69319,STATIC_CLUTTER,389179.1244712979,-173879.56156762945,-0.3794396285062392,0.2591674948945083,1,1500.0,25.0,True
3695.89,RADAR_A,RADAR_A-T3124,HEDEF_3_MANEVRA,435185.8615820083,113747.95992488229,-304.76780990765036,166.12865223395417,9,423.90561673913993,2.6736220001334834,False
3698.17,RADAR_A,RADAR_A-T3124,HEDEF_3_MANEVRA,434186.5411920628,113754.28239803306,-296.42754742868783,152.5810224241346,10,410.04839846151464,2.021831720409404,False
3699.8,RADAR_C,RADAR_C-SC05477,STATIC_CLUTTER,55155.4834311577,53299.450852165624,-0.1436120910238338,-0.5648225917032486,3,857.790551951732,14.296509199195533,True
3700.39,RADAR_C,RADAR_C-T1338,HEDEF_3_MANEVRA,434799.8391729437,113914.22812441151,-314.2105553192196,179.0250345217267,4,746.0008896433304,10.811227536508623,False
3700.69,RADAR_A,RADAR_A-T3124,HEDEF_3_MANEVRA,433209.24201089516,114201.09252831741,-287.0045070373657,139.11708270152536,10,409.322211604611,2.021831720409404,False
3704.48,RADAR_B,RADAR_B-T8747,HEDEF_3_MANEVRA,431787.5182314575,115445.33747547236,-301.0140944958953,161.3895668957395,5,602.1618551197313,8.1756070113073,False
3705.96,RADAR_B,RADAR_B-SC69319,STATIC_CLUTTER,389210.1140490957,-173874.9128498332,0.16294449105983425,0.08821888767853973,4,648.6736521905174,10.811227536508623,True
3706.83,RADAR_A,RADAR_A-T3651,HEDEF_3_MANEVRA,430567.2544597509,115509.8033883739,-277.6083893076238,148.776986178571,10,407.5599441393634,2.021831720409404,False
3709.35,RADAR_A,RADAR_A-T3651,HEDEF_3_MANEVRA,429551.9483447843,116180.00948335798,-273.43425897468654,148.69727916753524,11,399.01713570482354,1.528938460803196,False
3710.86,RADAR_B,RADAR_B-T8747,HEDEF_3_MANEVRA,429463.7780946981,116310.62749768618,-267.1015078441375,140.28131244426334,9,382.6404191747587,2.6736220001334834,False
3714.03,RADAR_A,RADAR_A-T5880,HEDEF_3_MANEVRA,429611.1428286607,115742.11168196883,-256.1026897145243,144.97318563104517,9,420.1704547294216,2.6736220001334834,False
3716.2,RADAR_A,RADAR_A-T5880,HEDEF_3_MANEVRA,430012.33278778795,117128.96965643497,-244.62253661974512,149.63910522474066,10,407.3029675185194,2.021831720409404,False
3716.68,RADAR_B,RADAR_B-T8747,HEDEF_3_MANEVRA,429453.2823847784,116560.78299604187,-238.94131870306208,136.15870213682373,5,601.5560327315128,8.1756070113073,False
3718.24,RADAR_A,RADAR_A-T5880,HEDEF_3_MANEVRA,430220.6601019705,117755.38457053449,-235.85653122090304,147.48652665873246,11,399.92753533127,1.528938460803196,False
3720.82,RADAR_A,RADAR_A-SC14575,STATIC_CLUTTER,-336645.7534264763,-43833.55604060611,-0.3652113734881611,-0.026130999517014968,3,857.790551951732,14.296509199195533,True
3721.91,RADAR_B,RADAR_B-T8747,HEDEF_3_MANEVRA,430935.7709212409,117993.1489408955,-220.62383062499015,147.37363399887528,8,408.72275843155626,3.5355339059327378,False
3722.68,RADAR_A,RADAR_A-T6064,HEDEF_3_MANEVRA,431396.4299002643,117171.10846751662,-218.07803272682395,160.6765482502313,10,408.6572481239544,2.021831720409404,False
3725.56,RADAR_A,RADAR_A-T6064,HEDEF_3_MANEVRA,431907.3715069442,118917.49972704379,-203.0420395748465,155.03936280417582,10,409.25985743132065,2.021831720409404,False
3726.51,RADAR_B,RADAR_B-SC69319,STATIC_CLUTTER,389170.47960781364,-173896.96368991092,0.37458328968992516,0.9101044119280404,3,857.790551951732,14.296509199195533,True
3727.55,RADAR_B,RADAR_B-T8747,HEDEF_3_MANEVRA,432705.5763463209,118619.57478755091,-190.56552443513004,121.61294111441926,6,510.428073218996,6.1825125572116635,False
3728.26,RADAR_A,RADAR_A-T6064,HEDEF_3_MANEVRA,432595.02942023036,118827.45968754365,-187.37406705308427,140.39292847920376,9,423.0540542558558,2.6736220001334834,False
3733.69,RADAR_A,RADAR_A-T7204,HEDEF_3_MANEVRA,433784.92903988407,119274.29339770833,-163.64631519226873,143.6959341588209,11,403.224314691865,1.528938460803196,False
3736.25,RADAR_A,RADAR_A-T7204,HEDEF_3_MANEVRA,434419.4144774698,119052.77833529346,-156.7459860497973,161.27359741685757,11,403.77047010912463,1.528938460803196,False
3737.67,RADAR_B,RADAR_B-SC55470,STATIC_CLUTTER,100604.2819614616,207788.02912639835,-0.5832799829081459,-0.393082348568022,1,1500.0,25.0,True
3738.6,RADAR_B,RADAR_B-T9506,HEDEF_3_MANEVRA,434767.7819625777,119704.47936268045,-137.27080453743974,150.97024317504057,7,450.94494181734206,4.6753056338464924,False
3738.9,RADAR_A,RADAR_A-T7204,HEDEF_3_MANEVRA,434784.13674417516,120599.3555126431,-141.51725477108917,139.8188080788193,11,404.3374769105293,1.528938460803196,False
3743.15,RADAR_A,RADAR_A-T8333,HEDEF_3_MANEVRA,435818.2732442681,121151.9430006965,-118.17019763787485,141.70796020122782,11,405.2448975739528,1.528938460803196,False
3744.06,RADAR_B,RADAR_B-T9506,HEDEF_3_MANEVRA,436029.5906340381,120425.61149714878,-111.22501836456425,131.34213460507576,8,412.93932059991903,3.5355339059327378,False
3745.56,RADAR_A,RADAR_A-T8333,HEDEF_3_MANEVRA,436410.97247320955,121366.08550119032,-113.38226714356443,150.69327666655113,11,405.7614736584471,1.528938460803196,False
3747.92,RADAR_A,RADAR_A-T8333,HEDEF_3_MANEVRA,436966.060182006,121519.20792056652,-102.78318345773262,144.6099926933428,11,406.2657236210363,1.528938460803196,False
3749.85,RADAR_B,RADAR_B-SC55470,STATIC_CLUTTER,100567.38187167908,207793.36711226072,0.6542753631717033,0.38541271183207904,3,857.790551951732,14.296509199195533,True
3750.35,RADAR_B,RADAR_B-T9506,HEDEF_3_MANEVRA,437095.4174349792,121897.84993393984,-87.64932279005427,121.17480614138933,7,452.9946149354676,4.6753056338464924,False
3752.09,RADAR_C,RADAR_C-T7099,HEDEF_3_MANEVRA,438428.3272099144,122285.1942292533,-56.70026428360469,118.82374009002908,3,935.2707405924411,14.296509199195533,False
3754.17,RADAR_A,RADAR_A-T5623,HEDEF_3_MANEVRA,438057.561575209,122328.98742864002,-70.82097756723823,138.89532536332297,9,428.31895267449266,2.6736220001334834,False
3756.28,RADAR_B,RADAR_B-T9506,HEDEF_3_MANEVRA,438641.0541896218,122955.68724133828,-69.40714525589452,152.75355429009963,9,391.39216272363086,2.6736220001334834,False
3759.54,RADAR_A,RADAR_A-T4632,HEDEF_3_MANEVRA,439473.5352984783,123087.11110467002,-50.84369425347997,154.67415877445634,11,408.7499675473748,1.528938460803196,False
3762.25,RADAR_B,RADAR_B-T9506,HEDEF_3_MANEVRA,440288.06211425713,123560.8789120002,-30.72437251454791,121.04895373564027,6,515.7605893229337,6.1825125572116635,False
3762.32,RADAR_A,RADAR_A-T4632,HEDEF_3_MANEVRA,439968.113543762,123764.40124357231,-37.62936925109965,148.87138346134836,9,429.97926801729574,2.6736220001334834,False
3764.25,RADAR_A,RADAR_A-SC62965,STATIC_CLUTTER,-331718.2935147939,-102082.88671140766,-0.12822745065557367,-0.33024126442775825,1,1500.0,25.0,True
3764.43,RADAR_A,RADAR_A-T4632,HEDEF_3_MANEVRA,440763.8996428982,123803.07280608326,-25.487906688517054,144.2697338998872,9,430.4084239832377,2.6736220001334834,False
3765.44,RADAR_B,RADAR_B-T9506,HEDEF_3_MANEVRA,441039.4158366968,123976.96833203755,-25.08631720393651,150.44368959056806,7,455.6355485290877,4.6753056338464924,False
3768.57,RADAR_A,RADAR_A-T9657,HEDEF_3_MANEVRA,441346.6183838744,124824.63363665383,-2.820475444250654,136.99402017690602,9,431.25235761765055,2.6736220001334834,False
3770.45,RADAR_B,RADAR_B-SC46433,STATIC_CLUTTER,-343919.6031327356,108121.93391376353,-0.1338406032968159,0.23584636091089575,4,648.6736521905174,10.811227536508623,True
3770.77,RADAR_B,RADAR_B-T9506,HEDEF_3_MANEVRA,441535.3463629836,124773.18734142081,-7.27858609441455,162.53040469346834,6,517.0796365403814,6.1825125572116635,False
3771.78,RADAR_A,RADAR_A-T9657,HEDEF_3_MANEVRA,442443.22925296397,124508.97494047308,2.6537416175455064,147.3985962536534,11,411.37137871289326,1.528938460803196,False
3774.23,RADAR_A,RADAR_A-T9657,HEDEF_3_MANEVRA,442746.574916369,124998.4869281732,11.831986284592027,148.06803328158537,9,432.40766515769064,2.6736220001334834,False
3776.36,RADAR_A,RADAR_A-T9657,HEDEF_3_MANEVRA,443208.0570135554,125744.6180121394,27.199218635062174,141.74628653023305,11,412.35335006537827,1.528938460803196,False
3777.79,RADAR_B,RADAR_B-T9506,HEDEF_3_MANEVRA,443382.59469917015,126281.64998009865,30.57391673987255,150.20714149366404,9,395.7644576928815,2.6736220001334834,False
3779.04,RADAR_A,RADAR_A-T9657,HEDEF_3_MANEVRA,443824.5842472966,125995.9784353135,39.09350713376183,151.829371313643,11,412.927664190937,1.528938460803196,False
3783.24,RADAR_A,RADAR_A-T3378,HEDEF_3_MANEVRA,444461.24860194075,126565.59209441897,55.528161572714,150.47574056873995,9,434.24717535946485,2.6736220001334834,False
3785.69,RADAR_A,RADAR_A-T3378,HEDEF_3_MANEVRA,444943.59570880857,126792.50666268487,75.21676276780687,147.71600444279358,9,434.7483043903782,2.6736220001334834,False
3788.5,RADAR_A,RADAR_A-SC14575,STATIC_CLUTTER,-336626.8312742661,-43807.6868565197,-0.18658219729629413,0.3162853620646228,2,1134.321747974356,18.905362466239264,True
3788.65,RADAR_A,RADAR_A-T3378,HEDEF_3_MANEVRA,445792.0069203157,127556.98197342665,80.84149886346633,143.539195146566,11,414.98774128579885,1.528938460803196,False
3791.43,RADAR_A,RADAR_A-T3378,HEDEF_3_MANEVRA,446333.3056162561,128141.54810668119,93.08666294560227,143.88178042371194,11,415.5840010972007,1.528938460803196,False
3792.84,RADAR_B,RADAR_B-T1972,HEDEF_3_MANEVRA,446127.4445674723,128075.94364947102,94.83899273294544,165.67907061246268,5,611.5231650151579,8.1756070113073,False
3793.13,RADAR_B,RADAR_B-SC55470,STATIC_CLUTTER,100569.01159640161,207799.4397665061,0.4791458827671836,0.10244591359297618,2,1134.321747974356,18.905362466239264,True
3800.44,RADAR_A,RADAR_A-T5487,HEDEF_3_MANEVRA,448484.7869861287,129010.46430228787,135.5148231852854,153.10209056522137,11,417.51760500970516,1.528938460803196,False
3800.75,RADAR_C,RADAR_C-T1918,HEDEF_3_MANEVRA,448991.27000858577,129068.30356176643,117.4561742560945,164.6053139254924,5,622.293342145245,8.1756070113073,False
3802.37,RADAR_B,RADAR_B-T1468,HEDEF_3_MANEVRA,448403.23532578186,130187.02019472516,138.37284241838094,168.93911561898045,6,522.0114544852959,6.1825125572116635,False
3803.09,RADAR_B,RADAR_B-SC55470,STATIC_CLUTTER,100556.03405820743,207837.02191886373,-0.25022786435637917,-0.1343914867903461,3,857.790551951732,14.296509199195533,True
3806.29,RADAR_B,RADAR_B-SC55470,STATIC_CLUTTER,100576.24010114446,207816.66007282815,0.4020432239347167,0.015401699215094012,4,648.6736521905174,10.811227536508623,True
3807.37,RADAR_A,RADAR_A-T1068,HEDEF_3_MANEVRA,449960.4370483562,130464.71792518019,167.12511360072796,153.27648232043953,11,419.0067315663797,1.528938460803196,False
3808.63,RADAR_B,RADAR_B-T1468,HEDEF_3_MANEVRA,450259.8320596,130355.73354658476,173.11547308479825,155.67994251683243,6,522.9946280815965,6.1825125572116635,False
3809.19,RADAR_C,RADAR_C-T1918,HEDEF_3_MANEVRA,449639.5948725305,129289.67945065195,166.32893451206127,131.7100415758365,5,623.385229452536,8.1756070113073,False
3810.74,RADAR_B,RADAR_B-SC46433,STATIC_CLUTTER,-343916.4081397461,108120.34317676784,-0.5168358843684916,-1.6896978842419712,1,1500.0,25.0,True
3812.88,RADAR_A,RADAR_A-T7436,HEDEF_3_MANEVRA,451165.4384751543,131421.0076727639,193.02474287681494,151.56577776684935,10,427.6231964842684,2.021831720409404,False
3813.27,RADAR_B,RADAR_B-T1468,HEDEF_3_MANEVRA,451645.0679981521,130412.86870738429,198.03701501792946,125.13251764741263,7,464.0825517443279,4.6753056338464924,False
3815.16,RADAR_A,RADAR_A-T7436,HEDEF_3_MANEVRA,451971.8877489811,131449.61153286195,207.30974260009347,126.18869913851353,9,440.7846384017456,2.6736220001334834,False
3816.47,RADAR_B,RADAR_B-T1468,HEDEF_3_MANEVRA,452185.3823586162,131784.0655890301,210.15803956346747,140.409081850166,6,524.2286026848511,6.1825125572116635,False
3817.7,RADAR_A,RADAR_A-T7436,HEDEF_3_MANEVRA,452224.42190160614,132040.07554860986,213.38949112773633,150.42508008499428,11,421.2282137087595,1.528938460803196,False
3820.1,RADAR_A,RADAR_A-T7436,HEDEF_3_MANEVRA,452952.299370697,131958.7335915787,226.4873633230345,138.2676693956533,11,421.74398606424626,1.528938460803196,False
3820.34,RADAR_B,RADAR_B-SC55470,STATIC_CLUTTER,100592.64152042847,207797.55017474407,0.7803755415553933,-0.8775035090860679,1,1500.0,25.0,True
3821.05,RADAR_C,RADAR_C-T1918,HEDEF_3_MANEVRA,451499.0506052125,131422.19179605847,237.5119796523516,104.0755715332063,3,941.1226724322887,14.296509199195533,False
3827.79,RADAR_A,RADAR_A-T2154,HEDEF_3_MANEVRA,454512.56224705005,133540.9600235435,254.88016473548083,153.41001303461672,11,423.39783164368856,1.528938460803196,False
3829.85,RADAR_B,RADAR_B-T2494,HEDEF_3_MANEVRA,454908.86718237394,133846.81063513062,254.32716040528172,172.4141041926447,6,526.3430506621347,6.1825125572116635,False
3830.0,RADAR_A,RADAR_A-T2154,HEDEF_3_MANEVRA,454951.36830442643,133702.81736892482,277.03069005126736,134.96441516809767,9,443.8312703194773,2.6736220001334834,False
3831.52,RADAR_B,RADAR_B-SC46433,STATIC_CLUTTER,-343911.1047835883,108146.82322623974,0.45358734530764333,0.8343387108982244,3,857.790551951732,14.296509199195533,True
3834.78,RADAR_B,RADAR_B-T2494,HEDEF_3_MANEVRA,455995.9804711376,133892.90214149153,292.9425053299895,138.0261838188873,7,467.91723085025023,4.6753056338464924,False
3837.37,RADAR_A,RADAR_A-T8658,HEDEF_3_MANEVRA,456709.197945405,134966.3233954569,304.6393620387314,145.14678382141267,10,432.80046176391244,2.021831720409404,False
3845.95,RADAR_A,RADAR_A-T3612,HEDEF_3_MANEVRA,458757.96009524283,135309.3971338382,344.50442310834705,135.62671076594114,9,447.1148885881658,2.6736220001334834,False
3847.74,RADAR_B,RADAR_B-SC69319,STATIC_CLUTTER,389165.4454028601,-173890.78402178918,0.08779758374261055,-0.7741160483394193,2,1134.321747974356,18.905362466239264,True
3848.03,RADAR_A,RADAR_A-T3612,HEDEF_3_MANEVRA,458845.12722887157,136246.83504297698,351.42481693357456,143.96458957186138,11,427.75691110972963,1.528938460803196,False
3849.49,RADAR_B,RADAR_B-T4193,HEDEF_3_MANEVRA,459176.4628213949,136756.58730604168,353.32339377001017,147.19980657571065,8,433.27747386763707,3.5355339059327378,False
3850.23,RADAR_A,RADAR_A-SC14575,STATIC_CLUTTER,-336598.11960940436,-43807.52441693858,-0.3647487982951856,-0.2501294215758762,2,1134.321747974356,18.905362466239264,True
3850.68,RADAR_A,RADAR_A-T3612,HEDEF_3_MANEVRA,459587.2917949641,135915.18382364276,362.6923627372653,152.60571321605096,11,428.32810653950753,1.528938460803196,False
3853.36,RADAR_A,RADAR_A-T3612,HEDEF_3_MANEVRA,460230.3212186219,136754.4816044051,374.0212567730673,155.6547557854899,9,448.6409153558337,2.6736220001334834,False
3854.23,RADAR_C,RADAR_C-SC05477,STATIC_CLUTTER,55125.05611197361,53327.84767063678,0.08856126378896058,-0.4380156750359649,3,857.790551951732,14.296509199195533,True
3859.69,RADAR_A,RADAR_A-T7815,HEDEF_3_MANEVRA,461652.08596180397,137920.98932937504,403.7154423127504,146.92843221770107,10,437.53215149751327,2.021831720409404,False
3861.84,RADAR_A,RADAR_A-SC14575,STATIC_CLUTTER,-336594.53170073096,-43803.85911777814,0.12482543973648923,1.0862099449739158,2,1134.321747974356,18.905362466239264,True
3862.98,RADAR_C,RADAR_C-SC05477,STATIC_CLUTTER,55144.42653920004,53307.44788599593,0.040257865417971425,-0.14050459938662288,3,857.790551951732,14.296509199195533,True
3863.43,RADAR_B,RADAR_B-T7437,HEDEF_3_MANEVRA,462158.86697531334,138888.9355248251,421.6338375240155,154.27306109139514,8,435.99660185354884,3.5355339059327378,False
3864.13,RADAR_A,RADAR_A-SC62965,STATIC_CLUTTER,-331748.7606180618,-102046.63147897678,-0.6102852466377735,0.0708315316764235,1,1500.0,25.0,True
3866.63,RADAR_A,RADAR_A-T5658,HEDEF_3_MANEVRA,462897.37749873404,139152.23279862455,437.76563021016807,147.46630334401144,10,439.0041266412015,2.021831720409404,False
3868.92,RADAR_A,RADAR_A-T5658,HEDEF_3_MANEVRA,463706.88606620947,139388.48660348222,445.41059930932886,141.38564752776702,9,451.85105308406327,2.6736220001334834,False
3871.35,RADAR_B,RADAR_B-T4057,HEDEF_3_MANEVRA,464007.7235084054,139462.61829338822,451.08207955676727,152.88890972327934,9,414.9438591602935,2.6736220001334834,False
3871.99,RADAR_C,RADAR_C-T8259,HEDEF_3_MANEVRA,465032.93650222983,139933.39771008558,453.8759186760952,181.80623101868935,3,945.5943910829575,14.296509199195533,False
3874.25,RADAR_A,RADAR_A-T6218,HEDEF_3_MANEVRA,464742.28670476185,140300.63658957693,473.55601997202115,132.37561448766195,10,440.62147223980134,2.021831720409404,False
3876.53,RADAR_A,RADAR_A-T6218,HEDEF_3_MANEVRA,465492.6789359681,139756.26678015728,480.8542888714958,143.31393820778226,10,441.1077635588965,2.021831720409404,False
3878.76,RADAR_A,RADAR_A-T6218,HEDEF_3_MANEVRA,465665.04227693204,140881.19588633967,485.6463224777367,153.09382281353487,9,453.8843179902335,2.6736220001334834,False
3880.95,RADAR_B,RADAR_B-SC46433,STATIC_CLUTTER,-343949.3562169338,108117.32367733444,0.4884005927304272,0.21391746556315097,2,1134.321747974356,18.905362466239264,True
3880.95,RADAR_B,RADAR_B-SC69319,STATIC_CLUTTER,389181.56156092207,-173926.73305035985,0.3627350510828322,-0.29043317586039946,2,1134.321747974356,18.905362466239264,True
3881.0,RADAR_B,RADAR_B-T6217,HEDEF_3_MANEVRA,465893.6968136924,140989.03140715705,492.60445330229237,173.5371817570742,8,439.43357030638117,3.5355339059327378,False
3881.55,RADAR_A,RADAR_A-T6218,HEDEF_3_MANEVRA,466334.61620143,141562.4631010865,501.2820766912615,152.89209829800828,10,442.1728559725191,2.021831720409404,False
3881.86,RADAR_C,RADAR_C-SC05477,STATIC_CLUTTER,55079.89761857946,53300.72101432284,-1.2389639746475651,1.1549575948271376,2,1134.321747974356,18.905362466239264,True
3884.02,RADAR_B,RADAR_B-SC46433,STATIC_CLUTTER,-343968.01369231596,108141.2129451137,-0.04597993968549556,-0.4095034208743354,4,648.6736521905174,10.811227536508623,True
3884.02,RADAR_B,RADAR_B-SC69319,STATIC_CLUTTER,389152.88356753887,-173929.25824613177,-0.7713758857695061,0.45109642200550476,3,857.790551951732,14.296509199195533,True
3887.0,RADAR_A,RADAR_A-T1313,HEDEF_3_MANEVRA,467643.1121862116,141683.3412866224,526.7109840528868,145.3141740664723,10,443.33214159680256,2.021831720409404,False
3889.2,RADAR_A,RADAR_A-SC62965,STATIC_CLUTTER,-331725.8464810239,-102094.71960385473,0.3480394195378763,-0.33290034593825313,4,648.6736521905174,10.811227536508623,True
3889.2,RADAR_A,RADAR_A-SC14575,STATIC_CLUTTER,-336583.93711466127,-43828.50206610908,-0.0932864985235048,-0.11186441304627455,1,1500.0,25.0,True
3889.43,RADAR_A,RADAR_A-T1313,HEDEF_3_MANEVRA,468076.40930173086,142160.7836236013,531.8962914338508,155.80891627552475,11,436.6929933842449,1.528938460803196,False
3892.0,RADAR_A,RADAR_A-T1313,HEDEF_3_MANEVRA,468892.1492290571,142965.24416354892,550.361009648893,137.59697865867608,9,456.6236274590801,2.6736220001334834,False
3893.81,RADAR_B,RADAR_B-SC46433,STATIC_CLUTTER,-343963.08575348655,108145.31583925882,-0.3721123467199508,-0.34467035895501036,3,857.790551951732,14.296509199195533,True
3896.38,RADAR_A,RADAR_A-T2927,HEDEF_3_MANEVRA,469739.04379021726,143244.6955735764,574.2567811596367,143.7326251144118,10,445.32764799001643,2.021831720409404,False
3901.15,RADAR_A,RADAR_A-T5733,HEDEF_3_MANEVRA,470674.09937985695,144436.6502253138,592.2118294502781,145.06703766512388,11,439.2279437889572,1.528938460803196,False
3902.67,RADAR_C,RADAR_C-T5264,HEDEF_3_MANEVRA,470711.6969035034,143867.27237970702,570.5399805284242,284.81247818452636,4,764.4201925710081,10.811227536508623,False
3909.03,RADAR_B,RADAR_B-SC46433,STATIC_CLUTTER,-343963.798295698,108118.24435919273,0.1488220374933762,0.29429792204643035,4,648.6736521905174,10.811227536508623,True
3909.7,RADAR_A,RADAR_A-T3345,HEDEF_3_MANEVRA,472389.0448243798,146004.6392461508,629.8091338338578,142.30817704804193,10,448.1645089524077,2.021831720409404,False
3915.56,RADAR_A,RADAR_A-T2559,HEDEF_3_MANEVRA,473734.1718162718,146167.7479306765,657.4917056541079,148.27001748962763,11,442.3488616586058,1.528938460803196,False
3919.85,RADAR_A,RADAR_A-T4488,HEDEF_3_MANEVRA,474888.65042684897,146093.12187900185,674.7897281215193,154.08480959185917,10,450.3269166756526,2.021831720409404,False
3922.53,RADAR_B,RADAR_B-T4226,HEDEF_3_MANEVRA,475241.41372221307,147758.4730906634,689.5683658894985,157.41977586867074,8,447.6012162456428,3.5355339059327378,False
3927.74,RADAR_B,RADAR_B-T4226,HEDEF_3_MANEVRA,476507.1841404292,147898.59152497357,714.4496944458473,125.59838620553752,6,542.100981125208,6.1825125572116635,False
3932.12,RADAR_B,RADAR_B-T4226,HEDEF_3_MANEVRA,477489.27647324535,149061.29682243476,734.928265072906,110.41459132651434,6,542.8164729203755,6.1825125572116635,False
3932.9,RADAR_B,RADAR_B-SC55470,STATIC_CLUTTER,100560.75677348701,207760.3991526218,0.11809944567479108,-0.17912824526164334,3,857.790551951732,14.296509199195533,True
3941.02,RADAR_C,RADAR_C-SC05477,STATIC_CLUTTER,55127.13705255782,53333.79833980582,-0.790936550784488,0.45608915288183666,3,857.790551951732,14.296509199195533,True
3944.47,RADAR_C,RADAR_C-T8248,HEDEF_3_MANEVRA,479695.5390540584,150584.51976263063,712.9342741380156,188.3343557678284,4,769.096941208073,10.811227536508623,False
3947.04,RADAR_B,RADAR_B-SC69319,STATIC_CLUTTER,389173.9752879644,-173897.7895558038,0.06721543937277033,-0.25706365224561645,1,1500.0,25.0,True
3948.01,RADAR_B,RADAR_B-T5586,HEDEF_3_MANEVRA,480538.8000901718,150725.82242227075,713.4051064169759,142.83111946951357,6,545.3061918346588,6.1825125572116635,False
3953.2,RADAR_B,RADAR_B-SC55470,STATIC_CLUTTER,100562.26085628182,207792.11026763578,0.46127292793210717,0.7657359502203788,3,857.790551951732,14.296509199195533,True
3954.15,RADAR_C,RADAR_C-SC05477,STATIC_CLUTTER,55092.12250555775,53293.50941091937,0.28621955423460815,-0.1728569925749861,4,648.6736521905174,10.811227536508623,True
3958.48,RADAR_B,RADAR_B-T2463,HEDEF_3_MANEVRA,483147.7336247974,151730.23160643913,681.4255161804614,161.48441360407003,7,490.1370598576843,4.6753056338464924,False
3961.12,RADAR_C,RADAR_C-T4514,HEDEF_3_MANEVRA,484572.1808212326,152723.9467851538,686.4671845480615,158.021417104981,4,770.9076141226693,10.811227536508623,False
3962.57,RADAR_A,RADAR_A-SC62965,STATIC_CLUTTER,-331758.5563349358,-102070.6283805951,-0.23387042836112973,0.5013507986631509,3,857.790551951732,14.296509199195533,True
3969.09,RADAR_B,RADAR_B-T5020,HEDEF_3_MANEVRA,484848.0809938567,153579.956195872,685.2110097695551,114.5861885232434,8,456.47371737904365,3.5355339059327378,False
3971.4,RADAR_B,RADAR_B-SC69319,STATIC_CLUTTER,389198.2472555161,-173887.85957734226,0.3203561126256747,-0.03912171554368219,2,1134.321747974356,18.905362466239264,True
3972.73,RADAR_C,RADAR_C-T4514,HEDEF_3_MANEVRA,485658.5360215616,154618.2513405949,707.8379789388964,102.87985264964402,4,772.178322238178,10.811227536508623,False
3973.61,RADAR_B,RADAR_B-T5020,HEDEF_3_MANEVRA,485931.57247489743,154439.509931233,646.9047689828277,193.2309893954612,7,492.78668706933615,4.6753056338464924,False
3983.61,RADAR_B,RADAR_B-T3712,HEDEF_3_MANEVRA,488113.6142086022,156430.15883324287,648.4753019090219,145.89255069156215,9,437.73713403298956,2.6736220001334834,False
3984.89,RADAR_B,RADAR_B-SC55470,STATIC_CLUTTER,100556.14042857668,207804.06126868783,0.39468297517560663,-0.28093790376457156,1,1500.0,25.0,True
3989.67,RADAR_B,RADAR_B-SC46433,STATIC_CLUTTER,-343933.45823824196,108113.8232754911,0.37830915927937214,-0.11248381126999879,3,857.790551951732,14.296509199195533,True
3994.36,RADAR_C,RADAR_C-SC05477,STATIC_CLUTTER,55116.38211546751,53324.60746732606,-0.4965170972415595,-0.5210940109908502,3,857.790551951732,14.296509199195533,True
3999.43,RADAR_C,RADAR_C-T8164,HEDEF_3_MANEVRA,491058.5485260221,158474.79749092966,617.7857959871806,131.5371362392076,6,563.5975716868605,6.1825125572116635,False
3999.54,RADAR_B,RADAR_B-SC55470,STATIC_CLUTTER,100571.34009471536,207829.82720683917,0.09321836138197151,0.8125959701245556,1,1500.0,25.0,True
4001.92,RADAR_A,RADAR_A-SC14575,STATIC_CLUTTER,-336636.9081666096,-43833.50707726181,-0.4961311691314466,-0.8573698828314121,1,1500.0,25.0,True
4006.65,RADAR_A,RADAR_A-SC14575,STATIC_CLUTTER,-336598.3205567897,-43858.85967436792,-0.2601065354955004,-0.42747262556332205,1,1500.0,25.0,True
4010.64,RADAR_B,RADAR_B-T4152,HEDEF_3_MANEVRA,493765.78501565824,160048.8396205351,583.8531001771464,174.91366871105998,6,555.1740705694557,6.1825125572116635,False
4013.09,RADAR_B,RADAR_B-SC55470,STATIC_CLUTTER,100589.64149425218,207767.13335937524,-1.0212080895638747,0.2366293712343017,1,1500.0,25.0,True
4013.09,RADAR_B,RADAR_B-SC46433,STATIC_CLUTTER,-343917.05014414754,108099.82053066372,1.1877596947928206,-0.9678100693179952,1,1500.0,25.0,True
4015.16,RADAR_A,RADAR_A-SC62965,STATIC_CLUTTER,-331697.73523172544,-102076.78059010897,-0.5642898200025489,-0.2754570118308834,3,857.790551951732,14.296509199195533,True
4021.92,RADAR_B,RADAR_B-T7584,HEDEF_3_MANEVRA,496086.32958280866,162275.96633302272,588.8342789895278,140.13811651947015,7,501.29992436716793,4.6753056338464924,False
4023.37,RADAR_B,RADAR_B-SC46433,STATIC_CLUTTER,-343953.57514535205,108097.47845891325,0.6857238726615081,0.21741252089513274,2,1134.321747974356,18.905362466239264,True
4025.18,RADAR_A,RADAR_A-SC62965,STATIC_CLUTTER,-331730.65356616105,-102082.08525439506,0.8534593149198941,-0.3616348393931776,4,648.6736521905174,10.811227536508623,True
4027.27,RADAR_B,RADAR_B-SC46433,STATIC_CLUTTER,-343956.22308342915,108107.43793532222,0.45003710012266335,0.4663321818606613,1,1500.0,25.0,True
4027.83,RADAR_A,RADAR_A-SC62965,STATIC_CLUTTER,-331748.05277777184,-102073.35384507428,-1.122041660887275,0.5327806260711511,4,648.6736521905174,10.811227536508623,True
4028.08,RADAR_B,RADAR_B-T7584,HEDEF_3_MANEVRA,497173.43652296206,162322.93937016834,568.1371371956086,151.47012264113613,9,446.5865640868584,2.6736220001334834,False
4031.35,RADAR_C,RADAR_C-SC05477,STATIC_CLUTTER,55140.41340552027,53284.562960281204,0.2240282085119235,0.6114109049209715,2,1134.321747974356,18.905362466239264,True
4032.91,RADAR_B,RADAR_B-T7584,HEDEF_3_MANEVRA,498642.32091596717,162972.49284019822,558.5398071698728,132.4000640221137,6,558.7242333576905,6.1825125572116635,False
4039.62,RADAR_B,RADAR_B-T7584,HEDEF_3_MANEVRA,499655.4688064989,163790.92919936668,544.6568429651461,141.29837797720387,9,448.8892906001809,2.6736220001334834,False
4043.81,RADAR_B,RADAR_B-T7584,HEDEF_3_MANEVRA,500424.6124976954,164993.44888618845,536.0184849803403,148.79369599406948,8,470.65993528984455,3.5355339059327378,False
4048.18,RADAR_C,RADAR_C-T4393,HEDEF_3_MANEVRA,500914.6706708941,164742.5122163618,542.44267525103,85.75326474727814,5,655.1062646674189,8.1756070113073,False
4048.21,RADAR_C,RADAR_C-SC05477,STATIC_CLUTTER,55144.997581508454,53279.80985989665,-0.5341326994983506,0.2829845787453766,4,648.6736521905174,10.811227536508623,True
4052.86,RADAR_B,RADAR_B-CL49210,CLUTTER,-123796.51986546529,-174336.58103154297,0.584474009968008,1.1938013535162926,5,490.536420678438,8.1756070113073,True
4057.62,RADAR_B,RADAR_B-T3939,HEDEF_3_MANEVRA,502069.4670122821,166539.32709992077,509.0892473013934,163.07122859377705,5,647.7937493133913,8.1756070113073,False
4061.08,RADAR_A,RADAR_A-SC62965,STATIC_CLUTTER,-331755.444929705,-102034.97325822628,0.3894089002393954,-0.9561083588290819,4,648.6736521905174,10.811227536508623,True
4067.4,RADAR_B,RADAR_B-T3144,HEDEF_3_MANEVRA,505258.91821991163,168258.13903897238,499.43538689715217,140.64340050558275,8,475.16900731019206,3.5355339059327378,False
4067.78,RADAR_B,RADAR_B-SC46433,STATIC_CLUTTER,-343934.29123390873,108056.41987806953,0.5549972346203469,0.5622741559380615,4,648.6736521905174,10.811227536508623,True
4072.13,RADAR_B,RADAR_B-T3144,HEDEF_3_MANEVRA,505946.9660181451,168998.11917460954,491.17746341555335,138.38654608995034,6,565.0245786686745,6.1825125572116635,False
4076.11,RADAR_B,RADAR_B-T3144,HEDEF_3_MANEVRA,507340.92048503464,169517.2547757252,483.3259169172286,134.44373075986934,9,456.1885440579086,2.6736220001334834,False
4076.76,RADAR_A,RADAR_A-SC62965,STATIC_CLUTTER,-331739.4989268761,-102087.17817611407,-0.791844284416721,-0.33849614008358114,1,1500.0,25.0,True
4082.21,RADAR_B,RADAR_B-T3144,HEDEF_3_MANEVRA,508804.36590434634,170011.3408949811,476.9325556176629,117.84674899147744,6,566.653722129217,6.1825125572116635,False
4086.33,RADAR_C,RADAR_C-SC05477,STATIC_CLUTTER,55135.2900180059,53325.47077302347,0.2119139056640893,0.16848179211248313,4,648.6736521905174,10.811227536508623,True
4091.87,RADAR_B,RADAR_B-SC55470,STATIC_CLUTTER,100588.83886951642,207769.51601666296,-1.1798208532611953,0.5359091150707462,2,1134.321747974356,18.905362466239264,True
4095.1,RADAR_B,RADAR_B-T2517,HEDEF_3_MANEVRA,510816.1690510359,171820.50755928786,445.76507223673605,140.11220080198387,6,568.7416457331647,6.1825125572116635,False
4096.81,RADAR_B,RADAR_B-SC69319,STATIC_CLUTTER,389135.8804967783,-173906.75174046503,-0.9182921572941555,-0.8585761992069338,4,648.6736521905174,10.811227536508623,True
4102.88,RADAR_B,RADAR_B-SC46433,STATIC_CLUTTER,-343953.2069790005,108111.35261622739,-0.06550925063135568,0.7750494263150471,2,1134.321747974356,18.905362466239264,True
4105.18,RADAR_C,RADAR_C-SC05477,STATIC_CLUTTER,55140.5728959312,53304.98844153636,0.02288636894727129,0.029922641284072675,3,857.790551951732,14.296509199195533,True
4123.28,RADAR_B,RADAR_B-T5792,HEDEF_3_MANEVRA,515289.88844419277,176783.02282520503,385.1246488267291,146.7059270340177,9,464.3211855955837,2.6736220001334834,False
4129.19,RADAR_C,RADAR_C-SC05477,STATIC_CLUTTER,55121.57905591666,53327.52724831683,-0.49997411220695265,0.22876694615270546,4,648.6736521905174,10.811227536508623,True
4130.44,RADAR_B,RADAR_B-T5792,HEDEF_3_MANEVRA,515431.24802173174,177606.35427371511,369.34307339960475,161.5800931143982,8,485.12828662788144,3.5355339059327378,False
4138.04,RADAR_B,RADAR_B-SC69319,STATIC_CLUTTER,389191.44224935083,-173876.71662889633,0.051779173771054704,0.5342321108318242,4,648.6736521905174,10.811227536508623,True
4145.25,RADAR_C,RADAR_C-SC05477,STATIC_CLUTTER,55099.307415268006,53334.71572623049,0.041082138812737035,0.46164249467286395,4,648.6736521905174,10.811227536508623,True
4149.07,RADAR_B,RADAR_B-SC55470,STATIC_CLUTTER,100590.69444111384,207810.43958158972,-0.4477780574252695,0.42326642717274904,3,857.790551951732,14.296509199195533,True
4156.43,RADAR_C,RADAR_C-SC05477,STATIC_CLUTTER,55139.77071617326,53268.28402343404,-0.7117409918614607,0.1639658754622428,3,857.790551951732,14.296509199195533,True
4164.39,RADAR_A,RADAR_A-SC14575,STATIC_CLUTTER,-336576.9667026619,-43810.58127918985,0.07710416534212698,0.6530138129611905,1,1500.0,25.0,True
4172.02,RADAR_B,RADAR_B-SC55470,STATIC_CLUTTER,100584.21301493958,207792.4828508455,0.14309146055622635,0.4671014537363561,1,1500.0,25.0,True
4176.15,RADAR_A,RADAR_A-SC62965,STATIC_CLUTTER,-331741.5330587753,-102075.07128017592,-0.5181540855222686,-0.9025870856890051,2,1134.321747974356,18.905362466239264,True
4181.87,RADAR_B,RADAR_B-SC69319,STATIC_CLUTTER,389152.84286295023,-173893.46335403548,0.19600641051553191,0.31469283819144384,2,1134.321747974356,18.905362466239264,True
4196.81,RADAR_B,RADAR_B-SC46433,STATIC_CLUTTER,-343926.9008371693,108109.97104137855,0.6858508902660991,-0.000475384989880795,4,648.6736521905174,10.811227536508623,True
4198.45,RADAR_A,RADAR_A-SC14575,STATIC_CLUTTER,-336584.00399448565,-43790.18338538646,0.12916337784499968,0.7954989593120587,3,857.790551951732,14.296509199195533,True
4202.57,RADAR_C,RADAR_C-SC05477,STATIC_CLUTTER,55107.92657973326,53306.6857702695,0.0971666801301954,-0.5340096694821,3,857.790551951732,14.296509199195533,True
4230.93,RADAR_C,RADAR_C-SC05477,STATIC_CLUTTER,55106.61752756897,53306.06240672283,0.9541356467452473,0.5034006927552894,4,648.6736521905174,10.811227536508623,True
4231.93,RADAR_A,RADAR_A-SC14575,STATIC_CLUTTER,-336587.75043414376,-43847.47661765491,0.43991823119313345,-1.0668720652600159,2,1134.321747974356,18.905362466239264,True
4242.84,RADAR_A,RADAR_A-SC14575,STATIC_CLUTTER,-336653.2596439191,-43777.867276137236,-0.4236232288547254,-0.42667403784887165,1,1500.0,25.0,True
4249.35,RADAR_A,RADAR_A-SC14575,STATIC_CLUTTER,-336621.50870594644,-43796.36627086802,0.2249123125101341,-0.22837100918776998,4,648.6736521905174,10.811227536508623,True
4271.89,RADAR_A,RADAR_A-SC62965,STATIC_CLUTTER,-331714.4444041278,-102099.50968939689,-0.0132047540193618,-0.6469357101564515,3,857.790551951732,14.296509199195533,True
4292.3,RADAR_B,RADAR_B-SC55470,STATIC_CLUTTER,100548.20732988234,207803.9246048521,0.2510149963840628,-0.7780053170322295,3,857.790551951732,14.296509199195533,True
4292.3,RADAR_B,RADAR_B-SC46433,STATIC_CLUTTER,-343941.4710581723,108105.74962578272,0.15702158035958136,0.4239181087619784,2,1134.321747974356,18.905362466239264,True
4297.41,RADAR_B,RADAR_B-SC69319,STATIC_CLUTTER,389198.2492655418,-173872.8084548441,-0.9383735147175675,0.5520839219261809,4,648.6736521905174,10.811227536508623,True
4300.91,RADAR_A,RADAR_A-SC14575,STATIC_CLUTTER,-336614.2207666467,-43817.78563911952,0.31330273819756727,-0.39896906663233317,2,1134.321747974356,18.905362466239264,True
4303.49,RADAR_A,RADAR_A-SC14575,STATIC_CLUTTER,-336649.0192812023,-43826.58388554761,-0.26207642017417515,0.1622468856395997,1,1500.0,25.0,True
4303.49,RADAR_A,RADAR_A-SC62965,STATIC_CLUTTER,-331720.29578233784,-102077.81787956861,-0.38207511617634826,-0.007979639059476922,3,857.790551951732,14.296509199195533,True
4306.63,RADAR_B,RADAR_B-SC46433,STATIC_CLUTTER,-343944.33983312245,108101.64059506758,-0.43725731588569944,-0.13525672823737,3,857.790551951732,14.296509199195533,True
4310.47,RADAR_C,RADAR_C-SC05477,STATIC_CLUTTER,55128.16735060576,53324.131493788234,-0.6054706936921096,0.18728482250153333,2,1134.321747974356,18.905362466239264,True
4317.28,RADAR_B,RADAR_B-SC55470,STATIC_CLUTTER,100571.77331533079,207801.25445614592,-0.7298457778200166,-0.3698736599404625,4,648.6736521905174,10.811227536508623,True
4320.21,RADAR_A,RADAR_A-SC14575,STATIC_CLUTTER,-336608.71886195027,-43806.79054830857,-0.19523261297011632,0.2600286346882533,4,648.6736521905174,10.811227536508623,True
4322.48,RADAR_A,RADAR_A-SC14575,STATIC_CLUTTER,-336580.9369929529,-43818.25694144066,-0.17575918429131446,-0.38049413727735043,1,1500.0,25.0,True
4336.38,RADAR_A,RADAR_A-SC14575,STATIC_CLUTTER,-336592.0058358378,-43825.30638859116,-1.2794066867142784,-0.05520526213710461,3,857.790551951732,14.296509199195533,True
4338.53,RADAR_A,RADAR_A-SC62965,STATIC_CLUTTER,-331761.60724316246,-102116.87539869401,-0.7264033105172238,-0.18750611812438694,1,1500.0,25.0,True
4343.77,RADAR_B,RADAR_B-SC46433,STATIC_CLUTTER,-343948.43306380475,108106.6111546619,0.8578157026703572,-0.17736523806201243,3,857.790551951732,14.296509199195533,True
4346.59,RADAR_B,RADAR_B-SC55470,STATIC_CLUTTER,100569.4778501667,207790.8386020533,0.294891026329601,-0.3661907097140297,2,1134.321747974356,18.905362466239264,True
4346.59,RADAR_B,RADAR_B-SC69319,STATIC_CLUTTER,389178.7004756775,-173859.57606934162,0.47038700417441504,0.5041989543223151,2,1134.321747974356,18.905362466239264,True
4347.36,RADAR_A,RADAR_A-SC62965,STATIC_CLUTTER,-331723.08087502193,-102113.23809043372,0.5022322892789816,-0.306528935271765,1,1500.0,25.0,True
4349.32,RADAR_B,RADAR_B-SC46433,STATIC_CLUTTER,-343944.8411845742,108109.48106758263,-0.2192362854487865,-0.3739274164222256,1,1500.0,25.0,True
4381.17,RADAR_A,RADAR_A-SC62965,STATIC_CLUTTER,-331734.20195631776,-102071.44208601222,-0.6529627091382455,-0.7590001543772944,2,1134.321747974356,18.905362466239264,True
4382.0,RADAR_B,RADAR_B-SC46433,STATIC_CLUTTER,-343915.2007239817,108128.84280453918,0.2564534699439905,0.6908094470708208,2,1134.321747974356,18.905362466239264,True
4382.0,RADAR_B,RADAR_B-SC69319,STATIC_CLUTTER,389204.89387796004,-173876.37622653367,0.7113801571984407,-0.43486427141333894,3,857.790551951732,14.296509199195533,True
4383.36,RADAR_C,RADAR_C-SC05477,STATIC_CLUTTER,55123.01700775039,53299.10400972374,0.2703437378209031,-0.3711571550022282,1,1500.0,25.0,True
4396.72,RADAR_B,RADAR_B-SC46433,STATIC_CLUTTER,-343921.8328615416,108121.97854943265,0.6849791733148032,-0.2900323292446196,2,1134.321747974356,18.905362466239264,True
4404.52,RADAR_A,RADAR_A-SC14575,STATIC_CLUTTER,-336601.648256665,-43821.67575186285,-0.07936578083056542,0.447851889007972,1,1500.0,25.0,True
4412.25,RADAR_A,RADAR_A-SC62965,STATIC_CLUTTER,-331771.57388612535,-102099.49412883946,0.3002520994960909,-0.5134287384666277,2,1134.321747974356,18.905362466239264,True
4417.41,RADAR_A,RADAR_A-CL79861,CLUTTER,-261823.75856297265,266730.33427236474,0.36556885887861795,-0.2075212512051667,8,212.13203435596427,3.5355339059327378,True
4418.36,RADAR_B,RADAR_B-SC46433,STATIC_CLUTTER,-343963.2980700507,108116.83809879751,0.3135457603676277,-0.20562534913024244,2,1134.321747974356,18.905362466239264,True
4436.26,RADAR_A,RADAR_A-SC14575,STATIC_CLUTTER,-336584.067217582,-43832.00101940884,0.3689597962746188,0.02702654625340789,4,648.6736521905174,10.811227536508623,True
4446.28,RADAR_A,RADAR_A-SC14575,STATIC_CLUTTER,-336623.31444879575,-43808.297332334085,0.3272772268768042,-0.20319813293358788,4,648.6736521905174,10.811227536508623,True
4462.08,RADAR_A,RADAR_A-SC14575,STATIC_CLUTTER,-336618.9423185722,-43824.30727285718,0.7012001807116085,-0.16834142289085197,1,1500.0,25.0,True
4464.96,RADAR_B,RADAR_B-SC69319,STATIC_CLUTTER,389182.042032297,-173904.29855236874,-0.14292480460629045,0.3359204503813712,3,857.790551951732,14.296509199195533,True
4469.21,RADAR_C,RADAR_C-SC05477,STATIC_CLUTTER,55138.1184274301,53315.593700986705,0.5966970437291259,-0.17047550012723653,2,1134.321747974356,18.905362466239264,True
4470.05,RADAR_B,RADAR_B-SC55470,STATIC_CLUTTER,100579.30601088374,207814.94582302184,-0.501586163466881,0.08743864241917776,2,1134.321747974356,18.905362466239264,True
4475.15,RADAR_B,RADAR_B-SC55470,STATIC_CLUTTER,100546.98460711814,207765.16784194746,0.54679772825613,0.4367245437502984,3,857.790551951732,14.296509199195533,True
4479.16,RADAR_B,RADAR_B-SC69319,STATIC_CLUTTER,389150.71217431413,-173910.89188114574,0.08188894409101556,-0.8490540023906324,1,1500.0,25.0,True
4479.19,RADAR_A,RADAR_A-SC62965,STATIC_CLUTTER,-331719.11181246873,-102080.58566666828,0.1769046598208182,0.01858105685638772,4,648.6736521905174,10.811227536508623,True
4483.75,RADAR_B,RADAR_B-SC46433,STATIC_CLUTTER,-343926.54204809084,108091.8382682485,0.5333038847851262,-0.5074395041445665,3,857.790551951732,14.296509199195533,True
4483.75,RADAR_B,RADAR_B-SC69319,STATIC_CLUTTER,389163.7719342184,-173850.49166879646,0.7122282969456756,-0.5998185338854279,2,1134.321747974356,18.905362466239264,True
4501.13,RADAR_A,RADAR_A-SC14575,STATIC_CLUTTER,-336577.1779403731,-43828.64764645125,0.3460132053263168,0.6204125551333848,4,648.6736521905174,10.811227536508623,True
4540.69,RADAR_B,RADAR_B-SC55470,STATIC_CLUTTER,100544.41599495601,207783.66653770267,0.12353570741675603,-0.835197960285919,3,857.790551951732,14.296509199195533,True
4574.67,RADAR_B,RADAR_B-SC46433,STATIC_CLUTTER,-343923.4590705185,108133.7415098032,-0.5736783617316433,-0.16976439585261305,3,857.790551951732,14.296509199195533,True
4583.44,RADAR_B,RADAR_B-SC55470,STATIC_CLUTTER,100525.84391992401,207814.89841389735,0.14524115984353456,0.12802393411677412,2,1134.321747974356,18.905362466239264,True
4583.44,RADAR_B,RADAR_B-SC69319,STATIC_CLUTTER,389235.9600543755,-173863.35733629472,-0.46029026611254326,-0.7032819050841448,1,1500.0,25.0,True
4583.5,RADAR_C,RADAR_C-SC05477,STATIC_CLUTTER,55113.88684275773,53269.01003369907,-0.5582840928926939,-0.696904495716811,3,857.790551951732,14.296509199195533,True
4586.28,RADAR_A,RADAR_A-SC14575,STATIC_CLUTTER,-336623.6675112516,-43817.27309133908,0.4081919812004556,-0.9638407989000891,2,1134.321747974356,18.905362466239264,True
4596.54,RADAR_B,RADAR_B-SC69319,STATIC_CLUTTER,389198.55511700513,-173883.12972870833,-0.4153446730525433,0.11090606167690202,2,1134.321747974356,18.905362466239264,True
4607.67,RADAR_A,RADAR_A-SC62965,STATIC_CLUTTER,-331743.1319110594,-102061.41830931921,0.3515132719396126,0.6001079487874277,4,648.6736521905174,10.811227536508623,True
4617.22,RADAR_B,RADAR_B-SC69319,STATIC_CLUTTER,389201.9424801089,-173890.29633102237,-0.6638045865616327,-0.5352354981475137,1,1500.0,25.0,True
4623.24,RADAR_C,RADAR_C-SC05477,STATIC_CLUTTER,55122.61553441035,53296.93779873461,0.7761742866502682,0.3725183780007339,1,1500.0,25.0,True
4633.77,RADAR_A,RADAR_A-SC62965,STATIC_CLUTTER,-331759.13324850344,-102060.82871563736,-1.1931625932297953,-0.21898280816641508,4,648.6736521905174,10.811227536508623,True
4647.06,RADAR_A,RADAR_A-SC62965,STATIC_CLUTTER,-331718.5365350721,-102117.03430167389,-0.7514826439244926,-0.01816561267081073,2,1134.321747974356,18.905362466239264,True
4648.25,RADAR_B,RADAR_B-SC69319,STATIC_CLUTTER,389179.65779201954,-173919.05193961368,0.7210918682259614,0.6476402447378279,4,648.6736521905174,10.811227536508623,True
4659.35,RADAR_A,RADAR_A-SC62965,STATIC_CLUTTER,-331749.5226992738,-102049.51238130471,-0.38748432009690725,0.7067326429781237,4,648.6736521905174,10.811227536508623,True
4682.5,RADAR_A,RADAR_A-SC14575,STATIC_CLUTTER,-336553.0580479158,-43826.962639664416,-0.7830471573509903,0.07111254776956963,2,1134.321747974356,18.905362466239264,True
4699.34,RADAR_A,RADAR_A-SC14575,STATIC_CLUTTER,-336603.21463263576,-43814.025290074685,-0.21821085665089499,0.1394248303400779,2,1134.321747974356,18.905362466239264,True
4703.21,RADAR_B,RADAR_B-SC55470,STATIC_CLUTTER,100611.6923271102,207812.55809161728,0.483971498353057,1.0008059167672279,3,857.790551951732,14.296509199195533,True
4709.1,RADAR_B,RADAR_B-CL86821,CLUTTER,-122980.73251700943,48712.364941861364,0.1815167408222234,-1.4765935490286088,6,370.9507534326998,6.1825125572116635,True
4709.85,RADAR_A,RADAR_A-SC14575,STATIC_CLUTTER,-336580.7792294615,-43817.58846031116,-0.35483356023972523,-0.8715809338057744,4,648.6736521905174,10.811227536508623,True
4712.27,RADAR_B,RADAR_B-SC69319,STATIC_CLUTTER,389188.06995393836,-173882.5821323997,0.10959512643427483,0.3857668516246701,2,1134.321747974356,18.905362466239264,True
4716.91,RADAR_B,RADAR_B-SC69319,STATIC_CLUTTER,389147.03649751033,-173917.58862335986,0.9077699200808256,-1.0842219156031125,3,857.790551951732,14.296509199195533,True
4721.85,RADAR_B,RADAR_B-SC69319,STATIC_CLUTTER,389209.78916587576,-173911.94211348664,-0.14481054095493015,0.421469730332595,4,648.6736521905174,10.811227536508623,True
4726.66,RADAR_B,RADAR_B-SC69319,STATIC_CLUTTER,389145.47466706304,-173909.41722755507,0.30497256502277614,0.3517560419879558,3,857.790551951732,14.296509199195533,True
4726.66,RADAR_B,RADAR_B-SC46433,STATIC_CLUTTER,-343921.2505642148,108160.82079582276,-0.4101296750427502,-0.6639204661975764,2,1134.321747974356,18.905362466239264,True
4755.01,RADAR_B,RADAR_B-SC69319,STATIC_CLUTTER,389183.3056232886,-173921.4070280475,0.22260259987934153,0.7022940558745393,3,857.790551951732,14.296509199195533,True
4756.32,RADAR_A,RADAR_A-SC14575,STATIC_CLUTTER,-336592.5973644138,-43824.635163207284,0.3583043455571138,-1.0826866360380054,1,1500.0,25.0,True
4763.74,RADAR_B,RADAR_B-SC46433,STATIC_CLUTTER,-343925.81862944795,108072.11321487134,0.38052321807354605,-0.1705310422309898,1,1500.0,25.0,True
4765.64,RADAR_A,RADAR_A-SC62965,STATIC_CLUTTER,-331747.1975041737,-102110.4846031067,0.2587901937863542,0.5879745170622673,4,648.6736521905174,10.811227536508623,True
4774.15,RADAR_B,RADAR_B-SC55470,STATIC_CLUTTER,100570.15578311031,207796.59753652106,-0.6555882107587289,0.07017213644775476,4,648.6736521905174,10.811227536508623,True
4777.12,RADAR_A,RADAR_A-SC14575,STATIC_CLUTTER,-336586.3504121965,-43845.1884609447,-0.33655188224959903,0.31240532369650653,4,648.6736521905174,10.811227536508623,True
4779.04,RADAR_C,RADAR_C-SC05477,STATIC_CLUTTER,55105.53781311463,53332.38194589688,0.49420439805454797,-0.22153820490334447,1,1500.0,25.0,True
4795.92,RADAR_B,RADAR_B-SC55470,STATIC_CLUTTER,100572.62544403863,207801.84024887066,0.014892699293759044,0.1931393051999143,2,1134.321747974356,18.905362466239264,True
4810.39,RADAR_B,RADAR_B-SC46433,STATIC_CLUTTER,-343939.62607231754,108121.86403468273,-0.01629572388758191,-0.46683328110565575,4,648.6736521905174,10.811227536508623,True
4819.9,RADAR_B,RADAR_B-SC55470,STATIC_CLUTTER,100608.64425225624,207780.72585810986,0.7497258779545157,0.2911598891833923,4,648.6736521905174,10.811227536508623,True
4821.57,RADAR_A,RADAR_A-SC62965,STATIC_CLUTTER,-331728.9724109133,-102048.42604705664,-1.043287629219082,-1.1620514556116532,2,1134.321747974356,18.905362466239264,True
4838.21,RADAR_B,RADAR_B-SC69319,STATIC_CLUTTER,389148.6379750202,-173894.85563905645,-0.5852449002897705,0.07252521016693082,4,648.6736521905174,10.811227536508623,True
4851.52,RADAR_B,RADAR_B-SC55470,STATIC_CLUTTER,100552.1909076392,207796.5666651029,-0.2629054451965502,-0.40877133629997636,2,1134.321747974356,18.905362466239264,True
4861.3,RADAR_A,RADAR_A-SC14575,STATIC_CLUTTER,-336582.1208901708,-43820.052033787724,0.028519014733065406,0.5663355118331833,4,648.6736521905174,10.811227536508623,True
4868.27,RADAR_A,RADAR_A-SC62965,STATIC_CLUTTER,-331731.356414099,-102043.4865824967,0.04513517309968044,0.8426328184002291,4,648.6736521905174,10.811227536508623,True
4879.28,RADAR_A,RADAR_A-SC62965,STATIC_CLUTTER,-331732.7154087899,-102077.14366900793,0.4482148140635591,0.09468749247801729,4,648.6736521905174,10.811227536508623,True
4881.24,RADAR_A,RADAR_A-SC14575,STATIC_CLUTTER,-336607.02548888273,-43822.55351675082,0.5186234046679022,-0.3308708704491283,3,857.790551951732,14.296509199195533,True
4883.64,RADAR_A,RADAR_A-SC14575,STATIC_CLUTTER,-336592.6467513923,-43827.56200346683,-0.10910442883979929,-0.039121395637878136,4,648.6736521905174,10.811227536508623,True
4884.53,RADAR_B,RADAR_B-SC55470,STATIC_CLUTTER,100553.2185995266,207798.8098086751,0.6590734562615735,0.05656544128113352,3,857.790551951732,14.296509199195533,True
4905.8,RADAR_A,RADAR_A-SC62965,STATIC_CLUTTER,-331715.2744410065,-102085.1445996694,0.1884813626443728,0.5385823137331458,1,1500.0,25.0,True
4906.68,RADAR_B,RADAR_B-SC55470,STATIC_CLUTTER,100562.3791342413,207790.8464909306,-0.011911515507566276,0.2909339765179498,2,1134.321747974356,18.905362466239264,True
4910.04,RADAR_A,RADAR_A-SC62965,STATIC_CLUTTER,-331778.028761337,-102096.53128241957,0.29332979951284377,-0.4433289224671069,1,1500.0,25.0,True
4915.59,RADAR_B,RADAR_B-SC46433,STATIC_CLUTTER,-343924.7789854159,108156.04493823208,-0.4132088685031109,0.15329313479711237,1,1500.0,25.0,True
4920.01,RADAR_B,RADAR_B-SC46433,STATIC_CLUTTER,-343891.113646743,108121.03347782738,0.4866834237940429,-0.11496168879458711,1,1500.0,25.0,True
4931.73,RADAR_A,RADAR_A-SC14575,STATIC_CLUTTER,-336594.6701983406,-43828.67933917556,-0.24404156829596788,0.08804372826637596,3,857.790551951732,14.296509199195533,True
4948.6,RADAR_A,RADAR_A-SC14575,STATIC_CLUTTER,-336587.4897503548,-43812.97331566936,-0.14844671411284968,-0.2142673584766016,2,1134.321747974356,18.905362466239264,True
4957.04,RADAR_A,RADAR_A-SC62965,STATIC_CLUTTER,-331757.29499184625,-102067.22438401871,0.5646840708859615,0.8449289323287876,4,648.6736521905174,10.811227536508623,True
4964.87,RADAR_B,RADAR_B-SC69319,STATIC_CLUTTER,389141.54342464864,-173896.96169257985,0.777710088097266,0.5011111327829059,3,857.790551951732,14.296509199195533,True
4969.82,RADAR_B,RADAR_B-SC69319,STATIC_CLUTTER,389180.47355757415,-173881.9289827206,0.07868593959227074,-0.18621642033453925,1,1500.0,25.0,True
4997.28,RADAR_B,RADAR_B-SC46433,STATIC_CLUTTER,-343936.71900305024,108098.86062699293,-0.213975721375526,0.0075787039917206075,2,1134.321747974356,18.905362466239264,True
5007.68,RADAR_A,RADAR_A-SC62965,STATIC_CLUTTER,-331739.19120449014,-102100.50590077086,-0.8757521825345083,-0.1603702743232981,4,648.6736521905174,10.811227536508623,True
5030.4,RADAR_A,RADAR_A-SC14575,STATIC_CLUTTER,-336605.56982398505,-43790.954544813925,0.392511270470661,-0.5891223131992912,1,1500.0,25.0,True
5067.06,RADAR_B,RADAR_B-SC55470,STATIC_CLUTTER,100562.66092274353,207820.0648124459,0.29687406960617974,-0.7616066507033467,1,1500.0,25.0,True
5070.21,RADAR_C,RADAR_C-SC05477,STATIC_CLUTTER,55122.95084923313,53302.62508672452,0.44521030143060597,0.7200177564235392,4,648.6736521905174,10.811227536508623,True
5070.88,RADAR_A,RADAR_A-SC14575,STATIC_CLUTTER,-336611.1356714515,-43851.20913048699,-0.4009740059435345,-0.279926892978506,4,648.6736521905174,10.811227536508623,True
5086.75,RADAR_B,RADAR_B-SC69319,STATIC_CLUTTER,389163.08065800165,-173879.79918677878,-0.15313005093729598,0.14758703768536813,2,1134.321747974356,18.905362466239264,True
5101.06,RADAR_B,RADAR_B-SC55470,STATIC_CLUTTER,100567.52802645153,207786.55865281474,-0.055910031081511775,-0.8629423847764598,1,1500.0,25.0,True
5103.98,RADAR_A,RADAR_A-SC14575,STATIC_CLUTTER,-336586.83790453954,-43840.52219664173,-0.5529258439673007,0.3803428921898274,2,1134.321747974356,18.905362466239264,True
5114.04,RADAR_A,RADAR_A-SC62965,STATIC_CLUTTER,-331738.9253446874,-102089.58438258381,-0.3130340720223279,0.04213415426128661,4,648.6736521905174,10.811227536508623,True
5121.86,RADAR_A,RADAR_A-SC14575,STATIC_CLUTTER,-336588.5094446219,-43817.978294159686,-0.26501698781969585,0.4000803263022589,3,857.790551951732,14.296509199195533,True
5126.95,RADAR_A,RADAR_A-SC62965,STATIC_CLUTTER,-331716.8096978598,-102061.74600146356,0.2407175511932497,-0.43248050594924314,1,1500.0,25.0,True
5129.21,RADAR_A,RADAR_A-SC14575,STATIC_CLUTTER,-336582.91082524095,-43829.898199095034,0.3918516895311571,0.2781510291847326,2,1134.321747974356,18.905362466239264,True
5139.46,RADAR_B,RADAR_B-SC69319,STATIC_CLUTTER,389161.01096440124,-173899.47507120474,-0.5085173010152595,-0.6276365241165327,4,648.6736521905174,10.811227536508623,True
5143.54,RADAR_B,RADAR_B-SC69319,STATIC_CLUTTER,389166.27630783565,-173899.95152547877,-0.9448005218605987,-0.20863313171786044,4,648.6736521905174,10.811227536508623,True
5147.84,RADAR_B,RADAR_B-SC55470,STATIC_CLUTTER,100601.12548156688,207795.03959994356,0.3676090185190933,-0.015114728988699273,2,1134.321747974356,18.905362466239264,True
5162.25,RADAR_B,RADAR_B-SC69319,STATIC_CLUTTER,389172.0763250549,-173930.24447585456,0.17874176027946218,0.2659119692538689,3,857.790551951732,14.296509199195533,True
5197.32,RADAR_B,RADAR_B-SC55470,STATIC_CLUTTER,100574.53620981993,207802.49569587538,0.4746997062200186,0.9481948527288946,1,1500.0,25.0,True
5221.27,RADAR_C,RADAR_C-SC05477,STATIC_CLUTTER,55162.73722864683,53278.25578318646,0.8419951087198756,0.03818897964541325,4,648.6736521905174,10.811227536508623,True
5229.35,RADAR_C,RADAR_C-SC05477,STATIC_CLUTTER,55117.10407823614,53285.75029580496,0.9458180586905741,0.47036268946487003,4,648.6736521905174,10.811227536508623,True
5231.18,RADAR_B,RADAR_B-SC46433,STATIC_CLUTTER,-343948.05519402784,108128.49972849585,0.013488512505097782,0.9506653678072076,1,1500.0,25.0,True
5250.74,RADAR_B,RADAR_B-SC69319,STATIC_CLUTTER,389180.7370832355,-173916.6746666128,1.1060901326297745,0.049576485279094605,2,1134.321747974356,18.905362466239264,True
5267.58,RADAR_B,RADAR_B-SC69319,STATIC_CLUTTER,389157.037831515,-173889.07567852276,0.4318158335911233,1.457290416299314,4,648.6736521905174,10.811227536508623,True
5281.1,RADAR_B,RADAR_B-SC55470,STATIC_CLUTTER,100563.61085741856,207833.30819742664,-0.6305543526466006,-0.11361989575023912,2,1134.321747974356,18.905362466239264,True
5281.1,RADAR_B,RADAR_B-SC46433,STATIC_CLUTTER,-343913.8166137219,108140.31256066568,1.1418254357012954,-0.5883992625088256,1,1500.0,25.0,True
5287.67,RADAR_B,RADAR_B-SC69319,STATIC_CLUTTER,389158.3862228847,-173874.35166930652,-0.4863386742166372,0.6446232659598644,2,1134.321747974356,18.905362466239264,True
5302.04,RADAR_A,RADAR_A-SC62965,STATIC_CLUTTER,-331750.8107267738,-102097.27280804559,-0.3955345764763554,-0.9048579206159564,3,857.790551951732,14.296509199195533,True
5320.0,RADAR_A,RADAR_A-SC14575,STATIC_CLUTTER,-336609.5803383768,-43812.691719440205,0.8712346414182265,0.5865112671981788,2,1134.321747974356,18.905362466239264,True
5321.11,RADAR_B,RADAR_B-SC69319,STATIC_CLUTTER,389191.94899308076,-173885.32722319246,0.5389248252196538,-1.0310466981268442,3,857.790551951732,14.296509199195533,True
5321.11,RADAR_B,RADAR_B-SC55470,STATIC_CLUTTER,100568.51041165474,207830.3721242336,0.3242026072353162,-0.21953550830487387,1,1500.0,25.0,True
5334.77,RADAR_A,RADAR_A-SC14575,STATIC_CLUTTER,-336571.92687927024,-43801.008590083664,-0.3268341130286605,-0.5237473263895678,2,1134.321747974356,18.905362466239264,True
5342.96,RADAR_A,RADAR_A-SC62965,STATIC_CLUTTER,-331758.5620730988,-102087.44001773275,0.7642611698338214,-0.4588767768551804,2,1134.321747974356,18.905362466239264,True
5349.6,RADAR_B,RADAR_B-SC55470,STATIC_CLUTTER,100581.49745632829,207779.19992929776,-0.179763880924833,-0.1282412670387233,1,1500.0,25.0,True
5358.65,RADAR_B,RADAR_B-SC69319,STATIC_CLUTTER,389197.68326490565,-173881.90700176812,0.12970697902318018,-1.3968130718216016,4,648.6736521905174,10.811227536508623,True
5364.25,RADAR_A,RADAR_A-SC62965,STATIC_CLUTTER,-331757.51882607274,-102063.9346484001,-0.21869828003255246,0.3297421729699752,4,648.6736521905174,10.811227536508623,True
5368.85,RADAR_A,RADAR_A-SC14575,STATIC_CLUTTER,-336618.2367446412,-43819.16915569405,-0.8972815395420988,-0.04745905436366805,2,1134.321747974356,18.905362466239264,True
5372.44,RADAR_B,RADAR_B-SC69319,STATIC_CLUTTER,389131.7088191641,-173896.61890279927,0.028492279451803722,-0.48751697010831274,4,648.6736521905174,10.811227536508623,True
5372.44,RADAR_B,RADAR_B-SC46433,STATIC_CLUTTER,-343949.5120441547,108102.94177284566,0.3691273943825599,0.38439407029853395,4,648.6736521905174,10.811227536508623,True
5376.52,RADAR_A,RADAR_A-SC62965,STATIC_CLUTTER,-331747.09521145903,-102061.74183310215,0.054673488358519956,-0.19215103551770032,4,648.6736521905174,10.811227536508623,True
5391.23,RADAR_A,RADAR_A-SC62965,STATIC_CLUTTER,-331734.85362614645,-102064.00317345478,0.6758631367360781,0.37727838578098793,2,1134.321747974356,18.905362466239264,True
5398.46,RADAR_B,RADAR_B-SC69319,STATIC_CLUTTER,389171.21081222023,-173922.53129627125,0.26618567531982934,0.29928509316136426,4,648.6736521905174,10.811227536508623,True
5406.73,RADAR_B,RADAR_B-SC46433,STATIC_CLUTTER,-343940.85142909957,108115.24276954679,0.196774468847513,0.05255355518036059,2,1134.321747974356,18.905362466239264,True
5426.69,RADAR_C,RADAR_C-SC05477,STATIC_CLUTTER,55128.85540144493,53307.00738083813,-0.02205646984291118,0.04956546090908006,3,857.790551951732,14.296509199195533,True
5433.86,RADAR_B,RADAR_B-SC69319,STATIC_CLUTTER,389159.4411516712,-173883.4443980012,0.17484819201671478,0.17885962690419038,3,857.790551951732,14.296509199195533,True
5458.45,RADAR_B,RADAR_B-SC55470,STATIC_CLUTTER,100557.55763236753,207778.76441833685,-0.3857747715581319,0.7897022036579183,2,1134.321747974356,18.905362466239264,True
5462.67,RADAR_B,RADAR_B-SC69319,STATIC_CLUTTER,389216.3634781994,-173877.69654236795,0.40449341884488316,-0.6689699420672851,2,1134.321747974356,18.905362466239264,True
5467.98,RADAR_B,RADAR_B-SC69319,STATIC_CLUTTER,389175.46734796383,-173907.04601296023,-0.971874855127514,-0.12492388236563251,2,1134.321747974356,18.905362466239264,True
5471.75,RADAR_A,RADAR_A-SC14575,STATIC_CLUTTER,-336591.2207144325,-43808.5325279872,0.1254303671655243,0.3556498364626781,3,857.790551951732,14.296509199195533,True
5484.63,RADAR_A,RADAR_A-SC14575,STATIC_CLUTTER,-336602.19587806606,-43838.501861989374,0.3017979869776601,-0.13298821536191344,2,1134.321747974356,18.905362466239264,True
5489.12,RADAR_B,RADAR_B-SC69319,STATIC_CLUTTER,389168.38969463017,-173915.17485085354,1.1825982824639945,0.45267559710005584,1,1500.0,25.0,True
5513.44,RADAR_A,RADAR_A-SC14575,STATIC_CLUTTER,-336567.4593458472,-43794.81747913659,0.16016809604599658,-0.23002653938527323,4,648.6736521905174,10.811227536508623,True
5524.56,RADAR_B,RADAR_B-SC69319,STATIC_CLUTTER,389173.7805227239,-173911.08451119356,0.13709458091982324,-0.0422072314889461,3,857.790551951732,14.296509199195533,True
5524.56,RADAR_B,RADAR_B-SC46433,STATIC_CLUTTER,-343948.7684528245,108116.30308663992,0.3814675528975127,-0.433191870473229,1,1500.0,25.0,True
5531.25,RADAR_A,RADAR_A-SC14575,STATIC_CLUTTER,-336597.6478108581,-43804.043761523055,-0.48065265747645664,-0.18678829838664754,4,648.6736521905174,10.811227536508623,True
5534.62,RADAR_C,RADAR_C-SC05477,STATIC_CLUTTER,55162.94373767311,53291.576076281504,0.6338498983504515,-0.24026154232303995,3,857.790551951732,14.296509199195533,True
5549.11,RADAR_A,RADAR_A-SC14575,STATIC_CLUTTER,-336617.323078354,-43812.79845697343,-0.4836918458157135,0.9325345402566116,1,1500.0,25.0,True
5549.9,RADAR_B,RADAR_B-SC69319,STATIC_CLUTTER,389161.7178318617,-173919.58999438892,0.07744889945640787,0.5444343412570876,4,648.6736521905174,10.811227536508623,True
5565.11,RADAR_B,RADAR_B-SC69319,STATIC_CLUTTER,389196.33320732147,-173895.4989236717,0.19103283071054034,-0.1306913111027363,4,648.6736521905174,10.811227536508623,True
5583.22,RADAR_B,RADAR_B-SC69319,STATIC_CLUTTER,389183.4688949354,-173837.04218843867,0.17755103788288468,0.07077978846361929,3,857.790551951732,14.296509199195533,True
5588.75,RADAR_B,RADAR_B-SC55470,STATIC_CLUTTER,100589.69901434424,207825.01287221984,-0.30624388107562733,-0.3745282852675623,2,1134.321747974356,18.905362466239264,True
5632.41,RADAR_B,RADAR_B-SC55470,STATIC_CLUTTER,100554.1712635486,207804.8924510069,0.472714755751508,-0.34058815557056626,3,857.790551951732,14.296509199195533,True
5649.0,RADAR_B,RADAR_B-SC46433,STATIC_CLUTTER,-343922.9652555934,108127.37889851138,-0.5548249771101519,0.4447221534289522,2,1134.321747974356,18.905362466239264,True
5649.0,RADAR_B,RADAR_B-SC69319,STATIC_CLUTTER,389168.84500992374,-173932.4822421511,1.3082090246751505,-0.37243211427550926,4,648.6736521905174,10.811227536508623,True
5653.87,RADAR_C,RADAR_C-SC05477,STATIC_CLUTTER,55161.911397959724,53308.622120055625,0.051288438534349064,0.6902925377915748,2,1134.321747974356,18.905362466239264,True
5706.06,RADAR_B,RADAR_B-SC46433,STATIC_CLUTTER,-343922.199492079,108109.38407171499,-0.014530190312069332,-0.1869069070856764,3,857.790551951732,14.296509199195533,True
5709.42,RADAR_A,RADAR_A-SC14575,STATIC_CLUTTER,-336631.76200163114,-43852.87143540644,1.0330990225697378,0.398400561227733,2,1134.321747974356,18.905362466239264,True
5717.5,RADAR_B,RADAR_B-SC69319,STATIC_CLUTTER,389183.9206506112,-173932.685298801,0.523650037994066,0.4256193179290431,4,648.6736521905174,10.811227536508623,True
5724.03,RADAR_A,RADAR_A-CL38835,CLUTTER,299291.1973171453,288061.4979232731,-0.05658266413263467,0.09798402147660218,9,160.417320008009,2.6736220001334834,True
5727.21,RADAR_B,RADAR_B-SC46433,STATIC_CLUTTER,-343928.1375209982,108125.0589098523,-0.313105459395401,0.7310819200523787,2,1134.321747974356,18.905362466239264,True
5745.75,RADAR_B,RADAR_B-SC55470,STATIC_CLUTTER,100559.95492194877,207818.66044434207,-0.37956395865533304,0.1542377719772611,2,1134.321747974356,18.905362466239264,True
5750.4,RADAR_B,RADAR_B-SC46433,STATIC_CLUTTER,-343927.0314160949,108142.56956105113,-0.02408602555446377,0.5127994014265551,1,1500.0,25.0,True
5750.4,RADAR_B,RADAR_B-SC69319,STATIC_CLUTTER,389152.4659059127,-173868.08183692727,0.7398455954422603,-0.29509357897018934,4,648.6736521905174,10.811227536508623,True
5762.36,RADAR_B,RADAR_B-SC55470,STATIC_CLUTTER,100582.06434429646,207814.8013962923,0.45297328678130727,0.8032379488257639,1,1500.0,25.0,True
5798.88,RADAR_B,RADAR_B-SC69319,STATIC_CLUTTER,389134.24121197156,-173896.4089038646,0.025921518027835717,0.9187671916164871,2,1134.321747974356,18.905362466239264,True
5807.33,RADAR_C,RADAR_C-SC05477,STATIC_CLUTTER,55145.25009899756,53324.78276568106,1.452554829310075,-0.05409700962938883,3,857.790551951732,14.296509199195533,True
5812.59,RADAR_B,RADAR_B-SC46433,STATIC_CLUTTER,-343933.4756026445,108133.0009513384,-1.0858119158448925,0.5937162343997467,2,1134.321747974356,18.905362466239264,True
5828.07,RADAR_A,RADAR_A-SC14575,STATIC_CLUTTER,-336589.8430754688,-43845.529000941904,0.1595742141550999,0.21940008948940423,3,857.790551951732,14.296509199195533,True
5832.85,RADAR_A,RADAR_A-SC62965,STATIC_CLUTTER,-331725.9749465561,-102056.45674284542,-0.46654019021611737,-0.17409026211584466,2,1134.321747974356,18.905362466239264,True
5857.95,RADAR_A,RADAR_A-SC14575,STATIC_CLUTTER,-336604.8183471944,-43806.96578275055,-0.04899915116954953,-0.16944178363152296,4,648.6736521905174,10.811227536508623,True
5864.08,RADAR_B,RADAR_B-SC69319,STATIC_CLUTTER,389198.89734535286,-173890.59304117673,-0.3883419383279802,0.30344838727056106,2,1134.321747974356,18.905362466239264,True
5878.96,RADAR_A,RADAR_A-SC62965,STATIC_CLUTTER,-331734.5585432458,-102089.45460654279,-0.1931977831165299,0.4326416671944805,2,1134.321747974356,18.905362466239264,True
5883.85,RADAR_A,RADAR_A-SC62965,STATIC_CLUTTER,-331739.2342070861,-102114.35202526991,0.3211006521520481,-0.7129698509376561,3,857.790551951732,14.296509199195533,True
5887.18,RADAR_B,RADAR_B-SC69319,STATIC_CLUTTER,389193.1927763476,-173900.2318321246,-0.012662327861125222,0.8471234452411872,2,1134.321747974356,18.905362466239264,True
5896.16,RADAR_B,RADAR_B-SC46433,STATIC_CLUTTER,-343902.9859992285,108100.98341498974,0.7930831963271178,0.642808504238514,4,648.6736521905174,10.811227536508623,True
5914.24,RADAR_A,RADAR_A-SC14575,STATIC_CLUTTER,-336585.373891171,-43855.675993288045,-0.19578428747770574,-0.6083874007495368,3,857.790551951732,14.296509199195533,True
5944.73,RADAR_C,RADAR_C-SC05477,STATIC_CLUTTER,55127.797460426555,53289.69400143983,0.30242038244120767,0.25565746555543845,1,1500.0,25.0,True
