time,global_track_id,x,y,vx,vy,pos_sigma_m,vel_sigma_mps,sigma_x_m,sigma_vx_mps,sigma_y_m,sigma_vy_mps,fused_tq,prob,n_sources
8.31,GT-0001,-79541.45569634008,26854.096859904585,-35.76671346690879,27.173221110241727,90.16308241595102,0.8747494267173341,90.16308241595102,0.8747494267173341,90.16308241595102,0.8747494267173341,11,0.958,2
10.01,GT-0001,-79602.25870555245,26900.296139897273,-35.76536026867691,27.173906966968985,90.23488471592839,2.143154204680077,90.23488471592839,2.143154204680077,90.23488471592839,2.143154204680077,11,0.98,3
11.21,GT-0001,-79645.328448158,26932.763713075947,-35.771441288066924,27.169650283010817,90.35752926268646,2.6976991907454857,90.35752926268646,2.6976991907454857,90.35752926268646,2.6976991907454857,11,0.991,3
14.17,GT-0001,-79751.28938502,27013.22620124855,-35.775370773227905,27.173580154171248,91.22815903638266,3.731516774979234,91.22815903638266,3.731516774979234,91.22815903638266,3.731516774979234,11,0.991,3
15.65,GT-0001,-79804.2859770453,27053.545444152736,-35.78106996987856,27.174343456943433,92.13982280295635,4.153016219360158,92.13982280295635,4.153016219360158,92.13982280295635,4.153016219360158,11,0.989,3
18.41,GT-0001,-79902.97063980452,27128.59884794397,-35.779859224699976,27.179648001576822,94.9149512268447,4.843103150444266,94.9149512268447,4.843103150444266,94.9149512268447,4.843103150444266,11,0.988,4
20.18,GT-0001,-79980.95671146271,27181.915108352827,-36.84427336044337,27.45622691637277,97.4515732033904,4.853842320200965,97.4515732033904,4.853842320200965,97.4515732033904,4.853842320200965,11,0.991,5
20.74,GT-0001,-80001.63871016577,27197.362372157193,-36.85158894367669,27.460116300127424,98.34009585860704,4.981580838810467,98.34009585860704,4.981580838810467,98.34009585860704,4.981580838810467,11,0.988,5
22.67,GT-0001,-80128.46091834463,27298.729025862514,-40.58500757052616,29.383575653129213,99.08975623407234,3.5258281443671815,99.08975623407234,3.5258281443671815,99.08975623407234,3.5258281443671815,11,0.993,5
24.68,GT-0001,-80210.3914759851,27358.083633633993,-40.60481503079461,29.38931860618891,101.02050853388845,4.110942150719426,101.02050853388845,4.110942150719426,101.02050853388845,4.110942150719426,11,0.992,5
25.01,GT-0001,-80223.89686284286,27367.829676345016,-40.60616167803403,29.39688852775066,101.43302660069925,4.2006692988113175,101.43302660069925,4.2006692988113175,101.43302660069925,4.2006692988113175,11,0.988,5
26.98,GT-0001,-80309.74355829306,27431.50745863816,-40.90217189187388,29.44049906098536,103.99343442783041,4.517133057136119,103.99343442783041,4.517133057136119,103.99343442783041,4.517133057136119,11,0.991,5
29.01,GT-0001,-80392.77496723356,27491.27167173196,-40.90217189187388,29.44049906098536,107.16085229114263,4.99719832064647,107.16085229114263,4.99719832064647,107.16085229114263,4.99719832064647,10,0.962,5
30.28,GT-0001,-80444.9481988756,27528.814680169227,-40.92319360690067,29.449771798634856,109.58919208098273,5.272037438460151,109.58919208098273,5.272037438460151,109.58919208098273,5.272037438460151,10,0.982,5
31.28,GT-0001,-80485.8713924825,27558.26445196786,-40.92319360690067,29.449771798634856,111.72207844915512,5.481275285234767,111.72207844915512,5.481275285234767,111.72207844915512,5.481275285234767,10,0.952,5
31.28,GT-0002,-81109.95696093749,27932.51345955717,-46.88994910085994,33.38357366122571,118.45364053005922,2.728523008144691,118.45364053005922,2.728523008144691,118.45364053005922,2.728523008144691,10,0.894,1
33.32,GT-0001,-80569.35470744058,27618.341986437077,-40.92319360690067,29.449771798634856,116.77297690829667,5.885098024037108,116.77297690829667,5.885098024037108,116.77297690829667,5.885098024037108,10,0.923,5
33.32,GT-0002,-81205.52606186245,28000.73506030689,-46.89176661513599,33.4004069862185,118.81923209737441,3.4657323363150057,118.81923209737441,3.4657323363150057,118.81923209737441,3.4657323363150057,10,0.972,1
35.68,GT-0001,-80665.93344435286,27687.843447881856,-40.92319360690067,29.449771798634856,123.82731983338898,6.320156544938224,123.82731983338898,6.320156544938224,123.82731983338898,6.320156544938224,10,0.896,5
35.68,GT-0002,-81316.3828531298,28079.672579245977,-46.92664444523217,33.420818781533924,119.76545769947629,4.155101125569108,119.76545769947629,4.155101125569108,119.76545769947629,4.155101125569108,10,0.988,1
36.36,GT-0001,-80694.00366277204,27708.185540267787,-40.93887251350816,29.47765830075832,126.14129246981373,6.439688845362717,126.14129246981373,6.439688845362717,126.14129246981373,6.439688845362717,10,0.956,5
36.36,GT-0002,-81348.29297135257,28102.398736017418,-46.92664444523217,33.420818781533924,120.16950051814044,4.335304529523349,120.16950051814044,4.335304529523349,120.16950051814044,4.335304529523349,10,0.958,1
38.16,GT-0001,-80767.69363329635,27761.24532520915,-40.93887251350816,29.47765830075832,132.6891797295648,6.746820912480855,132.6891797295648,6.746820912480855,132.6891797295648,6.746820912480855,10,0.927,5
38.16,GT-0002,-81433.28577873664,28162.82625814953,-46.979567993097135,33.451667879803324,121.59700580894904,4.768569607877597,121.59700580894904,4.768569607877597,121.59700580894904,4.768569607877597,10,0.985,1
41.05,GT-0001,-80886.00697486039,27846.435757698342,-40.93887251350816,29.47765830075832,144.76035340931023,7.212634222327443,144.76035340931023,7.212634222327443,144.76035340931023,7.212634222327443,9,0.899,5
41.05,GT-0002,-81595.86484396252,28286.983497252942,-50.595882469426556,36.27154157633706,124.50467581090444,4.467144271851001,124.50467581090444,4.467144271851001,124.50467581090444,4.467144271851001,10,0.991,1
43.16,GT-0001,-80972.38799586389,27908.63361671294,-40.93887251350816,29.47765830075832,154.73668667253975,7.534559869367885,154.73668667253975,7.534559869367885,154.73668667253975,7.534559869367885,9,0.872,5
43.16,GT-0002,-81771.41019451512,28418.739103016018,-59.293644045727945,41.68287609025838,118.94731531618373,1.5296295232924204,118.94731531618373,1.5296295232924204,118.94731531618373,1.5296295232924204,10,0.993,1
45.51,GT-0002,-81910.75093788719,28516.70136674394,-59.29313855828467,41.68278474006685,119.10145641374407,2.7630858988870646,119.10145641374407,2.7630858988870646,119.10145641374407,2.7630858988870646,10,0.984,2
45.86,GT-0002,-81931.6501968882,28531.506183197856,-59.29930771612315,41.701683296830275,119.15817460660905,2.900544720935179,119.15817460660905,2.900544720935179,119.15817460660905,2.900544720935179,10,0.99,2
46.31,GT-0002,-81958.3179317627,28550.290698118948,-59.29968353722405,41.703105968588496,119.27465954020505,3.071284762131007,119.27465954020505,3.071284762131007,119.27465954020505,3.071284762131007,10,0.987,3
51.44,GT-0002,-82262.68794749888,28764.839925298464,-59.33112630986807,41.74643375775341,121.52420749648743,4.570342432493004,121.52420749648743,4.570342432493004,121.52420749648743,4.570342432493004,10,0.991,4
51.59,GT-0002,-82271.74145832664,28771.242863962634,-59.34962431096233,41.756072475131276,121.68735020382427,4.605482492656221,121.68735020382427,4.605482492656221,121.68735020382427,4.605482492656221,10,0.989,4
53.25,GT-0002,-82540.45060174167,28904.2697432451,-66.54404409484691,53.26436891109953,119.38416936367332,1.5296321091089573,119.38416936367332,1.5296321091089573,119.38416936367332,1.5296321091089573,10,0.993,4
54.46,GT-0002,-82620.93838891464,28968.692651008227,-66.5444032866159,53.26613963350721,119.46234973832956,2.2510340090275185,119.46234973832956,2.2510340090275185,119.46234973832956,2.2510340090275185,10,0.985,4
55.36,GT-0002,-82680.78946498464,29016.767028635146,-66.54475247679743,53.2673976830974,119.55429263962475,2.663119900772379,119.55429263962475,2.663119900772379,119.55429263962475,2.663119900772379,10,0.989,4
56.08,GT-0002,-82726.98829657544,29220.802715175847,-73.10980029445807,55.747047324202065,119.51387698589556,1.529500588009735,119.51387698589556,1.529500588009735,119.51387698589556,1.529500588009735,10,0.993,4
58.2,GT-0002,-82881.83369405493,29339.128014576716,-73.1153328733763,55.7475882019333,119.60612750196127,2.6653489103194232,119.60612750196127,2.6653489103194232,119.60612750196127,2.6653489103194232,10,0.992,4
60.2,GT-0002,-83028.10213912133,29450.654602704773,-73.11525750141051,55.746340537303475,119.96236347905582,3.406597651496338,119.96236347905582,3.406597651496338,119.96236347905582,3.406597651496338,10,0.99,4
61.29,GT-0002,-83107.6378391476,29511.5238019808,-73.10095437024694,55.73674349063559,120.30055592432254,3.744718357835959,120.30055592432254,3.744718357835959,120.30055592432254,3.744718357835959,10,0.992,4
63.88,GT-0002,-83296.95881763172,29655.883434141644,-73.08808581816356,55.73440162207004,121.68268228822029,4.451377269509203,121.68268228822029,4.451377269509203,121.68268228822029,4.451377269509203,10,0.991,4
65.35,GT-0002,-83404.399859952,29737.73488534404,-73.09191872713234,55.73254827101388,122.94561562081714,4.806482764165241,122.94561562081714,4.806482764165241,122.94561562081714,4.806482764165241,10,0.989,4
66.3,GT-0002,-83476.69585758846,29789.874999264743,-72.88986917032321,55.68879969932516,123.90974672043757,4.784035979924554,123.90974672043757,4.784035979924554,123.90974672043757,4.784035979924554,10,0.991,4
69.07,GT-0002,-83606.42027325711,29891.192292568907,-72.95258633708399,53.12657478799198,120.20661614219368,1.529640666342338,120.20661614219368,1.529640666342338,120.20661614219368,1.529640666342338,10,0.993,4
69.45,GT-0002,-83634.12297104309,29911.32251380183,-72.95231278710044,53.12717172350894,120.26531014443731,1.7882570139533571,120.26531014443731,1.7882570139533571,120.26531014443731,1.7882570139533571,10,0.986,4
71.01,GT-0002,-83878.85789910638,30030.971306754534,-70.93300117046354,54.79922687845862,120.29899000533726,1.7820028804338512,120.29899000533726,1.7820028804338512,120.29899000533726,1.7820028804338512,10,0.992,4
73.43,GT-0002,-84050.6153966869,30163.679095335636,-70.93588449341524,54.80066855785722,120.4871310169771,2.935769151808296,120.4871310169771,2.935769151808296,120.4871310169771,2.935769151808296,10,0.991,4
75.59,GT-0002,-84203.87921092902,30282.06714045367,-70.94218994749772,54.80017393954104,121.01575783405389,3.6711922088537587,121.01575783405389,3.6711922088537587,121.01575783405389,3.6711922088537587,10,0.989,4
75.76,GT-0002,-84216.13732026654,30291.539734045567,-70.95951174319922,54.804596936878134,121.0895416383115,3.718442637093959,121.0895416383115,3.718442637093959,121.0895416383115,3.718442637093959,10,0.991,4
76.4,GT-0002,-84261.55928380691,30326.637118187744,-70.95669077762099,54.804095105255804,121.39436531780358,3.90898717304657,121.39436531780358,3.90898717304657,121.39436531780358,3.90898717304657,10,0.985,5
80.35,GT-0002,-84542.07118007525,30543.307411374233,-70.97801094683246,54.82822239225047,124.23422094118646,4.91014486834867,124.23422094118646,4.91014486834867,124.23422094118646,4.91014486834867,10,0.989,5
81.14,GT-0002,-84598.34316684793,30586.776214467114,-71.0040546644741,54.84263380488497,125.13251849744206,5.081165687153654,125.13251849744206,5.081165687153654,125.13251849744206,5.081165687153654,10,0.99,6
84.18,GT-0002,-84830.29539008444,30765.742644261616,-74.96609559775834,55.87011106927497,128.03331804590673,4.24538806816386,128.03331804590673,4.24538806816386,128.03331804590673,4.24538806816386,10,0.992,6
84.77,GT-0002,-84874.49408155648,30798.74985505546,-74.96528725346127,55.8707464079952,128.6679147555557,4.400520673115962,128.6679147555557,4.400520673115962,128.6679147555557,4.400520673115962,10,0.986,6
87.39,GT-0002,-85071.10133883564,30945.508773498175,-74.97024834152535,55.88700982732786,131.87080723176408,5.0193870997357095,131.87080723176408,5.0193870997357095,131.87080723176408,5.0193870997357095,10,0.989,6
90.37,GT-0002,-85445.37218257402,31228.271513479896,-78.15104937757827,57.38120334135766,121.35775523170729,1.5296435528713512,121.35775523170729,1.5296435528713512,121.35775523170729,1.5296435528713512,10,0.993,6
90.44,GT-0002,-85450.83851397003,31232.324126299773,-78.15159304613833,57.38139130544228,121.41286423730092,1.5810293737772358,121.41286423730092,1.5810293737772358,121.41286423730092,1.5810293737772358,10,0.987,6
92.69,GT-0002,-85626.66137006626,31361.458596817538,-78.15071422909821,57.382299728217546,121.52173900908916,2.7487610936423823,121.52173900908916,2.7487610936423823,121.52173900908916,2.7487610936423823,10,0.991,6
94.2,GT-0002,-85744.75696681149,31448.213116967832,-78.15019923113152,57.38203024738619,121.7917334107087,3.309764390819766,121.7917334107087,3.309764390819766,121.7917334107087,3.309764390819766,10,0.989,6
97.41,GT-0002,-85995.71627737735,31632.50635929188,-78.1540916295217,57.383587004496704,123.03415106950642,4.256053210614624,123.03415106950642,4.256053210614624,123.03415106950642,4.256053210614624,10,0.992,7
98.92,GT-0002,-86113.7558782196,31719.2323113685,-78.15697293334802,57.39721291939159,124.1172468039814,4.633332800916151,124.1172468039814,4.633332800916151,124.1172468039814,4.633332800916151,10,0.991,7
99.83,GT-0002,-86184.86883714364,31771.47019052865,-78.16049159100828,57.403343545967346,124.98780162027228,4.850183268616983,124.98780162027228,4.850183268616983,124.98780162027228,4.850183268616983,10,0.987,8
100.08,GT-0002,-86204.46406774543,31785.800715084057,-78.16753701711195,57.40436055746508,125.28714876679886,4.90755869249234,125.28714876679886,4.90755869249234,125.28714876679886,4.90755869249234,10,0.987,8
101.14,GT-0002,-86178.14857334908,31818.430514441912,-81.18740755801542,59.59958040563408,121.97543969985978,1.5296359684171086,121.97543969985978,1.5296359684171086,121.97543969985978,1.5296359684171086,10,0.992,8
102.92,GT-0002,-86322.73110411456,31924.58423431609,-81.19240514573221,59.60522127479291,122.05635002380286,2.5190279487304177,122.05635002380286,2.5190279487304177,122.05635002380286,2.5190279487304177,10,0.991,8
103.71,GT-0002,-86386.86931329189,31971.677958597847,-81.19358997956112,59.60596384699994,122.18202708727658,2.8513477454228573,122.18202708727658,2.8513477454228573,122.18202708727658,2.8513477454228573,10,0.986,8
105.34,GT-0002,-86519.36355001661,32069.02168770015,-81.1965215978284,59.60802952360475,122.49551249634088,3.433648546770025,122.49551249634088,3.433648546770025,122.49551249634088,3.433648546770025,10,0.989,8
107.79,GT-0002,-86718.39713430591,32215.151015988686,-81.1991877752767,59.622489668002814,123.45606947190497,4.1566391418671795,123.45606947190497,4.1566391418671795,123.45606947190497,4.1566391418671795,10,0.99,8
108.37,GT-0002,-87148.8748123732,32627.907948575845,-86.69074262156289,66.46546140629131,122.44080833399296,1.5296077220859328,122.44080833399296,1.5296077220859328,122.44080833399296,1.5296077220859328,10,0.993,8
111.04,GT-0002,-87380.226239747,32805.28532281787,-86.69439833972402,66.4676609269097,122.60027763741085,2.8889072883922426,122.60027763741085,2.8889072883922426,122.60027763741085,2.8889072883922426,10,0.991,8
113.05,GT-0002,-87554.41691972835,32938.82524804417,-86.69916727059545,66.47331567501365,123.03434777943453,3.58579201037726,123.03434777943453,3.58579201037726,123.03434777943453,3.58579201037726,10,0.991,8
115.64,GT-0002,-87779.07616553806,33111.01993428679,-86.71716856194922,66.47710146664161,124.19247126348479,4.314886990923969,124.19247126348479,4.314886990923969,124.19247126348479,4.314886990923969,10,0.992,9
117.88,GT-0002,-87800.92731099689,33220.658801252306,-92.59007044436736,71.367228451695,123.05743212390605,1.5296279930833845,123.05743212390605,1.5296279930833845,123.05743212390605,1.5296279930833845,10,0.993,9
118.56,GT-0002,-87863.86451959473,33269.16251657542,-92.59019075860934,71.36773800119084,123.11839992059055,1.968061244766795,123.11839992059055,1.968061244766795,123.11839992059055,1.968061244766795,10,0.988,10
119.36,GT-0002,-87937.90287371124,33326.18303204848,-92.58910573131273,71.36769109584228,123.19583822039189,2.3827491731673187,123.19583822039189,2.3827491731673187,123.19583822039189,2.3827491731673187,10,0.987,10
120.44,GT-0002,-88038.05101058577,33403.24752477828,-92.59019515844321,71.36956452721023,123.31158207665689,2.8471729470735188,123.31158207665689,2.8471729470735188,123.31158207665689,2.8471729470735188,10,0.99,10
122.67,GT-0002,-88312.82196548687,33523.06810183785,-94.91794737138741,78.16774847368336,123.36977611336187,1.6681767979762903,123.36977611336187,1.6681767979762903,123.36977611336187,1.6681767979762903,10,0.993,10
124.56,GT-0002,-88492.15129341766,33670.86189640566,-94.91880575234161,78.17211616549665,123.49326468727374,2.6524371465240337,123.49326468727374,2.6524371465240337,123.49326468727374,2.6524371465240337,10,0.991,10
124.97,GT-0002,-88530.98777991277,33703.03528453177,-94.91253176478838,78.17369661158445,123.56707280521825,2.820817299381649,123.56707280521825,2.820817299381649,123.56707280521825,2.820817299381649,10,0.991,10
127.29,GT-0002,-88751.29075780022,33884.50630502315,-94.92082921760314,78.20452262191313,124.05434844337054,3.625952907875827,124.05434844337054,3.625952907875827,124.05434844337054,3.625952907875827,10,0.992,10
129.69,GT-0002,-88979.14313964773,34072.19695628944,-94.92369645426328,78.21112095895515,125.18859206999015,4.307005820529927,125.18859206999015,4.307005820529927,125.18859206999015,4.307005820529927,10,0.988,10
130.19,GT-0002,-89228.77557541797,34303.419777633855,-96.24273042165716,91.10598782298929,123.98520821179606,1.5296126043545615,123.98520821179606,1.5296126043545615,123.98520821179606,1.5296126043545615,10,0.993,10
130.64,GT-0002,-89272.04646824827,34344.42951581374,-96.24308454478422,91.10646709253743,124.04329988174818,1.831746417074938,124.04329988174818,1.831746417074938,124.04329988174818,1.831746417074938,10,0.987,10
132.27,GT-0002,-89428.85492479712,34493.04747580644,-96.23261433382365,91.11879372136181,124.12732799898596,2.649098323426794,124.12732799898596,2.649098323426794,124.12732799898596,2.649098323426794,10,0.991,10
134.47,GT-0002,-89640.41879353626,34693.51873854875,-96.22655815066008,91.12793374505867,124.50089304194651,3.458262839200446,124.50089304194651,3.458262839200446,124.50089304194651,3.458262839200446,10,0.991,10
136.84,GT-0002,-89868.47573635333,34909.49194152454,-96.22655815066008,91.12793374505867,125.38980868920379,4.1583749067387785,125.38980868920379,4.1583749067387785,125.38980868920379,4.1583749067387785,10,0.961,10
137.68,GT-0002,-89949.29579360486,34986.00239444884,-96.22472185748626,91.12721089107824,125.93813588633829,4.381727285710198,125.93813588633829,4.381727285710198,125.93813588633829,4.381727285710198,10,0.97,10
139.25,GT-0002,-90100.36860692111,35129.07211554783,-96.22472185748626,91.12721089107824,127.13711966493835,4.767812287237957,127.13711966493835,4.767812287237957,127.13711966493835,4.767812287237957,10,0.941,10
139.25,GT-0003,-89959.49040475399,35266.83918200646,-76.40718404145937,107.17098007482255,147.72474460432753,2.0225178579488503,147.72474460432753,2.0225178579488503,147.72474460432753,2.0225178579488503,9,0.888,1
141.9,GT-0002,-90355.36411984345,35370.55922440919,-96.22472185748626,91.12721089107824,130.15099675701802,5.35672791976009,130.15099675701802,5.35672791976009,130.15099675701802,5.35672791976009,10,0.913,10
141.9,GT-0003,-90161.96944246386,35550.842279204735,-76.40718404145937,107.17098007482255,147.86923579862383,3.1706589986502833,147.86923579862383,3.1706589986502833,147.86923579862383,3.1706589986502833,9,0.862,1
144.8,GT-0002,-90634.41581323015,35634.82813599332,-96.22472185748626,91.12721089107824,135.10265458895057,5.934604789397292,135.10265458895057,5.934604789397292,135.10265458895057,5.934604789397292,10,0.886,10
144.8,GT-0004,-90172.18836240302,35815.24473800241,-63.82870439590808,119.98901423643986,124.876956605025,2.975271274492908,124.876956605025,2.975271274492908,124.876956605025,2.975271274492908,10,0.912,1
145.8,GT-0002,-90730.64053508764,35725.955346884395,-96.22472185748626,91.12721089107824,137.249546953581,6.12123631355115,137.249546953581,6.12123631355115,137.249546953581,6.12123631355115,10,0.859,10
145.8,GT-0004,-90236.03264658406,35935.226913468316,-63.82260853205602,119.99021152330386,125.09753973969808,3.332826181971705,125.09753973969808,3.332826181971705,125.09753973969808,3.332826181971705,10,0.965,2
146.26,GT-0002,-90774.77279883702,35767.97021641581,-96.2152019501973,91.13439875756183,138.37907883191315,6.207275118641573,138.37907883191315,6.207275118641573,138.37907883191315,6.207275118641573,10,0.933,10
146.26,GT-0004,-90265.39104650881,35990.42241076903,-63.82260853205602,119.99021152330386,125.20350563247258,3.4846420704623378,125.20350563247258,3.4846420704623378,125.20350563247258,3.4846420704623378,10,0.936,2
146.67,GT-0002,-90814.2210316366,35805.33531990641,-96.2152019501973,91.13439875756183,139.37210189661903,6.281143558183235,139.37210189661903,6.281143558183235,139.37210189661903,6.281143558183235,10,0.905,10
146.67,GT-0004,-90291.55831600695,36039.618397493585,-63.82260853205602,119.99021152330386,125.31510745580113,3.6145857797590084,125.31510745580113,3.6145857797590084,125.31510745580113,3.6145857797590084,10,0.908,2
149.2,GT-0002,-91057.64549257059,36035.90534876304,-96.2152019501973,91.13439875756183,146.39616501131033,6.719022577615493,146.39616501131033,6.719022577615493,146.39616501131033,6.719022577615493,9,0.878,10
149.2,GT-0004,-90453.02951559305,36343.19363264754,-63.82260853205602,119.99021152330386,126.43341357886638,4.331019551934168,126.43341357886638,4.331019551934168,126.43341357886638,4.331019551934168,10,0.88,2
149.2,GT-0005,-90299.90308239225,36592.44174846084,-33.32333827540502,129.65791530002107,125.09925887813928,1.5295237424893504,125.09925887813928,1.5295237424893504,125.09925887813928,1.5295237424893504,10,0.917,1
150.42,GT-0002,-91175.02803894984,36147.08931524726,-96.2152019501973,91.13439875756183,150.33897297861876,6.920279213912307,150.33897297861876,6.920279213912307,150.33897297861876,6.920279213912307,9,0.851,10
150.42,GT-0004,-90530.78792926783,36489.63498302486,-63.812903501327696,119.99206417283234,127.34838200036789,4.638681311023906,127.34838200036789,4.638681311023906,127.34838200036789,4.638681311023906,10,0.946,2
150.42,GT-0005,-90340.55755508825,36750.624405126866,-33.32333827540502,129.65791530002107,125.11864703108506,2.2548709228775436,125.11864703108506,2.2548709228775436,125.11864703108506,2.2548709228775436,10,0.889,1
152.17,GT-0004,-90642.46051039515,36699.62109532731,-63.812903501327696,119.99206417283234,129.0080891153246,5.04528139009535,129.0080891153246,5.04528139009535,129.0080891153246,5.04528139009535,10,0.917,2
152.17,GT-0005,-90398.7464045461,36977.647184830006,-33.30955994306048,129.6709592385577,125.27797562987354,3.0018308656461383,125.27797562987354,3.0018308656461383,125.27797562987354,3.0018308656461383,10,0.971,1
153.31,GT-0004,-90715.20722038666,36836.412048484344,-63.812903501327696,119.99206417283234,130.39406054658167,5.293379289758339,130.39406054658167,5.293379289758339,130.39406054658167,5.293379289758339,10,0.89,2
153.31,GT-0005,-90436.70046790612,37125.45791015494,-33.30878227876818,129.67113164208163,125.54309164289708,3.4038938432408483,125.54309164289708,3.4038938432408483,125.54309164289708,3.4038938432408483,10,0.977,2
153.85,GT-0004,-90749.66618827738,36901.207763137674,-63.812903501327696,119.99206417283234,131.1408526507775,5.406927436654064,131.1408526507775,5.406927436654064,131.1408526507775,5.406927436654064,10,0.863,2
153.85,GT-0005,-90454.68721033666,37195.48032124166,-33.30878227876818,129.67113164208163,125.67996760036687,3.5779174523810546,125.67996760036687,3.5779174523810546,125.67996760036687,3.5779174523810546,10,0.947,2
154.16,GT-0005,-90465.01293284308,37235.67837205071,-33.30878227876818,129.67113164208163,125.77170721052744,3.674097616565589,125.77170721052744,3.674097616565589,125.77170721052744,3.674097616565589,10,0.919,2
154.16,GT-0006,-90433.80434942807,37416.120316464054,-14.815466752793082,133.85063127662872,125.28082262997539,1.742673415317573,125.28082262997539,1.742673415317573,125.28082262997539,1.742673415317573,10,0.898,2
157.1,GT-0005,-90562.94075274265,37616.91149907843,-33.30878227876818,129.67113164208163,127.22078106273857,4.48486268419145,127.22078106273857,4.48486268419145,127.22078106273857,4.48486268419145,10,0.891,2
157.1,GT-0006,-90477.36182168129,37809.641172417345,-14.815466752793082,133.85063127662872,125.48103948697876,3.1067524253558747,125.48103948697876,3.1067524253558747,125.48103948697876,3.1067524253558747,10,0.872,2
160.29,GT-0005,-90669.19576821192,38030.56240901667,-33.30878227876818,129.67113164208163,130.3069277599853,5.224126079647478,130.3069277599853,5.224126079647478,130.3069277599853,5.224126079647478,10,0.865,2
160.29,GT-0007,-90282.91599588713,37929.97499069757,3.6470935664054878,131.05672486444502,125.57207815349422,3.0841491516000814,125.57207815349422,3.0841491516000814,125.57207815349422,3.0841491516000814,10,0.898,2
162.31,GT-0007,-90275.548866883,38194.70957492375,3.6470935664054878,131.05672486444502,126.05421141277576,3.7492633928967334,126.05421141277576,3.7492633928967334,126.05421141277576,3.7492633928967334,10,0.872,2
165.05,GT-0009,-89826.31457091548,38661.76290401839,39.13770782620846,143.50369485920805,125.50306878800694,1.6568245928173442,125.50306878800694,1.6568245928173442,125.50306878800694,1.6568245928173442,10,0.872,2
168.45,GT-0009,-89693.27199725028,39149.68741527629,39.13967085478083,143.5017183210602,125.81841599732397,3.225507798912211,125.81841599732397,3.225507798912211,125.81841599732397,3.225507798912211,10,0.933,2
169.83,GT-0009,-89639.25925147068,39347.719786559355,39.13967085478083,143.5017183210602,126.15476203328626,3.6754456275183216,126.15476203328626,3.6754456275183216,126.15476203328626,3.6754456275183216,10,0.905,2
169.83,GT-0010,-89767.62958633971,39223.389115130165,53.67127900426694,131.21097108943297,181.80713632373403,2.6742424368534974,181.80713632373403,2.6742424368534974,181.80713632373403,2.6742424368534974,9,0.871,1
171.14,GT-0009,-89587.98628265092,39535.70703755994,39.13967085478083,143.5017183210602,126.66054733442952,4.056648932412502,126.66054733442952,4.056648932412502,126.66054733442952,4.056648932412502,10,0.878,2
171.14,GT-0010,-89697.36230609906,39395.23472906624,53.673172438541954,131.21060865891218,181.93000530628524,3.179363300299462,181.93000530628524,3.179363300299462,181.93000530628524,3.179363300299462,9,0.938,2
172.95,GT-0009,-89517.14347840377,39795.44514772106,39.13967085478083,143.5017183210602,127.72869782962775,4.53088297805665,127.72869782962775,4.53088297805665,127.72869782962775,4.53088297805665,10,0.852,2
172.95,GT-0010,-89529.826439848,39742.20023572174,68.56992261605753,129.7033209379211,181.78377976646047,2.674287546075402,181.78377976646047,2.674287546075402,181.78377976646047,2.674287546075402,9,0.978,2
175.15,GT-0010,-89379.0037320123,40027.470313344,68.57161372894838,129.6994247668533,181.96073118560525,3.4795467256596173,181.96073118560525,3.4795467256596173,181.96073118560525,3.4795467256596173,9,0.984,3
175.85,GT-0010,-89200.55615111599,39863.150569501355,80.37139869270194,119.75308715146676,181.7557789392167,2.674263009208765,181.7557789392167,2.674263009208765,181.7557789392167,2.674263009208765,9,0.989,3
177.92,GT-0010,-89107.1047820845,39989.6471912215,86.79693199375598,115.70687939570571,148.35893877981235,2.0224966152422095,148.35893877981235,2.0224966152422095,148.35893877981235,2.0224966152422095,9,0.991,3
178.99,GT-0010,-89014.27464382045,40113.57116932788,86.798891364498,115.70478560481345,148.4352115742191,2.550017437228866,148.4352115742191,2.550017437228866,148.4352115742191,2.550017437228866,9,0.988,3
180.17,GT-0010,-88911.88683876654,40250.114321447545,86.8090528731639,115.70057516842064,148.53961043922303,3.0257219688920136,148.53961043922303,3.0257219688920136,148.53961043922303,3.0257219688920136,9,0.99,3
180.31,GT-0010,-88899.76327401795,40266.47730044643,86.80932530719036,115.7013739630128,148.61771509998627,3.07850015426299,148.61771509998627,3.07850015426299,148.61771509998627,3.07850015426299,9,0.987,3
181.65,GT-0010,-88783.51849693796,40421.55745412588,86.83605475559364,115.68907954733123,148.86199150145654,3.533093957637139,148.86199150145654,3.533093957637139,148.86199150145654,3.533093957637139,9,0.99,3
182.79,GT-0010,-88684.52539451659,40553.44300480984,86.83605475559364,115.68907954733123,149.15648514487015,3.8791433221127614,149.15648514487015,3.8791433221127614,149.15648514487015,3.8791433221127614,9,0.96,3
185.14,GT-0010,-88480.46066584095,40825.31234174607,86.83605475559364,115.68907954733123,150.19797672624378,4.509462596972284,150.19797672624378,4.509462596972284,150.19797672624378,4.509462596972284,9,0.931,3
185.14,GT-0011,-88505.00188087973,41077.21796582586,107.0184990214335,103.05064821907524,148.3280642705243,3.0614307980371236,148.3280642705243,3.0614307980371236,148.3280642705243,3.0614307980371236,9,0.887,1
187.32,GT-0010,-88291.15806647376,41077.51453515925,86.83605475559364,115.68907954733123,151.81637942101932,5.023967845586995,151.81637942101932,5.023967845586995,151.81637942101932,5.023967845586995,9,0.903,3
187.32,GT-0011,-88271.67701350927,41301.85548970091,107.02325702069339,103.04693626570901,148.80430761058858,3.780031032869363,148.80430761058858,3.780031032869363,148.80430761058858,3.780031032869363,9,0.948,2
187.79,GT-0010,-88250.34512073862,41131.888402546494,86.83605475559364,115.68907954733123,152.26106461885075,5.128133472667422,152.26106461885075,5.128133472667422,152.26106461885075,5.128133472667422,9,0.876,3
187.79,GT-0011,-88221.37608270954,41350.28754974579,107.02325702069339,103.04693626570901,148.9465358781132,3.9174142759549215,148.9465358781132,3.9174142759549215,148.9465358781132,3.9174142759549215,9,0.92,2
190.69,GT-0011,-87911.00863734953,41649.12366491635,107.02325702069339,103.04693626570901,150.38004989336912,4.676658487580148,150.38004989336912,4.676658487580148,150.38004989336912,4.676658487580148,9,0.892,2
190.69,GT-0012,-87785.42792441178,41419.92573186038,125.84407789686676,87.13013278294187,148.19360777969555,3.256933809126538,148.19360777969555,3.256933809126538,148.19360777969555,3.256933809126538,9,0.887,1
192.88,GT-0011,-87676.62770447422,41874.79645533825,107.02325702069339,103.04693626570901,152.2368528536545,5.176739766441368,152.2368528536545,5.176739766441368,152.2368528536545,5.176739766441368,9,0.865,2
192.88,GT-0012,-87509.83103703072,41610.71933322294,125.84866942559717,87.11391743131718,148.76257373928945,3.942031648212395,148.76257373928945,3.942031648212395,148.76257373928945,3.942031648212395,9,0.957,2
192.97,GT-0012,-87498.50465678242,41618.559585791765,125.84866942559717,87.11391743131718,148.7931967922702,3.967633238532531,148.7931967922702,3.967633238532531,148.7931967922702,3.967633238532531,9,0.928,2
196.08,GT-0012,-87107.11529486881,41889.48386900316,125.84866942559717,87.11391743131718,150.44432429507754,4.76860708336388,150.44432429507754,4.76860708336388,150.44432429507754,4.76860708336388,9,0.9,2
196.16,GT-0012,-87097.04740131476,41896.45298239766,125.84866942559717,87.11391743131718,150.50391142879158,4.787443317210986,150.50391142879158,4.787443317210986,150.50391142879158,4.787443317210986,9,0.873,2
198.25,GT-0014,-86528.99230647678,41589.30720990958,137.94974739561576,45.91228377245842,124.3025459611393,1.5294585209312117,124.3025459611393,1.5294585209312117,124.3025459611393,1.5294585209312117,10,0.922,1
198.59,GT-0014,-86482.15692367146,41604.964211570434,137.95032691971664,45.91225779863556,124.36006102515861,1.7627015818856355,124.36006102515861,1.7627015818856355,124.36006102515861,1.7627015818856355,10,0.964,2
200.37,GT-0014,-86236.58187598185,41686.5260336408,137.95217195806214,45.901440525947535,124.44779857600307,2.6658625320308755,124.44779857600307,2.6658625320308755,124.44779857600307,2.6658625320308755,10,0.986,2
202.96,GT-0014,-85879.3603417503,41805.368421963714,137.95408898741064,45.89055590854769,124.95143886912369,3.597168823620171,124.95143886912369,3.597168823620171,124.95143886912369,3.597168823620171,10,0.987,2
202.98,GT-0014,-85876.60125997056,41806.28623308188,137.95408898741064,45.89055590854769,124.95721724099448,3.6034183139936564,124.95721724099448,3.6034183139936564,124.95721724099448,3.6034183139936564,10,0.957,2
205.9,GT-0014,-85473.77532012732,41940.28665633484,137.95408898741064,45.89055590854769,126.31421926506303,4.422061006547165,126.31421926506303,4.422061006547165,126.31421926506303,4.422061006547165,10,0.928,2
206.21,GT-0014,-85431.00955254122,41954.512728666494,137.95408898741064,45.89055590854769,126.52707804677021,4.500235943328408,126.52707804677021,4.500235943328408,126.52707804677021,4.500235943328408,10,0.901,2
207.58,GT-0014,-85242.01245062846,42017.3827902612,137.95408898741064,45.89055590854769,127.65340169542306,4.830592463210381,127.65340169542306,4.830592463210381,127.65340169542306,4.830592463210381,10,0.874,2
207.58,GT-0016,-85322.60660062001,41852.00255807404,153.0357106597078,13.389973815348526,147.08181867191777,2.67831649894232,147.08181867191777,2.67831649894232,147.08181867191777,2.67831649894232,9,0.872,2
209.07,GT-0016,-85094.4477630452,41871.859144035916,153.0380503233069,13.363864626236289,147.24702753290126,3.2435882914896847,147.24702753290126,3.2435882914896847,147.24702753290126,3.2435882914896847,9,0.962,2
211.56,GT-0016,-84713.38301774017,41905.135166955246,153.0380503233069,13.363864626236289,147.85956379706707,4.015391015167638,147.85956379706707,4.015391015167638,147.85956379706707,4.015391015167638,9,0.934,2
212.56,GT-0016,-84560.34496741687,41918.49903158148,153.0380503233069,13.363864626236289,148.28154589777427,4.286416335902171,148.28154589777427,4.286416335902171,148.28154589777427,4.286416335902171,9,0.906,2
212.56,GT-0017,-84368.22470749437,41575.74796818477,157.0698713875712,-12.588092698595093,123.31916212466692,2.1427323561793035,123.31916212466692,2.1427323561793035,123.31916212466692,2.1427323561793035,10,0.872,2
213.36,GT-0016,-84437.91452715822,41929.19012328247,153.0380503233069,13.363864626236289,148.70652809308783,4.491476929105728,148.70652809308783,4.491476929105728,148.70652809308783,4.491476929105728,9,0.878,2
213.36,GT-0017,-84107.75246479028,41808.52497133733,155.31025293470077,-18.44802265716915,123.06484334069302,1.5294262605668132,123.06484334069302,1.5294262605668132,123.06484334069302,1.5294262605668132,10,0.972,2
215.6,GT-0016,-84095.10929443402,41959.12518004524,153.0380503233069,13.363864626236289,150.37206992690722,5.021291169080815,150.37206992690722,5.021291169080815,150.37206992690722,5.021291169080815,9,0.852,2
215.6,GT-0017,-83760.09372232284,41767.08064587399,155.31331119131215,-18.456408049614488,123.16472686213389,2.7153576590867976,123.16472686213389,2.7153576590867976,123.16472686213389,2.7153576590867976,10,0.988,2
216.81,GT-0017,-83572.14302552103,41744.630150580415,155.31204222338278,-18.466432551089916,123.36689933119145,3.1776742035017222,123.36689933119145,3.1776742035017222,123.36689933119145,3.1776742035017222,10,0.989,2
218.33,GT-0017,-83336.06872134148,41716.56117310276,155.31204222338278,-18.466432551089916,123.73571509571214,3.6766307053605924,123.73571509571214,3.6766307053605924,123.73571509571214,3.6766307053605924,10,0.959,2
220.15,GT-0017,-83053.40080449493,41682.95226585978,155.31204222338278,-18.466432551089916,124.51180010739957,4.196738417342724,124.51180010739957,4.196738417342724,124.51180010739957,4.196738417342724,10,0.93,2
220.15,GT-0018,-83220.34418831384,41465.99436737796,158.79973369248947,-45.53219060313419,122.51205189906624,1.5294280651718262,122.51205189906624,1.5294280651718262,122.51205189906624,1.5294280651718262,10,0.925,1
221.61,GT-0017,-82826.64522284879,41655.99127433519,155.31204222338278,-18.466432551089916,125.46230925863973,4.571390745014074,125.46230925863973,4.571390745014074,125.46230925863973,4.571390745014074,10,0.902,2
221.61,GT-0018,-82988.44527412816,41399.46428242754,158.8036527121024,-45.533256946172706,122.59375717504362,2.372415414761561,122.59375717504362,2.372415414761561,122.59375717504362,2.372415414761561,10,0.969,2
222.98,GT-0017,-82613.86772500275,41630.692261740194,155.31204222338278,-18.466432551089916,126.66691523449799,4.896949391570254,126.66691523449799,4.896949391570254,126.66691523449799,4.896949391570254,10,0.875,2
222.98,GT-0018,-82771.01394053294,41336.84474999506,158.79919018328997,-45.562148644384784,122.72741862225995,2.9497363560519294,122.72741862225995,2.9497363560519294,122.72741862225995,2.9497363560519294,10,0.987,2
225.07,GT-0018,-82439.12363304987,41241.6198593283,158.79919018328997,-45.562148644384784,123.17522112912236,3.661071505749993,123.17522112912236,3.661071505749993,123.17522112912236,3.661071505749993,10,0.958,2
225.33,GT-0018,-82397.81896712049,41229.75402008291,158.7974607031348,-45.56424077856684,123.31886303144951,3.741599874026187,123.31886303144951,3.741599874026187,123.31886303144951,3.741599874026187,10,0.974,2
227.68,GT-0018,-82024.64493446812,41122.67805425328,158.7974607031348,-45.56424077856684,124.47255661121704,4.391704636848061,124.47255661121704,4.391704636848061,124.47255661121704,4.391704636848061,10,0.944,2
227.68,GT-0019,-82252.55672619861,41012.10656688332,143.7926134766701,-63.07360946502418,122.1584778325548,2.863882586907631,122.1584778325548,2.863882586907631,122.1584778325548,2.863882586907631,10,0.908,1
229.3,GT-0018,-81767.39304812904,41048.863984192,158.7974607031348,-45.56424077856684,125.74184088442337,4.788744054270678,125.74184088442337,4.788744054270678,125.74184088442337,4.788744054270678,10,0.916,2
229.3,GT-0019,-82019.54943041934,40909.84523103479,143.789628243982,-63.0746021959736,122.49704278154094,3.4431167489935057,122.49704278154094,3.4431167489935057,122.49704278154094,3.4431167489935057,10,0.96,2
229.7,GT-0018,-81703.87406384779,41030.638287880574,158.7974607031348,-45.56424077856684,126.12382175959969,4.8818100759157685,126.12382175959969,4.8818100759157685,126.12382175959969,4.8818100759157685,10,0.889,2
229.7,GT-0019,-81962.00515488315,40884.518897962065,143.78372973947532,-63.09093513146871,122.63500485071361,3.5700082212429907,122.63500485071361,3.5700082212429907,122.63500485071361,3.5700082212429907,10,0.983,2
232.01,GT-0018,-81337.05192962354,40925.384891682086,158.7974607031348,-45.56424077856684,128.92237034380642,5.387909577685276,128.92237034380642,5.387909577685276,128.92237034380642,5.387909577685276,10,0.862,2
232.01,GT-0019,-81629.86473918497,40738.77883780837,143.78372973947532,-63.09093513146871,123.6031025980687,4.2358539516539695,123.6031025980687,4.2358539516539695,123.6031025980687,4.2358539516539695,10,0.954,2
234.23,GT-0019,-81310.67888387832,40598.53231953911,143.77991121671732,-63.11147483540765,125.2960811175289,4.789172755280061,125.2960811175289,4.789172755280061,125.2960811175289,4.789172755280061,10,0.977,2
234.51,GT-0019,-81270.42050873765,40580.861106585195,143.77991121671732,-63.11147483540765,125.56153410738631,4.8545005592663,125.56153410738631,4.8545005592663,125.56153410738631,4.8545005592663,10,0.948,2
234.51,GT-0020,-81252.38938772377,40289.40471278536,138.03082872277176,-80.74416747956609,121.24939752640815,1.5295669131829985,121.24939752640815,1.5295669131829985,121.24939752640815,1.5295669131829985,10,0.905,1
237.66,GT-0019,-80817.51378840499,40382.05996085366,143.77991121671732,-63.11147483540765,129.5867429510864,5.536576169431504,129.5867429510864,5.536576169431504,129.5867429510864,5.536576169431504,10,0.919,2
237.66,GT-0020,-80817.58669567306,40035.15091084505,138.03725527223855,-80.73884663332049,121.47439120215132,3.0698602461971305,121.47439120215132,3.0698602461971305,121.47439120215132,3.0698602461971305,10,0.97,1
237.88,GT-0019,-80785.88220793732,40368.175436389865,143.77991121671732,-63.11147483540765,129.94441155567878,5.581099862922794,129.94441155567878,5.581099862922794,129.94441155567878,5.581099862922794,10,0.892,2
237.88,GT-0020,-80787.25679574588,40017.36637753171,138.03808108172154,-80.74041065901886,121.56731189253033,3.1508002603832783,121.56731189253033,3.1508002603832783,121.56731189253033,3.1508002603832783,10,0.978,2
238.51,GT-0019,-80695.33283526046,40328.194783529565,143.7794065822759,-63.14021762278617,131.07169171715682,5.7052207288965215,131.07169171715682,5.7052207288965215,131.07169171715682,5.7052207288965215,10,0.959,2
238.51,GT-0020,-80700.2928046644,39966.49991881653,138.03808108172154,-80.74041065901886,121.69131447256318,3.3682402350235243,121.69131447256318,3.3682402350235243,121.69131447256318,3.3682402350235243,10,0.949,2
239.72,GT-0019,-80521.35975329591,40251.79512020599,143.7794065822759,-63.14021762278617,133.4007113868771,5.939027156481992,133.4007113868771,5.939027156481992,133.4007113868771,5.939027156481992,10,0.93,2
239.72,GT-0020,-80566.54840677917,39872.257898071846,137.5645509410773,-79.80313552944466,120.73630481379354,1.5295789669396989,120.73630481379354,1.5295789669396989,120.73630481379354,1.5295789669396989,10,0.986,2
242.2,GT-0019,-80164.78682497187,40095.20738050148,143.7794065822759,-63.14021762278617,139.24695415478965,6.391560338871139,139.24695415478965,6.391560338871139,139.24695415478965,6.391560338871139,10,0.902,2
242.2,GT-0020,-80145.4968487856,39430.80826083142,135.7729254231627,-81.86844464915853,120.50775985832036,1.5294804549664327,120.50775985832036,1.5294804549664327,120.50775985832036,1.5294804549664327,10,0.992,2
244.49,GT-0019,-79835.92083436817,39950.14420506057,143.75475926351692,-63.17312413943819,145.9885214237664,6.778730520755748,145.9885214237664,6.778730520755748,145.9885214237664,6.778730520755748,9,0.962,2
244.49,GT-0020,-79834.57684956655,39243.32952258485,135.7729254231627,-81.86844464915853,120.59606857637993,2.737117180926745,120.59606857637993,2.737117180926745,120.59606857637993,2.737117180926745,10,0.962,2
246.5,GT-0019,-79546.9737682485,39823.1662255403,143.75475926351692,-63.17312413943819,152.93104602899672,7.104483617619614,152.93104602899672,7.104483617619614,152.93104602899672,7.104483617619614,9,0.933,2
246.5,GT-0020,-79609.05052116638,39487.742441714734,136.37669872166697,-78.91573355980566,120.11496350602309,1.5295574091918072,120.11496350602309,1.5295574091918072,120.11496350602309,1.5295574091918072,10,0.988,3
249.17,GT-0019,-79163.14856101491,39654.493984088,143.75475926351692,-63.17312413943819,163.65046017181422,7.515396694321961,163.65046017181422,7.515396694321961,163.65046017181422,7.515396694321961,9,0.905,2
249.17,GT-0020,-79245.07806191796,39276.986408877565,136.37168935741067,-78.91554442950682,120.26184881894439,2.887610827300737,120.26184881894439,2.887610827300737,120.26184881894439,2.887610827300737,10,0.991,3
250.56,GT-0019,-79116.16739120896,39356.29196645338,134.48670636000384,-76.28580505306385,142.0562653529809,2.6775660734922155,142.0562653529809,2.6775660734922155,142.0562653529809,2.6775660734922155,9,0.978,2
250.56,GT-0020,-79055.52141371115,39167.29380212055,136.37168935741067,-78.91554442950682,120.50164021046984,3.3861181742438466,120.50164021046984,3.3861181742438466,120.50164021046984,3.3861181742438466,10,0.962,3
251.08,GT-0019,-79046.23430390176,39316.623347825785,134.48670636000384,-76.28580505306385,142.3223902113103,2.8877950200657496,142.3223902113103,2.8877950200657496,142.3223902113103,2.8877950200657496,9,0.949,2
251.08,GT-0020,-78982.41999012601,39026.7043730116,136.76367005232726,-80.34028870929897,103.5715662949136,1.1567254040867978,103.5715662949136,1.1567254040867978,103.5715662949136,1.1567254040867978,11,0.99,3
251.4,GT-0019,-79003.19855786656,39292.211890208804,134.48670636000384,-76.28580505306385,142.4936367152081,3.0098770868453295,142.4936367152081,3.0098770868453295,142.4936367152081,3.0098770868453295,9,0.92,2
251.4,GT-0020,-78938.7215307457,39000.9630095197,136.76276675485138,-80.34013032415253,103.61790198259226,1.4352310463388422,103.61790198259226,1.4352310463388422,103.61790198259226,1.4352310463388422,11,0.988,3
256.68,GT-0019,-78293.10874828574,38889.422839528626,134.48670636000384,-76.28580505306385,146.58466317928972,4.575954553742479,146.58466317928972,4.575954553742479,146.58466317928972,4.575954553742479,9,0.893,2
256.68,GT-0020,-78216.66598583257,38576.748233261336,136.74419051094083,-80.32895593524151,104.47466013586455,3.7290862086498255,104.47466013586455,3.7290862086498255,104.47466013586455,3.7290862086498255,11,0.991,4
257.66,GT-0019,-78161.42098286847,38814.54160213135,134.48381861223527,-76.29127146868188,147.75169996154176,4.810680305091911,147.75169996154176,4.810680305091911,147.75169996154176,4.810680305091911,9,0.959,2
257.66,GT-0020,-78082.65667913185,38498.0258564448,136.74419051094083,-80.32895593524151,104.94107240306256,4.013861476376878,104.94107240306256,4.013861476376878,104.94107240306256,4.013861476376878,11,0.961,4
259.83,GT-0019,-77869.59109647993,38648.989543044314,134.48381861223527,-76.29127146868188,150.7358900041266,5.293878067900612,150.7358900041266,5.293878067900612,150.7358900041266,5.293878067900612,9,0.93,2
259.83,GT-0020,-77669.14573264019,38330.72042266463,136.5423385187864,-78.55206851384884,85.43463905070611,0.6615136508988576,85.43463905070611,0.6615136508988576,85.43463905070611,0.6615136508988576,11,0.994,4
262.06,GT-0019,-77569.69218097464,38478.86000766915,134.48381861223527,-76.29127146868188,154.63539488021055,5.748273218784851,154.63539488021055,5.748273218784851,154.63539488021055,5.748273218784851,9,0.902,2
262.06,GT-0020,-77364.62173109925,38155.44184249661,136.551255163869,-78.55385730774833,85.51665779579812,2.334049903059823,85.51665779579812,2.334049903059823,85.51665779579812,2.334049903059823,11,0.994,4
262.54,GT-0019,-77504.75258083295,38442.11137268704,134.51043757597563,-76.30096737365989,155.6374969297773,5.839717257849756,155.6374969297773,5.839717257849756,155.6374969297773,5.839717257849756,9,0.962,2
262.54,GT-0020,-77299.07712862059,38117.73599098889,136.551255163869,-78.55385730774833,85.56128796037477,2.554953805839474,85.56128796037477,2.554953805839474,85.56128796037477,2.554953805839474,11,0.964,4
262.78,GT-0019,-77472.47007581472,38423.79914051737,134.51043757597563,-76.30096737365989,156.1331579878385,5.88577077803988,156.1331579878385,5.88577077803988,156.1331579878385,5.88577077803988,9,0.933,2
262.78,GT-0020,-77266.37360987079,38098.828326126524,136.55659868161052,-78.55489507295215,85.62330367715867,2.658545694422279,85.62330367715867,2.658545694422279,85.62330367715867,2.658545694422279,11,0.984,4
265.32,GT-0019,-77130.81356437174,38229.99468338827,134.51043757597563,-76.30096737365989,162.07970111354948,6.352739381686314,162.07970111354948,6.352739381686314,162.07970111354948,6.352739381686314,9,0.905,2
265.32,GT-0020,-76919.30958228956,37899.23667344637,136.63433212340465,-78.56000880908144,86.30404529729981,3.5672919698006127,86.30404529729981,3.5672919698006127,86.30404529729981,3.5672919698006127,11,0.992,4
267.79,GT-0019,-76798.48190644395,38041.546446593195,134.52308882573152,-76.29958346513001,169.2042355653984,6.777031809827302,169.2042355653984,6.777031809827302,169.2042355653984,6.777031809827302,9,0.955,2
267.79,GT-0020,-76581.82278194475,37705.19345168794,136.63433212340465,-78.56000880908144,87.83860114679328,4.275870905184579,87.83860114679328,4.275870905184579,87.83860114679328,4.275870905184579,11,0.962,4
268.11,GT-0019,-76755.43451801971,38017.13057988435,134.52308882573152,-76.29958346513001,170.21371382651176,6.829945838102312,170.21371382651176,6.829945838102312,170.21371382651176,6.829945838102312,9,0.926,2
268.11,GT-0020,-76537.92652186885,37680.07605274491,136.688908843886,-78.54776547740084,88.13830571974347,4.3512365420049,88.13830571974347,4.3512365420049,88.13830571974347,4.3512365420049,11,0.986,4
270.27,GT-0019,-76464.86464615614,37852.323479599676,134.52308882573152,-76.29958346513001,177.602849504102,7.176918569373003,177.602849504102,7.176918569373003,177.602849504102,7.176918569373003,9,0.898,2
270.27,GT-0020,-76242.14002442847,37510.56440465202,136.78670735547007,-78.51541042777956,90.61447633062832,4.865968847370369,90.61447633062832,4.865968847370369,90.61447633062832,4.865968847370369,11,0.991,4
270.29,GT-0019,-76462.17418437962,37850.79748793037,134.52308882573152,-76.29958346513001,177.67595452561045,7.180052935139901,177.67595452561045,7.180052935139901,177.67595452561045,7.180052935139901,9,0.871,2
270.29,GT-0020,-76239.32435236506,37509.00565001604,136.8014694407375,-78.51325437651997,90.67936647525018,4.870362904699241,90.67936647525018,4.870362904699241,90.67936647525018,4.870362904699241,11,0.988,4
271.91,GT-0019,-76244.0013406107,37727.093273544975,134.54322446649803,-76.30707792374619,183.94030762995922,7.43005305976446,183.94030762995922,7.43005305976446,183.94030762995922,7.43005305976446,9,0.942,2
271.91,GT-0020,-76017.70597187107,37381.81417792608,136.8014694407375,-78.51325437651997,93.25401103649435,5.231198220625026,93.25401103649435,5.231198220625026,93.25401103649435,5.231198220625026,11,0.958,4
272.61,GT-0019,-76149.82108348416,37673.678318998354,134.54322446649803,-76.30707792374619,186.7945613698395,7.535296176721602,186.7945613698395,7.535296176721602,186.7945613698395,7.535296176721602,8,0.914,2
272.61,GT-0020,-75892.47694543544,37333.97998608148,141.87716829674036,-76.80818750898811,94.17971694657591,4.7172715250746435,94.17971694657591,4.7172715250746435,94.17971694657591,4.7172715250746435,11,0.985,4
275.27,GT-0019,-75791.93610640329,37470.70149172119,134.54322446649803,-76.30707792374619,198.57965852207988,7.922479944494345,198.57965852207988,7.922479944494345,198.57965852207988,7.922479944494345,8,0.887,2
275.27,GT-0020,-75514.53788505626,37129.79781592777,141.94605125271846,-76.78439705763503,98.95645895395516,5.305911893163483,98.95645895395516,5.305911893163483,98.95645895395516,5.305911893163483,11,0.989,4
277.15,GT-0019,-75538.99484440628,37327.244185224554,134.54322446649803,-76.30707792374619,207.784766883815,8.18508939907898,207.784766883815,8.18508939907898,207.784766883815,8.18508939907898,8,0.86,2
277.15,GT-0020,-75211.19733865489,36993.957388505136,145.52860435503885,-76.01652854372378,103.037433735065,5.252906688657481,103.037433735065,5.252906688657481,103.037433735065,5.252906688657481,11,0.99,4
279.81,GT-0020,-74812.5251228326,36816.13290974112,146.9753635998809,-73.4156490624614,108.69990266714984,5.081143764639684,108.69990266714984,5.081143764639684,108.69990266714984,5.081143764639684,10,0.99,4
280.48,GT-0020,-74713.91163898722,36766.98666691405,146.9910215286327,-73.40869637445712,110.19089237712255,5.2280922852509715,110.19089237712255,5.2280922852509715,110.19089237712255,5.2280922852509715,10,0.987,5
281.73,GT-0020,-74529.96485868003,36675.26421211148,147.0104444801691,-73.40593517206912,113.17841967215476,5.491019706394603,113.17841967215476,5.491019706394603,113.17841967215476,5.491019706394603,10,0.985,5
282.13,GT-0020,-74386.81800651105,36660.38194602886,153.8236860046045,-70.49347644892623,110.582805089386,3.984700142311174,110.582805089386,3.984700142311174,110.582805089386,3.984700142311174,10,0.991,5
284.36,GT-0020,-73971.43760025426,36501.69865786908,157.163379948029,-69.46058759218414,110.34997357026617,2.7782407585181654,110.34997357026617,2.7782407585181654,110.34997357026617,2.7782407585181654,10,0.993,5
285.5,GT-0020,-73792.3117915329,36422.39706697638,157.16499564653867,-69.45657397697366,110.99232248464784,3.2060846913714784,110.99232248464784,3.2060846913714784,110.99232248464784,3.2060846913714784,10,0.991,5
286.71,GT-0020,-73693.88496234606,36381.63124179085,159.10425553778032,-67.14583773570492,81.87438858535452,0.6615092372629625,81.87438858535452,0.6615092372629625,81.87438858535452,0.6615092372629625,11,0.997,5
289.3,GT-0020,-73128.92273704556,36195.31512442608,159.1054297407601,-67.3339438279849,81.53290626093522,0.6614975942930278,81.53290626093522,0.6614975942930278,81.53290626093522,0.6614975942930278,11,0.997,5
289.48,GT-0020,-73100.3183602647,36183.14390676471,159.10543060416163,-67.33377119734503,81.56698688749537,0.9183285986958187,81.56698688749537,0.9183285986958187,81.56698688749537,0.9183285986958187,11,0.992,5
290.55,GT-0020,-72930.09435907408,36111.08995592387,159.10574109041835,-67.33531080937979,81.61785445112449,1.8037765860075878,81.61785445112449,1.8037765860075878,81.61785445112449,1.8037765860075878,11,0.988,5
291.3,GT-0020,-72810.86225327587,36060.612510706436,159.1059613147588,-67.33237229689995,81.6578742451062,2.2167766232033417,81.6578742451062,2.2167766232033417,81.6578742451062,2.2167766232033417,11,0.995,5
293.74,GT-0020,-72422.71981546465,35896.46680315334,159.10439543864948,-67.33017881412337,82.08912604418896,3.2199505648153837,82.08912604418896,3.2199505648153837,82.08912604418896,3.2199505648153837,11,0.994,5
293.96,GT-0020,-72272.31790288161,35810.679440346146,159.65702400725593,-66.30200133928284,80.95296742210105,0.6615073448176123,80.95296742210105,0.6615073448176123,80.95296742210105,0.6615073448176123,11,0.997,5
295.99,GT-0020,-71948.35589582898,35676.11956327268,159.66080327663704,-66.30198788453377,81.01605628229902,2.2341241963844194,81.01605628229902,2.2341241963844194,81.01605628229902,2.2341241963844194,11,0.995,5
298.79,GT-0020,-71501.32913398159,35490.47095270873,159.64556482308376,-66.29890500203092,81.55695381708486,3.347727222474859,81.55695381708486,3.347727222474859,81.55695381708486,3.347727222474859,11,0.995,5
299.85,GT-0020,-71332.18993920773,35420.21741085941,159.64191785336192,-66.30664416321358,82.03180253072394,3.682458166984475,82.03180253072394,3.682458166984475,82.03180253072394,3.682458166984475,11,0.993,5
300.7,GT-0020,-71450.84343016183,35388.19221450981,158.33964249773433,-65.02727045777259,80.10354829830068,0.6615112033268291,80.10354829830068,0.6615112033268291,80.10354829830068,0.6615112033268291,11,0.997,5
301.14,GT-0020,-71381.15934900683,35359.60600080139,158.3397281541977,-65.0269889833256,80.14301390281791,1.1954000268175715,80.14301390281791,1.1954000268175715,80.14301390281791,1.1954000268175715,11,0.989,5
303.8,GT-0020,-70777.67859069252,35218.190675061094,158.93118832359875,-65.35665517096511,79.70413743641359,0.6615011760177811,79.70413743641359,0.6615011760177811,79.70413743641359,0.6615011760177811,12,0.997,5
305.56,GT-0020,-70497.99254462862,35103.25800675783,158.93159149850948,-65.35712469396266,79.7660795298487,2.096112638794775,79.7660795298487,2.096112638794775,79.7660795298487,2.096112638794775,12,0.994,5
305.98,GT-0020,-70431.27626820354,35075.8062828917,158.93946975337212,-65.35881433392245,79.79933884281475,2.3036364742304025,79.79933884281475,2.3036364742304025,79.79933884281475,2.3036364742304025,11,0.996,5
308.46,GT-0020,-70087.98268555026,34891.40101026791,159.30076437144385,-64.71190888569305,79.10602254240077,0.661507367881816,79.10602254240077,0.661507367881816,79.10602254240077,0.661507367881816,12,0.997,5
310.65,GT-0020,-69739.04634569917,34749.73178248476,159.3036396443892,-64.7144387280019,79.18231009777352,2.312763238018698,79.18231009777352,2.312763238018698,79.18231009777352,2.312763238018698,12,0.995,5
311.37,GT-0020,-69624.3762793768,34703.14592833701,159.30414865912653,-64.71350173222349,79.2959829357452,2.6407661715331736,79.2959829357452,2.6407661715331736,79.2959829357452,2.6407661715331736,12,0.989,5
313.77,GT-0020,-69246.76348770726,34546.54463613247,159.1327567120207,-64.8916208883661,79.89920855641246,2.9672320116957667,79.89920855641246,2.9672320116957667,79.89920855641246,2.9672320116957667,11,0.995,5
314.69,GT-0020,-69100.42530934187,34486.80579367157,159.13003638771903,-64.89547690830278,80.25620309575945,3.297858328033468,80.25620309575945,3.297858328033468,80.25620309575945,3.297858328033468,11,0.991,6
315.87,GT-0020,-68916.29929280814,34412.63793175515,159.23741167169248,-65.38641121552362,80.5759781560145,2.6043546218399194,80.5759781560145,2.6043546218399194,80.5759781560145,2.6043546218399194,11,0.996,6
318.72,GT-0020,-68462.90240118105,34225.85264115599,159.25438207889647,-65.49988617003964,81.80792491497418,3.556550460057427,81.80792491497418,3.556550460057427,81.80792491497418,3.556550460057427,11,0.995,6
321.29,GT-0020,-68069.03296282882,34058.13083029769,158.57053678996618,-65.68546184208643,83.3536559535654,3.2026030128381673,83.3536559535654,3.2026030128381673,83.3536559535654,3.2026030128381673,11,0.995,6
321.35,GT-0020,-68059.5415125999,34054.2106422445,158.57048608529158,-65.68398407472722,83.42729544470275,3.224789486819497,83.42729544470275,3.224789486819497,83.42729544470275,3.224789486819497,11,0.988,6
321.66,GT-0020,-68010.52151412106,34033.885508121704,158.56621090419958,-65.68198884180032,83.64241052313132,3.3302454874070633,83.64241052313132,3.3302454874070633,83.64241052313132,3.3302454874070633,11,0.99,6
324.08,GT-0020,-67707.52095882368,33911.65081224528,161.22493499083765,-64.9382993067064,83.5698473858854,1.6074245474863724,83.5698473858854,1.6074245474863724,83.5698473858854,1.6074245474863724,11,0.995,6
326.5,GT-0020,-67315.21190989095,33728.92154943538,160.6341494808749,-66.35387114316488,76.75309675725602,0.6615025750098428,76.75309675725602,0.6615025750098428,76.75309675725602,0.6615025750098428,12,0.997,6
326.94,GT-0020,-67244.54407715629,33699.67194441528,160.63267830230674,-66.35315196371636,76.77885018658478,1.1947753503326155,76.77885018658478,1.1947753503326155,76.77885018658478,1.1947753503326155,12,0.995,6
329.21,GT-0020,-66879.78793588313,33548.97917021369,160.6355136993555,-66.35126892000687,76.90898822040289,2.551375219876055,76.90898822040289,2.551375219876055,76.90898822040289,2.551375219876055,12,0.995,6
329.49,GT-0020,-66834.78993276515,33530.41055294384,160.63449015256668,-66.34645519751577,76.97352114522036,2.669229609430474,76.97352114522036,2.669229609430474,76.97352114522036,2.669229609430474,12,0.994,6
331.91,GT-0020,-66445.2017614588,33371.427434226476,160.43553051229202,-66.26681867127641,77.61242427717059,2.934372386510166,77.61242427717059,2.934372386510166,77.61242427717059,2.934372386510166,12,0.996,6
334.7,GT-0020,-65973.58832510478,33158.25771298516,160.4810830707832,-66.86540669922263,75.63703639217847,0.6615107513042524,75.63703639217847,0.6615107513042524,75.63703639217847,0.6615107513042524,12,0.997,6
334.72,GT-0020,-65970.34741485269,33157.00262467357,160.48105547968584,-66.86518187482412,75.66408956691838,0.694969083491306,75.66408956691838,0.694969083491306,75.66408956691838,0.694969083491306,12,0.994,6
337.43,GT-0020,-65535.35571773113,32975.97030953413,160.47381447729015,-66.85939946565378,75.79179237242468,2.5554822845189364,75.79179237242468,2.5554822845189364,75.79179237242468,2.5554822845189364,12,0.996,6
338.6,GT-0020,-65347.615038480115,32897.77069363537,160.47389760217897,-66.85989915785446,76.04172360309242,3.028201308816872,76.04172360309242,3.028201308816872,76.04172360309242,3.028201308816872,12,0.988,7
339.62,GT-0020,-65183.91815495824,32829.59114295324,160.4766807301716,-66.84376588441953,76.36875543590818,3.3731570787548577,76.36875543590818,3.3731570787548577,76.36875543590818,3.3731570787548577,12,0.994,7
342.01,GT-0020,-64793.514321646086,32670.454228836563,161.0344600456467,-66.71608836512195,77.69839489109238,3.642165185169032,77.69839489109238,3.642165185169032,77.69839489109238,3.642165185169032,12,0.995,7
345.11,GT-0020,-64300.269349544425,32457.673218802393,160.66408277534453,-66.62352622150058,79.69239355355016,3.1643970993066164,79.69239355355016,3.1643970993066164,79.69239355355016,3.1643970993066164,12,0.995,7
347.26,GT-0020,-63788.456294326825,32214.48674847846,160.95682447733267,-67.08033711754646,73.94989461059134,0.6615104913126856,73.94989461059134,0.6615104913126856,73.94989461059134,0.6615104913126856,12,0.997,7
347.71,GT-0020,-63716.03615667872,32184.379130074984,160.95762296021803,-67.07970309736436,73.98024638603626,1.2045903842177277,73.98024638603626,1.2045903842177277,73.98024638603626,1.2045903842177277,12,0.993,8
349.28,GT-0020,-63463.33916759599,32079.04017503079,160.95839011795078,-67.08074257690538,74.06892154493102,2.233361426315588,74.06892154493102,2.233361426315588,74.06892154493102,2.233361426315588,12,0.988,8
350.16,GT-0020,-63321.68987226903,32020.072899614777,160.96183632650047,-67.08180423060898,74.1765256770343,2.634101139023712,74.1765256770343,2.634101139023712,74.1765256770343,2.634101139023712,12,0.994,8
352.83,GT-0020,-62890.50019083716,31850.280223939128,161.5559511179976,-66.52825441086475,74.90564977470706,2.890197613196656,74.90564977470706,2.890197613196656,74.90564977470706,2.890197613196656,12,0.996,8
353.47,GT-0020,-62787.1172381003,31807.746929125246,161.5567814931469,-66.52668314666201,75.16229943485216,3.1297542927560755,75.16229943485216,3.1297542927560755,75.16229943485216,3.1297542927560755,12,0.991,8
355.5,GT-0020,-62457.81862377685,31673.309382022424,161.76391355755368,-66.45591941237967,76.24595423528973,3.607997272655571,76.24595423528973,3.607997272655571,76.24595423528973,3.607997272655571,12,0.994,8
358.6,GT-0020,-61949.88034604983,31459.45891505813,163.54591988151466,-66.6856970309203,77.02394828465914,2.05813692439306,77.02394828465914,2.05813692439306,77.02394828465914,2.05813692439306,12,0.996,8
358.74,GT-0020,-61926.98849857621,31450.14447115444,163.54554682830081,-66.68330410299365,77.08864375772826,2.1336775853145458,77.08864375772826,2.1336775853145458,77.08864375772826,2.1336775853145458,12,0.992,8
360.67,GT-0020,-61611.20834126209,31321.582106169903,163.56332028957598,-66.6850211187344,77.70956526434733,2.973996522628915,77.70956526434733,2.973996522628915,77.70956526434733,2.973996522628915,12,0.994,8
363.51,GT-0020,-61146.68529653336,31132.14983983542,163.56210654531014,-66.6950742232994,79.44965303506486,3.9027200275785794,79.44965303506486,3.9027200275785794,79.44965303506486,3.9027200275785794,12,0.99,9
363.63,GT-0020,-61128.17800301299,31125.528419103794,162.680726217286,-67.09850717073013,79.35340543815428,3.2537746952528246,79.35340543815428,3.2537746952528246,79.35340543815428,3.2537746952528246,12,0.994,9
366.11,GT-0020,-60720.82216666695,30956.29227534173,163.25995697031624,-67.65773391780007,80.7554791124416,3.0557774900306853,80.7554791124416,3.0557774900306853,80.7554791124416,3.0557774900306853,11,0.995,9
367.37,GT-0020,-60515.061653231416,30871.08467047595,163.2643457882093,-67.65685111172064,81.53817422886917,3.481566505630989,81.53817422886917,3.481566505630989,81.53817422886917,3.481566505630989,11,0.994,9
369.06,GT-0020,-60155.11370539447,30827.350496671337,164.21922826563372,-67.19141280561335,71.07104282610003,0.6615111683073525,71.07104282610003,0.6615111683073525,71.07104282610003,0.6615111683073525,12,0.997,9
369.71,GT-0020,-60048.3462912671,30783.66961214943,164.21980077490187,-67.1911841566381,71.10741056472628,1.3790733539170086,71.10741056472628,1.3790733539170086,71.10741056472628,1.3790733539170086,12,0.99,9
371.23,GT-0020,-59798.73862431692,30681.52648007358,164.22327769875045,-67.19204248527808,71.19884398783731,2.3065614036093613,71.19884398783731,2.3065614036093613,71.19884398783731,2.3065614036093613,12,0.992,9
371.78,GT-0020,-59708.42825240505,30644.578215602985,164.22312849333122,-67.19102003946976,71.2943191454954,2.561965424457104,71.2943191454954,2.561965424457104,71.2943191454954,2.561965424457104,12,0.986,9
373.19,GT-0020,-59476.857717370964,30549.776670213047,164.22896051038916,-67.1957694695592,71.61339662065714,3.1181129066342717,71.61339662065714,3.1181129066342717,71.61339662065714,3.1181129066342717,12,0.991,9
376.14,GT-0020,-58992.37651587233,30351.57231335206,164.22666716312665,-67.19367445651562,73.21219655871235,4.0421312580710405,73.21219655871235,4.0421312580710405,73.21219655871235,4.0421312580710405,12,0.991,9
379.2,GT-0020,-58481.351899226574,30142.454050260087,165.01221617002466,-67.97738048538827,76.38899433641204,4.0156932754063845,76.38899433641204,4.0156932754063845,76.38899433641204,4.0156932754063845,12,0.993,9
381.71,GT-0020,-58067.12034656507,29971.878080960953,165.01552716507126,-67.96957969798427,79.74852451097951,4.661330051093218,79.74852451097951,4.661330051093218,79.74852451097951,4.661330051093218,12,0.991,9
383.61,GT-0020,-57753.53947739551,29842.686575233114,165.022800036621,-67.9717833885419,83.29014234182264,5.098793550485758,83.29014234182264,5.098793550485758,83.29014234182264,5.098793550485758,11,0.988,10
384.47,GT-0020,-57611.566319710255,29784.45452846558,165.03141116137044,-67.94970153472764,85.18338012557356,5.266747922080396,85.18338012557356,5.266747922080396,85.18338012557356,5.266747922080396,11,0.99,10
388.04,GT-0020,-57021.70020484594,29541.864061840453,165.14767287582663,-67.95181971528996,95.08295320517118,5.950931814955268,95.08295320517118,5.950931814955268,95.08295320517118,5.950931814955268,11,0.989,10
390.03,GT-0020,-56684.13174518635,29437.644083603846,166.48317816100234,-65.15226742885909,98.04742577838358,4.824237341056393,98.04742577838358,4.824237341056393,98.04742577838358,4.824237341056393,11,0.99,11
390.61,GT-0020,-56587.563109078124,29399.898885336195,166.4834293324168,-65.14944660770107,99.38695699693297,4.9596056238410915,99.38695699693297,4.9596056238410915,99.38695699693297,4.9596056238410915,11,0.984,12
392.14,GT-0020,-56317.605315557485,29277.654921582023,167.95131763330414,-67.27723982627742,102.62267319530172,4.825327406419306,102.62267319530172,4.825327406419306,102.62267319530172,4.825327406419306,11,0.989,12
393.2,GT-0020,-56139.55224447082,29206.336240531775,167.95454900988784,-67.27725128004829,105.01687337292519,5.067233143853935,105.01687337292519,5.067233143853935,105.01687337292519,5.067233143853935,11,0.986,12
394.28,GT-0020,-55787.36699016782,29017.368777237614,170.48207858381133,-66.33809308744691,67.84587236462484,0.6615141629239185,67.84587236462484,0.6615141629239185,67.84587236462484,0.6615141629239185,12,0.996,12
396.38,GT-0020,-55429.40894071764,28878.089462985594,170.48243528448404,-66.34465730867106,67.92509688941011,2.2688712152208974,67.92509688941011,2.2688712152208974,67.92509688941011,2.2688712152208974,12,0.995,12
398.8,GT-0020,-55016.889317636975,28717.62377078028,170.47380875433822,-66.34791742208981,68.44247481314915,3.2433667437016642,68.44247481314915,3.2433667437016642,68.44247481314915,3.2433667437016642,12,0.995,12
398.84,GT-0020,-55010.08845292945,28714.948525327734,170.4726964935399,-66.35729447827504,68.48624007812201,3.2564159115471707,68.48624007812201,3.2564159115471707,68.48624007812201,3.2564159115471707,12,0.992,12
401.22,GT-0020,-54604.3979118873,28557.053672916816,170.47511684733252,-66.35805316973739,69.89010437079551,3.995439700052095,69.89010437079551,3.995439700052095,69.89010437079551,3.995439700052095,12,0.988,12
403.66,GT-0020,-54189.517772002495,28398.030820662945,170.03093513871522,-67.46950377013695,71.5901432211162,3.2034364223103253,71.5901432211162,3.2034364223103253,71.5901432211162,3.2034364223103253,12,0.994,13
406.32,GT-0020,-53639.11740695766,28320.525623659152,169.3032247229482,-65.62351017554116,66.2372097482198,0.6615111798192441,66.2372097482198,0.6615111798192441,66.2372097482198,0.6615111798192441,12,0.997,13
407.09,GT-0020,-53508.89138611935,28269.997901865612,169.3025473115071,-65.62735528846876,66.26454355081638,1.4726632567313123,66.26454355081638,1.4726632567313123,66.26454355081638,1.4726632567313123,12,0.995,13
408.08,GT-0020,-53341.36104297916,28204.96942211377,169.29900937191502,-65.63098791475164,66.31502530615552,2.0943105898468604,66.31502530615552,2.0943105898468604,66.31502530615552,2.0943105898468604,12,0.995,13
410.8,GT-0020,-52880.87185832182,28026.47453195622,169.3011362030344,-65.6285941020401,66.87826764791224,3.2426886732676397,66.87826764791224,3.2426886732676397,66.87826764791224,3.2426886732676397,12,0.987,13
410.84,GT-0020,-52874.06793084111,28023.848427537105,169.30852503031088,-65.6285523526497,66.90328400104332,3.2452268746961175,66.90328400104332,3.2452268746961175,66.90328400104332,3.2452268746961175,12,0.994,13
413.12,GT-0020,-52507.991103489694,27914.26450253128,169.95961202305313,-65.72437194973561,65.35816715903923,0.6615111822160906,65.35816715903923,0.6615111822160906,65.35816715903923,0.6615111822160906,12,0.997,13
413.99,GT-0020,-52360.17008976663,27857.090764278528,169.96131020971418,-65.72494577031513,65.39329351309289,1.5481273236181532,65.39329351309289,1.5481273236181532,65.39329351309289,1.5481273236181532,12,0.992,13
415.17,GT-0020,-52159.60739670408,27779.44417079514,169.96463434486515,-65.73017156474288,65.46436401973985,2.24446242477042,65.46436401973985,2.24446242477042,65.46436401973985,2.24446242477042,12,0.994,13
417.84,GT-0020,-51705.722262334835,27603.833011762585,170.03415806000345,-65.56602699676779,66.07322694902922,3.09568336667111,66.07322694902922,3.09568336667111,66.07322694902922,3.09568336667111,12,0.996,13
420.11,GT-0020,-51347.72631835535,27452.451165872106,171.4769141416834,-64.52336518806634,64.50844972134054,0.6615105642333005,64.50844972134054,0.6615105642333005,64.50844972134054,0.6615105642333005,12,0.997,13
420.75,GT-0020,-51237.9965093816,27411.150151691505,171.47666175549108,-64.52348635454108,64.54281562911132,1.370908231955151,64.54281562911132,1.370908231955151,64.54281562911132,1.370908231955151,12,0.989,13
422.15,GT-0020,-50998.04989846564,27320.774189820957,171.48750931427074,-64.53304361081643,64.61001156460229,2.2363621225433508,64.61001156460229,2.2363621225433508,64.61001156460229,2.2363621225433508,12,0.995,13
422.83,GT-0020,-50881.43334559397,27276.883414696487,171.49017688085877,-64.53091892377333,64.71456713833572,2.554875080263346,64.71456713833572,2.554875080263346,64.71456713833572,2.554875080263346,12,0.993,14
424.93,GT-0020,-50521.692880767034,27140.968240916693,171.7486384992901,-64.67658981004968,65.29013950246991,3.0652309166497207,65.29013950246991,3.0652309166497207,65.29013950246991,3.0652309166497207,12,0.996,14
427.18,GT-0020,-50141.86082793858,26993.8096295464,171.38872043294595,-64.99688725507778,66.13578691395554,2.6163030735657036,66.13578691395554,2.6163030735657036,66.13578691395554,2.6163030735657036,12,0.996,14
428.93,GT-0020,-49841.93968096836,26879.969070137315,171.4054382355382,-64.9984510562407,66.92935963411533,3.2720534143677917,66.92935963411533,3.2720534143677917,66.92935963411533,3.2720534143677917,12,0.995,14
429.57,GT-0020,-49731.61072760652,26840.430461426713,172.8550841428687,-65.32130531594628,66.98616730053504,2.447375143709228,66.98616730053504,2.447375143709228,66.98616730053504,2.447375143709228,12,0.996,14
432.29,GT-0020,-49345.96906699874,26651.756369776223,173.54894561989352,-65.30640175191752,63.04644369302575,0.6615083947580546,63.04644369302575,0.6615083947580546,63.04644369302575,0.6615083947580546,12,0.997,14
434.18,GT-0020,-49018.08217248375,26528.335932895217,173.55312248380062,-65.30158579346582,63.1231069869917,2.1645666778291646,63.1231069869917,2.1645666778291646,63.1231069869917,2.1645666778291646,12,0.994,14
434.93,GT-0020,-48887.939376356546,26479.40038969327,173.54544310143544,-65.29424531761396,63.21756627447024,2.5196781949683946,63.21756627447024,2.5196781949683946,63.21756627447024,2.5196781949683946,12,0.995,14
435.49,GT-0020,-48790.74503660313,26442.841051974505,173.54700114804578,-65.2927977134784,63.344408363316006,2.7595102741277824,63.344408363316006,2.7595102741277824,63.344408363316006,2.7595102741277824,12,0.988,15
437.32,GT-0020,-48581.46772251254,26350.504134876424,174.38261115339782,-64.99711146524159,62.4176040544108,0.6615082189686039,62.4176040544108,0.6615082189686039,62.4176040544108,0.6615082189686039,12,0.997,15
439.64,GT-0020,-48176.95075100647,26199.56002060853,174.3725032226937,-65.00253278495066,62.51799633228239,2.3709467407214553,62.51799633228239,2.3709467407214553,62.51799633228239,2.3709467407214553,12,0.996,15
442.51,GT-0020,-47676.45611959636,26012.999991956753,174.3678315658529,-64.99963263037347,63.35446799622099,3.4614860156814053,63.35446799622099,3.4614860156814053,63.35446799622099,3.4614860156814053,12,0.995,15
443.14,GT-0020,-47566.61502880306,25971.99972979091,174.36085848857198,-65.01243341678577,63.72455688603493,3.643998895405304,63.72455688603493,3.643998895405304,63.72455688603493,3.643998895405304,12,0.995,16
445.18,GT-0020,-47204.811304989336,25842.727129685518,175.19820629226376,-64.57596142437455,65.19969619651722,3.4311439504418213,65.19969619651722,3.4311439504418213,65.19969619651722,3.4311439504418213,12,0.995,16
447.7,GT-0020,-46756.537745706424,25681.2182154109,176.05675393511626,-64.79176539436077,67.01383801769946,3.1504288314959137,67.01383801769946,3.1504288314959137,67.01383801769946,3.1504288314959137,12,0.995,16
449.6,GT-0020,-46422.00875224992,25558.190938641717,176.05013896152877,-64.773223908376,68.59554154816831,3.758696018144565,68.59554154816831,3.758696018144565,68.59554154816831,3.758696018144565,12,0.994,16
450.26,GT-0020,-46286.84448316065,25529.790655151002,177.53974998059283,-63.38165343706376,67.45962701624507,1.8878626821959101,67.45962701624507,1.8878626821959101,67.45962701624507,1.8878626821959101,12,0.996,16
452.28,GT-0020,-45921.903532307566,25392.627724034544,176.3056061903935,-64.10074604657915,67.88959701360876,2.0491859835298354,67.88959701360876,2.0491859835298354,67.88959701360876,2.0491859835298354,12,0.996,16
454.0,GT-0020,-45618.73498967344,25282.42400524539,176.30436509785983,-64.09494970848947,68.34457713989104,2.833451526575789,68.34457713989104,2.833451526575789,68.34457713989104,2.833451526575789,12,0.995,16
455.43,GT-0020,-45371.50090153943,25199.04336954684,176.34580355630658,-64.53585295388194,68.46481111797975,1.7963056701228082,68.46481111797975,1.7963056701228082,68.46481111797975,1.7963056701228082,12,0.996,16
457.97,GT-0020,-44783.09154335898,25142.47811184916,176.63523913426135,-63.45106381333953,59.872249871592686,0.6615043664246618,59.872249871592686,0.6615043664246618,59.872249871592686,0.6615043664246618,13,0.997,16
459.47,GT-0020,-44518.13678472705,25047.309495013436,176.63539063131373,-63.4513486930962,59.930939043215986,1.953467564136124,59.930939043215986,1.953467564136124,59.930939043215986,1.953467564136124,13,0.989,17
460.96,GT-0020,-44359.762916347696,24974.40608624483,176.387141281995,-63.02862101982027,59.50376232962403,0.6615004627411897,59.50376232962403,0.6615004627411897,59.50376232962403,0.6615004627411897,13,0.997,17
463.79,GT-0020,-43753.3216580504,24708.21405637404,177.99463634106314,-62.455742618026605,59.15085370576241,0.6614993868638064,59.15085370576241,0.6614993868638064,59.15085370576241,0.6614993868638064,13,0.997,17
465.21,GT-0020,-43500.596136312386,24619.552247665117,177.99140270136922,-62.454228560479265,59.203102637148966,1.9064049273320245,59.203102637148966,1.9064049273320245,59.203102637148966,1.9064049273320245,13,0.992,18
466.72,GT-0020,-43248.77321396379,24503.32180188184,177.42281219640304,-62.828287526620315,58.784812223051375,0.6615000694864921,58.784812223051375,0.6615000694864921,58.784812223051375,0.6615000694864921,13,0.997,18
469.29,GT-0020,-42792.81866020218,24341.903776088875,177.42396961499975,-62.82884598770179,58.943590961336625,2.4941715844148575,58.943590961336625,2.4941715844148575,58.943590961336625,2.4941715844148575,13,0.992,18
469.48,GT-0020,-42759.08646071075,24329.9622429115,177.43613520555593,-62.82943312143931,58.98666824879218,2.573307210166413,58.98666824879218,2.573307210166413,58.98666824879218,2.573307210166413,13,0.994,18
471.6,GT-0020,-42382.92127541124,24196.75516553582,177.43664627808602,-62.83096784234769,59.66911607990998,3.372155460043481,59.66911607990998,3.372155460043481,59.66911607990998,3.372155460043481,13,0.993,18
471.86,GT-0020,-42334.48530721896,24181.203087682024,178.18829879930354,-63.048572624716854,59.7633562441687,2.958630726519394,59.7633562441687,2.958630726519394,59.7633562441687,2.958630726519394,13,0.996,18
474.6,GT-0020,-41836.62465345494,24005.906890671624,179.22628618100387,-63.45980457982046,60.87559403345045,2.502788004251559,60.87559403345045,2.502788004251559,60.87559403345045,2.502788004251559,12,0.996,18
477.45,GT-0020,-41325.808870690744,23825.0728260479,179.22044437055888,-63.455595128811524,62.46253178088084,3.559004976880594,62.46253178088084,3.559004976880594,62.46253178088084,3.559004976880594,12,0.992,18
477.74,GT-0020,-41268.82109893296,23791.29588379231,179.09048246473694,-63.97201589916023,57.431680525777715,0.6615093358227184,57.431680525777715,0.6615093358227184,57.431680525777715,0.6615093358227184,13,0.997,18
480.54,GT-0020,-40694.537872324516,23696.731977294417,181.43482226656556,-63.32655186014121,57.09001114397312,0.6614991677045228,57.09001114397312,0.6614991677045228,57.09001114397312,0.6614991677045228,13,0.997,18
480.78,GT-0020,-40651.0223000164,23681.55515165748,181.43468422589004,-63.32641502753548,57.11620644374967,0.9891568906272505,57.11620644374967,0.9891568906272505,57.11620644374967,0.9891568906272505,13,0.992,18
482.7,GT-0020,-40305.26825920112,23411.972148260043,180.61921400816811,-64.02986609853909,56.8305644032743,0.6614933353785161,56.8305644032743,0.6614933353785161,56.8305644032743,0.6614933353785161,13,0.997,18
484.75,GT-0020,-39934.97721700777,23280.77039729595,180.62554448010417,-64.02609006105624,56.91759215964641,2.2441026697779693,56.91759215964641,2.2441026697779693,56.91759215964641,2.2441026697779693,13,0.995,18
486.35,GT-0020,-39646.004810286,23178.361073509666,180.6240495678548,-64.02809529135827,57.23848296052058,2.937061287541406,57.23848296052058,2.937061287541406,57.23848296052058,2.937061287541406,13,0.993,18
487.12,GT-0020,-39506.79655378428,23129.357745215875,180.63626970567356,-63.99693971908596,57.510553676252954,3.1456899210851015,57.510553676252954,3.1456899210851015,57.510553676252954,3.1456899210851015,13,0.996,18
489.38,GT-0020,-39096.66421972807,22984.90878098517,181.08328730268397,-63.88355546371275,58.88894990915123,3.625965166381296,58.88894990915123,3.625965166381296,58.88894990915123,3.625965166381296,13,0.995,18
490.48,GT-0020,-38897.457974652265,22914.588415412334,181.08743993164023,-63.891366344252276,59.87719072770992,3.9520406333376275,59.87719072770992,3.9520406333376275,59.87719072770992,3.9520406333376275,13,0.99,19
491.74,GT-0020,-38663.27932175644,22835.852290699302,182.33332569498953,-63.82421332296178,61.084820567771,3.5976592761226605,61.084820567771,3.5976592761226605,61.084820567771,3.5976592761226605,12,0.994,19
491.99,GT-0020,-38619.67220247677,22817.980624384258,182.33022452382608,-64.18828311749337,61.18907148367598,3.191643426410465,61.18907148367598,3.191643426410465,61.18907148367598,3.191643426410465,12,0.995,19
493.77,GT-0020,-38296.41472634741,22773.178690964967,181.7110460063244,-65.11577649725885,55.55620887484233,0.6615097494212485,55.55620887484233,0.6615097494212485,55.55620887484233,0.6615097494212485,13,0.997,19
496.57,GT-0020,-37787.55817496405,22590.921642725134,181.71780025873431,-65.10853381042583,55.741320822835576,2.5855420368093656,55.741320822835576,2.5855420368093656,55.741320822835576,2.5855420368093656,13,0.996,19
498.31,GT-0020,-37426.54500701217,22524.974530984335,183.26601854649377,-66.3816889421858,55.037897254181644,0.6615068791359843,55.037897254181644,0.6615068791359843,55.037897254181644,0.6615068791359843,13,0.997,19
498.99,GT-0020,-37301.94719520494,22479.80551407162,183.26563300942118,-66.38114623528375,55.06692296769642,1.4032189940817335,55.06692296769642,1.4032189940817335,55.06692296769642,1.4032189940817335,13,0.992,19
500.54,GT-0020,-37129.59966064676,22403.757274419655,182.94205073779898,-65.02553948479478,54.78610627829434,0.6614941228420294,54.78610627829434,0.6614941228420294,54.78610627829434,0.6614941228420294,13,0.997,19
503.04,GT-0020,-36672.20774143955,22241.1244506024,182.94377552861926,-65.03482831674572,54.93164225386232,2.45786104946314,54.93164225386232,2.45786104946314,54.93164225386232,2.45786104946314,13,0.995,19
505.26,GT-0020,-36266.05666100694,22096.68147778326,182.95487516759079,-65.03828004683709,55.6094041994347,3.309984649303362,55.6094041994347,3.309984649303362,55.6094041994347,3.309984649303362,13,0.995,19
508.1,GT-0020,-35751.26271198715,21806.75882939535,184.04271520985336,-65.53576480262056,53.94686535621778,0.6615117787931358,53.94686535621778,0.6615117787931358,53.94686535621778,0.6615117787931358,13,0.997,19
509.12,GT-0020,-35563.52034675301,21739.9345040716,184.0446224362451,-65.53496733034557,53.984096531534846,1.6537070441173807,53.984096531534846,1.6537070441173807,53.984096531534846,1.6537070441173807,13,0.991,20
511.11,GT-0020,-35165.3347794638,21760.24744607452,183.4056360887075,-64.9445185351817,53.61645663147849,0.6615005606726946,53.61645663147849,0.6615005606726946,53.61645663147849,0.6615005606726946,13,0.997,20
513.25,GT-0020,-34772.82579649369,21621.23945042372,183.40417378482147,-64.94746993979521,53.72322208852822,2.288481528482884,53.72322208852822,2.288481528482884,53.72322208852822,2.288481528482884,13,0.995,20
513.61,GT-0020,-34706.77614645755,21597.799987013554,183.4155419961325,-64.94683363867712,53.777332174763785,2.450588866879491,53.777332174763785,2.450588866879491,53.777332174763785,2.450588866879491,13,0.996,20
514.18,GT-0020,-34602.239826752106,21560.798087440424,183.41820733324633,-64.94579016264477,53.90608523260492,2.6995810051254385,53.90608523260492,2.6995810051254385,53.90608523260492,2.6995810051254385,13,0.992,21
516.01,GT-0020,-34332.30607898197,21314.609912343123,184.86766152468695,-66.1056059659369,53.06475136892826,0.6615077870593512,53.06475136892826,0.6615077870593512,53.06475136892826,0.6615077870593512,13,0.997,21
518.5,GT-0020,-33871.92310443488,21150.09088248236,184.8654415765155,-66.10235690669701,53.213029984338775,2.453320194777535,53.213029984338775,2.453320194777535,53.213029984338775,2.453320194777535,13,0.995,21
518.82,GT-0020,-33812.76857320271,21128.952117139495,184.86691924698425,-66.107607680332,53.29021552402755,2.5950687345214383,53.29021552402755,2.5950687345214383,53.29021552402755,2.5950687345214383,13,0.993,21
520.41,GT-0020,-33518.793180170316,21023.867661390985,184.87051040120576,-66.11227603191577,53.78652738886149,3.200408261924444,53.78652738886149,3.200408261924444,53.78652738886149,3.200408261924444,13,0.995,21
522.43,GT-0020,-33163.171551308296,20877.6525378558,186.8349458052415,-66.0090723515841,52.334040740678766,0.661510479815277,52.334040740678766,0.661510479815277,52.334040740678766,0.661510479815277,13,0.997,21
524.34,GT-0020,-32806.23659544128,20751.517183010004,186.83893150501385,-66.02266163361743,52.40670239846751,2.1703636184691595,52.40670239846751,2.1703636184691595,52.40670239846751,2.1703636184691595,13,0.996,21
524.42,GT-0020,-32791.299298388956,20746.243240177784,186.83810427161077,-66.02419384888694,52.43848648761091,2.211793114893516,52.43848648761091,2.211793114893516,52.43848648761091,2.211793114893516,13,0.992,21
526.39,GT-0020,-32293.45619801036,20550.06614565902,186.93168542896512,-66.57959422185645,51.8890560144929,0.6615050345059003,51.8890560144929,0.6615050345059003,51.8890560144929,0.6615050345059003,13,0.997,21
526.61,GT-0020,-32252.344568202876,20535.444332013794,186.93185534420246,-66.57941844583274,51.91294715301938,0.9661280954154088,51.91294715301938,0.9661280954154088,51.91294715301938,0.9661280954154088,13,0.992,21
529.11,GT-0020,-31785.013598626087,20368.99800242185,186.92940596850383,-66.5874556172428,52.09556427974798,2.5512264601634462,52.09556427974798,2.5512264601634462,52.09556427974798,2.5512264601634462,13,0.996,21
530.05,GT-0020,-31609.375027943624,20306.41410170043,186.9181145665174,-66.59339028256953,52.346579354167346,2.9326561324354503,52.346579354167346,2.9326561324354503,52.346579354167346,2.9326561324354503,13,0.994,21
532.64,GT-0020,-31125.26131545594,20133.940802063476,186.9179573869868,-66.5933270991759,53.84433279868995,3.7999116768253876,53.84433279868995,3.7999116768253876,53.84433279868995,3.7999116768253876,13,0.987,21
532.72,GT-0020,-31112.834188186604,20133.742881960417,186.91697229688663,-66.69865436780239,53.53376721489868,2.670350810747267,53.53376721489868,2.670350810747267,53.53376721489868,2.670350810747267,13,0.995,21
534.76,GT-0020,-30731.534467595287,19997.673584434615,186.91722590343102,-66.69427894680007,54.71819170875849,3.416652509846002,54.71819170875849,3.416652509846002,54.71819170875849,3.416652509846002,13,0.994,21
535.08,GT-0020,-30603.229490298592,20007.254356274716,186.60077481257892,-67.89791031479106,50.93663388217597,0.6615084532245972,50.93663388217597,0.6615084532245972,50.93663388217597,0.6615084532245972,13,0.997,21
536.78,GT-0020,-30286.01379639271,19891.856888852606,186.6068820305082,-67.89326034985822,50.99931059142733,2.0623352220830395,50.99931059142733,2.0623352220830395,50.99931059142733,2.0623352220830395,13,0.995,21
538.0,GT-0020,-30058.37390123235,19809.024750717464,186.61247119216324,-67.90783050282631,51.19016235465461,2.642765739447854,51.19016235465461,2.642765739447854,51.19016235465461,2.642765739447854,13,0.994,21
539.24,GT-0020,-29725.165730605055,19655.95294783558,186.44050487226525,-66.87113881830287,50.48769047709285,0.6615057168060628,50.48769047709285,0.6615057168060628,50.48769047709285,0.6615057168060628,13,0.997,21
541.23,GT-0020,-29356.362111208946,19606.806315620986,187.31437757942737,-68.04194066532095,50.276291211584166,0.6614911863153371,50.276291211584166,0.6614911863153371,50.276291211584166,0.6614911863153371,13,0.997,21
543.14,GT-0020,-28998.606042682033,19476.847900569137,187.31547100003053,-68.04015512395036,50.36730668880887,2.1763905730602335,50.36730668880887,2.1763905730602335,50.36730668880887,2.1763905730602335,13,0.992,21
545.2,GT-0020,-28612.780648197026,19336.604853594006,187.3194599666433,-68.03665026782176,50.83458782389422,3.0441121770909856,50.83458782389422,3.0441121770909856,50.83458782389422,3.0441121770909856,13,0.996,21
546.27,GT-0020,-28412.35490539774,19263.80651597127,187.31951268310712,-68.0341834972746,51.37574721044483,3.418156839729554,51.37574721044483,3.418156839729554,51.37574721044483,3.418156839729554,13,0.987,21
547.34,GT-0020,-28212.280824331498,19190.843476169106,187.26195202606152,-68.05440045584476,52.14609454441218,3.650108433569196,52.14609454441218,3.650108433569196,52.14609454441218,3.650108433569196,13,0.994,21
549.09,GT-0020,-27884.593314171234,19071.766942957678,187.26230438545042,-68.05057971686205,53.96382628724721,4.151640376600855,53.96382628724721,4.151640376600855,53.96382628724721,4.151640376600855,13,0.991,21
549.91,GT-0020,-27810.911662388073,18853.3748780027,187.95465561772292,-68.66695037350239,49.37588151555566,0.6615122079309703,49.37588151555566,0.6615122079309703,49.37588151555566,0.6615122079309703,13,0.997,21
552.3,GT-0020,-27361.648905844148,18689.301448283466,187.96249709036783,-68.65936580744969,49.51848069422525,2.407396520754461,49.51848069422525,2.407396520754461,49.51848069422525,2.407396520754461,13,0.995,21
554.6,GT-0020,-26929.358810490834,18531.394027798204,187.9610172064913,-68.65831828568594,50.282633939704326,3.3112903390469035,50.282633939704326,3.3112903390469035,50.282633939704326,3.3112903390469035,13,0.992,21
555.66,GT-0020,-26728.316819319873,18461.056946466957,188.2921087492092,-68.56753579073677,50.775709978795895,2.7752532213186827,50.775709978795895,2.7752532213186827,50.775709978795895,2.7752532213186827,13,0.996,21
558.06,GT-0020,-26271.8300134432,18299.857440182564,188.09406534131918,-68.4965353349562,51.876226175957505,2.502082942488069,51.876226175957505,2.502082942488069,51.876226175957505,2.502082942488069,13,0.996,21
559.62,GT-0020,-25978.485357353733,18193.089331901807,188.09091502328357,-68.48952998773169,52.6977336156418,3.1158764317225613,52.6977336156418,3.1158764317225613,52.6977336156418,3.1158764317225613,13,0.995,21
560.46,GT-0020,-25799.851783989117,18260.63544120008,189.58422339538356,-68.68664797323572,48.318050295189394,0.6615075909279691,48.318050295189394,0.6615075909279691,48.318050295189394,0.6615075909279691,13,0.997,21
562.87,GT-0020,-25342.93656485041,18095.127408365122,189.58761355545573,-68.6854075254048,48.47074283331965,2.4189288430477105,48.47074283331965,2.4189288430477105,48.47074283331965,2.4189288430477105,13,0.994,21
564.4,GT-0020,-25052.869142494677,17990.03958709736,189.5869430914339,-68.6846398460969,48.90145888592673,3.0498780023234353,48.90145888592673,3.0498780023234353,48.90145888592673,3.0498780023234353,13,0.987,22
565.64,GT-0020,-24817.771875416398,17904.874712699017,189.59061520737652,-68.68571386613709,49.56889179348425,3.478750207540148,49.56889179348425,3.478750207540148,49.56889179348425,3.478750207540148,13,0.984,22
565.68,GT-0020,-24810.158449690687,17902.117419731603,189.58918725132014,-68.69492436377908,49.60882125157438,3.4842652700269996,49.60882125157438,3.4842652700269996,49.60882125157438,3.4842652700269996,13,0.992,22
569.04,GT-0020,-24173.071303006007,17671.20972925757,189.60090196344265,-68.70666105069847,53.3620991974574,4.4299452469932685,53.3620991974574,4.4299452469932685,53.3620991974574,4.4299452469932685,13,0.992,23
571.46,GT-0020,-23714.24329775166,17504.93350382848,189.6021539921585,-68.70536026474201,58.24002766942482,5.007790073497487,58.24002766942482,5.007790073497487,58.24002766942482,5.007790073497487,13,0.987,23
571.9,GT-0020,-23621.586990172822,17470.238179576863,191.3646237765297,-69.00251244326194,58.51099801303932,4.245875694857672,58.51099801303932,4.245875694857672,58.51099801303932,4.245875694857672,13,0.991,23
574.89,GT-0020,-23050.80742431488,17261.583197620792,190.8812488436305,-69.060478951145,63.83419467497699,4.07404333230371,63.83419467497699,4.07404333230371,63.83419467497699,4.07404333230371,12,0.992,23
575.79,GT-0020,-22878.97979011265,17199.34353836481,190.8870744191879,-69.07276200203694,65.48918301691253,4.314317277848074,65.48918301691253,4.314317277848074,65.48918301691253,4.314317277848074,12,0.99,23
576.97,GT-0020,-22647.67562816125,17116.11871625456,191.23558748746063,-69.22454973875483,67.43051837134489,4.058445604079328,67.43051837134489,4.058445604079328,67.43051837134489,4.058445604079328,12,0.992,23
579.03,GT-0020,-22225.48063086605,16950.64524113775,194.305830538936,-71.19465627675919,69.08768367196232,3.2522923986207917,69.08768367196232,3.2522923986207917,69.08768367196232,3.2522923986207917,12,0.993,23
579.23,GT-0020,-22186.63294613446,16936.400945877318,194.30216710159476,-71.1928348552247,69.32931234490796,3.3215710755849686,69.32931234490796,3.3215710755849686,69.32931234490796,3.3215710755849686,12,0.989,23
581.62,GT-0020,-21722.25494078902,16766.257531595224,194.30091156698404,-71.1934484981578,72.37752799191414,4.052500312372924,72.37752799191414,4.052500312372924,72.37752799191414,4.052500312372924,12,0.985,23
582.5,GT-0020,-21550.478408287316,16703.486073742737,194.3220435289876,-71.22223641062237,73.75291818963221,4.231443766100094,73.75291818963221,4.231443766100094,73.75291818963221,4.231443766100094,12,0.991,23
584.66,GT-0020,-21130.797899226156,16549.579494173937,194.31393273921708,-71.22962458491918,77.74277729205664,4.76594949267828,77.74277729205664,4.76594949267828,77.74277729205664,4.76594949267828,12,0.99,23
586.4,GT-0020,-20792.711984203677,16425.617139326936,194.3134741722714,-71.23352419128616,81.75157093382747,5.157349199400594,81.75157093382747,5.157349199400594,81.75157093382747,5.157349199400594,11,0.989,23
586.83,GT-0020,-20676.274714803847,16378.686737702621,194.14703645746113,-71.19081504183248,77.7108998462717,3.094570923982633,77.7108998462717,3.094570923982633,77.7108998462717,3.094570923982633,12,0.993,23
587.04,GT-0020,-20635.518585242655,16363.721928612831,194.14561111543674,-71.19088150592933,77.93325851956126,3.171448507594063,77.93325851956126,3.171448507594063,77.93325851956126,3.171448507594063,12,0.985,23
589.42,GT-0020,-20173.514619018464,16194.18408671136,194.14506802150242,-71.19395116858067,80.44766241581084,3.920407785637123,80.44766241581084,3.920407785637123,80.44766241581084,3.920407785637123,11,0.991,23
591.74,GT-0020,-19720.82095692228,16024.283636208564,194.3160540131588,-71.37115287759127,83.72246456940755,4.269242356110973,83.72246456940755,4.269242356110973,83.72246456940755,4.269242356110973,11,0.992,23
591.98,GT-0020,-19674.164513611435,16007.21141275054,194.3251129153212,-71.3614257895187,84.09987562404238,4.328423362371268,84.09987562404238,4.328423362371268,84.09987562404238,4.328423362371268,11,0.991,23
592.29,GT-0020,-19613.9273630485,15985.092689249175,194.32569876960542,-71.3612304569869,84.61984304970444,4.4100994412141,84.61984304970444,4.4100994412141,84.61984304970444,4.4100994412141,11,0.984,23
593.91,GT-0020,-19289.474212272064,15861.130780650472,193.25239363596071,-70.71226734962119,84.32009105256954,3.0068346418654626,84.32009105256954,3.0068346418654626,84.32009105256954,3.0068346418654626,11,0.992,23
596.0,GT-0020,-18885.521358219892,15713.349841768297,193.2613001755789,-70.70924382395916,86.01944341226745,3.7054769703122976,86.01944341226745,3.7054769703122976,86.01944341226745,3.7054769703122976,11,0.991,23
597.25,GT-0020,-18643.95483416253,15624.99510724569,193.2613647179179,-70.70891438436615,87.3419304781004,4.064588579091337,87.3419304781004,4.064588579091337,87.3419304781004,4.064588579091337,11,0.991,23
598.14,GT-0020,-18452.310041870343,15528.82724230964,194.42661960014894,-73.04720647757946,87.11270669876679,3.0186392810054468,87.11270669876679,3.0186392810054468,87.11270669876679,3.0186392810054468,11,0.993,23
600.47,GT-0020,-17976.48976189567,15337.556825128935,195.84139495349723,-73.52215523153639,88.38048491698852,3.047085229984553,88.38048491698852,3.047085229984553,88.38048491698852,3.047085229984553,11,0.993,23
601.17,GT-0020,-17839.406242188157,15286.097724240353,195.8411906116651,-73.5223819764224,88.81005287675681,3.2969771511062187,88.81005287675681,3.2969771511062187,88.81005287675681,3.2969771511062187,11,0.984,23
602.43,GT-0020,-17592.637439396258,15193.462543197707,195.84289418448938,-73.52302850591724,89.69902477106862,3.703513682963404,89.69902477106862,3.703513682963404,89.69902477106862,3.703513682963404,11,0.983,23
603.48,GT-0020,-17301.965141758308,15115.155097055109,200.8392498503632,-76.06842163146516,44.455335199047816,0.661511312916424,44.455335199047816,0.661511312916424,44.455335199047816,0.661511312916424,14,0.996,23
605.6,GT-0020,-16876.20718063047,14953.892478998558,200.83534551735409,-76.06877005763683,44.578381220975295,2.2823270568814977,44.578381220975295,2.2823270568814977,44.578381220975295,2.2823270568814977,14,0.992,23
607.7,GT-0020,-16454.46037233557,14794.106099475235,200.8211378296756,-76.08385955365475,45.206879804092175,3.1466799684282187,45.206879804092175,3.1466799684282187,45.206879804092175,3.1466799684282187,14,0.993,23
608.86,GT-0020,-16221.5150576277,14705.839781213954,200.8206848343214,-76.08676220991435,45.94354479667102,3.5383667646965096,45.94354479667102,3.5383667646965096,45.94354479667102,3.5383667646965096,13,0.988,23
610.07,GT-0020,-15978.568875706931,14613.660815821708,200.81519492177125,-76.11862275131665,47.07894858434739,3.9019353224286313,47.07894858434739,3.9019353224286313,47.07894858434739,3.9019353224286313,13,0.99,23
612.23,GT-0020,-15551.136577577874,14420.947891635336,199.0799789146464,-82.11546179459657,49.83371316511365,3.7850520594567065,49.83371316511365,3.7850520594567065,49.83371316511365,3.7850520594567065,13,0.993,23
614.5,GT-0020,-15099.251321952785,14234.381641379783,199.0730824169218,-82.14275002882835,53.42750258065236,4.407163749791984,53.42750258065236,4.407163749791984,53.42750258065236,4.407163749791984,13,0.99,23
615.02,GT-0020,-14995.733319095989,14191.667411364793,199.0730824169218,-82.14275002882835,54.4545859584029,4.537961251209677,54.4545859584029,4.537961251209677,54.4545859584029,4.537961251209677,13,0.96,23
615.16,GT-0020,-14967.873674805614,14180.148741368663,199.07205905545618,-82.14644618313662,54.771214034118415,4.574418138311987,54.771214034118415,4.574418138311987,54.771214034118415,4.574418138311987,13,0.972,23
617.37,GT-0020,-14527.924424293049,13998.605095303928,199.07205905545618,-82.14644618313662,60.146250163214404,5.0889882397307415,60.146250163214404,5.0889882397307415,60.146250163214404,5.0889882397307415,13,0.943,23
617.37,GT-0021,-14648.167497602986,13651.886675115033,184.73275255910005,-107.49459006227937,161.36870949422834,2.6741926948892316,161.36870949422834,2.6741926948892316,161.36870949422834,2.6741926948892316,9,0.871,1
619.63,GT-0020,-14078.02157082772,13812.95412693004,199.07205905545618,-82.14644618313662,67.16573022769187,5.566219660067124,67.16573022769187,5.566219660067124,67.16573022769187,5.566219660067124,12,0.915,23
619.63,GT-0021,-14230.73089325855,13408.989345876966,184.73312029880017,-107.49721932774028,161.58142684848218,3.4994814514984802,161.58142684848218,3.4994814514984802,161.58142684848218,3.4994814514984802,9,0.943,2
620.34,GT-0020,-13936.680408898337,13754.63015014001,199.07205905545618,-82.14644618313662,69.67689866186261,5.7079156707258605,69.67689866186261,5.7079156707258605,69.67689866186261,5.7079156707258605,12,0.887,23
620.34,GT-0021,-14294.274516643007,13508.31621472865,187.21440931053263,-114.19313325605359,161.3098805635788,2.674270763407166,161.3098805635788,2.674270763407166,161.3098805635788,2.674270763407166,9,0.979,2
622.92,GT-0020,-13423.074496535275,13542.692318987523,199.07205905545618,-82.14644618313662,79.95013729103604,6.195587244492462,79.95013729103604,6.195587244492462,79.95013729103604,6.195587244492462,11,0.861,23
622.92,GT-0021,-13433.473746456344,13067.926497620947,178.16839250793498,-126.23172913498307,161.26236546449334,2.6742235769498417,161.26236546449334,2.6742235769498417,161.26236546449334,2.6742235769498417,9,0.988,2
624.93,GT-0021,-13528.43758799468,12857.41517596153,174.80299558173922,-126.37304579329452,122.4017252294896,2.0224924616370203,122.4017252294896,2.0224924616370203,122.4017252294896,2.0224924616370203,10,0.991,2
625.33,GT-0021,-13458.527448256471,12806.871684994938,174.80281410074184,-126.37426980345711,122.4624121148596,2.2349773513513274,122.4624121148596,2.2349773513513274,122.4624121148596,2.2349773513513274,10,0.986,2
627.86,GT-0021,-13016.028096624392,12486.95715313678,174.79003299415393,-126.37400734939102,122.70567653232946,3.2683764999731353,122.70567653232946,3.2683764999731353,122.70567653232946,3.2683764999731353,10,0.989,2
628.15,GT-0021,-12965.303378728446,12450.304529757364,174.79205332923,-126.37094924601129,122.81560793269263,3.3679085686007024,122.81560793269263,3.3679085686007024,122.81560793269263,3.3679085686007024,10,0.986,3
630.5,GT-0021,-12411.960018154345,11933.440257062155,165.1341929988402,-133.33303920738442,92.97683716374101,1.529598371748072,92.97683716374101,1.529598371748072,92.97683716374101,1.529598371748072,11,0.992,3
630.83,GT-0021,-12357.46294166842,11889.460527003605,165.13396516146847,-133.333432686254,93.02227834724073,1.7564234377046273,93.02227834724073,1.7564234377046273,93.02227834724073,1.7564234377046273,11,0.987,3
633.06,GT-0021,-11812.01212220675,11664.398375647079,165.64853355820614,-130.99175602572063,92.88665512487667,1.5294853374843862,92.88665512487667,1.5294853374843862,92.88665512487667,1.5294853374843862,11,0.992,3
635.32,GT-0021,-11437.69028676822,11368.35651468238,165.64346400234254,-130.9952819057695,93.01710336578877,2.7236421049012947,93.01710336578877,2.7236421049012947,93.01710336578877,2.7236421049012947,11,0.992,3
635.56,GT-0021,-11397.970277951075,11336.907310094995,165.64231730641677,-130.99545474201582,93.09179994033069,2.8221563767322344,93.09179994033069,2.8221563767322344,93.09179994033069,2.8221563767322344,11,0.987,3
637.35,GT-0021,-11101.542949270553,11102.396982944296,165.64220061079573,-130.99909269417236,93.52913667608519,3.461771390499377,93.52913667608519,3.461771390499377,93.52913667608519,3.461771390499377,11,0.99,3
638.49,GT-0021,-10912.710242058898,10953.056160726584,165.64359908078177,-131.0017721292532,94.03690014995604,3.8157983298730267,94.03690014995604,3.8157983298730267,94.03690014995604,3.8157983298730267,11,0.985,3
639.54,GT-0021,-10942.811138902334,10764.58873328499,162.73826523599377,-138.88470554442637,92.71063035065289,1.5295988788335155,92.71063035065289,1.5295988788335155,92.71063035065289,1.5295988788335155,11,0.992,3
641.76,GT-0021,-10581.516230978603,10456.214740921121,162.73650501385626,-138.88979812015873,92.85549217710836,2.708822711872132,92.85549217710836,2.708822711872132,92.85549217710836,2.708822711872132,11,0.99,3
642.24,GT-0021,-10503.257564646507,10389.571768375628,162.7398893882208,-138.89100385117624,92.9515994699221,2.9010702771430696,92.9515994699221,2.9010702771430696,92.9515994699221,2.9010702771430696,11,0.99,3
645.16,GT-0021,-10149.294941640388,10094.194050751808,163.29420195064492,-136.44115760401516,92.5628444608947,1.5295857421053272,92.5628444608947,1.5295857421053272,92.5628444608947,1.5295857421053272,11,0.993,3
647.33,GT-0021,-9794.889822293544,9798.122513841068,163.29338177549494,-136.44511493766558,92.69643248552285,2.6873878896783783,92.69643248552285,2.6873878896783783,92.69643248552285,2.6873878896783783,11,0.991,3
647.34,GT-0021,-9551.854547744557,9677.231697382835,164.58267712410435,-137.60994105833436,41.44201815973824,0.6615007424308004,41.44201815973824,0.6615007424308004,41.44201815973824,0.6615007424308004,14,0.997,3
649.83,GT-0021,-9142.021573241891,9334.56976852647,164.57924008975115,-137.61629387110443,41.62711890566522,2.4533178306141674,41.62711890566522,2.4533178306141674,41.62711890566522,2.4533178306141674,14,0.995,3
650.33,GT-0021,-9059.771458887415,9265.757057559304,164.5836492975382,-137.6246952292529,41.757716849905975,2.666959151896777,41.757716849905975,2.666959151896777,41.757716849905975,2.666959151896777,14,0.995,3
652.37,GT-0021,-8725.926371032101,8985.22320745611,164.34829163879067,-138.2151950425426,42.667023862421246,2.8763523951948557,42.667023862421246,2.8763523951948557,42.667023862421246,2.8763523951948557,14,0.996,3
654.72,GT-0021,-8345.992856998299,8654.88843637668,163.97338115864656,-138.71981995076285,43.91987124231455,2.527654237458298,43.91987124231455,2.527654237458298,43.91987124231455,2.527654237458298,14,0.996,3
656.64,GT-0021,-8031.151429344503,8388.545663007306,163.98022463547161,-138.71932143752338,45.1695640242631,3.269796503059496,45.1695640242631,3.269796503059496,45.1695640242631,3.269796503059496,14,0.993,3
657.12,GT-0021,-7945.426245025835,8305.816727967604,163.7243479635741,-139.94692907769456,40.93444844815132,0.6615075047527875,40.93444844815132,0.6615075047527875,40.93444844815132,0.6615075047527875,14,0.997,3
658.26,GT-0021,-7758.79018181592,8146.28233405007,163.72466852048302,-139.946049898103,40.975142009992375,1.7335495699453396,40.975142009992375,1.7335495699453396,40.975142009992375,1.7335495699453396,14,0.99,4
661.28,GT-0021,-7264.329792545474,7723.66194742797,163.73261531392941,-139.9532978099649,41.71752235700225,3.128328384858803,41.71752235700225,3.128328384858803,41.71752235700225,3.128328384858803,14,0.992,4
661.66,GT-0021,-7201.478010073214,7671.02931364937,164.00393926696833,-139.7531199582321,41.9246324415395,2.989276183696077,41.9246324415395,2.989276183696077,41.9246324415395,2.989276183696077,14,0.996,5
664.1,GT-0021,-6803.515477429132,7329.452965183172,163.6386089602203,-139.6899469221685,43.781482066934835,3.3494640493181547,43.781482066934835,3.3494640493181547,43.781482066934835,3.3494640493181547,14,0.995,5
665.92,GT-0021,-6505.616460361622,7075.399878249659,163.68121323821603,-139.66564631018966,45.79391841805988,3.8896367232241547,45.79391841805988,3.8896367232241547,45.79391841805988,3.8896367232241547,13,0.994,5
666.7,GT-0021,-6374.450865639161,6964.73759944279,163.57658914339353,-139.43558840517284,45.095316536294945,2.241973740735795,45.095316536294945,2.241973740735795,45.095316536294945,2.241973740735795,14,0.996,5
671.75,GT-0021,-5549.742638016627,6255.703498227158,163.1308293670998,-140.1829738554822,48.88432451008297,2.998426044673653,48.88432451008297,2.998426044673653,48.88432451008297,2.998426044673653,13,0.995,6
671.85,GT-0021,-5533.466618713202,6241.68567246629,163.1234554541864,-140.18727767091238,48.96995152795692,3.026717895723645,48.96995152795692,3.026717895723645,48.96995152795692,3.026717895723645,13,0.995,6
674.72,GT-0021,-5046.22835392951,5764.884292988531,163.0420707857748,-141.84593144898264,40.2392169655677,0.6615101027499561,40.2392169655677,0.6615101027499561,40.2392169655677,0.6615101027499561,14,0.997,6
677.3,GT-0021,-4602.264344435922,5384.706486496963,161.21050482073196,-142.11380773948622,40.15025342813534,0.661497381361756,40.15025342813534,0.661497381361756,40.15025342813534,0.661497381361756,14,0.997,6
677.76,GT-0021,-4528.128837127727,5319.344018196347,161.21175485454023,-142.11365163038215,40.17136796424003,1.2139833800090405,40.17136796424003,1.2139833800090405,40.17136796424003,1.2139833800090405,14,0.992,6
679.75,GT-0021,-4207.316889367258,5036.558956222111,161.21255283004672,-142.1117379853428,40.358060561841356,2.439724556901157,40.358060561841356,2.439724556901157,40.358060561841356,2.439724556901157,14,0.991,7
680.21,GT-0021,-4133.131646141184,4971.182216122179,161.2076191809045,-142.11293484546016,40.47606435287287,2.6377354259858974,40.47606435287287,2.6377354259858974,40.47606435287287,2.6377354259858974,14,0.994,7
682.1,GT-0021,-3690.0697303024335,4636.417111477692,160.2266677418495,-142.75773067717037,40.014342924603625,0.661507336535834,40.014342924603625,0.661507336535834,40.014342924603625,0.661507336535834,14,0.997,7
682.58,GT-0021,-3613.2105991692347,4567.91595250949,160.22687200259492,-142.75965841662696,40.033772962746276,1.232123236862887,40.033772962746276,1.232123236862887,40.033772962746276,1.232123236862887,14,0.994,7
684.66,GT-0021,-3279.9733213561753,4270.96676827561,160.22297585426543,-142.76548204027694,40.24006273918658,2.4875368329117644,40.24006273918658,2.4875368329117644,40.24006273918658,2.4875368329117644,14,0.994,7
686.32,GT-0021,-3014.00805728128,4033.9712013901603,160.22242680484715,-142.7657031361793,40.860008470985306,3.151224669213045,40.860008470985306,3.151224669213045,40.860008470985306,3.151224669213045,14,0.988,7
686.94,GT-0021,-2914.7400947823776,3945.504636068764,160.2014549487029,-142.7584791396872,41.25132034961303,3.3587927601180882,41.25132034961303,3.3587927601180882,41.25132034961303,3.3587927601180882,14,0.993,7
688.92,GT-0021,-2597.6186166080306,3662.8310391187215,160.17656632167507,-142.7687193347347,43.1838580862589,3.9612304542143324,43.1838580862589,3.9612304542143324,43.1838580862589,3.9612304542143324,14,0.992,7
691.14,GT-0021,-2242.1236885269545,3345.8814751921345,160.15837930380002,-142.7742120864334,46.85748109712244,4.546708484090188,46.85748109712244,4.546708484090188,46.85748109712244,4.546708484090188,13,0.99,7
691.99,GT-0021,-2123.121254682566,3211.835630457337,156.7300272858904,-145.44455437355256,48.40748821094484,4.207893943347773,48.40748821094484,4.207893943347773,48.40748821094484,4.207893943347773,13,0.992,7
694.79,GT-0021,-1684.2771782820798,2804.5908782113966,156.7300272858904,-145.44455437355256,54.71299303374107,4.89962972462846,54.71299303374107,4.89962972462846,54.71299303374107,4.89962972462846,13,0.962,7
696.96,GT-0021,-1344.1730190716862,2488.976195220777,156.7300272858904,-145.44455437355256,61.24743050075999,5.374836875521241,61.24743050075999,5.374836875521241,61.24743050075999,5.374836875521241,12,0.933,7
696.96,GT-0022,-1849.7247239355784,2552.681017293548,139.9932573300164,-157.53815200650428,160.5791202184534,3.4673445675230434,160.5791202184534,3.4673445675230434,160.5791202184534,3.4673445675230434,9,0.875,2
697.35,GT-0021,-1283.0483084301911,2432.2528190150933,156.7300272858904,-145.44455437355256,62.569485537410195,5.455856618209729,62.569485537410195,5.455856618209729,62.569485537410195,5.455856618209729,12,0.905,7
697.35,GT-0022,-1567.2025375972987,2228.774299130801,135.50287220247318,-159.45415269796504,121.36143404469064,2.022526121323071,121.36143404469064,2.022526121323071,121.36143404469064,2.022526121323071,10,0.968,2
700.11,GT-0021,-850.473433121135,2030.8258489440896,156.7300272858904,-145.44455437355256,73.12745129642262,5.998030630003725,73.12745129642262,5.998030630003725,73.12745129642262,5.998030630003725,12,0.878,7
700.11,GT-0022,-1247.426676769882,1845.475570181496,132.46743797464492,-171.6283715371907,121.32562683649148,2.022444311322598,121.32562683649148,2.022444311322598,121.32562683649148,2.022444311322598,10,0.987,2
701.15,GT-0021,-687.4742047438147,1879.5635123956001,156.7300272858904,-145.44455437355256,77.61801639518508,6.190021925523592,77.61801639518508,6.190021925523592,77.61801639518508,6.190021925523592,12,0.851,7
701.15,GT-0022,-1109.586635414642,1667.0704828119242,132.46803360324492,-171.6293177818914,121.38933590807986,2.536419298887567,121.38933590807986,2.536419298887567,121.38933590807986,2.536419298887567,10,0.988,2
702.78,GT-0022,-893.7113569141247,1387.2166295580748,132.45990848335035,-171.63964699613376,121.57243817993887,3.1775326050961135,121.57243817993887,3.1775326050961135,121.57243817993887,3.1775326050961135,10,0.99,2
703.91,GT-0022,-744.016037646008,1193.3086696605012,132.45966166851466,-171.64264226171474,121.86043151120856,3.556363901613423,121.86043151120856,3.556363901613423,121.86043151120856,3.556363901613423,10,0.987,3
705.73,GT-0022,-503.05744402609133,880.8549254373139,132.43095199306066,-171.65633722724635,122.54772884155568,4.089011515769679,122.54772884155568,4.089011515769679,122.54772884155568,4.089011515769679,10,0.99,3
707.85,GT-0022,-186.61612773399827,244.32617881546412,117.68468442616333,-184.04208341771104,121.3113849392792,2.022649797067396,121.3113849392792,2.022649797067396,121.3113849392792,2.022649797067396,10,0.992,3
709.38,GT-0022,-6.544825780940442,-37.277087797017,117.6831901013743,-184.03656357417694,121.39066688092991,2.74466770124769,121.39066688092991,2.74466770124769,121.39066688092991,2.74466770124769,10,0.991,4
710.79,GT-0022,159.33712231822796,-296.7073599198674,117.6774094275184,-184.03328384057184,121.59010733977152,3.2711351884243465,121.59010733977152,3.2711351884243465,121.59010733977152,3.2711351884243465,10,0.991,4
713.96,GT-0022,401.36126684559963,-565.6972126441882,114.00204316507173,-186.00878919876698,91.75854405222564,1.529605394077484,91.75854405222564,1.529605394077484,91.75854405222564,1.529605394077484,11,0.993,4
714.11,GT-0022,418.3595016832854,-593.5929690511953,114.00178546459792,-186.00854092766718,91.79674200858176,1.6368599976660432,91.79674200858176,1.6368599976660432,91.79674200858176,1.6368599976660432,11,0.99,4
714.58,GT-0022,471.93499912244135,-681.0218184935372,114.00174556137841,-186.00921190339216,91.84793714271066,1.9340365912862725,91.84793714271066,1.9340365912862725,91.84793714271066,1.9340365912862725,11,0.983,4
716.15,GT-0022,650.8659022784523,-973.2477086933768,113.99531877915322,-186.00902904516488,91.9657414013277,2.695791838439898,91.9657414013277,2.695791838439898,91.9657414013277,2.695791838439898,11,0.99,4
718.54,GT-0022,923.3118276096782,-1417.8291758323157,113.99252243396445,-186.00682395861824,92.56374427484234,3.557403057295838,92.56374427484234,3.557403057295838,92.56374427484234,3.557403057295838,11,0.985,4
718.73,GT-0022,944.9701654242369,-1453.2190886030448,113.98843824048389,-186.01113459827124,92.66675317750732,3.615473309380766,92.66675317750732,3.615473309380766,92.66675317750732,3.615473309380766,11,0.989,4
721.29,GT-0022,1179.8269160087773,-2102.491976505359,111.31859423528037,-185.40092355948173,52.518897390217454,0.8747608665274199,52.518897390217454,0.8747608665274199,52.518897390217454,0.8747608665274199,13,0.995,4
722.36,GT-0022,1298.9388257346145,-2300.8667566907875,111.31827263842528,-185.40172304008973,52.56156864862849,1.7819761368611482,52.56156864862849,1.7819761368611482,52.56156864862849,1.7819761368611482,13,0.989,4
723.43,GT-0022,1418.1050685058838,-2499.236666625959,111.31784558668619,-185.40853006312065,52.658689254927175,2.359056495776957,52.658689254927175,2.359056495776957,52.658689254927175,2.359056495776957,13,0.994,4
723.74,GT-0022,1452.5994188517634,-2556.7056661616816,111.32014478045704,-185.4076073197174,52.722824277935324,2.5004160421381583,52.722824277935324,2.5004160421381583,52.722824277935324,2.5004160421381583,13,0.994,4
726.07,GT-0022,1733.5428845430204,-2930.671052793315,110.46142528440771,-185.98038558896707,39.79211120273959,0.661507870329067,39.79211120273959,0.661507870329067,39.79211120273959,0.661507870329067,14,0.997,4
728.72,GT-0022,2026.2484343791937,-3423.4932138750173,110.45464256797925,-185.98116978462684,40.02345571396265,2.529121678557624,40.02345571396265,2.529121678557624,40.02345571396265,2.529121678557624,14,0.993,4
731.02,GT-0022,2281.9034870662827,-3851.950532558065,110.60434281309496,-185.90509184535728,41.01314137030963,2.8837864125386887,41.01314137030963,2.8837864125386887,41.01314137030963,2.8837864125386887,14,0.996,5
733.63,GT-0022,2570.551761397688,-4337.148850238909,110.59765395520469,-185.90616367003912,43.166371587576315,3.766529135999464,43.166371587576315,3.766529135999464,43.166371587576315,3.766529135999464,14,0.991,5
733.78,GT-0022,2587.161319962288,-4365.066745870123,110.60819120612561,-185.91751203344504,43.35626336929399,3.806164446671519,43.35626336929399,3.806164446671519,43.35626336929399,3.806164446671519,14,0.992,5
733.81,GT-0022,2598.584406027423,-4367.586823312997,111.3239788109781,-185.06057257405928,42.61513909653319,2.472352005707264,42.61513909653319,2.472352005707264,42.61513909653319,2.472352005707264,14,0.996,5
736.61,GT-0022,2912.5749266929524,-4887.611261791595,111.60832518433784,-185.25960570069697,44.65475096241337,3.1988989821181515,44.65475096241337,3.1988989821181515,44.65475096241337,3.1988989821181515,14,0.995,5
739.04,GT-0022,3188.407434064823,-5342.478684312263,111.30131636507805,-184.94616956843552,45.72570609912449,2.18357347569303,45.72570609912449,2.18357347569303,45.72570609912449,2.18357347569303,13,0.996,5
741.37,GT-0022,3517.030617311415,-5845.95164728306,110.46031838974746,-185.37237184710764,40.11678684912087,0.6615053938204991,40.11678684912087,0.6615053938204991,40.11678684912087,0.6615053938204991,14,0.997,5
743.43,GT-0022,3744.5576188854575,-6227.83072009644,110.46226647266066,-185.36351293407935,40.23476631919796,2.2490804368435255,40.23476631919796,2.2490804368435255,40.23476631919796,2.2490804368435255,14,0.995,5
743.88,GT-0022,3794.257438764977,-6311.2445267665835,110.46071311166716,-185.36385116094382,40.33109104979643,2.4645498209038057,40.33109104979643,2.4645498209038057,40.33109104979643,2.4645498209038057,14,0.99,6
746.34,GT-0022,4066.000619196376,-6767.272990079027,110.47046954299229,-185.3723173899536,41.42159116563595,3.4004094625955954,41.42159116563595,3.4004094625955954,41.42159116563595,3.4004094625955954,14,0.993,6
746.47,GT-0022,4066.8785334299437,-6862.821247229018,110.7603181792208,-184.86670574203015,40.26938383532973,0.6615079754113844,40.26938383532973,0.6615079754113844,40.26938383532973,0.6615079754113844,14,0.997,6
748.85,GT-0022,4333.801564121823,-7263.242693219194,110.69293231968764,-185.2962156037923,40.333425262340334,0.9118560190467266,40.333425262340334,0.9118560190467266,40.333425262340334,0.9118560190467266,14,0.997,6
750.57,GT-0022,4524.160472617768,-7581.898789523127,110.69572278422334,-185.2953107923365,40.44930021534902,2.1655491973880525,40.44930021534902,2.1655491973880525,40.44930021534902,2.1655491973880525,14,0.995,6
750.88,GT-0022,4558.529439033097,-7639.352227045098,110.70019942904199,-185.2876314246986,40.50875024840171,2.3174823737176795,40.50875024840171,2.3174823737176795,40.50875024840171,2.3174823737176795,14,0.995,6
753.91,GT-0022,4895.099149739935,-8200.434017843409,110.8686625482101,-185.39332245444467,41.74717009798055,2.815409593280078,41.74717009798055,2.815409593280078,41.74717009798055,2.815409593280078,14,0.996,6
754.84,GT-0022,4998.2248072116945,-8372.87105936077,110.88381587203145,-185.40051517302072,42.314252378781944,3.1549740508000483,42.314252378781944,3.1549740508000483,42.314252378781944,3.1549740508000483,14,0.995,6
756.46,GT-0022,5185.098243958268,-8675.736323000003,111.73766226582003,-186.35925839055437,43.16081077191247,2.4983618213849432,43.16081077191247,2.4983618213849432,43.16081077191247,2.4983618213849432,14,0.996,6
758.51,GT-0022,5416.784968983242,-9068.1968353616,112.04030768996617,-188.60335012854165,40.74209364340822,0.6615064534528684,40.74209364340822,0.6615064534528684,40.74209364340822,0.6615064534528684,14,0.997,6
760.03,GT-0022,5587.0768839181255,-9354.857242128988,112.04140349075213,-188.60215277852302,40.80664889579356,1.9647587405004148,40.80664889579356,1.9647587405004148,40.80664889579356,1.9647587405004148,14,0.991,6
761.89,GT-0022,5795.5146644654305,-9705.629522859826,112.05757105841312,-188.59720000333863,41.18839482735694,2.8292800748626035,41.18839482735694,2.8292800748626035,41.18839482735694,2.8292800748626035,14,0.994,6
764.51,GT-0022,6153.569661352618,-10275.49783995486,112.26763564084027,-187.92394377124936,41.023995280642396,0.6615095863863608,41.023995280642396,0.6615095863863608,41.023995280642396,0.6615095863863608,14,0.997,6
764.64,GT-0022,6168.1627264601175,-10299.865163190405,112.26740936067311,-187.92387237850235,41.04124707977539,0.8547516251100438,41.04124707977539,0.8547516251100438,41.04124707977539,0.8547516251100438,14,0.994,6
767.25,GT-0022,6461.180542896293,-10790.337017950444,112.27164842786974,-187.925320893355,41.28803296324231,2.5697477865565514,41.28803296324231,2.5697477865565514,41.28803296324231,2.5697477865565514,14,0.991,7
767.55,GT-0022,6494.88077992129,-10846.698123541488,112.2608004788163,-187.91674455818892,41.37785674188613,2.6918723437005223,41.37785674188613,2.6918723437005223,41.37785674188613,2.6918723437005223,14,0.994,7
770.06,GT-0022,6776.668278149963,-11318.28978530248,112.25368504552402,-187.91037630212816,42.76127176393251,3.5752339495896557,42.76127176393251,3.5752339495896557,42.76127176393251,3.5752339495896557,14,0.995,7
770.45,GT-0022,6824.128409686862,-11390.324039674644,112.86590929622622,-187.062149244367,42.799865641520086,2.6975015073963844,42.799865641520086,2.6975015073963844,42.799865641520086,2.6975015073963844,14,0.996,7
773.3,GT-0022,7147.283465367867,-11928.845125431015,113.02527763270331,-188.07136945044334,44.957423730128184,3.2341224963580095,44.957423730128184,3.2341224963580095,44.957423730128184,3.2341224963580095,14,0.995,7
774.03,GT-0022,7229.774572565817,-12066.133348799453,113.02031265821748,-188.07188071337794,45.668625714854755,3.4795777648761237,45.668625714854755,3.4795777648761237,45.668625714854755,3.4795777648761237,13,0.989,7
775.1,GT-0022,7353.243446363436,-12268.964348599964,113.41655519098899,-188.3125956573212,46.66985868965663,3.1933491783853674,46.66985868965663,3.1933491783853674,46.66985868965663,3.1933491783853674,13,0.994,7
776.2,GT-0022,7496.132704004214,-12437.82870533509,114.59535849855449,-188.94552957805706,41.66945642641092,0.6615080439070513,41.66945642641092,0.6615080439070513,41.66945642641092,0.6615080439070513,14,0.997,7
778.51,GT-0022,7760.8581475779065,-12874.316232005007,114.59514947696313,-188.94973592738015,41.826683732681076,2.373382740219448,41.826683732681076,2.373382740219448,41.826683732681076,2.373382740219448,14,0.993,7
780.5,GT-0022,7988.901698889259,-13250.32928179101,114.59535466615891,-188.9486196689627,42.51322455889606,3.1808665770176123,42.51322455889606,3.1808665770176123,42.51322455889606,3.1808665770176123,14,0.988,7
781.25,GT-0022,8074.8533921281405,-13392.055757973729,114.59934253364379,-188.9513654706012,43.000166367434275,3.4347701311202883,43.000166367434275,3.4347701311202883,43.000166367434275,3.4347701311202883,14,0.99,7
783.82,GT-0022,8369.424943931775,-13877.696714764206,114.61211957664284,-188.95821265634834,45.8160558185072,4.185892738780562,45.8160558185072,4.185892738780562,45.8160558185072,4.185892738780562,13,0.992,7
784.75,GT-0022,8476.017377122524,-14053.446634474663,114.6132722497729,-188.96223318868414,47.373843148506,4.4306406175282325,47.373843148506,4.4306406175282325,47.373843148506,4.4306406175282325,13,0.985,7
785.54,GT-0022,8566.583327416884,-14202.707346685906,114.61713565541118,-188.95670637999797,48.92673037211612,4.625207293964777,48.92673037211612,4.625207293964777,48.92673037211612,4.625207293964777,13,0.988,7
787.73,GT-0022,8828.193231716512,-14620.223670308844,114.91152573027527,-189.25885020466535,51.30198775042361,3.377901918402202,51.30198775042361,3.377901918402202,51.30198775042361,3.377901918402202,13,0.993,8
790.27,GT-0022,9120.618076572748,-15101.180101550382,114.96771486368309,-189.28231034519013,55.19022851259859,4.092100834202737,55.19022851259859,4.092100834202737,55.19022851259859,4.092100834202737,13,0.992,8
791.29,GT-0022,9237.861770570926,-15294.238452821366,114.96322474206909,-189.2823709624306,57.163205344760414,4.363781470733035,57.163205344760414,4.363781470733035,57.163205344760414,4.363781470733035,13,0.988,8
793.06,GT-0022,9442.457495975266,-15630.761678586689,115.08276458629177,-189.44545693373084,61.191784504837585,4.741733276441793,61.191784504837585,4.741733276441793,61.191784504837585,4.741733276441793,12,0.99,8
795.07,GT-0022,9689.176006365804,-16017.603639331272,117.30024930798749,-189.87757599325528,66.13801169478302,4.676405267337579,66.13801169478302,4.676405267337579,66.13801169478302,4.676405267337579,12,0.99,8
795.35,GT-0022,9722.02514281954,-16070.836767777408,117.30050418005641,-189.88565001549955,66.85582898725175,4.744857623801105,66.85582898725175,4.744857623801105,66.85582898725175,4.744857623801105,12,0.985,8
795.46,GT-0022,9734.940476371074,-16091.715841912595,117.30128127280625,-189.88539967511508,67.16381747582486,4.7729915571431425,67.16381747582486,4.7729915571431425,67.16381747582486,4.7729915571431425,12,0.981,8
797.06,GT-0022,9931.45597188999,-16403.46728129143,116.66774662488227,-190.34732516394797,66.08315741799613,3.108485915542721,66.08315741799613,3.108485915542721,66.08315741799613,3.108485915542721,12,0.991,8
799.27,GT-0022,10189.333270387155,-16824.17496117957,116.67199039820885,-190.35204405192837,68.8314143723485,3.8235356251118575,68.8314143723485,3.8235356251118575,68.8314143723485,3.8235356251118575,12,0.991,8
799.91,GT-0022,10264.036760130375,-16946.033155662983,116.67874716829958,-190.35237468527401,69.79355537546452,4.004854706467576,69.79355537546452,4.004854706467576,69.79355537546452,4.004854706467576,12,0.991,8
802.02,GT-0022,10515.173655213724,-17351.879816521297,117.29655021095923,-190.55515969170455,73.21844791389532,4.1278850044357585,73.21844791389532,4.1278850044357585,73.21844791389532,4.1278850044357585,12,0.992,8
802.81,GT-0022,10607.808780751995,-17502.433132286533,117.29279172450609,-190.55776723727456,74.588318550002,4.339671409667555,74.588318550002,4.339671409667555,74.588318550002,4.339671409667555,12,0.985,8
804.51,GT-0022,10807.179351816765,-17826.562389607316,117.29727024556323,-190.5741337852408,77.91889805132114,4.754725418102584,77.91889805132114,4.754725418102584,77.91889805132114,4.754725418102584,12,0.989,8
804.65,GT-0022,10839.62721371887,-17871.317854201192,115.99360017224774,-192.1948197014654,75.16904226303616,3.1620606402635,75.16904226303616,3.1620606402635,75.16904226303616,3.1620606402635,12,0.993,8
807.7,GT-0022,11193.53748879688,-18457.51371624511,116.00089195500767,-192.19008271231303,78.60829476588985,4.0996961813598345,78.60829476588985,4.0996961813598345,78.60829476588985,4.0996961813598345,12,0.992,8
810.99,GT-0022,11581.435855456162,-19095.40945268793,116.38671431153138,-192.9849918445725,83.5366477797679,4.178824616904145,83.5366477797679,4.178824616904145,83.5366477797679,4.178824616904145,11,0.992,8
811.4,GT-0022,11629.238341026048,-19174.56648415527,116.39656708733062,-192.98488880792993,84.18935422930937,4.2880994490797,84.18935422930937,4.2880994490797,84.18935422930937,4.2880994490797,11,0.988,8
813.77,GT-0022,11905.124428851748,-19631.97497964198,116.40374026585539,-192.99028693994194,88.42795858985423,4.864551777927679,88.42795858985423,4.864551777927679,88.42795858985423,4.864551777927679,11,0.99,8
814.62,GT-0022,12004.077774204183,-19795.979084363687,116.40493638876092,-192.98901393668945,90.27649339143935,5.058862566264477,90.27649339143935,5.058862566264477,90.27649339143935,5.058862566264477,11,0.985,8
815.84,GT-0022,12224.546718822505,-20063.068803472583,118.80813352912182,-194.27033739048204,86.57421049160733,2.773004316937276,86.57421049160733,2.773004316937276,86.57421049160733,2.773004316937276,11,0.992,8
816.14,GT-0022,12260.147220948546,-20121.36874587946,118.80646822755367,-194.27108296009283,86.79764390536533,2.8934258679251728,86.79764390536533,2.8934258679251728,86.79764390536533,2.8934258679251728,11,0.986,8
818.46,GT-0022,12547.74838243322,-20588.200513693395,119.40741387274193,-194.57090831020827,88.10089540925759,2.97767880482306,88.10089540925759,2.97767880482306,88.10089540925759,2.97767880482306,11,0.992,8
820.78,GT-0022,12824.7798828889,-21039.61296243546,119.40009263775137,-194.57303574848189,89.65821943829876,3.7485517070704466,89.65821943829876,3.7485517070704466,89.65821943829876,3.7485517070704466,11,0.992,8
823.11,GT-0022,13103.042454250017,-21493.059322482994,119.40082489630848,-194.58700245116987,92.03054158394376,4.388705684028443,92.03054158394376,4.388705684028443,92.03054158394376,4.388705684028443,11,0.991,8
825.09,GT-0022,13339.536589203484,-21878.33560807901,119.41493221553216,-194.58508940087572,94.87743390433735,4.8707927843726475,94.87743390433735,4.8707927843726475,94.87743390433735,4.8707927843726475,11,0.987,8
825.68,GT-0022,13410.10583369365,-21993.250921435705,119.41533054314314,-194.5924277895317,95.88740656454723,4.99880727450713,95.88740656454723,4.99880727450713,95.88740656454723,4.99880727450713,11,0.99,8
827.68,GT-0022,13650.14911121879,-22408.84426150278,118.17095038969646,-197.14708846091384,97.97866099735039,4.119240174221423,97.97866099735039,4.119240174221423,97.97866099735039,4.119240174221423,11,0.992,8
828.31,GT-0022,13724.570814163357,-22532.956286837638,118.16858295260457,-197.13428532567133,98.81210160357493,4.286789449933238,98.81210160357493,4.286789449933238,98.81210160357493,4.286789449933238,11,0.989,9
830.88,GT-0022,14035.549051705031,-23035.958791116664,119.07985080215917,-196.55702269355365,101.80145062329117,4.013629812736714,101.80145062329117,4.013629812736714,101.80145062329117,4.013629812736714,11,0.992,9
833.47,GT-0022,14365.408657929274,-23561.428602467528,119.21795544229356,-196.91820519981474,104.65644125805362,3.9737459599202216,104.65644125805362,3.9737459599202216,104.65644125805362,3.9737459599202216,11,0.992,9
834.29,GT-0022,14463.257362646405,-23722.823466103495,119.22961966438669,-196.91427476239443,105.61651915589566,4.198574516572244,105.61651915589566,4.198574516572244,105.61651915589566,4.198574516572244,10,0.99,9
836.44,GT-0022,14871.961009295022,-24153.153708968122,118.24851992589105,-194.2149058796675,95.02968309168749,1.5296182834860008,95.02968309168749,1.5296182834860008,95.02968309168749,1.5296182834860008,11,0.993,9
838.81,GT-0022,15152.205615852303,-24613.421186221447,118.24954588781995,-194.2165227089136,95.19777445350674,2.7711140477447542,95.19777445350674,2.7711140477447542,95.19777445350674,2.7711140477447542,11,0.986,9
839.18,GT-0022,15225.37218240437,-24754.337944079893,118.61846216547707,-197.7521076596426,95.15638227094028,1.7701886770934385,95.15638227094028,1.7701886770934385,95.15638227094028,1.7701886770934385,11,0.992,9
842.18,GT-0022,15510.55433347848,-25382.415491577143,117.35380952314873,-195.37443391108923,95.304550541035,1.8526027714221893,95.304550541035,1.8526027714221893,95.304550541035,1.8526027714221893,11,0.993,9
843.73,GT-0022,15692.33574472967,-25685.264237745618,117.36019320179025,-195.37777980588447,95.44481452535474,2.63056173238413,95.44481452535474,2.63056173238413,95.44481452535474,2.63056173238413,11,0.991,9
845.51,GT-0022,15901.277378255721,-26033.047003732394,117.36948148973248,-195.38319801355664,95.80749859188523,3.3024926080080244,95.80749859188523,3.3024926080080244,95.80749859188523,3.3024926080080244,11,0.992,9
848.65,GT-0022,16269.940790764671,-26646.6635781971,117.38067276382266,-195.40143219267262,97.38845925363509,4.236027457159097,97.38845925363509,4.236027457159097,97.38845925363509,4.236027457159097,11,0.991,9
848.93,GT-0022,16302.790055829624,-26701.366835686073,117.37727974635727,-195.4013477136822,97.64790745547492,4.310856930838202,97.64790745547492,4.310856930838202,97.64790745547492,4.310856930838202,11,0.987,9
851.29,GT-0022,16579.770162187542,-27162.446486647907,117.39254177230856,-195.41645630550158,100.08673074330605,4.882284482213177,100.08673074330605,4.882284482213177,100.08673074330605,4.882284482213177,11,0.99,9
852.37,GT-0022,16706.55328004578,-27373.49900844331,117.39692871971647,-195.41511830328008,101.63926550068123,5.127100532858945,101.63926550068123,5.127100532858945,101.63926550068123,5.127100532858945,11,0.984,10
853.47,GT-0022,16854.109676130447,-27594.21101754276,118.896058522551,-195.88351174015628,102.66109057392795,4.3733137832762345,102.66109057392795,4.3733137832762345,102.66109057392795,4.3733137832762345,11,0.99,10
853.63,GT-0022,16873.173582990028,-27625.56527563589,118.89992206831602,-195.88272209097454,102.89050249596319,4.41535621990142,102.89050249596319,4.41535621990142,102.89050249596319,4.41535621990142,11,0.987,10
855.4,GT-0022,17066.134858215075,-28002.66054917112,117.13230850715996,-193.70538606742184,96.10831451378998,1.5296233038828826,96.10831451378998,1.5296233038828826,96.10831451378998,1.5296233038828826,11,0.992,10
857.55,GT-0022,17317.97770679079,-28419.118163531064,117.13497410698133,-193.70786390159952,96.23511575900005,2.6790323247500254,96.23511575900005,2.6790323247500254,96.23511575900005,2.6790323247500254,11,0.991,10
859.82,GT-0022,17584.02890670344,-28858.83987141527,117.14587371539551,-193.71844077079186,96.74404052056633,3.503683965104322,96.74404052056633,3.503683965104322,96.74404052056633,3.503683965104322,11,0.991,10
860.44,GT-0022,17656.66881973003,-28978.896760277836,117.15165783151633,-193.72029757580026,97.0190493921073,3.6980987996998578,97.0190493921073,3.6980987996998578,97.0190493921073,3.6980987996998578,11,0.988,10
862.1,GT-0022,17851.351895451826,-29300.53924247179,117.1630664582734,-193.73532324475164,97.93072544040236,4.1657841295727325,97.93072544040236,4.1657841295727325,97.93072544040236,4.1657841295727325,11,0.991,10
864.37,GT-0022,18117.64860576492,-29740.516784557218,117.21139674785758,-193.76214937663934,99.94198217951548,4.728569709592003,99.94198217951548,4.728569709592003,99.94198217951548,4.728569709592003,11,0.992,10
866.0,GT-0022,18308.756782910794,-30056.3442734201,117.2189053482204,-193.7667533038,102.08048811391252,5.102455892798877,102.08048811391252,5.102455892798877,102.08048811391252,5.102455892798877,11,0.987,11
866.93,GT-0022,18429.976462048257,-30377.650082771423,120.69558814273697,-198.4692933161721,96.83327949456189,1.5296368117944303,96.83327949456189,1.5296368117944303,96.83327949456189,1.5296368117944303,11,0.992,11
869.42,GT-0022,18730.575642174306,-30871.858556521755,120.70322534173667,-198.46666832734434,96.98762229725178,2.8168691668721144,96.98762229725178,2.8168691668721144,96.98762229725178,2.8168691668721144,11,0.992,11
870.62,GT-0022,18875.420479300174,-31110.028643897534,120.70445165483966,-198.46627177658007,97.2582613407566,3.2624771215020796,97.2582613407566,3.2624771215020796,97.2582613407566,3.2624771215020796,11,0.986,11
871.29,GT-0022,18956.30497843601,-31242.926695014678,120.70670118301607,-198.45801215621572,97.47974163175259,3.4846334621353665,97.47974163175259,3.4846334621353665,97.47974163175259,3.4846334621353665,11,0.989,11
872.02,GT-0022,19044.415283215956,-31387.799437024787,120.70791306021992,-198.46027466217177,97.79882363643675,3.714577550452271,97.79882363643675,3.714577550452271,97.79882363643675,3.714577550452271,11,0.982,11
873.95,GT-0022,19277.538251591614,-31770.813004049407,120.72323107320088,-198.4599768386501,98.90583623212343,4.251792786196903,98.90583623212343,4.251792786196903,98.90583623212343,4.251792786196903,11,0.99,11
875.85,GT-0022,19506.94970968833,-32147.83109226549,120.72112904395908,-198.45782949118245,100.65683148130955,4.725967585671321,100.65683148130955,4.725967585671321,100.65683148130955,4.725967585671321,11,0.989,11
876.2,GT-0022,19549.289069352373,-32217.253590806125,120.73521243488238,-198.4522363773204,101.05305715471079,4.797248378897089,101.05305715471079,4.797248378897089,101.05305715471079,4.797248378897089,11,0.991,11
878.73,GT-0022,19854.755805306228,-32719.39705447544,120.72093564541132,-198.44398094173573,104.7193245642741,5.349581887263178,104.7193245642741,5.349581887263178,104.7193245642741,5.349581887263178,11,0.991,11
880.9,GT-0022,20116.720235656765,-33150.020493119,120.72093564541132,-198.44398094173573,109.08025942507466,5.787963922532186,109.08025942507466,5.787963922532186,109.08025942507466,5.787963922532186,10,0.961,11
882.06,GT-0022,20256.354347192046,-33385.14861828795,119.79685421575094,-197.53133675315073,107.83768407241898,3.962583078402509,107.83768407241898,3.962583078402509,107.83768407241898,3.962583078402509,10,0.986,11
882.14,GT-0022,20265.900281949722,-33400.872686965544,119.79404310026082,-197.52818033274502,107.96486503794684,3.985758732683317,107.96486503794684,3.985758732683317,107.96486503794684,3.985758732683317,10,0.987,11
884.64,GT-0022,20560.46404551873,-33891.63225251831,119.84709244555046,-197.4227303144672,110.46133922647128,3.9254598295266803,110.46133922647128,3.9254598295266803,110.46133922647128,3.9254598295266803,10,0.991,11
884.88,GT-0022,20589.18696375025,-33939.04318241513,119.84493975634682,-197.42399605539526,110.74984843838425,3.9951728889051497,110.74984843838425,3.9951728889051497,110.74984843838425,3.9951728889051497,10,0.986,11
887.65,GT-0022,21173.544146929627,-34472.609809083115,119.8228667433448,-200.07326978281066,98.29797090795111,1.5296186509759158,98.29797090795111,1.5296186509759158,98.29797090795111,1.5296186509759158,11,0.992,11
890.0,GT-0022,21455.08152829078,-34942.705905845636,119.82768205475915,-200.06676623682262,98.43283990171973,2.7605410767821166,98.43283990171973,2.7605410767821166,98.43283990171973,2.7605410767821166,11,0.992,11
891.52,GT-0022,21637.219605014012,-35246.8073905256,119.82768205475915,-200.06676623682262,98.71604181166333,3.3227378826204945,98.71604181166333,3.3227378826204945,98.71604181166333,3.3227378826204945,11,0.962,11
892.34,GT-0022,21735.48747784133,-35410.74660561883,119.83884179472298,-200.0611280052724,98.98826287767633,3.585759381869084,98.98826287767633,3.585759381869084,98.98826287767633,3.585759381869084,11,0.986,11
894.5,GT-0022,21994.349770760342,-35842.81476261226,119.84258207037878,-200.05565405208,100.14613558579101,4.21036735094986,100.14613558579101,4.21036735094986,100.14613558579101,4.21036735094986,11,0.985,12
894.55,GT-0022,21872.57057360247,-35887.04425984423,122.60964902263179,-198.59723068707046,98.81455759437267,1.5296029106589826,98.81455759437267,1.5296029106589826,98.81455759437267,1.5296029106589826,11,0.992,12
897.12,GT-0022,22187.7283898872,-36397.518203285435,122.60632473082822,-198.59833403659314,98.98899379052453,2.8497482870881603,98.98899379052453,2.8497482870881603,98.98899379052453,2.8497482870881603,11,0.991,12
898.37,GT-0022,22341.01422814219,-36645.75718529138,122.5995010336575,-198.5983613957227,99.26130326640352,3.3057102580502504,99.26130326640352,3.3057102580502504,99.26130326640352,3.3057102580502504,11,0.991,12
899.49,GT-0022,22478.35586723894,-36868.16795167417,122.59462510131141,-198.59466286316805,99.65158167893408,3.665481315589013,99.65158167893408,3.665481315589013,99.65158167893408,3.665481315589013,11,0.99,12
901.98,GT-0022,22783.610494502158,-37362.71269604162,122.59487135262287,-198.59799605856182,101.13637173488365,4.3643801862261755,101.13637173488365,4.3643801862261755,101.13637173488365,4.3643801862261755,11,0.987,12
902.14,GT-0022,22923.7093633999,-37482.42275553577,123.1342320487355,-199.79933025747167,99.41401555751668,1.529611240100085,99.41401555751668,1.529611240100085,99.41401555751668,1.529611240100085,11,0.992,12
904.09,GT-0022,23163.711944710732,-37871.985143982725,123.12817461068865,-199.7970168984195,99.50630432742209,2.592843820336762,99.50630432742209,2.592843820336762,99.50630432742209,2.592843820336762,11,0.992,12
906.08,GT-0022,23360.9371448268,-38340.77319482161,123.08291891899601,-198.14517517048148,99.65571581549428,2.02859522738385,99.65571581549428,2.02859522738385,99.65571581549428,2.02859522738385,11,0.993,12
907.28,GT-0022,23508.590120707944,-38578.5608866744,123.08327902789796,-198.14546081705242,99.80464034794495,2.6117738466749527,99.80464034794495,2.6117738466749527,99.80464034794495,2.6117738466749527,11,0.986,12
908.5,GT-0022,23658.79876209601,-38820.41191152867,123.07847858341512,-198.1510462591441,100.03953173364063,3.0924247250837404,100.03953173364063,3.0924247250837404,100.03953173364063,3.0924247250837404,11,0.99,12
911.17,GT-0022,23987.59588450044,-39349.45913669327,123.08722845324121,-198.16059452187437,101.04687841220145,3.9403715302552675,101.04687841220145,3.9403715302552675,101.04687841220145,3.9403715302552675,11,0.992,12
914.06,GT-0022,24343.342756918868,-39922.22250340064,123.08108180672448,-198.1802136068559,103.3370633003717,4.683104263690133,103.3370633003717,4.683104263690133,103.3370633003717,4.683104263690133,11,0.992,12
915.49,GT-0022,24519.34993181631,-40205.57665399388,123.08193857708605,-198.1782101474023,105.10928090141765,5.0168517560626125,105.10928090141765,5.0168517560626125,105.10928090141765,5.0168517560626125,11,0.985,13
916.42,GT-0022,24633.920547899903,-40389.90239189147,123.08420847137842,-198.1941061104439,106.48307395714218,5.213764462117988,106.48307395714218,5.213764462117988,106.48307395714218,5.213764462117988,10,0.989,13
918.67,GT-0022,24879.18264805352,-40830.10217783651,120.76906379437943,-199.32183692787828,108.61579363365927,4.174380654126205,108.61579363365927,4.174380654126205,108.61579363365927,4.174380654126205,10,0.991,13
921.15,GT-0022,25178.70920837707,-41324.4702014756,120.77773017756039,-199.32936459417812,111.80358590679687,4.796237469659933,111.80358590679687,4.796237469659933,111.80358590679687,4.796237469659933,10,0.988,14
921.19,GT-0022,25183.502270519697,-41332.39840374981,120.7746466411038,-199.3108474957848,111.87632936658153,4.800122374548022,111.87632936658153,4.800122374548022,111.87632936658153,4.800122374548022,10,0.99,14
924.65,GT-0022,25748.041214033332,-42050.50151717048,121.98452642250184,-198.66796226604137,101.32302184549685,1.5296388336068616,101.32302184549685,1.5296388336068616,101.32302184549685,1.5296388336068616,11,0.993,14
925.29,GT-0022,25826.127937012392,-42177.656414146244,121.98388603503673,-198.66814901831302,101.37902951510424,1.9451280559199122,101.37902951510424,1.9451280559199122,101.37902951510424,1.9451280559199122,11,0.984,14
927.34,GT-0022,26076.203267878274,-42585.0541582502,121.9816737504952,-198.66568231904924,101.56107787066178,2.8973335176190704,101.56107787066178,2.8973335176190704,101.56107787066178,2.8973335176190704,11,0.989,14
929.46,GT-0022,26334.699143278474,-43006.360410894544,121.98276695555678,-198.6689425783784,102.09991564307616,3.624240386959369,102.09991564307616,3.624240386959369,102.09991564307616,3.624240386959369,11,0.991,14
932.2,GT-0022,26668.76230626716,-43550.616799634496,121.96763612300903,-198.67067714216904,103.67211167813034,4.38941055444895,103.67211167813034,4.38941055444895,103.67211167813034,4.38941055444895,11,0.991,15
932.39,GT-0022,26692.00419703999,-43588.37172462512,121.97058739653788,-198.67725927016602,103.85170348946778,4.43389807047328,103.85170348946778,4.43389807047328,103.85170348946778,4.43389807047328,11,0.991,15
934.69,GT-0022,26801.24671218282,-44161.727216089064,124.240687605189,-198.45856206300857,102.22304217541108,1.5296304403634002,102.22304217541108,1.5296304403634002,102.22304217541108,1.5296304403634002,11,0.993,15
935.91,GT-0022,26952.836076109405,-44403.853072197715,124.23739947091623,-198.45822008476682,102.29164152224132,2.255814090032983,102.29164152224132,2.255814090032983,102.29164152224132,2.255814090032983,11,0.989,15
937.09,GT-0022,27099.458676612976,-44637.97898824985,124.23713345503629,-198.45923468257257,102.41668413914758,2.7826324006435414,102.41668413914758,2.7826324006435414,102.41668413914758,2.7826324006435414,11,0.99,15
939.68,GT-0022,27409.85731604931,-45116.26519027434,121.71540447163756,-200.58477951757436,102.62112057750053,1.940101230085982,102.62112057750053,1.940101230085982,102.62112057750053,1.940101230085982,11,0.993,15
940.52,GT-0022,27512.0845718128,-45284.781810188615,121.71389378909367,-200.58607538759478,102.72533259789395,2.3788310496221907,102.72533259789395,2.3788310496221907,102.72533259789395,2.3788310496221907,11,0.987,15
942.48,GT-0022,27750.708889926984,-45678.02207455892,121.72017349616664,-200.5812749079892,103.06205553982194,3.172487832333782,103.06205553982194,3.172487832333782,103.06205553982194,3.172487832333782,11,0.99,15
943.52,GT-0022,27877.285704531474,-45886.614200734155,121.7209922921279,-200.58118118327818,103.4160494977969,3.523689213374485,103.4160494977969,3.523689213374485,103.4160494977969,3.523689213374485,11,0.983,16
945.23,GT-0022,28104.006591714533,-46260.7749602557,123.62871470395847,-198.8690446616078,103.19904883385685,1.6789363474950403,103.19904883385685,1.6789363474950403,103.19904883385685,1.6789363474950403,11,0.992,16
946.66,GT-0022,28280.802032125408,-46545.15246620896,123.62876382826667,-198.86857204686171,103.31180935194368,2.457788625694065,103.31180935194368,2.457788625694065,103.31180935194368,2.457788625694065,11,0.988,16
947.35,GT-0022,28366.083407270504,-46682.4830798652,123.62954640861338,-198.86840132985117,103.41533124174964,2.7554932907452296,103.41533124174964,2.7554932907452296,103.41533124174964,2.7554932907452296,11,0.99,16
948.05,GT-0022,28452.5848714727,-46821.717098508794,123.62804304621471,-198.86765878873007,103.57330095257,3.029143202088312,103.57330095257,3.029143202088312,103.57330095257,3.029143202088312,11,0.985,16
949.64,GT-0022,28649.08822001363,-47137.85650539559,123.61656486082165,-198.86814071706624,104.02226042811668,3.569749238139738,104.02226042811668,3.569749238139738,104.02226042811668,3.569749238139738,11,0.989,16
952.24,GT-0022,28970.529986582715,-47654.97086914339,123.60160086964275,-198.87418644618822,105.41229466423836,4.304257101698012,105.41229466423836,4.304257101698012,105.41229466423836,4.304257101698012,11,0.991,16
957.43,GT-0022,29612.015213903393,-48687.106859997904,123.59859946972409,-198.87024973800987,111.91243393509015,5.497327983192274,111.91243393509015,5.497327983192274,111.91243393509015,5.497327983192274,10,0.986,17
957.96,GT-0022,29839.1005034844,-49076.79093897273,119.7920307898294,-197.39981764971287,104.45611899317115,1.5296429005174665,104.45611899317115,1.5296429005174665,104.45611899317115,1.5296429005174665,11,0.992,18
960.22,GT-0022,30076.91742413935,-49501.1058118964,121.45123462510519,-198.4375312719428,104.55039477923495,2.339730173924925,104.55039477923495,2.339730173924925,104.55039477923495,2.339730173924925,11,0.993,18
961.92,GT-0022,30283.350525960166,-49838.41501608745,121.45343757756783,-198.44045814969186,104.79456506921598,3.0498729683053845,104.79456506921598,3.0498729683053845,104.79456506921598,3.0498729683053845,11,0.99,18
966.3,GT-0022,30693.970862132963,-50638.0046123853,121.24094526285432,-199.86619322113745,105.26149641100702,1.7726462683390485,105.26149641100702,1.7726462683390485,105.26149641100702,1.7726462683390485,11,0.993,19
967.55,GT-0022,30845.49311934527,-50887.792046783936,121.24161140885408,-199.86694981181842,105.3891109496365,2.4413597465518593,105.3891109496365,2.4413597465518593,105.3891109496365,2.4413597465518593,11,0.986,20
968.44,GT-0022,30953.43762987437,-51065.56525007836,121.24857584989901,-199.8724285696032,105.51415475642247,2.820485286864638,105.51415475642247,2.820485286864638,105.51415475642247,2.820485286864638,10,0.991,20
969.45,GT-0022,31075.896733109286,-51267.34586669214,121.25012284993716,-199.8748279885225,105.74758127718682,3.198358101034467,105.74758127718682,3.198358101034467,105.74758127718682,3.198358101034467,10,0.989,20
971.12,GT-0022,31298.45113485061,-51595.77563700539,122.8908278989886,-202.39519780148672,105.74574585604658,1.8688695625625893,105.74574585604658,1.8688695625625893,105.74574585604658,1.8688695625625893,10,0.993,20
973.19,GT-0022,31552.99614276019,-52014.87560642851,122.88726922796468,-202.39142150889433,105.9547229598609,2.853422202438737,105.9547229598609,2.853422202438737,105.9547229598609,2.853422202438737,10,0.992,20
975.43,GT-0022,31828.35171510605,-52468.29083062225,122.88100200337773,-202.38646488423453,106.56624293329588,3.6291565801984804,106.56624293329588,3.6291565801984804,106.56624293329588,3.6291565801984804,10,0.991,20
975.69,GT-0022,31860.3095684868,-52520.82433868109,122.87795853433117,-202.38024219658217,106.71458562230869,3.7095666659229067,106.71458562230869,3.7095666659229067,106.71458562230869,3.7095666659229067,10,0.988,20
975.88,GT-0022,31883.68272284447,-52559.252877936364,122.87796946915319,-202.3796438743258,106.84777887662763,3.7685075057524053,106.84777887662763,3.7685075057524053,106.84777887662763,3.7685075057524053,10,0.982,20
977.52,GT-0022,32085.371288470695,-52891.241309526755,122.88523088903447,-202.37793717233288,107.78164203406462,4.226636226555962,107.78164203406462,4.226636226555962,107.78164203406462,4.226636226555962,10,0.988,20
979.75,GT-0022,32359.332483408052,-53342.544811738524,122.87573588997552,-202.3628447896569,109.74301276585864,4.778170637454062,109.74301276585864,4.778170637454062,109.74301276585864,4.778170637454062,10,0.99,20
979.93,GT-0022,32381.4709347606,-53378.93238895612,122.87798119605509,-202.35438960244988,109.99109518988432,4.821940434096608,109.99109518988432,4.821940434096608,109.99109518988432,4.821940434096608,10,0.985,20
982.13,GT-0022,32896.77567959307,-53815.530241144406,121.3349791054244,-201.66687721851292,106.95804544340807,1.5296380097763502,106.95804544340807,1.5296380097763502,106.95804544340807,1.5296380097763502,10,0.992,20
984.88,GT-0022,33230.46910127014,-54370.10021550751,121.3402604385233,-201.6645149262674,107.13284672158069,2.9185568335774783,107.13284672158069,2.9185568335774783,107.13284672158069,2.9185568335774783,10,0.992,20
986.33,GT-0022,33406.36859424178,-54662.330678799924,121.33877158969689,-201.66288870180074,107.45983519916447,3.4311467265445397,107.45983519916447,3.4311467265445397,107.45983519916447,3.4311467265445397,10,0.991,20
987.88,GT-0022,33517.23597358064,-54929.25078758632,122.15845472814006,-200.53450850783162,107.46642994155117,2.028991093640139,107.46642994155117,2.028991093640139,107.46642994155117,2.028991093640139,10,0.993,20
990.55,GT-0022,33835.34211855254,-55527.01605381277,119.74833824156778,-199.61051575359252,107.71033646687629,2.194303624970527,107.71033646687629,2.194303624970527,107.71033646687629,2.194303624970527,10,0.993,20
990.79,GT-0022,33864.09868251678,-55574.933441662186,119.74856878745592,-199.60994196330992,107.7818743410697,2.3151520176598614,107.7818743410697,2.3151520176598614,107.7818743410697,2.3151520176598614,10,0.986,20
992.53,GT-0022,34072.401957024784,-55922.19871310261,119.75008468088099,-199.61177465544486,108.06024657091312,3.0450182361972877,108.06024657091312,3.0450182361972877,108.06024657091312,3.0450182361972877,10,0.99,20
995.88,GT-0022,34245.31551136174,-56638.75466666668,120.00702413528111,-201.65525918512668,108.38192954596231,1.903653107029973,108.38192954596231,1.903653107029973,108.38192954596231,1.903653107029973,10,0.993,21
998.28,GT-0022,34533.44847322383,-57122.653451032624,120.00867484726703,-201.6494857439219,108.68746238314884,3.0035808557692394,108.68746238314884,3.0035808557692394,108.68746238314884,3.0035808557692394,10,0.991,21
998.56,GT-0022,34582.14239917917,-57139.75071201968,121.32734766248149,-200.71825801791184,108.62992039036591,2.149461210565565,108.62992039036591,2.149461210565565,108.62992039036591,2.149461210565565,10,0.993,21
1000.62,GT-0022,34832.312252300995,-57553.44887300656,121.32971245939862,-200.728236922938,108.90894741191069,3.0402966026472846,108.90894741191069,3.0402966026472846,108.90894741191069,3.0402966026472846,10,0.992,21
1003.22,GT-0022,35147.93545134946,-58075.57087494395,121.34934482701857,-200.74941563736903,109.78544576785725,3.8797526287749258,109.78544576785725,3.8797526287749258,109.78544576785725,3.8797526287749258,10,0.992,21
1003.27,GT-0022,35153.97919137444,-58085.61320554726,121.35444188677924,-200.74890242459247,109.85986858943853,3.895401236343762,109.85986858943853,3.895401236343762,109.85986858943853,3.895401236343762,10,0.987,21
1005.41,GT-0022,35413.80453531121,-58515.30732577797,121.3578346671346,-200.75401957979795,111.2776992976571,4.466856635927444,111.2776992976571,4.466856635927444,111.2776992976571,4.466856635927444,10,0.99,21
1005.64,GT-0022,35441.73804915705,-58561.39172327454,121.35756682825914,-200.75081030436132,111.52129630246763,4.525461085974431,111.52129630246763,4.525461085974431,111.52129630246763,4.525461085974431,10,0.986,22
1007.71,GT-0022,35697.62943423314,-58979.04191712893,121.67469090141375,-200.65163905551947,113.64528061702222,4.6975890996576775,113.64528061702222,4.6975890996576775,113.64528061702222,4.6975890996576775,10,0.991,22
1008.19,GT-0022,35756.11110058151,-59075.330658528954,121.67575900915136,-200.6507132523547,114.23285326073814,4.81100266049803,114.23285326073814,4.81100266049803,114.23285326073814,4.81100266049803,10,0.988,22
1009.68,GT-0022,35955.20737802224,-59377.94447939517,122.46476502173064,-200.4109426161237,115.79127398288097,4.420615957114374,115.79127398288097,4.420615957114374,115.79127398288097,4.420615957114374,10,0.991,22
1012.46,GT-0022,36489.76954614944,-60044.39098267208,121.63326379179995,-202.54001730159575,110.34709416001851,1.5296312176230005,110.34709416001851,1.5296312176230005,110.34709416001851,1.5296312176230005,10,0.993,22
1017.33,GT-0022,37082.12212370091,-61030.75300302149,121.63145355592071,-202.54038865611233,111.043958581837,3.6481644012501246,111.043958581837,3.6481644012501246,111.043958581837,3.6481644012501246,10,0.985,22
1017.49,GT-0022,37101.54687407093,-61063.20858129566,121.63296381568937,-202.5398455031912,111.13200966572167,3.695472429833993,111.13200966572167,3.695472429833993,111.13200966572167,3.695472429833993,10,0.989,23
1018.95,GT-0022,37279.053792046216,-61358.89610673908,121.6306329151203,-202.54196014559923,111.8467916114382,4.116467228375853,111.8467916114382,4.116467228375853,111.8467916114382,4.116467228375853,10,0.988,24
1019.7,GT-0022,37479.03006733943,-61499.681005201914,122.74850783244372,-202.37275622172402,111.12690295977777,1.8671112565663375,111.12690295977777,1.8671112565663375,111.12690295977777,1.8671112565663375,10,0.992,24
1023.12,GT-0022,37898.56275682983,-62191.69992634867,122.74466557120995,-202.36634516574196,111.64070343698553,3.342862479591279,111.64070343698553,3.342862479591279,111.64070343698553,3.342862479591279,10,0.991,24
1024.15,GT-0022,38024.883264595665,-62400.098448130964,122.74690472968325,-202.3608186509202,112.00916255851857,3.6715299592701047,112.00916255851857,3.6715299592701047,112.00916255851857,3.6715299592701047,10,0.991,25
1026.74,GT-0022,38295.83275112623,-63034.966274714694,120.56923420365918,-200.9010763656434,111.97488056404256,1.816514395673625,111.97488056404256,1.816514395673625,111.97488056404256,1.816514395673625,10,0.993,25
1028.02,GT-0022,38450.104561202,-63292.08271135906,120.56882382961822,-200.90215847151228,112.1094352356511,2.486802219484857,112.1094352356511,2.486802219484857,112.1094352356511,2.486802219484857,10,0.989,25
1028.95,GT-0022,38562.219633915585,-63479.014125283065,120.56799460133885,-200.90797201922388,112.24527130060251,2.875438348374546,112.24527130060251,2.875438348374546,112.24527130060251,2.875438348374546,10,0.991,25
1030.72,GT-0022,38775.538153328045,-63834.66626639481,120.57395474660453,-200.90867435335156,112.68855621810651,3.498830174937673,112.68855621810651,3.498830174937673,112.68855621810651,3.498830174937673,10,0.991,25
1031.68,GT-0022,38891.26477669182,-64027.52193992427,120.57565330894181,-200.90838038852075,113.10064794506305,3.7966416752135816,113.10064794506305,3.7966416752135816,113.10064794506305,3.7966416752135816,10,0.984,25
1033.0,GT-0022,39050.5692284902,-64292.62864333853,120.57767651747491,-200.90139932436838,113.81395890801251,4.166451717211855,113.81395890801251,4.166451717211855,113.81395890801251,4.166451717211855,10,0.989,25
1033.23,GT-0022,39078.297782011636,-64338.83240150458,120.57965879017,-200.90127590032884,114.01222304945011,4.229654692633586,114.01222304945011,4.229654692633586,114.01222304945011,4.229654692633586,10,0.985,25
1035.75,GT-0022,39382.16044449361,-64845.107924016214,120.57923232826414,-200.90862298995557,116.19112359710374,4.848212566032132,116.19112359710374,4.848212566032132,116.19112359710374,4.848212566032132,10,0.989,25
1036.54,GT-0022,39477.46595632462,-65003.780280515166,120.58268672746743,-200.90248920698878,117.15933982865853,5.0297510223302,117.15933982865853,5.0297510223302,117.15933982865853,5.0297510223302,10,0.985,25
1038.3,GT-0022,39781.74520238763,-65485.32105747323,122.94100746556752,-198.14820451918942,113.42815528073699,1.5296405427005217,113.42815528073699,1.5296405427005217,113.42815528073699,1.5296405427005217,10,0.992,25
1039.81,GT-0022,39967.391882615804,-65784.53157318966,122.941273270382,-198.1486046364863,113.51926256435111,2.3964355192123805,113.51926256435111,2.3964355192123805,113.51926256435111,2.3964355192123805,10,0.984,25
1040.28,GT-0022,40025.11313276228,-65877.44778219098,122.94466591172616,-198.1467201816482,113.58186318155046,2.6078215463312673,113.58186318155046,2.6078215463312673,113.58186318155046,2.6078215463312673,10,0.989,25
1040.64,GT-0022,40063.28208410535,-65938.81069305609,122.70893507586305,-198.63134359231532,113.60630743741385,2.296111124145718,113.60630743741385,2.296111124145718,113.60630743741385,2.296111124145718,10,0.993,25
1042.94,GT-0022,40320.33711053826,-66380.43111176988,121.43983059305681,-200.21313726175913,113.81157394719094,2.312644697995964,113.81157394719094,2.312644697995964,113.81157394719094,2.312644697995964,10,0.993,25
1044.38,GT-0022,40495.205991707015,-66668.71618115745,121.4412436375226,-200.21255067531217,114.03993213035318,2.9318696106369067,114.03993213035318,2.9318696106369067,114.03993213035318,2.9318696106369067,10,0.986,25
1045.4,GT-0022,40604.68028874986,-66850.0271653091,122.07448397652277,-200.08337622147906,114.11023637313154,2.2599953584272137,114.11023637313154,2.2599953584272137,114.11023637313154,2.2599953584272137,10,0.992,25
1046.94,GT-0022,40792.82176794499,-67158.10106772478,122.07717683938219,-200.07770980288655,114.33536899842579,2.927601043992139,114.33536899842579,2.927601043992139,114.33536899842579,2.927601043992139,10,0.991,25
1048.18,GT-0022,40944.29925083015,-67406.08700519745,122.07416776081476,-200.06696019123743,114.64626764434185,3.369581629500602,114.64626764434185,3.369581629500602,114.64626764434185,3.369581629500602,10,0.991,25
1049.69,GT-0022,41128.6779823446,-67708.24668027091,122.07674237030724,-200.07276359006292,115.2256817968902,3.8387138751959986,115.2256817968902,3.8387138751959986,115.2256817968902,3.8387138751959986,10,0.99,25
1052.7,GT-0022,41496.022506736925,-68310.37855357713,122.0729918774991,-200.07008758787492,117.2570157489549,4.63297459703976,117.2570157489549,4.63297459703976,117.2570157489549,4.63297459703976,10,0.99,25
1052.82,GT-0022,41510.529413385004,-68334.49984901253,122.06395604776617,-200.06521698286485,117.39237528877864,4.657203451822386,117.39237528877864,4.657203451822386,117.39237528877864,4.657203451822386,10,0.99,25
1055.64,GT-0022,41838.75207276954,-68904.33426531185,121.43260458290209,-200.93887357113982,120.3141354592034,4.506445540151774,120.3141354592034,4.506445540151774,120.3141354592034,4.506445540151774,10,0.992,25
1058.26,GT-0022,42128.917345338334,-69373.63612460234,121.27684403195084,-199.67813133755837,115.92745259701536,1.529632971789877,115.92745259701536,1.529632971789877,115.92745259701536,1.529632971789877,10,0.993,25
1059.18,GT-0022,42240.42339398734,-69557.36829635303,121.27666753752378,-199.6791239286229,115.99377043565795,2.1009340117253354,115.99377043565795,2.1009340117253354,115.99377043565795,2.1009340117253354,10,0.986,25
1060.58,GT-0022,42410.18237851985,-69836.91241603304,121.27652189202489,-199.68833104897502,116.09613664596212,2.7490820633551123,116.09613664596212,2.7490820633551123,116.09613664596212,2.7490820633551123,10,0.991,25
1063.29,GT-0022,42738.89353831415,-70378.04155767456,121.2791568664992,-199.6892121848964,116.71492491045808,3.6959558278417,116.71492491045808,3.6959558278417,116.71492491045808,3.6959558278417,10,0.988,25
1063.32,GT-0022,42742.66392814755,-70384.03678065205,121.2842426160876,-199.68856888099756,116.75716865605088,3.703354881692995,116.75716865605088,3.703354881692995,116.75716865605088,3.703354881692995,10,0.99,25
1065.43,GT-0022,42998.5731939563,-70805.34759583513,121.2802475310098,-199.691622796252,117.82729219395733,4.297110982921981,117.82729219395733,4.297110982921981,117.82729219395733,4.297110982921981,10,0.988,26
1065.47,GT-0022,43003.53359589185,-70813.29090761578,121.28488507378191,-199.70544151377254,117.8648496854985,4.299889933682139,117.8648496854985,4.299889933682139,117.8648496854985,4.299889933682139,10,0.991,26
1067.46,GT-0022,43244.90065654693,-71210.67952692483,121.29098011035828,-199.70484993290864,119.45889130223726,4.781179469777173,119.45889130223726,4.781179469777173,119.45889130223726,4.781179469777173,10,0.992,26
1068.06,GT-0022,43317.68935651656,-71330.50173496561,121.28939087347334,-199.70865952705168,120.12880310884489,4.921904472481334,120.12880310884489,4.921904472481334,120.12880310884489,4.921904472481334,10,0.986,26
1069.63,GT-0022,43508.18760907611,-71644.02859271318,121.29482050948064,-199.6990550470381,122.08525578130056,5.260839838055556,122.08525578130056,5.260839838055556,122.08525578130056,5.260839838055556,10,0.989,26
1071.67,GT-0022,43755.67546474866,-72051.79903319331,121.29918970957385,-199.73701296786248,125.38095706933822,5.670191382197724,125.38095706933822,5.670191382197724,125.38095706933822,5.670191382197724,10,0.99,26
1073.52,GT-0022,43979.64046291572,-72425.44000775606,122.00697645398304,-199.78140596949117,128.65368371698494,5.363321820385227,128.65368371698494,5.363321820385227,128.65368371698494,5.363321820385227,10,0.99,26
1074.31,GT-0022,44095.877911519114,-72612.47368203741,120.75866226120988,-200.03418830892286,127.72423434674262,3.9499410912439146,127.72423434674262,3.9499410912439146,127.72423434674262,3.9499410912439146,10,0.992,26
1076.4,GT-0022,44556.37267586725,-73194.61581789114,124.90286710065074,-202.46477386155672,118.2833521424505,1.5296131394569457,118.2833521424505,1.5296131394569457,118.2833521424505,1.5296131394569457,10,0.993,26
1078.82,GT-0022,44858.609979078865,-73684.60642376817,124.90298036357515,-202.4611778600903,118.44016908005723,2.7912292495419306,118.44016908005723,2.7912292495419306,118.44016908005723,2.7912292495419306,10,0.988,26
1078.94,GT-0022,44873.57748795982,-73708.93852861962,124.90247807170448,-202.4609151210498,118.51081683400336,2.840514448465857,118.51081683400336,2.840514448465857,118.51081683400336,2.840514448465857,10,0.983,26
1081.38,GT-0022,45178.07409026252,-74202.84060706476,124.88922810762509,-202.45952542064893,119.0476289373223,3.677896056614092,119.0476289373223,3.677896056614092,119.0476289373223,3.677896056614092,10,0.99,27
1084.57,GT-0022,45576.345522760515,-74848.75314148972,124.88455314098022,-202.4576859787024,120.80156426567932,4.545845965335407,120.80156426567932,4.545845965335407,120.80156426567932,4.545845965335407,10,0.99,27
1087.97,GT-0022,46000.983291758974,-75537.09121779448,124.88267446988692,-202.45300918640464,124.51233447079008,5.313156806659695,124.51233447079008,5.313156806659695,124.51233447079008,5.313156806659695,10,0.99,27
1088.23,GT-0022,46033.39637302475,-75589.70608650082,124.87562487990277,-202.45452750313564,124.94505056348858,5.369449838057739,124.94505056348858,5.369449838057739,124.94505056348858,5.369449838057739,10,0.985,27
1088.24,GT-0022,46034.39483515052,-75591.65718858261,124.8613411806723,-202.45265617268888,125.00451940023338,5.37064168358067,125.00451940023338,5.37064168358067,125.00451940023338,5.37064168358067,10,0.986,28
1091.25,GT-0022,46408.69141364835,-76198.58195615798,124.31906345432253,-203.0956125170586,130.22495746195094,5.524153919472116,130.22495746195094,5.524153919472116,130.22495746195094,5.524153919472116,10,0.99,28
1091.6,GT-0022,46452.157670796034,-76269.66001284993,124.31414467159061,-203.0918683667038,130.93042891689063,5.596450207079704,130.93042891689063,5.596450207079704,130.93042891689063,5.596450207079704,10,0.985,28
1093.66,GT-0022,46690.931398497116,-76698.96566231555,123.17694069414472,-203.76217705577494,134.5565339524566,5.26552158165355,134.5565339524566,5.26552158165355,134.5565339524566,5.26552158165355,10,0.989,28
1095.97,GT-0022,46850.504663127904,-77413.61788267491,123.01063842264008,-201.68385161627788,120.90105078013283,1.529644021601023,120.90105078013283,1.529644021601023,120.90105078013283,1.529644021601023,10,0.993,28
1096.78,GT-0022,46950.14337259958,-77576.95845050472,123.00948677522213,-201.68274343621397,120.96377191665945,2.0410896320298475,120.96377191665945,2.0410896320298475,120.96377191665945,2.0410896320298475,10,0.987,28
1098.14,GT-0022,47117.33084739256,-77851.1614936844,123.00860524041597,-201.6830964022935,121.08463302971194,2.6890360758866927,121.08463302971194,2.6890360758866927,121.08463302971194,2.6890360758866927,10,0.987,28
1098.73,GT-0022,47189.82318872968,-77969.9195029744,123.00771387714911,-201.68970276545883,121.1792458947405,2.925185436933996,121.1792458947405,2.925185436933996,121.1792458947405,2.925185436933996,10,0.99,28
1101.36,GT-0022,47513.421997029924,-78500.15046811606,123.00273662749522,-201.67899221975406,121.82098041227624,3.7996330650954335,121.82098041227624,3.7996330650954335,121.82098041227624,3.7996330650954335,10,0.992,28
1102.3,GT-0022,47628.98945623141,-78689.42938213899,123.00603515151289,-201.67181592520876,122.25260044463681,4.065736758532022,122.25260044463681,4.065736758532022,122.25260044463681,4.065736758532022,10,0.991,28
1103.64,GT-0022,47793.81398936864,-78959.54549315953,122.99120699609946,-201.6503095147494,123.04333510425982,4.412575109530325,123.04333510425982,4.412575109530325,123.04333510425982,4.412575109530325,10,0.992,28
1106.14,GT-0022,48101.140925055624,-79463.38758045611,122.96911373284036,-201.63532026526354,125.28239110331853,5.003198387477853,125.28239110331853,5.003198387477853,125.28239110331853,5.003198387477853,10,0.991,28
1108.79,GT-0022,48395.03652800086,-79981.13717394292,121.70193414887086,-200.45293304820564,127.91734889454582,4.392523996371641,127.91734889454582,4.392523996371641,127.91734889454582,4.392523996371641,10,0.992,28
1108.82,GT-0022,48398.692190708214,-79987.01635079592,121.69631820836378,-200.4520150780915,127.99687726933776,4.40043488793953,127.99687726933776,4.40043488793953,127.99687726933776,4.40043488793953,10,0.988,28
1108.9,GT-0022,48408.45979326212,-80002.96070884766,121.70298405181353,-200.4539355367545,128.11305197362955,4.419551077919305,128.11305197362955,4.419551077919305,128.11305197362955,4.419551077919305,10,0.989,28
1111.44,GT-0022,48639.75064539981,-80460.28907269618,120.60324205174425,-202.1961327362814,123.02368391180167,1.5296308225277033,123.02368391180167,1.5296308225277033,123.02368391180167,1.5296308225277033,10,0.993,28
1113.96,GT-0022,48955.33982342789,-80965.76638872277,121.2288239498346,-202.48159888219894,123.13339731194775,2.608468941780449,123.13339731194775,2.608468941780449,123.13339731194775,2.608468941780449,10,0.993,28
1114.28,GT-0022,48994.09382077455,-81030.59497338078,121.22892700124632,-202.48251621643635,123.21841358574774,2.744119920272328,123.21841358574774,2.744119920272328,123.21841358574774,2.744119920272328,10,0.988,28
1116.07,GT-0022,49211.282102066165,-81393.1261170078,121.24476402314922,-202.48274850688233,123.54884072156902,3.3986026005395487,123.54884072156902,3.3986026005395487,123.54884072156902,3.3986026005395487,10,0.99,28
1118.19,GT-0022,49468.33318610345,-81822.23703088461,121.2516332340696,-202.4771212220242,124.32517301464837,4.037245742236934,124.32517301464837,4.037245742236934,124.32517301464837,4.037245742236934,10,0.99,28
1118.99,GT-0022,49565.28560483875,-81984.23404500267,121.25172044014802,-202.47588173771865,124.80655027080304,4.255891361202417,124.80655027080304,4.255891361202417,124.80655027080304,4.255891361202417,10,0.985,28
1120.43,GT-0022,49739.85651022807,-82275.7544912434,121.2387206175099,-202.473989810535,125.82994885276197,4.616243104142272,125.82994885276197,4.616243104142272,125.82994885276197,4.616243104142272,10,0.989,28
1123.42,GT-0022,50182.77807062682,-82955.90495012974,124.7935809514808,-199.8143271918181,124.70000850108171,1.529638013095037,124.70000850108171,1.529638013095037,124.70000850108171,1.529638013095037,10,0.993,28
1123.65,GT-0022,50211.50684653725,-83001.73513241863,124.7923086177833,-199.81426558148144,124.74364762073023,1.691009000779256,124.74364762073023,1.691009000779256,124.74364762073023,1.691009000779256,10,0.99,28
1126.6,GT-0022,50563.27316973574,-83553.79383729823,125.1678119127885,-201.73972322396116,124.91442489795818,2.5193289772579606,124.91442489795818,2.5193289772579606,124.91442489795818,2.5193289772579606,10,0.993,28
1127.31,GT-0022,50652.12122378099,-83696.97210076677,125.1674054705747,-201.73995580232423,125.04428799345777,2.8197256028001454,125.04428799345777,2.8197256028001454,125.04428799345777,2.8197256028001454,10,0.987,28
1129.74,GT-0022,50811.757588625565,-84242.32972382168,122.3915289173563,-202.04524435768437,125.32718912384266,2.340388715852013,125.32718912384266,2.340388715852013,125.32718912384266,2.340388715852013,10,0.992,28
1132.42,GT-0022,51143.07452353577,-84741.4616946954,121.42124580960008,-203.47077041596094,125.64662208140646,2.412845253016395,125.64662208140646,2.412845253016395,125.64662208140646,2.412845253016395,10,0.993,28
1133.6,GT-0022,51286.351130926385,-84981.56030450975,121.4220323247554,-203.47046402472063,125.86367246389175,2.9126379011200814,125.86367246389175,2.9126379011200814,125.86367246389175,2.9126379011200814,10,0.988,28
1134.21,GT-0022,51360.58839437943,-85105.52371817533,121.42215234391139,-203.45998160276866,125.9990765785899,3.137189161350792,125.9990765785899,3.137189161350792,125.9990765785899,3.137189161350792,10,0.991,28
1136.68,GT-0022,51660.41362150171,-85608.07064525776,121.42589174759338,-203.45576375352573,126.82663930286024,3.918744187825235,126.82663930286024,3.918744187825235,126.82663930286024,3.918744187825235,10,0.992,28
1138.35,GT-0022,51863.15863350273,-85947.78278440572,121.41985950420138,-203.4588881853872,127.81212414273328,4.37078204216288,127.81212414273328,4.37078204216288,127.81212414273328,4.37078204216288,10,0.99,28
1139.07,GT-0022,51950.55023170419,-86094.32839288148,121.41823705132111,-203.46264634005286,128.39675450278588,4.553374515934822,128.39675450278588,4.553374515934822,128.39675450278588,4.553374515934822,10,0.986,29
1139.65,GT-0022,52021.127742218305,-86212.10669211371,121.41170155714698,-203.46367786954022,128.8853539356834,4.684092659856995,128.8853539356834,4.684092659856995,128.8853539356834,4.684092659856995,10,0.991,29
1142.27,GT-0022,52339.36792362726,-86744.91948167015,121.41890804962657,-203.44542428283535,131.80215616720324,5.268204171417291,131.80215616720324,5.268204171417291,131.80215616720324,5.268204171417291,10,0.991,29
1143.77,GT-0022,52521.55102840843,-87050.04750452997,121.41353629480216,-203.4485769669203,134.09559793856204,5.57809198198006,134.09559793856204,5.57809198198006,134.09559793856204,5.57809198198006,10,0.988,29
1144.32,GT-0022,52588.655897703175,-87161.79497752713,121.43003418729904,-203.4161466930209,135.0383881122685,5.677725436064472,135.0383881122685,5.677725436064472,135.0383881122685,5.677725436064472,10,0.99,29
1146.53,GT-0022,52886.3811985358,-87582.68238545186,121.3378989596703,-200.97223101138223,135.6567800185468,3.998538570699828,135.6567800185468,3.998538570699828,135.6567800185468,3.998538570699828,10,0.992,29
1149.56,GT-0022,53418.553629267335,-88034.72951195181,121.4537065626052,-201.93117839253327,104.12289726323584,0.8747635162277863,104.12289726323584,0.8747635162277863,104.12289726323584,0.8747635162277863,11,0.996,29
1149.88,GT-0022,53457.43431411597,-88099.20057086369,121.45279348855517,-201.93215739137418,104.13427341605582,1.2189159996416983,104.13427341605582,1.2189159996416983,104.13427341605582,1.2189159996416983,11,0.994,29
1151.12,GT-0022,53608.04148785261,-88349.60373674086,121.45294171228579,-201.93304207520683,104.2066770823925,2.068764709743748,104.2066770823925,2.068764709743748,104.2066770823925,2.068764709743748,11,0.987,29
1152.02,GT-0022,53680.89417191548,-88569.04854844365,121.66119377065506,-202.60076207483016,98.75438502512537,0.661497756708801,98.75438502512537,0.661497756708801,98.75438502512537,0.661497756708801,11,0.996,29
1154.87,GT-0022,54027.6362145911,-89146.47832251605,121.66272151118653,-202.59709190544476,98.87455881083329,2.6147266991397173,98.87455881083329,2.6147266991397173,98.87455881083329,2.6147266991397173,11,0.994,29
1155.26,GT-0022,54074.978920604975,-89225.60084458564,121.65763851926323,-202.60212440369656,98.92544543527946,2.7648456107979804,98.92544543527946,2.7648456107979804,98.92544543527946,2.7648456107979804,11,0.996,29
1156.47,GT-0022,54221.92659370483,-89468.75930185444,121.70839166650745,-202.57011259837503,99.14966712559,3.077516496921992,99.14966712559,3.077516496921992,99.14966712559,3.077516496921992,11,0.995,29
1158.23,GT-0022,54430.6365803087,-89826.71320308962,121.48873008870345,-202.76001911643908,99.2640100208573,1.6351906324772323,99.2640100208573,1.6351906324772323,99.2640100208573,1.6351906324772323,11,0.997,29
1160.35,GT-0022,54688.2369488403,-90256.64297937271,121.4871988567115,-202.75722066944058,99.5256930170896,2.7220896994782597,99.5256930170896,2.7220896994782597,99.5256930170896,2.7220896994782597,11,0.995,29
1161.24,GT-0022,54796.39029493147,-90437.17777621558,121.48883190756816,-202.7530850923869,99.74192512347761,3.0659295693242625,99.74192512347761,3.0659295693242625,99.74192512347761,3.0659295693242625,11,0.993,29
1161.87,GT-0022,54872.89884141806,-90564.89804622567,121.49076937480115,-202.7509943507431,99.96796678581602,3.2901704603398887,99.96796678581602,3.2901704603398887,99.96796678581602,3.2901704603398887,11,0.987,29
1162.17,GT-0022,54911.25751736034,-90626.63395528511,122.34055690306971,-202.89863325770833,99.77144986695086,1.7587458775949534,99.77144986695086,1.7587458775949534,99.77144986695086,1.7587458775949534,11,0.997,29
1164.77,GT-0022,55231.06891805166,-91163.53465340649,121.7028617304951,-203.0361561334364,100.04950967303813,1.925598544314036,100.04950967303813,1.925598544314036,100.04950967303813,1.925598544314036,11,0.997,29
1167.08,GT-0022,55512.190034344596,-91632.62149606949,121.69661280753263,-203.04001161092063,100.42140867334257,2.979981768607175,100.42140867334257,2.979981768607175,100.42140867334257,2.979981768607175,11,0.994,29
1167.56,GT-0022,55570.72721747647,-91730.14634455969,121.71275348732091,-203.04445061522992,100.54655029369145,3.137058951457621,100.54655029369145,3.137058951457621,100.54655029369145,3.137058951457621,11,0.996,29
1169.93,GT-0022,55862.59780352936,-92218.96550068728,122.12077483812749,-202.97364089088876,101.28228611566986,2.8389425511954136,101.28228611566986,2.8389425511954136,101.28228611566986,2.8389425511954136,11,0.996,29
1172.62,GT-0022,56192.728973222314,-92770.1100373318,122.50059944590977,-202.9279527356452,102.11325321529002,2.6913597628624917,102.11325321529002,2.6913597628624917,102.11325321529002,2.6913597628624917,11,0.996,29
1173.0,GT-0022,56239.238236069024,-92847.11310319536,122.50097682177258,-202.92736049996688,102.27182480147322,2.8466716018638283,102.27182480147322,2.8466716018638283,102.27182480147322,2.8466716018638283,11,0.99,29
1173.51,GT-0022,56301.821763129745,-92950.71068655927,122.5040382544977,-202.931523110483,102.45230753904796,3.0370227717516105,102.45230753904796,3.0370227717516105,102.45230753904796,3.0370227717516105,11,0.993,29
1174.77,GT-0022,56504.58623125758,-93199.1011960985,122.57475855911616,-202.4614140749673,102.29365341260153,1.5368811956045683,102.29365341260153,1.5368811956045683,102.29365341260153,1.5368811956045683,11,0.997,29
1177.21,GT-0022,56809.71039770629,-93693.7107111588,122.3994124349492,-202.70135605540838,102.53580810112385,1.910614144149031,102.53580810112385,1.910614144149031,102.53580810112385,1.910614144149031,11,0.997,29
1177.66,GT-0022,56864.569256401795,-93784.804577517,122.3956777036225,-202.7054512883275,102.5802827897673,2.156685822474485,102.5802827897673,2.156685822474485,102.5802827897673,2.156685822474485,11,0.995,29
1179.9,GT-0022,57138.6759235286,-94238.89636279018,122.39521941550782,-202.69617832129572,102.97209576670907,3.094950154653718,102.97209576670907,3.094950154653718,102.97209576670907,3.094950154653718,11,0.996,29
1182.83,GT-0022,57498.40587212294,-94831.67378780959,121.56565816662538,-203.30682369664493,103.35806049450514,1.7256190038381178,103.35806049450514,1.7256190038381178,103.35806049450514,1.7256190038381178,11,0.997,29
1183.1,GT-0022,57531.24817155658,-94886.54082985672,121.56681711721654,-203.30595405914272,103.43274724685939,1.8942748913601974,103.43274724685939,1.8942748913601974,103.43274724685939,1.8942748913601974,11,0.99,29
1185.5,GT-0022,57826.97617976263,-95380.40656328063,121.7689519266901,-203.29923708292475,103.72384466316916,1.979013813335253,103.72384466316916,1.979013813335253,103.72384466316916,1.979013813335253,11,0.997,29
1186.34,GT-0022,57929.10255395275,-95551.19105520655,121.77087893540983,-203.29750620522367,103.82718322499038,2.4056208246709976,103.82718322499038,2.4056208246709976,103.82718322499038,2.4056208246709976,11,0.995,30
1188.05,GT-0022,58137.292729587905,-95898.90637957356,121.78803173569185,-203.30481673277066,104.1711602528176,3.0859834155286654,104.1711602528176,3.0859834155286654,104.1711602528176,3.0859834155286654,11,0.996,30
1190.99,GT-0022,58498.085403418925,-96505.74171903175,122.29474568226838,-202.8712058560392,105.08217420539599,2.7943915954747864,105.08217420539599,2.7943915954747864,105.08217420539599,2.7943915954747864,11,0.996,30
1192.95,GT-0022,58737.63929861654,-96903.41837313707,122.28384675846686,-202.84752165873942,105.81530911934546,3.4812664958491726,105.81530911934546,3.4812664958491726,105.81530911934546,3.4812664958491726,10,0.995,30
1193.65,GT-0022,58823.09879134719,-97045.42231055809,122.28031030388249,-202.85005580003144,106.20284700877696,3.6988521176197136,106.20284700877696,3.6988521176197136,106.20284700877696,3.6988521176197136,10,0.992,30
1194.89,GT-0022,58975.22122068746,-97296.60016335166,122.07067797403698,-202.8568955123589,106.88541545126029,3.531566100527523,106.88541545126029,3.531566100527523,106.88541545126029,3.531566100527523,10,0.994,30
1197.22,GT-0022,59273.09778774957,-97822.301459014,124.30457428363843,-203.7749147567722,106.650373854993,1.6849125771492246,106.650373854993,1.6849125771492246,106.650373854993,1.6849125771492246,10,0.995,30
1197.74,GT-0022,59337.75857035584,-97928.36873711595,124.30123329441412,-203.76855603989168,106.70106162422711,1.9979688350719933,106.70106162422711,1.9979688350719933,106.70106162422711,1.9979688350719933,10,0.996,30
1198.11,GT-0022,59383.81747786202,-98003.7409565097,124.30097020173216,-203.76969170391587,106.78681523376856,2.1973078055282302,106.78681523376856,2.1973078055282302,106.78681523376856,2.1973078055282302,10,0.99,30
1200.68,GT-0022,59703.22530119197,-98527.24113288007,124.28629577444602,-203.74598912980485,107.28942081844863,3.2460839126073147,107.28942081844863,3.2460839126073147,107.28942081844863,3.2460839126073147,10,0.994,30
1201.32,GT-0022,59782.68419273249,-98657.76551408273,124.27161557465429,-203.7339604040614,107.50789300770248,3.453619248007655,107.50789300770248,3.453619248007655,107.50789300770248,3.453619248007655,10,0.994,30
1203.42,GT-0022,60054.07063261416,-99104.10891422354,123.15362656000416,-202.76689254181122,107.57985101395256,1.6480393375956885,107.57985101395256,1.6480393375956885,107.57985101395256,1.6480393375956885,10,0.997,30
1205.75,GT-0022,60340.866161720616,-99576.59449195703,123.15103171802917,-202.76409020831272,107.9042991476553,2.8078218885625064,107.9042991476553,2.8078218885625064,107.9042991476553,2.8078218885625064,10,0.996,30
1205.88,GT-0022,60356.83755836746,-99602.95940943711,123.15039451592912,-202.76414156280669,107.95569741727736,2.8579924966460015,107.95569741727736,2.8579924966460015,107.95569741727736,2.8579924966460015,10,0.993,30
1207.4,GT-0022,60544.04429297061,-99911.15065556015,123.15060407854114,-202.7654002271509,108.4269097772611,3.4053240475642736,108.4269097772611,3.4053240475642736,108.4269097772611,3.4053240475642736,10,0.987,30
1210.26,GT-0022,60895.8966747074,-100483.99760705758,122.41514493660733,-203.19085049108713,108.71287886486736,1.6579126132726982,108.71287886486736,1.6579126132726982,108.71287886486736,1.6579126132726982,10,0.997,31
1211.25,GT-0022,61016.947242571056,-100685.1858654281,122.41635326010812,-203.19297911219337,108.84976815478183,2.230488065604198,108.84976815478183,2.230488065604198,108.84976815478183,2.230488065604198,10,0.993,31
1212.45,GT-0022,61163.67209499375,-100929.13972838449,122.41957805203613,-203.19586801988595,109.05818664346157,2.7638040771467676,109.05818664346157,2.7638040771467676,109.05818664346157,2.7638040771467676,10,0.995,31
1214.85,GT-0022,61457.38899090534,-101416.92869938778,122.42294669595236,-203.1889871212108,109.79137272814337,3.5950888440890316,109.79137272814337,3.5950888440890316,109.79137272814337,3.5950888440890316,10,0.995,31
1215.5,GT-0022,61536.91378198323,-101548.90995052448,122.42317633584503,-203.17872288632555,110.11191629047389,3.7882255322247333,110.11191629047389,3.7882255322247333,110.11191629047389,3.7882255322247333,10,0.993,31
1216.96,GT-0022,61715.380262184735,-101847.0959767004,122.68148936822524,-203.23844685447074,110.89199316602975,3.6457101421011977,110.89199316602975,3.6457101421011977,110.89199316602975,3.6457101421011977,10,0.995,31
1217.94,GT-0022,61835.59927813318,-102046.2458914907,122.68607218070454,-203.23765800991174,111.51511397328191,3.938041004856988,111.51511397328191,3.938041004856988,111.51511397328191,3.938041004856988,10,0.987,31
1220.01,GT-0022,62087.52119475928,-102468.5473459209,122.22151078725372,-203.1941499571584,112.58058492976542,3.316375938460953,112.58058492976542,3.316375938460953,112.58058492976542,3.316375938460953,10,0.994,31
1221.56,GT-0022,62297.14542834357,-102784.30710723132,122.8112653690837,-203.7406647590737,111.9249115196245,1.1522298754093314,111.9249115196245,1.1522298754093314,111.9249115196245,1.1522298754093314,10,0.997,31
1225.47,GT-0022,62777.25794938527,-103580.8945840542,122.8081554905118,-203.7415525694046,112.42722540231078,3.1823034026952235,112.42722540231078,3.1823034026952235,112.42722540231078,3.1823034026952235,10,0.991,32
1225.81,GT-0022,62817.91768975414,-103647.83694580963,122.27652410090667,-203.5377364323909,112.30707209046173,1.748727227834618,112.30707209046173,1.748727227834618,112.30707209046173,1.748727227834618,10,0.997,33
1227.65,GT-0022,63045.74644620663,-104031.87955169196,122.44881761279993,-203.8938723624233,112.46340484818859,1.9571473323023068,112.46340484818859,1.9571473323023068,112.46340484818859,1.9571473323023068,10,0.997,33
1229.75,GT-0022,63302.82082438868,-104460.31201384381,122.45018467643938,-203.89185470335607,112.74118872240409,2.9210556759151864,112.74118872240409,2.9210556759151864,112.74118872240409,2.9210556759151864,10,0.994,33
1230.08,GT-0022,63343.23968328728,-104527.60672338377,122.45001664048756,-203.89670767191834,112.8579425472607,3.046379257090645,112.8579425472607,3.046379257090645,112.8579425472607,3.046379257090645,10,0.989,33
1230.2,GT-0022,63357.87990776867,-104551.8741825424,122.45871239965767,-203.88430903366972,112.88643292032761,3.072658124132845,112.88643292032761,3.072658124132845,112.88643292032761,3.072658124132845,10,0.995,33
1235.02,GT-0022,63947.295801455104,-105543.26755999577,121.61636921896265,-203.33489110983567,113.67567305251322,1.5895081582711692,113.67567305251322,1.5895081582711692,113.67567305251322,1.5895081582711692,10,0.997,34
1236.23,GT-0022,64094.38619887208,-105789.11802498001,121.61603950084941,-203.33824600341245,113.8310217981784,2.29074806393424,113.8310217981784,2.29074806393424,113.8310217981784,2.29074806393424,10,0.993,34
1237.57,GT-0022,64257.380114014224,-106061.76314145912,121.60557562671566,-203.35243676540543,114.05852276132687,2.8603778531418764,114.05852276132687,2.8603778531418764,114.05852276132687,2.8603778531418764,10,0.996,34
1240.28,GT-0022,64586.910791041635,-106612.90547769742,121.60555656166508,-203.3548053770179,115.00057014685012,3.779977815385082,115.00057014685012,3.779977815385082,115.00057014685012,3.779977815385082,10,0.988,34
1241.12,GT-0022,64692.342735676335,-106788.1561837787,122.34548405744692,-203.93581995980625,115.09235042391278,2.7658989894598265,115.09235042391278,2.7658989894598265,115.09235042391278,2.7658989894598265,10,0.995,34
1241.13,GT-0022,64693.51939918453,-106790.2014506387,122.34405839547658,-203.9331553196482,115.12961994885735,2.7698562911066844,115.12961994885735,2.7698562911066844,115.12961994885735,2.7698562911066844,10,0.992,34
1244.36,GT-0022,65083.92634859905,-107446.00976981895,122.64306989367229,-203.4524757322635,116.042577036138,2.6457414659649845,116.042577036138,2.6457414659649845,116.042577036138,2.6457414659649845,10,0.996,34
1246.45,GT-0022,65340.090089312434,-107871.24513215496,122.63699869033948,-203.47021280432696,116.73730682058488,3.407599311863248,116.73730682058488,3.407599311863248,116.73730682058488,3.407599311863248,10,0.995,34
1247.97,GT-0022,65526.45331534465,-108180.36734466592,122.64059875481377,-203.4693807954004,117.53417553138857,3.874916546926058,117.53417553138857,3.874916546926058,117.53417553138857,3.874916546926058,10,0.992,34
1248.43,GT-0022,65582.93667352028,-108273.96881950066,122.64854440920209,-203.471375053806,117.85882136258591,4.005656689008882,117.85882136258591,4.005656689008882,117.85882136258591,4.005656689008882,10,0.989,34
1249.56,GT-0022,65722.6843579743,-108517.36531666726,122.77736572085269,-204.60563981735547,118.35330696113563,3.3965655619698585,118.35330696113563,3.3965655619698585,118.35330696113563,3.3965655619698585,10,0.994,34
1252.56,GT-0022,66087.32683144425,-109147.33436178204,122.29134756899427,-205.47845353931083,119.83376390606331,3.2391584703601874,119.83376390606331,3.2391584703601874,119.83376390606331,3.2391584703601874,10,0.995,34
1254.0,GT-0022,65972.14081118364,-109269.73215880441,121.57007456555702,-204.4364411373789,115.38781921928985,1.156729164795633,115.38781921928985,1.156729164795633,115.38781921928985,1.156729164795633,10,0.995,34
1255.07,GT-0022,66102.35798203913,-109488.98924387326,121.5677020300791,-204.44385800286796,115.40589713154742,1.9315503373508576,115.40589713154742,1.9315503373508576,115.40589713154742,1.9315503373508576,10,0.996,34
1255.64,GT-0022,66171.62613829851,-109605.49210904588,121.56713063452396,-204.4442997513618,115.4803232813172,2.2401018121798772,115.4803232813172,2.2401018121798772,115.4803232813172,2.2401018121798772,10,0.987,34
1257.95,GT-0022,66451.65308900538,-110081.12485081042,121.79223442879389,-204.41673296294874,115.73394246815263,2.776007203402264,115.73394246815263,2.776007203402264,115.73394246815263,2.776007203402264,10,0.997,34
1258.92,GT-0022,66569.84875044209,-110279.4450927992,121.79332670720902,-204.41543820495014,115.94546467672575,3.1440236697327646,115.94546467672575,3.1440236697327646,115.94546467672575,3.1440236697327646,10,0.992,34
1260.39,GT-0022,66748.97482808944,-110580.26484787105,121.78206083427281,-204.43545792150584,116.37782711458023,3.616024203311653,116.37782711458023,3.616024203311653,116.37782711458023,3.616024203311653,10,0.994,34
1262.55,GT-0022,67012.1173595317,-111021.85308104531,121.77885705493242,-204.43917115364764,117.47976393398251,4.231817483408528,117.47976393398251,4.231817483408528,117.47976393398251,4.231817483408528,10,0.991,34
1263.15,GT-0022,67101.11539916818,-111173.98703658272,122.07695987926084,-204.73283775372968,116.86332389275077,2.0762911203093037,116.86332389275077,2.0762911203093037,116.86332389275077,2.0762911203093037,10,0.997,34
1266.15,GT-0022,67467.46614249186,-111788.48708824906,122.06443251023049,-204.73774785605207,117.5815382867735,3.31369003897364,117.5815382867735,3.31369003897364,117.5815382867735,3.31369003897364,10,0.995,34
1267.28,GT-0022,67605.4547460213,-112019.91055548821,122.05872757770658,-204.73539550894705,118.07847361518134,3.677209964474773,118.07847361518134,3.677209964474773,118.07847361518134,3.677209964474773,10,0.99,34
1268.46,GT-0022,67759.57772297192,-112271.26432798133,121.1167332941362,-204.85861968630564,118.36169153168096,2.8602357991729077,118.36169153168096,2.8602357991729077,118.36169153168096,2.8602357991729077,10,0.996,34
1269.17,GT-0022,67845.595644095,-112416.72793883226,121.11541272256956,-204.85796265356424,118.64340883698108,3.1282183637688425,118.64340883698108,3.1282183637688425,118.64340883698108,3.1282183637688425,10,0.988,35
1270.73,GT-0022,68034.60857099039,-112736.39110206015,121.11291589859786,-204.85844862661077,119.33967923336824,3.646208092086655,119.33967923336824,3.646208092086655,119.33967923336824,3.646208092086655,10,0.989,35
1271.05,GT-0022,68091.22692649686,-112808.74408059631,122.2612476204896,-204.82960351944374,119.25836867924355,2.801120294033278,119.25836867924355,2.801120294033278,119.25836867924355,2.801120294033278,10,0.995,35
1273.8,GT-0022,68427.756022959,-113373.04092731643,122.19479385488722,-204.87586922410765,120.35623500844642,3.675511980623925,120.35623500844642,3.675511980623925,120.35623500844642,3.675511980623925,10,0.995,35
1274.74,GT-0022,68619.96047346655,-113488.99208587447,121.14483920004407,-205.829524046422,118.62023671028325,1.156736313966365,118.62023671028325,1.156736313966365,118.62023671028325,1.156736313966365,10,0.995,35
1276.29,GT-0022,68807.65734772524,-113808.28616993052,121.15677352369136,-205.81262278106553,118.64947545219597,2.1857028492874035,118.64947545219597,2.1857028492874035,118.64947545219597,2.1857028492874035,10,0.997,35
1278.78,GT-0022,69109.40497385208,-114320.97011163228,121.17388597923645,-205.78823042484805,118.92726026950753,3.2015735337305813,118.92726026950753,3.2015735337305813,118.92726026950753,3.2015735337305813,10,0.996,35
1278.91,GT-0022,69125.22143972926,-114347.76139901584,121.17311725450766,-205.79035719653967,118.99638087029875,3.2461558323913873,118.99638087029875,3.2461558323913873,118.99638087029875,3.2461558323913873,10,0.992,35
1281.36,GT-0022,69418.33995270648,-114855.87650063311,121.4018807627406,-204.79635879812145,119.4697766971065,2.4312665470123895,119.4697766971065,2.4312665470123895,119.4697766971065,2.4312665470123895,10,0.997,35
1281.91,GT-0022,69485.00490638713,-114968.61298994436,121.39549021286358,-204.79800193839156,119.59449999745321,2.672667850899629,119.59449999745321,2.672667850899629,119.59449999745321,2.672667850899629,10,0.993,35
1283.65,GT-0022,69701.83367375428,-115338.46470606558,121.37445210851558,-204.19990171003096,119.91560117195085,2.418856652735833,119.91560117195085,2.418856652735833,119.91560117195085,2.418856652735833,10,0.997,35
1286.28,GT-0022,70024.84031574051,-115877.55237088466,121.52665480330826,-204.28137340192745,120.57449911241447,3.191056870786491,120.57449911241447,3.191056870786491,120.57449911241447,3.191056870786491,10,0.996,35
1288.0,GT-0022,70233.65457892136,-116228.85552937823,121.51469567633404,-204.27209356946952,121.26471545500962,3.744105975156457,121.26471545500962,3.744105975156457,121.26471545500962,3.744105975156457,10,0.993,35
1288.84,GT-0022,70338.05221941094,-116400.78658450655,121.60740768175236,-204.19092993250644,121.70224125869802,3.8232314745204894,121.70224125869802,3.8232314745204894,121.70224125869802,3.8232314745204894,10,0.995,35
1291.68,GT-0022,70676.20504140818,-116996.64814938417,121.13068994303526,-203.94294522045635,123.24424647261894,3.4743588575548534,123.24424647261894,3.4743588575548534,123.24424647261894,3.4743588575548534,10,0.995,35
1292.55,GT-0022,70781.54331375516,-117174.19714474225,121.13117710719376,-203.93842638826675,123.74821922718381,3.7408833011039593,123.74821922718381,3.7408833011039593,123.74821922718381,3.7408833011039593,10,0.993,35
1294.39,GT-0022,70994.77662057374,-117563.33855084989,120.05449900239192,-203.60548220622474,123.9994946225803,2.5428279481724467,123.9994946225803,2.5428279481724467,123.9994946225803,2.5428279481724467,10,0.996,35
1296.28,GT-0022,71221.70179241526,-117948.15645253989,120.06046698961742,-203.60332451862283,124.69054982989154,3.274743840492462,124.69054982989154,3.274743840492462,124.69054982989154,3.274743840492462,10,0.99,36
1296.81,GT-0022,71285.01800250559,-118055.4775981088,119.34860169744505,-203.38446762229128,124.75093972930328,2.7141522682655963,124.75093972930328,2.7141522682655963,124.75093972930328,2.7141522682655963,10,0.995,36
1296.96,GT-0022,71302.87872900383,-118086.17519653047,119.35544842901493,-203.38785302970044,124.82704539603931,2.775515402405267,124.82704539603931,2.775515402405267,124.82704539603931,2.775515402405267,10,0.992,36
1300.01,GT-0022,71668.07063464128,-118711.38746210949,120.05453046350121,-203.1202077668583,125.709342310426,2.711808407687648,125.709342310426,2.711808407687648,125.709342310426,2.711808407687648,10,0.996,36
1301.86,GT-0022,71890.1087113471,-119087.11262414748,120.05175253450173,-203.1199795343149,126.357945211443,3.393710370340035,126.357945211443,3.393710370340035,126.357945211443,3.393710370340035,10,0.991,36
1302.53,GT-0022,71970.49102037509,-119223.38732924665,120.02123548706552,-203.11158611514807,126.64833027726309,3.593193590844058,126.64833027726309,3.593193590844058,126.64833027726309,3.593193590844058,10,0.994,36
1305.45,GT-0022,72322.68256251229,-119851.3468253941,118.7106057632041,-201.95556009008743,127.40883386305784,2.521559491373424,127.40883386305784,2.521559491373424,127.40883386305784,2.521559491373424,10,0.996,36
1307.65,GT-0022,72583.84580459847,-120304.26723918178,118.93966304744134,-201.88915660384873,127.98025972339013,2.679633475759941,127.98025972339013,2.679633475759941,127.98025972339013,2.679633475759941,10,0.996,36
1307.96,GT-0022,72620.5999271965,-120366.82792208495,118.93633352435752,-201.8912161122734,128.06564105779853,2.803415533066468,128.06564105779853,2.803415533066468,128.06564105779853,2.803415533066468,10,0.994,36
1310.69,GT-0022,72967.27309142068,-120927.76444069488,118.03519497858228,-200.7145253821121,128.33707857717812,1.7224453447036034,128.33707857717812,1.7224453447036034,128.33707857717812,1.7224453447036034,10,0.997,36
1311.16,GT-0022,73022.73443953326,-121022.08885562471,118.03516633258045,-200.71440764852358,128.4415266573596,2.0069739704315928,128.4415266573596,2.0069739704315928,128.4415266573596,2.0069739704315928,10,0.989,37
1312.93,GT-0022,73249.6729934079,-121371.18839254958,118.33556363334134,-200.09940420987525,128.62975242875274,2.054926604282129,128.62975242875274,2.054926604282129,128.62975242875274,2.054926604282129,10,0.997,37
1313.67,GT-0022,73337.30196517339,-121519.28338889248,118.3320541729741,-200.09707553224138,128.7549276256002,2.4271080568445096,128.7549276256002,2.4271080568445096,128.7549276256002,2.4271080568445096,10,0.991,37
1315.44,GT-0022,73546.88024437791,-121873.4994538499,118.35159132280245,-200.1092338388563,129.0691653374287,3.132138418897554,129.0691653374287,3.132138418897554,129.0691653374287,3.132138418897554,10,0.994,37
1317.97,GT-0022,73846.06556320116,-122380.24322120377,118.33980608601837,-200.11771272506772,129.93688033230436,3.9110600031951734,129.93688033230436,3.9110600031951734,129.93688033230436,3.9110600031951734,10,0.995,37
1317.98,GT-0022,73937.03316240157,-122629.35231006081,118.62641812626859,-198.99468498168844,125.51334615692505,1.1567358529234606,125.51334615692505,1.1567358529234606,125.51334615692505,1.1567358529234606,10,0.995,37
1320.16,GT-0022,74195.55417780051,-123062.98779583964,118.61887465435986,-199.0028008615244,125.5841271864903,2.4940069019557733,125.5841271864903,2.4940069019557733,125.5841271864903,2.4940069019557733,10,0.995,37
1322.62,GT-0022,74487.327001913,-123552.54598361836,118.6348798543013,-199.0032034466925,125.94372107084021,3.4040329454926646,125.94372107084021,3.4040329454926646,125.94372107084021,3.4040329454926646,10,0.996,37
1325.46,GT-0022,74824.11324710194,-124117.73772113063,118.50587250734546,-199.10108303995702,127.05147051543403,4.115907363027482,127.05147051543403,4.115907363027482,127.05147051543403,4.115907363027482,10,0.995,37
1328.17,GT-0022,75150.37785600444,-124655.26501737445,119.42028643830605,-200.53136930499124,128.53528431343526,3.6267314356801443,128.53528431343526,3.6267314356801443,128.53528431343526,3.6267314356801443,10,0.995,37
1329.23,GT-0022,75274.34904655084,-124865.69374263013,119.31185924310728,-200.5415179091313,129.1437527128986,3.836571684076533,129.1437527128986,3.836571684076533,129.1437527128986,3.836571684076533,10,0.994,38
1329.38,GT-0022,75292.20856590089,-124895.72898012023,119.31175672494496,-200.54239073404182,129.29531132701524,3.881816163427324,129.29531132701524,3.881816163427324,129.29531132701524,3.881816163427324,10,0.987,39
1331.19,GT-0022,75487.72194439547,-125235.7248095478,118.62233346271431,-199.37542613803004,129.57081763951362,2.653994910488879,129.57081763951362,2.653994910488879,129.57081763951362,2.653994910488879,10,0.995,39
1333.43,GT-0022,75727.93850749035,-125662.07909754578,118.03725641795724,-199.81731548070476,129.92030192036444,2.1028154586496575,129.92030192036444,2.1028154586496575,129.92030192036444,2.1028154586496575,10,0.997,39
1334.01,GT-0022,75796.41437123956,-125777.63688827239,118.036882790725,-199.81639519358293,130.04073877382643,2.3925933595320212,130.04073877382643,2.3925933595320212,130.04073877382643,2.3925933595320212,10,0.993,39
1335.78,GT-0022,76001.03556726204,-126131.76358464439,117.50905499680213,-200.13091785544523,130.341395538671,2.3461909338082365,130.341395538671,2.3461909338082365,130.341395538671,2.3461909338082365,10,0.997,39
1337.93,GT-0022,76253.6023430975,-126561.7329955906,117.51283933368641,-200.11700049680422,130.80225306753803,3.1958288002493442,130.80225306753803,3.1958288002493442,130.80225306753803,3.1958288002493442,10,0.996,39
1338.3,GT-0022,76296.80403256117,-126635.7331366593,117.51804811645673,-200.10528873307265,130.91904536670083,3.317303363492838,130.91904536670083,3.317303363492838,130.91904536670083,3.317303363492838,10,0.994,39
1341.07,GT-0022,76620.72658829334,-127187.8908292002,117.52644484617102,-199.89704430320256,132.11799298760738,3.783403643584091,132.11799298760738,3.783403643584091,132.11799298760738,3.783403643584091,10,0.995,39
1343.12,GT-0022,76861.75840136348,-127597.6143671941,117.5399572264086,-199.89752515274597,133.40720605330677,4.346844947139509,133.40720605330677,4.346844947139509,133.40720605330677,4.346844947139509,10,0.991,39
1345.44,GT-0022,77126.81964982458,-128020.61237360771,116.1936373386616,-198.539626135202,132.92302470993985,1.8487687095323118,132.92302470993985,1.8487687095323118,132.92302470993985,1.8487687095323118,10,0.997,40
1347.23,GT-0022,77334.68281840633,-128375.91296212329,116.1975763422722,-198.54861847748649,133.25631820031418,2.727502203772619,133.25631820031418,2.727502203772619,133.25631820031418,2.727502203772619,10,0.993,40
1347.5,GT-0022,77366.24917310705,-128429.59547466232,116.20578265602794,-198.54588311574093,133.3262700450764,2.829540535466975,133.3262700450764,2.829540535466975,133.3262700450764,2.829540535466975,10,0.995,40
1349.94,GT-0022,77648.75170710353,-128908.70457862082,115.98422145021668,-198.85071310401497,133.995625687206,2.976451132985726,133.995625687206,2.976451132985726,133.995625687206,2.976451132985726,10,0.996,40
1352.24,GT-0022,77915.4739149571,-129354.21233869583,116.79174100020794,-198.27610352295295,134.6467300286433,2.8884604336313644,134.6467300286433,2.8884604336313644,134.6467300286433,2.8884604336313644,10,0.996,40
1352.71,GT-0022,77991.93756195034,-129081.02815627982,116.49906538807699,-199.32778226857275,130.98067895229536,1.1567038158515746,130.98067895229536,1.1567038158515746,130.98067895229536,1.1567038158515746,10,0.995,40
1354.9,GT-0022,78246.99485774088,-129517.55676411495,116.50013465623005,-199.32706729603603,131.0908813520681,2.5039893051851974,131.0908813520681,2.5039893051851974,131.0908813520681,2.5039893051851974,10,0.989,41
1355.02,GT-0022,78260.85774439324,-129541.93425900291,116.49285631414227,-199.32880184507434,131.1046033030084,2.539565012533991,131.1046033030084,2.539565012533991,131.1046033030084,2.539565012533991,10,0.997,41
1356.95,GT-0022,78485.58229081136,-129926.54413633652,116.48889602313912,-199.32888034975997,131.38454565521982,3.284256759536814,131.38454565521982,3.284256759536814,131.38454565521982,3.284256759536814,10,0.992,41
1357.72,GT-0022,78575.19067559992,-130082.06822615943,116.31671042588736,-199.09680248147757,131.5450381168818,3.0685223805408124,131.5450381168818,3.0685223805408124,131.5450381168818,3.0685223805408124,10,0.997,41
1359.8,GT-0022,78810.5810163759,-130516.0475891095,116.15506506507327,-197.84467763149954,131.7339211555721,2.0451670282051078,131.7339211555721,2.0451670282051078,131.7339211555721,2.0451670282051078,10,0.995,41
1360.03,GT-0022,78837.46247244046,-130561.77794423705,116.1556083050261,-197.84268816849976,131.76923291935304,2.1652564640656116,131.76923291935304,2.1652564640656116,131.76923291935304,2.1652564640656116,10,0.995,41
1362.42,GT-0022,79114.31308344184,-131035.69705678149,116.24030489902192,-197.8597771538669,132.130006390189,2.9988334939306434,132.130006390189,2.9988334939306434,132.130006390189,2.9988334939306434,10,0.997,41
1365.19,GT-0022,79436.0948831295,-131586.96494530528,116.17847228234808,-197.6707402964038,132.947907688406,3.349741365299176,132.947907688406,3.349741365299176,132.947907688406,3.349741365299176,10,0.996,41
1365.25,GT-0022,79442.9548813364,-131598.9322749296,116.1737044504206,-197.68327051925942,132.9899492315706,3.3668118719985842,132.9899492315706,3.3668118719985842,132.9899492315706,3.3668118719985842,10,0.993,41
1367.62,GT-0022,79716.4701788475,-132076.88588979503,116.00209662751746,-197.7095409372889,133.80412085495928,3.103483644189928,133.80412085495928,3.103483644189928,133.80412085495928,3.103483644189928,10,0.996,41
1370.39,GT-0022,80028.51257129476,-132633.84484879542,116.15750048875367,-197.76906781436367,134.7445691197922,2.9904295046274636,134.7445691197922,2.9904295046274636,134.7445691197922,2.9904295046274636,10,0.996,41
1370.44,GT-0022,80034.06997165694,-132643.80956846007,116.15745751087827,-197.76819113579728,134.78239046443673,3.00733195953816,134.78239046443673,3.00733195953816,134.78239046443673,3.00733195953816,10,0.993,41
1372.58,GT-0022,80284.95054232285,-133064.40531636018,115.97030601884256,-196.93933276784804,135.48590403065634,2.985558415037647,135.48590403065634,2.985558415037647,135.48590403065634,2.985558415037647,10,0.996,41
1372.98,GT-0022,80331.31037262257,-133143.19837491756,115.96935402360113,-196.94058040108675,135.67981939435901,3.1340030620733654,135.67981939435901,3.1340030620733654,135.67981939435901,3.1340030620733654,10,0.987,42
1375.36,GT-0022,80598.24395239273,-133624.58453424057,115.87265782649344,-196.93699775841037,136.45680433045152,2.93837216403093,136.45680433045152,2.93837216403093,136.45680433045152,2.93837216403093,10,0.995,42
1375.64,GT-0022,80630.64475142262,-133679.6855380876,115.86843571714725,-196.93828177091174,136.59100537646157,3.044077931677882,136.59100537646157,3.044077931677882,136.59100537646157,3.044077931677882,10,0.99,42
1378.12,GT-0022,80906.14031012272,-134181.85783616302,115.76593220026146,-196.8461473691678,137.04212802779017,2.2661008831360405,137.04212802779017,2.2661008831360405,137.04212802779017,2.2661008831360405,10,0.997,42
1380.05,GT-0022,81129.25327476034,-134562.03938676068,115.74343492985786,-196.83697862546424,137.47436122907115,3.0610799680995338,137.47436122907115,3.0610799680995338,137.47436122907115,3.0610799680995338,10,0.996,42
1380.61,GT-0022,81194.13179424297,-134672.22644375343,115.74458052319157,-196.8416767061523,137.6464208186922,3.2545853338705006,137.6464208186922,3.2545853338705006,137.6464208186922,3.2545853338705006,10,0.994,42
1381.94,GT-0022,81351.72887536857,-134952.67296842477,115.93301530985418,-197.3659345662303,137.81791592225093,2.399464268834409,137.81791592225093,2.399464268834409,137.81791592225093,2.399464268834409,10,0.997,42
1383.69,GT-0022,81554.70700367838,-135298.06772544055,115.94729238222916,-197.35124478474546,138.2041303038503,3.0955224370051457,138.2041303038503,3.0955224370051457,138.2041303038503,3.0955224370051457,10,0.996,42
1386.01,GT-0022,81821.39266412218,-135761.82515604192,115.60877423007241,-197.64070246304863,138.91124277558635,3.08375181496175,138.91124277558635,3.08375181496175,138.91124277558635,3.08375181496175,10,0.996,42
1386.78,GT-0022,81910.17800840612,-135914.18796762233,115.6244795919823,-197.64578671147913,139.16487593006715,3.3464915223626637,139.16487593006715,3.3464915223626637,139.16487593006715,3.3464915223626637,10,0.994,42
1388.15,GT-0022,82068.26172641623,-136184.91088111128,115.61587919991729,-197.62814673703576,139.7272939301764,3.7607916899475975,139.7272939301764,3.7607916899475975,139.7272939301764,3.7607916899475975,9,0.995,42
1391.18,GT-0022,82422.30878899373,-136780.60197103999,115.4164407767939,-196.04200252922868,141.24929729325598,3.5276700547247875,141.24929729325598,3.5276700547247875,141.24929729325598,3.5276700547247875,9,0.995,42
1393.82,GT-0022,82750.79142470416,-137317.27985391798,115.60266955534779,-197.02052048959047,141.4278864563046,1.9977104130542487,141.4278864563046,1.9977104130542487,141.4278864563046,1.9977104130542487,9,0.997,42
1396.21,GT-0022,83027.17154993067,-137788.32560924112,115.6147571069837,-197.02258675014141,141.91809948757282,3.0515586529484113,141.91809948757282,3.0515586529484113,141.91809948757282,3.0515586529484113,9,0.995,42
1398.07,GT-0022,83242.2822526895,-138154.88824377346,115.6258053601916,-197.01673438653702,142.53888096736486,3.6650178145054646,142.53888096736486,3.6650178145054646,142.53888096736486,3.6650178145054646,9,0.994,43
1398.8,GT-0022,83344.07720503832,-138307.78975113525,115.61883030190594,-196.99068219745064,142.3587561101536,2.240235711235946,142.3587561101536,2.240235711235946,142.3587561101536,2.240235711235946,9,0.997,43
1400.88,GT-0022,83584.51079772587,-138717.72053505492,115.6107531030688,-196.98099567958133,142.7822728783852,3.1045058556157836,142.7822728783852,3.1045058556157836,142.7822728783852,3.1045058556157836,9,0.995,43
1402.67,GT-0022,83791.47814855576,-139070.41225820273,115.61131126978744,-196.97936722587397,143.4087031632135,3.6949802688875577,143.4087031632135,3.6949802688875577,143.4087031632135,3.6949802688875577,9,0.992,44
1402.83,GT-0022,83794.51472023627,-139093.63348208208,114.69753694260115,-196.2880192105578,143.12485400289341,2.3099279443063376,143.12485400289341,2.3099279443063376,143.12485400289341,2.3099279443063376,9,0.997,44
1404.19,GT-0022,83950.38144859955,-139360.60689482972,114.68938314694202,-196.27413026799437,143.3770774514939,2.893768335571609,143.3770774514939,2.893768335571609,143.3770774514939,2.893768335571609,9,0.994,44
1405.56,GT-0022,84107.39017308164,-139629.5243700914,114.6643374967994,-196.28716627605414,143.74011462541554,3.3719039869694143,143.74011462541554,3.3719039869694143,143.74011462541554,3.3719039869694143,9,0.995,44
1407.93,GT-0022,84427.65099107534,-140199.35204147868,113.49480000534086,-196.4638907169126,140.0564022758297,1.156739990842471,140.0564022758297,1.156739990842471,140.0564022758297,1.156739990842471,9,0.995,44
1408.44,GT-0022,84485.3163054176,-140299.389531765,113.50254907923852,-196.46200869827769,140.06882369223231,1.5747796637853235,140.06882369223231,1.5747796637853235,140.06882369223231,1.5747796637853235,9,0.996,44
1410.53,GT-0022,84722.43161158416,-140709.97374587393,113.5324313925039,-196.4508801994241,140.15338536130207,2.65944536283495,140.15338536130207,2.65944536283495,140.15338536130207,2.65944536283495,9,0.997,44
1413.16,GT-0022,85020.10860881608,-141227.24639652474,113.75875341326591,-196.43411123333806,140.57104323419298,3.216197486677804,140.57104323419298,3.216197486677804,140.57104323419298,3.216197486677804,9,0.997,44
1414.35,GT-0022,85155.35764435978,-141460.9186877131,113.7588224868787,-196.43246155771064,140.92930089197958,3.608442341778287,140.92930089197958,3.608442341778287,140.92930089197958,3.608442341778287,9,0.991,44
1415.03,GT-0022,85235.62476612658,-141593.21006721875,114.42329093102072,-196.32704239390927,141.0457396540354,2.901687515360923,141.0457396540354,2.901687515360923,141.0457396540354,2.901687515360923,9,0.997,44
1417.55,GT-0022,85520.29557387134,-142088.94901825543,114.4642797140921,-196.39120767213166,141.7849942446269,3.3876782770601417,141.7849942446269,3.3876782770601417,141.7849942446269,3.3876782770601417,9,0.996,44
1418.2,GT-0022,85594.57967411913,-142216.39795300562,114.47100579027364,-196.38039849317983,142.0238717080041,3.5888687722599957,142.0238717080041,3.5888687722599957,142.0238717080041,3.5888687722599957,9,0.994,45
1419.96,GT-0022,85799.4480810605,-142566.58050598443,115.08139364126102,-195.67542530524787,142.6242566042401,3.164709275609617,142.6242566042401,3.164709275609617,142.6242566042401,3.164709275609617,9,0.996,45
1421.29,GT-0022,85952.4476669538,-142826.80380841353,115.07279910332966,-195.67410223792996,143.17963319773486,3.6065641362028003,143.17963319773486,3.6065641362028003,143.17963319773486,3.6065641362028003,9,0.991,45
1422.26,GT-0022,86047.86460772056,-143018.4154735276,114.46156472407034,-195.31085828116713,143.16337946620664,2.4771704758449253,143.16337946620664,2.4771704758449253,143.16337946620664,2.4771704758449253,9,0.997,45
1423.5,GT-0022,86189.59289138469,-143260.5081241677,114.46172818272197,-195.31209987132974,143.49088740068655,2.987323885194539,143.49088740068655,2.987323885194539,143.49088740068655,2.987323885194539,9,0.992,45
1427.03,GT-0022,86592.57329731391,-143952.94968370753,114.6780257661426,-194.8358693507164,144.6486695939887,3.0790682022011446,144.6486695939887,3.0790682022011446,144.6486695939887,3.0790682022011446,9,0.996,46
1428.24,GT-0022,86731.17587732236,-144188.74705450243,114.67707461662923,-194.8378226845384,145.1307605996066,3.493335796078333,145.1307605996066,3.493335796078333,145.1307605996066,3.493335796078333,9,0.991,46
1428.33,GT-0022,86741.32870352194,-144206.110538427,114.67679557336857,-194.84002188700663,145.213844405001,3.520889623619292,145.213844405001,3.520889623619292,145.213844405001,3.520889623619292,9,0.99,46
1429.8,GT-0022,86900.11239533247,-144502.6657817968,114.29920802523921,-195.78501881397224,145.3320989176624,2.402126758084349,145.3320989176624,2.402126758084349,145.3320989176624,2.402126758084349,9,0.997,46
1431.87,GT-0022,87136.62807148436,-144907.8251796064,114.30787377622184,-195.7926606384197,145.85177693968745,3.2181962263318726,145.85177693968745,3.2181962263318726,145.85177693968745,3.2181962263318726,9,0.995,46
1433.44,GT-0022,87315.86455437834,-145215.2007596856,114.31039608540675,-195.7905484399237,146.4762545814514,3.7266160575989695,146.4762545814514,3.7266160575989695,146.4762545814514,3.7266160575989695,9,0.99,46
1434.14,GT-0022,87395.68981683179,-145354.3724001913,114.50000753302517,-195.64314563360222,146.348583650709,2.4683664497525233,146.348583650709,2.4683664497525233,146.348583650709,2.4683664497525233,9,0.997,46
1437.04,GT-0022,87727.8052266174,-145921.64042628318,114.50697298210652,-195.65122419445717,147.14510166418455,3.537161378502015,147.14510166418455,3.537161378502015,147.14510166418455,3.537161378502015,9,0.995,46
1439.3,GT-0022,87986.5956867987,-146363.75580230984,114.49560346205627,-195.65073500546828,148.27077981132229,4.191723854536049,148.27077981132229,4.191723854536049,148.27077981132229,4.191723854536049,9,0.992,46
1439.51,GT-0022,88019.32639896251,-146415.75486626587,113.97753195356383,-196.69097468278954,147.63050555399573,2.3861052195682073,147.63050555399573,2.3861052195682073,147.63050555399573,2.3861052195682073,9,0.997,46
1442.16,GT-0022,88313.40618049106,-146940.07757633558,114.32231810402087,-196.5652951038246,148.16223385397015,2.5514007349616477,148.16223385397015,2.5514007349616477,148.16223385397015,2.5514007349616477,9,0.997,46
1442.99,GT-0022,88408.26273693636,-147103.1484312121,114.3194594557278,-196.56844251044703,148.33974204414062,2.890568262322859,148.33974204414062,2.890568262322859,148.33974204414062,2.890568262322859,9,0.994,47
1445.08,GT-0022,88647.05482016013,-147514.0243864496,114.32732423497778,-196.56035949025824,148.96364285807624,3.597722479505215,148.96364285807624,3.597722479505215,148.96364285807624,3.597722479505215,9,0.995,47
1446.94,GT-0022,88855.63837736634,-147886.13692047624,114.5604230700838,-196.78670548694748,149.22022572095167,2.4299776271145417,149.22022572095167,2.4299776271145417,149.22022572095167,2.4299776271145417,9,0.997,47
1449.26,GT-0022,89124.40040290487,-148341.45158539436,114.26480020003507,-196.66559828471645,149.6733629084556,2.5700162481113282,149.6733629084556,2.5700162481113282,149.6733629084556,2.5700162481113282,9,0.997,47
1449.67,GT-0022,89171.29075005247,-148422.29982199374,114.26261385929227,-196.6672520092983,149.7729747590931,2.7424602442711272,149.7729747590931,2.7424602442711272,149.7729747590931,2.7424602442711272,9,0.993,47
1450.4,GT-0022,89254.52532104132,-148565.85801578744,114.25921015181986,-196.6678957281039,149.98207165331812,3.0267092805185416,149.98207165331812,3.0267092805185416,149.98207165331812,3.0267092805185416,9,0.991,47
1454.14,GT-0022,89681.8708009384,-149299.57012932183,114.62219002090842,-196.96767305160222,151.40180834508513,3.8626963103033054,151.40180834508513,3.8626963103033054,151.40180834508513,3.8626963103033054,9,0.993,47
1454.23,GT-0022,89689.31347372523,-149322.14780029902,115.2033488170554,-196.920578579116,151.27172504392829,3.060534102119049,151.27172504392829,3.060534102119049,151.27172504392829,3.060534102119049,9,0.996,48
1455.97,GT-0022,89885.35070254283,-149665.74114948203,114.96449375432753,-196.5690738523714,151.78977855667668,3.0500225366971363,151.78977855667668,3.0500225366971363,151.78977855667668,3.0500225366971363,9,0.996,48
1456.38,GT-0022,89932.38782165138,-149746.35755042185,114.9598462371119,-196.56757626922564,151.97333837782497,3.1985301690724977,151.97333837782497,3.1985301690724977,151.97333837782497,3.1985301690724977,9,0.99,48
1459.62,GT-0022,90412.35938457596,-150038.87016928257,115.54811423115576,-196.58938908779703,148.6749832998918,1.1567420379170836,148.6749832998918,1.1567420379170836,148.6749832998918,1.1567420379170836,9,0.994,48
1461.02,GT-0022,90573.94190260328,-150314.34048916472,115.5504599374749,-196.59481226425507,148.70711108269825,2.115994845294506,148.70711108269825,2.115994845294506,148.70711108269825,2.115994845294506,9,0.995,49
1463.22,GT-0022,90827.85019035212,-150747.06811709603,115.5289628400027,-196.59826770324202,148.87316494782084,3.0391358689166736,148.87316494782084,3.0391358689166736,148.87316494782084,3.0391358689166736,9,0.997,49
1465.64,GT-0022,91107.43309976051,-151222.91295001397,115.52059112916007,-196.60667000639876,149.40516192988636,3.8214770561522977,149.40516192988636,3.8214770561522977,149.40516192988636,3.8214770561522977,9,0.994,49
1465.68,GT-0022,91111.94640352453,-151230.94830952998,115.52805555420525,-196.61081580052024,149.42865418514236,3.814104049809085,149.42865418514236,3.814104049809085,149.42865418514236,3.814104049809085,9,0.995,49
1467.97,GT-0022,91376.45203121642,-151681.21153355206,115.52679138015245,-196.61030451250923,150.50655019762783,4.439533178742545,150.50655019762783,4.439533178742545,150.50655019762783,4.439533178742545,9,0.988,49
1468.03,GT-0022,91373.61565048058,-151702.33247779458,115.43801948337027,-197.74591416696674,150.31434790103594,3.4011799116988857,150.31434790103594,3.4011799116988857,150.31434790103594,3.4011799116988857,9,0.995,49
1470.91,GT-0022,91702.76052650044,-152277.31222248974,115.45170838218502,-197.8509488455424,151.61433604887418,3.915578763602154,151.61433604887418,3.915578763602154,151.61433604887418,3.915578763602154,9,0.995,49
1472.94,GT-0022,91930.3111375206,-152679.27789389977,114.81054929768146,-197.05281350621198,152.20884079919986,2.996988798014166,152.20884079919986,2.996988798014166,152.20884079919986,2.996988798014166,9,0.996,49
1475.33,GT-0022,92189.78533173005,-153165.29417767347,114.39060548069855,-196.9046260704794,152.71723922978285,2.4696434136181202,152.71723922978285,2.4696434136181202,152.71723922978285,2.4696434136181202,9,0.997,49
1477.99,GT-0022,92483.74554527242,-153697.72824305436,114.13867648795294,-197.5515260560123,153.29979649968504,2.637487214242049,153.29979649968504,2.637487214242049,153.29979649968504,2.637487214242049,9,0.997,49
1478.95,GT-0022,92593.22171368802,-153887.2381959012,114.14519423679596,-197.55282403879514,153.55367567907922,3.018903764136124,153.55367567907922,3.018903764136124,153.55367567907922,3.018903764136124,9,0.992,50
1479.21,GT-0022,92621.7625803459,-153943.79414427385,114.36484081062291,-197.42768061337196,153.59163254783323,2.717289714682347,153.59163254783323,2.717289714682347,153.59163254783323,2.717289714682347,9,0.997,50
1483.45,GT-0022,93105.26180063347,-154780.53469967993,114.31999701622343,-197.30731481817895,155.05666470499375,3.970940999650691,155.05666470499375,3.970940999650691,155.05666470499375,3.970940999650691,9,0.994,50
1484.49,GT-0022,93225.48394367975,-155002.95502354615,115.10241071431874,-197.66047035244364,155.26277346724947,3.09432936572557,155.26277346724947,3.09432936572557,155.26277346724947,3.09432936572557,9,0.996,51
1485.56,GT-0022,93348.59379912987,-155214.51847987826,115.10987788222282,-197.65834652373096,155.68592138541763,3.4616226697332606,155.68592138541763,3.4616226697332606,155.68592138541763,3.4616226697332606,9,0.991,52
1486.77,GT-0022,93482.30303259252,-155468.2997114589,115.16658538659097,-197.3026232932006,156.04386468355597,3.0764499992993195,156.04386468355597,3.0764499992993195,156.04386468355597,3.0764499992993195,9,0.996,52
1487.94,GT-0022,93350.16187784175,-155750.96738694987,115.0436147167264,-198.70981776220017,153.49274513145448,1.1567222653572524,153.49274513145448,1.1567222653572524,153.49274513145448,1.1567222653572524,9,0.995,52
1489.53,GT-0022,93533.2248846771,-156067.04413181686,115.04913954862207,-198.70466597356108,153.53027787943856,2.214114685743043,153.53027787943856,2.214114685743043,153.53027787943856,2.214114685743043,9,0.995,52
1491.59,GT-0022,93770.0934102106,-156476.5326585749,115.04362189733392,-198.69768614118672,153.72212758466154,3.087732113765134,153.72212758466154,3.087732113765134,153.72212758466154,3.087732113765134,9,0.992,52
1492.45,GT-0022,93869.01744978005,-156647.40731425412,115.01867493843658,-198.64469756074038,153.86631116432625,3.36299737825708,153.86631116432625,3.36299737825708,153.86631116432625,3.36299737825708,9,0.996,52
1494.65,GT-0022,94120.50124411628,-157083.4276802196,114.80124159895351,-198.39614798538543,154.4708710169684,3.795235479189062,154.4708710169684,3.795235479189062,154.4708710169684,3.795235479189062,9,0.996,52
1496.65,GT-0022,94350.09211981716,-157480.1514718866,114.79495196934954,-198.39723421389033,155.39109856621215,4.344246998641204,155.39109856621215,4.344246998641204,155.39109856621215,4.344246998641204,9,0.992,52
1496.82,GT-0022,94379.09372184741,-157514.84272025962,115.4400903629987,-198.00904592149845,155.27967759246562,3.406444272380405,155.27967759246562,3.406444272380405,155.27967759246562,3.406444272380405,9,0.996,52
1497.16,GT-0022,94418.33705384441,-157582.2125665897,115.4386714379048,-198.01537522793822,155.44568975173146,3.5169509606493206,155.44568975173146,3.5169509606493206,155.44568975173146,3.5169509606493206,9,0.991,52
1499.48,GT-0022,94683.98704058469,-158034.79494298264,113.93707999266572,-197.38639428598367,155.95242287774062,2.621997673663111,155.95242287774062,2.621997673663111,155.95242287774062,2.621997673663111,9,0.997,52
1501.5,GT-0022,94915.70174865257,-158429.76108603133,114.03640493219402,-196.82397658187446,156.41464941746082,2.740631971698743,156.41464941746082,2.740631971698743,156.41464941746082,2.740631971698743,9,0.997,52
1502.42,GT-0022,95020.43485039155,-158610.93244795024,114.03544948311092,-196.8258070510136,156.68521485444427,3.0956885189043954,156.68521485444427,3.0956885189043954,156.68521485444427,3.0956885189043954,9,0.991,52
1504.3,GT-0022,95236.82548894057,-158981.28699129686,114.18505723115422,-196.95058325345008,157.28057622312025,3.3505263198559745,157.28057622312025,3.3505263198559745,157.28057622312025,3.3505263198559745,9,0.996,52
1507.7,GT-0022,95615.15055163327,-159666.39648137,113.71474905574388,-197.63643913900356,158.10635803546626,2.5398205341737277,158.10635803546626,2.5398205341737277,158.10635803546626,2.5398205341737277,9,0.997,52
1508.21,GT-0022,95673.08141292128,-159767.0121086059,113.70953963009602,-197.63776586091114,158.26887119974828,2.7570211059064365,158.26887119974828,2.7570211059064365,158.26887119974828,2.7570211059064365,9,0.991,52
1509.79,GT-0022,95852.7587741661,-160079.85334522673,113.72642330482651,-197.64236482495448,158.70916425017307,3.3070616287974035,158.70916425017307,3.3070616287974035,158.70916425017307,3.3070616287974035,9,0.996,52
1512.27,GT-0022,96138.7670197429,-160574.55028783277,114.27759777852313,-197.44368035355163,159.2527079024595,2.588364827154534,159.2527079024595,2.588364827154534,159.2527079024595,2.588364827154534,9,0.997,52
1513.0,GT-0022,96222.11052620606,-160718.79468117695,114.2743845334582,-197.4427506524465,159.4376283464426,2.8867567923828723,159.4376283464426,2.8867567923828723,159.4376283464426,2.8867567923828723,9,0.993,52
1514.69,GT-0022,96415.09410676619,-161052.6797073204,114.28854844233912,-197.4455274483837,159.94086688738656,3.469573833000638,159.94086688738656,3.469573833000638,159.94086688738656,3.469573833000638,9,0.995,52
1516.48,GT-0022,96619.83403087348,-161406.19918556005,114.30035702006992,-197.44982700785215,160.72649044101087,4.005641768010202,160.72649044101087,4.005641768010202,160.72649044101087,4.005641768010202,9,0.991,52
1517.35,GT-0022,96714.47943454527,-161595.07695348244,114.40287837304197,-197.41903146493118,160.8612808759942,3.1287695178812185,160.8612808759942,3.1287695178812185,160.8612808759942,3.1287695178812185,9,0.996,52
1521.75,GT-0022,97217.904666691,-162463.84936033,114.42328763357716,-197.43016293546532,163.01681139888294,4.428715594213127,163.01681139888294,4.428715594213127,163.01681139888294,4.428715594213127,9,0.993,52
1522.34,GT-0022,97290.50460100618,-162597.0209152916,114.59387551209498,-196.97569274442995,162.15442508480763,2.3660126597172266,162.15442508480763,2.3660126597172266,162.15442508480763,2.3660126597172266,9,0.997,53
1524.85,GT-0022,97578.56792782301,-163092.3319821932,114.53683581559332,-196.97523182615922,162.79227529881211,3.2379774796859326,162.79227529881211,3.2379774796859326,162.79227529881211,3.2379774796859326,9,0.996,53
1524.97,GT-0022,97592.21537355879,-163115.8173888051,114.5310926192215,-196.96477412621363,162.8478812492024,3.2767073658606085,162.8478812492024,3.2767073658606085,162.8478812492024,3.2767073658606085,9,0.993,53
1527.71,GT-0022,97909.97505729756,-163655.5484384235,114.42122992703293,-196.98629798398193,163.71774368399215,3.1059331662103338,163.71774368399215,3.1059331662103338,163.71774368399215,3.1059331662103338,9,0.996,53
1530.17,GT-0022,98184.77302495007,-164146.50210769995,114.24005765430223,-197.12178025111257,164.204100710518,2.487365497466714,164.204100710518,2.487365497466714,164.204100710518,2.487365497466714,9,0.997,53
1532.91,GT-0022,98498.05066502273,-164686.58553170992,114.24517823069898,-197.11772681526045,164.91694272935607,3.500049768524372,164.91694272935607,3.500049768524372,164.91694272935607,3.500049768524372,9,0.995,53
1534.72,GT-0022,98316.52047171259,-165072.3679628162,115.54802074218136,-199.4447141027096,161.6496291793835,1.1567389932060523,161.6496291793835,1.1567389932060523,161.6496291793835,1.1567389932060523,9,0.995,54
1535.53,GT-0022,98410.26074098544,-165233.7794845698,115.54714074140006,-199.44368339050064,161.71105232643123,1.7784606593088614,161.71105232643123,1.7784606593088614,161.71105232643123,1.7784606593088614,9,0.99,55
1535.69,GT-0022,98428.94186918273,-165266.07774804157,115.54962895852492,-199.43636673364136,161.7301419055566,1.8754029684624374,161.7301419055566,1.8754029684624374,161.7301419055566,1.8754029684624374,9,0.994,55
1538.32,GT-0022,98733.28037686764,-165790.8306737268,115.53150685018811,-199.39893196572825,161.89352400262032,3.040272219387023,161.89352400262032,3.040272219387023,161.89352400262032,3.040272219387023,9,0.997,55
1540.3,GT-0022,98963.79810086348,-166185.856898826,115.36749024742198,-199.10597900213165,162.2532868519257,3.462529484938826,162.2532868519257,3.462529484938826,162.2532868519257,3.462529484938826,9,0.997,55
1541.57,GT-0022,99110.59874994955,-166438.7232130088,115.36829044112943,-199.0965350076761,162.62196245843654,3.848029148578434,162.62196245843654,3.848029148578434,162.62196245843654,3.848029148578434,9,0.993,55
1542.6,GT-0022,99237.7878343758,-166638.84126812653,114.82056712823635,-198.3663846266556,162.830492050739,3.0451261724693754,162.830492050739,3.0451261724693754,162.830492050739,3.0451261724693754,9,0.997,55
1545.07,GT-0022,99521.61062855065,-167128.88827988587,114.82077373270121,-198.34317969683772,163.60495065406718,3.8315913837842954,163.60495065406718,3.8315913837842954,163.60495065406718,3.8315913837842954,9,0.995,55
1547.4,GT-0022,99796.31020225387,-167598.83971097233,114.68413481102715,-197.54985683322374,164.4203273598005,3.2514822139976767,164.4203273598005,3.2514822139976767,164.4203273598005,3.2514822139976767,9,0.996,55
1552.11,GT-0022,100336.5519734337,-168529.273052981,114.67483824460021,-197.55527307581463,166.96654273180022,4.599415910175078,166.96654273180022,4.599415910175078,166.96654273180022,4.599415910175078,9,0.991,56
1554.96,GT-0022,100672.61742084514,-169088.78366700085,113.21695584722895,-196.64863015168632,166.85558218550258,2.2920804666896397,166.85558218550258,2.2920804666896397,166.85558218550258,2.2920804666896397,9,0.997,57
1557.07,GT-0022,100919.19617859175,-169507.5050346982,113.41198051650423,-196.7811181978814,167.32139979747373,2.6359871576240974,167.32139979747373,2.6359871576240974,167.32139979747373,2.6359871576240974,9,0.997,57
1560.97,GT-0022,101361.50290260612,-170274.95139566995,113.41198051650423,-196.7811181978814,168.58737946955793,3.9652778332872685,168.58737946955793,3.9652778332872685,168.58737946955793,3.9652778332872685,9,0.967,57
1560.97,GT-0025,101606.54536300372,-170384.6133112423,111.41638172726815,-198.2602116478695,193.53540423853707,3.5872164651442673,193.53540423853707,3.5872164651442673,193.53540423853707,3.5872164651442673,8,0.857,2
1561.73,GT-0022,101447.69600779867,-170424.50504550035,113.41198051650423,-196.7811181978814,168.97313422900604,4.175335710473991,168.97313422900604,4.175335710473991,168.97313422900604,4.175335710473991,9,0.938,57
1561.73,GT-0025,101864.4776525063,-170225.58272282436,113.14734534245562,-196.05728463035643,166.4336765051363,1.1567338232315996,166.4336765051363,1.1567338232315996,166.4336765051363,1.1567338232315996,9,0.975,2
1561.96,GT-0022,101473.78076331747,-170469.76470268588,113.41198051650423,-196.7811181978814,169.10117242952504,4.236853584342914,169.10117242952504,4.236853584342914,169.10117242952504,4.236853584342914,9,0.91,57
1561.96,GT-0025,101890.63594509385,-170270.7595428495,113.15339700096585,-196.06621739504226,166.44431936289817,1.3599620897228073,166.44431936289817,1.3599620897228073,166.44431936289817,1.3599620897228073,9,0.996,3
1563.5,GT-0022,101648.43521331289,-170772.8076247106,113.41198051650423,-196.7811181978814,170.10774852233877,4.627734682883118,170.10774852233877,4.627734682883118,170.10774852233877,4.627734682883118,9,0.883,57
1563.5,GT-0025,102065.16304961285,-170573.1614396611,113.16744608917925,-196.08134128021766,166.4795155124072,2.2924906389556243,166.4795155124072,2.2924906389556243,166.4795155124072,2.2924906389556243,9,0.997,3
1565.04,GT-0022,101823.0896633083,-171075.85054673534,113.41198051650423,-196.7811181978814,171.4049757992111,4.988078617580043,171.4049757992111,4.988078617580043,171.4049757992111,4.988078617580043,9,0.856,57
1565.04,GT-0025,102239.25487259253,-170875.18026733198,113.17895010190892,-196.09238841851183,166.59123970810202,2.937712430099436,166.59123970810202,2.937712430099436,166.59123970810202,2.937712430099436,9,0.996,3
1566.96,GT-0025,102447.1771201983,-171285.80000621735,114.1060240242819,-196.9981078463954,166.785486581476,2.44065417111804,166.785486581476,2.44065417111804,166.785486581476,2.44065417111804,9,0.995,3
1567.65,GT-0025,102526.04520660442,-171422.04348369734,114.09393134991393,-197.00236641174354,166.87268332274067,2.7339649450122625,166.87268332274067,2.7339649450122625,166.87268332274067,2.7339649450122625,9,0.995,3
1568.22,GT-0025,102591.02703731996,-171534.37438992853,114.09406811543388,-197.00343042528516,167.02201851120512,2.9605244332959275,167.02201851120512,2.9605244332959275,167.02201851120512,2.9605244332959275,9,0.987,3
1570.3,GT-0025,102828.34399709331,-171944.3618710269,114.0975256485743,-196.99057848508585,167.46632006119364,3.6501030336456433,167.46632006119364,3.6501030336456433,167.46632006119364,3.6501030336456433,9,0.994,3
1571.96,GT-0025,102913.99663286033,-172314.1319924423,115.24354298456137,-197.19850051759863,167.53291797946406,2.2480989869592753,167.53291797946406,2.2480989869592753,167.53291797946406,2.2480989869592753,9,0.995,3
1572.86,GT-0025,103017.91072542605,-172491.84357406222,115.24281180513074,-197.1981273741669,167.6548909361225,2.6548971172714575,167.6548909361225,2.6548971172714575,167.6548909361225,2.6548971172714575,9,0.995,3
1574.26,GT-0025,103178.96835600735,-172767.93344685886,115.2311564023327,-197.19866296264956,167.89804578608198,3.1738608155094563,167.89804578608198,3.1738608155094563,167.89804578608198,3.1738608155094563,9,0.996,3
1576.82,GT-0025,103474.90732083294,-173274.76514233716,115.07382309864239,-197.25210235867343,168.63651006489502,3.69213723141149,168.63651006489502,3.69213723141149,168.63651006489502,3.69213723141149,9,0.996,3
1579.28,GT-0025,103757.89588752968,-173760.0997469653,115.0628782242332,-197.25007489881278,169.80479487556008,4.376813417754322,169.80479487556008,4.376813417754322,169.80479487556008,4.376813417754322,9,0.991,3
1579.47,GT-0025,103775.82407351348,-173795.80379837748,114.1226585558213,-196.70054729450956,169.63566458525258,3.3675834485466556,169.63566458525258,3.3675834485466556,169.63566458525258,3.3675834485466556,9,0.996,3
1581.46,GT-0025,104001.36947416443,-174196.95561662767,113.68990380472684,-197.26626206359708,170.32514369664386,3.300534986775707,170.32514369664386,3.300534986775707,170.32514369664386,3.300534986775707,9,0.996,3
1583.11,GT-0025,104189.21374396213,-174522.49669472294,113.7017161368585,-197.2508535076385,170.975842427647,3.802823425728817,170.975842427647,3.802823425728817,170.975842427647,3.802823425728817,9,0.995,3
1585.31,GT-0025,104439.5521673865,-174956.72673155446,113.53504999501443,-196.82580198844195,171.3342155191114,2.5989207983678435,171.3342155191114,2.5989207983678435,171.3342155191114,2.5989207983678435,9,0.997,3
1588.28,GT-0025,104776.88149442822,-175541.4801863675,113.53541966424038,-196.83541697423385,172.2334925819961,3.6490438576600677,172.2334925819961,3.6490438576600677,172.2334925819961,3.6490438576600677,9,0.995,3
1591.01,GT-0025,105080.740226308,-176091.07558639214,113.47476429967699,-196.37829448622975,172.81931151149027,2.6099575686608034,172.81931151149027,2.6099575686608034,172.81931151149027,2.6099575686608034,9,0.997,3
1592.7,GT-0025,105272.25982271286,-176423.32269137708,113.47169752074275,-196.37231729294194,173.2576736619533,3.237048874607459,173.2576736619533,3.237048874607459,173.2576736619533,3.237048874607459,9,0.996,3
1593.64,GT-0025,105378.75566367677,-176607.93857970418,113.46846386921767,-196.3776530839794,173.6334731016976,3.5494825456151156,173.6334731016976,3.5494825456151156,173.6334731016976,3.5494825456151156,9,0.99,4
1595.3,GT-0025,105566.51390603546,-176934.04441833866,113.48969727481477,-196.41129854365022,174.34177964300477,4.002527736361762,174.34177964300477,4.002527736361762,174.34177964300477,4.002527736361762,9,0.994,4
1598.23,GT-0025,105901.29024848336,-177516.4585358644,114.07108908481396,-196.43068630942037,175.80044393412467,3.720410044508269,175.80044393412467,3.720410044508269,175.80044393412467,3.720410044508269,9,0.995,4
1600.32,GT-0025,106155.58121850342,-177937.8665475084,115.2652548658324,-196.3168514518856,176.36981222923666,2.970674113002325,176.36981222923666,2.970674113002325,176.36981222923666,2.970674113002325,9,0.996,4
1601.23,GT-0025,106017.36342638318,-178224.8148312033,113.27630223873469,-196.0318379321125,173.44944318660004,1.1567149704055335,173.44944318660004,1.1567149704055335,173.44944318660004,1.1567149704055335,9,0.995,5
1603.04,GT-0025,106222.43978244385,-178579.54493628338,113.27625694127074,-196.0331353463634,173.54825261780007,2.327050844124641,173.54825261780007,2.327050844124641,173.54825261780007,2.327050844124641,9,0.988,5
1603.2,GT-0025,106241.3387309361,-178611.2259511511,113.27347184067222,-196.05096199471495,173.56517572663788,2.388532741829544,173.56517572663788,2.388532741829544,173.56517572663788,2.388532741829544,9,0.997,5
1605.4,GT-0025,106490.64874732046,-179042.77879385726,113.27294878950144,-196.05539244599976,173.7669372934863,3.243174200052213,173.7669372934863,3.243174200052213,173.7669372934863,3.243174200052213,9,0.996,5
1606.27,GT-0025,106615.04129386884,-179217.56641907504,112.85640134892886,-196.124544660308,173.83085308140028,2.4545633316091076,173.83085308140028,2.4545633316091076,173.83085308140028,2.4545633316091076,9,0.995,5
1608.76,GT-0025,106896.08608463177,-179705.86623475296,112.85045606354284,-196.114511895267,174.18293931667637,3.366818119331057,174.18293931667637,3.366818119331057,174.18293931667637,3.366818119331057,9,0.997,5
1610.43,GT-0025,107084.61883937196,-180033.2859365487,112.84460548287939,-196.11027262593433,174.68346078450466,3.884556650673281,174.68346078450466,3.884556650673281,174.68346078450466,3.884556650673281,9,0.991,5
1611.39,GT-0025,107197.56392147165,-180222.38876088758,112.81240943661507,-196.02204164189683,175.01573659290872,3.747623616094532,175.01573659290872,3.747623616094532,175.01573659290872,3.747623616094532,9,0.996,5
1611.4,GT-0025,107198.64382843557,-180224.23884487568,112.81403879832507,-196.02058476972724,175.0535326862472,3.748790625886531,175.0535326862472,3.748790625886531,175.0535326862472,3.748790625886531,9,0.992,5
1613.48,GT-0025,107436.86094421637,-180632.7238976292,113.07093759493146,-195.68803854620887,175.77960643693825,3.4773291998523295,175.77960643693825,3.4773291998523295,175.77960643693825,3.4773291998523295,9,0.996,5
1615.75,GT-0025,107691.86654181231,-181085.09161678219,112.93259403056695,-195.96291482619517,176.7304191138024,3.961250375968875,176.7304191138024,3.961250375968875,176.7304191138024,3.961250375968875,9,0.994,5
1617.5,GT-0025,107891.71478561244,-181428.92326953166,112.98881522548984,-196.27357665183558,177.60703565667365,3.9206343173303244,177.60703565667365,3.9206343173303244,177.60703565667365,3.9206343173303244,9,0.995,6
1618.07,GT-0025,107956.17776807766,-181540.8601722829,112.98588238431125,-196.27698175386234,177.9693524811408,4.081395660620013,177.9693524811408,4.081395660620013,177.9693524811408,4.081395660620013,9,0.989,6
1619.98,GT-0025,108205.8000561813,-181912.20484720872,114.40862853709751,-196.86216971777554,178.44117024410124,3.069334688024836,178.44117024410124,3.069334688024836,178.44117024410124,3.069334688024836,9,0.995,6
1620.22,GT-0025,108233.56307266069,-181959.34867409038,114.40490214951267,-196.85217768834823,178.53769303575058,3.1537840034501134,178.53769303575058,3.1537840034501134,178.53769303575058,3.1537840034501134,9,0.993,6
1622.81,GT-0025,108530.49659147773,-182485.85007652143,113.40270318622484,-197.25332771634578,179.1082409954707,2.600839643729518,179.1082409954707,2.600839643729518,179.1082409954707,2.600839643729518,9,0.997,6
1624.57,GT-0025,108795.63630494411,-182862.24740774767,114.93658806783438,-198.63160972605394,177.63938355827648,1.1567142058945887,177.63938355827648,1.1567142058945887,177.63938355827648,1.1567142058945887,9,0.995,6
1629.11,GT-0025,109317.59042442103,-183764.11621943823,114.94108720574621,-198.62799763862688,177.96449834118022,3.3990963996001926,177.96449834118022,3.3990963996001926,177.96449834118022,3.3990963996001926,9,0.99,6
1630.54,GT-0025,109482.13868354452,-184048.2901623823,114.80419203632786,-198.32488198150133,178.26698950378923,3.5487520580738026,178.26698950378923,3.5487520580738026,178.26698950378923,3.5487520580738026,9,0.997,7
1633.84,GT-0025,109860.98541589372,-184702.70612530885,114.8060292394552,-198.3147097036993,179.5280871588958,4.470160410995835,179.5280871588958,4.470160410995835,179.5280871588958,4.470160410995835,9,0.992,7
1634.92,GT-0025,109985.0927733226,-184917.07122650024,114.81715264717445,-198.3084195874569,180.19235340527197,4.729062811083094,180.19235340527197,4.729062811083094,180.19235340527197,4.729062811083094,9,0.991,7
1636.05,GT-0025,110107.89011886128,-185145.91677071113,113.43731560770578,-196.92797481311646,180.6908980735782,3.986726895778915,180.6908980735782,3.986726895778915,180.6908980735782,3.986726895778915,9,0.994,8
1639.02,GT-0025,110456.9456603869,-185725.4740480898,113.8165553015837,-195.96427688211017,181.23450970432773,2.553853737743894,181.23450970432773,2.553853737743894,181.23450970432773,2.553853737743894,9,0.997,8
1639.66,GT-0025,110529.79631971072,-185851.0405370766,113.81631658567625,-195.9655793809827,181.41971551085942,2.8215631679325566,181.41971551085942,2.8215631679325566,181.41971551085942,2.8215631679325566,9,0.992,8
1640.37,GT-0025,110610.59079536614,-185990.17539781978,113.8157993635918,-195.96552513068622,181.68898476324657,3.093049547115878,181.68898476324657,3.093049547115878,181.68898476324657,3.093049547115878,9,0.986,8
1644.36,GT-0025,111069.59743685668,-186773.525273447,113.96351259656507,-196.38726796768407,183.31053117872943,3.9227906144412867,183.31053117872943,3.9227906144412867,183.31053117872943,3.9227906144412867,9,0.994,9
1644.6,GT-0025,111289.73569076446,-186906.18625532955,112.7470419788902,-196.08266587051224,181.2535127459495,1.156737755336033,181.2535127459495,1.156737755336033,181.2535127459495,1.156737755336033,9,0.995,9
1646.98,GT-0025,111558.3527616791,-187372.7318745189,112.75536008637383,-196.1059968286966,181.3137348205835,2.568668972096303,181.3137348205835,2.568668972096303,181.3137348205835,2.568668972096303,9,0.997,9
1648.62,GT-0025,111743.21819637169,-187694.34750681397,112.75338443212277,-196.10601824262096,181.5177004104446,3.2077852882799243,181.5177004104446,3.2077852882799243,181.5177004104446,3.2077852882799243,9,0.991,9
1652.15,GT-0025,112141.24777465087,-188386.68957776326,112.75637404739857,-196.12798272643417,182.41902342119192,4.24303707920137,182.41902342119192,4.24303707920137,182.41902342119192,4.24303707920137,9,0.994,10
1653.5,GT-0025,112295.41886931965,-188648.87347514063,113.10837786002185,-196.38475315757347,183.03053044686496,4.2819217389240585,183.03053044686496,4.2819217389240585,183.03053044686496,4.2819217389240585,9,0.994,11
1653.94,GT-0025,112343.35615935853,-188738.12421749544,113.28032069450532,-196.37225293057122,183.10965477489302,3.5902860819966476,183.10965477489302,3.5902860819966476,183.10965477489302,3.5902860819966476,9,0.996,11
1656.25,GT-0025,112603.22235085318,-189191.6533054646,113.28053334729168,-196.51169457752883,184.0874050869039,4.129011251968549,184.0874050869039,4.129011251968549,184.0874050869039,4.129011251968549,9,0.995,11
1656.32,GT-0025,112611.09566529984,-189205.257552105,113.28316325714738,-196.50294751295894,184.1724452056796,4.145094471658281,184.1724452056796,4.145094471658281,184.1724452056796,4.145094471658281,9,0.992,11
1659.09,GT-0025,112933.83454796032,-189757.06577136382,112.69355838871945,-197.06100042689638,185.06797855238003,3.1461274814872597,185.06797855238003,3.1461274814872597,185.06797855238003,3.1461274814872597,8,0.996,11
1659.44,GT-0025,112973.2479180636,-189825.807834462,112.69474791526167,-197.05980375210913,185.23424687397267,3.269116597690335,185.23424687397267,3.269116597690335,185.23424687397267,3.269116597690335,8,0.991,11
1661.34,GT-0025,113187.322554742,-190200.50900390203,112.69382088333754,-197.07132703686568,186.0059170896316,3.8483881809031,186.0059170896316,3.8483881809031,186.0059170896316,3.8483881809031,8,0.994,11
1663.26,GT-0025,113412.78817783462,-190573.4001412765,113.04176037136688,-197.0020994434788,186.560017231513,3.127904969881854,186.560017231513,3.127904969881854,186.560017231513,3.127904969881854,8,0.996,11
1665.61,GT-0025,113675.85920270503,-191039.6423036744,113.2763501638711,-196.77230364552153,187.32488815448028,3.196858632596258,187.32488815448028,3.196858632596258,187.32488815448028,3.196858632596258,8,0.996,11
1667.66,GT-0025,113907.98586003287,-191443.0332324236,113.2777000678841,-196.76878546062602,188.12806415149777,3.849188791083966,188.12806415149777,3.849188791083966,188.12806415149777,3.849188791083966,8,0.992,12
1667.78,GT-0025,113914.33542807921,-191470.32276549595,113.07296346725823,-196.573543795097,187.81240969503148,2.675912813280082,187.81240969503148,2.675912813280082,187.81240969503148,2.675912813280082,8,0.997,12
1669.77,GT-0025,114139.5777597625,-191861.60572298113,113.11329154645479,-196.56464305838784,188.32301023386398,3.387293489970683,188.32301023386398,3.387293489970683,188.32301023386398,3.387293489970683,8,0.996,12
1671.6,GT-0025,114344.59084717397,-192225.7191353214,112.95716974715145,-196.5519602996185,188.69203289983486,2.7697971040424316,188.69203289983486,2.7697971040424316,188.69203289983486,2.7697971040424316,8,0.997,12
1672.26,GT-0025,114419.41267951475,-192355.71168352346,112.95104218014272,-196.55406903666585,188.87244284817152,3.025582934377086,188.87244284817152,3.025582934377086,188.87244284817152,3.025582934377086,8,0.992,12
1674.7,GT-0025,114708.91121963193,-192834.7089067608,113.10297000319575,-196.27752577418352,189.41552004425944,2.8192727716034947,189.41552004425944,2.8192727716034947,189.41552004425944,2.8192727716034947,8,0.997,12
1676.74,GT-0025,114938.80626139845,-193236.445985228,113.06934755099243,-196.31238522095035,189.9410053491882,3.476071208648944,189.9410053491882,3.476071208648944,189.9410053491882,3.476071208648944,8,0.996,12
1678.57,GT-0025,115145.79451946993,-193595.77539242778,113.06754714775062,-196.31578711861792,190.6632841160106,4.024382494188217,190.6632841160106,4.024382494188217,190.6632841160106,4.024382494188217,8,0.991,12
1681.52,GT-0025,115492.22322961719,-194178.83394579365,114.38874385862296,-195.8723611925569,191.183513287609,2.5625467361228567,191.183513287609,2.5625467361228567,191.183513287609,2.5625467361228567,8,0.997,13
1682.77,GT-0025,115635.21070909948,-194423.85340303078,114.38647539295565,-195.87340126250484,191.54592593891664,3.063700161363376,191.54592593891664,3.063700161363376,191.54592593891664,3.063700161363376,8,0.989,14
1684.54,GT-0025,115837.58719752719,-194770.22116743363,114.36597023962173,-195.86462990224587,192.09028373959316,3.6398759304952883,192.09028373959316,3.6398759304952883,192.09028373959316,3.6398759304952883,8,0.994,14
1686.69,GT-0025,116078.07236922851,-195194.87683548022,114.89383528704931,-196.37922521577246,192.74701929724074,3.2172408517851196,192.74701929724074,3.2172408517851196,192.74701929724074,3.2172408517851196,8,0.996,14
1689.22,GT-0025,116369.81031122642,-195695.11322064433,114.38742606870625,-196.5795696708942,193.59970013395468,3.4977482007853236,193.59970013395468,3.4977482007853236,193.59970013395468,3.4977482007853236,8,0.994,15
1689.57,GT-0025,116409.91528163136,-195763.7691022571,114.41663641017153,-196.5499149542224,193.72722226704533,3.5927890944553673,193.72722226704533,3.5927890944553673,193.72722226704533,3.5927890944553673,8,0.995,15
1691.86,GT-0025,116676.86636331283,-196212.49324402047,115.17640132367984,-196.39716016402636,194.69351179955297,3.8731035609247346,194.69351179955297,3.8731035609247346,194.69351179955297,3.8731035609247346,8,0.995,15
1696.44,GT-0025,117217.84362450939,-197107.71317452137,116.60662591530365,-195.13423889871262,195.67252165112717,2.342761976017462,195.67252165112717,2.342761976017462,195.67252165112717,2.342761976017462,8,0.997,16
1698.25,GT-0025,117428.87833486471,-197460.99585049957,116.60262606122849,-195.136761529884,196.09730595413686,3.091560238275554,196.09730595413686,3.091560238275554,196.09730595413686,3.091560238275554,8,0.992,17
1699.12,GT-0025,117533.84786837992,-197636.93889564875,116.82288226399204,-195.31183069534163,196.22738034394487,2.6797211083687764,196.22738034394487,2.6797211083687764,196.22738034394487,2.6797211083687764,8,0.997,17
1702.33,GT-0025,117905.76494734139,-198268.0438023112,116.8945282525514,-195.11483610786203,197.02551363845177,3.3496585918932293,197.02551363845177,3.3496585918932293,197.02551363845177,3.3496585918932293,8,0.996,17
1703.27,GT-0025,118015.60103384774,-198451.42508822188,116.89451793892664,-195.11382642819171,197.39725581694114,3.6532102318822868,197.39725581694114,3.6532102318822868,197.39725581694114,3.6532102318822868,8,0.987,18
1705.4,GT-0025,118266.6501146891,-198867.25319762746,116.94641441549774,-195.1243568507236,198.2494712394782,3.9344050325722524,198.2494712394782,3.9344050325722524,198.2494712394782,3.9344050325722524,8,0.994,18
1707.86,GT-0025,118554.17242155554,-199347.1664379218,116.94248056113963,-195.1120356991708,199.58460885462833,4.5796689018488985,199.58460885462833,4.5796689018488985,199.58460885462833,4.5796689018488985,8,0.991,18
1708.91,GT-0025,118676.83882855554,-199552.21694466885,116.94862457522339,-195.11007677924988,200.3806156663348,4.8305354312034465,200.3806156663348,4.8305354312034465,200.3806156663348,4.8305354312034465,8,0.988,19
1710.98,GT-0025,118919.21777485439,-199955.90741884746,116.99784284390944,-195.0912980546767,202.22953479075784,5.28290470123753,202.22953479075784,5.28290470123753,202.22953479075784,5.28290470123753,8,0.99,19
1713.63,GT-0025,119230.34372453923,-200472.48436352567,117.07440950025261,-195.03613391769227,205.40751988471436,5.808912591684905,205.40751988471436,5.808912591684905,205.40751988471436,5.808912591684905,8,0.99,19
1716.28,GT-0025,119662.47300559771,-200917.14300853093,129.98631542170733,-185.11393617191732,205.579657444274,3.761524957481117,205.579657444274,3.761524957481117,205.579657444274,3.761524957481117,8,0.993,19
1718.93,GT-0025,120007.45154197207,-201407.23158843786,130.05704360104954,-185.05251832524937,207.4470251407396,4.4757205622461465,207.4470251407396,4.4757205622461465,207.4470251407396,4.4757205622461465,8,0.992,19
1719.42,GT-0025,120071.34964210191,-201497.75819295773,130.06116827429122,-185.04066800556666,207.93162635319894,4.598249302406545,207.93162635319894,4.598249302406545,207.93162635319894,4.598249302406545,8,0.987,20
1721.61,GT-0025,120356.18360062258,-201902.99725588987,130.06116827429122,-185.04066800556666,210.06065792547835,5.106015731182375,210.06065792547835,5.106015731182375,210.06065792547835,5.106015731182375,8,0.958,20
1723.79,GT-0025,120639.71694746055,-202306.38591214202,130.06116827429122,-185.04066800556666,212.74312101699837,5.565644315538142,212.74312101699837,5.565644315538142,212.74312101699837,5.565644315538142,8,0.929,20
1723.79,GT-0026,120795.24956367079,-202134.58827359424,149.42117877972402,-171.53635132757756,224.77601567610216,2.6883815762190024,224.77601567610216,2.6883815762190024,224.77601567610216,2.6883815762190024,8,0.925,1
1724.43,GT-0025,120722.9560951561,-202424.8119396656,130.06116827429122,-185.04066800556666,213.65022885238375,5.693539904758923,213.65022885238375,5.693539904758923,213.65022885238375,5.693539904758923,8,0.901,20
1724.43,GT-0026,120890.8090772574,-202244.68760716077,149.42364230103524,-171.53105282361608,224.85287655426694,2.9444976737007442,224.85287655426694,2.9444976737007442,224.85287655426694,2.9444976737007442,8,0.972,2
1726.32,GT-0025,120968.77170319449,-202774.5388021961,130.06116827429122,-185.04066800556666,216.67517699784977,6.055484839967974,216.67517699784977,6.055484839967974,216.67517699784977,6.055484839967974,8,0.874,20
1726.32,GT-0026,121196.16764143766,-202561.7401270398,153.5402244106984,-168.63188811821152,225.03717326850798,2.9816732410561393,225.03717326850798,2.9816732410561393,225.03717326850798,2.9816732410561393,8,0.99,2
1728.95,GT-0026,121600.0984100061,-203005.38316502044,153.5819470900484,-168.58584889594513,225.4750044707296,3.843028031690275,225.4750044707296,3.843028031690275,225.4750044707296,3.843028031690275,8,0.992,2
1731.15,GT-0026,121938.42753207695,-203375.78174774745,153.63911872247476,-168.52719674689016,226.17752717292927,4.432060583933941,226.17752717292927,4.432060583933941,226.17752717292927,4.432060583933941,8,0.992,2
1733.56,GT-0026,122308.79554846899,-203781.71763346074,153.64534332969117,-168.51194582889593,227.49972598010118,5.007418317776965,227.49972598010118,5.007418317776965,227.49972598010118,5.007418317776965,8,0.987,3
1733.57,GT-0026,122311.10824480654,-203782.82846970478,153.72570859088245,-168.4209004362815,227.50667269568973,4.996728344831565,227.50667269568973,4.996728344831565,227.50667269568973,4.996728344831565,8,0.991,3
1736.29,GT-0026,122761.52430258109,-204198.68262149283,157.7021780038713,-162.16963205160528,229.21924773141868,4.599004446828677,229.21924773141868,4.599004446828677,229.21924773141868,4.599004446828677,8,0.992,3
1741.17,GT-0026,123548.35578308658,-204956.2738168374,160.13260582649121,-159.4112743381976,233.07595076234443,4.990082575325355,233.07595076234443,4.990082575325355,233.07595076234443,4.990082575325355,8,0.991,4
1741.41,GT-0026,123437.01504097652,-204888.0794634958,165.92277914894836,-153.67661209196382,228.151081053366,1.5296351816490068,228.151081053366,1.5296351816490068,228.151081053366,1.5296351816490068,8,0.993,5
1743.69,GT-0026,123815.10998005247,-205238.39511829018,165.92470191121504,-153.67536945004844,228.22619920284163,2.733028357075338,228.22619920284163,2.733028357075338,228.22619920284163,2.733028357075338,8,0.991,5
1746.1,GT-0026,124274.16192488698,-205660.85348090573,166.03860682594674,-153.26112352996546,228.43654130436505,2.9738233549163757,228.43654130436505,2.9738233549163757,228.43654130436505,2.9738233549163757,8,0.993,5
1748.89,GT-0026,124737.69892330191,-206088.2842632455,166.04672555153303,-153.25800139879064,228.90271331160804,3.8833140948808933,228.90271331160804,3.8833140948808933,228.90271331160804,3.8833140948808933,8,0.992,5
1751.4,GT-0026,125154.39705764789,-206472.96014461556,166.04596937359076,-153.26240611316177,229.83382757594882,4.554337122444559,229.83382757594882,4.554337122444559,229.83382757594882,4.554337122444559,8,0.986,6
1753.55,GT-0026,125639.72569858667,-206716.64149685288,166.36313770018663,-154.15470414129828,229.6551239998474,2.458827505467338,229.6551239998474,2.458827505467338,229.6551239998474,2.458827505467338,8,0.992,7
1755.39,GT-0026,125945.73279491956,-207000.357053425,166.36382753828198,-154.15191185530188,229.9642161599758,3.192380608371128,229.9642161599758,3.192380608371128,229.9642161599758,3.192380608371128,8,0.988,7
1755.73,GT-0026,126037.21316608574,-207055.3686379288,167.28785330466147,-153.69666689436394,229.9685432212369,2.7200102205340513,229.9685432212369,2.7200102205340513,229.9685432212369,2.7200102205340513,8,0.993,7
1759.25,GT-0026,126630.95836073889,-207550.38174303438,165.6882271670803,-152.9747723191445,230.43199351994699,2.803020044740495,230.43199351994699,2.803020044740495,230.43199351994699,2.803020044740495,8,0.993,7
1760.65,GT-0026,126862.91220509837,-207764.44859374093,165.68914805936845,-152.97420941918443,230.71837592244938,3.31885541621746,230.71837592244938,3.31885541621746,230.71837592244938,3.31885541621746,8,0.988,7
1762.19,GT-0026,127176.97291885148,-208074.59004937002,165.6903924751309,-152.6600978309339,230.905387086192,2.8271208486356327,230.905387086192,2.8271208486356327,230.905387086192,2.8271208486356327,8,0.993,7
1764.33,GT-0026,127531.6158768519,-208401.2146854985,165.69390971727734,-152.6674688728307,231.29019834820514,3.5773431740315185,231.29019834820514,3.5773431740315185,231.29019834820514,3.5773431740315185,8,0.991,7
1765.36,GT-0026,127702.2617309606,-208558.47210909447,165.6976593532668,-152.66503291991972,231.6395455016459,3.8892987226938094,231.6395455016459,3.8892987226938094,231.6395455016459,3.8892987226938094,8,0.986,7
1769.66,GT-0026,128414.85534082678,-209214.9256321929,165.696532026455,-152.66842918929967,233.66335249940457,4.981693613084729,233.66335249940457,4.981693613084729,233.66335249940457,4.981693613084729,8,0.984,8
1770.41,GT-0026,128539.22736233428,-209329.8570091809,165.7066224719219,-152.66974413760653,234.1961941907527,5.1412416637097795,234.1961941907527,5.1412416637097795,234.1961941907527,5.1412416637097795,8,0.989,9
1770.48,GT-0026,128550.8988054372,-209340.46554889224,165.70843782810633,-152.67104028182325,234.32616406169788,5.15730934868615,234.32616406169788,5.15730934868615,234.32616406169788,5.15730934868615,8,0.986,9
1776.65,GT-0026,129584.54989738564,-210267.0908406995,167.3380338882058,-150.52037364682513,238.06986746297105,4.035785227844613,238.06986746297105,4.035785227844613,238.06986746297105,4.035785227844613,8,0.991,10
1779.12,GT-0026,130001.13220340783,-210661.23243994417,167.50488083725125,-152.26460945192758,239.37397258531078,4.051929697367636,239.37397258531078,4.051929697367636,239.37397258531078,4.051929697367636,8,0.992,10
1781.31,GT-0026,130368.04508268459,-210994.61069622397,167.50600833987176,-152.2629626464307,240.7852139102964,4.622026419596258,240.7852139102964,4.622026419596258,240.7852139102964,4.622026419596258,8,0.985,11
1781.49,GT-0026,130408.84944239285,-211035.56516600816,166.9318156614964,-153.56594178389287,240.6606533302676,4.033643034012931,240.6606533302676,4.033643034012931,240.6606533302676,4.033643034012931,8,0.991,11
1784.29,GT-0026,130876.276634517,-211465.37578850923,166.93609924322567,-153.57998268978957,242.32972067619934,4.7456289987850955,242.32972067619934,4.7456289987850955,242.32972067619934,4.7456289987850955,8,0.99,11
1785.71,GT-0026,131113.5190800016,-211683.51299080008,166.93798031103415,-153.5820813939739,243.50498221962448,5.0719050175186915,243.50498221962448,5.0719050175186915,243.50498221962448,5.0719050175186915,8,0.987,12
1786.73,GT-0026,131284.09301088392,-211839.97840212964,166.96040721311692,-153.58541060290997,244.42554784763797,5.285492057066716,244.42554784763797,5.285492057066716,244.42554784763797,5.285492057066716,7,0.99,12
1788.73,GT-0026,131617.8849020392,-212147.06968691872,166.96138459021478,-153.5815191779517,246.65921292927348,5.6973539086704,246.65921292927348,5.6973539086704,246.65921292927348,5.6973539086704,7,0.984,12
1789.27,GT-0026,131720.54125471768,-212069.4617707335,167.94334987683658,-151.41369611802412,244.54385512374049,3.6154298580266637,244.54385512374049,3.6154298580266637,244.54385512374049,3.6154298580266637,7,0.99,12
1790.28,GT-0026,131890.20137642004,-212222.30553970783,167.94471733313696,-151.4117059380686,245.0254911142485,3.917694520429979,245.0254911142485,3.917694520429979,245.0254911142485,3.917694520429979,7,0.988,12
1791.7,GT-0026,132191.78537554113,-212436.77982311707,168.3495186391714,-151.5468202299427,245.5197931716937,3.7043529891545073,245.5197931716937,3.7043529891545073,245.5197931716937,3.7043529891545073,7,0.991,12
1794.8,GT-0026,132713.62928408172,-212905.9616394922,168.3375243672115,-151.5455098824781,246.97785600445098,4.545059337998774,246.97785600445098,4.545059337998774,246.97785600445098,4.545059337998774,7,0.991,12
1796.33,GT-0026,132971.25369183114,-213137.8593935467,168.33498037805842,-151.55449533268109,247.97495013288696,4.903293209763268,247.97495013288696,4.903293209763268,247.97495013288696,4.903293209763268,7,0.991,12
1796.8,GT-0026,133050.61538662965,-213209.08363579138,168.3354762609287,-151.55236330939834,248.4160699613535,5.011530138778727,248.4160699613535,5.011530138778727,248.4160699613535,5.011530138778727,7,0.985,12
1798.23,GT-0026,133291.50154709813,-213425.786064411,168.33628617216272,-151.55133985674127,249.71176230960884,5.324888526498973,249.71176230960884,5.324888526498973,249.71176230960884,5.324888526498973,7,0.982,12
1799.36,GT-0026,133481.3925751348,-213597.11826036905,168.3440789876306,-151.56493624171844,250.80832557835504,5.544446410340903,250.80832557835504,5.544446410340903,250.80832557835504,5.544446410340903,7,0.989,12
1801.2,GT-0026,133737.73894013814,-213829.67967036154,169.43126161131886,-154.7123868667292,250.28987878003875,4.003815796591377,250.28987878003875,4.003815796591377,250.28987878003875,4.003815796591377,7,0.99,12
1802.23,GT-0026,133533.21343423802,-213780.31127102076,168.78458032749833,-154.28020468614184,238.569712898501,1.5296086692013646,238.569712898501,1.5296086692013646,238.569712898501,1.5296086692013646,8,0.993,12
1810.28,GT-0026,134892.10530551223,-215022.2544791416,168.78017331813052,-154.27143972504635,239.730846511453,4.5181711659719515,239.730846511453,4.5181711659719515,239.730846511453,4.5181711659719515,8,0.991,13
1812.78,GT-0026,135315.50070162336,-215407.95293017288,168.76382515244003,-154.24226518031168,240.97275368488846,5.070727711501365,240.97275368488846,5.070727711501365,240.97275368488846,5.070727711501365,8,0.992,13
1815.79,GT-0026,135823.98666587044,-215872.12270315745,168.76856367681387,-154.21645489331127,243.3384032409048,5.689343949130646,243.3384032409048,5.689343949130646,243.3384032409048,5.689343949130646,8,0.991,13
1818.76,GT-0026,136382.90238796227,-216355.6960729039,167.63927040178996,-152.88188691835637,244.57405640267356,4.194795893989823,244.57405640267356,4.194795893989823,244.57405640267356,4.194795893989823,7,0.992,13
1821.04,GT-0026,136765.03805649997,-216704.41549233365,167.6389237712789,-152.8722482620184,246.07626859160212,4.767088426788385,246.07626859160212,4.767088426788385,246.07626859160212,4.767088426788385,7,0.988,14
1823.53,GT-0026,137182.6188916652,-217084.89678496428,167.62962061994403,-152.87272126158234,248.25871928735052,5.321541292219016,248.25871928735052,5.321541292219016,248.25871928735052,5.321541292219016,7,0.987,15
1823.73,GT-0026,137871.9780647292,-217022.2676287602,167.25543018475364,-152.67698841152216,242.2739123138842,1.5296432305800969,242.2739123138842,1.5296432305800969,242.2739123138842,1.5296432305800969,8,0.992,16
1826.17,GT-0026,138280.12553273214,-217394.9368236116,167.2595807401086,-152.6746022733148,242.3373776340633,2.7968915903297624,242.3373776340633,2.7968915903297624,242.3373776340633,2.7968915903297624,8,0.992,16
1828.39,GT-0026,138651.27863189564,-217733.83554530065,167.25978676975018,-152.67409537132062,242.64386621608688,3.5816236339377903,242.64386621608688,3.5816236339377903,242.64386621608688,3.5816236339377903,8,0.986,17
1828.99,GT-0026,138767.3371063667,-217815.40891457984,167.34002162145063,-152.4349058352733,242.68489220198333,2.9137832420276135,242.68489220198333,2.9137832420276135,242.68489220198333,2.9137832420276135,8,0.992,17
1831.52,GT-0026,139174.8181212345,-218267.6757286909,167.50812503692683,-151.3009217746358,242.9723567938,2.8925591107976256,242.9723567938,2.8925591107976256,242.9723567938,2.8925591107976256,8,0.993,17
1832.62,GT-0026,139358.9767764645,-218434.01754357532,167.5064974458255,-151.3021516374997,243.15118405544106,3.2929210910153994,243.15118405544106,3.2929210910153994,243.15118405544106,3.2929210910153994,8,0.99,17
1833.81,GT-0026,139558.0376554931,-218614.0313200717,167.50238643695778,-151.30124171708184,243.3757254021838,3.6728021878394577,243.3757254021838,3.6728021878394577,243.3757254021838,3.6728021878394577,8,0.992,17
1835.86,GT-0026,139851.33998059382,-218877.04631827405,168.68899958804272,-151.86168279757499,243.6055024654638,2.7872192699415357,243.6055024654638,2.7872192699415357,243.6055024654638,2.7872192699415357,8,0.993,17
1836.63,GT-0026,139981.23136400938,-218994.03731201863,168.69115915942416,-151.86024056837468,243.78841268305285,3.0835485261839346,243.78841268305285,3.0835485261839346,243.78841268305285,3.0835485261839346,8,0.988,17
1838.56,GT-0026,140289.89273907384,-219262.9581261794,167.97198248983568,-151.47684815196328,244.03835879082973,2.8577295247400665,244.03835879082973,2.8577295247400665,244.03835879082973,2.8577295247400665,7,0.992,17
1840.38,GT-0026,140595.50098378904,-219538.5382735388,167.96982729715296,-151.47707595581045,244.42154574759314,3.503097303213056,244.42154574759314,3.503097303213056,244.42154574759314,3.503097303213056,7,0.986,18
1840.95,GT-0026,140690.5849196762,-219624.5282719413,167.96608402182767,-151.47899641735438,244.55272570673483,3.6773146301873623,244.55272570673483,3.6773146301873623,244.55272570673483,3.6773146301873623,7,0.991,18
1846.55,GT-0026,141557.00284088263,-220514.87199054103,166.6871739136609,-150.07092008701676,245.481965288714,2.5372678069868004,245.481965288714,2.5372678069868004,245.481965288714,2.5372678069868004,7,0.993,19
1848.9,GT-0026,141916.1810834425,-220856.86162289628,167.3316021990651,-150.08229264164896,245.78717972051268,2.833940558483729,245.78717972051268,2.833940558483729,245.78717972051268,2.833940558483729,7,0.993,19
1849.23,GT-0026,141971.30584646415,-220906.2214559422,167.331721873034,-150.08244112104248,245.92964899268995,2.9633409589010027,245.92964899268995,2.9633409589010027,245.92964899268995,2.9633409589010027,7,0.986,19
1851.16,GT-0026,142293.96726805507,-221195.98964382723,167.33219788529655,-150.09199872888001,246.2784284656661,3.6186637779531554,246.2784284656661,3.6186637779531554,246.2784284656661,3.6186637779531554,7,0.991,19
1853.59,GT-0026,142700.89860155314,-221560.20873571315,167.31671978854786,-150.0837638186997,246.9986968796897,4.300722929466783,246.9986968796897,4.300722929466783,246.9986968796897,4.300722929466783,7,0.992,19
1856.39,GT-0026,143169.36750529677,-221980.52347331736,167.3297164472607,-150.08140092096477,248.38798216708437,4.973378267538426,248.38798216708437,4.973378267538426,248.38798216708437,4.973378267538426,7,0.991,19
1857.8,GT-0026,143405.2635171459,-222191.67414419388,167.33122418186286,-150.10692735545524,249.35514871946307,5.274957635810093,249.35514871946307,5.274957635810093,249.35514871946307,5.274957635810093,7,0.991,20
1859.17,GT-0026,143632.31212437875,-222413.1569251731,167.27372299342846,-150.6365852092634,250.0240784798231,4.544826747714924,250.0240784798231,4.544826747714924,250.0240784798231,4.544826747714924,7,0.992,20
1859.69,GT-0026,143719.26184169063,-222491.346684359,167.2735803160874,-150.63159183371533,250.41910197956574,4.6727679620316644,250.41910197956574,4.6727679620316644,250.41910197956574,4.6727679620316644,7,0.987,20
1861.75,GT-0026,144063.73443688362,-222801.5521366579,167.27896143294072,-150.63087980247496,251.89068936677273,5.137845966335318,251.89068936677273,5.137845966335318,251.89068936677273,5.137845966335318,7,0.99,20
1863.16,GT-0026,144329.8968406332,-222991.79226195122,167.62589654982887,-150.59165994788373,252.8347387190838,4.818135471603059,252.8347387190838,4.818135471603059,252.8347387190838,4.818135471603059,7,0.99,20
1866.57,GT-0026,144901.28645337967,-223504.9964586382,167.62698871706033,-150.59160803190093,255.85011572645817,5.55810186832646,255.85011572645817,5.55810186832646,255.85011572645817,5.55810186832646,7,0.987,20
1866.94,GT-0026,144963.23289571714,-223560.43950186076,167.62580193088337,-150.58956796857262,256.35522250363243,5.63454581853802,256.35522250363243,5.63454581853802,256.35522250363243,5.63454581853802,7,0.983,20
1867.36,GT-0026,144914.22911584773,-223439.68180438035,170.58490952716454,-149.44695902635908,249.8528854343032,1.5296507176573315,249.8528854343032,1.5296507176573315,249.8528854343032,1.5296507176573315,7,0.992,21
1869.36,GT-0026,145255.36459091064,-223738.9735902861,170.58669982363156,-149.4508310294614,249.911252446319,2.615363672161642,249.911252446319,2.615363672161642,249.911252446319,2.615363672161642,7,0.991,21
1871.59,GT-0026,145635.60049577773,-224072.38703623903,170.58597515043488,-149.45081101642108,250.16026027533874,3.4446851322326104,250.16026027533874,3.4446851322326104,250.16026027533874,3.4446851322326104,7,0.987,21
1872.23,GT-0026,145780.0889424767,-224211.33491466814,169.71558529429174,-149.7720849255884,250.21684160640496,2.970955865705529,250.21684160640496,2.970955865705529,250.21684160640496,2.970955865705529,7,0.992,21
1875.17,GT-0026,146322.29457762075,-224594.81192703726,169.12525701647823,-149.17717344396294,250.5525280897516,2.8944662945006954,250.5525280897516,2.8944662945006954,250.5525280897516,2.8944662945006954,7,0.993,21
1878.15,GT-0026,146826.31247127123,-225038.85754809732,169.1232336853451,-149.17575127797258,251.0699230612655,3.8784249212651933,251.0699230612655,3.8784249212651933,251.0699230612655,3.8784249212651933,7,0.992,21
1882.98,GT-0026,147643.007257006,-225759.41218969613,169.11916170522943,-149.17924779073525,253.1951549937152,5.090966175976897,253.1951549937152,5.090966175976897,253.1951549937152,5.090966175976897,7,0.987,22
1883.05,GT-0026,147658.37386094875,-225617.84733130323,169.7956940175139,-148.16098315795105,251.8840059226097,2.5405493085534596,251.8840059226097,2.5405493085534596,251.8840059226097,2.5405493085534596,7,0.992,23
1885.88,GT-0026,148139.18648766814,-226037.5438372456,169.7832256574036,-148.17369731261735,252.3479431936813,3.5769187203496227,252.3479431936813,3.5769187203496227,252.3479431936813,3.5769187203496227,7,0.992,23
1888.14,GT-0026,148543.24020695273,-226404.17791507437,168.33736145120136,-149.72704283433802,252.61274823084327,2.771281898973918,252.61274823084327,2.771281898973918,252.61274823084327,2.771281898973918,7,0.993,23
1888.96,GT-0026,148681.0489620318,-226526.8932330784,168.33648314069768,-149.72900398788013,252.81352885512024,3.0874254571653377,252.81352885512024,3.0874254571653377,252.81352885512024,3.0874254571653377,7,0.988,24
1891.0,GT-0026,149024.67643126706,-226832.21169845326,168.34515585155037,-149.72890574083527,253.22175751994516,3.753312534125669,253.22175751994516,3.753312534125669,253.22175751994516,3.753312534125669,7,0.991,24
1894.0,GT-0026,149529.48921701597,-227281.1896371306,168.33438244780007,-149.74389356810525,254.24989222919433,4.555396375035131,254.24989222919433,4.555396375035131,254.24989222919433,4.555396375035131,7,0.992,24
1895.96,GT-0026,149861.7418155607,-227576.82533279553,168.24786751131396,-149.69650224136586,255.2878967507912,4.8821806932979195,255.2878967507912,4.8821806932979195,255.2878967507912,4.8821806932979195,7,0.992,24
1898.28,GT-0026,150252.0601214736,-227923.96662750567,168.24994624808056,-149.69172952921213,257.0245267187397,5.392651368159241,257.0245267187397,5.392651368159241,257.0245267187397,5.392651368159241,7,0.984,24
1898.29,GT-0026,150253.50674342844,-227925.4061386205,168.2590616541056,-149.68928266402088,257.1131071029136,5.395362052822346,257.1131071029136,5.395362052822346,257.1131071029136,5.395362052822346,7,0.984,25
1901.25,GT-0026,150751.8455403997,-228369.5078862801,168.31238792233012,-149.7558909253662,260.0513174626566,5.886774050552227,260.0513174626566,5.886774050552227,260.0513174626566,5.886774050552227,7,0.989,26
1902.91,GT-0026,151031.2879082991,-228618.06558301602,168.31346648485476,-149.7569329360524,262.2184282950499,6.197189089220863,262.2184282950499,6.197189089220863,262.2184282950499,6.197189089220863,7,0.985,26
1902.97,GT-0026,151041.02213990048,-228626.98677350653,168.3294698671051,-149.75013199628188,262.34792905744,6.205606507087101,262.34792905744,6.205606507087101,262.34792905744,6.205606507087101,7,0.986,26
1903.64,GT-0026,151133.76666358148,-228722.78283704288,167.90857540541987,-148.24949142278376,262.8327566785769,5.592899277167193,262.8327566785769,5.592899277167193,262.8327566785769,5.592899277167193,7,0.989,26
1906.71,GT-0026,151631.39366487027,-229196.89259778315,167.5630975348783,-149.06417136079426,266.04503000383903,5.334075291308835,266.04503000383903,5.334075291308835,266.04503000383903,5.334075291308835,7,0.99,26
1907.81,GT-0026,151649.02036513478,-229276.1293676658,167.96430439007992,-147.08334569958487,264.8792237985148,3.9330252168081277,264.8792237985148,3.9330252168081277,264.8792237985148,3.9330252168081277,7,0.99,26
1909.65,GT-0026,151944.7729784772,-229598.5628576608,168.40502728401262,-148.16468910240098,265.4734009843258,3.6972751585981576,265.4734009843258,3.6972751585981576,265.4734009843258,3.6972751585981576,7,0.992,26
1911.15,GT-0026,152197.40180427398,-229820.7134231679,168.40585940070906,-148.16399661274255,266.1461621850289,4.130312001221282,266.1461621850289,4.130312001221282,266.1461621850289,4.130312001221282,7,0.985,26
1912.47,GT-0026,152420.09437751342,-230016.0608196249,168.41388396298527,-148.16704560243272,266.76983458039666,4.471355017555322,266.76983458039666,4.471355017555322,266.76983458039666,4.471355017555322,7,0.989,26
1912.86,GT-0026,152485.50813904917,-230073.7859625404,168.41456581149768,-148.16520715274015,267.0733450868155,4.569999258736499,267.0733450868155,4.569999258736499,267.0733450868155,4.569999258736499,7,0.985,26
1915.69,GT-0026,153183.70378157834,-230293.9365011935,167.7722089145907,-148.70756108838933,244.6493935481613,0.6615154090681955,244.6493935481613,0.6615154090681955,244.6493935481613,0.6615154090681955,7,0.996,26
1918.01,GT-0026,153573.25787683856,-230638.95151585183,167.77376180481087,-148.71741948974244,244.67352592971008,2.3644125516887535,244.67352592971008,2.3644125516887535,244.67352592971008,2.3644125516887535,7,0.997,26
1918.3,GT-0026,153697.4607038545,-230709.93347025616,168.85197347893,-149.10374081342366,235.30815207554738,1.5294196905401984,235.30815207554738,1.5294196905401984,235.30815207554738,1.5294196905401984,8,0.994,26
1921.05,GT-0026,154161.8035207911,-231120.10721837895,168.83887561635743,-149.09309112654051,235.39375424331496,2.912170583996488,235.39375424331496,2.912170583996488,235.39375424331496,2.912170583996488,8,0.995,26
1923.33,GT-0026,154546.62649587088,-231459.88566400862,168.8135506449656,-149.09384500972064,235.65744580779523,3.6584777101809034,235.65744580779523,3.6584777101809034,235.65744580779523,3.6584777101809034,8,0.996,26
1926.0,GT-0026,154991.83789543452,-231862.1931997691,168.62191495652257,-149.08649440579845,236.29900338334014,3.8634226035692043,236.29900338334014,3.8634226035692043,236.29900338334014,3.8634226035692043,8,0.996,26
1930.64,GT-0026,155766.9198287726,-232553.79589325993,168.31404591104172,-149.3902822550086,238.05855959784586,3.9663289949067675,238.05855959784586,3.9663289949067675,238.05855959784586,3.9663289949067675,8,0.995,27
1931.86,GT-0026,155420.58906960775,-232576.36968887202,168.39941740618218,-149.57011826754578,229.79343485646194,1.1567447384132639,229.79343485646194,1.1567447384132639,229.79343485646194,1.1567447384132639,8,0.995,28
1933.06,GT-0026,155622.69731733113,-232756.60310432178,168.39529797820938,-149.55696808030157,229.81663006929426,2.001218264014564,229.81663006929426,2.001218264014564,229.81663006929426,2.001218264014564,8,0.997,28
1940.84,GT-0026,156933.05741635058,-233920.2960232987,168.39804969220256,-149.54146086251126,231.22099566759584,4.603050735773132,231.22099566759584,4.603050735773132,231.22099566759584,4.603050735773132,8,0.995,29
1941.89,GT-0026,157001.95146057117,-234136.81494476082,166.86182393383874,-146.6596200010621,230.75096586129624,2.237851492009669,230.75096586129624,2.237851492009669,230.75096586129624,2.237851492009669,8,0.995,30
1943.63,GT-0026,157293.01097727026,-234392.41597992048,166.85957022774807,-146.6853869582224,230.95921827914896,2.9583892892801718,230.95921827914896,2.9583892892801718,230.95921827914896,2.9583892892801718,8,0.997,30
1946.0,GT-0026,157688.87548994884,-234740.58140412282,166.80663178713527,-146.75097882142438,231.41605069897292,3.674424961032576,231.41605069897292,3.674424961032576,231.41605069897292,3.674424961032576,8,0.997,30
1947.97,GT-0026,158021.53862408933,-235035.80618671523,166.5295582037702,-147.09677907818457,231.91771892361592,3.4316661923566536,231.91771892361592,3.4316661923566536,231.91771892361592,3.4316661923566536,8,0.997,30
1948.66,GT-0026,158136.84115495824,-235137.72562972482,166.5348074441942,-147.10154477378848,232.14876897255274,3.6507393901795084,232.14876897255274,3.6507393901795084,232.14876897255274,3.6507393901795084,8,0.991,30
1950.91,GT-0026,158510.2154063829,-235469.9263315141,166.25290384593788,-147.640744275592,232.7252568092313,3.2398666276145835,232.7252568092313,3.2398666276145835,232.7252568092313,3.2398666276145835,8,0.997,30
1952.64,GT-0026,158858.42894886422,-235722.1365375599,166.850813631282,-147.27361192095333,232.69775304399056,2.1068526365851437,232.69775304399056,2.1068526365851437,232.69775304399056,2.1068526365851437,8,0.995,30
1953.03,GT-0026,158923.69789871958,-235779.6268171805,166.85041791826853,-147.2659593798375,232.74531502595406,2.292879575247007,232.74531502595406,2.292879575247007,232.74531502595406,2.292879575247007,8,0.997,30
1956.29,GT-0026,159467.74258524514,-236259.9512246558,166.87039871239404,-147.29358677514813,233.21052489688296,3.4999488896447093,233.21052489688296,3.4999488896447093,233.21052489688296,3.4999488896447093,8,0.997,30
1956.61,GT-0026,159521.3231479276,-236307.26411648144,166.87108689954863,-147.30329056484436,233.31128440385234,3.5998597101583214,233.31128440385234,3.5998597101583214,233.31128440385234,3.5998597101583214,8,0.992,30
1960.76,GT-0026,160213.94107134183,-236918.7136752409,166.87373108277714,-147.29974575293835,234.87128421161455,4.72003820005222,234.87128421161455,4.72003820005222,234.87128421161455,4.72003820005222,8,0.99,30
1963.52,GT-0026,160682.71893736027,-237339.94686784892,166.78442425240183,-147.44587551689983,235.73825210377137,3.4538269457923816,235.73825210377137,3.4538269457923816,235.73825210377137,3.4538269457923816,8,0.995,31
1965.42,GT-0026,160997.1397248991,-237622.830152623,166.6308906709455,-147.72070332583573,236.38555455182026,3.493659704614591,236.38555455182026,3.493659704614591,236.38555455182026,3.493659704614591,8,0.996,31
1965.96,GT-0026,161084.08371000807,-237701.28681596342,166.5481634925433,-147.65538954345294,236.5718836811638,3.6034608259885337,236.5718836811638,3.6034608259885337,236.5718836811638,3.6034608259885337,8,0.994,31
1968.42,GT-0026,161494.11793036468,-238064.74437999594,166.54511759598898,-147.64987573182424,237.62276094392368,4.295831231901082,237.62276094392368,4.295831231901082,237.62276094392368,4.295831231901082,8,0.992,31
1970.46,GT-0026,161830.85200293883,-238374.88953685394,166.44730129937392,-147.85010394820043,238.1754766754306,3.3628232220964067,238.1754766754306,3.3628232220964067,238.1754766754306,3.3628232220964067,8,0.996,32
1975.95,GT-0026,162741.73688472272,-239190.1428792924,166.4424611712501,-147.59001647720208,240.5651158277374,3.911454999719744,240.5651158277374,3.911454999719744,240.5651158277374,3.911454999719744,8,0.995,33
1975.98,GT-0026,162746.8896151324,-239194.55012515624,166.44142719730388,-147.5912865734012,240.67791388934236,3.92158854607108,240.67791388934236,3.92158854607108,240.67791388934236,3.92158854607108,8,0.987,34
1977.97,GT-0026,163078.74778533462,-239481.2447291571,166.2806584218165,-147.61365868119162,241.2197906496285,3.2544004406007017,241.2197906496285,3.2544004406007017,241.2197906496285,3.2544004406007017,8,0.995,34
1982.12,GT-0026,163784.9488685794,-240100.58943821557,166.3334361789514,-148.13879721133588,242.24179146122668,2.799139572392599,242.24179146122668,2.799139572392599,242.24179146122668,2.799139572392599,8,0.997,35
1983.07,GT-0026,163942.91434984625,-240241.15362092791,166.3301773186077,-148.13805907461025,242.5420827163124,3.158815829869136,242.5420827163124,3.158815829869136,242.5420827163124,3.158815829869136,8,0.99,35
1984.42,GT-0026,164166.8797786037,-240440.47724955776,166.25422478747691,-148.14471835526226,242.92290580298175,3.5426036312417035,242.92290580298175,3.5426036312417035,242.92290580298175,3.5426036312417035,8,0.995,35
1985.93,GT-0026,164417.99951056397,-240664.05699692146,166.25434445005402,-148.14463794829655,243.4913859247675,3.992871573212545,243.4913859247675,3.992871573212545,243.4913859247675,3.992871573212545,8,0.991,36
1986.38,GT-0026,164494.8928024182,-240727.51846328226,166.298311518909,-147.41710296851952,243.57644752309596,3.5078475967517115,243.57644752309596,3.5078475967517115,243.57644752309596,3.5078475967517115,8,0.996,36
1989.45,GT-0026,165009.2793250552,-241180.32782936646,166.12300495821225,-147.2430835068484,244.75683888067826,4.104408444670011,244.75683888067826,4.104408444670011,244.75683888067826,4.104408444670011,7,0.995,36
1991.34,GT-0026,165323.39269228964,-241458.43952233632,166.12611953298875,-147.24576891157,245.72753101144409,4.588798661850384,245.72753101144409,4.588798661850384,245.72753101144409,4.588798661850384,7,0.992,36
1992.07,GT-0026,165452.84732544154,-241566.89747844584,165.6940444719139,-147.3788874699839,245.5274726960064,3.278717145958786,245.5274726960064,3.278717145958786,245.5274726960064,3.278717145958786,7,0.996,36
1994.81,GT-0026,165908.3136886917,-241972.1482149801,165.66298515901457,-147.40796685390262,246.5214897028733,4.015153820943181,246.5214897028733,4.015153820943181,246.5214897028733,4.015153820943181,7,0.995,36
1997.35,GT-0026,166336.2777707418,-242351.3172221714,165.30797208118491,-146.52266316132238,246.86457317185364,2.7255950044974266,246.86457317185364,2.7255950044974266,246.86457317185364,2.7255950044974266,7,0.997,36
1999.85,GT-0026,166740.63079289024,-242719.48803792015,165.03008100146616,-146.28232041754882,247.3901179926055,2.9536344326541726,247.3901179926055,2.9536344326541726,247.3901179926055,2.9536344326541726,7,0.997,36
2002.16,GT-0026,167360.76766394457,-243134.42360789026,165.22124113365737,-145.13454565533436,241.6781544316072,1.1567311108405687,241.6781544316072,1.1567311108405687,241.6781544316072,1.1567311108405687,8,0.995,37
2005.67,GT-0026,167940.08387038906,-243644.13083829414,165.19721099642987,-145.15518654740646,241.79521220800467,3.0086965411213273,241.79521220800467,3.0086965411213273,241.79521220800467,3.0086965411213273,8,0.997,38
2007.34,GT-0026,168215.88271905915,-243886.42464705216,165.20308526213864,-145.155328253216,242.02966206382087,3.5790252986356808,242.02966206382087,3.5790252986356808,242.02966206382087,3.5790252986356808,8,0.991,38
2014.73,GT-0026,169434.79939072917,-244956.49241329875,165.28788400622008,-144.81061397235362,244.7946445489008,4.260520715353933,244.7946445489008,4.260520715353933,244.7946445489008,4.260520715353933,7,0.994,39
2015.61,GT-0026,169456.80355274657,-245004.72916560245,164.76615922035097,-147.5512716120466,243.7522818275404,1.7189118758935007,243.7522818275404,1.7189118758935007,243.7522818275404,1.7189118758935007,8,0.995,40
2017.23,GT-0026,169723.72519097227,-245244.01690455346,164.7626801223895,-147.53185192291795,243.86899039841114,2.559172557501877,243.86899039841114,2.559172557501877,243.86899039841114,2.559172557501877,8,0.996,40
2020.01,GT-0026,170181.4916485083,-245654.46466031976,164.75473619898332,-147.51174702525398,244.24141335682,3.5629745863888784,244.24141335682,3.5629745863888784,244.24141335682,3.5629745863888784,7,0.995,40
2020.79,GT-0026,170310.05459341515,-245769.6484828616,164.7549056430571,-147.5095114539502,244.43441846665633,3.7993310852926805,244.43441846665633,3.7993310852926805,244.43441846665633,3.7993310852926805,7,0.992,40
2021.74,GT-0026,170466.61720297634,-245909.70331329052,164.7548639739023,-147.51010006704595,244.77024423533888,4.07208090937732,244.77024423533888,4.07208090937732,244.77024423533888,4.07208090937732,7,0.987,41
2022.69,GT-0026,170623.0073160633,-246049.85739390584,164.7417418289158,-147.47897415672233,245.08682908915299,4.298551668726443,245.08682908915299,4.298551668726443,245.08682908915299,4.298551668726443,7,0.994,41
2024.93,GT-0026,170991.98549981756,-246380.2004825234,164.73831978710098,-147.48473474452686,246.12617991691232,4.847322519027242,246.12617991691232,4.847322519027242,246.12617991691232,4.847322519027242,7,0.99,41
2025.2,GT-0026,171035.71016386084,-246423.62709741452,164.84946227862588,-147.46456206248325,246.2381066932868,4.511742058290745,246.2381066932868,4.511742058290745,246.2381066932868,4.511742058290745,7,0.994,41
2028.32,GT-0026,171530.2432993179,-246891.9391471355,164.8675644585614,-147.69131658401608,247.74815419638793,4.122822032994512,247.74815419638793,4.122822032994512,247.74815419638793,4.122822032994512,7,0.995,41
2030.91,GT-0026,171969.90269260042,-247283.71776762052,165.00455948884792,-147.0312455137444,248.17004748993145,2.861952551106702,248.17004748993145,2.861952551106702,248.17004748993145,2.861952551106702,7,0.997,41
2032.62,GT-0026,172251.63307111122,-247535.0842655804,165.00268045458176,-147.03866770928917,248.62693107009974,3.462389427668554,248.62693107009974,3.462389427668554,248.62693107009974,3.462389427668554,7,0.994,42
2037.99,GT-0026,173133.6261267807,-248318.6079082774,165.2180507795328,-146.01235922152802,250.890654301327,4.033700831243142,250.890654301327,4.033700831243142,250.890654301327,4.033700831243142,7,0.995,43
2040.27,GT-0026,173490.11537500544,-248659.98058045158,164.2642794703719,-146.3295039180124,251.55132624830765,3.3291343566051994,251.55132624830765,3.3291343566051994,251.55132624830765,3.3291343566051994,7,0.996,43
2042.67,GT-0026,173884.5363175902,-249011.51808297032,164.27819226481023,-146.32712787666543,252.47290342582613,4.053746791552541,252.47290342582613,4.053746791552541,252.47290342582613,4.053746791552541,7,0.993,43
2045.41,GT-0026,174334.794594237,-249412.3939832785,164.28991101567112,-146.31420543835242,253.98564203179123,4.748531960172881,253.98564203179123,4.748531960172881,253.98564203179123,4.748531960172881,7,0.991,43
2046.93,GT-0026,174584.28269764723,-249634.6765131116,164.29148870566564,-146.3108385316126,255.15758001858362,5.096736701640061,255.15758001858362,5.096736701640061,255.15758001858362,5.096736701640061,7,0.987,44
2048.12,GT-0026,174779.64954747207,-249808.9733585588,164.28884631640528,-146.31659774184243,256.17211058961794,5.336797199120512,256.17211058961794,5.336797199120512,256.17211058961794,5.336797199120512,7,0.991,44
2052.07,GT-0026,175428.32295978695,-250387.19524531442,164.29042450270913,-146.31561446790442,260.74741484320896,6.113024609185815,260.74741484320896,6.113024609185815,260.74741484320896,6.113024609185815,7,0.987,44
2052.56,GT-0026,175496.13944457265,-250456.09784007142,164.58336829736584,-146.38698526213807,260.45993666363375,5.0476274964087375,260.45993666363375,5.0476274964087375,260.45993666363375,5.0476274964087375,7,0.991,45
2054.36,GT-0026,175789.5160245204,-250708.33020545534,164.4751184356923,-146.56430916342742,262.10451299682745,4.974182542136654,262.10451299682745,4.974182542136654,262.10451299682745,4.974182542136654,7,0.992,45
2057.39,GT-0026,176287.8047213482,-251152.42781020596,164.46632401429224,-146.56046122349335,265.3093524035924,5.6081081545330065,265.3093524035924,5.6081081545330065,265.3093524035924,5.6081081545330065,7,0.991,45
2059.78,GT-0026,176676.25977537828,-251516.54798398534,165.55153841728315,-147.0360905788175,266.95037935711724,4.707672466475097,266.95037935711724,4.707672466475097,266.95037935711724,4.707672466475097,7,0.992,45
2061.62,GT-0026,176980.18036552376,-251786.94726233353,165.54899634903813,-147.02319930834688,268.67167567445637,5.121593802790162,268.67167567445637,5.121593802790162,268.67167567445637,5.121593802790162,7,0.991,45
2063.52,GT-0026,177253.94386003062,-252064.36012206206,164.29413704546707,-145.93767607890163,268.5462115369601,3.711205802376572,268.5462115369601,3.711205802376572,268.5462115369601,3.711205802376572,7,0.993,45
2064.21,GT-0026,177367.0394759475,-252165.15433089345,164.29123773792207,-145.93470716302983,268.91564605277944,3.912504148951751,268.91564605277944,3.912504148951751,268.91564605277944,3.912504148951751,7,0.991,46
2066.47,GT-0026,177738.53161830196,-252495.0025434262,164.28510274397252,-145.94676335131038,270.28373066222946,4.506751341920872,270.28373066222946,4.506751341920872,270.28373066222946,4.506751341920872,7,0.992,46
2068.47,GT-0026,178066.86683631598,-252786.92341957887,164.28577822715795,-145.9399047556683,271.89381595136217,4.982603476729127,271.89381595136217,4.982603476729127,271.89381595136217,4.982603476729127,7,0.986,46
2069.08,GT-0026,178166.74806939348,-252876.00657843787,164.27832389380956,-145.94508965189243,272.44036043584674,5.111573871298446,272.44036043584674,5.111573871298446,272.44036043584674,5.111573871298446,7,0.989,46
2070.98,GT-0026,178478.51092601343,-253153.50967122932,164.27899764779136,-145.94652142806035,274.31849582959586,5.504827669979916,274.31849582959586,5.504827669979916,274.31849582959586,5.504827669979916,7,0.99,46
2073.3,GT-0026,178859.00037575298,-253493.20287514437,164.28678511587157,-145.90370990492465,277.09208620020365,5.811598771315567,277.09208620020365,5.811598771315567,277.09208620020365,5.811598771315567,7,0.99,46
2074.11,GT-0026,178991.92034497092,-253611.3734559603,164.28309846140735,-145.89874467477784,278.27000068531015,5.968401978424538,278.27000068531015,5.968401978424538,278.27000068531015,5.968401978424538,7,0.984,47
2075.67,GT-0026,179252.4139732105,-253839.71665496688,164.61698495169617,-146.20116384560765,280.1254211201142,5.642989144502922,280.1254211201142,5.642989144502922,280.1254211201142,5.642989144502922,7,0.989,47
2080.84,GT-0026,180032.96900786035,-254568.5111302616,162.41967097605718,-143.24700469037447,280.096083823231,3.0715199921616643,280.096083823231,3.0715199921616643,280.096083823231,3.0715199921616643,7,0.993,48
2081.9,GT-0026,180204.9207269628,-254720.15715109665,162.41925169630878,-143.24825484457742,280.5566913143624,3.439098359495594,280.5566913143624,3.439098359495594,280.5566913143624,3.439098359495594,7,0.987,49
2085.9,GT-0026,180854.0590328499,-255293.21270505877,162.42111018135543,-143.25837759270064,282.4769149503547,4.554297823638894,282.4769149503547,4.554297823638894,282.4769149503547,4.554297823638894,7,0.991,50
2089.06,GT-0026,181382.03780111682,-255754.36706111563,162.37422973405708,-144.46004270717782,284.4822374546726,4.595053603157012,284.4822374546726,4.595053603157012,284.4822374546726,4.595053603157012,7,0.992,50
2091.08,GT-0026,181703.52377785582,-255994.20233485173,160.8606767229426,-147.09793126341427,284.40015853781256,3.193916284191105,284.40015853781256,3.193916284191105,284.40015853781256,3.193916284191105,7,0.993,50
2094.06,GT-0026,182182.82973930388,-256432.52029853436,160.8673417141627,-147.09665972641446,285.4181100596441,4.108866329877606,285.4181100596441,4.108866329877606,285.4181100596441,4.108866329877606,7,0.991,50
2095.54,GT-0026,182421.1092660297,-256650.22274659516,160.88084629252754,-147.08530992405065,286.0953723615155,4.486943677719062,286.0953723615155,4.486943677719062,286.0953723615155,4.486943677719062,7,0.992,50
2097.54,GT-0026,182742.78208252796,-256944.74355826757,160.8852022976596,-147.09899657519583,287.26460010941037,4.957000552595076,287.26460010941037,4.957000552595076,287.26460010941037,4.957000552595076,7,0.991,50
2098.61,GT-0026,182915.06043799606,-257102.13468040855,160.89150039533428,-147.09327775853353,288.0856784819315,5.1935281561157245,288.0856784819315,5.1935281561157245,288.0856784819315,5.1935281561157245,7,0.988,51
2099.87,GT-0026,183117.82671144904,-257287.27242474438,160.8843806945493,-147.0601048873557,289.1114383936138,5.450905361471335,289.1114383936138,5.450905361471335,289.1114383936138,5.450905361471335,7,0.99,51
2101.76,GT-0026,183421.83763696483,-257565.2971459295,160.88844091930218,-147.0576867857718,291.01021873194964,5.828223821353346,291.01021873194964,5.828223821353346,291.01021873194964,5.828223821353346,7,0.986,52
2102.02,GT-0026,183456.85834911105,-257599.60694896983,161.46293440264085,-144.9481193403577,287.9963774232678,2.9186816625118244,287.9963774232678,2.9186816625118244,287.9963774232678,2.9186816625118244,7,0.992,52
2103.81,GT-0026,183745.58504443118,-257859.53601806037,161.4676265086338,-144.95233717510934,288.4591491024688,3.5407083654133777,288.4591491024688,3.5407083654133777,288.4591491024688,3.5407083654133777,7,0.991,52
2106.64,GT-0026,184208.37969884436,-258330.2177905532,161.61889020822744,-145.30717471373478,289.05825919195615,3.1815331093186683,289.05825919195615,3.1815331093186683,289.05825919195615,3.1815331093186683,7,0.993,52
2108.33,GT-0026,184481.47131236907,-258575.85954103016,161.62134639515503,-145.2994122187901,289.483465107421,3.7297889323124607,289.483465107421,3.7297889323124607,289.483465107421,3.7297889323124607,7,0.991,52
2110.26,GT-0026,184793.40478660064,-258855.9770906916,161.63109532582865,-145.30360736988294,290.1319802997335,4.269101070265142,290.1319802997335,4.269101070265142,290.1319802997335,4.269101070265142,7,0.991,52
2113.74,GT-0026,185355.80346453903,-259361.65720232963,161.63507826324738,-145.29007026871426,291.89575943271313,5.097621413541719,291.89575943271313,5.097621413541719,291.89575943271313,5.097621413541719,7,0.991,53
2115.42,GT-0026,185627.11623420325,-259605.82610827495,161.6335150003584,-145.27612799643077,293.1085472148478,5.447089036235192,293.1085472148478,5.447089036235192,293.1085472148478,5.447089036235192,7,0.99,53
2117.75,GT-0026,185903.10883050034,-259967.64961093923,160.92421138958414,-146.2925134751992,291.96027880463294,2.7167609361986487,291.96027880463294,2.7167609361986487,291.96027880463294,2.7167609361986487,7,0.993,53
2122.23,GT-0026,186623.31924653932,-260623.03963961088,160.91697217773023,-146.29828374152405,293.09175772498105,4.177765340007574,293.09175772498105,4.177765340007574,293.09175772498105,4.177765340007574,7,0.99,54
2123.57,GT-0026,186869.93442544606,-260894.17923194382,162.13878521023597,-145.18941742341974,293.06655960118223,2.981056585827041,293.06655960118223,2.981056585827041,293.06655960118223,2.981056585827041,7,0.993,55
2125.52,GT-0026,187186.05905933172,-261177.3877857224,162.13882244291395,-145.1909040770098,293.5381253530195,3.644571349327701,293.5381253530195,3.644571349327701,293.5381253530195,3.644571349327701,7,0.987,56
2125.98,GT-0026,187260.60007202203,-261243.89503771265,162.13770945604432,-145.18724437734664,293.6744413317802,3.781985614463347,293.6744413317802,3.781985614463347,293.6744413317802,3.781985614463347,7,0.99,56
2128.74,GT-0026,187708.1593609166,-261644.02420861457,162.13388103656456,-145.17508751931646,294.5902708995541,4.5200300713913135,294.5902708995541,4.5200300713913135,294.5902708995541,4.5200300713913135,7,0.992,56
2130.67,GT-0026,187914.19348274908,-261921.3264771853,161.18702119500935,-147.52376600417747,294.5224954566869,2.8760547240146197,294.5224954566869,2.8760547240146197,294.5224954566869,2.8760547240146197,7,0.993,56
2133.17,GT-0026,188317.3881156869,-262289.8519280383,161.19287482375287,-147.5156961382163,295.00759132787687,3.726050060857478,295.00759132787687,3.726050060857478,295.00759132787687,3.726050060857478,7,0.991,57
2138.62,GT-0026,189194.14332652674,-263110.5389242261,161.68030259418245,-147.36572888672947,297.1871613036776,4.793304396985537,297.1871613036776,4.793304396985537,297.1871613036776,4.793304396985537,7,0.992,58
2140.83,GT-0026,189543.19312475502,-263437.90688363777,161.92502050025595,-146.547296503772,296.7322140130955,2.6203609608797707,296.7322140130955,2.6203609608797707,296.7322140130955,2.6203609608797707,7,0.993,58
2142.83,GT-0026,189867.07198960983,-263730.72479044506,161.9283914062217,-146.54826216561844,297.0459891137771,3.3703879019942,297.0459891137771,3.3703879019942,297.0459891137771,3.3703879019942,7,0.991,59
2145.66,GT-0026,190325.2381413079,-264145.09830705565,161.92194042906414,-146.53988119960889,297.7799662963012,4.207205157079595,297.7799662963012,4.207205157079595,297.7799662963012,4.207205157079595,7,0.991,60
2148.47,GT-0026,190780.49780155928,-264556.7066192208,161.92912927880562,-146.5304149351852,298.97818143645725,4.899040884210816,298.97818143645725,4.899040884210816,298.97818143645725,4.899040884210816,7,0.989,60
2148.56,GT-0026,190678.54096393017,-264555.2891041976,162.49418343528976,-143.37354325416328,298.0572120850801,2.767254452650539,298.0572120850801,2.767254452650539,298.0572120850801,2.767254452650539,7,0.993,60
2151.21,GT-0026,191109.39773496767,-264935.0501758853,162.48472428545548,-143.38820930601153,298.5204661938186,3.6862278618911106,298.5204661938186,3.6862278618911106,298.5204661938186,3.6862278618911106,7,0.992,60
2153.42,GT-0026,191468.95780802594,-265251.7346579064,162.48091529156784,-143.40127809993308,299.16422304843934,4.307160803667421,299.16422304843934,4.307160803667421,299.16422304843934,4.307160803667421,7,0.99,60
2154.48,GT-0026,191641.24006113296,-265403.6779033426,162.47846404412985,-143.4024752208058,299.68546594718794,4.577543906497667,299.68546594718794,4.577543906497667,299.68546594718794,4.577543906497667,7,0.984,61
2156.42,GT-0026,191956.09502883253,-265682.04089977895,162.47459288955108,-143.41278415452786,300.6368672117087,5.025342733389692,300.6368672117087,5.025342733389692,300.6368672117087,5.025342733389692,7,0.989,62
2160.84,GT-0026,192697.54164496766,-266277.2851037894,161.81477971284326,-144.60814124679877,302.8486780610076,4.333049706651792,302.8486780610076,4.333049706651792,302.8486780610076,4.333049706651792,7,0.991,63
2163.52,GT-0026,193165.20203258024,-266643.4849356589,161.40724752279664,-145.19333440318024,304.0897732816747,4.256620162668175,304.0897732816747,4.256620162668175,304.0897732816747,4.256620162668175,7,0.992,63
2166.03,GT-0026,193570.50036677468,-267007.6574411543,161.40570886473057,-145.19139210757618,305.44021691482146,4.869346295384561,305.44021691482146,4.869346295384561,305.44021691482146,4.869346295384561,7,0.991,63
2166.44,GT-0026,193637.06702496012,-267066.9862279798,161.40499404435454,-145.19097764731987,305.72213446061545,4.96071093659468,305.72213446061545,4.96071093659468,305.72213446061545,4.96071093659468,7,0.989,64
2168.82,GT-0026,194444.96276884366,-267488.1090614011,159.74919897738866,-141.86271541423585,302.750306806768,1.5296464657205595,302.750306806768,1.5296464657205595,302.750306806768,1.5296464657205595,7,0.993,64
2170.94,GT-0026,194783.39541714545,-267788.916114552,159.75517812387295,-141.869403100495,302.7896770220553,2.6654331399625084,302.7896770220553,2.6654331399625084,302.7896770220553,2.6654331399625084,7,0.992,64
2173.37,GT-0026,195171.70518596293,-268132.9433854516,159.75973814616344,-141.8678687353354,302.9814452446996,3.54435251337902,302.9814452446996,3.54435251337902,302.9814452446996,3.54435251337902,7,0.991,64
2176.21,GT-0026,195624.87962732834,-268536.0778588099,159.76244913257065,-141.87177993172378,303.5225691096224,4.3523033036795535,303.5225691096224,4.3523033036795535,303.5225691096224,4.3523033036795535,7,0.989,65
2176.22,GT-0026,195622.7173337503,-268590.90176034515,161.84616910759013,-142.2352039661792,303.33679959254505,2.9871540726894583,303.33679959254505,2.9871540726894583,303.33679959254505,2.9871540726894583,7,0.993,65
2180.42,GT-0026,196302.31580874187,-269188.3589401445,161.8447826249076,-142.23452475057246,304.1953550486554,4.286723064224783,304.1953550486554,4.286723064224783,304.1953550486554,4.286723064224783,7,0.989,66
2186.42,GT-0026,197272.86817953608,-270041.6725573604,161.8542760018335,-142.25144977948844,307.2888945834854,5.636039421149548,307.2888945834854,5.636039421149548,307.2888945834854,5.636039421149548,7,0.99,67
2188.02,GT-0026,197513.39052658153,-270365.7716041222,160.21875366199845,-144.77496364998046,307.05284890886446,4.1366963279185995,307.05284890886446,4.1366963279185995,307.05284890886446,4.1366963279185995,7,0.99,68
2188.74,GT-0026,197675.56773746703,-270523.87832258793,163.3884080676734,-145.38586068635627,306.26216191527385,1.8201379612577457,306.26216191527385,1.8201379612577457,306.26216191527385,1.8201379612577457,7,0.993,68
2189.52,GT-0026,197802.81011299544,-270636.99681023986,163.3873055357483,-145.386921686744,306.3965072600446,2.25224727599806,306.3965072600446,2.25224727599806,306.3965072600446,2.25224727599806,7,0.986,68
2191.88,GT-0026,198163.6907111394,-270935.1934985342,162.91686555322232,-144.61836876570538,306.53050544847986,2.8515973724134764,306.53050544847986,2.8515973724134764,306.53050544847986,2.8515973724134764,7,0.992,68
2194.87,GT-0026,198650.7218717908,-271367.9566714558,162.91137566602808,-144.61315456468057,306.9054019103015,3.8526580549317413,306.9054019103015,3.8526580549317413,306.9054019103015,3.8526580549317413,7,0.991,68
2197.16,GT-0026,199024.00434935777,-271699.02664739365,162.8919512426319,-144.6205623384888,307.46157705968125,4.462893192325619,307.46157705968125,4.462893192325619,307.46157705968125,4.462893192325619,7,0.992,68
2197.95,GT-0026,199152.34777711122,-271813.13663425914,162.87278848324007,-144.61851016179006,307.72494310609227,4.653006350332045,307.72494310609227,4.653006350332045,307.72494310609227,4.653006350332045,7,0.991,69
2200.03,GT-0026,199491.10972760388,-272113.70842248993,162.86693925777794,-144.6218766537683,308.65026824732814,5.12438810078548,308.65026824732814,5.12438810078548,308.65026824732814,5.12438810078548,7,0.991,69
2200.3,GT-0026,199534.77937100793,-272152.8512129482,162.86942586103194,-144.6252901811286,308.86770390162803,5.182712984034765,308.86770390162803,5.182712984034765,308.86770390162803,5.182712984034765,7,0.988,69
2202.29,GT-0026,199846.7322462702,-272441.8137026347,162.22004013090637,-143.06180932830006,309.8115778275126,4.660602464333768,309.8115778275126,4.660602464333768,309.8115778275126,4.660602464333768,7,0.991,69
2204.39,GT-0026,200187.08029993897,-272742.3187849776,162.22998657147426,-143.07331590902186,310.97878884702334,5.135586289361041,310.97878884702334,5.135586289361041,310.97878884702334,5.135586289361041,7,0.991,69
2206.91,GT-0026,200595.2685456383,-273102.67149179586,162.2346343875787,-143.05492794308554,312.854256936807,5.650816738376714,312.854256936807,5.650816738376714,312.854256936807,5.650816738376714,7,0.991,69
2207.73,GT-0026,200727.6189500211,-273219.92797272187,162.2363361347252,-143.06843033839414,313.6057122175387,5.8067415645361775,313.6057122175387,5.8067415645361775,313.6057122175387,5.8067415645361775,7,0.989,70
2212.44,GT-0026,201441.54537606507,-274082.0700416354,162.86907088634894,-144.5482047373784,310.52759947781203,1.5296633914163262,310.52759947781203,1.5296633914163262,310.52759947781203,1.5296633914163262,7,0.993,71
2216.95,GT-0026,202166.3395604865,-274725.35237588617,162.55629013287623,-144.3312539279135,310.7141206314142,3.3059870313003916,310.7141206314142,3.3059870313003916,310.7141206314142,3.3059870313003916,7,0.993,72
2223.28,GT-0026,203195.38068551468,-275639.00401261396,162.54487818652018,-144.33499950957645,312.32328590248534,5.014602079558722,312.32328590248534,5.014602079558722,312.32328590248534,5.014602079558722,7,0.99,73
2224.08,GT-0026,203325.43300943956,-275754.75242739153,162.53049458533178,-144.3471387019506,312.7316073941779,5.1837376840785225,312.7316073941779,5.1837376840785225,312.7316073941779,5.1837376840785225,7,0.99,74
2226.43,GT-0026,203718.39422094458,-276084.93330562697,162.9591521215851,-144.16582460208804,313.8627876449588,4.681710212341076,313.8627876449588,4.681710212341076,313.8627876449588,4.681710212341076,7,0.992,74
2229.36,GT-0026,204078.55412707018,-276489.6348320485,161.9862811778016,-141.41070565230103,313.28836110288563,2.1494126991613074,313.28836110288563,2.1494126991613074,313.28836110288563,2.1494126991613074,7,0.993,74
2232.09,GT-0026,204520.78658508693,-276875.7599463636,161.98554712116226,-141.41096460587022,313.6451955885186,3.2820055837274,313.6451955885186,3.2820055837274,313.6451955885186,3.2820055837274,7,0.986,75
2232.25,GT-0026,204546.51821962625,-276899.23011999275,161.98267959751513,-141.4061193285891,313.6897724072977,3.335462317730628,313.6897724072977,3.335462317730628,313.6897724072977,3.335462317730628,7,0.99,75
2235.02,GT-0026,204994.98360145738,-277290.4575794351,161.97445147617898,-141.41583353754078,314.24506590411903,4.1632737581324175,314.24506590411903,4.1632737581324175,314.24506590411903,4.1632737581324175,7,0.99,75
2237.12,GT-0026,205334.79153617102,-277587.1950829349,161.97601998015165,-141.41387769739342,314.946316256778,4.694759732312901,314.946316256778,4.694759732312901,314.946316256778,4.694759732312901,7,0.989,75
2237.54,GT-0026,205402.71655530186,-277645.85285439715,161.9837829503383,-141.42255933893222,315.13554005017465,4.788998179137147,315.13554005017465,4.788998179137147,315.13554005017465,4.788998179137147,7,0.99,75
2240.21,GT-0026,205901.1593370754,-277992.0420856042,157.80717066460966,-142.58815262561873,314.9154582832575,2.4762282957670356,314.9154582832575,2.4762282957670356,314.9154582832575,2.4762282957670356,7,0.993,75
2241.16,GT-0026,206051.43639434432,-278127.4947339803,157.80832850536626,-142.58945225788682,315.09647861461804,2.8767559059216294,315.09647861461804,2.8767559059216294,315.09647861461804,2.8767559059216294,7,0.987,75
2243.2,GT-0026,206373.4481362546,-278418.65375792555,157.82126958099911,-142.59678127365072,315.4001678863138,3.5830102125003274,315.4001678863138,3.5830102125003274,315.4001678863138,3.5830102125003274,7,0.991,75
2245.93,GT-0026,206805.72899844506,-278772.0433102263,157.8036640305204,-142.9103531328024,315.70654304043,2.8186809402146293,315.70654304043,2.8186809402146293,315.70654304043,2.8186809402146293,7,0.993,75
2246.48,GT-0026,206892.17860294844,-278850.8430353767,157.80425242042213,-142.91049049718646,315.8467069808988,3.0311407673559323,315.8467069808988,3.0311407673559323,315.8467069808988,3.0311407673559323,7,0.989,76
2248.61,GT-0026,207228.10885845745,-279155.11091910413,157.8065397233196,-142.9002114324724,316.20746336944603,3.7372251435315453,316.20746336944603,3.7372251435315453,316.20746336944603,3.7372251435315453,7,0.99,76
2250.22,GT-0026,207482.2686400124,-279384.7557134321,157.80391901711462,-142.8996592454161,316.61755547220287,4.193099767993788,316.61755547220287,4.193099767993788,316.61755547220287,4.193099767993788,7,0.989,77
2252.0,GT-0026,207762.66619535963,-279639.7735593094,157.80705096145545,-142.9116069891233,317.2127954665478,4.636203407425757,317.2127954665478,4.636203407425757,317.2127954665478,4.636203407425757,7,0.991,77
2253.99,GT-0026,208113.8300913381,-279819.9260085126,161.8396764374413,-143.14843380829873,317.04898667338057,2.7132628326725787,317.04898667338057,2.7132628326725787,317.04898667338057,2.7132628326725787,7,0.993,77
2255.91,GT-0026,208423.86183684212,-280094.79741656774,161.8360355923224,-143.14538916441683,317.3428477066286,3.4167706918022285,317.3428477066286,3.4167706918022285,317.3428477066286,3.4167706918022285,7,0.991,77
2258.51,GT-0026,208844.59118279695,-280467.40288233955,161.82632026866168,-143.15107552651384,317.94008725128737,4.179292913531267,317.94008725128737,4.179292913531267,317.94008725128737,4.179292913531267,7,0.992,77
2259.63,GT-0026,209025.83991453936,-280627.8345081114,161.82831882799525,-143.15137889714296,318.4409974716339,4.47265214891392,318.4409974716339,4.47265214891392,318.4409974716339,4.47265214891392,7,0.983,77
2260.13,GT-0026,209106.51026303158,-280699.41767766216,161.83124390524605,-143.15486924095916,318.71036559295015,4.597722894395897,318.71036559295015,4.597722894395897,318.71036559295015,4.597722894395897,7,0.984,78
2260.51,GT-0026,209166.7526961967,-280753.5541438377,161.81127585768834,-143.16544516723894,318.88196147908735,4.684875279584502,318.88196147908735,4.684875279584502,318.88196147908735,4.684875279584502,7,0.989,78
2262.87,GT-0026,209548.53102652778,-281091.75801255147,161.7993108836007,-143.16985531720758,320.0725065857686,5.213524212626242,320.0725065857686,5.213524212626242,320.0725065857686,5.213524212626242,7,0.99,78
2264.82,GT-0026,209864.29507670153,-281371.4209661104,161.80213029589544,-143.1685158082645,321.43892833511126,5.617281056207718,321.43892833511126,5.617281056207718,321.43892833511126,5.617281056207718,7,0.988,78
2268.19,GT-0026,210327.28113486886,-281718.4728057275,160.32221606803412,-143.36139401139206,311.5114326029851,0.874770523780236,311.5114326029851,0.874770523780236,311.5114326029851,0.874770523780236,7,0.995,79
2270.39,GT-0026,210680.01893766635,-282034.0770098478,160.30843538164362,-143.368948620295,311.5305062776264,2.3829040220834043,311.5305062776264,2.3829040220834043,311.5305062776264,2.3829040220834043,7,0.996,79
2270.79,GT-0026,210744.1388911482,-282091.4573648189,160.31005633176974,-143.37024185680133,311.63845135383514,2.5658749596050376,311.63845135383514,2.5658749596050376,311.63845135383514,2.5658749596050376,7,0.989,79
2273.21,GT-0026,211143.78347774284,-282470.3235503169,160.11721264006766,-143.16656670998648,311.7641381090557,2.5654418404897483,311.7641381090557,2.5654418404897483,311.7641381090557,2.5654418404897483,7,0.995,79
2276.72,GT-0026,211054.8502278412,-283646.9012519629,158.91516505918253,-145.08740138979974,295.4387041642805,1.5295834745070598,295.4387041642805,1.5295834745070598,295.4387041642805,1.5295834745070598,7,0.994,80
2278.63,GT-0026,211359.2065734274,-283923.6670849172,158.90680071389488,-145.08147299749064,295.4767068203398,2.5580791233934788,295.4767068203398,2.5580791233934788,295.4767068203398,2.5580791233934788,7,0.997,81
2282.35,GT-0026,211951.20156964703,-284462.87693385547,158.91543558387716,-145.07565229407848,295.8110608336064,3.856697755775199,295.8110608336064,3.856697755775199,295.8110608336064,3.856697755775199,7,0.993,81
2283.38,GT-0026,212115.31605980327,-284611.6218669386,158.86919317448076,-145.01951893268287,296.0145830120822,4.102173001649327,296.0145830120822,4.102173001649327,296.0145830120822,4.102173001649327,7,0.996,82
2286.74,GT-0026,212649.93776010748,-285098.40523718524,158.86781620088868,-145.01352951227688,297.1025837110562,4.926095196376542,297.1025837110562,4.926095196376542,297.1025837110562,4.926095196376542,7,0.993,82
2290.1,GT-0026,213216.02815785282,-285567.547673982,158.6963929431187,-144.76568126303303,297.67842912633415,2.990140976810557,297.67842912633415,2.990140976810557,297.67842912633415,2.990140976810557,7,0.997,83
2291.4,GT-0026,213491.87675505603,-285587.64054490183,158.07714330172502,-143.87516142451187,297.5944540941317,2.2870882808289386,297.5944540941317,2.2870882808289386,297.5944540941317,2.2870882808289386,7,0.994,83
2291.77,GT-0026,213550.9107837731,-285641.00800133595,158.07586445565394,-143.88010493067355,297.6832783235946,2.4625585211784156,297.6832783235946,2.4625585211784156,297.6832783235946,2.4625585211784156,7,0.991,84
2292.53,GT-0026,213671.40347464185,-285750.2464784658,158.07466701584656,-143.88288780421206,297.7680724825353,2.7754516934050066,297.7680724825353,2.7754516934050066,297.7680724825353,2.7754516934050066,7,0.996,84
2295.15,GT-0026,214086.397941354,-286127.4133989006,158.0773693179174,-143.88106232863692,298.1508881530923,3.683252235577579,298.1508881530923,3.683252235577579,298.1508881530923,3.683252235577579,7,0.993,84
2301.57,GT-0026,215101.35239791323,-287051.32753928367,158.06972840957684,-143.88698073278806,300.70078992447554,5.2847989809438,300.70078992447554,5.2847989809438,300.70078992447554,5.2847989809438,7,0.991,84
2302.35,GT-0026,215238.9096591272,-287162.5243807297,157.76692388942604,-143.58568648466613,300.7557936552596,4.161874090718869,300.7557936552596,4.161874090718869,300.7557936552596,4.161874090718869,7,0.994,85
2304.76,GT-0026,215657.06746389493,-287516.09837315796,158.98294680932838,-144.68138045949073,301.3868795718464,3.4137416883528986,301.3868795718464,3.4137416883528986,301.3868795718464,3.4137416883528986,7,0.996,85
2306.36,GT-0026,216423.4667101783,-287612.7256511362,159.17887554490574,-144.39697167808293,294.54141465814183,1.1567359618550326,294.54141465814183,1.1567359618550326,294.54141465814183,1.1567359618550326,7,0.995,86
2306.68,GT-0026,216474.21102100756,-287659.2920536473,159.18013481643683,-144.3993341872123,294.565778153744,1.4341972474000722,294.565778153744,1.4341972474000722,294.565778153744,1.4341972474000722,7,0.995,86
2308.78,GT-0026,216808.41422429966,-287962.74808885,159.18087533819676,-144.39850297462795,294.7097836327478,2.605390004165115,294.7097836327478,2.605390004165115,294.7097836327478,2.605390004165115,7,0.987,86
2310.11,GT-0026,217020.473797697,-288155.03752448317,159.18440350597257,-144.40032288077026,294.7835235699171,3.122391153392411,294.7835235699171,3.122391153392411,294.7835235699171,3.122391153392411,7,0.992,86
2310.69,GT-0026,217113.16650246023,-288239.1654312024,159.1745325882414,-144.39347412651375,294.8537176989041,3.312713780404659,294.8537176989041,3.312713780404659,294.8537176989041,3.312713780404659,7,0.995,87
2313.35,GT-0026,217536.91726580355,-288623.39744327596,159.12393860430802,-144.39418741208846,295.2682850297189,4.0941402589435,295.2682850297189,4.0941402589435,295.2682850297189,4.0941402589435,7,0.995,87
2317.62,GT-0026,218213.61481850944,-289241.3753683366,159.05900300569272,-144.4867393802627,296.77124503277184,4.816074868167482,296.77124503277184,4.816074868167482,296.77124503277184,4.816074868167482,7,0.995,88
2318.85,GT-0026,218408.9915653748,-289419.15011922794,159.06438683178465,-144.50002788590075,297.4155268931518,5.088542942500146,297.4155268931518,5.088542942500146,297.4155268931518,5.088542942500146,7,0.992,89
2319.45,GT-0026,218514.94776453968,-289511.806408775,159.68082731317756,-144.73133211061864,297.026371517206,3.3044688868539365,297.026371517206,3.3044688868539365,297.026371517206,3.3044688868539365,7,0.997,89
2322.03,GT-0026,218927.21526468583,-289886.44004592835,159.61001675449126,-144.70043838928672,297.7794806367989,3.9062653465904433,297.7794806367989,3.9062653465904433,297.7794806367989,3.9062653465904433,7,0.996,89
2325.05,GT-0026,219408.9264107651,-290323.3554937222,159.60053584747794,-144.6893817870552,299.0334160998242,4.685786589545494,299.0334160998242,4.685786589545494,299.0334160998242,4.685786589545494,7,0.993,89
2326.97,GT-0026,219716.62987605916,-290613.8169747533,159.75378921242304,-144.5336904663826,299.8946362871256,4.250040894322575,299.8946362871256,4.250040894322575,299.8946362871256,4.250040894322575,7,0.995,90
2329.84,GT-0026,220149.25345996107,-291051.514970942,158.1750532169699,-145.1311152010068,300.77982047023636,3.5050557707625822,300.77982047023636,3.5050557707625822,300.77982047023636,3.5050557707625822,7,0.996,90
2332.8,GT-0026,220615.12739716307,-291480.3295254884,158.17055645834972,-144.83509040417835,301.47283000596497,3.0723336836342003,301.47283000596497,3.0723336836342003,301.47283000596497,3.0723336836342003,7,0.997,90
2334.79,GT-0026,220929.98561677116,-291768.42905120866,158.17021217129968,-144.83280287381717,302.0981165716415,3.7317033713882233,302.0981165716415,3.7317033713882233,302.0981165716415,3.7317033713882233,7,0.989,91
2335.2,GT-0026,220995.31702821836,-291828.2791657858,158.2409238083366,-144.84843364729625,302.2262861263934,3.7781941725467583,302.2262861263934,3.7781941725467583,302.2262861263934,3.7781941725467583,7,0.995,91
2337.82,GT-0026,221410.09628815795,-292207.6408413358,158.27535006679275,-144.8351286152643,303.22144824328984,4.370367436877691,303.22144824328984,4.370367436877691,303.22144824328984,4.370367436877691,7,0.995,91
2340.14,GT-0026,221783.4405105131,-292568.0518956939,158.56035326589046,-145.07153619945348,303.5426264286365,3.057327533636879,303.5426264286365,3.057327533636879,303.5426264286365,3.057327533636879,7,0.997,91
2342.17,GT-0026,222105.32552497822,-292862.5309161756,158.5550690301015,-145.0694174349521,304.0952798188307,3.7284633088190753,304.0952798188307,3.7284633088190753,304.0952798188307,3.7284633088190753,7,0.992,92
2344.62,GT-0026,222489.10811884957,-293231.54947603855,157.88227531849438,-144.81677346239545,304.6404185656854,3.18076605560474,304.6404185656854,3.18076605560474,304.6404185656854,3.18076605560474,7,0.997,93
2344.67,GT-0026,222497.06719300896,-293238.47033773,157.88229658512714,-144.8171275860716,304.7661494008654,3.1997629751907355,304.7661494008654,3.1997629751907355,304.7661494008654,3.1997629751907355,7,0.988,93
2351.32,GT-0026,223549.49186595358,-294213.6331905198,158.47019036639284,-144.99299511035025,306.44132158669635,3.055369164883471,306.44132158669635,3.055369164883471,306.44132158669635,3.055369164883471,7,0.997,94
2356.07,GT-0026,224302.1912135164,-294902.63673000224,158.4678036306171,-144.99479288898618,308.0515248626057,4.475746374423445,308.0515248626057,4.475746374423445,308.0515248626057,4.475746374423445,7,0.989,94
2356.24,GT-0026,224380.19075329293,-294898.96306462557,157.86621278727682,-145.6484777527381,303.44680324268444,1.1567488853923684,303.44680324268444,1.1567488853923684,303.44680324268444,1.1567488853923684,7,0.994,95
2356.31,GT-0026,224391.75379543353,-294909.04095378076,157.86626098990774,-145.64642532531454,303.46871080847575,1.2223463397115393,303.46871080847575,1.2223463397115393,303.46871080847575,1.2223463397115393,7,0.996,96
2359.38,GT-0026,224876.3843571646,-295356.2257205472,157.8702508487403,-145.6458441158897,303.553194259855,2.890882100791826,303.553194259855,2.890882100791826,303.553194259855,2.890882100791826,7,0.995,96
2361.49,GT-0026,225233.95199997822,-295685.0960790806,157.2042450033346,-145.81128136457443,303.70596961309883,2.8698062426577913,303.70596961309883,2.8698062426577913,303.70596961309883,2.8698062426577913,7,0.995,96
2361.86,GT-0026,225291.78091679112,-295739.11270649626,157.21693916137227,-145.8027544949851,303.75603605544296,2.995040144561653,303.75603605544296,2.995040144561653,303.75603605544296,2.995040144561653,7,0.996,96
2364.77,GT-0026,225749.06969086506,-296163.8430552589,157.2382780807706,-145.7731907197418,304.15939375653596,3.8726357436445005,304.15939375653596,3.8726357436445005,304.15939375653596,3.8726357436445005,7,0.997,96
2369.53,GT-0026,226497.2745887529,-296853.13150653744,157.20050140459918,-145.51313077537696,305.7512509501205,4.809679350509172,305.7512509501205,4.809679350509172,305.7512509501205,4.809679350509172,7,0.995,97
2371.56,GT-0026,226818.75095596683,-297160.46534845856,157.9900118602052,-144.9774648516552,306.3617797098901,3.84765477657978,306.3617797098901,3.84765477657978,306.3617797098901,3.84765477657978,7,0.996,97
2373.39,GT-0026,227112.40629722402,-297441.10716878803,158.124525771672,-145.65871264051736,306.76522365225696,3.2752542894275325,306.76522365225696,3.2752542894275325,306.76522365225696,3.2752542894275325,7,0.997,97
2375.69,GT-0026,227475.9397619872,-297776.39621656825,158.09388160904678,-145.6533637294665,307.4179720438024,3.9105715621235775,307.4179720438024,3.9105715621235775,307.4179720438024,3.9105715621235775,7,0.996,97
2378.92,GT-0026,227991.47277194902,-298247.4155220626,158.27753889451975,-145.3785846922002,308.72663685069006,4.416693670106916,308.72663685069006,4.416693670106916,308.72663685069006,4.416693670106916,7,0.995,97
2381.93,GT-0026,228467.60313695346,-298685.2092004273,158.28229557496917,-145.37875247611618,310.43549055741636,5.119458068358574,310.43549055741636,5.119458068358574,310.43549055741636,5.119458068358574,7,0.992,98
2382.14,GT-0026,228513.82588271057,-298719.56438472634,158.67082538167188,-145.13306887533753,309.4074948369091,3.0546409984518954,309.4074948369091,3.0546409984518954,309.4074948369091,3.0546409984518954,7,0.997,98
2382.21,GT-0026,228524.73371129736,-298729.15749352967,158.67235383506377,-145.1310915231515,309.4685218751399,3.0806805399018042,309.4685218751399,3.0806805399018042,309.4685218751399,3.0806805399018042,7,0.991,99
2387.15,GT-0026,229312.7252000644,-299455.3137697089,158.78852658209357,-144.84313098838157,310.95910367759285,3.728751432608846,310.95910367759285,3.728751432608846,310.95910367759285,3.728751432608846,7,0.996,100
2387.61,GT-0026,229385.67596666008,-299522.57143444585,158.78033806515975,-144.8479050466206,311.13218402470096,3.862917864823593,311.13218402470096,3.862917864823593,311.13218402470096,3.862917864823593,7,0.992,100
2389.27,GT-0026,229649.2390597148,-299763.52212177083,158.7826056426155,-144.87679171913697,311.75990352354285,4.29149681295789,311.75990352354285,4.29149681295789,311.75990352354285,4.29149681295789,7,0.994,100
2390.6,GT-0026,229860.38276140683,-299955.8961090949,158.7790310965964,-144.86961228814295,312.45240271965673,4.627069424527968,312.45240271965673,4.627069424527968,312.45240271965673,4.627069424527968,7,0.989,100
2391.61,GT-0026,230020.84613425893,-300102.29621629586,158.76677019361773,-144.86694144896086,313.01216085974283,4.860763430409794,313.01216085974283,4.860763430409794,313.01216085974283,4.860763430409794,7,0.99,100
2393.79,GT-0026,230367.41189397697,-300418.5109610672,158.7878647639721,-144.87127433268506,314.4572577775581,5.33347403263884,314.4572577775581,5.33347403263884,314.4572577775581,5.33347403263884,7,0.99,100
2396.61,GT-0026,230855.3799811242,-300857.5094052151,159.06293180039648,-144.34427744577056,315.266911475408,3.8528155620752234,315.266911475408,3.8528155620752234,315.266911475408,3.8528155620752234,7,0.994,101
2398.84,GT-0026,231216.4297733368,-301198.33507686784,158.50648657214492,-144.97161656821675,315.4972069169188,2.8570175347094904,315.4972069169188,2.8570175347094904,315.4972069169188,2.8570175347094904,7,0.997,101
2401.08,GT-0026,231571.59886837142,-301523.2480696315,158.4999166187834,-144.9737926858658,316.0593691219254,3.604146205861039,316.0593691219254,3.604146205861039,316.0593691219254,3.604146205861039,7,0.996,101
2403.04,GT-0026,231882.25782116005,-301821.51895112166,158.104055281672,-145.2664233759587,316.6441280397628,3.688339643822676,316.6441280397628,3.688339643822676,316.6441280397628,3.688339643822676,7,0.996,101
2403.4,GT-0026,231771.5916691855,-302420.30490884517,158.28638689760004,-144.3937111960915,311.9069737486333,1.1567330393175397,311.9069737486333,1.1567330393175397,311.9069737486333,1.1567330393175397,7,0.995,102
2405.72,GT-0026,232138.72228530567,-302755.2501269926,158.2815274353143,-144.40878407619232,311.9559562186865,2.5511591246800096,311.9559562186865,2.5511591246800096,311.9559562186865,2.5511591246800096,7,0.996,102
2408.97,GT-0026,232653.24765593946,-303223.94087993394,158.26987120175602,-144.4462172375833,312.2250928269349,3.7003065726108684,312.2250928269349,3.7003065726108684,312.2250928269349,3.7003065726108684,7,0.995,102
2412.94,GT-0026,233292.65253371923,-303784.58423352335,158.55129550313552,-144.63351074435764,313.14603215811445,4.326406663774259,313.14603215811445,4.326406663774259,313.14603215811445,4.326406663774259,7,0.994,103
2414.63,GT-0026,233563.56433726512,-304029.3837187184,158.48483004435366,-144.7865499267187,313.6945138622622,4.269905911062047,313.6945138622622,4.269905911062047,313.6945138622622,4.269905911062047,7,0.996,104
2417.11,GT-0026,233951.73749071,-304384.8712973037,158.13193567580115,-144.33042038051582,314.2845047411153,3.4282189169588713,314.2845047411153,3.4282189169588713,314.2845047411153,3.4282189169588713,7,0.997,104
2417.45,GT-0026,234005.9437678541,-304433.9611141058,158.1323181484684,-144.32489026616855,314.4125653714685,3.538025170567705,314.4125653714685,3.538025170567705,314.4125653714685,3.538025170567705,7,0.991,104
2419.2,GT-0026,234284.47923832983,-304684.5061327552,158.09559352106658,-144.56311122878532,314.8387863367815,3.4478349660650123,314.8387863367815,3.4478349660650123,314.8387863367815,3.4478349660650123,7,0.997,104
2421.69,GT-0026,234684.40698284478,-305043.6225781066,157.77422045047874,-144.710481622436,315.4470390310281,3.4413134450686163,315.4470390310281,3.4413134450686163,315.4470390310281,3.4413134450686163,7,0.997,104
2424.13,GT-0026,235071.41306160716,-305392.4683511534,157.73016510203755,-144.69184801339583,316.04051400522485,3.4397345127682133,316.04051400522485,3.4397345127682133,316.04051400522485,3.4397345127682133,7,0.997,104
2426.56,GT-0026,235455.40716866238,-305742.9314472672,157.76635069775762,-144.70837829408828,316.7343816373576,4.002747192503581,316.7343816373576,4.002747192503581,316.7343816373576,4.002747192503581,7,0.996,104
2427.92,GT-0026,235866.38012472526,-305710.6468875047,156.248462500483,-143.79569783128733,316.1517502301354,1.7188811531221693,316.1517502301354,1.7188811531221693,316.1517502301354,1.7188811531221693,7,0.995,105
2429.4,GT-0026,236097.40882492627,-305923.42113889864,156.24963052030586,-143.7956884450755,316.3365566036508,2.5080439169008235,316.3365566036508,2.5080439169008235,316.3365566036508,2.5080439169008235,7,0.987,106
2432.11,GT-0026,236521.28578607255,-306313.10660767066,156.27887771913092,-143.7873440588343,316.6085405967039,3.4930149007308917,316.6085405967039,3.4930149007308917,316.6085405967039,3.4930149007308917,7,0.995,107
2432.79,GT-0026,236627.52890558826,-306410.668117123,156.28265320957664,-143.79333835267292,316.7371605407774,3.703838875634624,316.7371605407774,3.703838875634624,316.7371605407774,3.703838875634624,7,0.992,107
2434.95,GT-0026,236966.53508637313,-306722.9381671525,156.32121260698196,-143.89849153747545,317.1939053768599,4.020509751754439,317.1939053768599,4.020509751754439,317.1939053768599,4.020509751754439,7,0.997,107
2437.06,GT-0026,237296.98075432086,-307027.30164125026,156.38362675996862,-143.9346440761652,317.8266493812951,4.539639174561745,317.8266493812951,4.539639174561745,317.8266493812951,4.539639174561745,7,0.995,107
2438.75,GT-0026,237561.06585026634,-307270.6069418156,156.3900545802465,-143.92394094905097,318.5642732951285,4.938348625811222,318.5642732951285,4.938348625811222,318.5642732951285,4.938348625811222,7,0.99,107
2438.9,GT-0026,237584.34583553998,-307292.31314811006,156.3846206682978,-143.9168181748757,318.72020048216183,4.972063712681223,318.72020048216183,4.972063712681223,318.72020048216183,4.972063712681223,7,0.988,107
2441.75,GT-0026,238053.7097922151,-307720.5440272283,157.49127375166475,-144.3877510924209,320.0165844580344,4.393227324718538,320.0165844580344,4.393227324718538,320.0165844580344,4.393227324718538,7,0.994,108
2444.46,GT-0026,238421.1871074743,-308101.20856692654,158.8715327616835,-145.11246731422102,319.18319756855044,1.5701222790699096,319.18319756855044,1.5701222790699096,319.18319756855044,1.5701222790699096,7,0.995,108
2448.58,GT-0026,239075.95842031203,-308699.5430711624,158.83917843995116,-145.11035861909502,319.4731370644418,3.4012157980504063,319.4731370644418,3.4012157980504063,319.4731370644418,3.4012157980504063,7,0.996,109
2453.47,GT-0026,239853.06337179182,-309409.3801324124,158.84436041962687,-145.0953541434645,320.6332679646777,4.713350703641759,320.6332679646777,4.713350703641759,320.6332679646777,4.713350703641759,7,0.995,110
2454.27,GT-0026,239980.38045241951,-309525.6011190938,158.82761942103386,-145.09721983822254,320.96128604058015,4.888589745846314,320.96128604058015,4.888589745846314,320.96128604058015,4.888589745846314,7,0.993,111
2455.76,GT-0026,240214.0978483472,-309746.96329722134,158.74488971847782,-144.80816482193148,321.6322065169747,4.744495141890279,321.6322065169747,4.744495141890279,321.6322065169747,4.744495141890279,7,0.995,111
2458.46,GT-0026,240640.18959168257,-310145.9825686376,158.04689015894593,-144.97163985595944,322.1081661294749,3.233232234805402,322.1081661294749,3.233232234805402,322.1081661294749,3.233232234805402,7,0.997,111
2459.68,GT-0026,240893.9105296424,-310325.2399638689,156.0373214092064,-145.12927297424056,321.7614097412072,1.8247226841489814,321.7614097412072,1.8247226841489814,321.7614097412072,1.8247226841489814,7,0.995,111
2460.76,GT-0026,241062.5584452973,-310482.82169310504,156.05547605270405,-145.12130246008257,321.8400473892297,2.3853561271943646,321.8400473892297,2.3853561271943646,321.8400473892297,2.3853561271943646,7,0.997,111
2464.29,GT-0026,241613.8735963856,-310995.6397606347,156.07000430385386,-145.12241630613178,322.23246375674154,3.6878792885935945,322.23246375674154,3.6878792885935945,322.23246375674154,3.6878792885935945,7,0.993,111
2466.26,GT-0026,241921.4323106035,-311281.42058549484,156.08781276243167,-145.16514794017954,322.6604604913257,4.19907535641159,322.6604604913257,4.19907535641159,322.6604604913257,4.19907535641159,6,0.996,112
2468.91,GT-0026,242334.95348021458,-311665.9761517234,156.07827521675156,-145.18643397232074,323.5773115937286,4.851814123281835,323.5773115937286,4.851814123281835,323.5773115937286,4.851814123281835,6,0.992,112
2469.1,GT-0026,242365.14030898403,-311693.97299840313,156.12375894453803,-145.16227336078327,323.6612778608088,4.854494555875171,323.6612778608088,4.854494555875171,323.6612778608088,4.854494555875171,6,0.994,112
2471.29,GT-0026,242706.90303139886,-312011.77945945313,156.12585764949796,-145.1612913377719,324.87153704455443,5.337110309606107,324.87153704455443,5.337110309606107,324.87153704455443,5.337110309606107,6,0.989,113
2473.18,GT-0026,243014.62046593605,-312305.0787094575,157.21774910626084,-146.02372002057473,325.1254364379932,3.710431192098213,325.1254364379932,3.710431192098213,325.1254364379932,3.710431192098213,6,0.995,114
2473.49,GT-0026,243063.56117416566,-312350.13161510683,157.21529643148097,-146.0290635261904,325.25042045913534,3.8012930207092297,325.25042045913534,3.8012930207092297,325.25042045913534,3.8012930207092297,6,0.992,114
2476.29,GT-0026,243515.07827925019,-312765.07349865255,157.6465897519376,-145.84938826072974,326.16636854100557,3.718682170748137,326.16636854100557,3.718682170748137,326.16636854100557,3.718682170748137,6,0.996,114
2479.7,GT-0026,244054.2439836804,-313261.6482322365,157.85155327619046,-145.49714763998736,326.9887638983575,3.180018972437606,326.9887638983575,3.180018972437606,326.9887638983575,3.180018972437606,6,0.997,114
2482.29,GT-0026,244463.31188220432,-313639.119829824,157.8520451485354,-145.4792415654152,327.71784325599367,3.9707264155402924,327.71784325599367,3.9707264155402924,327.71784325599367,3.9707264155402924,6,0.995,114
2482.44,GT-0026,244487.2282032501,-313660.6273128282,157.8579240196127,-145.4795090485849,327.83862372758097,4.0124101324123025,327.83862372758097,4.0124101324123025,327.83862372758097,4.0124101324123025,6,0.99,114
2483.28,GT-0026,244619.77540937407,-313782.83910239564,157.8572530662754,-145.47611390071026,328.1802912625219,4.240446394175301,328.1802912625219,4.240446394175301,328.1802912625219,4.240446394175301,6,0.989,115
2484.88,GT-0026,244874.32683225212,-314019.9482661464,157.81047226730524,-145.48060664678724,328.84756362627814,4.437396862130325,328.84756362627814,4.437396862130325,328.84756362627814,4.437396862130325,6,0.994,115
2489.66,GT-0026,245624.99765227552,-314725.7923290407,157.88248188959892,-145.20926188299404,331.2671851774972,4.567218008771934,331.2671851774972,4.567218008771934,331.2671851774972,4.567218008771934,6,0.992,115
2490.55,GT-0026,245777.99924343164,-314866.06552497606,157.53446980811896,-145.55604123806472,331.24353965826583,3.5303268374070886,331.24353965826583,3.5303268374070886,331.24353965826583,3.5303268374070886,6,0.996,116
2493.06,GT-0026,246173.3210905696,-315231.7851491879,157.5355839483638,-145.55055807455904,332.1310948732071,4.2290437985421585,332.1310948732071,4.2290437985421585,332.1310948732071,4.2290437985421585,6,0.995,116
2495.4,GT-0026,246563.9563601102,-315575.42233145976,157.80122538243464,-144.44570313786292,332.77817317981777,3.559626756716495,332.77817317981777,3.559626756716495,332.77817317981777,3.559626756716495,6,0.996,116
2497.98,GT-0026,246975.90275424387,-315961.7229318172,157.56490719353363,-144.5912979404173,333.32555903863346,3.1171817234423203,333.32555903863346,3.1171817234423203,333.32555903863346,3.1171817234423203,6,0.997,116
2503.87,GT-0026,247904.58316063354,-316834.9986081388,157.77012639141765,-145.8005070494965,334.7155863005161,3.154244161595974,334.7155863005161,3.154244161595974,334.7155863005161,3.154244161595974,6,0.997,117
2505.39,GT-0026,248144.48284532307,-317056.8070078532,157.77193017825684,-145.7974346481958,335.1782390620393,3.6575920063845335,335.1782390620393,3.6575920063845335,335.1782390620393,3.6575920063845335,6,0.989,118
2508.75,GT-0026,248682.21053553926,-317561.34991086635,157.6007425496934,-146.15518062372684,336.16265203314504,3.746496341249019,336.16265203314504,3.746496341249019,336.16265203314504,3.746496341249019,6,0.995,119
2510.44,GT-0026,248949.11617405308,-317808.448917604,157.59686798340468,-146.15838822856108,336.7155304767651,4.216449540659374,336.7155304767651,4.216449540659374,336.7155304767651,4.216449540659374,6,0.993,120
2511.38,GT-0026,249097.20672246683,-317945.5425258953,157.59715801763852,-146.15992709327975,337.1668695441401,4.460399002869691,337.1668695441401,4.460399002869691,337.1668695441401,4.460399002869691,6,0.989,120
2511.49,GT-0026,249127.91246580996,-317968.852675099,157.91252813396636,-145.45516244832277,336.8295378672196,3.1736520429732145,336.8295378672196,3.1736520429732145,336.8295378672196,3.1736520429732145,6,0.997,120
2515.32,GT-0026,249864.57771626904,-318818.8018001932,156.16654731460304,-143.39390733895553,332.0999617439683,1.1567454488270315,332.0999617439683,1.1567454488270315,332.0999617439683,1.1567454488270315,6,0.995,120
2517.96,GT-0026,250277.14951375424,-319197.61627847166,156.17366126247123,-143.43217422759426,332.15789181760255,2.6863000962924306,332.15789181760255,2.6863000962924306,332.15789181760255,2.6863000962924306,6,0.996,121
2520.67,GT-0026,250706.69400505236,-319614.16102438635,156.45090394833787,-143.4041118496768,332.3314896917088,2.957455729877623,332.3314896917088,2.957455729877623,332.3314896917088,2.957455729877623,6,0.995,121
2524.2,GT-0026,251258.73044943294,-320120.320703045,156.44746613624838,-143.41188296339726,332.87473582022517,4.084531288890238,332.87473582022517,4.084531288890238,332.87473582022517,4.084531288890238,6,0.99,122
2526.27,GT-0026,251583.32948657277,-320417.33255404915,156.46672629940417,-143.42105120456705,333.4336324155702,4.58522921840997,333.4336324155702,4.58522921840997,333.4336324155702,4.58522921840997,6,0.994,123
2531.05,GT-0026,252328.16183834273,-321109.9142982579,156.48996578782732,-144.8334599148837,334.6962633859099,3.322788798406542,334.6962633859099,3.322788798406542,334.6962633859099,3.322788798406542,6,0.997,124
2533.31,GT-0026,252690.0525500416,-321436.16935360705,156.77228047808,-144.75745001599438,335.24295995815373,3.419497648845317,335.24295995815373,3.419497648845317,335.24295995815373,3.419497648845317,6,0.997,124
2538.42,GT-0026,253493.24194610954,-322177.1707037023,156.60629715310893,-144.84450614720566,337.02153879642003,4.528844680889938,337.02153879642003,4.528844680889938,337.02153879642003,4.528844680889938,6,0.995,125
2540.73,GT-0026,253855.05675939948,-322512.0920959146,156.6075871570527,-144.85149261141328,338.3091284691666,5.071120750175251,338.3091284691666,5.071120750175251,338.3091284691666,5.071120750175251,6,0.988,126
2541.17,GT-0026,253939.10467585205,-322578.07384389587,156.68262203156007,-144.99060513588535,338.5261906684888,4.826242650612606,338.5261906684888,4.826242650612606,338.5261906684888,4.826242650612606,6,0.991,127
2544.09,GT-0026,254399.9546998226,-322997.9484413437,156.34969755119545,-144.1493358929817,339.2439240308683,3.5345175821788883,339.2439240308683,3.5345175821788883,339.2439240308683,3.5345175821788883,6,0.996,128
2546.42,GT-0026,254708.92522788243,-323347.2022544938,155.36015174808364,-144.80526271846233,339.6949323723772,3.193699119511132,339.6949323723772,3.193699119511132,339.6949323723772,3.193699119511132,6,0.994,128
2549.99,GT-0026,255263.94309912383,-323864.10791263456,155.37842409437275,-144.81045965842785,340.6953997939418,4.243019533096106,340.6953997939418,4.243019533096106,340.6953997939418,4.243019533096106,6,0.995,129
2550.4,GT-0026,255328.02318693057,-323923.2406398002,155.38211190353815,-144.80783412207037,340.9661860488865,4.351934107953734,340.9661860488865,4.351934107953734,340.9661860488865,4.351934107953734,6,0.987,129
2550.93,GT-0026,255410.59841846864,-323999.63953965716,155.39382668784353,-144.81850934635372,341.17795010735335,4.478002276451171,341.17795010735335,4.478002276451171,341.17795010735335,4.478002276451171,6,0.991,129
2552.69,GT-0026,255705.9391537181,-324261.5589773044,156.82438006099045,-144.9424176520263,341.3726222424091,3.244472086165672,341.3726222424091,3.244472086165672,341.3726222424091,3.244472086165672,6,0.997,129
2555.34,GT-0026,256122.4987233789,-324647.90766386443,156.79268960429346,-144.99000924229537,342.08513025421246,3.911228726838363,342.08513025421246,3.911228726838363,342.08513025421246,3.911228726838363,6,0.996,129
2557.36,GT-0026,256439.53990729057,-324940.9944369351,156.80268789176154,-145.0126489487381,342.79673124527335,4.42380417290298,342.79673124527335,4.42380417290298,342.79673124527335,4.42380417290298,6,0.995,129
2559.98,GT-0026,256866.1802303922,-325341.6521111047,157.3888943401073,-145.66490785561922,343.5657138086902,3.6945521854482766,343.5657138086902,3.6945521854482766,343.5657138086902,3.6945521854482766,6,0.996,129
2561.22,GT-0026,257061.7174338329,-325522.182355338,157.3831464028437,-145.66189634834706,344.008065870586,4.0539376944589005,344.008065870586,4.0539376944589005,344.008065870586,4.0539376944589005,6,0.991,130
2561.55,GT-0026,257114.3012399306,-325570.64223249943,157.37862015014443,-145.6603677759477,344.18500496370046,4.141571668551386,344.18500496370046,4.141571668551386,344.18500496370046,4.141571668551386,6,0.991,130
2565.71,GT-0026,257770.44699550388,-326191.5920916872,157.04494716942398,-146.26467970464574,345.90011435204934,4.189006220002831,345.90011435204934,4.189006220002831,345.90011435204934,4.189006220002831,6,0.994,131
2566.36,GT-0026,257949.17774025214,-326386.0007769354,158.20469331899235,-145.65402727545174,345.3046229390427,2.6908915891260095,345.3046229390427,2.6908915891260095,345.3046229390427,2.6908915891260095,6,0.994,131
2569.1,GT-0026,258382.95172512747,-326785.18540229654,158.21396735652885,-145.6710138233439,345.7630644551764,3.607963064586718,345.7630644551764,3.607963064586718,345.7630644551764,3.607963064586718,6,0.997,131
2571.53,GT-0026,258767.42170535563,-327139.210179416,158.26883517833392,-145.69030495858178,346.38462855696605,4.139258297821371,346.38462855696605,4.139258297821371,346.38462855696605,4.139258297821371,6,0.996,131
2573.7,GT-0026,259110.74728402728,-327455.5106341188,158.27532238993976,-145.68836057587868,347.20098200432284,4.687203942438159,347.20098200432284,4.687203942438159,347.20098200432284,4.687203942438159,6,0.992,131
2573.78,GT-0026,259121.93431643568,-327469.5341371361,158.233223434386,-145.90319952450946,347.11346093942944,3.9499158027015793,347.11346093942944,3.9499158027015793,347.11346093942944,3.9499158027015793,6,0.996,131
2578.83,GT-0026,259931.4871250445,-328201.54694623017,157.4194979507061,-145.93757449148342,349.0362530218752,4.288813149243259,349.0362530218752,4.288813149243259,349.0362530218752,4.288813149243259,6,0.995,132
2582.0,GT-0026,260436.63356852997,-328681.72301426117,156.86144950639442,-146.479458576955,350.31743288264016,4.149982013520977,350.31743288264016,4.149982013520977,350.31743288264016,4.149982013520977,6,0.995,132
2584.89,GT-0026,260896.47419433738,-329111.8876483867,157.8155618553043,-147.0388103594205,351.4652049799869,4.095749699254587,351.4652049799869,4.095749699254587,351.4652049799869,4.095749699254587,6,0.995,132
2587.45,GT-0026,261285.29874525266,-329609.27908171277,156.34637019281857,-147.955360145588,345.1735533775254,1.156752431297438,345.1735533775254,1.156752431297438,345.1735533775254,1.156752431297438,6,0.995,133
2587.51,GT-0026,261295.06100387283,-329618.62573371397,156.34612382435293,-147.95325353244073,345.1991329260998,1.2136412791108189,345.1991329260998,1.2136412791108189,345.1991329260998,1.2136412791108189,6,0.995,133
2587.64,GT-0026,261315.5176086072,-329637.52533357637,156.34599294732638,-147.95325341027942,345.2625364047827,1.3291965577907778,345.2625364047827,1.3291965577907778,345.2625364047827,1.3291965577907778,6,0.992,133
2590.35,GT-0026,261739.3617032937,-330038.442587849,156.35731505482622,-147.94631700831482,345.32868037062275,2.7913205881136456,345.32868037062275,2.7913205881136456,345.32868037062275,2.7913205881136456,6,0.996,133
2592.5,GT-0026,262075.82731024607,-330355.96276591363,156.38728391960208,-147.88194986500525,345.4924732532565,3.504901965883299,345.4924732532565,3.504901965883299,345.4924732532565,3.504901965883299,6,0.997,133
2593.81,GT-0026,262280.5634971921,-330549.8715292666,156.3883071684984,-147.88313365525843,345.69881991881215,3.9023675824988797,345.69881991881215,3.9023675824988797,345.69881991881215,3.9023675824988797,6,0.991,133
2594.36,GT-0026,262367.13858550874,-330630.8250944426,156.412101481423,-147.88253924515726,345.8107379803704,4.034922204771473,345.8107379803704,4.034922204771473,345.8107379803704,4.034922204771473,6,0.994,133
2597.9,GT-0026,262916.27917757,-331159.6418322498,156.63706557020527,-147.33650741866526,346.6809016217411,4.198072883806591,346.6809016217411,4.198072883806591,346.6809016217411,4.198072883806591,6,0.994,133
2599.29,GT-0026,263137.5812104234,-331365.9983856665,156.9972598469747,-147.08950872347535,347.00863026981284,3.7757198256598445,347.00863026981284,3.7757198256598445,347.00863026981284,3.7757198256598445,6,0.997,134
2604.78,GT-0026,264001.1949028584,-332185.9505138645,157.69005816941348,-147.3608717448183,348.4114678305164,3.373646179086543,348.4114678305164,3.373646179086543,348.4114678305164,3.373646179086543,6,0.997,135
2608.22,GT-0026,264543.732155966,-332692.92297400313,157.69524098019784,-147.3658528765912,349.45320252791464,4.36473057895266,349.45320252791464,4.36473057895266,349.45320252791464,4.36473057895266,6,0.993,136
2609.43,GT-0026,264735.27441515506,-332872.27544808877,157.70399526100513,-147.40537436758802,349.95312963342286,4.576938934586869,349.95312963342286,4.576938934586869,349.95312963342286,4.576938934586869,6,0.995,137
2611.31,GT-0026,265031.94412920345,-333149.71376598015,157.70782683042023,-147.41410786630962,350.9806861573638,5.018654333771153,350.9806861573638,5.018654333771153,350.9806861573638,5.018654333771153,6,0.988,138
2612.39,GT-0026,265207.35630667396,-333308.7399294724,157.57477322951706,-147.85107508280902,351.351332187243,4.348837457060901,351.351332187243,4.348837457060901,351.351332187243,4.348837457060901,6,0.994,138
2615.15,GT-0026,265657.32418527576,-333706.7832330024,158.31397736312488,-147.07767377083394,352.15994544919795,3.6274863573743863,352.15994544919795,3.6274863573743863,352.15994544919795,3.6274863573743863,6,0.996,138
2622.42,GT-0026,266823.15748239734,-334768.8565460784,158.39783711193462,-147.26881526078998,354.1393662488476,3.0088861783815464,354.1393662488476,3.0088861783815464,354.1393662488476,3.0088861783815464,6,0.997,139
2623.9,GT-0026,267057.7343299601,-334986.32948613836,158.39443543866255,-147.2709424203867,354.5188653984584,3.5177007136882494,354.5188653984584,3.5177007136882494,354.5188653984584,3.5177007136882494,6,0.992,140
2624.36,GT-0026,267131.1851177759,-335054.18871191714,158.39104783577056,-147.2809768155817,354.6574788187979,3.645330086220924,354.6574788187979,3.645330086220924,354.6574788187979,3.645330086220924,6,0.994,140
2629.6,GT-0026,267970.8596971835,-335836.58745811135,158.28391716021164,-147.4344954083011,356.2884246487541,3.68067145623445,356.2884246487541,3.68067145623445,356.2884246487541,3.68067145623445,6,0.996,141
2633.63,GT-0026,268608.6302478631,-336430.7685186097,158.2820112232443,-147.43368356570272,357.9750098242504,4.757081751850665,357.9750098242504,4.757081751850665,357.9750098242504,4.757081751850665,6,0.987,142
2635.04,GT-0026,268849.8875948621,-336637.4365250747,158.34212108009743,-147.7367408943176,358.49432780644537,4.226032908129504,358.49432780644537,4.226032908129504,358.49432780644537,4.226032908129504,6,0.994,143
2635.12,GT-0026,268717.53773534385,-336663.6179759193,157.76084835885598,-149.2868537653351,357.7292716784326,2.648595749922242,357.7292716784326,2.648595749922242,357.7292716784326,2.648595749922242,6,0.994,144
2637.35,GT-0026,269069.92256946623,-336996.41733991704,157.75665376794745,-149.28408100238758,358.0728791035601,3.443359686995822,358.0728791035601,3.443359686995822,358.0728791035601,3.443359686995822,6,0.996,144
2640.17,GT-0026,269515.6760533134,-337417.5604688505,157.77201644947644,-149.26667125139957,358.7287168506519,4.218219430282736,358.7287168506519,4.218219430282736,358.7287168506519,4.218219430282736,6,0.996,144
2642.17,GT-0026,269839.567960169,-337712.5088432325,158.11495175709382,-149.13175045662052,359.3194162394794,4.036591039014042,359.3194162394794,4.036591039014042,359.3194162394794,4.036591039014042,6,0.996,144
2644.67,GT-0026,270235.2592616038,-338085.8515088121,158.15916978342327,-149.18226113040282,360.19602054438775,4.570388186894591,360.19602054438775,4.570388186894591,360.19602054438775,4.570388186894591,6,0.995,144
2646.79,GT-0026,270587.7857517463,-338405.0637134477,158.7190222525553,-148.92397201121761,361.05210349983287,4.3930641304728955,361.05210349983287,4.3930641304728955,361.05210349983287,4.3930641304728955,6,0.995,144
2656.13,GT-0026,272070.4775591285,-339796.27750990324,158.70599035426005,-148.92312070781395,367.9182077204946,6.342172965060256,367.9182077204946,6.342172965060256,367.9182077204946,6.342172965060256,6,0.99,145
2656.86,GT-0026,272213.53992624674,-339886.74063308275,158.80429779996982,-148.20460953725097,364.15143310002003,2.6719997798505326,364.15143310002003,2.6719997798505326,364.15143310002003,2.6719997798505326,6,0.997,146
2662.97,GT-0026,273184.3361954593,-340793.0547751358,158.80005892737336,-148.21896161091996,365.9910873212719,4.565808642305933,365.9910873212719,4.565808642305933,365.9910873212719,4.565808642305933,6,0.992,147
2663.94,GT-0026,273345.21891779255,-340938.7462754401,158.70522749617828,-148.21907314673257,366.34180256881285,4.243159045436299,366.34180256881285,4.243159045436299,366.34180256881285,4.243159045436299,6,0.994,148
2665.53,GT-0026,273598.1897110335,-341173.9950340745,158.70297806353693,-148.20984622177156,367.0755984706101,4.6439212014582525,367.0755984706101,4.6439212014582525,367.0755984706101,4.6439212014582525,6,0.99,148
2668.06,GT-0026,274001.60871302424,-341557.3483226771,158.64455875998078,-148.0536939003992,367.89540370501345,4.074843287178365,367.89540370501345,4.074843287178365,367.89540370501345,4.074843287178365,6,0.992,148
2668.91,GT-0026,274144.7710256997,-341681.01592802495,158.8687133935864,-148.10733565461345,368.06639682504425,3.6002015284167697,368.06639682504425,3.6002015284167697,368.06639682504425,3.6002015284167697,6,0.996,149
2671.75,GT-0026,274600.9005535216,-342100.14249689865,159.22097585586866,-148.08796746806104,368.83107184184735,3.6440681549490646,368.83107184184735,3.6440681549490646,368.83107184184735,3.6440681549490646,6,0.996,149
2672.12,GT-0026,275410.11017741024,-342641.1771619211,157.8326416479246,-148.21440262275877,360.5636122073229,1.1567319477816638,360.5636122073229,1.1567319477816638,360.5636122073229,1.1567319477816638,6,0.995,149
2674.17,GT-0026,275733.12084738765,-342944.6921129892,157.8280857359678,-148.2257585807088,360.60441128408667,2.4310894494825668,360.60441128408667,2.4310894494825668,360.60441128408667,2.4310894494825668,6,0.996,149
2676.85,GT-0026,276156.0909607377,-343341.5785410029,157.82525627372888,-148.23401559970029,360.76390711779106,3.441754266383739,360.76390711779106,3.441754266383739,360.76390711779106,3.441754266383739,6,0.995,149
2682.8,GT-0026,276995.7353123956,-344215.52227832476,158.2024773040843,-148.60863990394742,361.42152901108733,2.5854138216158495,361.42152901108733,2.5854138216158495,361.42152901108733,2.5854138216158495,6,0.995,150
2691.96,GT-0026,278446.45885023277,-345588.9590074972,158.58778830013847,-149.1947335995826,363.53408189999254,4.123648135938497,363.53408189999254,4.123648135938497,363.53408189999254,4.123648135938497,6,0.996,151
2692.09,GT-0026,278467.2217651649,-345607.5679280041,158.5926430808202,-149.1907679368931,363.61706918473266,4.158150959679218,363.61706918473266,4.158150959679218,363.61706918473266,4.158150959679218,6,0.991,152
2694.29,GT-0026,278822.57822340773,-345934.91230451677,159.62550322088651,-149.5703996916484,364.10172551610736,3.4509037323904908,364.10172551610736,3.4509037323904908,364.10172551610736,3.4509037323904908,6,0.997,152
2699.13,GT-0026,279603.7182059298,-346660.51721794385,159.7373128343875,-150.3273859709813,365.30412095159954,3.4058214014603845,365.30412095159954,3.4058214014603845,365.30412095159954,3.4058214014603845,6,0.997,153
2700.94,GT-0026,279895.35411439935,-346928.5598690542,159.64751033301928,-150.3906584502752,365.7297507403782,3.491540000307766,365.7297507403782,3.491540000307766,365.7297507403782,3.491540000307766,6,0.997,153
2701.83,GT-0026,280033.2585120711,-347052.33709027775,159.5521885589108,-150.20996548853816,365.94608490688756,3.667247469936373,365.94608490688756,3.667247469936373,365.94608490688756,3.667247469936373,6,0.994,154
2702.98,GT-0026,280216.54633883655,-347225.0199835621,159.54081111299524,-150.2082755613347,366.2583567229993,3.9648734173198745,366.2583567229993,3.9648734173198745,366.2583567229993,3.9648734173198745,6,0.996,154
2704.62,GT-0026,280477.8729384107,-347467.24799408007,159.62816132873428,-149.59630601712837,366.6224667801397,3.5146377598639402,366.6224667801397,3.5146377598639402,366.6224667801397,3.5146377598639402,6,0.997,154
2706.89,GT-0026,280839.6381935492,-347806.6508712488,159.63122061137162,-149.5920229630531,367.28156367048535,4.177694567763924,367.28156367048535,4.177694567763924,367.28156367048535,4.177694567763924,6,0.991,154
2707.77,GT-0026,280979.5707815137,-347938.0148188502,159.61834016256347,-149.59489646962382,367.5901314324593,4.378577995632631,367.5901314324593,4.378577995632631,367.5901314324593,4.378577995632631,6,0.994,154
2712.01,GT-0026,281637.13594356785,-348577.6460169321,159.07230420541893,-149.22584698538736,369.37065006148924,4.411326949151564,369.37065006148924,4.411326949151564,369.37065006148924,4.411326949151564,6,0.995,155
2713.08,GT-0026,281807.35825191945,-348736.7453666207,159.07032305403948,-149.2250471794365,369.88886101405734,4.6744682958853225,369.88886101405734,4.6744682958853225,369.88886101405734,4.6744682958853225,6,0.99,155
2714.32,GT-0026,282004.4790115955,-348921.5548629536,159.06883212896884,-149.22700364564395,370.61423887899605,4.96360106328268,370.61423887899605,4.96360106328268,370.61423887899605,4.96360106328268,6,0.988,156
2714.94,GT-0026,282097.8958164328,-348996.3803322934,158.77707422613003,-149.42913452419785,370.73779899883084,4.289482946710433,370.73779899883084,4.289482946710433,370.73779899883084,4.289482946710433,6,0.994,156
2717.35,GT-0026,282464.2044117774,-349346.355463261,158.6773894011157,-149.55990884895994,371.04712856557506,3.122303413670419,371.04712856557506,3.122303413670419,371.04712856557506,3.122303413670419,6,0.997,156
2719.34,GT-0026,282779.43241601146,-349643.71518770047,158.67926745202016,-149.56066713621644,371.55125645373465,3.7670674614812154,371.55125645373465,3.7670674614812154,371.55125645373465,3.7670674614812154,6,0.993,156
2721.99,GT-0026,283197.8939081541,-350037.76953660534,158.61474862691773,-149.55106326444812,372.34863372793257,3.8635548445743098,372.34863372793257,3.8635548445743098,372.34863372793257,3.8635548445743098,6,0.996,157
2723.86,GT-0026,283486.87885711115,-350312.3615358271,158.59936163085743,-149.55459463349783,372.7217341363422,3.326350606866242,372.7217341363422,3.326350606866242,372.7217341363422,3.326350606866242,6,0.997,157
2726.05,GT-0026,283833.6835954794,-350639.41316024755,158.60169473702717,-149.56323028878438,373.2790299454608,3.959530626808298,373.2790299454608,3.959530626808298,373.2790299454608,3.959530626808298,6,0.996,157
2728.98,GT-0026,284297.9616762195,-351077.3123321029,158.60252350722646,-149.55460338345284,374.36987558737076,4.7172803832314365,374.36987558737076,4.7172803832314365,374.36987558737076,4.7172803832314365,6,0.991,158
2730.97,GT-0026,284613.5382778134,-351374.70822917594,158.6067748771249,-149.56162264464763,375.48904586325784,5.171679899004491,375.48904586325784,5.171679899004491,375.48904586325784,5.171679899004491,6,0.986,159
2731.6,GT-0026,284732.3820735814,-351467.5843802914,159.6158084044446,-149.85776547519666,375.1734743064425,3.697498410728405,375.1734743064425,3.697498410728405,375.1734743064425,3.697498410728405,6,0.995,160
2734.62,GT-0026,285206.71324499906,-351914.0333958567,158.59869932058257,-149.79289989082383,376.0680034342558,3.7440844011212384,376.0680034342558,3.7440844011212384,376.0680034342558,3.7440844011212384,6,0.996,160
2739.7,GT-0026,286003.91703180404,-352656.6407450594,158.08039936704836,-149.16698102269498,377.6058442596338,3.661058291138273,377.6058442596338,3.661058291138273,377.6058442596338,3.661058291138273,6,0.996,161
2742.75,GT-0026,286223.1810463131,-353199.5578626136,159.09753652616058,-149.41599398163152,373.4540143632995,1.156748662038502,373.4540143632995,1.156748662038502,373.4540143632995,1.156748662038502,6,0.995,162
2744.33,GT-0026,286474.21114006557,-353435.2570910049,159.09474307737318,-149.41967262400266,373.488917986518,2.2090740204347115,373.488917986518,2.2090740204347115,373.488917986518,2.2090740204347115,6,0.995,163
2747.16,GT-0026,286924.4790453251,-353858.05216158036,159.06247766297565,-149.3879865016519,373.6224075878005,3.312779950549439,373.6224075878005,3.312779950549439,373.6224075878005,3.312779950549439,6,0.997,163
2749.52,GT-0026,287300.29076054273,-354210.93180268403,159.04227319309024,-149.3923531043248,373.9013207223459,3.963780977943478,373.9013207223459,3.963780977943478,373.9013207223459,3.963780977943478,6,0.997,163
2751.37,GT-0026,287593.53546624,-354487.67365717865,159.02421705175277,-149.39608956490414,374.2806283245028,4.4272561110756214,374.2806283245028,4.4272561110756214,374.2806283245028,4.4272561110756214,6,0.995,163
2753.38,GT-0026,287913.0192223064,-354788.55685591983,159.0388336105574,-149.40583541486816,374.87963464519004,4.869941955383904,374.87963464519004,4.869941955383904,374.87963464519004,4.869941955383904,6,0.995,163
2755.1,GT-0026,288186.3817755612,-355045.1672912201,159.04527598719386,-149.39533462939164,375.5941735231751,5.244714619703806,375.5941735231751,5.244714619703806,375.5941735231751,5.244714619703806,6,0.992,164
2755.17,GT-0026,288199.0086500652,-355048.90440460225,158.64928614466749,-149.22134992897497,375.25040714449386,3.712147866629291,375.25040714449386,3.712147866629291,375.25040714449386,3.712147866629291,6,0.997,164
2757.52,GT-0026,288571.40868233243,-355400.66656872124,158.671934073631,-149.35758053359257,375.9013765755744,4.228509567287834,375.9013765755744,4.228509567287834,375.9013765755744,4.228509567287834,6,0.996,164
2759.22,GT-0026,288840.7877821679,-355654.8268926921,158.68055602355304,-149.35543394526178,376.5421789506562,4.657155869649229,376.5421789506562,4.657155869649229,376.5421789506562,4.657155869649229,6,0.991,164
2759.95,GT-0026,288949.6070989918,-355762.1039860966,158.51595783734288,-149.40178064594355,376.7113449009038,4.062122633642134,376.7113449009038,4.062122633642134,376.7113449009038,4.062122633642134,6,0.996,164
2762.79,GT-0026,289398.75774480536,-356187.8506395637,158.37733515278185,-149.66577900854458,377.3599497458273,3.403718808250531,377.3599497458273,3.403718808250531,377.3599497458273,3.403718808250531,6,0.997,164
2763.17,GT-0026,289458.58331621764,-356244.998892868,158.36982823329657,-149.66308509441117,377.45805320613874,3.5234543187588994,377.45805320613874,3.5234543187588994,377.45805320613874,3.5234543187588994,6,0.993,164
2764.97,GT-0026,289743.7009766541,-356514.1646315966,158.3653223027045,-149.64910260048458,377.9473225670367,4.016388997464707,377.9473225670367,4.016388997464707,377.9473225670367,4.016388997464707,6,0.996,164
2770.12,GT-0026,290569.7954018831,-357277.7099813056,158.24635247118616,-149.50822244130111,379.6086341828648,3.7974937661444796,379.6086341828648,3.7974937661444796,379.6086341828648,3.7974937661444796,6,0.996,165
2772.95,GT-0026,291168.10102730966,-357649.0555966004,157.2597114204235,-148.23125481200543,378.97227796788326,1.281671714455681,378.97227796788326,1.281671714455681,378.97227796788326,1.281671714455681,6,0.995,166
2781.61,GT-0026,292530.1060756966,-358931.79219704715,157.27080706374588,-148.24583270013147,379.8527854660467,4.562630128399683,379.8527854660467,4.562630128399683,379.8527854660467,4.562630128399683,6,0.995,167
2784.15,GT-0026,292928.90721510194,-359311.5296578226,157.3974063029509,-148.81466728952648,380.458145223887,3.8277887372106183,380.458145223887,3.8277887372106183,380.458145223887,3.8277887372106183,6,0.997,167
2786.95,GT-0026,293366.17482835124,-359727.53480506316,157.2095008925646,-148.78432329702613,381.25194313923276,4.259060127596648,381.25194313923276,4.259060127596648,381.25194313923276,4.259060127596648,6,0.996,167
2789.07,GT-0026,293699.8441014946,-360043.036234541,157.2318724242737,-148.77594622894367,382.02480019923087,4.747997581474607,382.02480019923087,4.747997581474607,382.02480019923087,4.747997581474607,6,0.995,167
2791.18,GT-0026,294033.842993963,-360347.00678964355,157.7006969265784,-148.99260174982368,382.6261803737739,3.932009683435651,382.6261803737739,3.932009683435651,382.6261803737739,3.932009683435651,6,0.996,167
2793.26,GT-0026,294361.01117695635,-360656.96377952443,157.69124178563382,-148.9926473131734,383.36304911171896,4.456405503907676,383.36304911171896,4.456405503907676,383.36304911171896,4.456405503907676,6,0.995,167
2799.0,GT-0026,295275.73369782174,-361523.91849465837,157.5257970965115,-149.7213354006052,385.84348871004397,4.204090658970302,385.84348871004397,4.204090658970302,385.84348871004397,4.204090658970302,6,0.995,168
2802.07,GT-0026,295771.2956648695,-362033.98256463365,158.41795481298539,-148.21713275871193,386.12849046446456,3.0604453612959968,386.12849046446456,3.0604453612959968,386.12849046446456,3.0604453612959968,6,0.994,169
2802.52,GT-0026,295842.3738757227,-362100.9238897576,158.42238236190818,-148.26459338000666,386.2269725768857,3.2014258502201582,386.2269725768857,3.2014258502201582,386.2269725768857,3.2014258502201582,6,0.996,169
2805.41,GT-0026,296293.6924871468,-362531.88479164353,158.13260561459367,-148.6815831985625,386.85584213685775,3.54692696433406,386.85584213685775,3.54692696433406,386.85584213685775,3.54692696433406,6,0.997,169
2805.98,GT-0026,295941.8735907035,-362349.2074820792,156.84018517424764,-148.23403874846016,385.03237364059345,1.1567310251652907,385.03237364059345,1.1567310251652907,385.03237364059345,1.1567310251652907,6,0.995,169
2807.85,GT-0026,296234.4072795535,-362626.3946665707,156.8462779792985,-148.23765790699625,385.0695028541965,2.347521248571945,385.0695028541965,2.347521248571945,385.0695028541965,2.347521248571945,6,0.996,169
2813.01,GT-0026,297043.89333391195,-363392.1913671064,156.8851534688849,-148.28788562637928,385.4912756392472,4.060524993959835,385.4912756392472,4.060524993959835,385.4912756392472,4.060524993959835,6,0.997,170
2819.16,GT-0026,298008.48976979987,-364303.8715827937,156.87797512956615,-148.29465785527805,387.53171057295833,5.497865596711361,387.53171057295833,5.497865596711361,387.53171057295833,5.497865596711361,6,0.992,171
2820.69,GT-0026,298261.64306381246,-364539.7876452325,157.11701340711326,-148.89998648883994,387.39045720658135,3.4567235367510505,387.39045720658135,3.4567235367510505,387.39045720658135,3.4567235367510505,6,0.997,172
2823.42,GT-0026,298691.4473501433,-364949.72802220605,157.00696989701635,-149.05453619589665,388.14145767258424,4.090988743256307,388.14145767258424,4.090988743256307,388.14145767258424,4.090988743256307,6,0.996,172
2828.34,GT-0026,299470.3904288337,-365688.4322086673,156.79584156251755,-148.89306182940248,390.08653406585313,4.478575695180059,390.08653406585313,4.478575695180059,390.08653406585313,4.478575695180059,6,0.995,173
2831.63,GT-0026,299974.03525873175,-366166.37102200335,156.4449777690425,-148.96743877821066,391.0650477300018,3.706619457631579,391.0650477300018,3.706619457631579,391.0650477300018,3.706619457631579,6,0.996,173
2837.1,GT-0026,300851.839273844,-367003.08905503876,157.16280352963622,-149.43921546823185,392.79671053154505,3.7014638543899574,392.79671053154505,3.7014638543899574,392.79671053154505,3.7014638543899574,6,0.996,174
2837.69,GT-0026,300944.54878520104,-367091.6981798397,157.1535542913565,-149.4316175276261,392.9824928863396,3.8714192581123767,392.9824928863396,3.8714192581123767,392.9824928863396,3.8714192581123767,6,0.993,175
2839.43,GT-0026,301228.04240098095,-367349.6514549141,157.39362366008973,-149.85179754884103,393.28651215475765,3.2679107021960876,393.28651215475765,3.2679107021960876,393.28651215475765,3.2679107021960876,6,0.997,175
2842.1,GT-0026,301648.85102666885,-367750.2403111722,157.39710595883048,-149.8390856225948,393.98565220495544,4.078611717432162,393.98565220495544,4.078611717432162,393.98565220495544,4.078611717432162,6,0.993,175
2842.21,GT-0026,301664.221696053,-367769.3510006484,157.21609458226968,-149.11519539426348,393.9147319216607,3.4323767667113945,393.9147319216607,3.4323767667113945,393.9147319216607,3.4323767667113945,6,0.997,175
2850.17,GT-0026,302911.17867591674,-368950.7436136903,157.11602614016365,-149.3640465360582,396.68922402320794,4.368182128743088,396.68922402320794,4.368182128743088,396.68922402320794,4.368182128743088,6,0.995,176
2851.82,GT-0026,303321.1736711604,-369171.91889731144,158.94119466457255,-150.32530017008924,396.3740809769158,2.8480894425958314,396.3740809769158,2.8480894425958314,396.3740809769158,2.8480894425958314,6,0.994,177
2852.61,GT-0026,303446.9926394896,-369291.5050522273,158.91304369631334,-150.3236396117363,396.505123630849,3.1259820031749506,396.505123630849,3.1259820031749506,396.505123630849,3.1259820031749506,6,0.996,177
2855.08,GT-0026,303839.09062937624,-369661.97633545083,158.75051955526217,-150.2905377170244,396.96844420991204,3.755224136921285,396.96844420991204,3.755224136921285,396.96844420991204,3.755224136921285,6,0.997,177
2857.09,GT-0026,304158.272509568,-369964.4323335085,158.7550754481701,-150.29761911152207,397.4917170028834,4.312087849497402,397.4917170028834,4.312087849497402,397.4917170028834,4.312087849497402,6,0.992,177
2857.32,GT-0026,304187.81488632126,-370001.7069822265,158.3299205635842,-150.3264093070695,397.4756239607772,3.6606925323567396,397.4756239607772,3.6606925323567396,397.4756239607772,3.6606925323567396,6,0.997,177
2862.09,GT-0026,304942.9452348991,-370719.32599667,158.32825498901855,-150.33239644563992,399.0028750178169,4.910238673415035,399.0028750178169,4.910238673415035,399.0028750178169,4.910238673415035,6,0.991,177
2868.32,GT-0026,305931.2512691943,-371661.2057785634,157.10380222095475,-149.6396338953138,400.46458600249014,2.9935859490451135,400.46458600249014,2.9935859490451135,400.46458600249014,2.9935859490451135,6,0.997,178
2870.79,GT-0026,306319.8974056824,-372031.7304540576,157.1224455215836,-149.61995528334177,401.0617480722505,3.7763573223736264,401.0617480722505,3.7763573223736264,401.0617480722505,3.7763573223736264,6,0.996,178
2871.52,GT-0026,306384.59412683494,-372260.74089282897,158.72184337712713,-148.41859771936205,400.7458656534688,2.586782923085537,400.7458656534688,2.586782923085537,400.7458656534688,2.586782923085537,6,0.994,179
2875.53,GT-0026,307021.320248473,-372855.64333687874,158.7044853035923,-148.41298417205604,401.3366692711293,3.95841815737536,401.3366692711293,3.95841815737536,401.3366692711293,3.95841815737536,6,0.992,179
2876.15,GT-0026,307119.93057696865,-372947.759185529,158.6736355546406,-148.4038429455048,401.4892099897083,4.106633669614288,401.4892099897083,4.106633669614288,401.4892099897083,4.106633669614288,6,0.995,180
2881.75,GT-0026,308007.65916024183,-373777.2742939584,157.5181343051877,-149.06629080226406,402.7967136224666,3.367555760948238,402.7967136224666,3.367555760948238,402.7967136224666,3.367555760948238,6,0.997,181
2891.27,GT-0026,309504.8710291897,-375212.0145448687,157.73226317933333,-149.93039825129605,406.1108255962788,4.215162846896384,406.1108255962788,4.215162846896384,406.1108255962788,4.215162846896384,6,0.995,182
2894.81,GT-0026,310046.80367237155,-375739.33735360135,156.86050872152512,-149.62586351805254,406.7056817134091,3.057272519087526,406.7056817134091,3.057272519087526,406.7056817134091,3.057272519087526,6,0.997,182
2899.81,GT-0026,310831.36943942186,-376487.3641400664,156.88294609918893,-149.58625521637853,408.109763089627,4.489780010706919,408.109763089627,4.489780010706919,408.109763089627,4.489780010706919,6,0.995,183
2914.33,GT-0026,313055.880010765,-378674.08994020714,157.3785173753905,-148.54819980822109,414.74118719611886,3.460366571309387,414.74118719611886,3.460366571309387,414.74118719611886,3.460366571309387,6,0.995,184
2916.11,GT-0026,313282.7439954516,-378889.3990216494,155.51038867165724,-147.34430944964205,414.9197967339651,3.200836527229213,414.9197967339651,3.200836527229213,414.9197967339651,3.200836527229213,6,0.993,185
2916.62,GT-0026,313373.48057895916,-378965.2751382909,155.94068104054784,-147.37919930082626,414.9952923149217,3.0294364964566753,414.9952923149217,3.0294364964566753,414.9952923149217,3.0294364964566753,6,0.997,185
2918.89,GT-0026,313727.3414798222,-379299.58443303127,155.92932393919264,-147.39328529526585,415.47617894655644,3.7612618129393436,415.47617894655644,3.7612618129393436,415.47617894655644,3.7612618129393436,6,0.995,185
2921.53,GT-0026,314148.619889988,-379683.3613741879,156.11151349377033,-147.8015424143325,416.1321877651624,3.7695306782006193,416.1321877651624,3.7695306782006193,416.1321877651624,3.7695306782006193,6,0.996,185
2926.12,GT-0026,314879.2520017126,-380370.99141093215,156.61902087074733,-148.14219930443707,417.0328505018118,3.1201487452662424,417.0328505018118,3.1201487452662424,417.0328505018118,3.1201487452662424,6,0.997,186
2928.21,GT-0026,315206.81683246273,-380680.482787995,156.63080178644861,-148.11466647761267,417.46907793941654,3.7811152019506116,417.46907793941654,3.7811152019506116,417.46907793941654,3.7811152019506116,6,0.995,186
2930.95,GT-0026,315638.99148427567,-381092.0273344748,156.57643639417094,-147.84028000455592,418.14228670075664,3.7871416134749367,418.14228670075664,3.7871416134749367,418.14228670075664,3.7871416134749367,6,0.996,186
2933.1,GT-0026,315983.7340270548,-381398.1898978245,156.5528262036457,-147.83158276838478,418.66723820735405,3.7755059061984384,418.66723820735405,3.7755059061984384,418.66723820735405,3.7755059061984384,6,0.996,186
2941.61,GT-0026,317319.21143422666,-382637.0725137765,157.36007392994065,-147.09754105348907,421.49857284600824,3.9733984280396193,421.49857284600824,3.9733984280396193,421.49857284600824,3.9733984280396193,6,0.995,187
2946.35,GT-0026,318040.06672661257,-383326.3054164676,157.43370135438897,-146.570102471181,423.0865241116011,3.9435877316599672,423.0865241116011,3.9435877316599672,423.0865241116011,3.9435877316599672,6,0.995,188
2948.56,GT-0026,319144.176870238,-383543.82498843013,154.97616848106378,-147.1857666909784,415.3370469218483,1.5296196160285933,415.3370469218483,1.5296196160285933,415.3370469218483,1.5296196160285933,6,0.994,189
2949.49,GT-0026,319287.6462653923,-383680.63912979834,154.98792770953548,-147.19031995972074,415.3605818052196,2.09567707594723,415.3605818052196,2.09567707594723,415.3605818052196,2.09567707594723,6,0.997,189
2958.97,GT-0026,320638.6549496096,-384957.34436658944,157.5763800341339,-145.35996703850986,412.84335984370347,1.1567569995252391,412.84335984370347,1.1567569995252391,412.84335984370347,1.1567569995252391,6,0.995,190
2975.13,GT-0026,323184.3753553367,-387306.90591179545,157.5832228722885,-145.35470693518414,417.1073283039251,6.133622770960277,417.1073283039251,6.133622770960277,417.1073283039251,6.133622770960277,6,0.99,191
2991.64,GT-0026,325527.4602190951,-389790.5536054952,156.06554496956528,-144.41466410182454,436.93349175199853,6.131474170549,436.93349175199853,6.131474170549,436.93349175199853,6.131474170549,5,0.989,192
2997.32,GT-0026,326327.39342048776,-390636.3015799928,155.90818094391364,-144.04960338979276,443.17711190683303,5.943014103361015,443.17711190683303,5.943014103361015,443.17711190683303,5.943014103361015,5,0.989,192
3003.08,GT-0026,326998.5976412376,-391579.5285055091,158.9940412893332,-146.81968255637076,442.5488032937984,3.7347838716912842,442.5488032937984,3.7347838716912842,442.5488032937984,3.7347838716912842,5,0.99,192
3007.63,GT-0026,327679.2189371223,-391977.0865940258,156.48555490479984,-145.7579183405613,433.09387743487775,2.022675748913034,433.09387743487775,2.022675748913034,433.09387743487775,2.022675748913034,5,0.992,192
3012.11,GT-0026,329019.03910567693,-393266.59573209606,160.37181157383648,-145.40966885362616,422.2993171441895,1.1567324404809167,422.2993171441895,1.1567324404809167,422.2993171441895,1.1567324404809167,6,0.994,192
3016.63,GT-0026,329743.184421848,-393923.1412081527,160.37192344943077,-145.41723148616583,422.4364106253049,3.3913079253688987,422.4364106253049,3.3913079253688987,422.4364106253049,3.3913079253688987,6,0.991,192
3026.18,GT-0026,331261.8963558106,-395292.3937034334,159.9816825486035,-145.84192667078918,425.0175104224347,5.203246802338031,425.0175104224347,5.203246802338031,425.0175104224347,5.203246802338031,6,0.992,193
3035.96,GT-0026,332526.0828007169,-396474.2861460221,160.1088729810254,-145.21717442046253,426.18328231516745,1.719709542491534,426.18328231516745,1.719709542491534,426.18328231516745,1.719709542491534,6,0.994,194
3054.09,GT-0026,335482.9468347873,-398945.8827754625,162.1500996228508,-142.72863047442678,430.0240484845728,3.26216568902147,430.0240484845728,3.26216568902147,430.0240484845728,3.26216568902147,5,0.994,195
3059.18,GT-0026,336308.22662518633,-399672.3079991244,162.14116655902,-142.73253053739123,431.5481456978253,4.69862179912873,431.5481456978253,4.69862179912873,431.5481456978253,4.69862179912873,5,0.99,195
3071.33,GT-0026,338272.8707244316,-401410.551138718,159.5240100972295,-143.52557535407857,439.65900157115846,5.3700175990858625,439.65900157115846,5.3700175990858625,439.65900157115846,5.3700175990858625,5,0.99,196
