time,global_track_id,x,y,vx,vy,pos_sigma_m,vel_sigma_mps,sigma_x_m,sigma_vx_mps,sigma_y_m,sigma_vy_mps,fused_tq,prob,n_sources
7.14,GT-0001,-79450.63080776941,26836.427758529928,-34.326601227357514,25.77918501487948,52.58377508556915,2.3568957959079553,52.58377508556915,2.3568957959079553,52.58377508556915,2.3568957959079553,13,0.932,2
7.3,GT-0001,-79634.68878612196,26930.75700597922,-35.41214238942339,25.61696032085338,52.46041012602738,0.8747222916870523,52.46041012602738,0.8747222916870523,52.46041012602738,0.8747222916870523,13,0.989,2
9.63,GT-0001,-79691.97685391117,27008.67333967683,-37.730934205138425,27.75017805274237,52.460390122099724,0.8747231628991188,52.460390122099724,0.8747231628991188,52.460390122099724,0.8747231628991188,13,0.995,2
12.11,GT-0001,-79785.57555827293,27077.50478936632,-37.73273447177354,27.750051366696,52.63762975054875,2.5190980330477437,52.63762975054875,2.5190980330477437,52.63762975054875,2.5190980330477437,13,0.992,2
13.63,GT-0001,-79842.93432651855,27119.68931963779,-37.73451331285503,27.750427877194056,53.08088020169824,3.1262044649076586,53.08088020169824,3.1262044649076586,53.08088020169824,3.1262044649076586,13,0.987,2
14.37,GT-0001,-79870.83657132849,27140.220582317408,-37.73464877228105,27.747351087902928,53.449690663192236,3.3810083947439273,53.449690663192236,3.3810083947439273,53.449690663192236,3.3810083947439273,13,0.99,2
16.27,GT-0001,-79942.53822057178,27192.93458774452,-37.73408053083381,27.745783504586882,54.91923895698643,3.9649446930040657,54.91923895698643,3.9649446930040657,54.91923895698643,3.9649446930040657,13,0.983,3
16.71,GT-0001,-79959.13143987706,27205.259942693658,-37.740422187203194,27.7622559458689,55.39768220567025,4.081516618380949,55.39768220567025,4.081516618380949,55.39768220567025,4.081516618380949,13,0.99,3
18.81,GT-0001,-80038.48981702585,27263.57446537502,-37.75063911440793,27.75878138866733,58.3938428345939,4.619593037127688,58.3938428345939,4.619593037127688,58.3938428345939,4.619593037127688,13,0.99,3
19.3,GT-0001,-80057.0253526974,27277.204409771828,-37.758307613688885,27.760360298562546,59.30153482850059,4.735494090663158,59.30153482850059,4.735494090663158,59.30153482850059,4.735494090663158,13,0.989,3
21.59,GT-0001,-80146.14671621687,27345.845142184313,-37.95997693185882,28.393018305614532,64.42279949901484,5.053558469799898,64.42279949901484,5.053558469799898,64.42279949901484,5.053558469799898,12,0.99,3
22.89,GT-0001,-80195.5048328343,27382.748679027525,-37.9610529355341,28.3923102842175,67.85870254398027,5.335775519439975,67.85870254398027,5.335775519439975,67.85870254398027,5.335775519439975,12,0.987,3
23.76,GT-0001,-80267.96007542839,27439.240622882113,-41.694577238551574,31.70580319081921,67.61662151322088,4.042887485112363,67.61662151322088,4.042887485112363,67.61662151322088,4.042887485112363,12,0.991,3
24.53,GT-0001,-80300.07664705577,27463.661009512274,-41.695344271463,31.706573554930287,68.9920550196948,4.253310959105711,68.9920550196948,4.253310959105711,68.9920550196948,4.253310959105711,12,0.986,3
26.75,GT-0001,-80392.64031133841,27534.049602804218,-41.695344271463,31.706573554930287,73.59659497936599,4.80475328345262,73.59659497936599,4.80475328345262,73.59659497936599,4.80475328345262,12,0.956,3
28.45,GT-0001,-80463.70393657743,27588.102457762845,-41.71056600698921,31.717069753986152,77.9234613263325,5.184449174962643,77.9234613263325,5.184449174962643,77.9234613263325,5.184449174962643,12,0.98,3
29.4,GT-0001,-80503.32897428407,27618.233674029132,-41.71056600698921,31.717069753986152,80.64316212684618,5.386651394676551,80.64316212684618,5.386651394676551,80.64316212684618,5.386651394676551,11,0.951,3
29.4,GT-0002,-80827.60499079328,27965.513749359183,-47.59724721983731,34.48309713462367,91.75608273796715,1.5295285255877729,91.75608273796715,1.5295285255877729,91.75608273796715,1.5295285255877729,11,0.914,1
31.85,GT-0001,-80605.5198610012,27695.9404949264,-41.71056600698921,31.717069753986152,88.69371466175681,5.876096769775907,88.69371466175681,5.876096769775907,88.69371466175681,5.876096769775907,11,0.922,3
31.85,GT-0002,-80944.2357684685,28050.0099111822,-47.599772846832664,34.48038418397718,91.92362167313428,2.801994632209768,91.92362167313428,2.801994632209768,91.92362167313428,2.801994632209768,11,0.972,1
34.04,GT-0001,-80696.8660005565,27765.40087768763,-41.71056600698921,31.717069753986152,97.12899601748205,6.281402172108615,97.12899601748205,6.281402172108615,97.12899601748205,6.281402172108615,11,0.894,3
34.04,GT-0002,-81205.48932161271,28268.55196371774,-49.9434103751067,35.315156400836926,91.7365170597241,1.5295655840192997,91.7365170597241,1.5295655840192997,91.7365170597241,1.5295655840192997,11,0.99,1
34.46,GT-0001,-80714.54580213368,27778.942226031486,-41.72158342474813,31.735353653218226,98.87923858938342,6.3532941755398555,98.87923858938342,6.3532941755398555,98.87923858938342,6.3532941755398555,11,0.959,3
34.46,GT-0002,-81226.46555397025,28283.38432940609,-49.9434103751067,35.315156400836926,91.73909869672096,1.8123385102723788,91.73909869672096,1.8123385102723788,91.73909869672096,1.8123385102723788,11,0.96,1
35.76,GT-0001,-80768.78386058586,27820.198185780668,-41.72158342474813,31.735353653218226,104.53528785474816,6.57946402687549,104.53528785474816,6.57946402687549,104.53528785474816,6.57946402687549,11,0.931,3
35.76,GT-0002,-81291.41202291347,28329.27760411773,-49.942583247134735,35.31586119522,91.83975219521274,2.493039394846592,91.83975219521274,2.493039394846592,91.83975219521274,2.493039394846592,11,0.975,2
36.89,GT-0001,-80815.92924985582,27856.059135408803,-41.72158342474813,31.735353653218226,109.75524658047664,6.769922221189003,109.75524658047664,6.769922221189003,109.75524658047664,6.769922221189003,10,0.903,3
36.89,GT-0002,-81347.95244384882,28369.231605486315,-49.951166176293285,35.32138840356216,91.99870450935703,2.9576469473736333,91.99870450935703,2.9576469473736333,91.99870450935703,2.9576469473736333,11,0.988,2
38.56,GT-0001,-80885.67130350597,27909.175076661344,-41.72411951497452,31.744149989967354,117.99710636811231,7.042776669235807,117.99710636811231,7.042776669235807,117.99710636811231,7.042776669235807,10,0.954,3
38.56,GT-0002,-81431.37089136323,28428.218324120266,-49.951166176293285,35.32138840356216,92.43600521151599,3.536265751510847,92.43600521151599,3.536265751510847,92.43600521151599,3.536265751510847,11,0.959,2
39.29,GT-0001,-80916.1299107519,27932.34830615402,-41.72411951497452,31.744149989967354,121.76321444513479,7.15843580768398,121.76321444513479,7.15843580768398,121.76321444513479,7.15843580768398,10,0.925,3
39.29,GT-0002,-81467.89059163221,28454.056896055514,-49.9608439221264,35.333395677191106,92.76769540671312,3.7594787714150892,92.76769540671312,3.7594787714150892,92.76769540671312,3.7594787714150892,11,0.983,2
40.38,GT-0001,-80961.60920102322,27966.949429643086,-41.72411951497452,31.744149989967354,127.58029834455822,7.327735203508121,127.58029834455822,7.327735203508121,127.58029834455822,7.327735203508121,10,0.897,3
40.38,GT-0002,-81522.41454428493,28492.636938705236,-49.97135257618231,35.34978186620012,93.39761507490662,4.0698944137145405,93.39761507490662,4.0698944137145405,93.39761507490662,4.0698944137145405,11,0.989,2
41.7,GT-0001,-81016.68503878299,28008.85170762984,-41.72411951497452,31.744149989967354,134.92445625062595,7.527662533132858,134.92445625062595,7.527662533132858,134.92445625062595,7.527662533132858,10,0.87,3
41.7,GT-0002,-81588.61602709684,28539.436226505917,-49.99868775459436,35.36764090232225,94.42777050036909,4.415855420067089,94.42777050036909,4.415855420067089,94.42777050036909,4.415855420067089,11,0.99,2
44.23,GT-0002,-81715.21428554907,28628.89516560183,-50.01250603275889,35.37142394842277,97.38826059195407,5.020036990005137,97.38826059195407,5.020036990005137,97.38826059195407,5.020036990005137,11,0.987,2
44.32,GT-0002,-81744.36866635305,28641.671832408276,-52.809249389758065,36.83976951494782,97.38591718239375,4.5995752909722265,97.38591718239375,4.5995752909722265,97.38591718239375,4.5995752909722265,11,0.991,2
45.74,GT-0001,-81185.67898041183,28137.38687455356,-41.749987478598996,31.763641815870415,159.3225034519028,8.108790479661558,159.3225034519028,8.108790479661558,159.3225034519028,8.108790479661558,9,0.924,3
45.74,GT-0002,-81819.35780048651,28693.984305119502,-52.809249389758065,36.83976951494782,99.2865001580355,4.9346826501125935,99.2865001580355,4.9346826501125935,99.2865001580355,4.9346826501125935,11,0.961,2
46.42,GT-0001,-81214.06897189727,28158.98615098835,-41.749987478598996,31.763641815870415,163.6875539211584,8.202590020417327,163.6875539211584,8.202590020417327,163.6875539211584,8.202590020417327,9,0.896,3
46.42,GT-0002,-81855.58602838415,28719.29675963837,-52.845600652718986,36.872978729586634,100.36496523323112,5.080549492993071,100.36496523323112,5.080549492993071,100.36496523323112,5.080549492993071,11,0.984,2
49.49,GT-0001,-81342.24143345657,28256.50053136307,-41.749987478598996,31.763641815870415,184.26712701294227,8.613360728719652,184.26712701294227,8.613360728719652,184.26712701294227,8.613360728719652,9,0.869,3
49.49,GT-0002,-82077.84774618711,28916.083958909723,-59.30885271946158,44.99340784711899,103.35684296194975,3.9467019190726678,103.35684296194975,3.9467019190726678,103.35684296194975,3.9467019190726678,11,0.99,2
51.63,GT-0002,-82234.46178536655,29039.475872804156,-62.366788966607146,46.370996773867034,105.52672647719157,3.9186734003559294,105.52672647719157,3.9186734003559294,105.52672647719157,3.9186734003559294,10,0.992,2
54.17,GT-0002,-82644.55701204023,29260.80641038933,-68.5505553483845,50.79719587804872,91.74616199852775,1.5296140271854073,91.74616199852775,1.5296140271854073,91.74616199852775,1.5296140271854073,11,0.993,2
54.64,GT-0002,-82676.71014302832,29284.677226375443,-68.54979765842413,50.79706491007781,91.78053708552773,1.8436412984400963,91.78053708552773,1.8436412984400963,91.78053708552773,1.8436412984400963,11,0.991,3
56.56,GT-0002,-82844.6270713372,29280.24662951886,-69.56204657779018,51.03176649251907,91.7363756763217,1.529474349643895,91.7363756763217,1.529474349643895,91.7363756763217,1.529474349643895,11,0.993,3
56.95,GT-0001,-81654.35627235967,28493.787206029163,-41.77862971489594,31.77910812433538,239.7090098994821,9.53869527140424,239.7090098994821,9.53869527140424,239.7090098994821,9.53869527140424,8,0.898,3
56.95,GT-0002,-82871.75626950254,29300.149018450942,-69.56204657779018,51.03176649251907,91.73857299600452,1.7935416878953823,91.73857299600452,1.7935416878953823,91.73857299600452,1.7935416878953823,11,0.963,3
59.15,GT-0001,-81746.26925773243,28563.701243902702,-41.77862971489594,31.77910812433538,257.3658642527674,9.794728555744134,257.3658642527674,9.794728555744134,257.3658642527674,9.794728555744134,7,0.871,3
59.15,GT-0002,-83024.67911641282,29412.522855485735,-69.5648192141272,51.034127519839174,91.91235263447543,2.856324512344418,91.91235263447543,2.856324512344418,91.91235263447543,2.856324512344418,11,0.986,3
60.07,GT-0002,-83088.75468515015,29459.484315716767,-69.56536524626208,51.03531519062473,92.13233861158088,3.1993944394779437,92.13233861158088,3.1993944394779437,92.13233861158088,3.1993944394779437,11,0.985,3
61.31,GT-0002,-83175.35892238322,29691.6093072026,-70.4908414627532,56.4354309219936,91.73653968627949,1.5295681942115151,91.73653968627949,1.5295681942115151,91.73653968627949,1.5295681942115151,11,0.992,3
66.28,GT-0002,-83525.73853950955,29972.026969197697,-70.49292569634827,56.43447521240256,92.59122268318121,3.6779408668116282,92.59122268318121,3.6779408668116282,92.59122268318121,3.6779408668116282,11,0.988,4
66.47,GT-0002,-83539.37300692897,29982.618002425374,-70.5021655508042,56.42488111275817,92.69184310035966,3.7310624791718143,92.69184310035966,3.7310624791718143,92.69184310035966,3.7310624791718143,11,0.991,5
68.79,GT-0002,-83843.13568532215,30116.750899384184,-70.45507206423427,54.5660511201565,91.73694803498637,1.5296103000379309,91.73694803498637,1.5296103000379309,91.73694803498637,1.5296103000379309,11,0.993,5
70.06,GT-0002,-83932.53994808832,30186.059992291008,-70.45948737928492,54.563248050215805,91.79706982900561,2.280051343487771,91.79706982900561,2.280051343487771,91.79706982900561,2.280051343487771,11,0.991,6
70.99,GT-0002,-83998.00133390108,30236.772850462712,-70.46211202065342,54.564429904505275,91.89295814490487,2.69914494557356,91.89295814490487,2.69914494557356,91.89295814490487,2.69914494557356,11,0.992,6
72.71,GT-0002,-84129.70511017623,30147.297397979342,-74.22488138928794,54.119084902985044,91.73645994893464,1.5295454931533368,91.73645994893464,1.5295454931533368,91.73645994893464,1.5295454931533368,11,0.993,6
74.74,GT-0002,-84280.374820541,30257.147328838477,-74.22803875986337,54.12091105825973,91.86453338105011,2.629023569708093,91.86453338105011,2.629023569708093,91.86453338105011,2.629023569708093,11,0.989,6
75.6,GT-0002,-84344.28391651007,30303.734045633155,-74.22777192261876,54.1250909837969,92.01371027311518,2.9739940514064584,92.01371027311518,2.9739940514064584,92.01371027311518,2.9739940514064584,11,0.99,6
76.68,GT-0002,-84424.41568834531,30362.19377336376,-74.22821314838825,54.12526065050636,92.30551090609507,3.358589891874752,92.30551090609507,3.358589891874752,92.30551090609507,3.358589891874752,11,0.988,6
78.05,GT-0002,-84443.61356455095,30517.875369171357,-77.60137339422585,55.79383399799866,91.73665292615364,1.5295806747667817,91.73665292615364,1.5295806747667817,91.73665292615364,1.5295806747667817,11,0.993,6
78.76,GT-0002,-84498.79821012243,30557.525915961276,-77.59947783054362,55.79416993441273,91.77566378359715,1.9846654130967076,91.77566378359715,1.9846654130967076,91.77566378359715,1.9846654130967076,11,0.991,6
80.9,GT-0002,-84664.80691714691,30676.933155145864,-77.59517975093826,55.79205560989864,91.99679774697226,2.9583626345505083,91.99679774697226,2.9583626345505083,91.99679774697226,2.9583626345505083,11,0.991,6
82.87,GT-0002,-84817.71379630122,30786.958252037955,-77.5843097719947,55.791099956559066,92.56702294090609,3.626963789133437,92.56702294090609,3.626963789133437,92.56702294090609,3.626963789133437,11,0.992,6
84.06,GT-0002,-84909.99413852274,30853.506355675567,-77.57789736803636,55.798800191163735,93.18108804830224,3.9765469216122487,93.18108804830224,3.9765469216122487,93.18108804830224,3.9765469216122487,11,0.991,6
85.34,GT-0002,-85009.29466853867,30924.94477035965,-77.5771691898384,55.800092848768,94.11853135102244,4.325353658273986,94.11853135102244,4.325353658273986,94.11853135102244,4.325353658273986,11,0.984,6
85.93,GT-0002,-85240.50100656516,31019.825035329777,-78.04774228208296,58.08039596013327,91.73713123715457,1.5296141554178586,91.73713123715457,1.5296141554178586,91.73713123715457,1.5296141554178586,11,0.992,6
88.04,GT-0002,-85405.21002682025,31142.358114210932,-78.04534481373283,58.08381135110227,91.87373903081291,2.6630884449634853,91.87373903081291,2.6630884449634853,91.87373903081291,2.6630884449634853,11,0.988,6
88.2,GT-0002,-85290.57935322347,31132.107692866357,-77.76379665520798,57.41762237103684,91.73637336799712,1.5294660405952223,91.73637336799712,1.5294660405952223,91.73637336799712,1.5294660405952223,11,0.993,6
89.93,GT-0002,-85425.10903287644,31231.41724718847,-77.76274381003255,57.4178523432127,91.84035378730952,2.4974905627408637,91.84035378730952,2.4974905627408637,91.84035378730952,2.4974905627408637,11,0.986,6
90.74,GT-0002,-85517.15447190018,31409.04167549798,-80.97360981260933,59.23028442979705,91.73638405819752,1.5294841569623978,91.73638405819752,1.5294841569623978,91.73638405819752,1.5294841569623978,11,0.992,6
93.95,GT-0002,-85777.0933356599,31599.152532228,-80.97244149080218,59.223961814830396,92.03351130113434,3.091692244495225,92.03351130113434,3.091692244495225,92.03351130113434,3.091692244495225,11,0.991,6
95.83,GT-0002,-85929.32643682501,31710.41455183928,-80.97259041749953,59.2261244633969,92.66197916251747,3.711552547948903,92.66197916251747,3.711552547948903,92.66197916251747,3.711552547948903,11,0.991,7
97.81,GT-0002,-86089.71634474483,31827.66262557341,-80.95973554009106,59.218747794949024,93.8650132527466,4.262280525204722,93.8650132527466,4.262280525204722,93.8650132527466,4.262280525204722,11,0.992,7
98.82,GT-0002,-86171.47745457006,31887.449307326176,-80.95879244998332,59.216672591592214,94.78870765941986,4.522881141404029,94.78870765941986,4.522881141404029,94.78870765941986,4.522881141404029,11,0.985,7
99.15,GT-0002,-86198.15303836158,31906.976945161485,-80.95451228346337,59.21923478513992,95.1654486104522,4.605810374918475,95.1654486104522,4.605810374918475,95.1654486104522,4.605810374918475,11,0.983,7
100.17,GT-0002,-86280.77328114107,31968.737590279048,-80.94116289275121,59.521447870274585,96.33642804961065,4.7568470434807155,96.33642804961065,4.7568470434807155,96.33642804961065,4.7568470434807155,11,0.99,7
102.36,GT-0002,-86292.78148552058,32038.03284841204,-84.55199256828129,62.464669998248375,91.73852373747971,1.5296348413185528,91.73852373747971,1.5296348413185528,91.73852373747971,1.5296348413185528,11,0.993,7
102.38,GT-0002,-86294.50972899156,32039.409182809573,-84.55187115074614,62.46462251551283,91.77606751164555,1.5449031093257763,91.77606751164555,1.5449031093257763,91.77606751164555,1.5449031093257763,11,0.99,7
105.61,GT-0002,-86567.76358018444,32241.19236999505,-84.55964829754804,62.46321018962198,92.08194050121568,3.106574855266773,92.08194050121568,3.106574855266773,92.08194050121568,3.106574855266773,11,0.99,7
107.6,GT-0002,-86736.06256598482,32365.567396900416,-84.55828935152618,62.47212881032914,92.77743631694575,3.758512284910303,92.77743631694575,3.758512284910303,92.77743631694575,3.758512284910303,11,0.989,7
108.62,GT-0002,-86822.35784769742,32429.295785678292,-84.56042844267108,62.472150393941945,93.37704709055197,4.053493836515503,93.37704709055197,4.053493836515503,93.37704709055197,4.053493836515503,11,0.986,7
108.72,GT-0002,-86938.99941185309,32847.17558752008,-86.61739082051845,68.29223177426155,91.73683132464136,1.5295971964255632,91.73683132464136,1.5295971964255632,91.73683132464136,1.5295971964255632,11,0.992,7
111.84,GT-0002,-87209.33096425068,33060.06372324056,-86.62200022709311,68.29595972697327,92.00429321436776,3.057371097701068,92.00429321436776,3.057371097701068,92.00429321436776,3.057371097701068,11,0.992,7
114.98,GT-0002,-87754.62738356422,33038.54085014854,-89.08527604300079,71.47794827246224,91.73668498771126,1.5295956648398776,91.73668498771126,1.5295956648398776,91.73668498771126,1.5295956648398776,11,0.993,7
116.83,GT-0002,-87919.3954335206,33170.742295841585,-89.08700074814578,71.4769444576108,91.84387422234256,2.550549232473025,91.84387422234256,2.550549232473025,91.84387422234256,2.550549232473025,11,0.99,8
116.86,GT-0002,-87922.06775048815,33172.86063830841,-89.08678754533915,71.47630319067221,91.89219258186041,2.564994057566765,91.89219258186041,2.564994057566765,91.89219258186041,2.564994057566765,11,0.983,8
117.9,GT-0002,-88014.71311929676,33247.19235293404,-89.08837385921854,71.4760720895317,92.06125793177817,2.9861282073426194,92.06125793177817,2.9861282073426194,92.06125793177817,2.9861282073426194,11,0.989,8
120.15,GT-0002,-88215.18139758326,33408.00220024114,-89.09876843649113,71.46932229281143,92.78183806705287,3.737106663099088,92.78183806705287,3.737106663099088,92.78183806705287,3.737106663099088,11,0.99,8
123.21,GT-0002,-88427.82022286509,33612.5811518955,-93.99003920526499,76.28232528243812,91.73720299075697,1.5296173310722274,91.73720299075697,1.5296173310722274,91.73720299075697,1.5296173310722274,11,0.993,8
123.52,GT-0002,-88456.95376847695,33636.24302086848,-93.99212854713554,76.28295446659254,91.7696529865135,1.743269140954772,91.7696529865135,1.743269140954772,91.7696529865135,1.743269140954772,11,0.991,8
125.93,GT-0002,-88683.50488381354,33820.169321232686,-93.99300811272596,76.28893889401716,91.97592627211117,2.9085933720185375,91.97592627211117,2.9085933720185375,91.97592627211117,2.9085933720185375,11,0.991,8
127.89,GT-0002,-88867.74076999458,33969.75698375007,-93.99818735537463,76.30770688980347,92.5250864688146,3.5860161156799473,92.5250864688146,3.5860161156799473,92.5250864688146,3.5860161156799473,11,0.991,8
128.37,GT-0002,-88912.90223443531,34006.363815570076,-93.99670460803748,76.31185545837216,92.76692641737257,3.73424305294945,92.76692641737257,3.73424305294945,92.76692641737257,3.73424305294945,11,0.988,8
130.43,GT-0002,-89106.58880361645,34163.748876595106,-94.00811354639427,76.34297236148126,94.07186334409904,4.306914021941772,94.07186334409904,4.306914021941772,94.07186334409904,4.306914021941772,11,0.99,8
133.04,GT-0002,-89351.82658359017,34363.4781630492,-93.99731614101916,76.41394045051265,96.88202068609647,4.935799202958226,96.88202068609647,4.935799202958226,96.88202068609647,4.935799202958226,11,0.99,8
134.38,GT-0002,-89477.78181812589,34465.92872746899,-93.99468307564894,76.42429301229015,98.95434029233267,5.233857947231543,98.95434029233267,5.233857947231543,98.95434029233267,5.233857947231543,11,0.985,8
135.18,GT-0002,-89552.9878629489,34527.08872423385,-93.99452692375712,76.4273125586983,100.42408848458,5.405400523247126,100.42408848458,5.405400523247126,100.42408848458,5.405400523247126,11,0.981,9
135.43,GT-0002,-89576.48649467983,34546.19555237352,-93.99452692375712,76.4273125586983,100.90164880890732,5.4571837807352885,100.90164880890732,5.4571837807352885,100.90164880890732,5.4571837807352885,11,0.951,9
137.74,GT-0002,-89793.61385187371,34722.74264438412,-93.99452692375712,76.4273125586983,106.08851404007612,5.914250148304543,106.08851404007612,5.914250148304543,106.08851404007612,5.914250148304543,10,0.923,9
137.74,GT-0003,-90072.97799191614,35225.53603272179,-79.0995510541285,112.89556416388402,160.4173399120682,2.6741870769965987,160.4173399120682,2.6741870769965987,160.4173399120682,2.6741870769965987,9,0.875,1
139.61,GT-0002,-89969.38361722114,34865.66171886888,-93.99452692375712,76.4273125586983,111.33164084375267,6.259860606812289,111.33164084375267,6.259860606812289,111.33164084375267,6.259860606812289,10,0.895,9
139.61,GT-0003,-90014.41357516727,35309.621730605104,-72.55362508573515,107.35264650821438,160.4173312126475,2.6741197545499187,160.4173312126475,2.6741197545499187,160.4173312126475,2.6741197545499187,9,0.963,2
140.83,GT-0002,-90084.05694006813,34958.9030401905,-93.99452692375712,76.4273125586983,115.25770026682052,6.475403834257777,115.25770026682052,6.475403834257777,115.25770026682052,6.475403834257777,10,0.868,9
140.83,GT-0003,-90059.1069376225,35367.40979633635,-69.35799793929112,117.49788002650993,91.76737584859806,1.5295260788695024,91.76737584859806,1.5295260788695024,91.76737584859806,1.5295260788695024,11,0.988,2
142.25,GT-0003,-90157.5359722709,35534.17413478399,-69.35345386985276,117.50158187864872,91.84232016761275,2.3532006825390606,91.84232016761275,2.3532006825390606,91.84232016761275,2.3532006825390606,11,0.989,2
143.22,GT-0003,-90224.72454335932,35648.217663116426,-69.3435007280325,117.5072828411014,91.96440014654429,2.7783856180499074,91.96440014654429,2.7783856180499074,91.96440014654429,2.7783856180499074,11,0.99,2
145.5,GT-0003,-90382.82772501923,35916.13426799414,-69.3435007280325,117.5072828411014,92.52714485993869,3.58460969180559,92.52714485993869,3.58460969180559,92.52714485993869,3.58460969180559,11,0.96,2
148.34,GT-0003,-90579.76326708685,36249.85495126287,-69.3435007280325,117.5072828411014,94.25254537041576,4.386277082285908,94.25254537041576,4.386277082285908,94.25254537041576,4.386277082285908,11,0.932,2
150.67,GT-0003,-90741.33362378317,36523.646920282634,-69.3435007280325,117.5072828411014,96.82505934370333,4.947921446687138,96.82505934370333,4.947921446687138,96.82505934370333,4.947921446687138,11,0.904,2
150.67,GT-0004,-90859.15008821484,36722.77916721329,-46.75522793792257,122.87175185659271,161.4528346833147,4.3353790342876115,161.4528346833147,4.3353790342876115,161.4528346833147,4.3353790342876115,9,0.938,3
151.1,GT-0003,-90771.15132909622,36574.175051904305,-69.3435007280325,117.5072828411014,97.43290654645025,5.044742475348623,97.43290654645025,5.044742475348623,97.43290654645025,5.044742475348623,11,0.876,2
151.1,GT-0004,-90879.25483622815,36775.614020511624,-46.75522793792257,122.87175185659271,161.64227710076034,4.445560861234564,161.64227710076034,4.445560861234564,161.64227710076034,4.445560861234564,9,0.91,3
153.99,GT-0003,-90971.55404620024,36913.77109931509,-69.3435007280325,117.5072828411014,102.70665824099956,5.652603527807924,102.70665824099956,5.652603527807924,102.70665824099956,5.652603527807924,11,0.85,2
153.99,GT-0004,-91014.37744496875,37130.71338337718,-46.75522793792257,122.87175185659271,163.5448698289772,5.124988914226121,163.5448698289772,5.124988914226121,163.5448698289772,5.124988914226121,9,0.882,3
153.99,GT-0005,-90388.56333590926,36945.91718077815,-11.706048461299824,130.7826928390835,121.3360507481392,2.0225437178851875,121.3360507481392,2.0225437178851875,121.3360507481392,2.0225437178851875,10,0.891,1
155.13,GT-0004,-91067.67840481798,37270.787180493695,-46.75522793792257,122.87175185659271,164.63783809049596,5.369405122631426,164.63783809049596,5.369405122631426,164.63783809049596,5.369405122631426,9,0.856,3
155.13,GT-0005,-90401.87665614886,37094.994406577236,-11.705851720238261,130.7850320540032,121.41990659172212,2.5810298101058917,121.41990659172212,2.5810298101058917,121.41990659172212,2.5810298101058917,10,0.95,2
155.72,GT-0005,-90408.71250420208,37172.25669014808,-11.695920624768014,130.7897226960957,121.48591261515318,2.826351930304733,121.48591261515318,2.826351930304733,121.48591261515318,2.826351930304733,10,0.981,2
158.29,GT-0005,-90438.77102020773,37508.386277477046,-11.695920624768014,130.7897226960957,121.97555241166602,3.710898170785245,121.97555241166602,3.710898170785245,121.97555241166602,3.710898170785245,10,0.951,2
160.33,GT-0005,-90462.63069828226,37775.19731177708,-11.695920624768014,130.7897226960957,122.8756587199087,4.2849463513487915,122.8756587199087,4.2849463513487915,122.8756587199087,4.2849463513487915,10,0.923,2
160.33,GT-0006,-90328.94831076462,37942.19942001555,8.622251820480429,131.12836469873346,121.44725348970452,2.9462636987713733,121.44725348970452,2.9462636987713733,121.44725348970452,2.9462636987713733,10,0.872,2
160.51,GT-0005,-90464.73596399471,37798.73946186238,-11.695920624768014,130.7897226960957,122.98232958089424,4.331947048838117,122.98232958089424,4.331947048838117,122.98232958089424,4.331947048838117,10,0.895,2
160.51,GT-0006,-90327.41353688024,37965.84726270665,8.623475139010239,131.1312741844207,121.51735567478786,3.0150971576904673,121.51735567478786,3.0150971576904673,121.51735567478786,3.0150971576904673,10,0.953,3
160.92,GT-0005,-90469.53129145087,37852.36324816778,-11.695920624768014,130.7897226960957,123.2435446166224,4.437146068582515,123.2435446166224,4.437146068582515,123.2435446166224,4.437146068582515,10,0.868,2
160.92,GT-0006,-90323.82658621947,38019.69198526936,8.637246673394444,131.1481920742131,121.59902710185102,3.163741742971369,121.59902710185102,3.163741742971369,121.59902710185102,3.163741742971369,10,0.982,3
163.51,GT-0006,-90301.45611733537,38359.36580274157,8.637246673394444,131.1481920742131,122.32108999707866,3.9795429154891044,122.32108999707866,3.9795429154891044,122.32108999707866,3.9795429154891044,10,0.952,3
166.06,GT-0006,-90279.43113831822,38693.79369253082,8.637246673394444,131.1481920742131,123.86700070499084,4.64481020238928,123.86700070499084,4.64481020238928,123.86700070499084,4.64481020238928,10,0.924,3
168.92,GT-0006,-90254.72861283232,39068.87752186306,8.637246673394444,131.1481920742131,126.91451116616764,5.292377709141659,126.91451116616764,5.292377709141659,126.91451116616764,5.292377709141659,10,0.896,3
171.3,GT-0006,-90234.17196574964,39381.01021899969,8.637246673394444,131.1481920742131,130.7214772235535,5.776180556061208,130.7214772235535,5.776180556061208,130.7214772235535,5.776180556061208,10,0.869,3
171.3,GT-0009,-89801.83073283183,39949.164588280706,58.080441703264,130.89634889611554,160.60932300522995,3.535991955142535,160.60932300522995,3.535991955142535,160.60932300522995,3.535991955142535,9,0.858,2
171.88,GT-0009,-89586.25444947244,39678.89868461664,60.89083287446603,125.11257623771634,121.33606681932085,2.0225471638335946,121.33606681932085,2.0225471638335946,121.33606681932085,2.0225471638335946,10,0.965,2
173.55,GT-0009,-89484.55850080418,39887.84264460802,60.891417598329625,125.11260210358662,121.45727734380831,2.80281629741325,121.45727734380831,2.80281629741325,121.45727734380831,2.80281629741325,10,0.972,3
173.56,GT-0009,-89483.82126244054,39889.00472521582,60.9066347090187,125.10830370573727,121.48412211632285,2.806682375977388,121.48412211632285,2.806682375977388,121.48412211632285,2.806682375977388,10,0.986,3
175.38,GT-0009,-89372.97118727013,40116.70183796026,60.9066347090187,125.10830370573727,121.76045655923255,3.4601251364108294,121.76045655923255,3.4601251364108294,121.76045655923255,3.4601251364108294,10,0.957,3
177.33,GT-0009,-89254.20324958755,40360.66303018645,60.9066347090187,125.10830370573727,122.4187861210139,4.044745475258251,122.4187861210139,4.044745475258251,122.4187861210139,4.044745475258251,10,0.928,3
177.33,GT-0010,-89318.07995151948,40179.254438685246,86.09007540318844,117.15709490461678,91.75607494235489,1.5294954172572632,91.75607494235489,1.5294954172572632,91.75607494235489,1.5294954172572632,11,0.917,1
180.65,GT-0009,-89051.9932223536,40776.02259848949,60.9066347090187,125.10830370573727,124.7568240170348,4.881594612380475,124.7568240170348,4.881594612380475,124.7568240170348,4.881594612380475,10,0.9,3
180.65,GT-0010,-89032.139086239,40568.162149576645,86.11965598101156,117.13311349901076,92.06486257319706,3.1297821736729885,92.06486257319706,3.1297821736729885,92.06486257319706,3.1297821736729885,11,0.977,1
180.71,GT-0009,-89048.33882427106,40783.529096711834,60.9066347090187,125.10830370573727,124.81604902106865,4.8954025329509,124.81604902106865,4.8954025329509,124.81604902106865,4.8954025329509,10,0.873,3
180.71,GT-0010,-89027.010460102,40575.11464455491,86.13040424479829,117.12884772550514,92.11559475963028,3.151599707313453,92.11559475963028,3.151599707313453,92.11559475963028,3.151599707313453,11,0.986,2
182.63,GT-0010,-88861.64008395199,40800.00203218788,86.13040424479829,117.12884772550514,92.77270613576852,3.775259026230944,92.77270613576852,3.775259026230944,92.77270613576852,3.775259026230944,11,0.956,2
185.17,GT-0010,-88642.86885717021,41097.50930541066,86.13040424479829,117.12884772550514,94.52103315714399,4.468509898740093,94.52103315714399,4.468509898740093,94.52103315714399,4.468509898740093,11,0.927,2
185.47,GT-0010,-88617.02973589677,41132.64795972832,86.13040424479829,117.12884772550514,94.80760522247945,4.543410691885362,94.80760522247945,4.543410691885362,94.80760522247945,4.543410691885362,11,0.899,2
185.47,GT-0011,-88346.4819786291,40863.5952997774,106.97448659453558,101.09760687304703,121.63285660173088,3.239714057895429,121.63285660173088,3.239714057895429,121.63285660173088,3.239714057895429,10,0.921,3
185.92,GT-0010,-88578.27105398661,41185.35594120479,86.13040424479829,117.12884772550514,95.2726156676422,4.65350198400497,95.2726156676422,4.65350198400497,95.2726156676422,4.65350198400497,11,0.872,2
185.92,GT-0011,-88298.34345966157,40909.08922287027,106.97448659453558,101.09760687304703,121.718493152054,3.392380753530659,121.718493152054,3.392380753530659,121.718493152054,3.392380753530659,10,0.893,3
188.43,GT-0011,-88029.83749830928,41162.84421612162,106.97448659453558,101.09760687304703,122.5912378069593,4.14194968305088,122.5912378069593,4.14194968305088,122.5912378069593,4.14194968305088,10,0.867,3
188.43,GT-0012,-87749.10349818738,41103.81334344008,124.55715040193256,86.68372019551701,160.41734496323087,2.6742142907333033,160.41734496323087,2.6742142907333033,160.41734496323087,2.6742142907333033,9,0.875,1
190.72,GT-0012,-87758.69975325548,41374.67392302153,134.55552882098976,78.18303983145557,121.33604336876314,2.022510601693373,121.33604336876314,2.022510601693373,121.33604336876314,2.022510601693373,10,0.968,1
193.27,GT-0012,-87227.07410162629,41527.959451357216,139.62728276877607,71.15305934459626,91.7560927579044,1.5295245019813986,91.7560927579044,1.5295245019813986,91.7560927579044,1.5295245019813986,11,0.989,1
193.86,GT-0011,-87448.91572765683,41711.72671402552,106.98385083241374,101.08901929613108,127.82587516164779,5.421743793792307,127.82587516164779,5.421743793792307,127.82587516164779,5.421743793792307,10,0.916,3
193.86,GT-0012,-87144.6940047927,41569.93975637053,139.62728276877607,71.15305934459626,91.76138523432145,1.9149269443405545,91.76138523432145,1.9149269443405545,91.76138523432145,1.9149269443405545,11,0.959,1
194.9,GT-0011,-87337.65252279112,41816.8592940935,106.98385083241374,101.08901929613108,129.4733385083716,5.633409781431259,129.4733385083716,5.633409781431259,129.4733385083716,5.633409781431259,10,0.888,3
194.9,GT-0012,-86999.4928927838,41643.9382634048,139.62534848354574,71.1513644252519,91.8510486268871,2.4519462537011267,91.8510486268871,2.4519462537011267,91.8510486268871,2.4519462537011267,11,0.976,2
195.72,GT-0011,-87249.92576510854,41899.75228991632,106.98385083241374,101.08901929613108,130.9416594652508,5.7948516603555404,130.9416594652508,5.7948516603555404,130.9416594652508,5.7948516603555404,10,0.862,3
195.72,GT-0012,-86885.0001070273,41702.282382233505,139.62534848354574,71.1513644252519,91.93606312870108,2.803041282435736,91.93606312870108,2.803041282435736,91.93606312870108,2.803041282435736,11,0.947,2
197.7,GT-0012,-86608.54191702988,41843.162083795505,139.62534848354574,71.1513644252519,92.40319277700375,3.5088517254279856,92.40319277700375,3.5088517254279856,92.40319277700375,3.5088517254279856,11,0.919,2
197.7,GT-0013,-86749.47190679364,41754.028109169216,134.826759442673,57.72088294878643,91.83757520242399,2.6054037877151375,91.83757520242399,2.6054037877151375,91.83757520242399,2.6054037877151375,11,0.912,1
200.04,GT-0012,-86281.81860157839,42009.656276550595,139.62534848354574,71.1513644252519,93.63389408452979,4.1924981134210375,93.63389408452979,4.1924981134210375,93.63389408452979,4.1924981134210375,11,0.891,2
200.04,GT-0013,-86433.97285994797,41889.064914823146,134.82370521134555,57.71427311916125,92.36444465501361,3.472956318410875,92.36444465501361,3.472956318410875,92.36444465501361,3.472956318410875,11,0.961,2
200.62,GT-0012,-86200.83589945793,42050.92406791724,139.62534848354574,71.1513644252519,94.0828828438684,4.345346986264617,94.0828828438684,4.345346986264617,94.0828828438684,4.345346986264617,11,0.864,2
200.62,GT-0013,-86355.77511092539,41922.53919323226,134.82370521134555,57.71427311916125,92.58218294768757,3.65601225238511,92.58218294768757,3.65601225238511,92.58218294768757,3.65601225238511,11,0.932,2
203.39,GT-0013,-85982.31344748996,42082.407729772334,134.82370521134555,57.71427311916125,94.35602637269018,4.427067380285735,94.35602637269018,4.427067380285735,94.35602637269018,4.427067380285735,11,0.904,2
203.39,GT-0014,-85774.38698273056,42036.55066111196,140.19490890356835,39.350665601482476,91.96414256094893,2.9286246036431605,91.96414256094893,2.9286246036431605,91.96414256094893,2.9286246036431605,11,0.858,2
203.68,GT-0013,-85943.21457297866,42099.144868976895,134.82370521134555,57.71427311916125,94.62302778968399,4.500158396055638,94.62302778968399,4.500158396055638,94.62302778968399,4.500158396055638,11,0.877,2
203.68,GT-0014,-85733.79708905423,42047.706721808834,140.20627949599987,39.326676062641695,92.0350643898149,3.036059613894232,92.0350643898149,3.036059613894232,92.0350643898149,3.036059613894232,11,0.965,2
205.62,GT-0013,-85681.65658486864,42211.11055882807,134.82370521134555,57.71427311916125,96.87118883421238,4.961494289988656,96.87118883421238,4.961494289988656,96.87118883421238,4.961494289988656,11,0.851,2
205.62,GT-0014,-85461.796906832,42124.00047337036,140.20627949599987,39.326676062641695,92.62381150544657,3.68546577505742,92.62381150544657,3.68546577505742,92.62381150544657,3.68546577505742,11,0.936,2
206.0,GT-0014,-85408.51852062352,42138.944610274164,140.20627949599987,39.326676062641695,92.7976756933471,3.7996918268616966,92.7976756933471,3.7996918268616966,92.7976756933471,3.7996918268616966,11,0.908,2
206.0,GT-0015,-85377.26338022668,41847.95811616209,143.67263231618844,18.049809077767964,121.33863482918231,2.2235867291887566,121.33863482918231,2.2235867291887566,121.33863482918231,2.2235867291887566,10,0.887,2
208.18,GT-0014,-85102.86883132224,42224.67676409072,140.20627949599987,39.326676062641695,94.25742192604508,4.398028874293527,94.25742192604508,4.398028874293527,94.25742192604508,4.398028874293527,11,0.88,2
208.18,GT-0015,-85064.05704177739,41887.30669995162,143.67263231618844,18.049809077767964,121.49819306622686,3.138365488948725,121.49819306622686,3.138365488948725,121.49819306622686,3.138365488948725,10,0.86,2
210.25,GT-0014,-84812.64183276551,42306.082983540386,140.20627949599987,39.326676062641695,96.50480765051024,4.898995609216197,96.50480765051024,4.898995609216197,96.50480765051024,4.898995609216197,11,0.854,2
210.25,GT-0016,-84892.12793677175,41810.77498123224,157.17021589164352,4.39810164277236,121.43546915844934,2.9569125073695246,121.43546915844934,2.9569125073695246,121.43546915844934,2.9569125073695246,10,0.887,2
211.49,GT-0016,-84697.01227917113,41816.1179130806,157.1661918523579,4.374225364511545,121.65769921606189,3.395024701789126,121.65769921606189,3.395024701789126,121.65769921606189,3.395024701789126,10,0.966,2
212.9,GT-0016,-84475.40794865931,41822.28557084456,157.1661918523579,4.374225364511545,122.05901867102696,3.833887416938366,122.05901867102696,3.833887416938366,122.05901867102696,3.833887416938366,10,0.937,2
215.32,GT-0016,-84095.0657643766,41832.871196226675,157.1661918523579,4.374225364511545,123.32692651398186,4.488172537431946,123.32692651398186,4.488172537431946,123.32692651398186,4.488172537431946,10,0.909,2
215.32,GT-0017,-83818.98012381456,41795.34038358285,155.58428430176232,-18.454441931253626,91.88827638386427,2.7884713828428813,91.88827638386427,2.7884713828428813,91.88827638386427,2.7884713828428813,11,0.912,1
217.12,GT-0016,-83812.22149919238,41840.72328097242,157.1669091897803,4.366317049335976,124.91940180001485,4.920279820630748,124.91940180001485,4.920279820630748,124.91940180001485,4.920279820630748,10,0.956,2
217.12,GT-0017,-83538.92841207139,41762.122388106596,155.58428430176232,-18.454441931253626,92.2878148820954,3.4388330365014403,92.2878148820954,3.4388330365014403,92.2878148820954,3.4388330365014403,11,0.885,1
217.59,GT-0016,-83738.35305187319,41842.77544998561,157.1669091897803,4.366317049335976,125.4158404289567,5.026594623928425,125.4158404289567,5.026594623928425,125.4158404289567,5.026594623928425,10,0.927,2
217.59,GT-0017,-83465.80379844956,41753.44880039891,155.58428430176232,-18.454441931253626,92.45435209951928,3.589299744091278,92.45435209951928,3.589299744091278,92.45435209951928,3.589299744091278,11,0.858,1
220.27,GT-0016,-83317.14573524457,41854.47717967783,157.1669091897803,4.366317049335976,129.0932408490128,5.594341204583983,129.0932408490128,5.594341204583983,129.0932408490128,5.594341204583983,10,0.9,2
220.27,GT-0018,-83153.04055973756,41503.707035502375,159.96033110708066,-45.898609828501066,160.41734982420678,2.67423594412933,160.41734982420678,2.67423594412933,160.41734982420678,2.67423594412933,9,0.875,1
221.48,GT-0016,-83126.97377512493,41859.760423307525,157.1669091897803,4.366317049335976,131.2621496025826,5.832594063819813,131.2621496025826,5.832594063819813,131.2621496025826,5.832594063819813,10,0.873,2
221.48,GT-0018,-82959.56853527752,41448.13689184014,159.9600566531422,-45.898663877981505,160.52636086229617,3.143646248009578,160.52636086229617,3.143646248009578,160.52636086229617,3.143646248009578,9,0.944,2
223.4,GT-0018,-82832.8174703824,41308.84678545416,150.12079888693506,-57.970899984383074,91.76739726578516,1.529580920006464,91.76739726578516,1.529580920006464,91.76739726578516,1.529580920006464,11,0.985,2
225.36,GT-0018,-82538.6116426166,41195.200976918466,150.119929919163,-57.97149670515804,91.89177085737958,2.599178862904729,91.89177085737958,2.599178862904729,91.89177085737958,2.599178862904729,11,0.983,3
226.12,GT-0018,-82424.45514411746,41151.06985267164,150.10810481739767,-57.9812487906637,92.0193968224841,2.9093217475774056,92.0193968224841,2.9093217475774056,92.0193968224841,2.9093217475774056,11,0.989,3
229.14,GT-0018,-81971.12866756892,40975.966481323834,150.10810481739767,-57.9812487906637,93.02780654013279,3.9062965876808184,93.02780654013279,3.9062965876808184,93.02780654013279,3.9062965876808184,11,0.959,3
229.71,GT-0018,-81885.5997738203,40942.922244493886,150.10145138851374,-57.983817640200016,93.40760512557145,4.068300206245582,93.40760512557145,4.068300206245582,93.40760512557145,4.068300206245582,11,0.976,3
231.15,GT-0018,-81669.45368382084,40859.425547091996,150.10145138851374,-57.983817640200016,94.51568639808436,4.448715159249673,94.51568639808436,4.448715159249673,94.51568639808436,4.448715159249673,11,0.947,3
231.15,GT-0019,-81619.09315249752,40861.303821788046,141.30640109888512,-75.220105921163,91.85194239848698,2.6192418032381832,91.85194239848698,2.6192418032381832,91.85194239848698,2.6192418032381832,11,0.894,1
234.11,GT-0018,-81225.15338771084,40687.793446877,150.10145138851374,-57.983817640200016,98.15222013489362,5.143060039328518,98.15222013489362,5.143060039328518,98.15222013489362,5.143060039328518,11,0.919,3
234.11,GT-0019,-81348.54647211703,40527.62135618962,140.26362617555276,-77.86484052826755,91.73652957344895,1.529573107421337,91.73652957344895,1.529573107421337,91.73652957344895,1.529573107421337,11,0.976,1
235.7,GT-0018,-80986.49208000311,40595.599176829084,150.10145138851374,-57.983817640200016,100.96605470303787,5.479832713517613,100.96605470303787,5.479832713517613,100.96605470303787,5.479832713517613,11,0.891,3
235.7,GT-0019,-81125.54699113876,40403.844547501736,140.26310117576372,-77.86340477548043,91.8265515110846,2.433400561786345,91.8265515110846,2.433400561786345,91.8265515110846,2.433400561786345,11,0.984,2
237.0,GT-0018,-80791.36019319804,40520.22021389682,150.10145138851374,-57.983817640200016,103.75085424696466,5.74051971237255,103.75085424696466,5.74051971237255,103.75085424696466,5.74051971237255,11,0.864,3
237.0,GT-0019,-80943.1487750419,40302.53638181907,140.2679603171501,-77.87006142304752,92.00228581886572,2.9725533013901435,92.00228581886572,2.9725533013901435,92.00228581886572,2.9725533013901435,11,0.99,2
239.6,GT-0019,-80470.93130508829,39915.70328342199,137.3631381591607,-80.66046650992817,91.73661865937864,1.5295833318637493,91.73661865937864,1.5295833318637493,91.73661865937864,1.5295833318637493,11,0.993,2
239.94,GT-0019,-80424.27609236656,39888.29090507051,137.36234608247628,-80.66028161191913,91.77952357654884,1.7627556542365541,91.77952357654884,1.7627556542365541,91.77952357654884,1.7627556542365541,11,0.989,2
242.49,GT-0019,-80100.9572841177,39863.37645203085,138.01077779700202,-77.76249990825988,91.73639395223492,1.529503830503885,91.73639395223492,1.529503830503885,91.73639395223492,1.529503830503885,11,0.993,2
245.51,GT-0019,-79684.24925467203,39628.498968278225,138.01439636319378,-77.76236382576711,91.99597289445651,3.021889787013882,91.99597289445651,3.021889787013882,91.99597289445651,3.021889787013882,11,0.991,2
246.45,GT-0019,-79554.5299579636,39555.39091950667,138.01465760443065,-77.76215551001874,92.26567874092736,3.3552194497510044,92.26567874092736,3.3552194497510044,92.26567874092736,3.3552194497510044,11,0.983,3
247.16,GT-0019,-79456.65395176732,39500.121756766486,138.00902829879277,-77.7613111468203,92.52255676573255,3.5815132608800813,92.52255676573255,3.5815132608800813,92.52255676573255,3.5815132608800813,11,0.99,4
249.29,GT-0019,-79162.73220309883,39334.40010198761,138.00394974182166,-77.77227232824748,93.71116758786145,4.194476316267263,93.71116758786145,4.194476316267263,93.71116758786145,4.194476316267263,11,0.99,4
250.08,GT-0019,-79053.79806953807,39272.96961511965,137.99455968288896,-77.77576843815154,94.37543781657108,4.40003123159685,94.37543781657108,4.40003123159685,94.37543781657108,4.40003123159685,11,0.989,4
251.25,GT-0019,-78849.27681132138,38944.05591990975,135.70826024173653,-75.88467226049559,69.38772489394151,1.1567498968245666,69.38772489394151,1.1567498968245666,69.38772489394151,1.1567498968245666,12,0.994,4
253.96,GT-0019,-78481.55579692662,38738.42567940732,135.70774598139533,-75.88377234153833,69.59429529557438,2.726768080963637,69.59429529557438,2.726768080963637,69.59429529557438,2.726768080963637,12,0.991,4
255.22,GT-0019,-78310.5540731699,38642.7495735377,135.7016922492311,-75.88978073196691,69.93240997150444,3.2040182861418898,69.93240997150444,3.2040182861418898,69.93240997150444,3.2040182861418898,12,0.991,4
256.38,GT-0019,-78153.26355856776,38554.619926944884,135.68552913243525,-75.90031085243186,70.44101890499668,3.5843908880403252,70.44101890499668,3.5843908880403252,70.44101890499668,3.5843908880403252,12,0.992,4
256.41,GT-0019,-78149.21096971321,38552.33705170282,135.6842042540694,-75.90106473079715,70.49147864091823,3.595399664188973,70.49147864091823,3.595399664188973,70.49147864091823,3.595399664188973,12,0.985,4
259.49,GT-0019,-77731.39213847078,38318.5237487473,135.67520086949526,-75.91384274527024,73.09816047932314,4.452095309341461,73.09816047932314,4.452095309341461,73.09816047932314,4.452095309341461,12,0.989,4
259.54,GT-0019,-77837.80235482962,38233.56566087442,133.88371019168676,-78.50847006277313,39.68491682768323,0.6615129983210866,39.68491682768323,0.6615129983210866,39.68491682768323,0.6615129983210866,14,0.997,4
261.95,GT-0019,-77515.11893177127,38044.35357513349,133.8922658303198,-78.5078705458339,39.86662543256599,2.4202355675989984,39.86662543256599,2.4202355675989984,39.86662543256599,2.4202355675989984,14,0.993,4
263.93,GT-0019,-77249.9764382419,37888.93018213513,133.90653225723213,-78.50445957692023,40.61582798568173,3.210596429633804,40.61582798568173,3.210596429633804,40.61582798568173,3.210596429633804,14,0.991,4
264.46,GT-0019,-77178.91447245286,37847.32127673625,133.93933881749467,-78.51158736202592,40.97475823385791,3.3881379152309528,40.97475823385791,3.3881379152309528,40.97475823385791,3.3881379152309528,14,0.992,4
266.61,GT-0019,-76888.54717184913,37678.32429225644,134.61796378714507,-78.55894764694017,43.192980649262935,3.948131034963746,43.192980649262935,3.948131034963746,43.192980649262935,3.948131034963746,14,0.993,4
266.66,GT-0019,-76881.76230521116,37674.38619856106,134.62979051919274,-78.56101605801427,43.27819617967557,3.962907586813021,43.27819617967557,3.962907586813021,43.27819617967557,3.962907586813021,14,0.989,4
268.66,GT-0019,-76612.50272417278,37517.26416644503,134.62979051919274,-78.56101605801427,46.59207861030091,4.49495678973894,46.59207861030091,4.49495678973894,46.59207861030091,4.49495678973894,13,0.959,4
269.69,GT-0019,-76473.83403993801,37436.34631990528,134.62979051919274,-78.56101605801427,48.83630862239807,4.745749312976839,48.83630862239807,4.745749312976839,48.83630862239807,4.745749312976839,13,0.93,4
269.69,GT-0020,-76168.03746625976,37230.31469737152,152.31391365794195,-76.12003137329513,91.77754991665256,1.5296337050937436,91.77754991665256,1.5296337050937436,91.77754991665256,1.5296337050937436,11,0.891,2
271.72,GT-0019,-76200.53556518405,37276.867457307504,134.62979051919274,-78.56101605801427,54.32895760381486,5.20477055609757,54.32895760381486,5.20477055609757,54.32895760381486,5.20477055609757,13,0.902,4
271.72,GT-0020,-75858.85742197595,37075.88726052525,152.31789437835738,-76.11544026951992,91.8952256658493,2.628214236670331,91.8952256658493,2.628214236670331,91.8952256658493,2.628214236670331,11,0.967,2
273.48,GT-0019,-75963.58713387027,37138.6000690454,134.62979051919274,-78.56101605801427,60.185271154283015,5.572220072970932,60.185271154283015,5.572220072970932,60.185271154283015,5.572220072970932,13,0.875,4
273.48,GT-0020,-75590.80862581165,36941.96902195916,152.31782844609137,-76.11356256633692,92.25649101650299,3.297776824889485,92.25649101650299,3.297776824889485,92.25649101650299,3.297776824889485,11,0.979,2
274.11,GT-0020,-75494.78670246802,36894.18373924857,152.33044252622847,-76.11037315316571,92.48197508853285,3.504839207391402,92.48197508853285,3.504839207391402,92.48197508853285,3.504839207391402,11,0.988,2
276.4,GT-0020,-75128.09245650179,37087.81358088816,159.24344182625063,-70.35271626859429,91.73688383406324,1.5296017589292594,91.73688383406324,1.5296017589292594,91.73688383406324,1.5296017589292594,11,0.993,2
277.24,GT-0019,-75444.78290684654,36849.20750125785,136.0174515831277,-77.95450099104801,75.6750919279239,6.201855953074116,75.6750919279239,6.201855953074116,75.6750919279239,6.201855953074116,12,0.938,4
277.24,GT-0020,-74994.32796536773,37028.71729922254,159.24344182625063,-70.35271626859429,91.74838482559127,2.056618958611331,91.74838482559127,2.056618958611331,91.74838482559127,2.056618958611331,11,0.963,2
278.76,GT-0019,-75238.03638044019,36730.71665975146,136.0174515831277,-77.95450099104801,82.77022303696666,6.471708990883382,82.77022303696666,6.471708990883382,82.77022303696666,6.471708990883382,11,0.91,4
278.76,GT-0020,-74752.23238375988,36921.83070591175,159.24723673439246,-70.35029290401816,91.89274342762222,2.7657072060106778,91.89274342762222,2.7657072060106778,91.89274342762222,2.7657072060106778,11,0.984,2
278.92,GT-0019,-75216.27358818689,36718.24393959289,136.0174515831277,-77.95450099104801,83.5477684915825,6.499462844164959,83.5477684915825,6.499462844164959,83.5477684915825,6.499462844164959,11,0.883,4
278.92,GT-0020,-74726.7777312016,36910.49481062673,159.2451388701047,-70.34969401444047,91.9452928917141,2.8298691703719854,91.9452928917141,2.8298691703719854,91.9452928917141,2.8298691703719854,11,0.989,2
281.97,GT-0019,-74801.42036085835,36480.48271157019,136.0174515831277,-77.95450099104801,99.39914207337084,7.00753289415618,99.39914207337084,7.00753289415618,99.39914207337084,7.00753289415618,11,0.856,4
281.97,GT-0020,-74241.0288123628,36695.95100210515,159.2504779046086,-70.34202223897927,92.92306861338011,3.8541441133831467,92.92306861338011,3.8541441133831467,92.92306861338011,3.8541441133831467,11,0.99,2
282.39,GT-0019,-74744.26297870399,36447.73515634035,136.0195389893379,-77.95486829455149,101.76886238789015,7.077295304035543,101.76886238789015,7.077295304035543,101.76886238789015,7.077295304035543,11,0.926,4
282.39,GT-0020,-74174.14361164287,36666.40735276478,159.2504779046086,-70.34202223897927,93.15350373357255,3.974849286039141,93.15350373357255,3.974849286039141,93.15350373357255,3.974849286039141,11,0.96,2
283.76,GT-0019,-74557.9162102886,36340.93698677681,136.0195389893379,-77.95486829455149,109.58689893252172,7.291817936600142,109.58689893252172,7.291817936600142,109.58689893252172,7.291817936600142,10,0.898,4
283.76,GT-0020,-73955.99080486693,36570.04705506075,159.24960979903983,-70.33927051501433,94.1600386680171,4.346434510237244,94.1600386680171,4.346434510237244,94.1600386680171,4.346434510237244,11,0.977,2
284.57,GT-0019,-74447.74038370723,36277.793543458225,136.0195389893379,-77.95486829455149,114.36517922385168,7.41573386931621,114.36517922385168,7.41573386931621,114.36517922385168,7.41573386931621,10,0.871,4
284.57,GT-0020,-73930.15413551484,36347.08995270803,156.92278442126735,-66.84969884570737,91.73717996514961,1.5296168189724846,91.73717996514961,1.5296168189724846,91.73717996514961,1.5296168189724846,11,0.991,2
286.56,GT-0020,-73471.2127950147,36334.02806020771,159.6553963594227,-67.3943749257009,52.478128211572596,0.8747299564233856,52.478128211572596,0.8747299564233856,52.478128211572596,0.8747299564233856,13,0.996,2
289.09,GT-0020,-73067.33575637211,36163.56768069274,159.6609161315211,-67.38969491525539,52.661588740983085,2.5404493665731485,52.661588740983085,2.5404493665731485,52.661588740983085,2.5404493665731485,13,0.993,2
290.63,GT-0020,-72821.5308201281,36059.89400922549,159.6620794543569,-67.39170329267847,53.10584555982912,3.1392897933995294,53.10584555982912,3.1392897933995294,53.10584555982912,3.1392897933995294,13,0.995,3
292.52,GT-0019,-72999.5527124042,35926.034174270826,157.48617384446607,-65.31549904723272,118.60868077674537,3.9461629862406284,118.60868077674537,3.9461629862406284,118.60868077674537,3.9461629862406284,10,0.945,4
292.52,GT-0020,-72519.76948995936,35932.52369000233,159.6620794543569,-67.39170329267847,54.24102632537987,3.7560138986620415,54.24102632537987,3.7560138986620415,54.24102632537987,3.7560138986620415,13,0.965,3
292.97,GT-0019,-72928.68393417419,35896.64219969957,157.48617384446607,-65.31549904723272,119.42821071163762,4.072431990098258,119.42821071163762,4.072431990098258,119.42821071163762,4.072431990098258,10,0.916,4
292.97,GT-0020,-72655.66992069899,35962.65912763659,157.62440444919454,-66.29764687746832,52.46094022012813,0.8747557963751842,52.46094022012813,0.8747557963751842,52.46094022012813,0.8747557963751842,13,0.993,3
295.0,GT-0019,-72608.98700126992,35764.051736633686,157.48617384446607,-65.31549904723272,123.42032835903196,4.5991523473326685,123.42032835903196,4.5991523473326685,123.42032835903196,4.5991523473326685,10,0.889,4
295.0,GT-0020,-72335.70979911211,35828.100333084854,157.62409949420464,-66.29831781772008,52.5722074885897,2.3089092470638075,52.5722074885897,2.3089092470638075,52.5722074885897,2.3089092470638075,13,0.992,3
296.27,GT-0019,-72408.97956048745,35681.101052843704,157.48617384446607,-65.31549904723272,126.19571860446402,4.899969623780902,126.19571860446402,4.899969623780902,126.19571860446402,4.899969623780902,10,0.862,4
296.27,GT-0020,-72057.48248783397,35717.78874736309,158.34821766595917,-66.98804277909335,39.679874764610275,0.6615029231614296,39.679874764610275,0.6615029231614296,39.679874764610275,0.6615029231614296,14,0.997,3
299.11,GT-0020,-71607.83191016343,35527.53516052007,158.34697304854478,-66.98363556086264,39.95244509707632,2.607579317814619,39.95244509707632,2.607579317814619,39.95244509707632,2.607579317814619,14,0.995,3
300.21,GT-0020,-71433.64792102801,35453.85167257492,158.34528095066958,-66.98474614817741,40.36794915330064,3.0457956393534444,40.36794915330064,3.0457956393534444,40.36794915330064,3.0457956393534444,14,0.99,3
301.81,GT-0020,-71257.21762419268,35365.70291802951,158.00493410543143,-66.71883496916547,39.67175865522003,0.6615088297578484,39.67175865522003,0.6615088297578484,39.67175865522003,0.6615088297578484,14,0.997,3
303.77,GT-0020,-70901.27912988665,35262.52627543894,159.30468784497015,-66.1646788610332,39.67130704531467,0.6614907354399777,39.67130704531467,0.6614907354399777,39.67130704531467,0.6614907354399777,14,0.997,3
303.89,GT-0020,-70882.21222706205,35254.6174165387,159.30444816495512,-66.16392689007895,39.68763624115826,0.8414669785697554,39.68763624115826,0.8414669785697554,39.68763624115826,0.8414669785697554,14,0.994,3
306.25,GT-0020,-70579.93899580656,35113.39761529766,157.9895877441662,-66.06207718790003,39.67134418699208,0.6614965189955607,39.67134418699208,0.6614965189955607,39.67134418699208,0.6614965189955607,14,0.997,3
308.43,GT-0020,-70235.53108136643,34969.366192906615,157.99224337557337,-66.05949692185348,39.81307928624762,2.311044218821067,39.81307928624762,2.311044218821067,39.81307928624762,2.311044218821067,14,0.993,3
308.49,GT-0020,-70226.04391510888,34965.44672649955,157.9917245632646,-66.06740882943944,39.83058411643693,2.3328458171183653,39.83058411643693,2.3328458171183653,39.83058411643693,2.3328458171183653,14,0.996,3
311.65,GT-0020,-69726.78439080837,34756.70036883188,157.9955824839185,-66.05979252210079,41.30681029262488,3.5280121479129964,41.30681029262488,3.5280121479129964,41.30681029262488,3.5280121479129964,14,0.995,3
314.04,GT-0020,-69349.19665019262,34598.86960078053,157.99220234596442,-66.0464463140147,44.21065831401718,4.2187082420227595,44.21065831401718,4.2187082420227595,44.21065831401718,4.2187082420227595,14,0.992,3
314.54,GT-0020,-69264.38378746925,34563.479651090325,159.26260007247356,-65.38705947550261,42.980218287295415,2.3084854823058354,42.980218287295415,2.3084854823058354,42.980218287295415,2.3084854823058354,14,0.996,3
314.78,GT-0020,-69226.16590733988,34547.78883236419,159.26159845084396,-65.38872618640278,43.12205245435556,2.4236527459798367,43.12205245435556,2.4236527459798367,43.12205245435556,2.4236527459798367,14,0.988,4
318.32,GT-0020,-68662.38092726006,34316.31144012076,159.2659020494616,-65.39020898976173,46.10884221631119,3.7183256720765607,46.10884221631119,3.7183256720765607,46.10884221631119,3.7183256720765607,13,0.99,4
319.21,GT-0020,-68518.87715621715,34259.38406909091,159.02908508664973,-65.27765126697227,46.66880446269092,3.0068296049892407,46.66880446269092,3.0068296049892407,46.66880446269092,3.0068296049892407,13,0.994,5
323.58,GT-0020,-67829.38239441562,33982.71907242995,158.85763882619557,-66.05424959643992,48.744509148162685,1.8594778692177953,48.744509148162685,1.8594778692177953,48.744509148162685,1.8594778692177953,13,0.996,6
323.8,GT-0020,-67794.43714123995,33968.19420403272,158.85735162152037,-66.05365072175027,48.84024502068302,1.989068692346042,48.84024502068302,1.989068692346042,48.84024502068302,1.989068692346042,13,0.987,6
324.58,GT-0020,-67670.48970435724,33916.72934849126,158.8615572514999,-66.051123201535,49.14362621743989,2.388109407182073,49.14362621743989,2.388109407182073,49.14362621743989,2.388109407182073,13,0.992,6
325.75,GT-0020,-67396.04728267898,33764.76520389529,160.16961058332444,-66.00679379684003,39.67801859750914,0.6615027054741861,39.67801859750914,0.6615027054741861,39.67801859750914,0.6615027054741861,14,0.997,6
328.26,GT-0020,-66993.97481225713,33599.105684141505,160.174481297213,-66.02119688269579,39.86922564190014,2.4582014675440855,39.86922564190014,2.4582014675440855,39.86922564190014,2.4582014675440855,14,0.996,6
329.79,GT-0020,-66748.94490208442,33498.121399389944,160.1705773403553,-66.00971363532528,40.40299985574197,3.07508077293125,40.40299985574197,3.07508077293125,40.40299985574197,3.07508077293125,14,0.994,6
330.37,GT-0020,-66656.03937829506,33459.83407410937,160.17204592450662,-66.01012702748096,40.749290929349165,3.2817970236528407,40.749290929349165,3.2817970236528407,40.749290929349165,3.2817970236528407,14,0.987,6
331.17,GT-0020,-66527.11267135816,33406.67208151298,160.2613106278593,-65.9268145016029,41.18071025129437,2.7781330216539883,41.18071025129437,2.7781330216539883,41.18071025129437,2.7781330216539883,14,0.995,6
332.9,GT-0020,-66249.76373739744,33292.663147749234,160.2818226647919,-65.93268601167881,42.377439313168075,3.3848160665590585,42.377439313168075,3.3848160665590585,42.377439313168075,3.3848160665590585,14,0.995,6
335.31,GT-0020,-65863.44130273041,33133.73470831799,160.28697816451358,-65.9403761683634,45.31751446333254,4.1056371007966055,45.31751446333254,4.1056371007966055,45.31751446333254,4.1056371007966055,14,0.992,6
336.51,GT-0020,-65618.71714241907,33088.247640941154,162.30251146049758,-66.51153201282033,39.67385589023364,0.6615116031433025,39.67385589023364,0.6615116031433025,39.67385589023364,0.6615116031433025,14,0.997,7
338.83,GT-0020,-65242.13822452777,32933.88196185518,162.29576758021778,-66.50878782527062,39.83436672795651,2.374710885614375,39.83436672795651,2.374710885614375,39.83436672795651,2.374710885614375,14,0.995,7
339.85,GT-0020,-65076.60426823814,32866.04995235708,162.29700563162373,-66.50675634571235,40.11496168937693,2.81544530676418,40.11496168937693,2.81544530676418,40.11496168937693,2.81544530676418,14,0.993,7
341.63,GT-0020,-64787.7431800994,32747.648223648994,162.28160108994234,-66.49827179581507,41.09245734351929,3.4405161274490306,41.09245734351929,3.4405161274490306,41.09245734351929,3.4405161274490306,14,0.995,7
342.55,GT-0020,-64638.43739809376,32686.478006946014,162.28283245789544,-66.49492646124827,41.93569740038967,3.7304185925541256,41.93569740038967,3.7304185925541256,41.93569740038967,3.7304185925541256,14,0.988,7
344.24,GT-0020,-64287.44831379574,32501.473193566468,161.58233215810782,-65.69607320668236,39.67245364524573,0.6615113011018408,39.67245364524573,0.6615113011018408,39.67245364524573,0.6615113011018408,14,0.997,7
345.78,GT-0020,-64038.60996300823,32400.28655585355,161.5851937568857,-65.69702559796994,39.73883093476178,1.975950263067997,39.73883093476178,1.975950263067997,39.73883093476178,1.975950263067997,14,0.992,7
346.61,GT-0020,-63950.72807930167,32346.731847093266,161.4380778615312,-66.89859300374054,39.67134258602988,0.6614955003536119,39.67134258602988,0.6614955003536119,39.67134258602988,0.6614955003536119,14,0.997,7
349.33,GT-0020,-63511.593830124715,32164.759610744404,161.44441076553534,-66.88292061624847,39.91432285342615,2.555757444484365,39.91432285342615,2.555757444484365,39.91432285342615,2.555757444484365,14,0.995,7
349.91,GT-0020,-63417.95888521736,32125.98990681182,161.44714036859352,-66.88073063750687,40.0984025398114,2.798152403770861,40.0984025398114,2.798152403770861,40.0984025398114,2.798152403770861,14,0.993,7
349.94,GT-0020,-63413.11996259617,32123.987368658312,161.4463153775789,-66.88012298897166,40.128665604838474,2.8114329360271366,40.128665604838474,2.8114329360271366,40.128665604838474,2.8114329360271366,14,0.986,7
352.02,GT-0020,-62916.19671754522,31952.23206791606,161.76467666621588,-66.31481415698624,39.671739786245425,0.6615085992944301,39.671739786245425,0.6615085992944301,39.671739786245425,0.6615085992944301,14,0.996,7
354.3,GT-0020,-62561.334994125114,31814.112887030107,163.28430003422778,-67.66619815996435,39.67131906985055,0.6614945851689371,39.67131906985055,0.6614945851689371,39.67131906985055,0.6614945851689371,14,0.997,7
354.39,GT-0020,-62546.64642872438,31808.034883521173,163.2847752905606,-67.66549814249166,39.68920700378762,0.8003866025729778,39.68920700378762,0.8003866025729778,39.68920700378762,0.8003866025729778,14,0.993,7
356.51,GT-0020,-62190.07544947869,31711.383669615338,162.19660994429518,-66.66007042011115,39.67133358441893,0.66149383449952,39.67133358441893,0.66149383449952,39.67133358441893,0.66149383449952,14,0.997,7
357.94,GT-0020,-61958.14866481824,31616.048801908895,162.1942607919572,-66.65601601818574,39.7264467891362,1.911282845522986,39.7264467891362,1.911282845522986,39.7264467891362,1.911282845522986,14,0.994,7
358.31,GT-0020,-61898.168427311524,31591.37510378443,162.19421614545234,-66.65290748561819,39.77369365672948,2.115394825058717,39.77369365672948,2.115394825058717,39.77369365672948,2.115394825058717,14,0.995,7
360.8,GT-0020,-61494.30713897187,31425.40310795973,162.19362490697756,-66.6521863456743,40.55725900512398,3.175664709102869,40.55725900512398,3.175664709102869,40.55725900512398,3.175664709102869,14,0.988,7
360.83,GT-0020,-61488.868455586264,31423.492290834653,162.30882811555784,-66.5231011744076,40.57842262659821,3.0376053892641517,40.57842262659821,3.0376053892641517,40.57842262659821,3.0376053892641517,14,0.995,7
363.17,GT-0020,-61108.178356655146,31265.223697154554,162.3839164058029,-66.90157896060191,42.390038123965645,3.3587365098930593,42.390038123965645,3.3587365098930593,42.390038123965645,3.3587365098930593,14,0.995,7
365.91,GT-0020,-60656.09830645081,31078.37102822241,163.85546525729205,-67.43984654118196,44.934431387862055,3.0112584649631966,44.934431387862055,3.0112584649631966,44.934431387862055,3.0112584649631966,14,0.995,7
368.56,GT-0020,-60221.57520986853,30896.6974353977,163.85030016515702,-67.43560193436895,47.290454313000666,2.934620463083403,47.290454313000666,2.934620463083403,47.290454313000666,2.934620463083403,13,0.995,7
368.84,GT-0020,-60176.89489206236,30877.655746336783,163.6380503355183,-67.47846827040371,47.52671468553038,2.9539849230909727,47.52671468553038,2.9539849230909727,47.52671468553038,2.9539849230909727,13,0.995,8
370.82,GT-0020,-59852.79739064535,30744.04457636062,163.65714372113894,-67.47840356381755,49.54040706834907,3.6220669012057303,49.54040706834907,3.6220669012057303,49.54040706834907,3.6220669012057303,13,0.994,8
372.77,GT-0020,-59533.67791009172,30612.43395440594,163.6578643586422,-67.48330891460114,52.42105956758978,4.1832558660846155,52.42105956758978,4.1832558660846155,52.42105956758978,4.1832558660846155,13,0.99,8
372.85,GT-0020,-59520.52016164633,30607.033299862243,163.6704709949977,-67.48350316229494,52.56173634215365,4.19763897078954,52.56173634215365,4.19763897078954,52.56173634215365,4.19763897078954,13,0.992,8
375.19,GT-0020,-59134.19312157814,30460.547644327395,164.17785055976947,-66.04682326049169,56.79810976320924,4.096026077703534,56.79810976320924,4.096026077703534,56.79810976320924,4.096026077703534,13,0.992,8
378.0,GT-0020,-58672.853361505186,30274.956070965414,164.17785055976947,-66.04682326049169,62.764672311057396,4.806238615510824,62.764672311057396,4.806238615510824,62.764672311057396,4.806238615510824,12,0.962,8
378.13,GT-0020,-58649.84739697793,30266.008646960436,164.3411592886073,-66.15480547181369,63.08281370714174,4.755904172611526,63.08281370714174,4.755904172611526,63.08281370714174,4.755904172611526,12,0.984,8
381.38,GT-0020,-58107.533386323244,30057.952371264073,165.2376786785544,-65.62582210091523,71.04744118582438,4.642690444222977,71.04744118582438,4.642690444222977,71.04744118582438,4.642690444222977,12,0.989,8
384.06,GT-0020,-57642.71990509412,29865.127388303317,166.76979947053292,-67.15913051169736,71.29813164461967,2.9852958225005,71.29813164461967,2.9852958225005,71.29813164461967,2.9852958225005,12,0.993,8
384.63,GT-0020,-57547.58452206024,29826.91475548365,166.7768161864202,-67.15583276943784,71.88567008040185,3.192164037692644,71.88567008040185,3.192164037692644,71.88567008040185,3.192164037692644,12,0.991,9
386.82,GT-0020,-57182.33596027671,29679.84400569547,166.77900436677373,-67.16477245683325,74.48109109657508,3.8827558893915057,74.48109109657508,3.8827558893915057,74.48109109657508,3.8827558893915057,12,0.992,9
387.29,GT-0020,-57103.94982822432,29648.276562640756,166.77900436677373,-67.16477245683325,75.1381278649399,4.016627104500054,75.1381278649399,4.016627104500054,75.1381278649399,4.016627104500054,12,0.962,9
387.29,GT-0021,-57969.618170352034,29671.430674651878,168.14294974984338,-74.72636567839211,376.3296164812285,7.691063168299836,376.3296164812285,7.691063168299836,376.3296164812285,7.691063168299836,6,0.861,1
389.69,GT-0020,-56703.481106458945,29487.01794976393,166.80241703395382,-67.16786392040922,79.18511745463684,4.635608615244576,79.18511745463684,4.635608615244576,79.18511745463684,4.635608615244576,12,0.984,9
391.93,GT-0020,-56329.413293259364,29336.917656872873,166.7871870635538,-67.06358014705927,84.03186226732142,4.954249674043127,84.03186226732142,4.954249674043127,84.03186226732142,4.954249674043127,11,0.989,9
395.25,GT-0020,-55712.269544657305,29115.52632493534,170.50796865564635,-67.63940477151671,39.68609854353192,0.6615144482039695,39.68609854353192,0.6615144482039695,39.68609854353192,0.6615144482039695,14,0.997,10
397.45,GT-0020,-55337.160803961786,28966.732877849576,170.50621203984286,-67.63903427532172,39.83255278654332,2.321785455697207,39.83255278654332,2.321785455697207,39.83255278654332,2.321785455697207,14,0.991,10
397.88,GT-0020,-55263.807357750346,28937.659082981,170.49476002066007,-67.6320434646133,39.922098183024715,2.5123097885221415,39.922098183024715,2.5123097885221415,39.922098183024715,2.5123097885221415,14,0.996,10
398.56,GT-0020,-55147.87092093629,28891.669293425064,170.49476002066007,-67.6320434646133,40.112197110055945,2.8003036395191474,40.112197110055945,2.8003036395191474,40.112197110055945,2.8003036395191474,14,0.966,10
398.56,GT-0021,-55620.16314155612,28998.897076204023,172.98454249744125,-73.09576088631415,370.95598401849634,6.184029276358164,370.95598401849634,6.184029276358164,370.95598401849634,6.184029276358164,6,0.904,1
400.53,GT-0020,-54813.03945357314,28757.065759096276,170.105929033802,-67.6563986174994,41.09597598609102,2.8074864442916976,41.09597598609102,2.8074864442916976,41.09597598609102,2.8074864442916976,14,0.993,10
400.53,GT-0021,-55279.383592836166,28854.898427257987,172.98454249744125,-73.09576088631415,371.1666609906249,6.532588927129489,371.1666609906249,6.532588927129489,371.1666609906249,6.532588927129489,6,0.877,1
403.49,GT-0020,-54172.66247025126,28507.242686681162,169.97013733049727,-66.24666495353743,39.67276221143591,0.6615096729609057,39.67276221143591,0.6615096729609057,39.67276221143591,0.6615096729609057,14,0.997,10
403.49,GT-0021,-54767.34934704373,28638.534975034494,172.98454249744125,-73.09576088631415,372.3347795485991,7.023867744402288,372.3347795485991,7.023867744402288,372.3347795485991,7.023867744402288,6,0.851,1
403.64,GT-0020,-54147.19091922082,28497.312991353963,169.96950984489894,-66.24684783138983,39.68915628863336,0.880690965181425,39.68915628863336,0.880690965181425,39.68915628863336,0.880690965181425,14,0.994,10
404.78,GT-0020,-53953.425677997635,28421.79158482618,169.96950984489894,-66.24684783138983,39.71849964191229,1.8277353681953412,39.71849964191229,1.8277353681953412,39.71849964191229,1.8277353681953412,14,0.964,10
404.78,GT-0021,-53524.290933935365,28515.835145489666,171.25028956034865,-63.93737402758965,212.20391320070473,3.5368827305264703,212.20391320070473,3.5368827305264703,212.20391320070473,3.5368827305264703,8,0.945,1
406.35,GT-0020,-53686.56830587102,28317.792057879687,169.97017233610745,-66.2486720004598,39.96105113000649,2.6111817361835867,39.96105113000649,2.6111817361835867,39.96105113000649,2.6111817361835867,14,0.993,10
406.35,GT-0021,-53255.42797932561,28415.453468266347,171.25028956034865,-63.93737402758965,212.28355489485813,4.005251483926632,212.28355489485813,4.005251483926632,212.28355489485813,4.005251483926632,8,0.917,1
407.54,GT-0020,-53484.357716690305,28238.974344882903,169.96476342453172,-66.24901344630513,40.41819250129074,3.0767778733673734,40.41819250129074,3.0767778733673734,40.41819250129074,3.0767778733673734,14,0.993,10
407.54,GT-0021,-53051.64013474879,28339.367993173517,171.25028956034865,-63.93737402758965,212.46572532580646,4.326608307843048,212.46572532580646,4.326608307843048,212.46572532580646,4.326608307843048,8,0.889,1
409.03,GT-0020,-53231.24734546276,28140.163942157145,170.32500705611847,-65.67888025296855,41.23799062005381,2.7537157143531235,41.23799062005381,2.7537157143531235,41.23799062005381,2.7537157143531235,14,0.996,10
409.03,GT-0021,-52796.47720330388,28244.101305872413,171.25028956034865,-63.93737402758965,212.87136321883818,4.698088914600955,212.87136321883818,4.698088914600955,212.87136321883818,4.698088914600955,8,0.863,1
410.62,GT-0020,-52960.483424936036,28035.72710965826,170.3257766398376,-65.68780737135535,42.316591640634044,3.3343791561206984,42.316591640634044,3.3343791561206984,42.316591640634044,3.3343791561206984,14,0.994,10
411.44,GT-0020,-52823.590756566715,27981.942528360665,169.86848557328392,-66.18762334632078,42.570472626998516,2.4916928919260273,42.570472626998516,2.4916928919260273,42.570472626998516,2.4916928919260273,14,0.996,10
414.56,GT-0020,-52293.60108157807,27775.437143520143,169.86848557328392,-66.18762334632078,45.01368441003304,3.6371050943950873,45.01368441003304,3.6371050943950873,45.01368441003304,3.6371050943950873,14,0.966,10
414.56,GT-0021,-51849.58515158161,27890.387940594876,171.2445731904184,-63.939519386711424,216.71702458344427,5.876318395180312,216.71702458344427,5.876318395180312,216.71702458344427,5.876318395180312,8,0.921,1
416.25,GT-0020,-52088.74687921307,27686.634552993502,170.43948358893726,-64.14142474820272,39.67465931529885,0.6615107624550621,39.67465931529885,0.6615107624550621,39.67465931529885,0.6615107624550621,14,0.995,11
416.25,GT-0021,-51560.181822889805,27782.330152831335,171.2445731904184,-63.939519386711424,218.73737050499855,6.191414852966527,218.73737050499855,6.191414852966527,218.73737050499855,6.191414852966527,8,0.893,1
416.64,GT-0020,-52022.29202687157,27661.61921209665,170.44004699989586,-64.14188709048541,39.69391126915671,1.147168069311271,39.69391126915671,1.147168069311271,39.69391126915671,1.147168069311271,14,0.993,11
416.64,GT-0021,-51493.396439345546,27757.39374027052,171.2445731904184,-63.939519386711424,219.27007563467762,6.261878143299699,219.27007563467762,6.261878143299699,219.27007563467762,6.261878143299699,8,0.867,1
419.3,GT-0020,-51568.88267465086,27491.006142836526,170.44856384374043,-64.14343478338998,40.0229052097065,2.695986823892918,40.0229052097065,2.695986823892918,40.0229052097065,2.695986823892918,14,0.995,11
421.65,GT-0020,-51168.358024105095,27340.277496945688,170.45419832197967,-64.14075795421445,41.32508621418641,3.535637343722616,41.32508621418641,3.535637343722616,41.32508621418641,3.535637343722616,14,0.994,11
422.22,GT-0020,-51068.31755129592,27302.497923583316,171.56080529049632,-64.44270251075102,41.49383666196615,2.6676610486388235,41.49383666196615,2.6676610486388235,41.49383666196615,2.6676610486388235,14,0.996,11
425.59,GT-0020,-50468.05610767131,27158.497773767205,171.91891639853404,-63.53597766141217,39.67324843543187,0.661509676270235,39.67324843543187,0.661509676270235,39.67324843543187,0.661509676270235,14,0.997,11
426.62,GT-0020,-50291.00504417812,27093.05080176849,171.91733171770784,-63.5376094726012,39.708207832265856,1.6603610102089401,39.708207832265856,1.6603610102089401,39.708207832265856,1.6603610102089401,14,0.992,11
427.47,GT-0020,-50144.863563439925,27039.031476511278,171.916982322944,-63.542527619449956,39.78750103497521,2.1581505988217793,39.78750103497521,2.1581505988217793,39.78750103497521,2.1581505988217793,14,0.994,11
430.83,GT-0020,-49569.21102436123,26827.211030176342,172.16679915730583,-62.99727384107814,41.06955891489571,2.8147910470016337,41.06955891489571,2.8147910470016337,41.06955891489571,2.8147910470016337,14,0.996,11
433.26,GT-0020,-49153.18327838891,26672.72679193377,172.84131807480935,-63.50399103747293,42.40961189169171,2.5034776965914625,42.40961189169171,2.5034776965914625,42.40961189169171,2.5034776965914625,14,0.996,11
433.71,GT-0020,-49075.39779014461,26644.15338964697,172.84431632977987,-63.50520672400046,42.66869197892062,2.699225250630117,42.66869197892062,2.699225250630117,42.66869197892062,2.699225250630117,14,0.989,12
435.74,GT-0020,-48724.51386601599,26515.209810346867,172.84829566664735,-63.51178433931079,44.22603024260843,3.4395684048956903,44.22603024260843,3.4395684048956903,44.22603024260843,3.4395684048956903,14,0.991,13
436.11,GT-0020,-48657.47708835806,26489.15461994264,174.28895532326862,-64.3484884771886,43.94680815590981,2.3801761198303484,43.94680815590981,2.3801761198303484,43.94680815590981,2.3801761198303484,14,0.996,13
439.04,GT-0020,-48152.37314320102,26293.910749887953,173.49607742068372,-64.75985270608373,45.3764508876219,2.3239017327460854,45.3764508876219,2.3239017327460854,45.3764508876219,2.3239017327460854,14,0.996,13
439.42,GT-0020,-48086.435991934086,26269.298470920814,173.4992818558527,-64.76262414878238,45.56799864591157,2.501730288406844,45.56799864591157,2.501730288406844,45.56799864591157,2.501730288406844,14,0.991,13
440.62,GT-0020,-47878.20914828324,26191.55222668489,173.50756734351194,-64.7620757246583,46.24745436305298,2.9845220755038113,46.24745436305298,2.9845220755038113,46.24745436305298,2.9845220755038113,13,0.994,13
440.99,GT-0020,-47814.05402365441,26167.64938835211,173.51608980325966,-64.74223848248175,46.50748252578828,3.1110181688867127,46.50748252578828,3.1110181688867127,46.50748252578828,3.1110181688867127,13,0.995,13
442.46,GT-0020,-47582.13748415484,26107.35028999415,175.75419303638688,-64.61078115489057,39.676214711298556,0.6615086182730502,39.676214711298556,0.6615086182730502,39.676214711298556,0.6615086182730502,14,0.997,13
444.96,GT-0020,-47142.76800659319,25945.79618652776,175.75004210131254,-64.61033259097181,39.87394187181025,2.4602608412477887,39.87394187181025,2.4602608412477887,39.87394187181025,2.4602608412477887,14,0.994,13
445.07,GT-0020,-47123.47237510438,25938.703803369415,175.743054452411,-64.60550054805492,39.90995486985198,2.5053787116574706,39.90995486985198,2.5053787116574706,39.90995486985198,2.5053787116574706,14,0.995,13
447.56,GT-0020,-46655.3441913051,25650.741568456542,174.67650925819393,-62.555385130133246,39.67166082762604,0.6615079868984899,39.67166082762604,0.6615079868984899,39.67166082762604,0.6615079868984899,14,0.997,13
448.9,GT-0020,-46421.2777722884,25566.92564868746,174.6775581679446,-62.555010415572475,39.723870173896756,1.858901089821135,39.723870173896756,1.858901089821135,39.723870173896756,1.858901089821135,14,0.99,13
449.82,GT-0020,-46260.56454418036,25509.36520435305,174.6764004221589,-62.55731742260609,39.84134633427025,2.346943153091211,39.84134633427025,2.346943153091211,39.84134633427025,2.346943153091211,14,0.994,13
450.47,GT-0020,-46147.03315876188,25468.704674579225,174.67510499101013,-62.55516566823698,40.00114550283181,2.6402294976091385,40.00114550283181,2.6402294976091385,40.00114550283181,2.6402294976091385,14,0.991,13
452.66,GT-0020,-45764.393616490524,25331.705620497916,174.70281456918303,-62.56178318392392,41.096862987025396,3.435737493198039,41.096862987025396,3.435737493198039,41.096862987025396,3.435737493198039,14,0.994,13
455.59,GT-0020,-45252.288432734276,25151.240966744244,175.71191422756465,-63.6252854272974,42.8072608686938,2.3416973194270416,42.8072608686938,2.3416973194270416,42.8072608686938,2.3416973194270416,14,0.996,13
456.02,GT-0020,-45176.73739859037,25123.88606838635,175.7118156015532,-63.62623085575132,43.051780951455754,2.5410433403429007,43.051780951455754,2.5410433403429007,43.051780951455754,2.5410433403429007,14,0.987,13
457.28,GT-0020,-44955.35896764406,25043.784416895498,175.7081432544078,-63.61664382291082,43.883076416669134,3.0436891834819453,43.883076416669134,3.0436891834819453,43.883076416669134,3.0436891834819453,14,0.992,13
457.74,GT-0020,-44797.757929237414,25123.848396951184,176.44118944535577,-62.56071194052766,39.67397227452933,0.6615056535068108,39.67397227452933,0.6615056535068108,39.67397227452933,0.6615056535068108,14,0.997,13
459.08,GT-0020,-44561.32729296702,25039.959366809006,176.4432304753342,-62.567583385407815,39.715071891094,1.8548362912377296,39.715071891094,1.8548362912377296,39.715071891094,1.8548362912377296,14,0.996,13
461.33,GT-0020,-44164.32394535385,24899.175332911494,176.43344451261856,-62.57288242398198,40.19043228751863,2.9012263610429607,40.19043228751863,2.9012263610429607,40.19043228751863,2.9012263610429607,14,0.996,13
462.39,GT-0020,-43977.31165874674,24832.835246784896,176.43452256053934,-62.580277321039716,40.75189578794771,3.2858084969807115,40.75189578794771,3.2858084969807115,40.75189578794771,3.2858084969807115,14,0.992,13
463.72,GT-0020,-43742.68093499949,24749.614222848777,176.43338947047368,-62.58108434287283,41.8595147563438,3.7116157568636434,41.8595147563438,3.7116157568636434,41.8595147563438,3.7116157568636434,14,0.991,13
463.91,GT-0020,-43708.09849209313,24736.00311857097,176.60093209854858,-62.83740037916243,41.61100470429182,2.632664928805115,41.61100470429182,2.632664928805115,41.61100470429182,2.632664928805115,14,0.996,13
466.49,GT-0020,-43248.60026169811,24562.26384156457,178.84390821439487,-63.83702377779322,39.67308196608274,0.6615083202113238,39.67308196608274,0.6615083202113238,39.67308196608274,0.6615083202113238,14,0.997,13
466.79,GT-0020,-43194.96012652082,24543.09972746335,178.84301125190754,-63.83583046477475,39.687279230162,1.0548843532405618,39.687279230162,1.0548843532405618,39.687279230162,1.0548843532405618,14,0.995,13
468.82,GT-0020,-42838.198998275235,24391.90242010162,178.32497482579151,-62.98415594335396,39.671336072839125,0.6614950982696627,39.671336072839125,0.6614950982696627,39.671336072839125,0.6614950982696627,14,0.997,13
471.96,GT-0020,-42278.23701496275,24194.139370735746,178.32659185130711,-62.988588364914676,40.02887934878407,2.732744849492889,40.02887934878407,2.732744849492889,40.02887934878407,2.732744849492889,14,0.995,13
472.45,GT-0020,-42190.871000142215,24163.27510606481,178.327262551635,-62.993168562763714,40.22105097200716,2.9259063490780775,40.22105097200716,2.9259063490780775,40.22105097200716,2.9259063490780775,14,0.993,13
474.76,GT-0020,-41778.84722127183,24016.294883331426,178.2677553887138,-63.31988606639652,41.801159160911894,3.4787319301904547,41.801159160911894,3.4787319301904547,41.801159160911894,3.4787319301904547,14,0.995,13
476.39,GT-0020,-41488.520049011764,23910.513956623676,178.6077324601033,-64.16013677096237,43.30177425009428,3.198045238229381,43.30177425009428,3.198045238229381,43.30177425009428,3.198045238229381,14,0.995,13
476.91,GT-0020,-41392.83592643004,23876.279798540392,179.0576151450507,-64.09516169243886,43.76943179199567,3.169171009528841,43.76943179199567,3.169171009528841,43.76943179199567,3.169171009528841,14,0.995,13
478.41,GT-0020,-41124.242801042135,23780.15128961818,179.06017935100135,-64.09114130718945,45.35131000984167,3.661514997082857,45.35131000984167,3.661514997082857,45.35131000984167,3.661514997082857,14,0.992,13
479.31,GT-0020,-40954.01040028878,23730.99342440521,180.54782256310688,-63.883249413634445,44.88847927228119,2.2001687412211544,44.88847927228119,2.2001687412211544,44.88847927228119,2.2001687412211544,14,0.996,13
480.81,GT-0020,-40675.69475928893,23628.29294822113,180.6640738923336,-64.61842079696132,45.56118239503327,2.3442787152849984,45.56118239503327,2.3442787152849984,45.56118239503327,2.3442787152849984,14,0.996,13
480.87,GT-0020,-40664.86511542979,23624.404258732626,180.66489431613292,-64.61845249875498,45.60806927047694,2.3735519834302865,45.60806927047694,2.3735519834302865,45.60806927047694,2.3735519834302865,14,0.991,13
483.1,GT-0020,-40258.503401511705,23482.406731002615,180.74890440646442,-63.932147757904744,46.57578722054462,2.3291698825496656,46.57578722054462,2.3291698825496656,46.57578722054462,2.3291698825496656,13,0.996,13
484.27,GT-0020,-40047.06343913273,23407.615063777048,180.746133541902,-63.932183951520074,47.12609237946371,2.83140399699463,47.12609237946371,2.83140399699463,47.12609237946371,2.83140399699463,13,0.995,13
485.59,GT-0020,-39807.71068026958,23321.773427955824,180.73937741978,-64.90451269401316,47.58966937278188,2.2747805204903604,47.58966937278188,2.2747805204903604,47.58966937278188,2.2747805204903604,13,0.996,13
487.75,GT-0020,-39417.31241416672,23181.585206299187,180.7413225185071,-64.90367747803197,48.69853252441013,3.1689195389885194,48.69853252441013,3.1689195389885194,48.69853252441013,3.1689195389885194,13,0.989,13
488.25,GT-0020,-39319.099540336945,23150.65103084824,181.35679460145934,-63.803367989942984,48.59426624998803,2.1997734332394123,48.59426624998803,2.1997734332394123,48.59426624998803,2.1997734332394123,13,0.995,13
490.53,GT-0020,-38905.53910399101,23005.095544218602,181.36525905819917,-63.80890063573116,49.65886938489462,3.1471337195388145,49.65886938489462,3.1471337195388145,49.65886938489462,3.1471337195388145,13,0.995,13
493.25,GT-0020,-38407.65584687571,22828.536564167473,181.9216762547992,-63.116078061290466,51.76788340585826,3.0911857671105034,51.76788340585826,3.0911857671105034,51.76788340585826,3.0911857671105034,13,0.995,13
495.98,GT-0020,-37907.57977421575,22658.154716997797,182.77426787330444,-62.82394100782989,53.87041395355706,2.93295003122619,53.87041395355706,2.93295003122619,53.87041395355706,2.93295003122619,13,0.995,14
496.28,GT-0020,-37816.84279761269,22649.68739259961,182.45953488147606,-64.55822650235893,52.451354832064276,0.9595317429097736,52.451354832064276,0.9595317429097736,52.451354832064276,0.9595317429097736,13,0.996,14
499.39,GT-0020,-37237.86484430506,22440.853068226246,183.97116681801967,-64.62823558634062,52.4604416238156,0.8747364854125262,52.4604416238156,0.8747364854125262,52.4604416238156,0.8747364854125262,13,0.996,14
499.49,GT-0020,-37219.48249159581,22434.386269649447,183.97107495359455,-64.62847433440179,52.48657836649611,0.9955623081685835,52.48657836649611,0.9955623081685835,52.48657836649611,0.9955623081685835,13,0.987,14
500.26,GT-0020,-37077.84907003156,22384.60826570025,183.97084847146385,-64.62818010827952,52.52034039734394,1.6508608283731516,52.52034039734394,1.6508608283731516,52.52034039734394,1.6508608283731516,13,0.99,14
501.66,GT-0020,-36820.30769501216,22294.1307269731,183.9644294988019,-64.63297559898612,52.64202672878653,2.41977938525362,52.64202672878653,2.41977938525362,52.64202672878653,2.41977938525362,13,0.994,14
504.34,GT-0020,-36327.314648811094,22120.95590991764,183.94667032725647,-64.63760033285712,53.55714696734706,3.4338799042755324,53.55714696734706,3.4338799042755324,53.55714696734706,3.4338799042755324,13,0.995,14
504.71,GT-0020,-36259.41715204814,22097.04680469327,183.95228931898026,-64.62800385752024,53.78840896134491,3.5380010080864697,53.78840896134491,3.5380010080864697,53.78840896134491,3.5380010080864697,13,0.995,14
507.42,GT-0020,-35921.93824796995,21938.596822206997,182.7702887514921,-66.32314595499129,52.461434872303,0.874759299502684,52.461434872303,0.874759299502684,52.461434872303,0.874759299502684,13,0.996,14
509.58,GT-0020,-35527.1795148432,21795.341187506496,182.7718243859911,-66.32271791173625,52.59107369567644,2.3720050798070935,52.59107369567644,2.3720050798070935,52.59107369567644,2.3720050798070935,13,0.992,14
509.93,GT-0020,-35463.226994097,21772.14174924527,182.76697845543322,-66.32178570618915,52.66740041566035,2.5326997310116974,52.66740041566035,2.5326997310116974,52.66740041566035,2.5326997310116974,13,0.991,14
510.68,GT-0020,-35326.06952913031,21722.451090408624,182.77549735601875,-66.32130155644042,52.84242336775352,2.8391877750423293,52.84242336775352,2.8391877750423293,52.84242336775352,2.8391877750423293,13,0.994,14
512.95,GT-0020,-34910.76126536562,21571.77856924009,182.9170997658124,-66.3028686315979,53.927253469016506,3.5767658990926057,53.927253469016506,3.5767658990926057,53.927253469016506,3.5767658990926057,13,0.995,14
513.88,GT-0020,-34740.62551671812,21510.057051640364,182.9217702846206,-66.31451372267401,54.69459704190701,3.856099541412954,54.69459704190701,3.856099541412954,54.69459704190701,3.856099541412954,13,0.991,14
515.84,GT-0020,-34372.977150443716,21374.307818458405,183.53314641481467,-65.97760828848533,56.04738402043688,3.010587659806394,56.04738402043688,3.010587659806394,56.04738402043688,3.010587659806394,13,0.994,14
517.79,GT-0020,-33936.37669956322,21110.160242444505,184.74732472573157,-67.24395989671929,52.46306073100781,0.8747522576242363,52.46306073100781,0.8747522576242363,52.46306073100781,0.8747522576242363,13,0.996,14
517.93,GT-0020,-33910.65342662827,21100.868442351464,184.7473548880242,-67.24364459725923,52.47453087418386,1.0394229842637088,52.47453087418386,1.0394229842637088,52.47453087418386,1.0394229842637088,13,0.995,14
523.38,GT-0020,-32827.4461496572,20884.630982757797,185.53472426865778,-66.86279346032818,52.4607355464778,0.8747531276976735,52.4607355464778,0.8747531276976735,52.4607355464778,0.8747531276976735,13,0.996,15
524.22,GT-0020,-32671.617217702355,20828.468130183148,185.53426712136485,-66.86311213892026,52.49373840213071,1.6299917728448983,52.49373840213071,1.6299917728448983,52.49373840213071,1.6299917728448983,13,0.992,15
526.04,GT-0020,-32402.622651283345,20620.0951025134,186.8364003447345,-66.90495893361584,39.67985952469029,0.6614991955973357,39.67985952469029,0.6614991955973357,39.67985952469029,0.6614991955973357,14,0.997,15
529.46,GT-0020,-31692.11877346737,20403.291252359013,187.0034801366331,-68.01520700514943,39.6714022115015,0.6615026738612327,39.6714022115015,0.6615026738612327,39.6714022115015,0.6615026738612327,14,0.997,15
531.07,GT-0020,-31391.06127397237,20293.79767454962,187.00443312293092,-68.0144104547822,39.74131505790649,2.0142187309437753,39.74131505790649,2.0142187309437753,39.74131505790649,2.0142187309437753,14,0.994,15
531.97,GT-0020,-31222.789163341804,20232.547425510747,186.99423612303255,-68.01778899130935,39.88406996515057,2.4617925494259367,39.88406996515057,2.4617925494259367,39.88406996515057,2.4617925494259367,14,0.995,15
534.5,GT-0020,-30752.263222060927,20063.17452646253,186.58772112266496,-67.5877056129467,40.95290493038045,2.8602689937502492,40.95290493038045,2.8602689937502492,40.95290493038045,2.8602689937502492,14,0.996,15
535.26,GT-0020,-30610.450229010574,20011.82746793,186.59042824611709,-67.58288533929635,41.419563475171344,3.1444066196605225,41.419563475171344,3.1444066196605225,41.419563475171344,3.1444066196605225,14,0.992,15
537.01,GT-0020,-30291.651365901387,19894.93234757291,185.5169115136447,-67.58058008339711,42.36383445572685,2.502814294102953,42.36383445572685,2.502814294102953,42.36383445572685,2.502814294102953,14,0.996,15
538.58,GT-0020,-30000.38435604099,19788.82061538017,185.52475528269645,-67.58022332438605,43.35998339588308,3.1249161441963467,43.35998339588308,3.1249161441963467,43.35998339588308,3.1249161441963467,14,0.994,15
540.39,GT-0020,-29655.19681599539,19662.63779616141,186.89954755516163,-68.13225279672764,44.18978354451677,2.3295885244159584,44.18978354451677,2.3295885244159584,44.18978354451677,2.3295885244159584,14,0.996,15
540.84,GT-0020,-29571.09201959556,19631.978282402877,186.89954755516163,-68.13225279672764,44.40819041514264,2.5376135823033863,44.40819041514264,2.5376135823033863,44.40819041514264,2.5376135823033863,14,0.966,15
542.71,GT-0020,-29221.649721393638,19504.557739083753,186.8941712174858,-68.13735334645702,45.67261770307291,3.2571258442232103,45.67261770307291,3.2571258442232103,45.67261770307291,3.2571258442232103,13,0.989,15
543.28,GT-0020,-29114.466853166276,19467.21014130903,186.88442592244223,-67.6584977365427,46.1664830921814,3.2056161677913324,46.1664830921814,3.2056161677913324,46.1664830921814,3.2056161677913324,13,0.994,15
546.15,GT-0020,-28577.181684941177,19259.756061340802,188.22076924724493,-68.66664051482115,47.34595195161685,2.05716460387514,47.34595195161685,2.05716460387514,47.34595195161685,2.05716460387514,13,0.996,15
548.79,GT-0020,-28080.276405513585,19078.46981945742,188.21629326922726,-68.6616846066496,48.755255529852505,3.1787532385017077,48.755255529852505,3.1787532385017077,48.755255529852505,3.1787532385017077,13,0.995,15
550.13,GT-0020,-27828.066572532814,18986.463162084507,188.21629326922726,-68.6616846066496,49.93939070691081,3.622081190598185,49.93939070691081,3.622081190598185,49.93939070691081,3.622081190598185,13,0.965,15
550.13,GT-0022,-27800.3450785438,19051.759324978604,183.00024856055285,-68.34662507976128,172.65130436155442,6.371087926669854,172.65130436155442,6.371087926669854,172.65130436155442,6.371087926669854,9,0.907,1
551.55,GT-0020,-27560.103139882645,18889.434752234978,187.86081620749104,-68.29006655436928,51.00624741351978,3.016839610605986,51.00624741351978,3.016839610605986,51.00624741351978,3.016839610605986,13,0.991,15
551.55,GT-0022,-27540.484725587823,18954.707117365346,183.00024856055285,-68.34662507976128,175.7838966415138,6.617081030889548,175.7838966415138,6.617081030889548,175.7838966415138,6.617081030889548,9,0.88,1
553.54,GT-0020,-27085.084812160683,18618.05483925809,188.1223892149122,-68.98497550544509,39.67877452515957,0.6615089625700488,39.67877452515957,0.6615089625700488,39.67877452515957,0.6615089625700488,14,0.997,15
553.54,GT-0022,-27176.31423095232,18818.69733345662,183.00024856055285,-68.34662507976128,180.91337708803874,6.9471765033974995,180.91337708803874,6.9471765033974995,180.91337708803874,6.9471765033974995,9,0.854,1
554.64,GT-0020,-26878.150184024274,18542.1713662021,188.1223892149122,-68.98497550544509,39.698055795848965,1.7066323879384668,39.698055795848965,1.7066323879384668,39.698055795848965,1.7066323879384668,14,0.967,15
554.64,GT-0022,-27096.240926717925,18816.923745679447,188.84166759306032,-69.63220704050993,121.33852167046255,2.0227490304232627,121.33852167046255,2.0227490304232627,121.33852167046255,2.0227490304232627,10,0.964,2
556.69,GT-0020,-26534.32334848383,18451.559822412593,188.57652019270947,-69.02603191972268,39.671378228385386,0.6615012714426209,39.671378228385386,0.6615012714426209,39.671378228385386,0.6615012714426209,14,0.995,15
556.69,GT-0022,-26709.11550815214,18674.177721246397,188.84166759306032,-69.63220704050993,121.4363696235366,2.9502565380112973,121.4363696235366,2.9502565380112973,121.4363696235366,2.9502565380112973,10,0.935,2
558.96,GT-0020,-26106.254647646383,18294.870729954822,188.57652019270947,-69.02603191972268,39.81016458412298,2.3548001894258808,39.81016458412298,2.3548001894258808,39.81016458412298,2.3548001894258808,14,0.965,15
558.96,GT-0022,-26280.384317665994,18516.111547033557,188.8444078697246,-69.62976807757207,121.94247687440915,3.716183876164592,121.94247687440915,3.716183876164592,121.94247687440915,3.716183876164592,10,0.974,2
559.26,GT-0020,-26071.22588132844,18265.81386484206,188.6142697703822,-69.25315711294812,39.67133269037922,0.6614972933452614,39.67133269037922,0.6614972933452614,39.67133269037922,0.6614972933452614,14,0.995,15
559.26,GT-0022,-26223.730995305086,18495.22261661029,188.8444078697246,-69.62976807757207,122.04276904722062,3.805919416049897,122.04276904722062,3.805919416049897,122.04276904722062,3.805919416049897,10,0.945,2
562.14,GT-0020,-25528.00372215351,18066.362828042827,188.61783063733483,-69.25440202739806,39.96065467378174,2.6301708637139,39.96065467378174,2.6301708637139,39.96065467378174,2.6301708637139,14,0.991,15
562.14,GT-0022,-25679.85910064028,18294.688884546882,188.8444078697246,-69.62976807757207,123.61120010744078,4.578757757456227,123.61120010744078,4.578757757456227,123.61120010744078,4.578757757456227,10,0.917,2
562.37,GT-0020,-25484.62162110692,18050.434315576524,188.61783063733483,-69.25440202739806,40.026256218811795,2.726774426374423,40.026256218811795,2.726774426374423,40.026256218811795,2.726774426374423,14,0.962,15
562.37,GT-0022,-25636.465879632524,18278.653098712177,188.8513585147027,-69.63843751972017,123.81009379365487,4.6302154197105985,123.81009379365487,4.6302154197105985,123.81009379365487,4.6302154197105985,10,0.973,2
564.17,GT-0020,-25145.100334748273,17925.745848608618,188.6203900748813,-69.26090828216508,40.93798457441261,3.385914657656181,40.93798457441261,3.385914657656181,40.93798457441261,3.385914657656181,14,0.986,15
564.17,GT-0022,-25296.533434306068,18153.303911176685,188.8513585147027,-69.63843751972017,125.52972442510766,5.04865277405029,125.52972442510766,5.04865277405029,125.52972442510766,5.04865277405029,10,0.944,2
566.55,GT-0020,-24696.183806370056,17760.904886897064,188.6203900748813,-69.26090828216508,43.47446802004559,4.101148384163997,43.47446802004559,4.101148384163997,43.47446802004559,4.101148384163997,14,0.956,15
566.55,GT-0022,-24845.821691771882,17987.850091871387,189.03161991156622,-69.64287194486784,128.77276439269374,5.50468396902767,128.77276439269374,5.50468396902767,128.77276439269374,5.50468396902767,10,0.98,2
566.83,GT-0020,-24639.710504870895,17740.872385685456,189.25513156309103,-69.23474516651243,43.83865413415804,3.85340285193289,43.83865413415804,3.85340285193289,43.83865413415804,3.85340285193289,14,0.987,15
566.83,GT-0022,-24792.892838196625,17968.35008772682,189.03161991156622,-69.64287194486784,129.2238950596679,5.5616135787081085,129.2238950596679,5.5616135787081085,129.2238950596679,5.5616135787081085,10,0.95,2
569.76,GT-0020,-24085.14871109483,17537.97285527164,189.26211626884242,-69.24407979851708,49.033164332332014,4.625770120994175,49.033164332332014,4.625770120994175,49.033164332332014,4.625770120994175,13,0.99,15
569.76,GT-0022,-24239.030191855745,17764.29647292836,189.03161991156622,-69.64287194486784,135.0050699566926,6.125687357257984,135.0050699566926,6.125687357257984,135.0050699566926,6.125687357257984,10,0.922,2
571.36,GT-0020,-23782.32932506468,17427.18232759401,189.26211626884242,-69.24407979851708,53.05423671530161,4.999774916161978,53.05423671530161,4.999774916161978,53.05423671530161,4.999774916161978,13,0.96,15
571.36,GT-0022,-23936.609264830862,17652.90967253307,189.03044814793668,-69.64271746484309,139.08102002040874,6.415366849663321,139.08102002040874,6.415366849663321,139.08102002040874,6.415366849663321,10,0.954,3
572.74,GT-0020,-23517.885721535542,17333.7847662243,189.33565708881451,-69.17019257640447,54.563771021355706,3.906642839861864,54.563771021355706,3.906642839861864,54.563771021355706,3.906642839861864,13,0.985,15
572.74,GT-0022,-23675.74724638671,17556.80272243159,189.03044814793668,-69.64271746484309,143.04070359784313,6.652964137567485,143.04070359784313,6.652964137567485,143.04070359784313,6.652964137567485,9,0.925,3
575.72,GT-0020,-22935.68687812475,17118.838736498095,191.40476448353058,-70.45592362509706,59.948742057313055,3.910466071088941,59.948742057313055,3.910466071088941,59.948742057313055,3.910466071088941,13,0.991,15
575.72,GT-0022,-23112.436510905853,17349.267424386355,189.03044814793668,-69.64271746484309,153.17844699727627,7.139112817133451,153.17844699727627,7.139112817133451,153.17844699727627,7.139112817133451,9,0.897,3
576.44,GT-0020,-22797.89116083474,17068.128439109973,191.40316204584997,-70.45703717336448,61.26931941856583,4.109501878832174,61.26931941856583,4.109501878832174,61.26931941856583,4.109501878832174,12,0.991,16
576.44,GT-0022,-22976.334588239333,17299.124667811666,189.03044814793668,-69.64271746484309,155.95016058037487,7.251684757058816,155.95016058037487,7.251684757058816,155.95016058037487,7.251684757058816,9,0.871,3
577.58,GT-0020,-22578.11045068166,16988.882731035905,191.40824336605624,-70.45752054407694,63.207637142928284,3.952958157021992,63.207637142928284,3.952958157021992,63.207637142928284,3.952958157021992,12,0.992,16
580.61,GT-0020,-21983.299468871825,16775.22265332158,192.33411589047728,-71.0275388300368,68.40722021711146,3.9655980423087196,68.40722021711146,3.9655980423087196,68.40722021711146,3.9655980423087196,12,0.992,16
583.1,GT-0020,-21504.387520304535,16598.364081634787,192.33411589047728,-71.0275388300368,73.16668121156343,4.61827541763836,73.16668121156343,4.61827541763836,73.16668121156343,4.61827541763836,12,0.962,16
583.1,GT-0022,-21717.186972783016,16835.37971785956,189.04083547246523,-69.63716961407385,187.27824859548682,8.221809621189951,187.27824859548682,8.221809621189951,187.27824859548682,8.221809621189951,8,0.917,3
583.29,GT-0020,-21467.721105160566,16584.87992250642,192.34900982488136,-71.0281148492229,73.58874281348992,4.659430202779444,73.58874281348992,4.659430202779444,73.58874281348992,4.659430202779444,12,0.984,16
583.29,GT-0022,-21681.26921404326,16822.14865563289,189.04083547246523,-69.63716961407385,188.3108927006861,8.247766573266457,188.3108927006861,8.247766573266457,188.3108927006861,8.247766573266457,8,0.89,3
583.66,GT-0020,-21396.524744317627,16558.581272744967,192.3543023874305,-71.0283248525717,74.45101639371086,4.747810455184981,74.45101639371086,4.747810455184981,74.45101639371086,4.747810455184981,12,0.986,16
583.66,GT-0022,-21611.324104918447,16796.38290287568,189.04083547246523,-69.63716961407385,190.34285347575988,8.29808131118824,190.34285347575988,8.29808131118824,190.34285347575988,8.29808131118824,8,0.863,3
585.83,GT-0020,-20979.711490010457,16387.845408252237,192.17124395148073,-72.39828348524418,79.52723071429347,4.757528546027086,79.52723071429347,4.757528546027086,79.52723071429347,4.757528546027086,12,0.989,16
588.18,GT-0020,-20528.06321707774,16217.804693021877,192.1739417882859,-72.38783618083414,85.58052178687072,5.280692553629908,85.58052178687072,5.280692553629908,85.58052178687072,5.280692553629908,11,0.989,16
588.83,GT-0020,-20360.473460442277,16166.504880568991,195.53269639105542,-73.30279607547175,83.31835388269666,3.8229124787956934,83.31835388269666,3.8229124787956934,83.31835388269666,3.8229124787956934,11,0.991,16
591.13,GT-0020,-19906.050417472437,16002.554880348283,195.55226661455606,-72.59596519962423,86.62712423372452,3.9293671854467043,86.62712423372452,3.9293671854467043,86.62712423372452,3.9293671854467043,11,0.992,16
593.43,GT-0020,-19456.279215417508,15835.586464042559,195.55041411419285,-72.59300414524665,90.35055648257605,4.5419342047728355,90.35055648257605,4.5419342047728355,90.35055648257605,4.5419342047728355,11,0.986,16
593.51,GT-0020,-19386.957327471042,15840.177586715152,196.347816311183,-70.45645825362293,86.47230076458887,2.643885677220262,86.47230076458887,2.643885677220262,86.47230076458887,2.643885677220262,11,0.992,16
595.19,GT-0020,-19057.09299606824,15721.81073684906,196.347816311183,-70.45645825362293,87.45168586611138,3.2817878472275726,87.45168586611138,3.2817878472275726,87.45168586611138,3.2817878472275726,11,0.962,16
595.19,GT-0022,-19285.795422600044,15878.741620140794,193.8391289971338,-72.6976970475514,222.26112995657917,6.129156998760187,222.26112995657917,6.129156998760187,222.26112995657917,6.129156998760187,8,0.907,3
596.21,GT-0020,-18856.815301260176,15649.771731727602,196.34143348852993,-70.4756261522684,88.21549339337163,3.610538795641974,88.21549339337163,3.610538795641974,88.21549339337163,3.610538795641974,11,0.986,16
596.21,GT-0022,-19088.07951102297,15804.589969152294,193.8391289971338,-72.6976970475514,225.23783968315482,6.313601627870651,225.23783968315482,6.313601627870651,225.23783968315482,6.313601627870651,8,0.88,3
597.99,GT-0020,-18507.404490393077,15524.280183234632,196.34653259682418,-70.48273963583085,89.90691891197119,4.125158130907738,89.90691891197119,4.125158130907738,89.90691891197119,4.125158130907738,11,0.989,16
597.99,GT-0022,-18743.045861408078,15675.188068407655,193.8391289971338,-72.6976970475514,230.777373257772,6.623183940934365,230.777373257772,6.623183940934365,230.777373257772,6.623183940934365,8,0.853,3
599.53,GT-0020,-18204.207337805954,15414.412829693236,196.48190197570545,-70.67980219475385,91.78642200868678,4.4282878570227036,91.78642200868678,4.4282878570227036,91.78642200868678,4.4282878570227036,11,0.992,16
602.06,GT-0020,-17707.152903415066,15235.56352289124,196.4806379094593,-70.69158945140964,95.76781109194799,5.0235984110566845,95.76781109194799,5.0235984110566845,95.76781109194799,5.0235984110566845,11,0.991,16
604.04,GT-0020,-17082.94665024193,15178.243289131962,200.6394053609537,-76.42947193142581,69.386698578048,1.1567554475899873,69.386698578048,1.1567554475899873,69.386698578048,1.1567554475899873,12,0.994,17
604.13,GT-0020,-17064.88910375944,15171.36463665813,200.6394053609537,-76.42947193142581,69.3867886041054,1.2412023064469317,69.3867886041054,1.2412023064469317,69.3867886041054,1.2412023064469317,12,0.964,17
604.13,GT-0022,-17219.006614245445,15375.727449627044,200.87770286139684,-80.16804575200807,160.4516874013044,2.6747285139574717,160.4516874013044,2.6747285139574717,160.4516874013044,2.6747285139574717,9,0.941,3
606.73,GT-0020,-16543.237668855385,14972.637782069696,200.6382693293364,-76.43049054045659,69.59546310944623,2.7196668117924823,69.59546310944623,2.7196668117924823,69.59546310944623,2.7196668117924823,12,0.978,17
606.73,GT-0022,-16696.72458680581,15167.29053067182,200.87770286139684,-80.16804575200807,160.64458586259786,3.6061298677913967,160.64458586259786,3.6061298677913967,160.64458586259786,3.6061298677913967,9,0.912,3
607.18,GT-0020,-16452.945708835072,14938.053831004538,200.63303194751998,-76.46132338414375,69.69677855265122,2.8960570867020468,69.69677855265122,2.8960570867020468,69.69677855265122,2.8960570867020468,12,0.991,17
607.18,GT-0022,-16606.329620518194,15131.214910083421,200.87770286139684,-80.16804575200807,160.72659470419237,3.743884696859272,160.72659470419237,3.743884696859272,160.72659470419237,3.743884696859272,9,0.885,3
609.47,GT-0020,-15993.573559509536,14762.651957988177,200.6188185414934,-76.52696453762238,70.58245278564395,3.670762754524254,70.58245278564395,3.670762754524254,70.58245278564395,3.670762754524254,12,0.993,17
609.47,GT-0022,-16146.31968096558,14947.630085311317,200.87770286139684,-80.16804575200807,161.44276165207344,4.378261369924964,161.44276165207344,4.378261369924964,161.44276165207344,4.378261369924964,9,0.858,3
611.59,GT-0020,-15568.26166420157,14600.414793168417,200.6188185414934,-76.52696453762238,72.24839529350638,4.2713580041952115,72.24839529350638,4.2713580041952115,72.24839529350638,4.2713580041952115,12,0.963,17
611.59,GT-0022,-15635.702338163017,14783.84117105456,197.26134244188017,-96.84013356950464,160.4178161777669,2.6745569901994988,160.4178161777669,2.6745569901994988,160.4178161777669,2.6745569901994988,9,0.959,4
614.39,GT-0020,-15006.528972285396,14386.139292463078,200.6188185414934,-76.52696453762238,76.10823557340464,4.9542405270639005,76.10823557340464,4.9542405270639005,76.10823557340464,4.9542405270639005,12,0.934,17
614.39,GT-0022,-15074.680622663402,14067.807730195527,190.13389708423912,-99.53837338839578,160.41735423000432,2.674250739159993,160.41735423000432,2.674250739159993,160.41735423000432,2.674250739159993,9,0.983,4
615.66,GT-0020,-14751.743072737703,14288.950047500299,200.6188185414934,-76.52696453762238,78.56927003342274,5.234691891601869,78.56927003342274,5.234691891601869,78.56927003342274,5.234691891601869,12,0.906,17
615.66,GT-0022,-14833.26693029325,13941.557589557591,190.1317305963532,-99.53800635323358,160.5125227387286,3.164581589593386,160.5125227387286,3.164581589593386,160.5125227387286,3.164581589593386,9,0.986,4
616.55,GT-0020,-14573.192324235777,14220.841049061815,200.6188185414934,-76.52696453762238,80.5731116466605,5.422591557549059,80.5731116466605,5.422591557549059,80.5731116466605,5.422591557549059,11,0.879,17
616.55,GT-0022,-14629.27441386321,13756.319403054553,188.90505968390414,-103.2490741419956,91.76738853835593,1.5295580518135097,91.76738853835593,1.5295580518135097,91.76738853835593,1.5295580518135097,11,0.992,4
617.27,GT-0020,-14428.746774885896,14165.741634594726,200.6188185414934,-76.52696453762238,82.36472303971613,5.569964021428001,82.36472303971613,5.569964021428001,82.36472303971613,5.569964021428001,11,0.853,17
617.27,GT-0022,-14493.314332699803,13681.96073528516,188.90590083228338,-103.25062670828396,91.81678589458984,1.9906814512506887,91.81678589458984,1.9906814512506887,91.81678589458984,1.9906814512506887,11,0.988,5
618.66,GT-0022,-14230.703811833213,13538.471671602148,188.89685919911668,-103.26116177450074,91.92335085389712,2.6617796499827375,91.92335085389712,2.6617796499827375,91.92335085389712,2.6617796499827375,11,0.991,5
621.48,GT-0022,-13698.014668891694,13247.275195398051,188.89685919911668,-103.26116177450074,92.62355862041653,3.6647061144193183,92.62355862041653,3.6647061144193183,92.62355862041653,3.6647061144193183,11,0.962,5
622.73,GT-0022,-13461.893594892797,13118.198743179926,188.89685919911668,-103.26116177450074,93.2670223472552,4.030207302988562,93.2670223472552,4.030207302988562,93.2670223472552,4.030207302988562,11,0.933,5
622.73,GT-0023,-13642.795740852416,13207.63006300464,177.7850142242051,-119.51951513628268,91.80753843828326,2.270382727949538,91.80753843828326,2.270382727949538,91.80753843828326,2.270382727949538,11,0.858,2
624.6,GT-0022,-13108.65646819045,12925.10037066161,188.89685919911668,-103.26116177450074,94.73731272760666,4.522175461551923,94.73731272760666,4.522175461551923,94.73731272760666,4.522175461551923,11,0.905,5
624.6,GT-0023,-13310.435927340222,12983.910288786863,177.78722262775474,-119.5325752529264,92.0467644720042,3.057773586592503,92.0467644720042,3.057773586592503,92.0467644720042,3.057773586592503,11,0.965,2
626.8,GT-0022,-12693.083377952405,12697.925814757715,188.89685919911668,-103.26116177450074,97.39448448659016,5.039848301790659,97.39448448659016,5.039848301790659,97.39448448659016,5.039848301790659,11,0.878,5
626.8,GT-0023,-12919.448780407041,12720.655405204767,177.75462219431583,-119.58053387896734,92.78546199423455,3.7767710481696457,92.78546199423455,3.7767710481696457,92.78546199423455,3.7767710481696457,11,0.986,2
629.31,GT-0022,-12218.952261362625,12438.740298703719,188.89685919911668,-103.26116177450074,101.83899809045347,5.572034718580114,101.83899809045347,5.572034718580114,101.83899809045347,5.572034718580114,11,0.851,5
629.31,GT-0023,-12473.307458359264,12420.436296089543,177.7384913509261,-119.59714404467394,94.53602041636663,4.458195311650935,94.53602041636663,4.458195311650935,94.53602041636663,4.458195311650935,11,0.99,2
630.64,GT-0022,-11967.925385818824,12301.248060414495,188.8773960157983,-103.28221715349878,104.89463155321026,5.834666767594701,104.89463155321026,5.834666767594701,104.89463155321026,5.834666767594701,11,0.941,5
630.64,GT-0023,-12236.915264862526,12261.372094510121,177.7384913509261,-119.59714404467394,95.94207537686434,4.782050338173623,95.94207537686434,4.782050338173623,95.94207537686434,4.782050338173623,11,0.96,2
632.3,GT-0022,-11654.388908432606,12129.79957993969,188.8773960157983,-103.28221715349878,109.3206108401261,6.146408405636085,109.3206108401261,6.146408405636085,109.3206108401261,6.146408405636085,10,0.913,5
632.3,GT-0023,-11963.516199376587,12026.269575572413,174.64412441407194,-124.39073651063649,97.93980308984315,4.508711114018459,97.93980308984315,4.508711114018459,97.93980308984315,4.508711114018459,11,0.985,2
634.86,GT-0022,-11170.86277463215,11865.397104026728,188.8773960157983,-103.28221715349878,117.59491490597208,6.598358605658991,117.59491490597208,6.598358605658991,117.59491490597208,6.598358605658991,10,0.885,5
634.86,GT-0023,-11516.478727464339,11707.776756111598,174.63909680953776,-124.39541077671242,101.67787823440878,5.10924229575624,101.67787823440878,5.10924229575624,101.67787823440878,5.10924229575624,11,0.984,3
634.98,GT-0022,-11148.197487110254,11853.003237968307,188.8773960157983,-103.28221715349878,118.02537191374797,6.618786617566249,118.02537191374797,6.618786617566249,118.02537191374797,6.618786617566249,10,0.859,5
634.98,GT-0023,-11530.967650393874,11640.188787712203,171.10053837098062,-131.3605760365821,101.05666640283994,4.195951075210841,101.05666640283994,4.195951075210841,101.05666640283994,4.195951075210841,11,0.99,3
637.8,GT-0023,-11251.340714008315,11125.196147486564,163.64350809601774,-138.23290972763007,91.74277145405672,1.5296235742983548,91.74277145405672,1.5296235742983548,91.74277145405672,1.5296235742983548,11,0.993,3
640.32,GT-0023,-10838.979471752902,10776.857823226628,163.64593524097833,-138.2332386221864,91.93408206717339,2.8314042269152595,91.93408206717339,2.8314042269152595,91.93408206717339,2.8314042269152595,11,0.986,4
640.55,GT-0023,-10801.226427255973,10744.955643378737,163.6557788180546,-138.2281072168854,91.98849712945682,2.919761340219386,91.98849712945682,2.919761340219386,91.98849712945682,2.919761340219386,11,0.991,4
643.28,GT-0023,-10354.346408700374,10367.480032534244,163.6643724882586,-138.21712698699898,92.87268356584272,3.824822981096387,92.87268356584272,3.824822981096387,92.87268356584272,3.824822981096387,11,0.992,4
645.2,GT-0023,-10040.115993467958,10102.059446209169,163.66236276867235,-138.2177600077285,94.18671034630826,4.354174647817578,94.18671034630826,4.354174647817578,94.18671034630826,4.354174647817578,11,0.987,5
646.45,GT-0023,-9675.356138021314,9926.59108630954,164.15241342822802,-139.11846503775774,91.73730024648066,1.5296205808938006,91.73730024648066,1.5296205808938006,91.73730024648066,1.5296205808938006,11,0.992,5
649.11,GT-0023,-9295.134818653736,9473.626198124051,163.99904583947773,-138.6100012718222,52.4781318364308,0.8747388542698108,52.4781318364308,0.8747388542698108,52.4781318364308,0.8747388542698108,13,0.996,5
649.49,GT-0023,-9232.815229296466,9420.966152211533,163.9986923053857,-138.61046680411462,52.50540930051684,1.2734703931514135,52.50540930051684,1.2734703931514135,52.50540930051684,1.2734703931514135,13,0.988,5
651.31,GT-0023,-8934.369345019642,9168.71737917521,164.00184348433547,-138.6129702915182,52.63662545142392,2.390487965282713,52.63662545142392,2.390487965282713,52.63662545142392,2.390487965282713,13,0.991,5
651.5,GT-0023,-8903.251392468288,9142.355133049125,164.00247113977662,-138.61899666348705,52.67509732237059,2.473820990075622,52.67509732237059,2.473820990075622,52.67509732237059,2.473820990075622,13,0.994,5
653.67,GT-0023,-8502.726807105717,8770.381731840886,165.68563696191546,-139.27828050027622,52.460638195005096,0.8747480949306924,52.460638195005096,0.8747480949306924,52.460638195005096,0.8747480949306924,13,0.996,5
656.16,GT-0023,-8178.406973166294,8333.609466356529,165.1295462463167,-138.5649969774332,52.46039668567919,0.8747263044036123,52.46039668567919,0.8747263044036123,52.46039668567919,0.8747263044036123,13,0.996,5
658.55,GT-0023,-7742.512855054542,8144.008086586425,163.30051150127505,-139.71971032490174,39.679844118666566,0.6614970773113398,39.679844118666566,0.6614970773113398,39.679844118666566,0.6614970773113398,14,0.997,5
658.86,GT-0023,-7691.965651086435,8100.719654604638,163.30249003613727,-139.7179316363278,39.694092838092146,1.0654814432800417,39.694092838092146,1.0654814432800417,39.694092838092146,1.0654814432800417,14,0.995,5
661.37,GT-0023,-7282.097398276283,7750.017323956006,163.30720323090438,-139.72660356191392,39.96065968487703,2.599047233226072,39.96065968487703,2.599047233226072,39.96065968487703,2.599047233226072,14,0.995,5
664.34,GT-0023,-6796.185263904234,7336.070833836669,163.87766911629615,-139.96966618901112,41.378156001347456,2.7019323723659716,41.378156001347456,2.7019323723659716,41.378156001347456,2.7019323723659716,14,0.996,5
665.03,GT-0023,-6683.122355063403,7239.5056241294415,163.8770384439035,-139.9674412260241,41.79323365782527,2.9758230389535476,41.79323365782527,2.9758230389535476,41.79323365782527,2.9758230389535476,14,0.991,5
666.98,GT-0023,-6361.827843159076,6972.489778215836,164.20653646115807,-138.8298088201558,42.84321919251762,2.4515820453169455,42.84321919251762,2.4515820453169455,42.84321919251762,2.4515820453169455,14,0.996,5
668.83,GT-0023,-6058.085491753481,6715.665828704581,164.20268728678613,-138.82878776584542,44.04216948463228,3.1887894640578636,44.04216948463228,3.1887894640578636,44.04216948463228,3.1887894640578636,14,0.992,5
669.86,GT-0023,-5892.895604313748,6570.352173277827,163.86842765551722,-138.63598320348584,44.348083848002894,2.362311767251199,44.348083848002894,2.362311767251199,44.348083848002894,2.362311767251199,14,0.996,5
670.0,GT-0023,-5869.963508616474,6550.9427368552315,163.86805104197424,-138.6365515787009,44.434648637680596,2.4291803702384525,44.434648637680596,2.4291803702384525,44.434648637680596,2.4291803702384525,14,0.987,6
673.07,GT-0023,-5348.8831195106795,6091.597142690909,163.2239578512566,-141.25398179228878,39.67544098554721,0.6615084106468854,39.67544098554721,0.6615084106468854,39.67544098554721,0.6615084106468854,14,0.997,6
674.4,GT-0023,-5131.811882134969,5903.722979950759,163.21894690335594,-141.2525561199071,39.723668718793355,1.8516157388876493,39.723668718793355,1.8516157388876493,39.723668718793355,1.8516157388876493,14,0.994,6
675.55,GT-0023,-4867.291054940491,5703.969744243654,163.0265290146835,-140.7720848878997,39.67134833195443,0.6614965106842956,39.67134833195443,0.6614965106842956,39.67134833195443,0.6614965106842956,14,0.997,6
677.66,GT-0023,-4523.292300334088,5406.92208648352,163.02213261901866,-140.77608667198035,39.79767313829286,2.2737850914883615,39.79767313829286,2.2737850914883615,39.79767313829286,2.2737850914883615,14,0.995,6
679.86,GT-0023,-4164.640759523142,5097.108245212883,163.00277551543815,-140.8056409309801,40.541161422737694,3.170732301415697,40.541161422737694,3.170732301415697,40.541161422737694,3.170732301415697,14,0.995,6
682.04,GT-0023,-3739.039945418644,4684.683074190512,159.7526270415564,-141.95934848982907,39.671989579879096,0.6615101520051101,39.671989579879096,0.6615101520051101,39.671989579879096,0.6615101520051101,14,0.997,6
683.69,GT-0023,-3475.4481108000614,4450.450149182281,159.7526270415564,-141.95934848982907,39.72948368859692,2.037178362639371,39.72948368859692,2.037178362639371,39.72948368859692,2.037178362639371,14,0.967,6
684.27,GT-0023,-3382.7849009770093,4368.100078432061,159.747273776796,-141.95802890463966,39.822817701534305,2.3358924685611284,39.822817701534305,2.3358924685611284,39.822817701534305,2.3358924685611284,14,0.985,6
684.86,GT-0023,-3288.552047238951,4284.343881101791,159.74903650629162,-141.9605681530745,39.96446132364645,2.604656850787032,39.96446132364645,2.604656850787032,39.96446132364645,2.604656850787032,14,0.989,7
686.28,GT-0023,-3061.708517933062,4082.7421903977447,159.74790464814433,-141.9669327981157,40.53869456018715,3.1583611571067376,40.53869456018715,3.1583611571067376,40.53869456018715,3.1583611571067376,14,0.99,7
688.57,GT-0023,-2695.9716276081845,3757.4905287592105,159.7194367903793,-142.0072639183689,42.498608430079464,3.8787413253503717,42.498608430079464,3.8787413253503717,42.498608430079464,3.8787413253503717,14,0.993,7
690.05,GT-0023,-2459.628263292128,3547.2522461734175,159.71378647312656,-142.01900089088068,44.63333532850848,4.283164292108127,44.63333532850848,4.283164292108127,44.63333532850848,4.283164292108127,14,0.991,7
690.65,GT-0023,-2365.2130362146986,3460.690535374311,159.41097170392908,-142.29776394457988,45.707696849197134,4.371518057862954,45.707696849197134,4.371518057862954,45.707696849197134,4.371518057862954,13,0.992,7
693.04,GT-0023,-1990.3006199410802,3115.77286035887,158.3840244110502,-143.19065748241036,51.06221523900619,4.804687813212725,51.06221523900619,4.804687813212725,51.06221523900619,4.804687813212725,13,0.991,7
695.04,GT-0023,-1733.6013919604923,2787.7289835329902,149.88465716601144,-149.1613795715041,54.328725720675145,3.9191283279763973,54.328725720675145,3.9191283279763973,54.328725720675145,3.9191283279763973,13,0.992,7
695.78,GT-0023,-1622.7431733464775,2677.353445543381,149.87722487907615,-149.16228096195408,55.742760768469985,4.127625857763256,55.742760768469985,4.127625857763256,55.742760768469985,4.127625857763256,13,0.986,7
697.49,GT-0023,-1366.7514815792576,2422.03480632943,149.8336132234059,-149.19694138425746,59.4569889040435,4.565497377941474,59.4569889040435,4.565497377941474,59.4569889040435,4.565497377941474,13,0.989,7
699.81,GT-0023,-1019.1374989009655,2075.8979023179622,149.8336132234059,-149.19694138425746,65.67555519412927,5.10526848539725,65.67555519412927,5.10526848539725,65.67555519412927,5.10526848539725,12,0.96,7
701.5,GT-0023,-765.9186925534013,1823.755071378559,149.8336132234059,-149.19694138425746,71.08830003080234,5.465003779320784,71.08830003080234,5.465003779320784,71.08830003080234,5.465003779320784,12,0.931,7
701.5,GT-0025,-674.3227748054627,1375.551193075062,132.46289666782278,-174.97512888563926,160.4173284456586,2.6740883451444257,160.4173284456586,2.6740883451444257,160.4173284456586,2.6740883451444257,9,0.875,1
701.61,GT-0023,-749.4369950988247,1807.3434078262887,149.8336132234059,-149.19694138425746,71.46613468331908,5.48760114330392,71.46613468331908,5.48760114330392,71.46613468331908,5.48760114330392,12,0.903,7
701.61,GT-0025,-659.7278842166683,1356.397428872016,132.46084282204254,-174.97576780408008,160.483244983427,2.721076099169037,160.483244983427,2.721076099169037,160.483244983427,2.721076099169037,9,0.949,2
703.8,GT-0023,-421.3013821395746,1480.6021061947738,149.8336132234059,-149.19694138425746,79.61967550567715,5.919566395268352,79.61967550567715,5.919566395268352,79.61967550567715,5.919566395268352,12,0.876,7
703.8,GT-0025,-594.8472855891347,1007.4314653703585,128.72406132450052,-181.6991539735741,160.41740567717963,2.674186201056128,160.41740567717963,2.674186201056128,160.41740567717963,2.674186201056128,9,0.981,2
705.87,GT-0025,-328.3805936669089,631.3338399805418,128.72339602682462,-181.70219360958134,160.60591467757231,3.4378133121675463,160.60591467757231,3.4378133121675463,160.60591467757231,3.4378133121675463,9,0.982,2
706.39,GT-0025,-255.72307328605683,630.8576285155951,117.30260720715206,-185.74072384987878,160.41741978068646,2.6742253721791376,160.41741978068646,2.6742253721791376,160.41741978068646,2.6742253721791376,9,0.988,2
706.64,GT-0025,-226.43508589567548,584.4032589917142,117.303085385484,-185.74015432098372,160.49684034434677,2.778751534512433,160.49684034434677,2.778751534512433,160.49684034434677,2.778751534512433,9,0.982,3
709.47,GT-0025,-150.9085622373224,250.72483010631746,116.26293664636464,-187.61986447470736,160.41744192583516,2.674282710065991,160.41744192583516,2.674282710065991,160.41744192583516,2.674282710065991,9,0.988,3
712.19,GT-0025,164.98433321488093,-259.78226253712376,116.25910362236979,-187.61934807781887,160.68376417309022,3.643765194915772,160.68376417309022,3.643765194915772,160.68376417309022,3.643765194915772,9,0.987,3
712.3,GT-0025,72.78215587865603,-489.73566206166697,110.92649160360915,-187.9102565759086,91.76739192080088,1.5295746268348305,91.76739192080088,1.5295746268348305,91.76739192080088,1.5295746268348305,11,0.992,3
714.71,GT-0025,382.32723572813654,-848.2317515574169,110.70881760907314,-185.8509309792932,91.73636629697175,1.5294756374259468,91.73636629697175,1.5294756374259468,91.73636629697175,1.5294756374259468,11,0.993,3
716.02,GT-0025,527.3474943189191,-1091.668682103397,110.70858297980409,-185.85062132754786,91.81264916035299,2.3004058376070526,91.81264916035299,2.3004058376070526,91.81264916035299,2.3004058376070526,11,0.985,3
717.28,GT-0025,666.9046154639833,-1325.838964468839,110.71107377116692,-185.84918668294608,91.966086800892,2.850568520740059,91.966086800892,2.850568520740059,91.966086800892,2.850568520740059,11,0.989,3
719.41,GT-0025,1107.15344439371,-1655.7731924032694,113.62148992730793,-186.4843021021483,91.73654809208551,1.5295670697524586,91.73654809208551,1.5295670697524586,91.73654809208551,1.5295670697524586,11,0.993,3
720.5,GT-0025,1231.0332772899585,-1859.0448660944937,113.62114852577398,-186.48444370036793,91.80040807811392,2.1900442404709,91.80040807811392,2.1900442404709,91.80040807811392,2.1900442404709,11,0.987,4
721.77,GT-0025,1326.6896592800092,-2197.7355261584316,110.03602105342797,-185.86296895671202,69.38729976537721,1.1566854809764142,69.38729976537721,1.1566854809764142,69.38729976537721,1.1566854809764142,12,0.994,4
724.82,GT-0025,1662.2276928421497,-2764.568333546039,110.04202058455307,-185.85631005279402,69.64414906620416,2.860027872968369,69.64414906620416,2.860027872968369,69.64414906620416,2.860027872968369,12,0.994,4
725.04,GT-0025,1686.4331878986868,-2805.445265106585,110.04122377467606,-185.85801884582116,69.72710860717412,2.9465813775756975,69.72710860717412,2.9465813775756975,69.72710860717412,2.9465813775756975,12,0.987,4
725.78,GT-0025,1694.1826277656146,-2840.89440633718,108.88305139322428,-186.4244688629976,69.37251106207722,1.1567113520574508,69.37251106207722,1.1567113520574508,69.37251106207722,1.1567113520574508,12,0.994,5
728.42,GT-0025,2124.691329439827,-3460.311831522144,111.01813322080795,-184.60331513946147,69.3723649186645,1.1566800547498548,69.3723649186645,1.1566800547498548,69.3723649186645,1.1566800547498548,12,0.995,5
730.13,GT-0025,2314.4446661315765,-3775.8786204500466,111.01386116225343,-184.60623381240026,69.44244827102128,2.275754449024985,69.44244827102128,2.275754449024985,69.44244827102128,2.275754449024985,12,0.994,5
731.12,GT-0025,2256.3668235678956,-3915.1335009138197,109.58175882933475,-186.14838156939987,69.3723821493177,1.1566818962838348,69.3723821493177,1.1566818962838348,69.3723821493177,1.1566818962838348,12,0.995,5
734.2,GT-0025,2671.037868758309,-4527.623468058933,110.71885791901727,-185.63600591761545,39.684729999621645,0.6615031685505851,39.684729999621645,0.6615031685505851,39.684729999621645,0.6615031685505851,14,0.997,5
735.73,GT-0025,2840.4437496041533,-4811.681485486901,110.7227347525778,-185.63581634892944,39.73980654713649,1.965767015140369,39.73980654713649,1.965767015140369,39.73980654713649,1.965767015140369,14,0.996,5
737.1,GT-0025,2992.1359032458668,-5065.991662688288,110.72152259450897,-185.6335243464595,39.9873153625963,2.6362558705876897,39.9873153625963,2.6362558705876897,39.9873153625963,2.6362558705876897,14,0.991,5
738.56,GT-0025,3153.940731572742,-5337.551575657636,110.70934361112958,-185.74431466684172,40.59154909004444,3.0272428778643716,40.59154909004444,3.0272428778643716,40.59154909004444,3.0272428778643716,14,0.996,5
739.26,GT-0025,3231.4452215202837,-5467.499611038551,110.72191662597612,-185.73530456002288,41.011302647153684,3.265515682279565,41.011302647153684,3.265515682279565,41.011302647153684,3.265515682279565,14,0.995,6
741.36,GT-0025,3464.9424144328304,-5855.49899164049,110.54612832316428,-185.23486467721978,42.826724324512284,3.2744560131237384,42.826724324512284,3.2744560131237384,42.826724324512284,3.2744560131237384,14,0.995,6
742.91,GT-0025,3633.4114078634643,-6142.4172562841995,110.47050460344207,-185.55131011501913,43.45500764418173,2.341137645088291,43.45500764418173,2.341137645088291,43.45500764418173,2.341137645088291,14,0.996,6
745.33,GT-0025,3900.9244422602906,-6591.546158498659,110.48019020260372,-185.45709900794427,45.06842882404802,3.222617150712716,45.06842882404802,3.222617150712716,45.06842882404802,3.222617150712716,14,0.995,6
745.67,GT-0025,3938.488428012475,-6654.60434787927,110.48079121854151,-185.45796172675279,45.39271828370599,3.3403861977731406,45.39271828370599,3.3403861977731406,45.39271828370599,3.3403861977731406,14,0.988,6
745.71,GT-0025,3942.8918004127954,-6661.989633063647,110.47674803182372,-185.45419315503415,45.450213685138074,3.3539935989280854,45.450213685138074,3.3539935989280854,45.450213685138074,3.3539935989280854,14,0.989,6
747.67,GT-0025,4183.32767808501,-7008.4800160660225,110.52390415891435,-184.40707351453307,39.67536242494809,0.6615101527605691,39.67536242494809,0.6615101527605691,39.67536242494809,0.6615101527605691,14,0.997,6
750.08,GT-0025,4449.663910406654,-7452.894175532156,110.52278331128784,-184.41799067993142,39.85540542841784,2.418929426403435,39.85540542841784,2.418929426403435,39.85540542841784,2.418929426403435,14,0.994,6
750.78,GT-0025,4527.0632169867,-7581.99751933912,110.52336719862171,-184.41950467129837,40.039353708754916,2.718881180788515,40.039353708754916,2.718881180788515,40.039353708754916,2.718881180788515,14,0.995,6
753.71,GT-0025,4851.497110509786,-8123.657646864879,110.49206262020319,-184.66898180144696,41.89520284480722,3.4567177239406974,41.89520284480722,3.4567177239406974,41.89520284480722,3.4567177239406974,14,0.995,6
755.56,GT-0025,5055.933296187185,-8465.294811565156,110.50160319448433,-184.66363481093168,44.02493647854337,4.007944818684568,44.02493647854337,4.007944818684568,44.02493647854337,4.007944818684568,14,0.993,6
756.24,GT-0025,5201.913313664273,-8619.601325934183,112.55638996590683,-185.21626357708286,39.672966860041164,0.661511097017976,39.672966860041164,0.661511097017976,39.672966860041164,0.661511097017976,14,0.997,6
757.15,GT-0025,5304.337862607337,-8788.147936230149,112.55674946444977,-185.21636224584813,39.704503555570824,1.577181653584676,39.704503555570824,1.577181653584676,39.704503555570824,1.577181653584676,14,0.988,6
758.84,GT-0025,5565.560826176279,-9166.445324422284,112.49111210379651,-186.19700019662358,39.671355766900625,0.6614975497659764,39.671355766900625,0.6614975497659764,39.671355766900625,0.6614975497659764,14,0.997,6
761.41,GT-0025,5854.6314102177375,-9644.918882557495,112.4806409081014,-186.204466779756,39.88053863857184,2.4894358531927416,39.88053863857184,2.4894358531927416,39.88053863857184,2.4894358531927416,14,0.995,6
761.59,GT-0025,5874.907047451728,-9678.432110631802,112.48182146345953,-186.1955634412574,39.928475883486385,2.5596730111185435,39.928475883486385,2.5596730111185435,39.928475883486385,2.5596730111185435,14,0.996,6
763.76,GT-0025,6118.963682594986,-10082.472247290354,112.47244020026244,-186.1911245066299,40.92559114285102,3.368682661161674,40.92559114285102,3.368682661161674,40.92559114285102,3.368682661161674,14,0.995,6
765.91,GT-0025,6358.715037377482,-10481.566006123232,112.07902341189592,-186.223700808752,42.82927527780812,3.2561510346132057,42.82927527780812,3.2561510346132057,42.82927527780812,3.2561510346132057,14,0.995,6
768.42,GT-0025,6640.10518034019,-10949.027528025821,112.09344455653581,-186.23147921322314,45.854758541565914,4.025071158646202,45.854758541565914,4.025071158646202,45.854758541565914,4.025071158646202,13,0.993,7
768.81,GT-0025,6680.481753413061,-11031.565227549321,111.49663477985183,-186.53177171911994,44.36738640898076,2.1994797124977996,44.36738640898076,2.1994797124977996,44.36738640898076,2.1994797124977996,14,0.996,7
768.92,GT-0025,6692.744864434344,-11052.092702991866,111.49588240051818,-186.53348842872816,44.43913768382558,2.2557123040530267,44.43913768382558,2.2557123040530267,44.43913768382558,2.2557123040530267,14,0.991,7
771.49,GT-0025,6952.9033029091715,-11546.169816057172,114.56247572056883,-187.67005221081126,39.675307021833014,0.6615064173517593,39.675307021833014,0.6615064173517593,39.675307021833014,0.6615064173517593,14,0.997,7
772.91,GT-0025,7115.580956230695,-11812.614038682252,114.55757227154412,-187.66998298974542,39.72971520322868,1.905404585055008,39.72971520322868,1.905404585055008,39.72971520322868,1.905404585055008,14,0.994,7
773.6,GT-0025,7194.68340464385,-11942.135499425109,114.55530884033857,-187.67218720774488,39.81777780524035,2.273345827862302,39.81777780524035,2.273345827862302,39.81777780524035,2.273345827862302,14,0.995,7
775.25,GT-0025,7447.707732141882,-12318.969677903136,112.8541592084033,-189.23394992676808,39.671461022965204,0.6615041244145782,39.671461022965204,0.6615041244145782,39.671461022965204,0.6615041244145782,14,0.997,7
777.55,GT-0025,7707.2675733311835,-12754.21046774863,112.85407441444535,-189.23670541086605,39.8350002116596,2.3699740653220163,39.8350002116596,2.3699740653220163,39.8350002116596,2.3699740653220163,14,0.99,7
777.64,GT-0025,7717.397473133289,-12771.174077343338,112.85006604582021,-189.23687660984672,39.86421801490271,2.408257197513681,39.86421801490271,2.408257197513681,39.86421801490271,2.408257197513681,14,0.994,7
778.14,GT-0025,7773.908617270219,-12865.7309677989,112.86012435680644,-189.23557929296442,39.98345940190868,2.6208740862410456,39.98345940190868,2.6208740862410456,39.98345940190868,2.6208740862410456,14,0.996,7
780.18,GT-0025,8004.151594856567,-13251.774588821514,112.86743187001589,-189.23742517809154,40.95874541735789,3.378472657897845,40.95874541735789,3.378472657897845,40.95874541735789,3.378472657897845,14,0.994,7
780.37,GT-0025,8025.597812940065,-13287.708547137161,112.87319034571956,-189.24025162084502,41.116302729721944,3.440018051800254,41.116302729721944,3.440018051800254,41.116302729721944,3.440018051800254,14,0.991,7
782.62,GT-0025,8279.66341419165,-13713.493475029198,112.89544539037252,-189.23766356644524,43.59504488978748,4.104008056797541,43.59504488978748,4.104008056797541,43.59504488978748,4.104008056797541,14,0.992,7
783.83,GT-0025,8416.24266098153,-13942.48200305919,112.89250094096337,-189.24286918155929,45.6166125358993,4.419393050148908,45.6166125358993,4.419393050148908,45.6166125358993,4.419393050148908,14,0.991,7
785.0,GT-0025,8551.42068240949,-14167.321391525546,113.49836688550204,-189.53445336204163,47.80468944844317,4.218155798702375,47.80468944844317,4.218155798702375,47.80468944844317,4.218155798702375,13,0.992,7
787.16,GT-0025,8795.878111183949,-14579.169095379608,113.17914845074478,-189.5478517001281,51.81793852233295,4.0470496934822275,51.81793852233295,4.0470496934822275,51.81793852233295,4.0470496934822275,13,0.992,7
788.84,GT-0025,8986.078550477449,-14897.648848349894,113.19042259146795,-189.55438743684704,55.227413782689126,4.485668327425282,55.227413782689126,4.485668327425282,55.227413782689126,4.485668327425282,13,0.991,7
789.08,GT-0025,9013.232939824567,-14943.14355584151,113.18951013736279,-189.5553686328543,55.79468053891511,4.545563414346347,55.79468053891511,4.545563414346347,55.79468053891511,4.545563414346347,13,0.988,7
791.77,GT-0025,9325.849470774097,-15473.536553071426,114.16111515064924,-192.34695615266781,60.438109858100965,3.871766203054578,60.438109858100965,3.871766203054578,60.438109858100965,3.871766203054578,12,0.991,7
794.57,GT-0025,9645.474553510627,-16012.126126425981,114.14996494762602,-192.34708803205444,66.1505713220308,4.609492038383562,66.1505713220308,4.609492038383562,66.1505713220308,4.609492038383562,12,0.991,7
797.51,GT-0025,9998.976702585,-16575.253312140005,115.54897877368762,-191.87055759161683,73.24176425894785,4.639527794776369,73.24176425894785,4.639527794776369,73.24176425894785,4.639527794776369,12,0.991,7
799.9,GT-0025,10275.146322227713,-17033.82092995497,115.54683733849026,-191.8707421933483,79.55710667549855,5.1861169015539454,79.55710667549855,5.1861169015539454,79.55710667549855,5.1861169015539454,12,0.988,8
800.31,GT-0025,10344.611695044807,-17089.089186698584,116.41112805919343,-191.47336771039426,73.40395230250402,2.9455015151736132,73.40395230250402,2.9455015151736132,73.40395230250402,2.9455015151736132,12,0.993,8
802.54,GT-0025,10604.251882619808,-17516.106531347785,116.40723722158333,-191.47687253722594,75.7588647465243,3.696026657050834,75.7588647465243,3.696026657050834,75.7588647465243,3.696026657050834,12,0.992,8
804.33,GT-0025,10812.638619634521,-17858.780612291528,116.41264123638686,-191.47283830134526,78.21783421427516,4.202541906538288,78.21783421427516,4.202541906538288,78.21783421427516,4.202541906538288,12,0.991,8
805.2,GT-0025,10940.69859145736,-18042.21987384537,119.41414369622754,-191.58059690989987,77.85321957944564,3.1452092980088775,77.85321957944564,3.1452092980088775,77.85321957944564,3.1452092980088775,12,0.993,8
807.29,GT-0025,11190.273095885172,-18442.627412713136,119.41553472870442,-191.5804665600485,79.86278594716615,3.8219960008538973,79.86278594716615,3.8219960008538973,79.86278594716615,3.8219960008538973,11,0.985,9
808.53,GT-0025,11332.112293861119,-18676.067373863523,118.86132513069103,-192.32884527761345,80.49158083410327,3.1961561192303156,80.49158083410327,3.1961561192303156,80.49158083410327,3.1961561192303156,11,0.992,9
811.15,GT-0025,11657.761816940485,-19180.716785071352,118.76819997615125,-192.79291717365476,82.33661347662392,3.2033997151040863,82.33661347662392,3.2033997151040863,82.33661347662392,3.2033997151040863,11,0.993,9
813.09,GT-0025,11900.763689589452,-19552.31510910749,119.18657052643714,-191.84364833461373,83.59134347373923,3.2046762868567176,83.59134347373923,3.2046762868567176,83.59134347373923,3.2046762868567176,11,0.993,9
814.26,GT-0025,12040.201743535064,-19776.78370085185,119.18367613661508,-191.84309762794538,84.44416010802966,3.5931909331166647,84.44416010802966,3.5931909331166647,84.44416010802966,3.5931909331166647,11,0.988,10
815.51,GT-0025,12189.166954146809,-20016.584477075743,119.18134079904362,-191.8480089770776,85.57387628496498,3.9664573626485446,85.57387628496498,3.9664573626485446,85.57387628496498,3.9664573626485446,11,0.986,10
815.67,GT-0025,12208.413495209072,-20047.312240516072,119.18737113628123,-191.84739097766268,85.74305921816769,4.005606099543823,85.74305921816769,4.005606099543823,85.74305921816769,4.005606099543823,11,0.991,10
818.01,GT-0025,12486.150771591441,-20495.24962413787,119.00951148066041,-191.7818837982611,88.58754051728488,4.480821743942306,88.58754051728488,4.480821743942306,88.58754051728488,4.480821743942306,11,0.992,10
819.43,GT-0025,12655.13139977252,-20767.575967588724,119.00609337644434,-191.7798280072705,90.78414938977998,4.825757898432496,90.78414938977998,4.825757898432496,90.78414938977998,4.825757898432496,11,0.986,10
821.79,GT-0025,12935.899241970157,-21220.15203767169,119.0012674346575,-191.77646505321968,95.41643321726127,5.346821726323015,95.41643321726127,5.346821726323015,95.41643321726127,5.346821726323015,11,0.987,10
823.01,GT-0025,13084.616245631196,-21452.671342628168,119.36629586644955,-191.6480097296958,97.98926057472609,5.131540696215075,97.98926057472609,5.131540696215075,97.98926057472609,5.131540696215075,11,0.99,11
825.8,GT-0025,13414.451490997819,-22019.71998510429,117.93330503264681,-192.5679336667691,100.03280553777289,3.7998071488038607,100.03280553777289,3.7998071488038607,100.03280553777289,3.7998071488038607,11,0.992,11
828.49,GT-0025,13731.676241870038,-22537.849945895676,117.93987255606952,-192.5785807118205,103.63517604404836,4.52234731301538,103.63517604404836,4.52234731301538,103.63517604404836,4.52234731301538,11,0.991,11
830.9,GT-0025,14037.111735178732,-23055.412473596676,119.1649314018381,-195.0297711026671,105.57870143531326,3.746313686265144,105.57870143531326,3.746313686265144,105.57870143531326,3.746313686265144,10,0.992,11
832.96,GT-0025,14453.34033852366,-23462.199441558463,118.91685353631041,-195.5524801618342,91.74589182761133,1.5296023638683172,91.74589182761133,1.5296023638683172,91.74589182761133,1.5296023638683172,11,0.993,11
833.21,GT-0025,14483.058448000113,-23511.089380179194,118.91701973163536,-195.55257789020908,91.79235520511453,1.704423281536874,91.79235520511453,1.704423281536874,91.79235520511453,1.704423281536874,11,0.984,11
833.85,GT-0025,14559.16545392687,-23636.223329001816,118.91572574331346,-195.55234459568373,91.84793751394353,2.0854099829000776,91.84793751394353,2.0854099829000776,91.84793751394353,2.0854099829000776,11,0.985,12
834.66,GT-0025,14655.446797816881,-23794.71928046415,118.91439654772623,-195.55083888545386,91.92304632078304,2.4844076175215024,91.92304632078304,2.4844076175215024,91.92304632078304,2.4844076175215024,11,0.989,12
837.43,GT-0025,14984.839785975706,-24336.420807080547,118.91299076188713,-195.5458488586948,92.5022027511609,3.51843293994013,92.5022027511609,3.51843293994013,92.5022027511609,3.51843293994013,11,0.991,12
837.56,GT-0025,15000.27423497633,-24361.850880212507,118.91225720634469,-195.54360960466445,92.59441187205304,3.5612090587678855,92.59441187205304,3.5612090587678855,92.59441187205304,3.5612090587678855,11,0.986,12
839.54,GT-0025,15297.771036134123,-24596.77941544716,120.15011480850639,-196.4367102639008,91.73690845656286,1.5296000628317794,91.73690845656286,1.5296000628317794,91.73690845656286,1.5296000628317794,11,0.992,12
841.79,GT-0025,15568.09170785219,-25038.75694129749,120.14902179047584,-196.43576717597415,91.89153672640526,2.7217976393031393,91.89153672640526,2.7217976393031393,91.89153672640526,2.7217976393031393,11,0.987,12
842.03,GT-0025,15596.754224725622,-25086.015187585424,120.1510422615368,-196.43739043843397,91.9420519237169,2.8179119417368725,91.9420519237169,2.8179119417368725,91.9420519237169,2.8179119417368725,11,0.991,12
842.19,GT-0025,15615.984448016858,-25117.42358588998,120.15313704554426,-196.4376350797349,92.01011839981506,2.8823515900161985,92.01011839981506,2.8823515900161985,92.01011839981506,2.8823515900161985,11,0.986,12
843.91,GT-0025,15822.595032027953,-25455.394855775343,120.15662994788646,-196.441938887005,92.45756382405212,3.488452064477427,92.45756382405212,3.488452064477427,92.45756382405212,3.488452064477427,11,0.989,12
846.07,GT-0025,16082.139623702502,-25879.78491626532,120.1494858040886,-196.4405466057223,93.56769240711202,4.123771965988125,93.56769240711202,4.123771965988125,93.56769240711202,4.123771965988125,11,0.99,12
846.82,GT-0025,16172.128295087567,-26027.142264658785,120.14524804126957,-196.43791064812842,94.15148146155086,4.320005428021996,94.15148146155086,4.320005428021996,94.15148146155086,4.320005428021996,11,0.99,12
848.99,GT-0025,16435.982500153248,-26746.56681302909,120.63193996183027,-196.55086150292112,91.73759855600387,1.5296260063293976,91.73759855600387,1.5296260063293976,91.73759855600387,1.5296260063293976,11,0.993,12
851.24,GT-0025,16707.383359165444,-27188.70359568546,120.63127982304425,-196.54943915796224,91.8901923958233,2.7216140221183425,91.8901923958233,2.7216140221183425,91.8901923958233,2.7216140221183425,11,0.989,12
851.6,GT-0025,16750.756514181357,-27259.501398767166,120.63192358279998,-196.54786094732856,91.96952498326401,2.866346029308089,91.96952498326401,2.866346029308089,91.96952498326401,2.866346029308089,11,0.99,12
851.87,GT-0025,16783.30906184609,-27312.59823157892,120.62357121649147,-196.5476927115057,92.0441879721103,2.9700757367761255,92.0441879721103,2.9700757367761255,92.0441879721103,2.9700757367761255,11,0.99,12
853.95,GT-0025,16973.51261723602,-27705.16353811262,119.34521752527965,-197.2608771460121,91.73660209522605,1.5295729275513728,91.73660209522605,1.5295729275513728,91.73660209522605,1.5295729275513728,11,0.993,12
856.52,GT-0025,17280.21994194232,-28212.107946339944,119.34655281495023,-197.26569998537954,91.93152390085312,2.850829619804529,91.93152390085312,2.850829619804529,91.93152390085312,2.850829619804529,11,0.989,12
856.7,GT-0025,17301.768244816525,-28247.751904920246,119.34786958536618,-197.26584528783724,91.99022267617772,2.920712131110137,91.99022267617772,2.920712131110137,91.99022267617772,2.920712131110137,11,0.99,12
859.64,GT-0025,17652.59757851163,-28827.674032628856,119.3360994675722,-197.25557940469514,92.98319746147955,3.8864237580711958,92.98319746147955,3.8864237580711958,92.98319746147955,3.8864237580711958,11,0.992,12
861.42,GT-0025,17864.964644539217,-29178.768052751304,119.33920826469225,-197.2596611103565,94.24504139721799,4.37168454996006,94.24504139721799,4.37168454996006,94.24504139721799,4.37168454996006,11,0.988,12
861.81,GT-0025,17911.66664190804,-29255.700860082325,119.35057451180444,-197.25106909462465,94.59997925288269,4.462139693713278,94.59997925288269,4.462139693713278,94.59997925288269,4.462139693713278,11,0.991,12
863.32,GT-0025,18091.889087852906,-29553.583895915803,119.35062290720575,-197.25518732939898,96.27983060065579,4.83000187709618,96.27983060065579,4.83000187709618,96.27983060065579,4.83000187709618,11,0.983,12
864.95,GT-0025,18345.81463867356,-29969.31441843326,120.32826361381098,-194.62795302490227,91.7381520299071,1.5296340734848313,91.7381520299071,1.5296340734848313,91.7381520299071,1.5296340734848313,11,0.992,12
866.5,GT-0025,18532.332876962333,-30270.91293966934,120.32664234057441,-194.62882357808363,91.81526536131591,2.4142001358689544,91.81526536131591,2.4142001358689544,91.81526536131591,2.4142001358689544,11,0.991,12
867.13,GT-0025,18608.138347873544,-30393.617547819576,120.32761550675428,-194.6363121664926,91.90336780532598,2.6917946601682594,91.90336780532598,2.6917946601682594,91.90336780532598,2.6917946601682594,11,0.991,12
869.18,GT-0025,18854.796384634537,-30792.848430661936,120.33425673649052,-194.66076465192188,92.3547574916351,3.440285605655572,92.3547574916351,3.440285605655572,92.3547574916351,3.440285605655572,11,0.992,12
870.95,GT-0025,19067.802998042087,-31137.39507681213,120.33449045085501,-194.67111445367595,93.18542576555143,3.976653891294551,93.18542576555143,3.976653891294551,93.18542576555143,3.976653891294551,11,0.99,12
871.65,GT-0025,19152.046593451138,-31273.525368633134,120.33994517376468,-194.67566017919225,93.64936510460056,4.163141770279578,93.64936510460056,4.163141770279578,93.64936510460056,4.163141770279578,11,0.992,12
873.86,GT-0025,19418.020748877545,-31703.80194288026,120.34321283952215,-194.70213137524823,95.67773387397061,4.712101138789808,95.67773387397061,4.712101138789808,95.67773387397061,4.712101138789808,11,0.992,12
875.91,GT-0025,19664.664787176214,-32102.911790483304,120.33813965437136,-194.70843092173396,98.5063499510012,5.171208089776748,98.5063499510012,5.171208089776748,98.5063499510012,5.171208089776748,11,0.991,12
876.51,GT-0025,19736.874166630525,-32219.72667662848,120.34009578574916,-194.71008468436162,99.56357952581419,5.3016654268243,99.56357952581419,5.3016654268243,99.56357952581419,5.3016654268243,11,0.986,12
877.92,GT-0025,19955.982140094944,-32335.971608962827,121.88922329537704,-197.2319146448917,91.73909948249914,1.5296408254123541,91.73909948249914,1.5296408254123541,91.73909948249914,1.5296408254123541,11,0.992,12
879.85,GT-0025,20191.12317279496,-32716.70290819937,121.88865919086773,-197.23542059116556,91.84728826599212,2.585098892211198,91.84728826599212,2.585098892211198,91.84728826599212,2.585098892211198,11,0.991,12
880.92,GT-0025,20321.530715576457,-32927.90158116876,121.88513146344744,-197.23763644865016,92.02624482712423,3.0145880660482383,92.02624482712423,3.0145880660482383,92.02624482712423,3.0145880660482383,11,0.991,12
882.76,GT-0025,20577.706139484195,-33348.19702111138,124.61314008643805,-197.81321917585777,91.73655046084511,1.5295702435144303,91.73655046084511,1.5295702435144303,91.73655046084511,1.5295702435144303,11,0.993,12
883.09,GT-0025,20618.818423431356,-33413.5191392838,124.61250443163513,-197.8136467730435,91.77564514519692,1.7562524997838267,91.77564514519692,1.7562524997838267,91.77564514519692,1.7562524997838267,11,0.99,12
885.6,GT-0025,20931.663190921805,-33910.12612284056,124.60670534989897,-197.81357227679655,92.00146229324615,2.954651853945097,92.00146229324615,2.954651853945097,92.00146229324615,2.954651853945097,11,0.99,12
886.79,GT-0025,21079.90078464795,-34145.519543456074,124.60361892017609,-197.81687199255214,92.31969617631647,3.378305413523237,92.31969617631647,3.378305413523237,92.31969617631647,3.378305413523237,11,0.988,13
887.7,GT-0025,21193.29920904584,-34325.61468144445,124.59982854699797,-197.82375369503816,92.67646542565564,3.66721172417851,92.67646542565564,3.66721172417851,92.67646542565564,3.66721172417851,11,0.99,13
888.46,GT-0025,21287.875036762314,-34476.01285959679,124.59091132153465,-197.8316174868786,93.06832689205523,3.891179367790989,93.06832689205523,3.891179367790989,93.06832689205523,3.891179367790989,11,0.99,13
890.7,GT-0025,21396.558763754878,-35164.61126822407,121.62264941234505,-199.86324846867095,91.73715856160908,1.5296147435609682,91.73715856160908,1.5296147435609682,91.73715856160908,1.5296147435609682,11,0.993,13
894.03,GT-0025,21801.68988942104,-35830.199658926,121.62463928671687,-199.861113905968,92.04852441997303,3.133418879484257,92.04852441997303,3.133418879484257,92.04852441997303,3.133418879484257,11,0.992,13
894.24,GT-0025,21827.20058002852,-35872.17305000526,121.62857012397157,-199.85644783518944,92.1344642724174,3.208213303241422,92.1344642724174,3.208213303241422,92.1344642724174,3.208213303241422,11,0.99,13
896.58,GT-0025,22111.84347531094,-36339.67891841192,121.61362730811699,-199.85531038073327,93.07105436517388,3.938737866138225,93.07105436517388,3.938737866138225,93.07105436517388,3.938737866138225,11,0.992,13
899.04,GT-0025,22411.06809046562,-36831.29953870543,121.60737701448939,-199.84879596570298,95.02477245172966,4.5833604243435975,95.02477245172966,4.5833604243435975,95.02477245172966,4.5833604243435975,11,0.991,13
901.55,GT-0025,22717.921936798437,-37339.073917352085,121.14975537500959,-200.99609910340104,97.9686034591599,4.503955827330269,97.9686034591599,4.503955827330269,97.9686034591599,4.503955827330269,11,0.992,13
902.97,GT-0025,22889.953675097782,-37624.46144011099,121.15096434024525,-200.99754953175335,99.88655059405704,4.846603472855746,99.88655059405704,4.846603472855746,99.88655059405704,4.846603472855746,11,0.987,14
905.92,GT-0025,23368.32957214241,-38235.27500234871,120.43244678683263,-198.14851999461175,91.74103597463422,1.5296375462722915,91.74103597463422,1.5296375462722915,91.74103597463422,1.5296375462722915,11,0.992,15
906.88,GT-0025,23483.936807525413,-38425.47889269629,120.43226523459876,-198.1482873645694,91.80116386960377,2.122267493822235,91.80116386960377,2.122267493822235,91.80116386960377,2.122267493822235,11,0.986,16
907.03,GT-0025,23501.93335956568,-38455.16164560769,120.43272755075641,-198.14829629158336,91.84838614082975,2.2012074696031005,91.84838614082975,2.2012074696031005,91.84838614082975,2.2012074696031005,11,0.987,16
908.43,GT-0025,23670.556244043175,-38732.55720502995,120.43072605525074,-198.15129754038168,92.00319721716973,2.827429003522414,92.00319721716973,2.827429003522414,92.00319721716973,2.827429003522414,11,0.99,16
912.84,GT-0025,24201.64396665352,-39606.50001223957,120.43694961825354,-198.15739834879065,93.83854627779375,4.23189531322397,93.83854627779375,4.23189531322397,93.83854627779375,4.23189531322397,11,0.989,16
913.94,GT-0025,24334.214991713154,-39824.44892382104,120.43750626531624,-198.14850483938432,94.78395765813964,4.505769303045438,94.78395765813964,4.505769303045438,94.78395765813964,4.505769303045438,11,0.991,17
914.5,GT-0025,24401.67668296321,-39935.37459752046,120.44032622747025,-198.14727240878528,95.39586027075548,4.6444948712814345,95.39586027075548,4.6444948712814345,95.39586027075548,4.6444948712814345,11,0.987,17
916.98,GT-0025,24702.669092632343,-40429.214288712305,120.50480147419373,-198.68167021374143,98.33123311040463,4.466342509694406,98.33123311040463,4.466342509694406,98.33123311040463,4.466342509694406,11,0.991,17
917.38,GT-0025,24750.86478590944,-40508.720469633554,120.50730783678392,-198.68453441424248,98.86107631762603,4.5675589062624615,98.86107631762603,4.5675589062624615,98.86107631762603,4.5675589062624615,11,0.986,17
919.59,GT-0025,25017.27814810102,-40947.8366409087,120.51195585104182,-198.68062109765106,102.12918606308035,5.076036277951306,102.12918606308035,5.076036277951306,102.12918606308035,5.076036277951306,11,0.989,17
920.93,GT-0025,25178.909997330185,-41214.144396852396,120.51425506745494,-198.6716687954472,104.62219771204349,5.356497335847789,104.62219771204349,5.356497335847789,104.62219771204349,5.356497335847789,11,0.99,17
922.66,GT-0025,25379.97434595395,-41564.0758965311,119.79942639718394,-198.83645784696967,108.0596149229506,5.1853550502789885,108.0596149229506,5.1853550502789885,108.0596149229506,5.1853550502789885,10,0.99,17
922.97,GT-0025,25417.08752639425,-41625.80676105109,119.79840646843695,-198.84454804339612,108.72283779471957,5.252881458085296,108.72283779471957,5.252881458085296,108.72283779471957,5.252881458085296,10,0.987,17
925.25,GT-0025,25691.862935287852,-42086.842126413954,119.90246179365852,-200.33100906320522,113.07606764901726,5.001210631617615,113.07606764901726,5.001210631617615,113.07606764901726,5.001210631617615,10,0.99,17
926.73,GT-0025,25869.458336079933,-42383.359463731664,119.90732069033453,-200.32927789413213,116.1006044938917,5.3202062994901,116.1006044938917,5.3202062994901,116.1006044938917,5.3202062994901,10,0.989,17
928.07,GT-0025,26030.120535157006,-42651.8230446099,119.90520490405731,-200.33030406182957,119.2545114780276,5.598434364737155,119.2545114780276,5.598434364737155,119.2545114780276,5.598434364737155,10,0.984,17
928.43,GT-0025,26050.853134203964,-42981.059674159864,121.2344946426207,-197.7058256048998,91.7488658474107,1.5296381528609402,91.7488658474107,1.5296381528609402,91.7488658474107,1.5296381528609402,11,0.992,17
930.87,GT-0025,26346.776888420543,-43463.492644576145,121.23605482840306,-197.70485019475032,91.91543653011614,2.798041450991197,91.91543653011614,2.798041450991197,91.91543653011614,2.798041450991197,11,0.991,17
933.21,GT-0025,26630.42482985071,-43926.13581080121,121.23588783373481,-197.70256675887072,92.54512304984473,3.617047946509494,92.54512304984473,3.617047946509494,92.54512304984473,3.617047946509494,11,0.991,17
933.71,GT-0025,26691.03905262646,-44024.919539122784,121.2407989388147,-197.7090651893061,92.80327419829466,3.7700153552041704,92.80327419829466,3.7700153552041704,92.80327419829466,3.7700153552041704,11,0.988,17
935.44,GT-0025,26900.976404011977,-44366.952395165674,121.25281275513619,-197.7204737587918,93.87400680813715,4.247696583726099,93.87400680813715,4.247696583726099,93.87400680813715,4.247696583726099,11,0.991,17
937.28,GT-0025,27124.244621674326,-44730.56966486074,121.24955502878225,-197.72463728153224,95.61003986686691,4.699339285986869,95.61003986686691,4.699339285986869,95.61003986686691,4.699339285986869,11,0.992,17
939.57,GT-0025,27401.87897538479,-45183.386241033884,121.24324761345031,-197.72762059416368,98.8346938008227,5.219575033062759,98.8346938008227,5.219575033062759,98.8346938008227,5.219575033062759,11,0.987,17
940.28,GT-0025,27487.980842078177,-45323.77062963127,121.25059613712739,-197.72977956321006,100.11420680012162,5.3695241301757966,100.11420680012162,5.3695241301757966,100.11420680012162,5.3695241301757966,11,0.987,17
940.32,GT-0025,27523.845901241493,-45395.059352969154,119.90588912186504,-198.24208990219225,91.73857514231018,1.5296374695092192,91.73857514231018,1.5296374695092192,91.73857514231018,1.5296374695092192,11,0.992,17
942.37,GT-0025,27769.71093985288,-45801.357332344254,119.905352951388,-198.24543342174815,91.85865939814003,2.636755385520337,91.85865939814003,2.636755385520337,91.85865939814003,2.636755385520337,11,0.991,17
942.84,GT-0025,27826.064856030884,-45894.5195712191,119.90259258305747,-198.24433015486466,91.96086863190462,2.83144499366011,91.96086863190462,2.83144499366011,91.96086863190462,2.83144499366011,11,0.986,17
946.89,GT-0025,28311.624394024402,-46697.435033658614,119.8981301690408,-198.2584268953817,93.53700348002714,4.135866791497315,93.53700348002714,4.135866791497315,93.53700348002714,4.135866791497315,11,0.989,18
949.45,GT-0025,28618.529214615533,-47205.14507899693,119.90350933040827,-198.26502504922001,95.922456122845,4.770673524090987,95.922456122845,4.770673524090987,95.922456122845,4.770673524090987,11,0.991,18
952.14,GT-0025,28941.002711451863,-47738.548262422235,119.88632663666658,-198.26902970589367,99.98738964494653,5.359379065370645,99.98738964494653,5.359379065370645,99.98738964494653,5.359379065370645,11,0.991,18
953.86,GT-0025,29147.30654925323,-48079.28427370456,119.89349886488822,-198.23941625732334,103.53795339765766,5.704309252726535,103.53795339765766,5.704309252726535,103.53795339765766,5.704309252726535,11,0.989,19
955.07,GT-0025,29309.57896440788,-48325.55395712346,121.18063286141233,-198.86654326234327,105.87034493995718,5.258704037581733,105.87034493995718,5.258704037581733,105.87034493995718,5.258704037581733,10,0.99,19
957.39,GT-0025,29601.231907074347,-48773.8306383497,121.75440421042288,-197.7443051160783,110.41454123356402,5.066202881226202,110.41454123356402,5.066202881226202,110.41454123356402,5.066202881226202,10,0.99,19
958.58,GT-0025,29745.989719286456,-49009.23044818597,121.74661291516236,-197.7558815144556,112.8729564227749,5.320383260257382,112.8729564227749,5.320383260257382,112.8729564227749,5.320383260257382,10,0.989,19
959.89,GT-0025,30076.163116323714,-49523.81967449468,121.85565616882865,-200.16506680005315,91.74668017588937,1.5296367950508136,91.74668017588937,1.5296367950508136,91.74668017588937,1.5296367950508136,11,0.993,19
960.32,GT-0025,30128.557166752315,-49609.890646031956,121.8560274878745,-200.16539735293665,91.79500673581407,1.8194941101458963,91.79500673581407,1.8194941101458963,91.79500673581407,1.8194941101458963,11,0.984,20
961.98,GT-0025,30330.80235991951,-49942.14218886892,121.85476179185412,-200.16415235529868,91.92314183145162,2.6549295038909655,91.92314183145162,2.6549295038909655,91.92314183145162,2.6549295038909655,11,0.987,20
962.51,GT-0025,30395.36687323688,-50048.13922245353,121.85688144748474,-200.1664385031932,92.02209221036352,2.8705183944744177,92.02209221036352,2.8705183944744177,92.02209221036352,2.8705183944744177,11,0.99,20
967.16,GT-0025,30962.014148113056,-50978.873113028494,121.85704835512297,-200.1667408149101,94.12320369284218,4.3261895576787515,94.12320369284218,4.3261895576787515,94.12320369284218,4.3261895576787515,11,0.985,20
968.11,GT-0025,31077.815959272823,-51168.9547486948,121.8605741842984,-200.16846653668028,95.00953416349748,4.5621179230586755,95.00953416349748,4.5621179230586755,95.00953416349748,4.5621179230586755,11,0.989,21
969.75,GT-0025,31280.293444432602,-51495.148579624176,122.11720156397496,-200.44920961008302,96.89821874000178,4.672793170864511,96.89821874000178,4.672793170864511,96.89821874000178,4.672793170864511,11,0.991,21
972.2,GT-0025,31579.459817411527,-51986.23128005049,122.11336371977796,-200.4489862574544,100.54848920516717,5.231025629361116,100.54848920516717,5.231025629361116,100.54848920516717,5.231025629361116,11,0.986,21
972.55,GT-0025,31621.85151485618,-52056.309471109635,122.09341817957227,-200.44525512418022,101.18448222491844,5.297812899296592,101.18448222491844,5.297812899296592,101.18448222491844,5.297812899296592,11,0.989,21
972.66,GT-0025,31635.289599097752,-52078.08721216159,122.10248630173669,-200.41976516776162,101.39375980337483,5.31308295995301,101.39375980337483,5.31308295995301,101.39375980337483,5.31308295995301,11,0.99,21
975.19,GT-0025,31843.60479569962,-52466.15619851845,119.73185942706402,-199.93999495930564,91.74082263755118,1.5296430646583106,91.74082263755118,1.5296430646583106,91.74082263755118,1.5296430646583106,11,0.993,21
977.97,GT-0025,32176.451541397964,-53022.06589709204,119.73061811425146,-199.93599000743754,91.95840725711255,2.9313903845109444,91.95840725711255,2.9313903845109444,91.95840725711255,2.9313903845109444,11,0.991,21
978.72,GT-0025,32266.260441384817,-53172.01703756516,119.73224860357622,-199.93590381014798,92.15502849876084,3.2076955997860757,92.15502849876084,3.2076955997860757,92.15502849876084,3.2076955997860757,11,0.986,21
980.41,GT-0025,32468.630108631856,-53509.86301859082,119.74067396285642,-199.93411596436712,92.77094256360479,3.7520638318857515,92.77094256360479,3.7520638318857515,92.77094256360479,3.7520638318857515,11,0.989,21
982.18,GT-0025,32680.620755740725,-53863.68282714222,119.74750310099338,-199.93705859387256,93.88310977972552,4.250126509761762,93.88310977972552,4.250126509761762,93.88310977972552,4.250126509761762,11,0.988,21
982.55,GT-0025,32724.97250561487,-53937.81858768915,119.74829745443773,-199.93995945256728,94.20350998332277,4.343345436386471,94.20350998332277,4.343345436386471,94.20350998332277,4.343345436386471,11,0.99,21
982.76,GT-0025,32750.140415137845,-53979.887269617364,119.75008551299152,-199.95218147514595,94.40767460571531,4.393606214376607,94.40767460571531,4.393606214376607,94.40767460571531,4.393606214376607,11,0.99,21
987.26,GT-0025,33289.8986746081,-54876.96797959227,119.65851547089648,-201.2343708047502,99.50271760290327,4.3109713432419845,99.50271760290327,4.3109713432419845,99.50271760290327,4.3109713432419845,11,0.992,22
989.43,GT-0025,33550.07053730095,-55306.31350232897,119.50880086946668,-200.72462934512754,101.9208687959378,4.1416594880252156,101.9208687959378,4.1416594880252156,101.9208687959378,4.1416594880252156,11,0.992,22
991.32,GT-0025,33775.95630670644,-55685.68235175037,119.5086989058064,-200.72362166890366,104.32365889250168,4.6287217806032395,104.32365889250168,4.6287217806032395,104.32365889250168,4.6287217806032395,11,0.984,22
991.39,GT-0025,33784.38257362101,-55699.75705630049,119.51433964141575,-200.73086720019273,104.45424363090494,4.643953852960378,104.45424363090494,4.643953852960378,104.45424363090494,4.643953852960378,11,0.987,23
992.09,GT-0025,33868.21469141629,-55840.32413366323,119.51648217363913,-200.73028119010598,105.50927082967098,4.805027708547812,105.50927082967098,4.805027708547812,105.50927082967098,4.805027708547812,10,0.99,23
995.41,GT-0025,34297.75237598002,-56491.49876408957,119.74600552458966,-199.23668120011808,108.18792236883361,3.711320883960227,108.18792236883361,3.711320883960227,108.18792236883361,3.711320883960227,10,0.992,23
998.52,GT-0025,34874.26389275703,-57184.70166374887,122.6146932007783,-199.5744268554667,91.74826870503665,1.5296129116411668,91.74826870503665,1.5296129116411668,91.74826870503665,1.5296129116411668,11,0.993,23
999.12,GT-0025,34947.73747170337,-57304.43574304695,122.61529972243598,-199.57386068862473,91.79507224155371,1.921666962040774,91.79507224155371,1.921666962040774,91.79507224155371,1.921666962040774,11,0.989,23
999.68,GT-0025,35016.397338512106,-57416.20283673559,122.61456941799652,-199.57429871127616,91.85881323046571,2.226580533762727,91.85881323046571,2.226580533762727,91.85881323046571,2.226580533762727,11,0.982,23
1001.18,GT-0025,35200.214073784424,-57715.56708453189,122.6118529385106,-199.57301399280763,92.03347467194303,2.8863929643360953,92.03347467194303,2.8863929643360953,92.03347467194303,2.8863929643360953,11,0.989,23
1003.61,GT-0025,35399.16320982764,-58206.3010088784,121.2004969744615,-199.5235053439378,91.73664101950968,1.5295757173709974,91.73664101950968,1.5295757173709974,91.73664101950968,1.5295757173709974,11,0.993,23
1005.77,GT-0025,35661.9804592752,-58660.811192335175,122.25223576646441,-200.11370428528423,91.73632851635215,1.529457611110408,91.73632851635215,1.529457611110408,91.73632851635215,1.529457611110408,11,0.993,23
1007.46,GT-0025,35868.568806625124,-58999.02199722274,122.2534523382375,-200.11380280012708,91.83712667925077,2.4793869084668354,91.83712667925077,2.4793869084668354,91.83712667925077,2.4793869084668354,11,0.986,23
1008.0,GT-0025,35934.57341571743,-59107.06397225229,122.25310938604582,-200.11444018144385,91.93435513116458,2.714582685060969,91.93435513116458,2.714582685060969,91.93435513116458,2.714582685060969,11,0.984,24
1008.81,GT-0025,36210.108188152626,-59188.41552190264,119.83284245545451,-199.18467822206918,91.73644810337993,1.5295114418135602,91.73644810337993,1.5295114418135602,91.73644810337993,1.5295114418135602,11,0.992,24
1011.1,GT-0025,36357.69620012977,-59792.34452590943,121.44524934276431,-200.64736449546243,91.73633175532554,1.529467318558971,91.73633175532554,1.529467318558971,91.73633175532554,1.529467318558971,11,0.993,24
1013.77,GT-0025,36681.93596687062,-60328.089929884954,121.44559472205401,-200.64742438118685,91.94835474645636,2.890213565075349,91.94835474645636,2.890213565075349,91.94835474645636,2.890213565075349,11,0.988,24
1013.88,GT-0025,36695.40178662078,-60350.089099860816,121.44832577911791,-200.64465585517684,91.98536010421522,2.9310880680545246,91.98536010421522,2.9310880680545246,91.98536010421522,2.9310880680545246,11,0.991,24
1015.77,GT-0025,36924.92317485192,-60729.26611210736,121.45049434537438,-200.64314681458546,92.53516647677361,3.5852787383772697,92.53516647677361,3.5852787383772697,92.53516647677361,3.5852787383772697,11,0.986,24
1015.82,GT-0025,36930.993368467345,-60739.26702812029,121.44754636852892,-200.64909326962308,92.58458522210417,3.5994533072239507,92.58458522210417,3.5994533072239507,92.58458522210417,3.5994533072239507,11,0.989,24
1018.19,GT-0025,37135.22288693416,-61362.32290992456,122.30539037269257,-199.26740695499947,91.73694550077269,1.5296062567631956,91.73694550077269,1.5296062567631956,91.73694550077269,1.5296062567631956,11,0.993,24
1019.56,GT-0025,37302.7472179305,-61635.30059600062,122.30390966156268,-199.27154591597014,91.80256937476047,2.3288433986336945,91.80256937476047,2.3288433986336945,91.80256937476047,2.3288433986336945,11,0.991,24
1020.59,GT-0025,37637.38034040207,-61632.143454373596,122.51635555255744,-195.41996818828392,91.73636668359924,1.5294750089578297,91.73636668359924,1.5294750089578297,91.73636668359924,1.5294750089578297,11,0.993,24
1023.07,GT-0025,37766.31562217043,-62398.59261412869,120.80322137881642,-200.43103781812607,91.73633733323854,1.529480213141959,91.73633733323854,1.529480213141959,91.73633733323854,1.529480213141959,11,0.993,24
1025.89,GT-0025,38156.09134534425,-62745.52325067484,121.62559159214896,-200.41302714684423,91.73634940925692,1.5295000988857084,91.73634940925692,1.5295000988857084,91.73634940925692,1.5295000988857084,11,0.994,24
1026.35,GT-0025,38211.88399212973,-62837.68763648256,121.6276264836843,-200.4149046453931,91.77053261811604,1.8374339487877838,91.77053261811604,1.8374339487877838,91.77053261811604,1.8374339487877838,11,0.991,24
1027.99,GT-0025,38411.39991102825,-63166.33792444773,121.62737275234903,-200.41159577101678,91.892544683466,2.6582402698984047,91.892544683466,2.6582402698984047,91.892544683466,2.6582402698984047,11,0.991,24
1028.26,GT-0025,38444.23923152027,-63220.435545681496,121.62798692312424,-200.411960387517,91.97009381365007,2.7714912283301203,91.97009381365007,2.7714912283301203,91.97009381365007,2.7714912283301203,11,0.983,24
1030.45,GT-0025,38710.63375213009,-63659.43366215085,121.62235148241389,-200.4103101889586,92.5247677121088,3.549498119844619,92.5247677121088,3.549498119844619,92.5247677121088,3.549498119844619,11,0.989,24
1032.1,GT-0025,38911.31311487306,-63990.13861306587,121.62206212114228,-200.40780799437704,93.37569830840278,4.039903392937193,93.37569830840278,4.039903392937193,93.37569830840278,4.039903392937193,11,0.986,24
1033.17,GT-0025,39043.75282601095,-64272.33058706665,122.02529698751059,-203.97267988160814,91.73702584940638,1.5296084070578808,91.73702584940638,1.5296084070578808,91.73702584940638,1.5296084070578808,11,0.992,24
1035.57,GT-0025,39274.3004350923,-64767.167264901036,118.60623839317853,-200.1800346449933,91.73633557221618,1.5294749691480236,91.73633557221618,1.5294749691480236,91.73633557221618,1.5294749691480236,11,0.993,24
1036.72,GT-0025,39410.7000729967,-64997.36998430657,118.60806427729264,-200.17911972803032,91.80070312827954,2.2205035861364846,91.80070312827954,2.2205035861364846,91.80070312827954,2.2205035861364846,11,0.989,24
1038.16,GT-0025,39651.9351212745,-65328.500397388445,121.34944777328697,-203.45626390793976,91.73638234220776,1.5294871623050943,91.73638234220776,1.5294871623050943,91.73638234220776,1.5294871623050943,11,0.993,24
1040.3,GT-0025,39911.638466218574,-65763.89247540185,121.34989575748892,-203.45621412189504,91.87823383764567,2.6758517797817976,91.87823383764567,2.6758517797817976,91.87823383764567,2.6758517797817976,11,0.987,24
1041.3,GT-0025,40000.07276902194,-65821.35129230835,121.20945945812315,-200.54380990772728,91.73640681171625,1.5295159486273993,91.73640681171625,1.5295159486273993,91.73640681171625,1.5295159486273993,11,0.992,24
1044.2,GT-0025,40351.548377525745,-66402.94361917289,121.21019288520112,-200.54351544416517,91.98663133401995,2.9784675621258825,91.98663133401995,2.9784675621258825,91.98663133401995,2.9784675621258825,11,0.987,24
1044.25,GT-0025,40357.62314107183,-66413.03565661825,121.20834359961682,-200.54534496146408,92.01488549932431,2.995486461501667,92.01488549932431,2.995486461501667,92.01488549932431,2.995486461501667,11,0.991,24
1044.99,GT-0025,40447.26966536535,-66561.41403908202,121.209097382841,-200.5451087990167,92.22065562742762,3.262768836327513,92.22065562742762,3.262768836327513,92.22065562742762,3.262768836327513,11,0.987,25
1046.79,GT-0025,40665.37144684424,-66922.55415210486,121.20655760754127,-200.55297808216298,92.91281681675385,3.8284787646331035,92.91281681675385,3.8284787646331035,92.91281681675385,3.8284787646331035,11,0.991,25
1048.8,GT-0025,40792.16553127214,-67373.37740390208,124.00016434610806,-204.36165107265492,91.73701556211279,1.5296104796395893,91.73701556211279,1.5296104796395893,91.73701556211279,1.5296104796395893,11,0.993,25
1049.41,GT-0025,40867.82893290706,-67498.02943180171,123.99937267628687,-204.3621098165901,91.78609007675801,1.9275844236254724,91.78609007675801,1.9275844236254724,91.78609007675801,1.9275844236254724,11,0.988,25
1051.73,GT-0025,41155.667423032595,-67972.17711078905,123.98655560236794,-204.35604299030837,92.01206168675039,2.9874597777539664,92.01206168675039,2.9874597777539664,92.01206168675039,2.9874597777539664,11,0.991,25
1054.09,GT-0025,41448.28544614982,-68454.4522205233,123.98758462032502,-204.35500356461407,92.801571529737,3.774582035601762,92.801571529737,3.774582035601762,92.801571529737,3.774582035601762,11,0.984,25
1054.26,GT-0025,41469.460767645236,-68489.21531947522,123.98594159631814,-204.3483327472884,92.91358359225578,3.822891382765064,92.91358359225578,3.822891382765064,92.91358359225578,3.822891382765064,11,0.989,25
1056.35,GT-0025,41918.18447432775,-69045.06516215322,119.76191317536811,-201.3630189055558,91.73704028066327,1.5296111001023258,91.73704028066327,1.5296111001023258,91.73704028066327,1.5296111001023258,11,0.993,25
1058.83,GT-0025,42215.1507586083,-69544.3563508984,119.76353871067687,-201.3613312072751,91.90892384098927,2.8140440793948813,91.90892384098927,2.8140440793948813,91.90892384098927,2.8140440793948813,11,0.991,25
1059.08,GT-0025,42245.07710906692,-69594.6788339275,119.76271843231542,-201.35967958532922,91.98754499325652,2.913171226185015,91.98754499325652,2.913171226185015,91.98754499325652,2.913171226185015,11,0.988,26
1061.58,GT-0025,42544.52443091476,-70098.0101796671,119.76797061441145,-201.35670617448136,92.76793047091549,3.754687692729381,92.76793047091549,3.754687692729381,92.76793047091549,3.754687692729381,11,0.99,26
1064.22,GT-0025,42910.666845096384,-70825.51427502853,124.03948880393968,-200.94762814079937,91.73707638216908,1.529614159273371,91.73707638216908,1.529614159273371,91.73707638216908,1.529614159273371,11,0.993,26
1064.38,GT-0025,42930.49495728004,-70857.6376602325,124.03877200151152,-200.94691311582469,91.78202448366237,1.6438764121294354,91.78202448366237,1.6438764121294354,91.78202448366237,1.6438764121294354,11,0.986,26
1065.13,GT-0025,43023.488793912926,-71008.30719360648,124.03668366698349,-200.94634249891428,91.83876622180092,2.096125113108997,91.83876622180092,2.096125113108997,91.83876622180092,2.096125113108997,11,0.985,26
1066.55,GT-0025,43199.42038225399,-71293.47453304636,124.03091804094935,-200.94644994834397,91.96569283709178,2.7535793146504295,91.96569283709178,2.7535793146504295,91.96569283709178,2.7535793146504295,11,0.991,26
1069.08,GT-0025,43513.10091858777,-71801.78116801703,124.02824864600744,-200.9434828580504,92.62905673346307,3.6393210713951043,92.62905673346307,3.6393210713951043,92.62905673346307,3.6393210713951043,11,0.992,26
1071.26,GT-0025,43783.52142293812,-72239.87997611672,124.02832272094815,-200.9519961948078,93.93345439800191,4.260597360657428,93.93345439800191,4.260597360657428,93.93345439800191,4.260597360657428,11,0.988,26
1071.72,GT-0025,43840.58445890946,-72332.32129926136,124.03256525238419,-200.95993408587947,94.33267595477916,4.376640540928954,94.33267595477916,4.376640540928954,94.33267595477916,4.376640540928954,11,0.99,26
1073.95,GT-0025,44005.06922874299,-72517.53345599718,121.34633629209634,-201.348720760713,91.73768754470498,1.5296276962221365,91.73768754470498,1.5296276962221365,91.73768754470498,1.5296276962221365,11,0.993,26
1076.68,GT-0025,44336.39875887488,-73067.31026482033,121.35675754256852,-201.34742515658863,91.93549374339092,2.9108560732376603,91.93549374339092,2.9108560732376603,91.93549374339092,2.9108560732376603,11,0.992,26
1077.51,GT-0025,44437.14233608748,-73234.43230081433,121.3550880348915,-201.350569612118,92.14390795093253,3.2165293808819584,92.14390795093253,3.2165293808819584,92.14390795093253,3.2165293808819584,11,0.988,26
1078.13,GT-0025,44512.357714554804,-73359.25004376147,121.35399271614023,-201.34855266182618,92.36165193944976,3.427716474685967,92.36165193944976,3.427716474685967,92.36165193944976,3.427716474685967,11,0.986,26
1079.78,GT-0025,44712.71928332678,-73691.49199209538,121.36053273980079,-201.34485197654732,93.10530544112024,3.929830437683436,93.10530544112024,3.929830437683436,93.10530544112024,3.929830437683436,11,0.989,26
1081.83,GT-0025,44961.517771971165,-74104.25331697907,121.3545908826693,-201.35295026174128,94.64237668910691,4.474304321286591,94.64237668910691,4.474304321286591,94.64237668910691,4.474304321286591,11,0.99,26
1083.68,GT-0025,45171.60490151736,-74461.65320117533,122.88254110606712,-200.65652674971085,91.7376571753005,1.5296277171160337,91.7376571753005,1.5296277171160337,91.7376571753005,1.5296277171160337,11,0.993,26
1084.12,GT-0025,45225.674581106556,-74549.87380996838,122.88214199822717,-200.65552002990333,91.77159901508641,1.8252537205119121,91.77159901508641,1.8252537205119121,91.77159901508641,1.8252537205119121,11,0.991,26
1086.82,GT-0025,45557.51304471692,-75091.76675129602,122.88450097248334,-200.65889800189152,92.05188427864923,3.066520726940848,92.05188427864923,3.066520726940848,92.05188427864923,3.066520726940848,11,0.991,26
1087.63,GT-0025,45657.05795095523,-75254.30619089786,122.88302874044437,-200.658441807981,92.29500569986403,3.352050465354134,92.29500569986403,3.352050465354134,92.29500569986403,3.352050465354134,11,0.984,26
1088.91,GT-0025,46019.12081573759,-75636.33001342787,125.267017535687,-199.18727576933873,91.73663542078911,1.5295785596436042,91.73663542078911,1.5295785596436042,91.73663542078911,1.5295785596436042,11,0.992,26
1091.35,GT-0025,46324.63928525713,-76122.4591855069,125.26405738270805,-199.19591846995704,91.89153247967442,2.7968548685474355,91.89153247967442,2.7968548685474355,91.89153247967442,2.7968548685474355,11,0.992,26
1094.2,GT-0025,46681.55962793732,-76690.33633646762,125.25177445716164,-199.19550051833065,92.72934161841573,3.7681971611864076,92.72934161841573,3.7681971611864076,92.72934161841573,3.7681971611864076,11,0.992,26
1097.06,GT-0025,47039.57464604464,-77260.05279803244,125.23978967714612,-199.19971755630274,94.78247372004063,4.533214999119818,94.78247372004063,4.533214999119818,94.78247372004063,4.533214999119818,11,0.992,26
1097.64,GT-0025,47112.212952910544,-77375.61166224055,125.24313305418082,-199.2065162744691,95.430563069447,4.675935118867511,95.430563069447,4.675935118867511,95.430563069447,4.675935118867511,11,0.987,27
1099.87,GT-0025,47376.05809340574,-77822.53239429768,123.95442021505107,-199.90497161810038,98.08880363151425,4.486387780893131,98.08880363151425,4.486387780893131,98.08880363151425,4.486387780893131,11,0.991,27
1102.23,GT-0025,47667.95506186864,-78311.53514771894,124.12365519707362,-200.18876727189615,100.79412776725215,4.221606761332867,100.79412776725215,4.221606761332867,100.79412776725215,4.221606761332867,11,0.992,27
1102.53,GT-0025,47705.03103983446,-78371.59867302408,124.11522555634815,-200.19358790177967,101.15688072755411,4.297316592147708,101.15688072755411,4.297316592147708,101.15688072755411,4.297316592147708,11,0.991,27
1106.82,GT-0025,48237.37797640031,-79230.75683917651,124.10983175772526,-200.2213617459338,107.91168267677685,5.299346610264381,107.91168267677685,5.299346610264381,107.91168267677685,5.299346610264381,10,0.989,27
1107.25,GT-0025,48290.071641779454,-79319.91276708024,124.07459056739447,-200.57716327447724,108.75316257741449,5.210025408126965,108.75316257741449,5.210025408126965,108.75316257741449,5.210025408126965,10,0.99,28
1109.65,GT-0025,48464.40124048279,-79860.36570937594,120.58697717525014,-199.9480946166013,91.74558936501722,1.5296397299048377,91.74558936501722,1.5296397299048377,91.74558936501722,1.5296397299048377,11,0.993,28
1111.63,GT-0025,48703.075851593196,-80256.28915417862,120.5872164703503,-199.94912742996215,91.86514534976364,2.6072815354308436,91.86514534976364,2.6072815354308436,91.86514534976364,2.6072815354308436,11,0.99,28
1112.17,GT-0025,48699.96906294868,-80387.24948971474,122.67803049429476,-199.18739085921683,91.7363856958122,1.5294828527964772,91.7363856958122,1.5294828527964772,91.7363856958122,1.5294828527964772,11,0.993,28
1112.36,GT-0025,48723.28231880677,-80425.08185265558,122.67855223018643,-199.18794268548365,91.78021699572454,1.6641517721224584,91.78021699572454,1.6641517721224584,91.78021699572454,1.6641517721224584,11,0.987,29
1117.72,GT-0025,49380.823917294496,-81492.7733134065,122.68344943118828,-199.19759728021535,92.894365855264,3.8488050316707287,92.894365855264,3.8488050316707287,92.894365855264,3.8488050316707287,11,0.99,29
1117.73,GT-0025,49382.14270674434,-81494.78925966419,122.6752882635032,-199.20097160022524,92.9288434835147,3.8496335776680115,92.9288434835147,3.8496335776680115,92.9288434835147,3.8496335776680115,11,0.99,30
1119.39,GT-0025,49664.83403404297,-82222.6526595567,122.01400711284661,-200.06725927860128,91.73693844010847,1.5296075575437806,91.73693844010847,1.5296075575437806,91.73693844010847,1.5296075575437806,11,0.993,30
1121.89,GT-0025,49969.92334825197,-82722.67368971246,122.0178068224989,-200.06732725465247,91.91159728255796,2.8220166169821974,91.91159728255796,2.8220166169821974,91.91159728255796,2.8220166169821974,11,0.991,30
1123.8,GT-0025,50202.911223197894,-83104.67473587031,122.01489962217919,-200.0653773470375,92.39498248430111,3.500345871326188,92.39498248430111,3.500345871326188,92.39498248430111,3.500345871326188,11,0.991,30
1123.85,GT-0025,50209.01618454657,-83114.64066815961,122.0134851672139,-200.06799580714164,92.45735448491477,3.5178214930016147,92.45735448491477,3.5178214930016147,92.45735448491477,3.5178214930016147,11,0.985,30
1124.33,GT-0025,50267.62730846069,-83210.62174553303,122.02209443262987,-200.06932728170366,92.67326926710962,3.6664802524837343,92.67326926710962,3.6664802524837343,92.67326926710962,3.6664802524837343,11,0.989,30
1126.69,GT-0025,50555.69939997017,-83682.54435530865,122.01909571169074,-200.07831609503535,94.12249649099479,4.322642828555955,94.12249649099479,4.322642828555955,94.12249649099479,4.322642828555955,11,0.991,30
1129.32,GT-0025,50876.74135673931,-84208.63014515994,122.02518176315994,-200.07855490749034,96.99736460692526,4.953964435333889,96.99736460692526,4.953964435333889,96.99736460692526,4.953964435333889,11,0.991,30
1129.39,GT-0025,50885.08884142334,-84222.54538425026,122.01034495477654,-200.09094201916446,97.11185005623308,4.963637963000519,97.11185005623308,4.963637963000519,97.11185005623308,4.963637963000519,11,0.991,30
1131.84,GT-0025,51198.068436070425,-84699.14066596665,123.09638477912597,-200.3465088506449,99.92920404222573,4.258116535614871,99.92920404222573,4.258116535614871,99.92920404222573,4.258116535614871,11,0.992,30
1133.61,GT-0025,51415.93024567035,-85053.74403746861,123.09581392519203,-200.3454625015686,102.26616797305095,4.7044729523880155,102.26616797305095,4.7044729523880155,102.26616797305095,4.7044729523880155,11,0.985,30
1134.76,GT-0025,51428.94664745092,-84998.56962496995,121.01856966537406,-202.2285622799299,91.74190635050748,1.5296257011067023,91.74190635050748,1.5296257011067023,91.74190635050748,1.5296257011067023,11,0.992,30
1135.13,GT-0025,51473.753028250976,-85073.37845542608,121.01899736708107,-202.22798592083015,91.78516294563245,1.7818489403411903,91.78516294563245,1.7818489403411903,91.78516294563245,1.7818489403411903,11,0.988,30
1137.63,GT-0025,51776.44045101611,-85578.99850788963,121.03311182461829,-202.2223929410053,92.0044077027363,2.964755563246944,92.0044077027363,2.964755563246944,92.0044077027363,2.964755563246944,11,0.991,30
1139.93,GT-0025,52054.894728369036,-86044.09634311113,121.03571554225249,-202.2196868574974,92.73314727470365,3.73514701066094,92.73314727470365,3.73514701066094,92.73314727470365,3.73514701066094,11,0.991,30
1141.44,GT-0025,52237.61695181972,-86349.46368338587,121.03258804180547,-202.22209079131306,93.64069129195069,4.16561751774419,93.64069129195069,4.16561751774419,93.64069129195069,4.16561751774419,11,0.988,30
1144.45,GT-0025,52601.91425309111,-86958.1569448185,121.03045175450586,-202.22354849957833,96.70114244354639,4.91388069259748,96.70114244354639,4.91388069259748,96.70114244354639,4.91388069259748,11,0.982,30
1144.64,GT-0025,52626.49001044028,-86999.91888041598,121.04051556898526,-202.4322112033576,96.90759906991606,4.670261764524607,96.90759906991606,4.670261764524607,96.90759906991606,4.670261764524607,11,0.99,31
1146.45,GT-0025,53009.75589300527,-87650.37596618361,121.5870183182687,-203.1022495746787,91.73885164719714,1.5296308522408941,91.73885164719714,1.5296308522408941,91.73885164719714,1.5296308522408941,11,0.993,31
1146.5,GT-0025,53015.81994468276,-87660.3780993694,121.58736324679089,-203.1022662158622,91.76995907389903,1.5664904074902677,91.76995907389903,1.5664904074902677,91.76995907389903,1.5664904074902677,11,0.991,31
1149.37,GT-0025,53317.21321779162,-88160.6600925071,123.04873504976051,-200.89412207566494,52.47813986088811,0.8747414967816636,52.47813986088811,0.8747414967816636,52.47813986088811,0.8747414967816636,13,0.996,31
1151.84,GT-0025,53632.22028386483,-88591.9819586365,122.22523797391814,-201.96664204366405,52.46041337302693,0.8747259317066307,52.46041337302693,0.8747259317066307,52.46041337302693,0.8747259317066307,13,0.996,31
1152.34,GT-0025,53693.322045594,-88692.94490925863,122.22526700658183,-201.96522509683004,52.48672511458005,1.375334635075758,52.48672511458005,1.375334635075758,52.48672511458005,1.375334635075758,13,0.992,31
1154.33,GT-0025,53997.998586547874,-89131.94606540144,123.4718930743161,-202.48765579152033,39.6798561071155,0.6614979125635031,39.6798561071155,0.6614979125635031,39.6798561071155,0.6614979125635031,14,0.997,31
1154.5,GT-0025,54018.97344769705,-89166.36614590546,123.47230831183488,-202.48784420187087,39.69790139947661,0.9059467972970399,39.69790139947661,0.9059467972970399,39.69790139947661,0.9059467972970399,14,0.993,32
1157.56,GT-0025,54433.782763588744,-89761.75862347429,121.64678560741567,-202.30957853461828,39.671403473245995,0.6615017128937168,39.671403473245995,0.6615017128937168,39.671403473245995,0.6615017128937168,14,0.997,32
1158.22,GT-0025,54514.0734624347,-89895.28296253497,121.64688087461586,-202.30948368426124,39.69634126263984,1.3872495979477972,39.69634126263984,1.3872495979477972,39.69634126263984,1.3872495979477972,14,0.988,32
1159.92,GT-0025,54720.788287485826,-90239.24073039673,121.64736839201046,-202.30468317730654,39.85887740343085,2.3938300660311866,39.85887740343085,2.3938300660311866,39.85887740343085,2.3938300660311866,14,0.994,32
1160.29,GT-0025,54765.78872453602,-90314.0813297685,121.64463957405252,-202.30476266018138,39.954311978291116,2.5610388624313978,39.954311978291116,2.5610388624313978,39.954311978291116,2.5610388624313978,14,0.992,32
1162.31,GT-0025,55029.34034540704,-90760.53096979212,122.57852100859695,-202.21381919098948,39.67161436999931,0.6615072100741826,39.67161436999931,0.6615072100741826,39.67161436999931,0.6615072100741826,14,0.997,32
1164.31,GT-0025,55274.459018454545,-91164.91509484082,122.57202491377758,-202.20955221610637,39.77726442636393,2.215990863480426,39.77726442636393,2.215990863480426,39.77726442636393,2.215990863480426,14,0.996,32
1166.06,GT-0025,55488.96291448437,-91518.78227756183,122.57096545746151,-202.205927798807,40.268366209001115,2.975014497706482,40.268366209001115,2.975014497706482,40.268366209001115,2.975014497706482,14,0.991,32
1166.9,GT-0025,55591.662194961755,-91689.400030479,122.66590599036363,-202.44241335644642,40.703809847617485,2.968470023211363,40.703809847617485,2.968470023211363,40.703809847617485,2.968470023211363,14,0.996,32
1168.97,GT-0025,55845.56535959622,-92108.43906449464,122.66111386858393,-202.4399993996044,42.29582445787189,3.669907353836384,42.29582445787189,3.669907353836384,42.29582445787189,3.669907353836384,14,0.991,32
1169.49,GT-0025,55922.33228388425,-92245.59507914646,121.15117472723148,-201.93511507531758,39.672313202217815,0.6615098574394345,39.672313202217815,0.6615098574394345,39.672313202217815,0.6615098574394345,14,0.997,32
1171.28,GT-0025,56139.14706908489,-92607.03457330998,121.1502354298193,-201.93516665613816,39.76034171448026,2.1121100777471016,39.76034171448026,2.1121100777471016,39.76034171448026,2.1121100777471016,14,0.994,32
1172.04,GT-0025,56122.25738281521,-92722.02598872842,122.63281761754577,-201.6279345198799,39.67134881730982,0.6614971099509119,39.67134881730982,0.6614971099509119,39.67134881730982,0.6614971099509119,14,0.997,32
1173.3,GT-0025,56276.777471293164,-92976.0706897401,122.63134868856963,-201.62781508770166,39.718558361419056,1.8097993580788152,39.718558361419056,1.8097993580788152,39.718558361419056,1.8097993580788152,14,0.99,32
1174.64,GT-0025,56441.10558107306,-93246.258059149,122.63214694082356,-201.628567987341,39.91256497420036,2.508212501924229,39.91256497420036,2.508212501924229,39.91256497420036,2.508212501924229,14,0.99,32
1174.82,GT-0025,56463.15956563467,-93282.56556366045,122.62509575208318,-201.6378033032077,39.967124276449354,2.5824820096185896,39.967124276449354,2.5824820096185896,39.967124276449354,2.5824820096185896,14,0.994,32
1177.6,GT-0025,56803.97706528721,-93843.32323346334,122.57937471767195,-201.6695643071671,41.47412437696424,3.566576910148518,41.47412437696424,3.566576910148518,41.47412437696424,3.566576910148518,14,0.995,32
1178.03,GT-0025,56855.11222897279,-93929.89928962775,122.32243758029222,-201.9908778229858,41.8708475186711,3.468723389599721,41.8708475186711,3.468723389599721,41.8708475186711,3.468723389599721,14,0.995,32
1179.92,GT-0025,57086.304692887934,-94311.67730868816,122.32196939391429,-201.99495864279424,44.07411106493444,4.03694141321368,44.07411106493444,4.03694141321368,44.07411106493444,4.03694141321368,14,0.987,32
1180.28,GT-0025,57141.72411510847,-94386.68508440451,122.41004515818292,-202.09706735484565,43.04431962124213,2.340557864890001,43.04431962124213,2.340557864890001,43.04431962124213,2.340557864890001,14,0.995,32
1182.35,GT-0025,57395.12629922108,-94805.04644441465,122.41412600402032,-202.10109940450366,44.39717844438612,3.182986014914051,44.39717844438612,3.182986014914051,44.39717844438612,3.182986014914051,14,0.992,32
1182.69,GT-0025,57443.06955320963,-94874.5361478024,122.00135775275368,-201.34666090010558,44.27929632122295,2.3785132710205468,44.27929632122295,2.3785132710205468,44.27929632122295,2.3785132710205468,14,0.996,32
1185.28,GT-0025,57759.80903485134,-95399.141671539,121.56927177246365,-201.72570088476687,45.50806448707781,2.3459801761408494,45.50806448707781,2.3459801761408494,45.50806448707781,2.3459801761408494,14,0.996,32
1187.43,GT-0025,58021.20137549869,-95832.85938868456,121.57630753193234,-201.72604964722768,46.77234996615203,3.2132784377657324,46.77234996615203,3.2132784377657324,46.77234996615203,3.2132784377657324,13,0.993,32
1187.47,GT-0025,58026.14289713675,-95840.9478150158,121.58466748531362,-201.72632895622883,46.80557382910912,3.2162424911407848,46.80557382910912,3.2162424911407848,46.80557382910912,3.2162424911407848,13,0.995,32
1190.59,GT-0025,58455.90506177844,-96517.67816875715,121.96718675080052,-202.2816955884427,39.67681165360949,0.6615110901743635,39.67681165360949,0.6615110901743635,39.67681165360949,0.6615110901743635,14,0.997,32
1191.62,GT-0025,58581.51148810053,-96726.02842881536,121.96943345740907,-202.28074774445003,39.711768305793626,1.6603615734519266,39.711768305793626,1.6603615734519266,39.711768305793626,1.6603615734519266,14,0.992,32
1191.99,GT-0025,58626.62667188135,-96800.84817703583,121.96623228439407,-202.28304629062967,39.75016582714433,1.8946610398882928,39.75016582714433,1.8946610398882928,39.75016582714433,1.8946610398882928,14,0.992,32
1193.37,GT-0025,58795.005418953915,-97080.06618140567,121.9629063401809,-202.29139865803717,39.96516404429506,2.5773760046045378,39.96516404429506,2.5773760046045378,39.96516404429506,2.5773760046045378,14,0.996,32
1196.49,GT-0025,59175.83641880015,-97711.8821054512,122.09293324272653,-202.34475311575625,41.780575423351586,3.4885503146257633,41.780575423351586,3.4885503146257633,41.780575423351586,3.4885503146257633,14,0.995,32
1198.74,GT-0025,59450.545518596286,-98167.15779996164,122.09293324272653,-202.34475311575625,44.51303885024085,4.151202632692785,44.51303885024085,4.151202632692785,44.51303885024085,4.151202632692785,14,0.965,32
1199.27,GT-0025,59509.231914683725,-98274.7774770145,121.37372376254552,-202.64696671485672,43.30926699842323,2.2815758510496225,43.30926699842323,2.2815758510496225,43.30926699842323,2.2815758510496225,14,0.993,32
1202.79,GT-0025,59938.76186831358,-98987.67297625003,121.52773062271308,-202.79085896611946,45.88360003487052,3.1201360280507835,45.88360003487052,3.1201360280507835,45.88360003487052,3.1201360280507835,13,0.995,32
1203.92,GT-0025,60076.08820391726,-99216.82664688177,121.52773062271308,-202.79085896611946,46.97208304819667,3.5039618767247975,46.97208304819667,3.5039618767247975,46.97208304819667,3.5039618767247975,13,0.965,32
1203.92,GT-0026,59785.35406292499,-98841.42788387435,121.16447848321872,-202.5376533742675,92.65894289726434,3.7361086556057628,92.65894289726434,3.7361086556057628,92.65894289726434,3.7361086556057628,11,0.905,1
1204.63,GT-0025,60164.047324911575,-99360.51735279988,121.81560899229453,-202.72168557725672,47.47494650256516,3.031427023636991,47.47494650256516,3.031427023636991,47.47494650256516,3.031427023636991,13,0.991,32
1204.63,GT-0026,59871.38084264808,-98985.22961777009,121.16447848321872,-202.5376533742675,93.02076658210609,3.94411053172859,93.02076658210609,3.94411053172859,93.02076658210609,3.94411053172859,11,0.878,1
1206.67,GT-0025,60421.89831046982,-99779.02372233046,121.5541228567447,-202.42620158740908,48.01707668830101,2.0238123390135607,48.01707668830101,2.0238123390135607,48.01707668830101,2.0238123390135607,13,0.996,32
1206.67,GT-0026,60118.55637875384,-99398.40643065359,121.16447848321872,-202.5376533742675,94.54502604445008,4.4884304479954125,94.54502604445008,4.4884304479954125,94.54502604445008,4.4884304479954125,11,0.851,1
1206.98,GT-0025,60459.58688097445,-99841.76692969936,121.55351080883383,-202.42561412893394,48.150505273608914,2.190041925236482,48.150505273608914,2.190041925236482,48.150505273608914,2.190041925236482,13,0.991,33
1208.63,GT-0025,60660.15017380904,-100175.76919301212,121.55351080883383,-202.42561412893394,48.9277485563384,2.9169819393156553,48.9277485563384,2.9169819393156553,48.9277485563384,2.9169819393156553,13,0.961,33
1208.63,GT-0026,60356.0978602178,-99795.43843065083,121.16531418570571,-202.53239889680412,96.83477083478121,4.95295997226756,96.83477083478121,4.95295997226756,96.83477083478121,4.95295997226756,11,0.945,1
1208.95,GT-0025,60704.31205383968,-100264.79827712513,121.75653312060803,-204.19669457507604,39.67761145886882,0.6615043536715512,39.67761145886882,0.6615043536715512,39.67761145886882,0.6615043536715512,14,0.994,33
1208.95,GT-0026,60394.87076075722,-99860.24879829779,121.16531418570571,-202.53239889680412,97.28538312757416,5.025118156509807,97.28538312757416,5.025118156509807,97.28538312757416,5.025118156509807,11,0.917,1
1210.83,GT-0025,60926.23134201425,-100717.25511372801,122.38367740845294,-203.7525578651338,39.671310410805674,0.6614895850695716,39.671310410805674,0.6614895850695716,39.671310410805674,0.6614895850695716,14,0.997,33
1210.83,GT-0026,60622.66155142633,-100241.00970822376,121.16531418570571,-202.53239889680412,100.43719349271812,5.429715691165078,100.43719349271812,5.429715691165078,100.43719349271812,5.429715691165078,11,0.889,1
1213.39,GT-0025,61239.55200272763,-101238.86237458455,122.3863064435478,-203.75553463420994,39.87835412736365,2.4849481244729104,39.87835412736365,2.4849481244729104,39.87835412736365,2.4849481244729104,14,0.995,33
1213.39,GT-0026,60932.84475574176,-100759.49264939962,121.16531418570571,-202.53239889680412,106.19378439110902,5.936481490486148,106.19378439110902,5.936481490486148,106.19378439110902,5.936481490486148,10,0.863,1
1214.23,GT-0025,61342.35346745292,-101410.01597836886,122.3846938775635,-203.75607597627584,40.135891520632796,2.8410137458260607,40.135891520632796,2.8410137458260607,40.135891520632796,2.8410137458260607,14,0.988,33
1215.53,GT-0025,61501.45356949375,-101674.89887713801,122.3846938775635,-203.75607597627584,40.78912335334016,3.3160758592005286,40.78912335334016,3.3160758592005286,40.78912335334016,3.3160758592005286,14,0.959,33
1215.53,GT-0026,61210.29387822133,-101218.10859557934,121.6004854356097,-203.4725708695412,109.86623885901163,5.024260049248617,109.86623885901163,5.024260049248617,109.86623885901163,5.024260049248617,10,0.954,1
1215.87,GT-0025,61543.69969447638,-101744.88660007305,122.07610866004256,-203.68174597298162,40.95723191789204,2.859849435250149,40.95723191789204,2.859849435250149,40.95723191789204,2.859849435250149,14,0.992,33
1215.87,GT-0026,61251.63804326943,-101287.28926967496,121.6004854356097,-203.4725708695412,110.53657748722677,5.099822452054142,110.53657748722677,5.099822452054142,110.53657748722677,5.099822452054142,10,0.926,1
1218.42,GT-0025,61852.0491954087,-102230.13591355928,122.24453311802817,-202.1087262172769,39.672506378342575,0.6615093305432508,39.672506378342575,0.6615093305432508,39.672506378342575,0.6615093305432508,14,0.997,33
1218.42,GT-0026,61561.71928113025,-101806.14432539234,121.6004854356097,-203.4725708695412,116.31982277204835,5.634331286184363,116.31982277204835,5.634331286184363,116.31982277204835,5.634331286184363,10,0.898,1
1220.37,GT-0025,62090.42603498883,-102624.24792968293,122.24453311802817,-202.1087262172769,39.76353309139166,2.1966097956613435,39.76353309139166,2.1966097956613435,39.76353309139166,2.1966097956613435,14,0.967,33
1220.37,GT-0026,61853.2452404539,-102557.5142960436,121.76832294986589,-202.91251069667157,91.74775742086044,1.529642149432365,91.74775742086044,1.529642149432365,91.74775742086044,1.529642149432365,11,0.977,1
1221.01,GT-0025,62168.70256835632,-102753.61134204388,122.24720647659046,-202.12611893073654,39.880552616642376,2.4940019233665334,39.880552616642376,2.4940019233665334,39.880552616642376,2.4940019233665334,14,0.993,33
1221.01,GT-0026,61931.17696714183,-102687.3783028895,121.76832294986589,-202.91251069667157,91.75417511772208,1.9441720873730006,91.75417511772208,1.9441720873730006,91.75417511772208,1.9441720873730006,11,0.948,1
1225.04,GT-0025,62661.35881045697,-103568.17960133473,122.24720647659046,-202.12611893073654,42.54403530617341,3.9099291034181047,42.54403530617341,3.9099291034181047,42.54403530617341,3.9099291034181047,14,0.963,33
1225.04,GT-0026,62421.97273772042,-103505.10216137904,121.77235849138401,-202.9150240008201,92.47755772270878,3.58425974285148,92.47755772270878,3.58425974285148,92.47755772270878,3.58425974285148,11,0.978,1
1225.56,GT-0025,62821.167470732486,-103671.3051690529,122.40070114982106,-203.72495544891225,39.67218238818051,0.661510847059002,39.67218238818051,0.661510847059002,39.67218238818051,0.661510847059002,14,0.995,34
1225.56,GT-0026,62485.29436413594,-103610.61797385947,121.77235849138401,-202.9150240008201,92.69610917147513,3.7439174542483866,92.69610917147513,3.7439174542483866,92.69610917147513,3.7439174542483866,11,0.948,1
1227.68,GT-0025,63022.25556456347,-104114.07477079914,123.38633433159589,-203.9545567928605,39.67131308049619,0.6614927951276438,39.67131308049619,0.6614927951276438,39.67131308049619,0.6614927951276438,14,0.997,34
1227.68,GT-0026,62743.45176413769,-104040.79782474122,121.77235849138401,-202.9150240008201,94.03577866540112,4.334387835003461,94.03577866540112,4.334387835003461,94.03577866540112,4.334387835003461,11,0.92,1
1229.57,GT-0025,63246.58668761161,-104499.20162393601,122.03395697890642,-203.80602879963325,39.67130438031912,0.6614897336329608,39.67130438031912,0.6614897336329608,39.67130438031912,0.6614897336329608,14,0.997,34
1229.57,GT-0026,62973.60152168639,-104424.30722010275,121.77235849138401,-202.9150240008201,95.95219435608279,4.799939364640527,95.95219435608279,4.799939364640527,95.95219435608279,4.799939364640527,11,0.892,1
1229.76,GT-0025,63269.77313943761,-104537.92476940795,122.03395697890642,-203.80602879963325,39.67157048022883,0.9300906771395616,39.67157048022883,0.9300906771395616,39.67157048022883,0.9300906771395616,14,0.967,34
1229.76,GT-0026,63223.4510518372,-104338.05874129944,123.32411025120253,-204.3661348404001,91.73743551955681,1.5296257846801662,91.73743551955681,1.5296257846801662,91.73743551955681,1.5296257846801662,11,0.976,1
1230.13,GT-0025,63314.92570351982,-104613.33300006384,122.03395697890642,-203.80602879963325,39.67470017078793,1.3029077740585457,39.67470017078793,1.3029077740585457,39.67470017078793,1.3029077740585457,14,0.938,34
1230.13,GT-0026,63269.075439554705,-104413.64012307464,123.32401473024012,-204.36686334133194,91.78277215131209,1.7819043204775573,91.78277215131209,1.7819043204775573,91.78277215131209,1.7819043204775573,11,0.982,2
1232.12,GT-0025,63557.77345722227,-105018.9602698882,122.03863719254267,-203.8161455898267,39.87623526984453,2.480454269720258,39.87623526984453,2.480454269720258,39.87623526984453,2.480454269720258,14,0.987,34
1232.12,GT-0026,63514.49022886786,-104820.33018112385,123.32401473024012,-204.36686334133194,91.90577225682166,2.7663483163434237,91.90577225682166,2.7663483163434237,91.90577225682166,2.7663483163434237,11,0.952,2
1235.03,GT-0025,63912.90302567039,-105612.08499047338,122.0414898621641,-203.82363027711335,41.348832797625576,3.548550777906199,41.348832797625576,3.548550777906199,41.348832797625576,3.548550777906199,14,0.994,34
1235.03,GT-0026,63873.36311173286,-105415.03775344715,123.32401473024012,-204.36686334133194,92.72900481991833,3.7683130187573695,92.72900481991833,3.7683130187573695,92.72900481991833,3.7683130187573695,11,0.924,2
1237.64,GT-0025,64232.63633972225,-106143.20501522963,122.46888218950858,-203.21008152351123,43.792286390742575,3.0891673947535296,43.792286390742575,3.0891673947535296,43.792286390742575,3.0891673947535296,14,0.995,34
1237.64,GT-0026,64195.2387901788,-105948.43526676805,123.32401473024012,-204.36686334133194,94.5322120828569,4.480254792680497,94.5322120828569,4.480254792680497,94.5322120828569,4.480254792680497,11,0.896,2
1237.66,GT-0025,64235.08571736604,-106147.26921686009,122.46888218950858,-203.21008152351123,43.809797123714716,3.0964423444992915,43.809797123714716,3.0964423444992915,43.809797123714716,3.0964423444992915,14,0.965,34
1237.66,GT-0026,64197.63199687968,-105952.48687244004,123.32162266056605,-204.35782463056864,94.58572290848079,4.483880225022509,94.58572290848079,4.483880225022509,94.58572290848079,4.483880225022509,11,0.964,3
1239.96,GT-0025,64486.00843091802,-106611.84108906738,121.87691178197564,-203.883526638944,39.67432625812573,0.661509425578347,39.67432625812573,0.661509425578347,39.67432625812573,0.661509425578347,14,0.995,34
1239.96,GT-0026,64481.27172899898,-106422.50986909034,123.32162266056605,-204.35782463056864,97.3127303706342,5.02794012219197,97.3127303706342,5.02794012219197,97.3127303706342,5.02794012219197,11,0.935,3
1242.74,GT-0025,64824.8262456719,-107178.63729312364,121.87691178197564,-203.883526638944,39.91938280244656,2.587004971029034,39.91938280244656,2.587004971029034,39.91938280244656,2.587004971029034,14,0.965,34
1242.74,GT-0026,64824.094044302794,-106990.60019898185,123.32046231657523,-204.3581065532344,102.31612362242348,5.611227242843615,102.31612362242348,5.611227242843615,102.31612362242348,5.611227242843615,11,0.974,3
1243.19,GT-0025,64879.64441511027,-107270.4456237324,121.87720970699871,-203.88510482119943,40.054338037055466,2.7632044341353152,40.054338037055466,2.7632044341353152,40.054338037055466,2.7632044341353152,14,0.993,34
1243.19,GT-0026,64879.58825234526,-107082.56134693082,123.32046231657523,-204.3581065532344,103.3079214479901,5.700734265937192,103.3079214479901,5.700734265937192,103.3079214479901,5.700734265937192,11,0.945,3
1245.71,GT-0025,65187.4389048252,-107787.0373872988,122.05408781167478,-204.71180284989555,41.328660130608256,2.7115879192824623,41.328660130608256,2.7115879192824623,41.328660130608256,2.7115879192824623,14,0.996,34
1245.71,GT-0026,65190.355817383024,-107597.54377544497,123.32046231657523,-204.3581065532344,109.86094331695502,6.1780556140933545,109.86094331695502,6.1780556140933545,109.86094331695502,6.1780556140933545,10,0.917,3
1248.63,GT-0025,65623.07855531902,-108378.66887308499,121.93297971941685,-204.02121641186824,39.672949698181945,0.6615092267757418,39.672949698181945,0.6615092267757418,39.672949698181945,0.6615092267757418,14,0.997,34
1248.63,GT-0026,65550.45156734744,-108194.26944658042,123.32046231657523,-204.3581065532344,119.57892655941325,6.6886748441548995,119.57892655941325,6.6886748441548995,119.57892655941325,6.6886748441548995,10,0.889,3
1251.17,GT-0025,65932.74511233266,-108896.86848487257,121.92817638856738,-204.02508437566166,39.87896334400209,2.478407186450963,39.87896334400209,2.478407186450963,39.87896334400209,2.478407186450963,14,0.994,35
1251.17,GT-0026,65863.68554163154,-108713.33903722563,123.32046231657523,-204.3581065532344,129.82736274648227,7.103053651129948,129.82736274648227,7.103053651129948,129.82736274648227,7.103053651129948,10,0.863,3
1251.61,GT-0025,65929.96350458151,-109014.31800152357,122.26714588282255,-203.30942468792512,39.67137595057569,0.6615002321047676,39.67137595057569,0.6615002321047676,39.67137595057569,0.6615002321047676,14,0.997,35
1253.4,GT-0025,66148.82943476799,-109378.28044727433,122.26449350451601,-203.32230585933092,39.751429748277886,2.107946387336699,39.751429748277886,2.107946387336699,39.751429748277886,2.107946387336699,14,0.996,35
1255.08,GT-0025,66354.2237983989,-109719.87456618428,122.26401072113958,-203.32780150284395,40.15577115518394,2.868146720564559,40.15577115518394,2.868146720564559,40.15577115518394,2.868146720564559,14,0.991,35
1255.78,GT-0025,66429.9064157407,-109917.03730486453,122.68497988092682,-204.8536267717996,39.6715045684322,0.661505587724049,39.6715045684322,0.661505587724049,39.6715045684322,0.661505587724049,14,0.997,35
1258.26,GT-0025,66734.16155241689,-110425.09245719262,122.69104002000154,-204.8515433619208,39.86210026596327,2.448766035579691,39.86210026596327,2.448766035579691,39.86210026596327,2.448766035579691,14,0.995,35
1259.46,GT-0025,66881.3908004409,-110670.91430922692,122.69104002000154,-204.8515433619208,40.225079545078465,2.948975262190034,40.225079545078465,2.948975262190034,40.225079545078465,2.948975262190034,14,0.965,35
1259.46,GT-0026,66783.24774571272,-110424.08062611824,121.2056983138134,-205.99790139666584,137.25258555948176,4.0113156725359715,137.25258555948176,4.0113156725359715,137.25258555948176,4.0113156725359715,10,0.932,4
1260.76,GT-0025,67040.82110203766,-110937.15383091543,122.68219978288289,-204.83996449481538,40.97588762036533,3.402220584813528,40.97588762036533,3.402220584813528,40.97588762036533,3.402220584813528,14,0.989,35
1260.76,GT-0026,66940.81515352067,-110691.8778979339,121.2056983138134,-205.99790139666584,139.14001652342472,4.360694144827473,139.14001652342472,4.360694144827473,139.14001652342472,4.360694144827473,10,0.904,4
1261.42,GT-0025,67121.64125759697,-111072.41605191218,122.66813347922425,-204.8031211337793,41.52107083260491,3.547572566075612,41.52107083260491,3.547572566075612,41.52107083260491,3.547572566075612,14,0.994,35
1261.42,GT-0026,67020.8109144078,-110827.83651285572,121.2056983138134,-205.99790139666584,140.17407306022182,4.527764727184132,140.17407306022182,4.527764727184132,140.17407306022182,4.527764727184132,9,0.877,4
1263.76,GT-0025,67405.12010649439,-111542.110667866,121.90297512285213,-203.26435097572858,42.762969051204905,2.3558229169305682,42.762969051204905,2.3558229169305682,42.762969051204905,2.3558229169305682,14,0.996,35
1263.76,GT-0026,67304.43224846212,-111309.8716021239,121.2056983138134,-205.99790139666584,144.3106094016587,5.07598792598373,144.3106094016587,5.07598792598373,144.3106094016587,5.07598792598373,9,0.85,4
1265.19,GT-0025,67581.03941118844,-111835.18032455834,122.40504817725241,-204.0230016082553,43.48261534954826,2.4362072837457838,43.48261534954826,2.4362072837457838,43.48261534954826,2.4362072837457838,14,0.996,35
1266.25,GT-0025,67710.79822634485,-112051.43443262369,122.40492976409678,-204.02816348396573,44.07939879547061,2.880737386666904,44.07939879547061,2.880737386666904,44.07939879547061,2.880737386666904,14,0.994,35
1266.6,GT-0025,67753.63995176228,-112122.84428984307,122.40492976409678,-204.02816348396573,44.31307292706234,3.014323786679238,44.31307292706234,3.014323786679238,44.31307292706234,3.014323786679238,14,0.964,35
1266.6,GT-0026,67646.62103603686,-111857.9577932246,121.84092763276533,-202.36259760357348,146.082449334524,4.174334703557622,146.082449334524,4.174334703557622,146.082449334524,4.174334703557622,9,0.946,4
1268.22,GT-0025,67945.47302403382,-112457.11235402933,121.60191454139988,-205.00876212169135,45.01649496676532,2.3329093916005847,45.01649496676532,2.3329093916005847,45.01649496676532,2.3329093916005847,14,0.993,35
1268.22,GT-0026,67844.00333880195,-112185.78520134241,121.84092763276533,-202.36259760357348,148.0203061671394,4.590214615606309,148.0203061671394,4.590214615606309,148.0203061671394,4.590214615606309,9,0.917,4
1270.67,GT-0025,68243.41399314505,-112959.34598847557,121.60818187245218,-205.00705596321518,46.56192293000771,3.310029244092646,46.56192293000771,3.310029244092646,46.56192293000771,3.310029244092646,13,0.99,35
1270.67,GT-0026,68142.51361150223,-112681.57356547118,121.84092763276533,-202.36259760357348,151.61875943962914,5.155828761443292,151.61875943962914,5.155828761443292,151.61875943962914,5.155828761443292,9,0.89,4
1271.59,GT-0025,68356.68921191923,-113146.17181076959,121.51435022213559,-204.87429379824152,47.34674138870908,3.1832969417926704,47.34674138870908,3.1832969417926704,47.34674138870908,3.1832969417926704,13,0.994,35
1271.59,GT-0026,68254.60726492436,-112867.74715526644,121.84092763276533,-202.36259760357348,153.20573151092137,5.352809562960887,153.20573151092137,5.352809562960887,153.20573151092137,5.352809562960887,9,0.863,4
1273.57,GT-0025,68627.23299921752,-113585.34088224378,121.59730885250352,-205.0010016399487,39.67674113687678,0.6615096281587514,39.67674113687678,0.6615096281587514,39.67674113687678,0.6615096281587514,14,0.997,35
1274.35,GT-0025,68722.01676984513,-113745.1835065277,121.60061013105812,-205.00158488337945,39.69803312772539,1.4802647387576136,39.69803312772539,1.4802647387576136,39.69803312772539,1.4802647387576136,14,0.995,35
1275.59,GT-0025,68872.82279405478,-113999.32579839473,121.60701128165617,-205.0021127392474,39.798434236477064,2.2256878411466574,39.798434236477064,2.2256878411466574,39.798434236477064,2.2256878411466574,14,0.996,35
1277.86,GT-0025,69148.8436369513,-114464.67539001635,121.60123391826323,-205.0027570798627,40.54160107881228,3.1615598064947106,40.54160107881228,3.1615598064947106,40.54160107881228,3.1615598064947106,14,0.995,35
1280.31,GT-0025,69446.32479757364,-114965.68040487933,121.77262588449935,-205.09541852734083,42.537990112239875,3.3153659589522544,42.537990112239875,3.3153659589522544,42.537990112239875,3.3153659589522544,14,0.995,35
1280.41,GT-0025,69458.464013727,-114986.16829459296,121.76360609954986,-205.09327872550557,42.64173820014416,3.3461840630234136,42.64173820014416,3.3461840630234136,42.64173820014416,3.3461840630234136,14,0.993,35
1283.2,GT-0025,69782.16471585564,-115545.87167850722,120.43850264394894,-203.8344594954749,44.0937848599559,2.219234826371232,44.0937848599559,2.219234826371232,44.0937848599559,2.219234826371232,14,0.996,35
1284.93,GT-0025,69990.47182645167,-115898.44286495997,120.44439740742814,-203.83921208499328,45.09802039831079,2.9610691020201383,45.09802039831079,2.9610691020201383,45.09802039831079,2.9610691020201383,14,0.995,35
1285.59,GT-0025,70065.65861052828,-116033.87538415907,120.30378774239068,-204.2401232779995,45.24239554419939,2.335548219464632,45.24239554419939,2.335548219464632,45.24239554419939,2.335548219464632,14,0.996,35
1286.39,GT-0025,70161.89710182774,-116197.27113320302,120.30478318949713,-204.24146951990338,45.64813983909068,2.6943727076519206,45.64813983909068,2.6943727076519206,45.64813983909068,2.6943727076519206,13,0.99,36
1287.94,GT-0025,70347.28980994584,-116513.0646860821,120.3166964352854,-205.1608056026273,46.30723762781042,2.331735688223286,46.30723762781042,2.331735688223286,46.30723762781042,2.331735688223286,13,0.995,36
1289.42,GT-0025,70525.3431873537,-116816.65239978059,120.31641830089461,-205.15863420001983,47.06289021866672,2.960568335890282,47.06289021866672,2.960568335890282,47.06289021866672,2.960568335890282,13,0.992,36
1290.29,GT-0025,70574.61360533247,-116967.27178304395,121.36459973789862,-203.078679624711,39.67658003658227,0.6615064735491226,39.67658003658227,0.6615064735491226,39.67658003658227,0.6615064735491226,14,0.997,36
1292.55,GT-0025,70848.91627377916,-117426.2670688562,121.34619774277698,-203.07934553884826,39.82142149715906,2.3426933286629636,39.82142149715906,2.3426933286629636,39.82142149715906,2.3426933286629636,14,0.996,36
1295.01,GT-0025,71148.6018490181,-117927.03005010182,121.1872424571277,-203.26921021776207,40.760194801133885,2.936708709879626,40.760194801133885,2.936708709879626,40.760194801133885,2.936708709879626,14,0.996,36
1296.24,GT-0025,71297.66432884464,-118177.06461860944,121.18855084311986,-203.27110622267264,41.57978030139299,3.3765735666853955,41.57978030139299,3.3765735666853955,41.57978030139299,3.3765735666853955,14,0.987,36
1297.72,GT-0025,71474.24098204392,-118477.02318125569,120.31705541945303,-202.8251112693838,42.91295798723043,3.2716916627732995,42.91295798723043,3.2716916627732995,42.91295798723043,3.2716916627732995,14,0.994,36
1299.76,GT-0025,71718.51424839895,-118891.28564062409,120.13292861556215,-202.8477233664389,44.77035627509386,3.066561389574911,44.77035627509386,3.066561389574911,44.77035627509386,3.066561389574911,14,0.995,36
1301.93,GT-0025,71981.11970131294,-119335.12956647249,119.49848672730582,-203.07648006876832,45.637108020821266,2.1595781476893205,45.637108020821266,2.1595781476893205,45.637108020821266,2.1595781476893205,13,0.996,36
1304.43,GT-0025,72367.0110152875,-119802.484589409,119.1171690511932,-201.53202726425081,39.6761410523784,0.6615057749991337,39.6761410523784,0.6615057749991337,39.6761410523784,0.6615057749991337,14,0.997,36
1305.05,GT-0025,72440.86302396456,-119927.4269032527,119.11674541337484,-201.53125950152872,39.69927525251,1.3542382700174849,39.69927525251,1.3542382700174849,39.69927525251,1.3542382700174849,14,0.992,37
1307.85,GT-0025,72774.37137748954,-120491.68219593816,119.12672707171396,-201.51236392968553,40.13997402454495,2.838267762896771,40.13997402454495,2.838267762896771,40.13997402454495,2.838267762896771,14,0.996,37
1308.61,GT-0025,72864.88101913524,-120644.8233810013,119.12485334359621,-201.51341674047717,40.49457573054104,3.1253646563055155,40.49457573054104,3.1253646563055155,40.49457573054104,3.1253646563055155,14,0.991,37
1310.07,GT-0025,73038.74923501283,-120938.97805592013,119.11782175310032,-201.4921257472365,41.54381431360958,3.6045558111985114,41.54381431360958,3.6045558111985114,41.54381431360958,3.6045558111985114,14,0.993,37
1310.35,GT-0025,73082.67064274504,-121067.52062574623,119.90140431087595,-201.27220592599332,39.671873165453306,0.66150935532489,39.671873165453306,0.66150935532489,39.671873165453306,0.66150935532489,14,0.997,37
1313.12,GT-0025,73333.2533482004,-121590.24065740967,119.07941344727571,-200.49446244539598,39.671344744674215,0.6614988461966553,39.671344744674215,0.6614988461966553,39.671344744674215,0.6614988461966553,14,0.997,37
1315.15,GT-0025,73575.02055498217,-121997.27177299296,119.08350002054647,-200.50598857772442,39.78105702502523,2.2309853588081627,39.78105702502523,2.2309853588081627,39.78105702502523,2.2309853588081627,14,0.996,37
1317.15,GT-0025,73813.20662525577,-122398.27391098706,119.08274554616241,-200.51156244167123,40.38803873557093,3.0691223309403193,40.38803873557093,3.0691223309403193,40.38803873557093,3.0691223309403193,14,0.995,37
1318.37,GT-0025,73958.47104111832,-122642.88162381088,119.08096224530868,-200.51246488207062,41.18915096385161,3.488540413259501,41.18915096385161,3.488540413259501,41.18915096385161,3.488540413259501,14,0.989,37
1318.8,GT-0025,74009.5135587241,-122729.21581195162,119.03820278336093,-200.55059531094503,41.563616287589255,3.5401526170446043,41.563616287589255,3.5401526170446043,41.563616287589255,3.5401526170446043,14,0.994,37
1321.33,GT-0025,74303.9145240418,-123231.81985203749,117.70790637432708,-200.49541150264395,42.933629326844674,2.3280654257919835,42.933629326844674,2.3280654257919835,42.933629326844674,2.3280654257919835,14,0.996,37
1324.2,GT-0025,74640.68963511787,-123805.68910320145,117.7320116389053,-200.32696429367343,44.97484564463911,3.1724076437759594,44.97484564463911,3.1724076437759594,44.97484564463911,3.1724076437759594,14,0.995,37
1324.98,GT-0025,74732.5009415539,-123961.92750878027,117.73038742615859,-200.32213288196408,45.729234970270504,3.438692873408165,45.729234970270504,3.438692873408165,45.729234970270504,3.438692873408165,13,0.989,37
1325.91,GT-0025,74841.9764332554,-124148.22432358061,117.72638543480934,-200.32427222538308,46.8109158375694,3.730340896895942,46.8109158375694,3.730340896895942,46.8109158375694,3.730340896895942,13,0.989,38
1326.88,GT-0025,74953.6433413589,-124345.34793130305,118.48497070558824,-200.1155140429786,46.19264435080525,2.1262965098298903,46.19264435080525,2.1262965098298903,46.19264435080525,2.1262965098298903,13,0.995,38
1329.82,GT-0025,75296.91457763346,-124913.71514144505,118.68451700209175,-198.97895857997668,39.67660242522816,0.6615068495772172,39.67660242522816,0.6615068495772172,39.67660242522816,0.6615068495772172,14,0.997,38
1330.6,GT-0025,75389.48461369844,-125068.90234409929,118.68417558778546,-198.98041332060765,39.702301739841445,1.481085577734003,39.702301739841445,1.481085577734003,39.702301739841445,1.481085577734003,14,0.993,38
1332.79,GT-0025,75560.66391551662,-125436.36127286726,117.56382417343337,-199.97035160065022,39.67138047516426,0.6615002007896342,39.67138047516426,0.6615002007896342,39.67138047516426,0.6615002007896342,14,0.997,38
1335.61,GT-0025,75892.21005652021,-126000.28670145846,117.56909719095842,-199.96498821018872,39.93891478015643,2.5990151727483273,39.93891478015643,2.5990151727483273,39.93891478015643,2.5990151727483273,14,0.995,38
1337.11,GT-0025,76068.56596064752,-126300.22537327223,117.56970268206442,-199.96461049995696,40.556237261259724,3.1830491340184786,40.556237261259724,3.1830491340184786,40.556237261259724,3.1830491340184786,14,0.99,38
1337.74,GT-0025,76144.92184734548,-126425.74999362613,117.80090028241693,-199.96004023571868,40.9066279296677,2.8808349259943626,40.9066279296677,2.8808349259943626,40.9066279296677,2.8808349259943626,14,0.996,38
1340.72,GT-0025,76493.65756879571,-127021.84841778304,117.49439831237237,-200.00537153003916,43.27308124749226,3.2207116797650692,43.27308124749226,3.2207116797650692,43.27308124749226,3.2207116797650692,14,0.995,38
1343.12,GT-0025,76775.21456058446,-127498.67842833248,117.6011401908695,-199.67796115290685,46.039676841203494,3.6950239181428888,46.039676841203494,3.6950239181428888,46.039676841203494,3.6950239181428888,13,0.994,38
1343.21,GT-0025,76785.90324847025,-127524.26252833333,117.08982193758584,-200.57978165266036,44.83848730292754,2.2104196712955906,44.83848730292754,2.2104196712955906,44.83848730292754,2.2104196712955906,14,0.996,38
1345.6,GT-0025,77073.17807068457,-127995.80348089163,117.71713703779392,-200.0780025666977,45.929146238059666,2.316037112407328,45.929146238059666,2.316037112407328,45.929146238059666,2.316037112407328,13,0.996,38
1347.79,GT-0025,77331.00940657442,-128433.90063092543,117.72324342319303,-200.06273861697377,47.17500631033269,3.197245350214824,47.17500631033269,3.197245350214824,47.17500631033269,3.197245350214824,13,0.995,38
1348.55,GT-0025,77418.3132770008,-128583.77307469057,117.45358736559479,-199.84759528645782,47.797670767422865,3.253436437447157,47.797670767422865,3.253436437447157,47.797670767422865,3.253436437447157,13,0.995,38
1350.73,GT-0025,77711.30064350032,-128932.32874536088,116.64047857850575,-198.9235703040672,39.677093873963415,0.6615102411007172,39.677093873963415,0.6615102411007172,39.677093873963415,0.6615102411007172,14,0.997,38
1352.2,GT-0025,77882.75816119525,-129224.74530678803,116.64003377362764,-198.9233787087168,39.736882304328404,1.9353064564775533,39.736882304328404,1.9353064564775533,39.736882304328404,1.9353064564775533,14,0.993,38
1353.04,GT-0025,77980.72709110854,-129391.83363809255,116.64112314591199,-198.9223529520974,39.86018464614533,2.374786633123075,39.86018464614533,2.374786633123075,39.86018464614533,2.374786633123075,14,0.989,39
1354.25,GT-0025,78053.36302161537,-129672.44648160161,116.6674257130103,-198.62264985143275,39.67144604775181,0.6615031489890754,39.67144604775181,0.6615031489890754,39.67144604775181,0.6615031489890754,14,0.997,39
1356.68,GT-0025,78336.93107190708,-130155.08983739316,116.66161700698683,-198.62845048689996,39.846852203357365,2.421856488642931,39.846852203357365,2.421856488642931,39.846852203357365,2.421856488642931,14,0.996,39
1358.51,GT-0025,78550.4369927775,-130518.54056745334,116.66838866860121,-198.62742193047893,40.5153010381984,3.1589381176870583,40.5153010381984,3.1589381176870583,40.5153010381984,3.1589381176870583,14,0.992,39
1358.71,GT-0025,78573.75331508329,-130558.25726542085,116.66836906603658,-198.62768731699884,40.647562807801,3.228630636436372,40.647562807801,3.228630636436372,40.647562807801,3.228630636436372,14,0.991,39
1359.52,GT-0025,78699.9574328153,-130712.53309211969,117.25755535999225,-198.25631906447614,39.671705562884725,0.6615083152768317,39.671705562884725,0.6615083152768317,39.671705562884725,0.6615083152768317,14,0.997,39
1362.3,GT-0025,79025.9269239509,-131263.66135313522,117.24631037491133,-198.24932421591768,39.92925710440199,2.5818033477342452,39.92925710440199,2.5818033477342452,39.92925710440199,2.5818033477342452,14,0.995,39
1363.99,GT-0025,79224.05490171749,-131598.6684862595,117.24147062712632,-198.241283174018,40.64095502282729,3.232924179744349,40.64095502282729,3.232924179744349,40.64095502282729,3.232924179744349,14,0.993,39
1365.12,GT-0025,79351.85444733164,-131821.55444956024,116.79188933637283,-198.33992357027319,41.26584457568924,2.740097964132591,41.26584457568924,2.740097964132591,41.26584457568924,2.740097964132591,14,0.996,39
1367.56,GT-0025,79634.26124754926,-132308.30812038042,115.89226239594768,-198.89892453642005,42.60142241249899,2.484628710054061,42.60142241249899,2.484628710054061,42.60142241249899,2.484628710054061,14,0.996,39
1368.25,GT-0025,79714.19604406651,-132445.5349900224,115.88805463471431,-198.89789915454685,42.99663259497531,2.780078292421494,42.99663259497531,2.780078292421494,42.99663259497531,2.780078292421494,14,0.991,39
1368.68,GT-0025,79764.0095675137,-132531.03344670017,115.88632360063184,-198.8955334247421,43.28943777937635,2.9486282664865713,43.28943777937635,2.9486282664865713,43.28943777937635,2.9486282664865713,14,0.991,39
1369.34,GT-0025,79838.00597395882,-132659.85703491085,116.01409304055687,-198.24585645631873,43.54578804789013,2.4665240654862264,43.54578804789013,2.4665240654862264,43.54578804789013,2.4665240654862264,14,0.996,39
1371.89,GT-0025,80132.56794120862,-133168.09692556513,115.60180409896975,-198.17054125779168,44.80472494663101,2.3818466834674616,44.80472494663101,2.3818466834674616,44.80472494663101,2.3818466834674616,14,0.996,39
1372.29,GT-0025,80178.80147248166,-133247.34023174536,115.6026707803195,-198.16391302443685,45.00885751025491,2.5630349334792886,45.00885751025491,2.5630349334792886,45.00885751025491,2.5630349334792886,14,0.993,39
1374.31,GT-0025,80411.77288914284,-133642.42790458596,115.44425944165664,-197.30629154334758,45.92956601861425,2.3474416409598646,45.92956601861425,2.3474416409598646,45.92956601861425,2.3474416409598646,13,0.996,39
1376.91,GT-0025,80712.2303595779,-134155.48178309217,115.57615670254245,-197.29057669613394,47.51225585874612,3.2938212545434475,47.51225585874612,3.2938212545434475,47.51225585874612,3.2938212545434475,13,0.995,39
1377.56,GT-0025,80787.33879856183,-134283.71047202699,115.57413982454182,-197.29057203306138,48.11192575221871,3.510003447606996,48.11192575221871,3.510003447606996,48.11192575221871,3.510003447606996,13,0.988,39
1378.98,GT-0025,80952.11285921716,-134558.9855960516,115.60803998684946,-196.28393690460962,49.27466174141862,3.0758295524026296,49.27466174141862,3.0758295524026296,49.27466174141862,3.0758295524026296,13,0.994,39
1379.42,GT-0025,81002.99858810681,-134645.32179210713,115.61011199481095,-196.28086309345963,49.663996567957,3.2330185248637195,49.663996567957,3.2330185248637195,49.663996567957,3.2330185248637195,13,0.99,39
1380.92,GT-0025,81186.22377456403,-134928.63507933982,117.20320489533754,-197.13050052549988,49.58387783741301,1.8998129109671116,49.58387783741301,1.8998129109671116,49.58387783741301,1.8998129109671116,13,0.995,39
1383.4,GT-0025,81476.83907133236,-135417.42854774737,117.19959119199154,-197.13330950093155,50.60772256877537,3.0224372774420396,50.60772256877537,3.0224372774420396,50.60772256877537,3.0224372774420396,13,0.995,39
1383.62,GT-0025,81511.41025999778,-135497.89090344688,116.31608043240686,-195.9588800426792,39.67853229691595,0.6615051248774254,39.67853229691595,0.6615051248774254,39.67853229691595,0.6615051248774254,14,0.997,39
1385.49,GT-0025,81810.11985099847,-135800.0636405401,115.5867895587358,-196.56406118108634,39.67131103289527,0.6614894349576171,39.67131103289527,0.6614894349576171,39.67131103289527,0.6614894349576171,14,0.997,39
1387.36,GT-0025,82026.25878662599,-136167.62256948775,115.58755815651594,-196.56368592852482,39.77189816711729,2.1560942495624236,39.77189816711729,2.1560942495624236,39.77189816711729,2.1560942495624236,14,0.99,39
1391.0,GT-0025,82445.02594972814,-136885.36170491256,116.14766172161308,-196.9011319165695,41.208325786977554,2.7569629119583166,41.208325786977554,2.7569629119583166,41.208325786977554,2.7569629119583166,14,0.995,40
1393.28,GT-0025,82605.40774958498,-137299.2722121262,114.98254825744691,-196.6280139726332,39.67264203586628,0.6615083967097926,39.67264203586628,0.6615083967097926,39.67264203586628,0.6615083967097926,14,0.997,40
1394.12,GT-0025,82701.93580293773,-137464.41355326987,114.98208934567822,-196.6275077417627,39.69558740240919,1.525076720298512,39.69558740240919,1.525076720298512,39.69558740240919,1.525076720298512,14,0.995,41
1395.24,GT-0025,82830.69005870081,-137684.66356362862,114.97215311042444,-196.6329077512914,39.791478660699624,2.1984292964571615,39.791478660699624,2.1984292964571615,39.791478660699624,2.1984292964571615,14,0.995,41
1395.66,GT-0025,82878.97366265525,-137767.25497583684,114.97231998337077,-196.6353845920408,39.87690554167798,2.404653866478301,39.87690554167798,2.404653866478301,39.87690554167798,2.404653866478301,14,0.989,41
1397.69,GT-0025,83128.0100965731,-138191.94676948828,116.26056500675988,-195.28763522397662,39.67155763176387,0.6615063267276989,39.67155763176387,0.6615063267276989,39.67155763176387,0.6615063267276989,14,0.997,41
1400.42,GT-0025,83445.31872395381,-138725.1045321295,116.25146719970758,-195.29912834720346,39.91133329542616,2.555403073900579,39.91133329542616,2.555403073900579,39.91133329542616,2.555403073900579,14,0.996,41
1400.54,GT-0025,83459.26094183733,-138748.51790408246,116.24913294671552,-195.29334209729575,39.95974888087986,2.607760303706051,39.95974888087986,2.607760303706051,39.95974888087986,2.607760303706051,14,0.992,41
1403.14,GT-0025,83759.76314092123,-139261.26789426294,116.35302695688802,-195.22344830719362,41.17567771572772,2.7718235326938117,41.17567771572772,2.7718235326938117,41.17567771572772,2.7718235326938117,14,0.996,41
1405.49,GT-0025,84095.2456565096,-139701.81585660318,114.77690986482743,-195.11340738280094,39.67263517902916,0.6615085965494155,39.67263517902916,0.6615085965494155,39.67263517902916,0.6615085965494155,14,0.997,41
1408.06,GT-0025,84390.15505214094,-140203.28174243725,114.76664385307976,-195.12766979281264,39.88186601429098,2.4894387635867266,39.88186601429098,2.4894387635867266,39.88186601429098,2.4894387635867266,14,0.995,41
1408.99,GT-0025,84496.87331188671,-140384.73624438458,114.76719111829618,-195.13195307728347,40.172960059530965,2.8789694658917075,40.172960059530965,2.8789694658917075,40.172960059530965,2.8789694658917075,14,0.992,41
1409.78,GT-0025,84587.48027280385,-140538.92340048827,114.76816134601154,-195.13624770384558,40.54902762305638,3.1623048733966597,40.54902762305638,3.1623048733966597,40.54902762305638,3.1623048733966597,14,0.994,41
1412.14,GT-0025,84853.2567318939,-141007.0502070428,114.88826667254898,-195.72564286469992,41.89096076121151,2.548383054451085,41.89096076121151,2.548383054451085,41.89096076121151,2.548383054451085,14,0.996,41
1412.68,GT-0025,84915.26614938879,-141112.74133827904,114.88615016847348,-195.72576619010601,42.20681371978176,2.7770877897864787,42.20681371978176,2.7770877897864787,42.20681371978176,2.7770877897864787,14,0.991,42
1414.48,GT-0025,85120.90837143085,-141465.80295488998,114.7105503965754,-195.82377284589438,43.5891973571871,3.247218337718026,43.5891973571871,3.247218337718026,43.5891973571871,3.247218337718026,14,0.994,42
1417.59,GT-0025,85473.7008404798,-142087.56175145926,114.59805614525465,-195.95453800623227,45.19074297816546,2.1521655328199203,45.19074297816546,2.1521655328199203,45.19074297816546,2.1521655328199203,14,0.996,42
1417.97,GT-0025,85517.23487155925,-142162.03711872874,114.59784871434488,-195.9562268241441,45.381573477683744,2.3419855829419296,45.381573477683744,2.3419855829419296,45.381573477683744,2.3419855829419296,14,0.993,42
1419.37,GT-0025,85677.67052208736,-142436.35273732097,114.59663250155972,-195.95302968658893,46.201002340739876,2.938972843127125,46.201002340739876,2.938972843127125,46.201002340739876,2.938972843127125,13,0.99,42
1419.88,GT-0025,85726.68355522965,-142533.61339418186,114.15883517431064,-196.50483518368105,46.24772731152833,2.298881245326329,46.24772731152833,2.298881245326329,46.24772731152833,2.298881245326329,13,0.995,42
1422.58,GT-0025,86034.89035760854,-143063.98751195043,114.22948760759414,-196.48794308223887,47.87339537282253,3.2853898771192283,47.87339537282253,3.2853898771192283,47.87339537282253,3.2853898771192283,13,0.995,42
1423.81,GT-0025,86175.37383995648,-143305.65318708785,114.2269483464604,-196.48410358410956,49.061128237367726,3.682399180650252,49.061128237367726,3.682399180650252,49.061128237367726,3.682399180650252,13,0.99,42
1425.1,GT-0025,86293.45526219925,-143645.6972967399,114.90111224531972,-197.60941987695273,39.677252333018664,0.6615107534563014,39.677252333018664,0.6615107534563014,39.677252333018664,0.6615107534563014,14,0.997,42
1427.38,GT-0025,86555.4673004651,-144096.2015263507,114.89943730434203,-197.59604584502648,39.825491125781205,2.35215040016652,39.825491125781205,2.35215040016652,39.825491125781205,2.35215040016652,14,0.996,42
1429.54,GT-0025,86802.55648508319,-144521.8182974567,114.82176014760341,-197.50743868025916,40.607075407220385,3.007425977471251,40.607075407220385,3.007425977471251,40.607075407220385,3.007425977471251,14,0.996,42
1429.85,GT-0025,86838.13936927206,-144583.03424774783,114.82038355058239,-197.5063848934583,40.79527987728137,3.121580092253506,40.79527987728137,3.121580092253506,40.79527987728137,3.121580092253506,14,0.991,42
1431.5,GT-0025,86943.67156283102,-144933.02306156253,113.94724983549305,-195.22453133222496,39.67204355140432,0.661509156076794,39.67204355140432,0.661509156076794,39.67204355140432,0.661509156076794,14,0.997,42
1432.7,GT-0025,87080.41223417355,-145167.30026906123,113.94602647118086,-195.22570147280945,39.715640428377064,1.7719936394332598,39.715640428377064,1.7719936394332598,39.715640428377064,1.7719936394332598,14,0.991,42
1434.74,GT-0025,87312.86152455438,-145565.56220785287,113.94645520487597,-195.22697596720764,40.080870973421504,2.7736105798233845,40.080870973421504,2.7736105798233845,40.080870973421504,2.7736105798233845,14,0.994,42
1437.01,GT-0025,87606.96491949148,-145911.45479145495,115.81867100619107,-195.88238429661558,39.67174454738277,0.6615087694515956,39.67174454738277,0.6615087694515956,39.67174454738277,0.6615087694515956,14,0.997,42
1437.6,GT-0025,87675.30257975469,-146027.01632867573,115.81854279044103,-195.88365650058,39.69345888174828,1.3289482626602842,39.69345888174828,1.3289482626602842,39.69345888174828,1.3289482626602842,14,0.993,42
1439.84,GT-0025,87934.67413661488,-146465.81610581846,115.80678532681083,-195.88292493263089,39.95966295535576,2.6034947785235047,39.95966295535576,2.6034947785235047,39.95966295535576,2.6034947785235047,14,0.995,42
1441.65,GT-0025,88144.26669515522,-146820.3587380388,115.80192314617943,-195.8852868345657,40.766804521764136,3.294254230407227,40.766804521764136,3.294254230407227,40.766804521764136,3.294254230407227,14,0.99,43
1442.01,GT-0025,88185.88689394142,-146890.8846676678,115.79225839361584,-195.89085975339412,41.019884206539956,3.4017656716715443,41.019884206539956,3.4017656716715443,41.019884206539956,3.4017656716715443,14,0.994,43
1442.55,GT-0025,88248.40614854454,-146996.68719646675,115.79211599375094,-195.89399721120344,41.471923060909,3.5744676452021653,41.471923060909,3.5744676452021653,41.471923060909,3.5744676452021653,14,0.991,43
1443.99,GT-0025,88408.90821458712,-147278.47085657026,114.81754977748676,-196.52580362117214,42.1283262413662,2.494491269590185,42.1283262413662,2.494491269590185,42.1283262413662,2.494491269590185,14,0.996,43
1445.96,GT-0025,88636.42045210682,-147662.61855808183,114.82652634556018,-195.98592272123096,43.15698759786206,2.46254004181995,43.15698759786206,2.46254004181995,43.15698759786206,2.46254004181995,14,0.996,43
1447.29,GT-0025,88789.13264922949,-147923.27987913758,114.82467214769167,-195.99175796946383,43.94885417408399,3.0075700757417647,43.94885417408399,3.0075700757417647,43.94885417408399,3.0075700757417647,14,0.993,43
1448.61,GT-0025,88938.96846863106,-148183.20147985942,114.43735147712118,-196.6722529732749,44.51179732381183,2.379515600917803,44.51179732381183,2.379515600917803,44.51179732381183,2.379515600917803,14,0.996,43
1450.86,GT-0025,89196.48449616648,-148625.65097035008,114.4540390106547,-196.66552492441178,45.91505275552167,3.2632899531919644,45.91505275552167,3.2632899531919644,45.91505275552167,3.2632899531919644,13,0.995,43
1453.04,GT-0025,89446.98937101092,-149057.34972088123,115.1217511407367,-196.87968615836462,47.80262247199915,3.0630205448038565,47.80262247199915,3.0630205448038565,47.80262247199915,3.0630205448038565,13,0.995,43
1453.62,GT-0025,89513.67468821388,-149171.4855949233,115.11116755415492,-196.87353025007906,48.32414510256741,3.2664412054076806,48.32414510256741,3.2664412054076806,48.32414510256741,3.2664412054076806,13,0.993,43
1453.97,GT-0025,89553.96130990217,-149240.3734204636,115.11184191717803,-196.8730794791236,48.68419413327228,3.3856458097541497,48.68419413327228,3.3856458097541497,48.68419413327228,3.3856458097541497,13,0.989,43
1455.96,GT-0025,89784.68850604688,-149547.69710082447,113.66551515554748,-195.83663344280748,39.67730103891979,0.6615102733140571,39.67730103891979,0.6615102733140571,39.67730103891979,0.6615102733140571,14,0.997,43
1458.92,GT-0025,90121.11721770024,-150127.4298346412,113.67711620246587,-195.85253678852132,39.976165807725586,2.6530908903830737,39.976165807725586,2.6530908903830737,39.976165807725586,2.6530908903830737,14,0.996,43
1459.63,GT-0025,90201.81722818615,-150266.5028457728,113.67693058079783,-195.8540305745396,40.23798646739476,2.9384643608202867,40.23798646739476,2.9384643608202867,40.23798646739476,2.9384643608202867,14,0.992,43
1461.27,GT-0025,90356.38880573814,-150693.42909963758,114.40201616087691,-196.76775203942574,39.671701066859384,0.6615083808446578,39.671701066859384,0.6615083808446578,39.671701066859384,0.6615083808446578,14,0.997,43
1464.23,GT-0025,90695.08837995779,-151275.83681486428,114.40613904706834,-196.76297976709088,39.97058738938637,2.6530904271969353,39.97058738938637,2.6530904271969353,39.97058738938637,2.6530904271969353,14,0.996,43
1465.25,GT-0025,90811.78175875911,-151476.51958197,114.40527876422766,-196.7637772006367,40.37205816804058,3.056019398461744,40.37205816804058,3.056019398461744,40.37205816804058,3.056019398461744,14,0.99,43
1466.11,GT-0025,90857.39961126937,-151660.08407186758,114.45625968009178,-196.0679558663966,39.67160737733853,0.6615073888934216,39.67160737733853,0.6615073888934216,39.67160737733853,0.6615073888934216,14,0.997,43
1468.97,GT-0025,91184.7482238797,-152220.78869352522,114.45504338610328,-196.07862113375336,39.94370340722196,2.6110829887738465,39.94370340722196,2.6110829887738465,39.94370340722196,2.6110829887738465,14,0.996,43
1471.77,GT-0025,91505.18885690231,-152769.81985794293,114.45364923487182,-196.08103091207022,41.52866365528658,3.6178201461734596,41.52866365528658,3.6178201461734596,41.52866365528658,3.6178201461734596,14,0.993,44
1471.88,GT-0025,91511.59461992358,-152715.9577940453,114.67462217541369,-196.65777284352677,39.67179722982647,0.6615091620555806,39.67179722982647,0.6615091620555806,39.67179722982647,0.6615091620555806,14,0.997,44
1474.56,GT-0025,91850.16117769096,-153255.4450103295,115.46293826972435,-196.10329624698875,39.671339274513045,0.6614981748366922,39.671339274513045,0.6614981748366922,39.671339274513045,0.6614981748366922,14,0.997,44
1475.3,GT-0025,91935.60572157043,-153400.5576941419,115.46309893016668,-196.10311785735644,39.69748447781304,1.4506349162334933,39.69748447781304,1.4506349162334933,39.69748447781304,1.4506349162334933,14,0.991,44
1476.92,GT-0025,92122.63976419007,-153718.19822677478,115.46145137715962,-196.09912799198935,39.86132335924833,2.3960189653480493,39.86132335924833,2.3960189653480493,39.86132335924833,2.3960189653480493,14,0.993,44
1476.95,GT-0025,92126.11499583628,-153724.0723555073,115.4514671239595,-196.10882467061026,39.8744364446125,2.4021010311011852,39.8744364446125,2.4021010311011852,39.8744364446125,2.4021010311011852,14,0.996,44
1479.74,GT-0025,92432.33922820204,-154248.57165493738,114.36094985712062,-196.52736949729473,39.67168511066482,0.661508140305104,39.67168511066482,0.661508140305104,39.67168511066482,0.661508140305104,14,0.997,44
1482.3,GT-0025,92736.42533161302,-154803.90839080664,114.1510178023171,-196.86942702949455,39.67133247527993,0.6614972096564598,39.67133247527993,0.6614972096564598,39.67133247527993,0.6614972096564598,14,0.997,44
1482.63,GT-0025,92774.07756111631,-154868.88796705796,114.15152843924876,-196.86923785831937,39.691018117180086,1.0867705223262043,39.691018117180086,1.0867705223262043,39.691018117180086,1.0867705223262043,14,0.992,44
1484.93,GT-0025,93036.64432867596,-155321.6935326158,114.15262875705645,-196.8662647892029,39.90679939665378,2.5118948788379463,39.90679939665378,2.5118948788379463,39.90679939665378,2.5118948788379463,14,0.996,44
1489.17,GT-0025,93520.62018542613,-156156.35326809934,114.15814136248855,-196.85985728167088,42.87703264190994,3.9695871632102233,42.87703264190994,3.9695871632102233,42.87703264190994,3.9695871632102233,14,0.994,44
1490.41,GT-0025,93666.0812175214,-156397.80398896345,114.3749855616403,-195.886053886225,42.84283092416015,2.331405008564098,42.84283092416015,2.331405008564098,42.84283092416015,2.331405008564098,14,0.996,45
1492.77,GT-0025,93991.06908625698,-156822.37882984628,115.50841228322989,-196.12182021730584,39.674031570011266,0.6615062147057488,39.674031570011266,0.6615062147057488,39.674031570011266,0.6615062147057488,14,0.997,45
1494.54,GT-0025,94195.53238207242,-157169.53300699792,115.5073371011029,-196.12184037857858,39.756985733662816,2.0999654822228795,39.756985733662816,2.0999654822228795,39.756985733662816,2.0999654822228795,14,0.995,45
1494.95,GT-0025,94242.88339918517,-157249.96752304805,115.50628639122857,-196.12409527417952,39.83045748624147,2.3098557293880853,39.83045748624147,2.3098557293880853,39.83045748624147,2.3098557293880853,14,0.99,45
1496.5,GT-0025,94421.9045446227,-157553.94658226258,115.50460404702494,-196.1237950789441,40.28802967248208,2.970781013173616,40.28802967248208,2.970781013173616,40.28802967248208,2.970781013173616,14,0.989,46
1497.52,GT-0025,94539.6984379753,-157754.08667281258,115.49264559739049,-196.14722238084823,40.85171150229763,3.3225157636464635,40.85171150229763,3.3225157636464635,40.85171150229763,3.3225157636464635,14,0.994,46
1499.82,GT-0025,94805.33873998771,-158205.22428609012,115.49380077591604,-196.15101830973254,43.16429473850599,4.026065292230988,43.16429473850599,4.026065292230988,43.16429473850599,4.026065292230988,14,0.99,46
1500.38,GT-0025,94822.04568386027,-158366.75758434494,113.6033049175756,-196.5430645166089,39.67242652826563,0.6615112210910137,39.67242652826563,0.6615112210910137,39.67242652826563,0.6615112210910137,14,0.997,46
1503.28,GT-0025,95151.48647892075,-158936.76524293388,113.61235182482494,-196.55804930691124,39.9550643389052,2.6279703694638603,39.9550643389052,2.6279703694638603,39.9550643389052,2.6279703694638603,14,0.996,46
1505.82,GT-0025,95441.70648449294,-159411.48376183616,113.73303754348531,-197.03668733271468,39.67170558802771,0.6615086259092704,39.67170558802771,0.6615086259092704,39.67170558802771,0.6615086259092704,14,0.997,46
1507.38,GT-0025,95619.12827772475,-159718.8550940584,113.73336206308464,-197.03716329355566,39.74085559473923,1.9877945369615884,39.74085559473923,1.9877945369615884,39.74085559473923,1.9877945369615884,14,0.988,46
1508.41,GT-0025,95736.25903754169,-159921.87082810097,113.73202058407861,-197.03524369794104,39.90511179253072,2.499126199438014,39.90511179253072,2.499126199438014,39.90511179253072,2.499126199438014,14,0.994,46
1511.03,GT-0025,96034.24417079429,-160438.0813079762,113.73902117878856,-197.03938726769547,41.174813445277856,3.4808904466043042,41.174813445277856,3.4808904466043042,41.174813445277856,3.4808904466043042,14,0.992,47
1511.26,GT-0025,96063.7606459602,-160484.01239278106,114.36857648497585,-197.2109581249531,41.19583857151866,2.7722124825791714,41.19583857151866,2.7722124825791714,41.19583857151866,2.7722124825791714,14,0.996,47
1514.21,GT-0025,96396.7239653349,-161069.40285118192,114.62716958710848,-196.97771983455777,42.839816866094495,2.4281510720173562,42.839816866094495,2.4281510720173562,42.839816866094495,2.4281510720173562,14,0.996,47
1515.17,GT-0025,96506.76712393155,-161258.48698170303,114.63106601625327,-196.97876168798712,43.396304574994275,2.8387996647682137,43.396304574994275,2.8387996647682137,43.396304574994275,2.8387996647682137,14,0.991,47
1516.77,GT-0025,96690.30069233253,-161574.26986881936,114.80459607626199,-196.8870137772774,44.6549885995589,3.2184440939998513,44.6549885995589,3.2184440939998513,44.6549885995589,3.2184440939998513,14,0.994,47
1519.23,GT-0025,96973.54040990974,-162058.15678143833,115.20128158506577,-196.83563536987822,46.84600467998891,3.0093606615158692,46.84600467998891,3.0093606615158692,46.84600467998891,3.0093606615158692,13,0.995,47
1520.99,GT-0025,97176.29471442012,-162404.55499949513,115.1989894746348,-196.8301243386195,48.643153944217545,3.6077187037937337,48.643153944217545,3.6077187037937337,48.643153944217545,3.6077187037937337,13,0.99,48
1521.8,GT-0025,97269.3259730135,-162571.36164841361,114.80410119186126,-197.02443841522677,47.77503325691883,2.013683271268298,47.77503325691883,2.013683271268298,47.77503325691883,2.013683271268298,13,0.996,48
1523.97,GT-0025,97520.11472817259,-162998.37989118102,114.47705470409653,-196.90024126860953,48.5529614626733,2.1882467693302314,48.5529614626733,2.1882467693302314,48.5529614626733,2.1882467693302314,13,0.996,48
1525.79,GT-0025,97666.35172799414,-163430.7755213234,114.01308241067467,-196.31816869219276,39.67785554515326,0.661503873492856,39.67785554515326,0.661503873492856,39.67785554515326,0.661503873492856,14,0.997,48
1526.17,GT-0025,97709.67014052757,-163505.38471751087,114.01309828440672,-196.31764718652067,39.69792237133236,1.1373886889181568,39.69792237133236,1.1373886889181568,39.69792237133236,1.1373886889181568,14,0.992,48
1527.86,GT-0025,97928.43565012343,-163833.21839808542,113.49581098172611,-197.58759081350487,39.67133570808088,0.6614921891733521,39.67133570808088,0.6614921891733521,39.67133570808088,0.6614921891733521,14,0.997,48
1527.91,GT-0025,97934.11156819122,-163843.08230638818,113.49605068441106,-197.5876841517981,39.690091441206754,0.7420127878331664,39.690091441206754,0.7420127878331664,39.690091441206754,0.7420127878331664,14,0.992,48
1530.77,GT-0025,98258.69035524262,-164408.1136519181,113.4967602676445,-197.58469421801283,39.98103493409502,2.637421259765599,39.98103493409502,2.637421259765599,39.98103493409502,2.637421259765599,14,0.994,48
1532.3,GT-0025,98499.16755078964,-164652.24693308884,113.67458061062558,-196.38048890480306,39.671546826443254,0.6615063863182492,39.671546826443254,0.6615063863182492,39.671546826443254,0.6615063863182492,14,0.997,49
1534.99,GT-0025,98739.17369540072,-165221.83103114372,114.62352030953924,-197.28350402860843,39.671339598293734,0.6614982515521234,39.671339598293734,0.6614982515521234,39.671339598293734,0.6614982515521234,14,0.997,49
1537.39,GT-0025,99014.29583174517,-165695.27128602588,114.63192027878898,-197.26868164167468,39.84638924965149,2.4120248845815486,39.84638924965149,2.4120248845815486,39.84638924965149,2.4120248845815486,14,0.995,49
1539.7,GT-0025,99375.22617418424,-166165.95621031243,113.85091482770018,-197.55057007362524,39.67157081937315,0.6615071123649969,39.67157081937315,0.6615071123649969,39.67157081937315,0.6615071123649969,14,0.997,50
1540.0,GT-0025,99409.38049860898,-166225.22401313658,113.85087841778193,-197.55043754311424,39.69213418736996,1.0553157819760763,39.69213418736996,1.0553157819760763,39.69213418736996,1.0553157819760763,14,0.988,50
1541.86,GT-0025,99621.05748020478,-166592.60701300227,113.84574494731265,-197.55173331824523,39.82010295521174,2.295049121313089,39.82010295521174,2.295049121313089,39.82010295521174,2.295049121313089,14,0.995,50
1544.61,GT-0025,99932.0947005905,-167133.81998447573,113.73733590071947,-197.2738393361833,40.87933802919407,2.8907174508578226,40.87933802919407,2.8907174508578226,40.87933802919407,2.8907174508578226,14,0.996,50
1546.11,GT-0025,100102.69776801988,-167429.6503457451,113.73811210152417,-197.25182359979044,41.905812380684885,3.418166691557829,41.905812380684885,3.418166691557829,41.905812380684885,3.418166691557829,14,0.994,51
1547.63,GT-0025,100274.5102233652,-167730.31547703288,113.82563046319092,-197.31602474644433,43.294389416220966,3.2170495386110907,43.294389416220966,3.2170495386110907,43.294389416220966,3.2170495386110907,14,0.995,51
1549.66,GT-0025,100511.83461312321,-168130.16152223782,115.13432553158987,-197.08734618832978,45.131673303515136,3.048744030079919,45.131673303515136,3.048744030079919,45.131673303515136,3.048744030079919,14,0.995,51
1550.24,GT-0025,100577.06253608264,-168243.60161928393,115.10034520454883,-197.08761860032246,45.638387964318746,3.0533284318139873,45.638387964318746,3.0533284318139873,45.638387964318746,3.0533284318139873,13,0.995,51
1551.22,GT-0025,100535.92155920152,-168468.17602448957,113.98247378945504,-196.74603553265283,39.6752179604482,0.6615069039214975,39.6752179604482,0.6615069039214975,39.6752179604482,0.6615069039214975,14,0.997,51
1554.07,GT-0025,100965.00481316981,-168966.21327512464,114.54032524456767,-196.77934269599265,39.671353170458104,0.661499408754282,39.671353170458104,0.661499408754282,39.671353170458104,0.661499408754282,14,0.997,51
1555.57,GT-0025,101136.80195562608,-169261.38044869856,114.53810688095818,-196.77901156590468,39.733483915154025,1.9526492406579037,39.733483915154025,1.9526492406579037,39.733483915154025,1.9526492406579037,14,0.993,51
1557.02,GT-0025,101302.88256443778,-169546.75830790278,114.5342720353666,-196.7837815704961,39.99100991437635,2.6542215420265762,39.99100991437635,2.6542215420265762,39.99100991437635,2.6542215420265762,14,0.995,51
1559.24,GT-0025,101557.1503461209,-169983.62098887723,114.52226994491798,-196.7788239725396,41.12800053138821,3.455934514812799,41.12800053138821,3.455934514812799,41.12800053138821,3.455934514812799,14,0.995,51
1560.79,GT-0025,101734.63890257264,-170288.64661191823,114.51810237661857,-196.78167517284055,42.70317922974203,3.927759008877086,42.70317922974203,3.927759008877086,42.70317922974203,3.927759008877086,14,0.99,51
1560.86,GT-0025,101737.05358321485,-170308.38604829434,114.64315546814896,-197.50330832006466,41.99243514424156,2.525161170113518,41.99243514424156,2.525161170113518,41.99243514424156,2.525161170113518,14,0.996,51
1563.82,GT-0025,102075.4020078617,-170894.9338775829,114.56106280589415,-197.77603084725024,44.21712791591402,3.1804098776765484,44.21712791591402,3.1804098776765484,44.21712791591402,3.1804098776765484,14,0.995,51
1566.25,GT-0025,102346.62616344914,-171374.52734290084,113.83602876625628,-197.81668093602457,46.396493652188944,3.0002726638021704,46.396493652188944,3.0002726638021704,46.396493652188944,3.0002726638021704,13,0.995,51
1566.4,GT-0025,102363.46675348066,-171404.26459417783,113.83251222030663,-197.80104162126827,46.52535596440682,3.007336404836697,46.52535596440682,3.007336404836697,46.52535596440682,3.007336404836697,13,0.995,51
1568.61,GT-0025,102617.50079353596,-171836.39945009237,113.54751370885401,-197.0176306498097,48.422359771140805,2.963117794042902,48.422359771140805,2.963117794042902,48.422359771140805,2.963117794042902,13,0.995,51
1570.21,GT-0025,102795.00046861176,-172146.9580208156,113.57461008698101,-196.40359993009452,49.73829053599357,2.9748312590910566,49.73829053599357,2.9748312590910566,49.73829053599357,2.9748312590910566,13,0.995,51
1570.42,GT-0025,102818.75327313448,-172188.77446414164,113.57356993845156,-196.44824664642692,49.90725247673717,2.986151281711694,49.90725247673717,2.986151281711694,49.90725247673717,2.986151281711694,13,0.995,51
1573.16,GT-0025,103137.6116476455,-172730.6502898425,113.58167120147505,-196.6314725903935,52.11558402128907,2.9141747109656393,52.11558402128907,2.9141747109656393,52.11558402128907,2.9141747109656393,13,0.995,51
1575.66,GT-0025,103343.72236396627,-173284.45388963047,114.16462064808933,-198.08367849123533,39.67941375250825,0.6615093180420659,39.67941375250825,0.6615093180420659,39.67941375250825,0.6615093180420659,14,0.997,51
1576.75,GT-0025,103468.14702602649,-173500.34650751107,114.16827386696644,-198.08188027550278,39.71163797075837,1.699034950899804,39.71163797075837,1.699034950899804,39.71163797075837,1.699034950899804,14,0.995,51
1580.07,GT-0025,103847.10528442047,-174157.95246468444,114.15087266986848,-198.06259545797138,40.60761703675847,3.2073012015774425,40.60761703675847,3.2073012015774425,40.60761703675847,3.2073012015774425,14,0.995,52
1580.61,GT-0025,103908.75633829589,-174264.8821067017,114.1511258676062,-198.05716084010328,40.97769038845457,3.391561007661346,40.97769038845457,3.391561007661346,40.97769038845457,3.391561007661346,14,0.99,52
1582.19,GT-0025,104095.35294282589,-174576.48777701057,114.22449659010977,-197.070913386666,41.82790000561907,2.567546795732416,41.82790000561907,2.567546795732416,41.82790000561907,2.567546795732416,14,0.996,52
1583.73,GT-0025,104271.25334370582,-174879.97286351788,114.22258221271636,-197.07046806768176,42.83532476481678,3.171631895786281,42.83532476481678,3.171631895786281,42.83532476481678,3.171631895786281,14,0.991,52
1585.01,GT-0025,104422.55459807697,-175134.03197777914,114.1271500622347,-197.0383439690047,43.37018914105159,2.403261413512597,43.37018914105159,2.403261413512597,43.37018914105159,2.403261413512597,14,0.996,52
1587.26,GT-0025,104801.60324140952,-175653.01658412511,114.36355312905198,-197.32048977260592,39.67443484685412,0.6615064161751613,39.67443484685412,0.6615064161751613,39.67443484685412,0.6615064161751613,14,0.997,52
1588.73,GT-0025,104969.7105037029,-175943.06065666524,114.36583981042278,-197.31736495785938,39.73514520587899,1.9356869990812893,39.73514520587899,1.9356869990812893,39.73514520587899,1.9356869990812893,14,0.992,52
1589.2,GT-0025,105023.43380382909,-176035.76651415898,114.36157320641993,-197.31377010161867,39.79098569392582,2.1860854441569675,39.79098569392582,2.1860854441569675,39.79098569392582,2.1860854441569675,14,0.996,52
1591.31,GT-0025,105264.66797026557,-176452.11363593928,114.35640618089997,-197.29799779363907,40.411924223291706,3.068833484174019,40.411924223291706,3.068833484174019,40.411924223291706,3.068833484174019,14,0.996,52
1593.4,GT-0025,105503.29530809008,-176869.13408641546,114.32693036986234,-197.72961687950215,41.57423580478351,2.638911535840398,41.57423580478351,2.638911535840398,41.57423580478351,2.638911535840398,14,0.996,52
1594.41,GT-0025,105618.78151610373,-177068.84668150436,114.33379679583527,-197.73459852938186,42.198454932229176,3.0395332361691394,42.198454932229176,3.0395332361691394,42.198454932229176,3.0395332361691394,14,0.991,52
1595.43,GT-0025,105735.80423550161,-177267.47087077936,114.7692389270153,-196.9967716902254,42.6798560082378,2.5033616509514487,42.6798560082378,2.5033616509514487,42.6798560082378,2.5033616509514487,14,0.996,52
1597.19,GT-0025,105936.21609230226,-177616.64276175151,114.39153225815653,-197.51459649606272,43.5724527246752,2.474029414691422,43.5724527246752,2.474029414691422,43.5724527246752,2.474029414691422,14,0.996,52
1598.94,GT-0025,106136.38125014085,-177962.24565703046,114.39622213553866,-197.50745583907428,44.652362225856905,3.1662079109577848,44.652362225856905,3.1662079109577848,44.652362225856905,3.1662079109577848,14,0.994,52
1600.1,GT-0025,106250.02526885341,-178156.43215732343,113.95992180142258,-196.89408239561874,39.67478866545948,0.6615082699614263,39.67478866545948,0.6615082699614263,39.67478866545948,0.6615082699614263,14,0.997,52
1600.99,GT-0025,106351.42580772663,-178331.66960261,113.96017224418232,-196.89463437700755,39.70459230150089,1.5625973056086186,39.70459230150089,1.5625973056086186,39.70459230150089,1.5625973056086186,14,0.992,53
1602.47,GT-0025,106520.08349545902,-178623.03944097646,113.96404345150779,-196.8926908631612,39.85770057275091,2.394558494383367,39.85770057275091,2.394558494383367,39.85770057275091,2.394558494383367,14,0.996,53
1604.2,GT-0025,106717.2162022428,-178963.68164421435,113.96511203532737,-196.8942810617391,40.44887134591544,3.0977832222028594,40.44887134591544,3.0977832222028594,40.44887134591544,3.0977832222028594,14,0.994,53
1604.23,GT-0025,106720.63611748966,-178969.54557271182,113.95850822816647,-196.87762295349467,40.473630302379334,3.09895066305206,40.473630302379334,3.09895066305206,40.473630302379334,3.09895066305206,14,0.995,53
1606.75,GT-0025,107008.63350250255,-179465.78103929496,114.12043552548857,-197.07514929297304,42.46711543993832,3.33421043275439,42.46711543993832,3.33421043275439,42.46711543993832,3.33421043275439,14,0.995,53
1608.18,GT-0025,107171.80719471602,-179747.58249448868,114.11525152720151,-197.07379513316482,44.010754327731114,3.78579884074116,44.010754327731114,3.78579884074116,44.010754327731114,3.78579884074116,14,0.99,53
1608.45,GT-0025,107202.5975992884,-179800.79313023773,114.11523094119593,-197.07149847324672,44.377380933473184,3.8630641445546545,44.377380933473184,3.8630641445546545,44.377380933473184,3.8630641445546545,14,0.99,53
1609.24,GT-0025,107295.50494056055,-179961.01585064782,114.00018628224416,-196.83966515425527,43.77189262776199,2.2667090178290925,43.77189262776199,2.2667090178290925,43.77189262776199,2.2667090178290925,14,0.996,53
1611.23,GT-0025,107503.74472539593,-180411.73688584272,113.38784825679654,-196.49424255347665,39.67466578123604,0.6615047024407719,39.67466578123604,0.6615047024407719,39.67466578123604,0.6615047024407719,14,0.997,53
1613.37,GT-0025,107746.3981178998,-180832.2117348794,113.39081738620246,-196.49438595088145,39.81117387023618,2.2921579606526614,39.81117387023618,2.2921579606526614,39.81117387023618,2.2921579606526614,14,0.992,53
1613.47,GT-0025,107757.7405077227,-180851.8948940144,113.39458244522018,-196.49273483309514,39.84016246912089,2.337082399458158,39.84016246912089,2.337082399458158,39.84016246912089,2.337082399458158,14,0.994,53
1613.86,GT-0025,107801.9651431662,-180928.50297891253,113.39668204796538,-196.49381377167606,39.93159050716942,2.5156602437778246,39.93159050716942,2.5156602437778246,39.93159050716942,2.5156602437778246,14,0.994,53
1615.82,GT-0025,108025.53239593313,-181341.58920966304,113.81625676164322,-198.13005583504398,39.67158879730921,0.6615067988878021,39.67158879730921,0.6615067988878021,39.67158879730921,0.6615067988878021,14,0.997,53
1618.2,GT-0025,108296.41074794061,-181813.09628408487,113.81478022851752,-198.12246724807312,39.83759389914234,2.3988533172658837,39.83759389914234,2.3988533172658837,39.83759389914234,2.3988533172658837,14,0.996,53
1619.11,GT-0025,108399.96174064354,-181993.3685892738,113.81229450964815,-198.1227624058406,40.09055695204969,2.7930758351797564,40.09055695204969,2.7930758351797564,40.09055695204969,2.7930758351797564,14,0.992,53
1620.22,GT-0025,108526.28682413665,-182213.25031432614,113.79814580205448,-198.1185545266244,40.60293092531702,3.198385490494352,40.60293092531702,3.198385490494352,40.60293092531702,3.198385490494352,14,0.994,53
1622.67,GT-0025,108802.83789048916,-182695.01134901412,113.22739430321144,-197.14084974054686,42.00580859574482,2.51649980800726,42.00580859574482,2.51649980800726,42.00580859574482,2.51649980800726,14,0.996,53
1625.14,GT-0025,109080.45503169582,-183176.50150141647,113.08868001409269,-196.41713744433218,43.31712833777963,2.426489773618461,43.31712833777963,2.426489773618461,43.31712833777963,2.426489773618461,14,0.996,53
1626.62,GT-0025,109247.77331361412,-183467.14748635277,113.08584549120951,-196.41470616050765,44.19521874583753,3.0270942435763177,44.19521874583753,3.0270942435763177,44.19521874583753,3.0270942435763177,14,0.995,54
1627.77,GT-0025,109375.1322765263,-183694.67405060618,113.27074449456654,-196.97873629709648,44.64156438804335,2.3731676103101056,44.64156438804335,2.3731676103101056,44.64156438804335,2.3731676103101056,14,0.996,54
1635.34,GT-0025,110236.89482276759,-185188.3935021196,113.1143403805047,-197.40013703094246,50.97278267810445,2.7389570982513325,50.97278267810445,2.7389570982513325,50.97278267810445,2.7389570982513325,13,0.995,55
1635.88,GT-0025,110298.0067394734,-185294.91141004162,113.1153238520219,-197.39336562214248,51.427440086198125,2.950734963178991,51.427440086198125,2.950734963178991,51.427440086198125,2.950734963178991,13,0.993,56
1637.63,GT-0025,110500.27203934874,-185630.69983465693,113.73241099719917,-196.22509865300862,51.10314050577336,1.6121424642399782,51.10314050577336,1.6121424642399782,51.10314050577336,1.6121424642399782,13,0.996,56
1639.48,GT-0025,110713.31818656977,-185994.5809182942,113.71256748005305,-196.31161305835423,51.455034959625586,1.8474280239350158,51.455034959625586,1.8474280239350158,51.455034959625586,1.8474280239350158,13,0.996,56
1641.3,GT-0025,110920.24003094976,-186351.79736493508,113.71189105297151,-196.31234201799202,51.907222065718095,2.733718616266362,51.907222065718095,2.733718616266362,51.907222065718095,2.733718616266362,13,0.995,56
1642.07,GT-0025,111023.0286847783,-186513.06692765703,113.84156083969367,-196.96435181870652,51.889334604574685,1.6987747201366272,51.889334604574685,1.6987747201366272,51.889334604574685,1.6987747201366272,13,0.996,56
1643.92,GT-0025,111233.65491256469,-186877.39042177354,113.84337355539878,-196.9620806262484,52.27323488160091,2.654887085016028,52.27323488160091,2.654887085016028,52.27323488160091,2.654887085016028,13,0.992,57
1644.62,GT-0025,111322.58463131839,-187008.76538333378,114.67999301161544,-196.49237593742274,52.21489226242243,1.5052073574478912,52.21489226242243,1.5052073574478912,52.21489226242243,1.5052073574478912,13,0.996,57
1647.27,GT-0025,111626.44200243094,-187529.45039541673,114.67548340737244,-196.49385954305353,52.72660890866528,2.8689668138191524,52.72660890866528,2.8689668138191524,52.72660890866528,2.8689668138191524,13,0.991,57
1647.46,GT-0025,111648.16504239688,-187566.79104707422,114.66755397741633,-196.48610105506305,52.8024713450985,2.934441860118973,52.8024713450985,2.934441860118973,52.8024713450985,2.934441860118973,13,0.994,57
1649.57,GT-0025,111937.24687018387,-187926.55978270646,113.12057114619624,-197.6818662455834,39.67994269957353,0.6615094439272188,39.67994269957353,0.6615094439272188,39.67994269957353,0.6615094439272188,14,0.997,57
1652.01,GT-0025,112213.23982411102,-188408.9135857497,113.12056594284064,-197.68558605919497,39.86261271106226,2.4304681629550484,39.86261271106226,2.4304681629550484,39.86261271106226,2.4304681629550484,14,0.995,57
1652.02,GT-0025,112214.35154399613,-188410.88430816832,113.11887789382769,-197.6870828779479,39.88386726451392,2.43573661990031,39.88386726451392,2.43573661990031,39.88386726451392,2.43573661990031,14,0.99,57
1652.27,GT-0025,112242.6351271307,-188460.31264674992,113.1174098648512,-197.68677972333296,39.95683098579094,2.5492063322707903,39.95683098579094,2.5492063322707903,39.95683098579094,2.5492063322707903,14,0.989,57
1656.92,GT-0025,112768.63047485781,-189379.47603556703,113.11876059098176,-197.6674201764854,43.5969572108597,4.115505797368404,43.5969572108597,4.115505797368404,43.5969572108597,4.115505797368404,14,0.99,57
1657.04,GT-0025,112776.59900323875,-189439.10234573018,114.10804885241069,-196.59246427509177,39.67236775169454,0.6615111334889953,39.67236775169454,0.6615111334889953,39.67236775169454,0.6615111334889953,14,0.997,58
1660.0,GT-0025,113114.29122148639,-190021.00360479072,114.09158164014104,-196.5818419905811,39.97127967694259,2.653091100914828,39.97127967694259,2.653091100914828,39.97127967694259,2.653091100914828,14,0.996,58
1660.62,GT-0025,113185.02854647292,-190142.8862257942,114.09365438218799,-196.58270690435052,40.198166009593976,2.9052529211521567,40.198166009593976,2.9052529211521567,40.198166009593976,2.9052529211521567,14,0.989,58
1662.48,GT-0025,113395.06590087636,-190509.42101029266,114.18755300244425,-196.34309403309226,41.17190179867045,2.773845931380183,41.17190179867045,2.773845931380183,41.17190179867045,2.773845931380183,14,0.995,58
1662.7,GT-0025,113420.17433064304,-190552.60770409284,114.18542628199316,-196.34591771950272,41.30581078479502,2.860231560353124,41.30581078479502,2.860231560353124,41.30581078479502,2.860231560353124,14,0.993,58
1665.23,GT-0025,113693.40878325279,-191084.16782231597,113.0625268195757,-196.710736417653,39.67277356428479,0.661509238278699,39.67277356428479,0.661509238278699,39.67277356428479,0.661509238278699,14,0.997,58
1666.53,GT-0025,113840.34441260136,-191339.8730711333,113.06394055643133,-196.71215462539152,39.71910399779496,1.8333333847676876,39.71910399779496,1.8333333847676876,39.71910399779496,1.8333333847676876,14,0.994,58
1667.59,GT-0025,113960.16789666223,-191548.32781824132,113.06558239032557,-196.70965366635176,39.851223426726115,2.389282378603124,39.851223426726115,2.389282378603124,39.851223426726115,2.389282378603124,14,0.996,58
1670.54,GT-0025,114293.67708885623,-192128.608134904,113.0628371769958,-196.70422663011823,41.23166712040769,3.4992131364745394,41.23166712040769,3.4992131364745394,41.23166712040769,3.4992131364745394,14,0.995,58
1671.45,GT-0025,114395.18284845806,-192304.60604359637,113.07826089315859,-196.1849592831959,42.05334156945748,3.4195968401816073,42.05334156945748,3.4195968401816073,42.05334156945748,3.4195968401816073,14,0.995,58
1672.96,GT-0025,114559.49558872316,-192604.68755322343,112.60297578711197,-197.392918753324,42.7117386313951,2.416705153585335,42.7117386313951,2.416705153585335,42.7117386313951,2.416705153585335,14,0.996,58
1675.51,GT-0025,114810.2861324841,-193066.25681089394,112.35076833139098,-196.51648707618568,39.67398883421986,0.6615071876118189,39.67398883421986,0.6615071876118189,39.67398883421986,0.6615071876118189,14,0.997,58
1676.17,GT-0025,114884.42862313813,-193195.96219142195,112.35057794565996,-196.5170936355124,39.69536226378078,1.3866993703132964,39.69536226378078,1.3866993703132964,39.69536226378078,1.3866993703132964,14,0.994,58
1677.98,GT-0025,115087.8079104778,-193551.68513353207,112.3585570071225,-196.51548491504172,39.8733830534692,2.440169262057118,39.8733830534692,2.440169262057118,39.8733830534692,2.440169262057118,14,0.996,58
1680.84,GT-0025,115409.21124281092,-194113.7634701015,112.3757959092186,-196.53116452178165,41.249136425190976,3.5052807110729463,41.249136425190976,3.5052807110729463,41.249136425190976,3.5052807110729463,14,0.995,58
1681.41,GT-0025,115473.26285374055,-194225.78446409287,112.37562969589999,-196.52957376433187,41.783597602513346,3.68487050965707,41.783597602513346,3.68487050965707,41.783597602513346,3.68487050965707,14,0.988,59
1682.29,GT-0025,115582.08096125504,-194417.13069930393,114.0455977396742,-195.63067776744612,39.67210944630648,0.6615104479395162,39.67210944630648,0.6615104479395162,39.67210944630648,0.6615104479395162,14,0.997,59
1684.01,GT-0025,115778.23737286075,-194753.58515522254,114.0446106336681,-195.63610297399765,39.7498134594539,2.0731580738115785,39.7498134594539,2.0731580738115785,39.7498134594539,2.0731580738115785,14,0.995,60
1684.82,GT-0025,115857.73814175375,-194936.44230691934,114.79491809571803,-196.6016721136771,39.671344743332064,0.6614969177948767,39.671344743332064,0.6614969177948767,39.671344743332064,0.6614969177948767,14,0.997,60
1687.69,GT-0025,116187.22675654189,-195500.68845631165,114.79055212703668,-196.60261882176724,39.95176723304075,2.6203694507342368,39.95176723304075,2.6203694507342368,39.95176723304075,2.6203694507342368,14,0.995,60
1688.19,GT-0025,116244.62865320864,-195598.98232642625,114.79223360155038,-196.60115000225733,40.12450571326615,2.827407599807024,40.12450571326615,2.827407599807024,40.12450571326615,2.827407599807024,14,0.99,60
1690.04,GT-0025,116456.97842582145,-195962.73428051814,114.79052749529274,-196.61613917697468,41.169229895841326,3.472510846133386,41.169229895841326,3.472510846133386,41.169229895841326,3.472510846133386,14,0.994,60
1692.34,GT-0025,116730.40835880565,-196414.20700706157,115.72640940503561,-196.39080632284276,42.44211561347746,2.4135914318497735,42.44211561347746,2.4135914318497735,42.44211561347746,2.4135914318497735,14,0.996,60
1692.75,GT-0025,116777.87700096435,-196494.70555879065,115.73035047152734,-196.38765109158112,42.676767414099466,2.5977454828337594,42.676767414099466,2.5977454828337594,42.676767414099466,2.5977454828337594,14,0.992,60
1693.37,GT-0025,116849.6278998143,-196616.45476872518,115.73001768993663,-196.38575645545552,43.07321990521276,2.8549018032241076,43.07321990521276,2.8549018032241076,43.07321990521276,2.8549018032241076,14,0.986,60
1694.5,GT-0025,116980.24764583143,-196838.32854867252,115.702611710989,-196.3714692174226,43.94300854452909,3.233579110349714,43.94300854452909,3.233579110349714,43.94300854452909,3.233579110349714,14,0.994,60
1697.24,GT-0025,117297.27739140169,-197376.380726846,115.70395590473527,-196.37762340779136,47.27406929082414,4.074146680296524,47.27406929082414,4.074146680296524,47.27406929082414,4.074146680296524,13,0.991,60
1697.29,GT-0025,117299.2398637002,-197370.59259906705,115.26663616588326,-193.99649731025465,45.31041068502755,2.1685393138485693,45.31041068502755,2.1685393138485693,45.31041068502755,2.1685393138485693,14,0.996,60
1700.14,GT-0025,117629.36167293348,-197924.3177803667,116.31064454287889,-194.77166254176996,46.585432262828675,2.2645684667546075,46.585432262828675,2.2645684667546075,46.585432262828675,2.2645684667546075,13,0.996,60
1701.58,GT-0025,117796.84744877458,-198204.76485796558,116.31039062769537,-194.7715781019583,47.30129147507211,2.8936935673323556,47.30129147507211,2.8936935673323556,47.30129147507211,2.8936935673323556,13,0.99,60
1702.39,GT-0025,117891.05467450204,-198362.61390797014,116.31075507302307,-194.78483938894988,47.840355231485304,3.1824806674643122,47.840355231485304,3.1824806674643122,47.840355231485304,3.1824806674643122,13,0.994,60
1702.58,GT-0025,117913.11094908751,-198399.6158083807,116.30837387634756,-194.7879872164035,47.994902182765934,3.2431962956304297,47.994902182765934,3.2431962956304297,47.994902182765934,3.2431962956304297,13,0.994,60
1704.94,GT-0025,118123.26607137182,-198902.78734267587,118.82411052619028,-193.96872873008374,39.677306007900796,0.6615104838759022,39.677306007900796,0.6615104838759022,39.677306007900796,0.6615104838759022,14,0.997,60
1705.2,GT-0025,118154.15058274714,-198953.22102631506,118.82368552064051,-193.96919302511554,39.69713792057925,1.011702569098651,39.69713792057925,1.011702569098651,39.69713792057925,1.011702569098651,14,0.991,60
1707.34,GT-0025,118408.44358389985,-199368.31176686747,118.82393288101008,-193.9692638926739,39.87745780571065,2.4165296979411974,39.87745780571065,2.4165296979411974,39.87745780571065,2.4165296979411974,14,0.991,60
1709.7,GT-0025,118688.87028196137,-199826.0653347014,118.83028699604415,-193.96631713242277,40.86099866213423,3.338160032647809,40.86099866213423,3.338160032647809,40.86099866213423,3.338160032647809,14,0.99,60
1711.69,GT-0025,118925.36430752193,-200212.04036876667,118.83490410099012,-193.96118901765658,42.791396159444226,3.953487867212798,42.791396159444226,3.953487867212798,42.791396159444226,3.953487867212798,14,0.987,60
1712.15,GT-0025,118980.07977846079,-200301.19057055298,118.84682089992657,-193.94260001148905,43.42345808950612,4.079536097290033,43.42345808950612,4.079536097290033,43.42345808950612,4.079536097290033,14,0.99,60
1714.4,GT-0025,119282.08623441895,-200713.30673786637,125.47489142567247,-189.08585400626544,46.487328685168265,3.565800394386559,46.487328685168265,3.565800394386559,46.487328685168265,3.565800394386559,13,0.993,60
1716.92,GT-0025,119598.31288487429,-201189.78528266528,125.48083261957254,-189.08504228817947,50.59043699925972,4.288877199813115,50.59043699925972,4.288877199813115,50.59043699925972,4.288877199813115,13,0.987,60
1716.93,GT-0025,119599.76315950791,-201191.58431733114,125.5135836698355,-189.06733492723833,50.61924528023245,4.288062357772678,50.61924528023245,4.288062357772678,50.61924528023245,4.288062357772678,13,0.99,60
1719.24,GT-0025,119889.69953778523,-201628.32986101304,125.5135836698355,-189.06733492723833,55.93789061452188,4.8564368403333384,55.93789061452188,4.8564368403333384,55.93789061452188,4.8564368403333384,13,0.96,60
1721.88,GT-0025,120221.0553986736,-202127.46762522098,125.5135836698355,-189.06733492723833,63.938977586188216,5.433689242507993,63.938977586188216,5.433689242507993,63.938977586188216,5.433689242507993,12,0.931,60
1721.88,GT-0027,120518.0397382268,-201886.97494941016,149.66815708654096,-172.12475731744408,121.30993506418187,2.0224333965345305,121.30993506418187,2.0224333965345305,121.30993506418187,2.0224333965345305,10,0.902,1
1723.39,GT-0025,120410.58091001505,-202412.9593009611,125.5135836698355,-189.06733492723833,69.40102515543333,5.737811323505423,69.40102515543333,5.737811323505423,69.40102515543333,5.737811323505423,12,0.903,60
1723.39,GT-0027,120743.99707227525,-202146.97201034965,149.66844284438594,-172.12109133351458,121.40873446661737,2.737278064060983,121.40873446661737,2.737278064060983,121.40873446661737,2.737278064060983,10,0.961,2
1724.59,GT-0025,120561.19721041883,-202639.84010287377,125.5135836698355,-189.06733492723833,74.17276495364848,5.968456985196982,74.17276495364848,5.968456985196982,74.17276495364848,5.968456985196982,12,0.876,60
1724.59,GT-0027,120923.59920368849,-202353.51731994984,149.66844284438594,-172.12109133351458,121.54494577878081,3.1925994424589246,121.54494577878081,3.1925994424589246,121.54494577878081,3.1925994424589246,10,0.933,2
1724.93,GT-0027,120974.4864742556,-202412.03849100324,149.66844284438594,-172.12109133351458,121.60406809269891,3.3102403538095784,121.60406809269891,3.3102403538095784,121.60406809269891,3.3102403538095784,10,0.905,2
1724.93,GT-0028,120829.77496704516,-202351.36414747912,161.59507376755425,-163.11526306426325,91.78127656391268,1.7622491975762693,91.78127656391268,1.7622491975762693,91.78127656391268,1.7622491975762693,11,0.858,2
1727.15,GT-0027,121306.75041737013,-202794.14731376365,149.66844284438594,-172.12109133351458,122.27714917032216,3.9940820221910096,122.27714917032216,3.9940820221910096,122.27714917032216,3.9940820221910096,10,0.878,2
1727.15,GT-0028,121188.54456189813,-202713.54420967857,161.5950051632011,-163.11334712381222,91.96255739854614,2.8459497284410635,91.96255739854614,2.8459497284410635,91.96255739854614,2.8459497284410635,11,0.959,2
1728.85,GT-0027,121561.19809129776,-203086.72271172455,149.6729012461094,-172.1152767811344,123.26608648128139,4.44828567512358,123.26608648128139,4.44828567512358,123.26608648128139,4.44828567512358,10,0.95,2
1728.85,GT-0028,121463.25607067555,-202990.83689978902,161.5950051632011,-163.11334712381222,92.35595151476713,3.4531767775214397,92.35595151476713,3.4531767775214397,92.35595151476713,3.4531767775214397,11,0.931,2
1729.82,GT-0027,121706.38080550649,-203253.67453020226,149.6729012461094,-172.1152767811344,123.99718289340407,4.687189504117548,123.99718289340407,4.687189504117548,123.99718289340407,4.687189504117548,10,0.921,2
1729.82,GT-0028,121620.11031025424,-203149.1066944566,161.6055943127397,-163.09571122177124,92.75560977355244,3.75128087257935,92.75560977355244,3.75128087257935,92.75560977355244,3.75128087257935,11,0.979,2
1731.47,GT-0027,121953.34109256258,-203537.66473689114,149.6729012461094,-172.1152767811344,125.61839937181855,5.067765330745881,125.61839937181855,5.067765330745881,125.61839937181855,5.067765330745881,10,0.893,2
1731.47,GT-0028,121886.92287147697,-203418.08142953095,161.62376931247377,-163.0814790761567,93.75048491866923,4.210052317396081,93.75048491866923,4.210052317396081,93.75048491866923,4.210052317396081,11,0.989,2
1733.56,GT-0027,122266.51253310242,-203896.8548647265,149.7354825576822,-172.064583600471,128.43744466162198,5.503102524884596,128.43744466162198,5.503102524884596,128.43744466162198,5.503102524884596,10,0.968,2
1733.56,GT-0028,122224.71654934002,-203758.9217208001,161.62376931247377,-163.0814790761567,95.71491207823232,4.735719640689463,95.71491207823232,4.735719640689463,95.71491207823232,4.735719640689463,11,0.96,2
1736.37,GT-0027,122687.2692390895,-204380.35634464383,149.7354825576822,-172.064583600471,133.71359750391804,6.050341924171814,133.71359750391804,6.050341924171814,133.71359750391804,6.050341924171814,10,0.939,2
1736.37,GT-0028,122788.71581943866,-204186.94716810662,167.70226623395487,-157.29157835126662,91.73840612802053,1.5296371965660331,91.73840612802053,1.5296371965660331,91.73840612802053,1.5296371965660331,11,0.988,3
1738.44,GT-0027,122997.22168798393,-204736.53003269684,149.7354825576822,-172.064583600471,138.78907993351132,6.423716790098351,138.78907993351132,6.423716790098351,138.78907993351132,6.423716790098351,10,0.91,2
1738.44,GT-0028,123135.90665150258,-204512.4804779593,167.69844604456316,-157.29213960850225,91.86057984979973,2.6452665180191537,91.86057984979973,2.6452665180191537,91.86057984979973,2.6452665180191537,11,0.99,3
1740.96,GT-0027,123374.55510402928,-205170.13278337003,149.7354825576822,-172.064583600471,146.38087033308483,6.8508493925491765,146.38087033308483,6.8508493925491765,146.38087033308483,6.8508493925491765,9,0.883,2
1740.96,GT-0028,123566.12465672953,-205034.9920409574,167.6050369658039,-156.2913730437939,91.73649510935884,1.5295643751026151,91.73649510935884,1.5295643751026151,91.73649510935884,1.5295643751026151,11,0.993,3
1742.73,GT-0027,123639.58690815637,-205474.68709634285,149.7354825576822,-172.064583600471,152.6436796635818,7.135589492073614,152.6436796635818,7.135589492073614,152.6436796635818,7.135589492073614,9,0.857,2
1742.73,GT-0028,123862.79847081716,-205311.60709304243,167.6043821628652,-156.29051716508985,91.843823761737,2.5155185911100055,91.843823761737,2.5155185911100055,91.843823761737,2.5155185911100055,11,0.986,4
1742.92,GT-0028,123894.64290500814,-205341.22078955508,167.6031141378589,-156.28539391365936,91.89198648776855,2.599173757973807,91.89198648776855,2.599173757973807,91.89198648776855,2.599173757973807,11,0.989,4
1745.0,GT-0028,124315.0099415876,-205371.9922743138,166.3701079770139,-154.93917883165832,91.73649284980377,1.5295493840740602,91.73649284980377,1.5295493840740602,91.73649284980377,1.5295493840740602,11,0.993,4
1746.03,GT-0028,124486.37660139661,-205531.62408224036,166.37051244660526,-154.93922782882223,91.79579468730154,2.1588680791263353,91.79579468730154,2.1588680791263353,91.79579468730154,2.1588680791263353,11,0.989,5
1747.07,GT-0028,124659.42350936923,-205692.78718963527,166.36681129827997,-154.94695778498536,91.88832214245753,2.6449367311888468,91.88832214245753,2.6449367311888468,91.88832214245753,2.6449367311888468,11,0.991,5
1747.08,GT-0028,124661.07645259064,-205694.30697763007,166.3680987711195,-154.94332161311894,91.92690485862235,2.6497708692726087,91.92690485862235,2.6497708692726087,91.92690485862235,2.6497708692726087,11,0.989,5
1750.29,GT-0028,125194.99505784968,-206191.65278725405,166.3523012938894,-154.94368798919982,92.80805413364479,3.7693693074926213,92.80805413364479,3.7693693074926213,92.80805413364479,3.7693693074926213,11,0.992,5
1753.16,GT-0028,125672.56718610653,-206636.3621934488,166.37002244227597,-154.941431032707,94.87082494468581,4.536638049770988,94.87082494468581,4.536638049770988,94.87082494468581,4.536638049770988,11,0.992,5
1753.68,GT-0028,125759.06539367037,-206716.9451937879,166.37020202085455,-154.94141300839965,95.4561230681851,4.66538463017418,95.4561230681851,4.66538463017418,95.4561230681851,4.66538463017418,11,0.986,5
1755.48,GT-0028,126057.9340384275,-207001.23752351356,165.841239516114,-155.2215947138593,97.59986838078643,4.565278154067252,97.59986838078643,4.565278154067252,97.59986838078643,4.565278154067252,11,0.991,5
1757.54,GT-0028,126480.44370227205,-207324.84373186648,164.95248794430324,-156.45693312569676,91.73954073978375,1.5296292211518085,91.73954073978375,1.5296292211518085,91.73954073978375,1.5296292211518085,11,0.993,5
1758.98,GT-0028,126717.95912357613,-207550.08696131792,164.95078388767513,-156.45683342829074,91.8159316080174,2.362810613266944,91.8159316080174,2.362810613266944,91.8159316080174,2.362810613266944,11,0.99,5
1760.12,GT-0028,126905.92595745654,-207728.41442499566,164.95026157146498,-156.45738447096286,91.97367909904547,2.8553487943263782,91.97367909904547,2.8553487943263782,91.97367909904547,2.8553487943263782,11,0.988,5
1760.41,GT-0028,126953.75231035554,-207773.76086628836,164.9572120460153,-156.45439179709317,92.05109802371952,2.9670614375818998,92.05109802371952,2.9670614375818998,92.05109802371952,2.9670614375818998,11,0.99,5
1763.23,GT-0028,127418.92758282914,-208214.96351157292,164.9640471876396,-156.45815548729092,93.02399084002018,3.8867936810794634,93.02399084002018,3.8867936810794634,93.02399084002018,3.8867936810794634,11,0.992,5
1765.51,GT-0028,127795.06406394501,-208571.45386836655,164.96778659723145,-156.4183627621976,94.7029522413273,4.48960028366534,94.7029522413273,4.48960028366534,94.7029522413273,4.48960028366534,11,0.992,5
1765.61,GT-0028,127811.52314454301,-208587.04664454353,164.97061210399806,-156.41479813737396,94.84187608135854,4.5156414903067015,94.84187608135854,4.5156414903067015,94.84187608135854,4.5156414903067015,11,0.987,5
1768.84,GT-0028,128344.4741142988,-209092.0622454838,164.9809119781048,-156.39809932622848,99.12888706967175,5.251457353571989,99.12888706967175,5.251457353571989,99.12888706967175,5.251457353571989,11,0.99,5
1769.27,GT-0028,128415.38822105792,-209159.27522488296,164.97351618005814,-156.39627351307308,99.90938995023667,5.339266316932597,99.90938995023667,5.339266316932597,99.90938995023667,5.339266316932597,11,0.989,5
1769.87,GT-0028,128514.40011603621,-209253.05925949747,164.97766268243686,-156.39697403531773,101.0843168671635,5.465732072752921,101.0843168671635,5.465732072752921,101.0843168671635,5.465732072752921,11,0.985,5
1771.78,GT-0028,128832.98965649233,-209515.39445697344,166.8909840189183,-154.64803218525458,102.11317759958932,4.019963729256598,102.11317759958932,4.019963729256598,102.11317759958932,4.019963729256598,11,0.991,5
1772.51,GT-0028,128954.85699185614,-209628.26430052408,166.89595572869052,-154.64693705184527,102.96395417575546,4.216084321150219,102.96395417575546,4.216084321150219,102.96395417575546,4.216084321150219,11,0.99,5
1774.16,GT-0028,129230.2334212376,-209883.28257464973,166.90107616456385,-154.63954116231844,105.17270098943435,4.630729555496152,105.17270098943435,4.630729555496152,105.17270098943435,4.630729555496152,11,0.99,5
1776.45,GT-0028,129612.55457200533,-210237.39507224312,166.9148629055685,-154.6371387828267,109.0491497568021,5.149937482292864,109.0491497568021,5.149937482292864,109.0491497568021,5.149937482292864,10,0.99,5
1776.79,GT-0028,129670.08496629003,-210288.80204116722,166.95273255658276,-154.65138147390462,109.71003644825932,5.165885868876711,109.71003644825932,5.165885868876711,109.71003644825932,5.165885868876711,10,0.99,5
1781.26,GT-0028,130416.35117590982,-210980.0706716833,166.95315950988243,-154.64759053725447,120.6247231691887,6.063001116621188,120.6247231691887,6.063001116621188,120.6247231691887,6.063001116621188,10,0.985,5
1782.55,GT-0028,130725.96081501171,-211008.8381260835,166.826253902407,-151.6425658356284,91.7484321704528,1.5296463196224968,91.7484321704528,1.5296463196224968,91.7484321704528,1.5296463196224968,11,0.992,6
1784.39,GT-0028,131034.84849651919,-211272.09200003857,166.69254233950548,-151.52471294218853,91.73633330695796,1.529429948979425,91.73633330695796,1.529429948979425,91.73633330695796,1.529429948979425,11,0.993,6
1786.71,GT-0028,131421.5607473225,-211623.64342153858,166.69572276217787,-151.52785100483027,91.87553849659584,2.748216709161949,91.87553849659584,2.748216709161949,91.87553849659584,2.748216709161949,11,0.992,6
1787.13,GT-0028,131491.57255865177,-211687.27064961116,166.6952469531252,-151.5285804488849,91.98015696231947,2.9163618742596453,91.98015696231947,2.9163618742596453,91.98015696231947,2.9163618742596453,11,0.986,6
1788.65,GT-0028,131744.99736528643,-211917.5366028408,166.69462342651786,-151.52830784530784,92.37636227554519,3.4521181034146426,92.37636227554519,3.4521181034146426,92.37636227554519,3.4521181034146426,11,0.989,6
1791.44,GT-0028,132115.5111465472,-212362.3376146297,167.47619104367763,-154.20809131429775,91.73689521469471,1.5296057790044753,91.73689521469471,1.5296057790044753,91.73689521469471,1.5296057790044753,11,0.993,6
1791.83,GT-0028,132180.87041324846,-212422.41806329033,167.47663990880903,-154.20639467341982,91.77665176989679,1.794324103709318,91.77665176989679,1.794324103709318,91.77665176989679,1.794324103709318,11,0.99,6
1793.99,GT-0028,132581.5101796932,-212530.97856224867,166.96340935332745,-152.81214727289384,91.73637789247816,1.52948469529955,91.73637789247816,1.52948469529955,91.73637789247816,1.52948469529955,11,0.993,6
1797.18,GT-0028,133114.1721013306,-213018.59608370226,166.96272697742995,-152.8066755626312,92.01777103259435,3.082872283891825,92.01777103259435,3.082872283891825,92.01777103259435,3.082872283891825,11,0.992,6
1799.92,GT-0028,133571.56211261117,-213437.26933742006,166.96975514612086,-152.8076418489245,93.06122919629307,3.952768423563491,93.06122919629307,3.952768423563491,93.06122919629307,3.952768423563491,11,0.992,6
1802.53,GT-0028,134169.82540487635,-213859.663636769,169.09679387917186,-152.06583992824156,91.73717828750078,1.5296196274997045,91.73717828750078,1.5296196274997045,91.73717828750078,1.5296196274997045,11,0.993,6
1802.54,GT-0028,134171.47023330495,-213861.21517409937,169.09695679954558,-152.0660188384922,91.7805159686157,1.5376823374990847,91.7805159686157,1.5376823374990847,91.7805159686157,1.5376823374990847,11,0.988,7
1804.57,GT-0028,134514.6351055034,-214169.84908749783,169.09980971279015,-152.06411207372057,91.89949738791434,2.6329022890264,91.89949738791434,2.6329022890264,91.89949738791434,2.6329022890264,11,0.99,7
1806.66,GT-0028,134868.05273430722,-214487.6333445559,169.09996525628418,-152.0644382383805,92.36064398140904,3.4123820178836137,92.36064398140904,3.4123820178836137,92.36064398140904,3.4123820178836137,11,0.985,7
1807.53,GT-0028,135015.17036420945,-214619.9031279862,169.0970336337728,-152.06284864476163,92.71249388564064,3.6863867309079152,92.71249388564064,3.6863867309079152,92.71249388564064,3.6863867309079152,11,0.989,7
1807.61,GT-0028,135028.66528824798,-214632.07546660444,169.09686831162423,-152.06432861359588,92.79222513101624,3.7122031970861493,92.79222513101624,3.7122031970861493,92.79222513101624,3.7122031970861493,11,0.985,8
1810.16,GT-0028,135459.83050137098,-215019.79654054277,169.08321399445913,-152.05934345229093,94.46227109808132,4.409495318906132,94.46227109808132,4.409495318906132,94.46227109808132,4.409495318906132,11,0.991,8
1810.36,GT-0028,135493.53299252098,-215050.21967710115,169.076311216038,-152.0565949166173,94.6675001452586,4.456202056367366,94.6675001452586,4.456202056367366,94.6675001452586,4.456202056367366,11,0.991,8
1813.07,GT-0028,135951.68426344005,-215462.33995203424,169.0755293205798,-152.06314366131846,97.95935519098009,5.0878151026290945,97.95935519098009,5.0878151026290945,97.95935519098009,5.0878151026290945,11,0.99,8
1814.63,GT-0028,136215.39515118249,-215699.54363456095,169.0660250073829,-152.05944666950563,100.66850603163634,5.423309226591257,100.66850603163634,5.423309226591257,100.66850603163634,5.423309226591257,11,0.985,8
1815.29,GT-0028,136326.63616147637,-215799.49932732724,169.0167702423346,-152.01983718869178,101.98139886348986,5.5251016357557825,101.98139886348986,5.5251016357557825,101.98139886348986,5.5251016357557825,11,0.989,8
1817.79,GT-0028,136731.8241039147,-216173.18273947257,166.9683774615496,-151.22850047006432,107.01810725706038,5.201530863310011,107.01810725706038,5.201530863310011,107.01810725706038,5.201530863310011,10,0.99,8
1818.38,GT-0028,136830.21673141402,-216262.3534212239,166.95551328256397,-151.22391764636268,108.25929270820983,5.326747103594059,108.25929270820983,5.326747103594059,108.25929270820983,5.326747103594059,10,0.988,8
1820.28,GT-0028,137152.82445474085,-216554.22455757068,167.15289298704374,-152.12626381446535,111.87964121841969,5.018846026977118,111.87964121841969,5.018846026977118,111.87964121841969,5.018846026977118,10,0.99,8
1822.36,GT-0028,137389.42705777756,-216685.69634357185,168.39497730446737,-152.3114873616043,91.7473731517472,1.5296344537581672,91.7473731517472,1.5296344537581672,91.7473731517472,1.5296344537581672,11,0.993,8
1825.06,GT-0028,137844.0140355584,-217097.08083220775,168.39564255042518,-152.32155191548287,91.94050458254048,2.899278630619031,91.94050458254048,2.899278630619031,91.94050458254048,2.899278630619031,11,0.992,8
1826.34,GT-0028,138059.53841421765,-217292.0401607007,168.3956779711408,-152.3208314488278,92.27131313372045,3.361031255426636,92.27131313372045,3.361031255426636,92.27131313372045,3.361031255426636,11,0.984,9
1828.28,GT-0028,138386.20083373197,-217587.6376899682,168.3895980173453,-152.31591091339465,93.1137750797286,3.9518171611766744,93.1137750797286,3.9518171611766744,93.1137750797286,3.9518171611766744,11,0.99,9
1830.92,GT-0028,138830.6970216153,-217989.83609661795,168.38779478210722,-152.3192172390509,95.27676532575731,4.638192619127827,95.27676532575731,4.638192619127827,95.27676532575731,4.638192619127827,11,0.99,9
1832.89,GT-0028,139162.450199779,-218289.8843899593,168.38830178973058,-152.3195050654649,97.86427563349618,5.09521525211191,97.86427563349618,5.09521525211191,97.86427563349618,5.09521525211191,11,0.985,9
1833.22,GT-0028,139229.7832256456,-218334.05063018875,168.9140554240555,-151.2179939450025,98.04585789238988,4.5007736532698885,98.04585789238988,4.5007736532698885,98.04585789238988,4.5007736532698885,11,0.991,9
1835.01,GT-0028,139531.9911307316,-218604.76827641478,168.9080190132977,-151.22550393604342,100.48773197371455,4.921900608382175,100.48773197371455,4.921900608382175,100.48773197371455,4.921900608382175,11,0.991,10
1836.11,GT-0028,139717.6947768838,-218771.12542053402,168.89500919543707,-151.2086281328784,102.32338902751107,5.159994674120937,102.32338902751107,5.159994674120937,102.32338902751107,5.159994674120937,11,0.99,10
1838.47,GT-0028,140124.2274043069,-219143.7935367082,168.65046698688093,-151.68328077505885,104.04062556038318,3.9100831080769813,104.04062556038318,3.9100831080769813,104.04062556038318,3.9100831080769813,11,0.992,10
1839.22,GT-0028,140250.67943388713,-219257.48091684375,168.6500015116476,-151.68126170391042,104.9009313735306,4.12136230436597,104.9009313735306,4.12136230436597,104.9009313735306,4.12136230436597,11,0.987,10
1840.78,GT-0028,140513.75018873834,-219494.09850627923,168.6484776309394,-151.68307296038847,106.91694947338621,4.528246306239112,106.91694947338621,4.528246306239112,106.91694947338621,4.528246306239112,10,0.986,10
1840.89,GT-0028,140592.4829994804,-219602.29012219666,168.16046469443774,-150.0349922156268,91.74498511653405,1.5296121119594586,91.74498511653405,1.5296121119594586,91.74498511653405,1.5296121119594586,11,0.992,10
1846.11,GT-0028,141470.120266255,-220385.50614967087,168.15166757553823,-150.03362720405403,92.68692588752799,3.748336100139716,92.68692588752799,3.748336100139716,92.68692588752799,3.748336100139716,11,0.992,11
1849.03,GT-0028,141961.13250284092,-220823.63507724446,168.15819464335482,-150.04941911587503,94.76491622993774,4.531653499623561,94.76491622993774,4.531653499623561,94.76491622993774,4.531653499623561,11,0.992,11
1849.62,GT-0028,142060.27528580686,-220911.9911953579,168.16836034191192,-150.044038339287,95.40289583356397,4.670949523844917,95.40289583356397,4.670949523844917,95.40289583356397,4.670949523844917,11,0.991,12
1849.94,GT-0028,142114.06410485806,-220960.01782692308,168.1656837294163,-150.0434610192724,95.81332599126138,4.749316669261444,95.81332599126138,4.749316669261444,95.81332599126138,4.749316669261444,11,0.984,12
1852.18,GT-0028,142490.63982172825,-221295.92568676718,168.16506397763715,-150.02634060329683,99.03206026002673,5.2455432870352405,99.03206026002673,5.2455432870352405,99.03206026002673,5.2455432870352405,11,0.989,12
1854.34,GT-0028,142840.16368943438,-221613.6841747061,167.51192623390648,-151.0897622079019,101.04112228604443,4.123264645568852,101.04112228604443,4.123264645568852,101.04112228604443,4.123264645568852,11,0.991,12
1856.73,GT-0028,143240.4633113056,-221974.83711334964,167.51133274525773,-151.0998057736556,104.18768976080297,4.725459062094199,104.18768976080297,4.725459062094199,104.18768976080297,4.725459062094199,11,0.991,12
1858.51,GT-0028,143436.96660274488,-222033.32930135197,168.57919015733614,-151.94010806488873,91.74340614317494,1.5296290542323343,91.74340614317494,1.5296290542323343,91.74340614317494,1.5296290542323343,11,0.993,12
1858.82,GT-0028,143489.2080648306,-222080.4116738589,168.5796062452127,-151.93964318491732,91.78604978900104,1.7435305004979802,91.78604978900104,1.7435305004979802,91.78604978900104,1.7435305004979802,11,0.989,13
1860.96,GT-0028,143849.93689915084,-222405.54276841058,168.58062256644521,-151.93813643741007,91.96289399371426,2.8035625130312285,91.96289399371426,2.8035625130312285,91.96289399371426,2.8035625130312285,11,0.987,13
1861.0,GT-0028,143856.76075928885,-222411.64154216417,168.57775289596395,-151.93505731933635,91.9878624583146,2.818226907488243,91.9878624583146,2.818226907488243,91.9878624583146,2.818226907488243,11,0.991,13
1862.3,GT-0028,144075.8688825878,-222609.1275715888,168.58032635213368,-151.9404665063978,92.28781358986193,3.296788875152982,92.28781358986193,3.296788875152982,92.28781358986193,3.296788875152982,11,0.989,13
1864.16,GT-0028,144389.49959201322,-222891.747000426,168.58983286196224,-151.93510109902013,93.03544439277049,3.874679115151164,93.03544439277049,3.874679115151164,93.03544439277049,3.874679115151164,11,0.992,13
1865.32,GT-0028,144585.0473247131,-223068.00029023676,168.58565045215232,-151.9321611116934,93.80333841740428,4.199546177193733,93.80333841740428,4.199546177193733,93.80333841740428,4.199546177193733,11,0.986,13
1867.21,GT-0028,144903.72336331604,-223355.06376204896,168.5942728892096,-151.9184925192244,95.52373724339486,4.668240677418055,95.52373724339486,4.668240677418055,95.52373724339486,4.668240677418055,11,0.991,13
1869.63,GT-0028,145299.32202826208,-223718.10730516585,167.2192679310549,-151.6968902631038,98.39738168293623,4.4577835793862866,98.39738168293623,4.4577835793862866,98.39738168293623,4.4577835793862866,11,0.992,13
1871.56,GT-0028,145622.05426230605,-224010.8734585025,167.22096863720208,-151.69810165704803,101.06810726670143,4.922374836592249,101.06810726670143,4.922374836592249,101.06810726670143,4.922374836592249,11,0.986,13
1872.3,GT-0028,145708.1963225065,-224159.92125752833,170.1148171720846,-150.7867337787865,91.74053023906488,1.5296295489037088,91.74053023906488,1.5296295489037088,91.74053023906488,1.5296295489037088,11,0.992,13
1874.27,GT-0028,146043.3393417422,-224456.9397980457,170.1149671236915,-150.78570226916338,91.86490558352376,2.6034350653151046,91.86490558352376,2.6034350653151046,91.86490558352376,2.6034350653151046,11,0.987,13
1874.97,GT-0028,146162.54679461865,-224562.6551640876,170.11467209263407,-150.787166746876,91.97230419266255,2.888616011795665,91.97230419266255,2.888616011795665,91.97230419266255,2.888616011795665,11,0.991,13
1877.1,GT-0028,146524.89623276817,-224883.79803832783,170.1121868525217,-150.7898915045347,92.5832952838236,3.6243480321372794,92.5832952838236,3.6243480321372794,92.5832952838236,3.6243480321372794,11,0.989,13
1877.21,GT-0028,146543.64762135316,-224900.3483552675,170.10675977945863,-150.7945165168021,92.65821263497517,3.6567208780017597,92.65821263497517,3.6567208780017597,92.65821263497517,3.6567208780017597,11,0.99,13
1879.88,GT-0028,146997.848739884,-225302.8828141447,170.1073714085312,-150.79347030775648,94.3711089523642,4.398357180000946,94.3711089523642,4.398357180000946,94.3711089523642,4.398357180000946,11,0.99,13
1881.99,GT-0028,147356.82489962038,-225621.02925727962,170.11099489574394,-150.7909923694524,96.70411266220904,4.906141444366901,96.70411266220904,4.906141444366901,96.70411266220904,4.906141444366901,11,0.989,13
1882.14,GT-0028,147388.5863881151,-225643.21049035946,170.46586394097585,-150.89274403181298,96.86450316125895,4.67808238134818,96.86450316125895,4.67808238134818,96.86450316125895,4.67808238134818,11,0.991,13
1883.47,GT-0028,147615.21531767398,-225843.89512230686,170.46317101233444,-150.8927983489748,98.69589692988137,4.988539764547972,98.69589692988137,4.988539764547972,98.69589692988137,4.988539764547972,11,0.987,13
1884.57,GT-0028,147803.3188268836,-225985.9570508511,170.27323425125792,-149.01223979808128,99.75869002302994,4.312873455194588,99.75869002302994,4.312873455194588,99.75869002302994,4.312873455194588,11,0.991,13
1886.52,GT-0028,148135.301674955,-226276.5346435223,170.2634371838617,-149.02197854214273,102.34209621287194,4.789188187724937,102.34209621287194,4.789188187724937,102.34209621287194,4.789188187724937,11,0.991,13
1887.81,GT-0028,148338.35252678936,-226465.60470028003,168.74044057973128,-149.35485659053484,103.33580592093867,4.041229634251794,103.33580592093867,4.041229634251794,103.33580592093867,4.041229634251794,11,0.992,13
1889.95,GT-0028,148940.5370908387,-226726.5686764731,167.45224544863697,-149.8726852260154,91.74430836410363,1.5296142007281368,91.74430836410363,1.5296142007281368,91.74430836410363,1.5296142007281368,11,0.993,13
1891.59,GT-0028,149215.17188323263,-226972.3329802706,167.4521566125852,-149.87254656691476,91.84147304533593,2.4566738043563077,91.84147304533593,2.4566738043563077,91.84147304533593,2.4566738043563077,11,0.986,14
1892.42,GT-0028,149212.8204300908,-227232.64503553882,169.09554064294355,-150.9302825886981,91.73638985688984,1.5294797406098206,91.73638985688984,1.5294797406098206,91.73638985688984,1.5294797406098206,11,0.992,14
1892.58,GT-0028,149239.85891440397,-227256.8054292185,169.0958642636947,-150.93078143184144,91.78189160278308,1.6437632688810948,91.78189160278308,1.6437632688810948,91.78189160278308,1.6437632688810948,11,0.985,14
1895.25,GT-0028,149529.45574101436,-227494.93786025312,166.82744621169186,-149.35266942796142,91.73639517721257,1.5295006936002529,91.73639517721257,1.5295006936002529,91.73639517721257,1.5295006936002529,11,0.992,14
1895.79,GT-0028,149619.53775555492,-227575.55070532978,166.82665217766046,-149.3519846685206,91.78411792401104,1.8861646854581042,91.78411792401104,1.8861646854581042,91.78411792401104,1.8861646854581042,11,0.987,14
1897.61,GT-0028,149923.2726409324,-227847.2928056223,166.8268256801213,-149.35439360820527,91.92404428339378,2.765122124376534,91.92404428339378,2.765122124376534,91.92404428339378,2.765122124376534,11,0.991,14
1899.85,GT-0028,150225.99460906815,-228242.52946903039,167.717522458765,-150.7478499637291,91.73652570011224,1.529564578451883,91.73652570011224,1.529564578451883,91.73652570011224,1.529564578451883,11,0.993,14
1901.83,GT-0028,150558.05355354177,-228540.99396031603,167.71396836758518,-150.74925408889123,91.85586648319715,2.6072374509856613,91.85586648319715,2.6072374509856613,91.85586648319715,2.6072374509856613,11,0.99,14
1902.77,GT-0028,150715.85116938525,-228682.60650842122,167.71412146986384,-150.74626772944328,92.0038016966865,2.983638539097738,92.0038016966865,2.983638539097738,92.0038016966865,2.983638539097738,11,0.992,14
1903.06,GT-0028,150764.4718291133,-228726.25740279144,167.7133975740123,-150.7468296454718,92.10092522002438,3.091926283744343,92.10092522002438,3.091926283744343,92.10092522002438,3.091926283744343,11,0.988,14
1905.48,GT-0028,151414.60992368925,-228920.19014005616,168.35824807069136,-150.46623004348476,91.73667353561783,1.5295858417521673,91.73667353561783,1.5295858417521673,91.73667353561783,1.5295858417521673,11,0.993,14
1906.79,GT-0028,151635.15301174548,-229117.26429437666,168.3583401444588,-150.46599196774415,91.81119397153543,2.3003734351213043,91.81119397153543,2.3003734351213043,91.81119397153543,2.3003734351213043,11,0.987,14
1908.11,GT-0028,151719.04393887013,-229322.94904076224,167.73312549909087,-146.55193589017193,91.73638621018503,1.5294895747138715,91.73638621018503,1.5294895747138715,91.73638621018503,1.5294895747138715,11,0.992,14
1910.12,GT-0028,152056.14351276643,-229617.55474124046,167.73157237939566,-146.55361569336804,91.86239058772757,2.620415441890624,91.86239058772757,2.620415441890624,91.86239058772757,2.620415441890624,11,0.989,14
1910.8,GT-0028,152170.24906010123,-229717.38758343094,167.7362863710529,-146.55771572590658,91.96884030394817,2.896147299195687,91.96884030394817,2.896147299195687,91.96884030394817,2.896147299195687,11,0.991,14
1913.23,GT-0028,152577.78043917607,-230073.52165925573,167.73579006947466,-146.55747173798284,92.71609995433982,3.722935999574141,92.71609995433982,3.722935999574141,92.71609995433982,3.722935999574141,11,0.988,14
1913.28,GT-0028,152646.92600154344,-230123.54117468075,169.252894423611,-148.01040512749796,91.73662214718313,1.529577291755234,91.73662214718313,1.529577291755234,91.73662214718313,1.529577291755234,11,0.993,14
1915.79,GT-0028,152981.07303895388,-230479.67349334198,168.3075400750902,-148.51694184342102,39.687518341492144,0.6615026005669504,39.687518341492144,0.6615026005669504,39.687518341492144,0.6615026005669504,14,0.997,14
1917.41,GT-0028,153253.72721869673,-230720.24000016061,168.3058273255609,-148.51068084900203,39.758301240204545,2.0197823719205092,39.758301240204545,2.0197823719205092,39.758301240204545,2.0197823719205092,14,0.994,14
1918.1,GT-0028,153369.8653908862,-230822.74140866648,168.30339395895118,-148.5121110591175,39.86218046180269,2.369359785421602,39.86218046180269,2.369359785421602,39.86218046180269,2.369359785421602,14,0.995,14
1922.39,GT-0028,154091.87322573937,-231459.85547611373,168.30084577558227,-148.51177552072022,42.58135134961726,3.90839526913117,42.58135134961726,3.90839526913117,42.58135134961726,3.90839526913117,14,0.988,15
1922.81,GT-0028,154161.75124824775,-231524.2658661758,168.08259911255868,-148.3525709809478,42.14420670832786,2.4865006180063713,42.14420670832786,2.4865006180063713,42.14420670832786,2.4865006180063713,14,0.995,16
1922.89,GT-0028,154175.1989672218,-231536.12806302885,168.08378952931616,-148.35246434293276,42.20380392001205,2.52257210642766,42.20380392001205,2.52257210642766,42.20380392001205,2.52257210642766,14,0.992,16
1926.07,GT-0028,154709.61740303013,-232007.8545187064,168.06328601885434,-148.35475170347672,44.81595979167802,3.6724550516890484,44.81595979167802,3.6724550516890484,44.81595979167802,3.6724550516890484,14,0.992,16
1926.14,GT-0028,154719.7724361316,-232017.06247322576,167.69848240258125,-148.24078227449718,44.71691654496592,3.139150622934772,44.71691654496592,3.139150622934772,44.71691654496592,3.139150622934772,14,0.994,16
1928.37,GT-0028,155088.7548307533,-232349.6747721947,167.00715866658993,-148.8823122169997,46.69428159673079,3.0057754008535076,46.69428159673079,3.0057754008535076,46.69428159673079,3.0057754008535076,13,0.995,16
1931.06,GT-0028,155532.301974931,-232748.32878727536,167.27671201001613,-148.9080919177759,49.011717898948596,2.9304369044513527,49.011717898948596,2.9304369044513527,49.011717898948596,2.9304369044513527,13,0.995,16
1931.15,GT-0028,155546.9599108439,-232761.7312397918,167.13718333636587,-147.9873928778843,48.415561273918165,1.9687526167567782,48.415561273918165,1.9687526167567782,48.415561273918165,1.9687526167567782,13,0.996,16
1933.42,GT-0028,155926.35131413717,-233097.66477868854,167.13430973132472,-147.98884279791082,49.47212710300159,2.99839665844869,49.47212710300159,2.99839665844869,49.47212710300159,2.99839665844869,13,0.989,16
1933.59,GT-0028,155954.70231206788,-233122.79802199203,167.11518398434146,-147.98455315203364,49.5840548540713,3.05226659855897,49.5840548540713,3.05226659855897,49.5840548540713,3.05226659855897,13,0.994,16
1934.76,GT-0028,156149.70317442153,-233294.55194103156,167.23589885012098,-147.9836910002473,50.45479614858784,3.247363431286637,50.45479614858784,3.247363431286637,50.45479614858784,3.247363431286637,13,0.995,16
1936.08,GT-0028,156374.20059367167,-233485.1369192991,166.8980753557493,-146.8263850037434,39.67840601676077,0.6615091290716171,39.67840601676077,0.6615091290716171,39.67840601676077,0.6615091290716171,14,0.997,16
1939.11,GT-0028,156879.82209055885,-233929.99742809377,166.8970679798481,-146.82684430488757,39.997011352008755,2.6820897492952045,39.997011352008755,2.6820897492952045,39.997011352008755,2.6820897492952045,14,0.996,16
1939.73,GT-0028,156983.29277022876,-234020.9979051328,166.9008920487745,-146.8275127527413,40.22947176493153,2.9290066929729313,40.22947176493153,2.9290066929729313,40.22947176493153,2.9290066929729313,14,0.993,16
1941.32,GT-0028,157248.62521929972,-234254.47778498792,166.89652551667314,-146.84101295920573,41.17808318579832,3.472488975139105,41.17808318579832,3.472488975139105,41.17808318579832,3.472488975139105,14,0.995,16
1943.32,GT-0028,157533.83062545134,-234602.1320879821,165.4240119173925,-147.57300262698405,39.672249535424626,0.6615108786952291,39.672249535424626,0.6615108786952291,39.672249535424626,0.6615108786952291,14,0.997,16
1943.36,GT-0028,157540.44328172333,-234608.00850438094,165.42410058935837,-147.57279081559614,39.69009598893671,0.726676937725834,39.69009598893671,0.726676937725834,39.69009598893671,0.726676937725834,14,0.993,16
1946.02,GT-0028,157980.46065899066,-235000.52075735203,165.4225995035381,-147.56931697979007,39.9283571268706,2.5471102019952,39.9283571268706,2.5471102019952,39.9283571268706,2.5471102019952,14,0.995,16
1947.17,GT-0028,158170.69042041365,-235170.21274362216,165.42698345693816,-147.56814264323248,40.33440943023057,3.0106671218833254,40.33440943023057,3.0106671218833254,40.33440943023057,3.0106671218833254,14,0.993,16
1948.15,GT-0028,158332.80786870167,-235314.788273368,165.4303665330417,-147.55969890013012,40.897288554891766,3.344450824120688,40.897288554891766,3.344450824120688,40.897288554891766,3.344450824120688,14,0.995,16
1950.09,GT-0028,158639.848338808,-235463.35834262255,166.4660830285844,-148.53427789603495,39.67210902567182,0.6615104457448855,39.67210902567182,0.6615104457448855,39.67210902567182,0.6615104457448855,14,0.997,16
1952.82,GT-0028,159100.37013592996,-235925.1170343522,166.3796718581096,-147.9489284100446,39.671342547701,0.6614985530528215,39.671342547701,0.6614985530528215,39.671342547701,0.6614985530528215,14,0.997,16
1953.76,GT-0028,159256.77222763718,-236064.19506057227,166.37926749353605,-147.94883757435517,39.70388914036775,1.5984517784626835,39.70388914036775,1.5984517784626835,39.70388914036775,1.5984517784626835,14,0.988,17
1954.98,GT-0028,159459.74812422355,-236244.6513895012,166.3819452453988,-147.9484688753613,39.825102481024174,2.2987563166686686,39.825102481024174,2.2987563166686686,39.825102481024174,2.2987563166686686,14,0.994,17
1957.46,GT-0028,159872.37850183737,-236611.51846103807,166.3782496707854,-147.9446084913502,40.757894340134,3.2843268916660717,40.757894340134,3.2843268916660717,40.757894340134,3.2843268916660717,14,0.995,17
1959.65,GT-0028,160236.75694125396,-236935.46503011696,166.37871229858956,-147.94075849143337,42.843927582164675,3.9584471271542783,42.843927582164675,3.9584471271542783,42.843927582164675,3.9584471271542783,14,0.993,18
1959.98,GT-0028,160311.75412252787,-236994.8704558067,165.30348609465432,-147.4867199635708,39.672240415854105,0.6615108213893652,39.672240415854105,0.6615108213893652,39.672240415854105,0.6615108213893652,14,0.997,18
1962.83,GT-0028,160782.83952992648,-237415.21489794692,165.3030545254726,-147.48939516285054,39.95438323150394,2.617863995129224,39.95438323150394,2.617863995129224,39.95438323150394,2.617863995129224,14,0.991,18
1963.12,GT-0028,160830.79204891762,-237457.92122021358,165.30593497588688,-147.4868447148815,40.043036541430006,2.727574173045335,40.043036541430006,2.727574173045335,40.043036541430006,2.727574173045335,14,0.996,18
1963.94,GT-0028,160966.3066775722,-237578.84016330077,165.29972572106954,-147.4926430889891,40.376833796671725,3.042522565212446,40.376833796671725,3.042522565212446,40.376833796671725,3.042522565212446,14,0.994,18
1965.67,GT-0028,161253.75429467586,-237836.70071365137,165.85443977607997,-148.55612303531962,41.324666782944085,2.7234940634957616,41.324666782944085,2.7234940634957616,41.324666782944085,2.7234940634957616,14,0.996,18
1966.17,GT-0028,161336.61308670376,-237910.90419923098,165.86470755390064,-148.5413613932601,41.61053851372287,2.914827711450209,41.61053851372287,2.914827711450209,41.61053851372287,2.914827711450209,14,0.995,18
1969.19,GT-0028,161785.47235274373,-238346.34511533674,166.33650384397214,-147.94811256653932,39.67316861918222,0.6615100266516613,39.67316861918222,0.6615100266516613,39.67316861918222,0.6615100266516613,14,0.997,18
1970.66,GT-0028,162029.98420515974,-238563.8296450786,166.3360006875085,-147.9473796147583,39.73486812921403,1.9361018142377007,39.73486812921403,1.9361018142377007,39.73486812921403,1.9361018142377007,14,0.989,18
1972.5,GT-0028,162336.02619690297,-238836.04082008783,166.33484942130758,-147.94358792539606,40.09959111491561,2.7955606652996403,40.09959111491561,2.7955606652996403,40.09959111491561,2.7955606652996403,14,0.995,18
1975.1,GT-0028,162767.49075929992,-239218.4468414619,166.02626702562293,-147.89112868044413,41.438234663059504,2.6801464640907104,41.438234663059504,2.6801464640907104,41.438234663059504,2.6801464640907104,14,0.996,18
1977.73,GT-0028,163197.27856829346,-239597.7963608477,165.52249237116325,-145.92554140156517,42.875216667863484,2.4485781313338824,42.875216667863484,2.4485781313338824,42.875216667863484,2.4485781313338824,14,0.996,18
1980.77,GT-0028,163700.7515614761,-240038.59576712374,165.43009661806673,-145.11050707789764,45.096202831778875,3.1789128690072928,45.096202831778875,3.1789128690072928,45.096202831778875,3.1789128690072928,14,0.995,18
1981.44,GT-0028,163811.59985146468,-240135.7962208497,165.4317739366452,-145.11041491752712,45.73436221644663,3.4067016104164303,45.73436221644663,3.4067016104164303,45.73436221644663,3.4067016104164303,13,0.992,19
1981.5,GT-0028,163821.54085793096,-240144.49810335677,165.43470749425705,-145.1124527507718,45.816133191565406,3.4272527107189252,45.816133191565406,3.4272527107189252,45.816133191565406,3.4272527107189252,13,0.988,19
1983.17,GT-0028,164089.7938310311,-240393.99247564573,165.28796947207547,-146.81156029339286,46.12546836352455,2.1488097135803983,46.12546836352455,2.1488097135803983,46.12546836352455,2.1488097135803983,13,0.995,19
1985.58,GT-0028,164484.67317868138,-240744.56601103197,165.63572797877987,-147.1052211426147,47.131847341650435,2.265583007007725,47.131847341650435,2.265583007007725,47.131847341650435,2.265583007007725,13,0.996,19
1987.77,GT-0028,164849.4677919051,-241060.77274697216,165.1806233739701,-147.00442951429181,47.96865503584666,2.267017767857323,47.96865503584666,2.267017767857323,47.96865503584666,2.267017767857323,13,0.996,19
1990.4,GT-0028,165283.88209164902,-241447.38463605786,165.18266433413146,-147.003876091057,49.37861432349877,3.3260116936468496,49.37861432349877,3.3260116936468496,49.37861432349877,3.3260116936468496,13,0.99,19
1990.59,GT-0028,165313.42470778586,-241469.23712464105,165.08814108212664,-147.1762243090277,48.995506860529105,2.159522208052409,48.995506860529105,2.159522208052409,48.995506860529105,2.159522208052409,13,0.995,19
1991.38,GT-0028,165443.85303084034,-241585.5004368293,165.08852940298357,-147.17408484610291,49.28845896223334,2.53853693247957,49.28845896223334,2.53853693247957,49.28845896223334,2.53853693247957,13,0.991,20
1994.16,GT-0028,165903.72576358772,-241993.9014788756,165.2839018745958,-147.19483363709878,50.97941618721953,3.294149863087689,50.97941618721953,3.294149863087689,50.97941618721953,3.294149863087689,13,0.994,20
1995.28,GT-0028,166088.811774544,-242158.73282745926,165.27839848269969,-147.19387859763356,51.985526615510004,3.6565591458625053,51.985526615510004,3.6565591458625053,51.985526615510004,3.6565591458625053,13,0.99,20
1996.2,GT-0028,166220.97400879918,-242287.32657237485,162.36291391128987,-145.51414662279728,51.10249234703072,1.7076492255788438,51.10249234703072,1.7076492255788438,51.10249234703072,1.7076492255788438,13,0.995,20
1998.7,GT-0028,166629.1678910485,-242643.9364131546,164.7850838762222,-145.76566123210193,51.582656097929075,1.798070078553761,51.582656097929075,1.798070078553761,51.582656097929075,1.798070078553761,13,0.996,20
1999.47,GT-0028,166756.04158470107,-242756.16761253081,164.78937154649827,-145.76808686968195,51.74053195353356,2.2281103197208094,51.74053195353356,2.2281103197208094,51.74053195353356,2.2281103197208094,13,0.993,20
2001.07,GT-0028,167019.70242400598,-242989.38426029394,164.7886971765754,-145.76834565446347,52.25107033237449,2.9269741201803257,52.25107033237449,2.9269741201803257,52.25107033237449,2.9269741201803257,13,0.99,20
2001.35,GT-0028,167065.8101366038,-243030.19345210886,164.78968199734527,-145.76035842232864,52.38092159850294,3.023735456504012,52.38092159850294,3.023735456504012,52.38092159850294,3.023735456504012,13,0.994,20
2003.37,GT-0028,167398.36125625187,-243326.4123930006,164.8649649335307,-146.23509702577212,53.664882209976085,3.3422792265151493,53.664882209976085,3.3422792265151493,53.664882209976085,3.3422792265151493,13,0.995,20
2003.62,GT-0028,167439.54197263138,-243362.99380723154,164.86449011282411,-146.24315278554513,53.86567797986817,3.4221605873022773,53.86567797986817,3.4221605873022773,53.86567797986817,3.4221605873022773,13,0.993,20
2005.81,GT-0028,167831.95364828067,-243779.1865536149,166.21456391335215,-145.5851155013408,52.46112689647668,0.8747569737787774,52.46112689647668,0.8747569737787774,52.46112689647668,0.8747569737787774,13,0.996,20
2008.13,GT-0028,168178.65115752813,-244076.56627127176,164.90153745796536,-145.73964906855642,52.46039051514093,0.8747229543258552,52.46039051514093,0.8747229543258552,52.46039051514093,0.8747229543258552,13,0.996,20
2009.02,GT-0028,168325.3550717673,-244206.205871838,164.90073581127757,-145.73933468717607,52.488978454495246,1.663468646607954,52.488978454495246,1.663468646607954,52.488978454495246,1.663468646607954,13,0.994,20
2010.6,GT-0028,168534.8023649063,-244397.08481688262,163.5557084978763,-145.38939581659983,52.460413391296946,0.8747259271405853,52.460413391296946,0.8747259271405853,52.460413391296946,0.8747259271405853,13,0.996,20
2013.98,GT-0028,169087.71015500982,-244888.43964119628,163.57476425687105,-145.39478161197144,52.82807936486231,2.88548605182484,52.82807936486231,2.88548605182484,52.82807936486231,2.88548605182484,13,0.995,20
2014.47,GT-0028,169167.82793039907,-244959.65688293404,163.56588183967187,-145.39299180614034,53.00615669683457,3.0659095204195927,53.00615669683457,3.0659095204195927,53.00615669683457,3.0659095204195927,13,0.994,20
2016.95,GT-0028,169574.0131443799,-245322.17409700635,163.9001735720844,-146.55339576666108,39.680066056369235,0.661510581774476,39.680066056369235,0.661510581774476,39.680066056369235,0.661510581774476,14,0.997,20
2017.9,GT-0028,169729.70812873094,-245461.40056303178,163.8999878078749,-146.55358708774776,39.712451764970375,1.6053522491493557,39.712451764970375,1.6053522491493557,39.712451764970375,1.6053522491493557,14,0.991,20
2019.48,GT-0028,169988.64604387395,-245692.95485480767,163.89756714544558,-146.55357874225524,39.900113010082386,2.471860277353254,39.900113010082386,2.471860277353254,39.900113010082386,2.471860277353254,14,0.994,20
2022.11,GT-0028,170419.71019143573,-246078.36773083746,163.89417640558395,-146.53737370166345,41.13167896063969,3.4541849269475025,41.13167896063969,3.4541849269475025,41.13167896063969,3.4541849269475025,14,0.995,20
2022.32,GT-0028,170454.09015033694,-246109.13553914655,163.88926969849717,-146.54501790391805,41.310922331441745,3.5142928652253533,41.310922331441745,3.5142928652253533,41.310922331441745,3.5142928652253533,14,0.994,20
2024.62,GT-0028,170831.6657164482,-246442.62353937712,164.29501071832215,-145.65051159397444,42.562018103062854,2.392456479749284,42.562018103062854,2.392456479749284,42.562018103062854,2.392456479749284,14,0.996,20
2026.46,GT-0028,171133.99621079912,-246710.65276888618,164.28915659021914,-145.6634294129126,43.742512275566746,3.130607025245512,43.742512275566746,3.130607025245512,43.742512275566746,3.130607025245512,14,0.995,20
2027.86,GT-0028,171363.9968638782,-246914.58669312886,164.28934922863118,-145.66528135167027,45.11189362068991,3.599441861003222,45.11189362068991,3.599441861003222,45.11189362068991,3.599441861003222,14,0.989,21
2029.01,GT-0028,171552.01163176625,-247084.42968766252,164.04726259501967,-146.40864584904466,46.03466869666855,3.0322673445801143,46.03466869666855,3.0322673445801143,46.03466869666855,3.0322673445801143,13,0.994,21
2032.07,GT-0028,172027.87515307477,-247493.57518946196,163.89074000070664,-146.29762195969997,39.67621770414777,0.6615102010778042,39.67621770414777,0.6615102010778042,39.67621770414777,0.6615102010778042,14,0.997,21
2034.85,GT-0028,172607.41502014865,-247933.62901674397,163.60492073540823,-146.0024890269839,39.671349717183766,0.6614989182525988,39.671349717183766,0.6614989182525988,39.671349717183766,0.6614989182525988,14,0.997,21
2035.86,GT-0028,172772.65913180105,-248081.0950237117,163.60504988053668,-146.00359153077602,39.70601398410278,1.6468815568149435,39.70601398410278,1.6468815568149435,39.70601398410278,1.6468815568149435,14,0.991,22
2036.37,GT-0028,172856.08141066215,-248155.55657500387,163.60319801271157,-146.00362326610434,39.75587891349621,1.9653004493333606,39.75587891349621,1.9653004493333606,39.75587891349621,1.9653004493333606,14,0.989,22
2037.44,GT-0028,172957.78709975627,-248253.55926178556,164.0073652097581,-145.39184923904602,39.671372329439926,0.6614974770158064,39.671372329439926,0.6614974770158064,39.671372329439926,0.6614974770158064,14,0.997,22
2041.69,GT-0028,173654.8284164433,-248871.4835585771,164.01041557093777,-145.39335618585665,40.508217110380095,3.1634622291301326,40.508217110380095,3.1634622291301326,40.508217110380095,3.1634622291301326,14,0.989,22
2042.24,GT-0028,173744.9950057396,-248951.51622197448,163.99655971275024,-145.4118168105806,40.85943771486396,3.346933227714811,40.85943771486396,3.346933227714811,40.85943771486396,3.346933227714811,14,0.993,23
2044.34,GT-0028,174089.3907324178,-249256.8491140861,164.00052504054293,-145.40805544515933,42.94666495365609,3.988380177299968,42.94666495365609,3.988380177299968,42.94666495365609,3.988380177299968,14,0.991,23
2046.58,GT-0028,174458.10851908277,-249581.44564761905,164.95440438181868,-145.0869721082163,45.986039001525945,3.6085722791585098,45.986039001525945,3.6085722791585098,45.986039001525945,3.6085722791585098,13,0.993,23
2046.92,GT-0028,174514.19032788702,-249630.78345938554,164.95404615465213,-145.08914389048186,46.46412567606396,3.714534633524603,46.46412567606396,3.714534633524603,46.46412567606396,3.714534633524603,13,0.986,23
2049.8,GT-0028,174989.33909830055,-250048.5580795408,164.96921101430053,-145.07509415241657,51.59595743028816,4.49888011192499,51.59595743028816,4.49888011192499,51.59595743028816,4.49888011192499,13,0.99,23
2052.03,GT-0028,175362.1385398397,-250377.29528374504,165.70472119319675,-145.75317354628714,57.02427337855451,4.68029925249762,57.02427337855451,4.68029925249762,57.02427337855451,4.68029925249762,13,0.99,23
2052.6,GT-0028,175456.5788445962,-250460.34865423763,165.703836471037,-145.7500545037601,58.509562388017265,4.81729827902868,58.509562388017265,4.81729827902868,58.509562388017265,4.81729827902868,13,0.984,24
2054.85,GT-0028,175824.41742039757,-250793.04083896207,164.7289178514202,-144.99717808362948,61.71433857715665,3.830852403315781,61.71433857715665,3.830852403315781,61.71433857715665,3.830852403315781,12,0.99,24
2057.28,GT-0028,176217.28401208774,-251143.97799170823,164.22198481357327,-145.22947137071515,64.00089030684353,3.157100252838329,64.00089030684353,3.157100252838329,64.00089030684353,3.157100252838329,12,0.993,24
2058.23,GT-0028,176373.2970593231,-251281.97003522626,164.22412494971286,-145.23188622139696,65.12482525586668,3.4792274229504385,65.12482525586668,3.4792274229504385,65.12482525586668,3.4792274229504385,12,0.99,25
2058.69,GT-0028,176448.84105757053,-251348.79926491535,164.22514977726132,-145.23502831365295,65.73638803911011,3.6256312101767376,65.73638803911011,3.6256312101767376,65.73638803911011,3.6256312101767376,12,0.988,25
2059.6,GT-0028,176598.2480104019,-251481.00697746006,164.22154074947503,-145.24352094319147,67.01760802409935,3.895527281018137,67.01760802409935,3.895527281018137,67.01760802409935,3.895527281018137,12,0.99,25
2061.93,GT-0028,176980.90842738422,-251819.44974492904,164.2244372841933,-145.24784112923226,71.02233459157151,4.514293823475294,71.02233459157151,4.514293823475294,71.02233459157151,4.514293823475294,12,0.99,25
2064.27,GT-0028,177364.85088825092,-252158.0037711152,164.35538712664766,-144.92556805175445,76.2201244842738,4.870522378819371,76.2201244842738,4.870522378819371,76.2201244842738,4.870522378819371,12,0.99,25
2064.37,GT-0028,177381.2293374253,-252172.4773474914,164.3500195788447,-144.92217698256354,76.4894375168602,4.89513228240327,76.4894375168602,4.89513228240327,76.4894375168602,4.89513228240327,12,0.985,25
2064.77,GT-0028,177446.95191177237,-252230.4822656329,164.3495491476633,-144.92667094550416,77.49103393618556,4.9884067699812,77.49103393618556,4.9884067699812,77.49103393618556,4.9884067699812,12,0.981,25
2067.03,GT-0028,177831.63100775614,-252548.40147755973,165.6368445231492,-143.58596562002276,82.71079135335546,4.776373370577895,82.71079135335546,4.776373370577895,82.71079135335546,4.776373370577895,11,0.988,25
2068.84,GT-0028,178105.58846128854,-252864.27623987227,164.55549990511508,-146.8724545300788,80.31959684565071,2.836428408540818,80.31959684565071,2.836428408540818,80.31959684565071,2.836428408540818,11,0.993,25
2070.45,GT-0028,178370.44775387517,-253100.7522751335,164.54814993971922,-146.86834657724603,81.66500670575137,3.4147022455256044,81.66500670575137,3.4147022455256044,81.66500670575137,3.4147022455256044,11,0.991,25
2072.12,GT-0028,178645.13187369035,-253346.04242327457,164.53848382467095,-146.86393396944732,83.40365385722828,3.9209923104438165,83.40365385722828,3.9209923104438165,83.40365385722828,3.9209923104438165,11,0.992,25
2074.25,GT-0028,178995.5216930082,-253658.85297144818,164.52689869929463,-146.86617055208626,86.30922676505631,4.486545863355443,86.30922676505631,4.486545863355443,86.30922676505631,4.486545863355443,11,0.991,25
2074.83,GT-0028,179090.99143421464,-253744.00504283517,164.53108077712204,-146.8666004781744,87.28688903275938,4.630702691160478,87.28688903275938,4.630702691160478,87.28688903275938,4.630702691160478,11,0.987,25
2075.06,GT-0028,179128.8761592631,-253777.735134682,164.53415121856597,-146.8599249521303,87.7173147505105,4.687231388247484,87.7173147505105,4.687231388247484,87.7173147505105,4.687231388247484,11,0.985,25
2076.78,GT-0028,179401.43129857187,-254024.70366275223,163.90634263939728,-145.91591945798677,86.20281928692874,2.7409082685275314,86.20281928692874,2.7409082685275314,86.20281928692874,2.7409082685275314,11,0.992,25
2079.44,GT-0028,179837.39409185405,-254412.862629783,163.91017925272808,-145.92467693719254,87.96645325635235,3.669609915305794,87.96645325635235,3.669609915305794,87.96645325635235,3.669609915305794,11,0.992,25
2082.47,GT-0028,180300.90944791675,-254894.62648178125,163.16607599371514,-145.34329418607354,88.97136278151127,2.6363523585686504,88.97136278151127,2.6363523585686504,88.97136278151127,2.6363523585686504,11,0.993,25
2084.99,GT-0028,180712.06667843717,-255260.87052704478,163.16670562828222,-145.34179828065544,90.24682852825329,3.5539628938939156,90.24682852825329,3.5539628938939156,90.24682852825329,3.5539628938939156,11,0.986,26
2085.64,GT-0028,180818.05726042666,-255355.462808913,163.17160684034366,-145.35094868613305,90.70379528612875,3.7494321180388126,90.70379528612875,3.7494321180388126,90.70379528612875,3.7494321180388126,11,0.991,26
2087.3,GT-0028,181041.4545386333,-255591.24387420143,162.99110221503787,-146.51626856179485,90.59623337221478,2.416880439192376,90.59623337221478,2.416880439192376,90.59623337221478,2.416880439192376,11,0.993,26
2089.61,GT-0028,181417.9742748086,-255929.6817136922,162.99388813435428,-146.51527118072067,91.3956810398611,3.32266039145987,91.3956810398611,3.32266039145987,91.3956810398611,3.32266039145987,11,0.99,26
2090.04,GT-0028,181489.92138204293,-255981.99296571937,162.85331134216014,-145.5162988298734,91.17774062976592,2.3323962526206685,91.17774062976592,2.3323962526206685,91.17774062976592,2.3323962526206685,11,0.993,26
2092.43,GT-0028,181808.24727755762,-256341.6080106008,163.45344566423393,-144.7688099631675,91.4968404844034,2.165199762793764,91.4968404844034,2.165199762793764,91.4968404844034,2.165199762793764,11,0.993,26
2094.65,GT-0028,182145.17669712566,-256631.8739765176,162.58265300491846,-144.2572102223511,91.67025101363463,1.9284217361637355,91.67025101363463,1.9284217361637355,91.67025101363463,1.9284217361637355,11,0.994,26
2095.14,GT-0028,182224.84663349003,-256702.5685213176,162.5835337465155,-144.25904064208322,91.73881511111307,2.1964267561742536,91.73881511111307,2.1964267561742536,91.73881511111307,2.1964267561742536,11,0.99,26
2097.2,GT-0028,182559.78302797978,-256999.71329259122,162.5845554510912,-144.2616103360134,92.0714072604912,3.075092983479454,92.0714072604912,3.075092983479454,92.0714072604912,3.075092983479454,11,0.99,26
2099.83,GT-0028,182987.36364055984,-257379.15698880248,162.5752280046563,-144.26374938894833,93.14076429593548,3.918648623663947,93.14076429593548,3.918648623663947,93.14076429593548,3.918648623663947,11,0.99,26
2100.16,GT-0028,183041.0033656824,-257426.76698298263,162.575217671701,-144.26263590109738,93.38509528982942,4.013434401589709,93.38509528982942,4.013434401589709,93.38509528982942,4.013434401589709,11,0.987,27
2100.53,GT-0028,183101.1149122486,-257480.13105093344,162.56952059544096,-144.26716097560325,93.66820275873852,4.115095243651615,93.66820275873852,4.115095243651615,93.66820275873852,4.115095243651615,11,0.988,27
2101.99,GT-0028,183338.55080286346,-257690.86932985773,162.57009156185745,-144.29297114951532,94.89339792448166,4.487592077247561,94.89339792448166,4.487592077247561,94.89339792448166,4.487592077247561,11,0.991,27
2104.08,GT-0028,183632.1918899182,-258127.7557463337,162.59312021084702,-146.61086133305395,91.73784284252586,1.529629101495518,91.73784284252586,1.529629101495518,91.73784284252586,1.529629101495518,11,0.993,27
2106.13,GT-0028,183952.13481986802,-258329.64447633413,162.65290285899084,-145.31016996604438,91.73632710216205,1.5294487549162554,91.73632710216205,1.5294487549162554,91.73632710216205,1.5294487549162554,11,0.993,27
2106.71,GT-0028,184046.47681870128,-258413.9318846299,162.65219104296713,-145.31008269931775,91.7860226354228,1.9098913320506858,91.7860226354228,1.9098913320506858,91.7860226354228,1.9098913320506858,11,0.986,27
2108.11,GT-0028,184482.3943221502,-258631.524980477,163.08554868972587,-146.59683286862028,91.73636872374018,1.5294428925328152,91.73636872374018,1.5294428925328152,91.73636872374018,1.5294428925328152,11,0.992,27
2110.06,GT-0028,184800.40578987641,-258917.38389431674,163.08519073588664,-146.59294242506923,91.84620043007979,2.593663738325977,91.84620043007979,2.593663738325977,91.84620043007979,2.593663738325977,11,0.991,27
2111.79,GT-0028,185082.45670292745,-259170.98623752012,163.08197465283428,-146.59841772097138,92.17361056936576,3.25797239949813,92.17361056936576,3.25797239949813,92.17361056936576,3.25797239949813,11,0.991,27
2112.11,GT-0028,185134.62059707893,-259217.86929137903,163.0812982735062,-146.59740366504036,92.30575318897438,3.367848268099618,92.30575318897438,3.367848268099618,92.30575318897438,3.367848268099618,11,0.987,27
2113.0,GT-0028,185279.74539934495,-259348.330736685,163.08063687012725,-146.59927815413425,92.66398186363462,3.65426197390951,92.66398186363462,3.65426197390951,92.66398186363462,3.65426197390951,11,0.985,27
2114.12,GT-0028,185118.17973890732,-259588.77496456477,163.07663647392533,-145.01489694051443,91.73677507424443,1.5295921351560544,91.73677507424443,1.5295921351560544,91.73677507424443,1.5295921351560544,11,0.992,27
2117.38,GT-0028,185684.49001681124,-260269.73514624298,165.69854137521895,-144.13546533271082,91.73636965407644,1.5295211218663747,91.73636965407644,1.5295211218663747,91.73636965407644,1.5295211218663747,11,0.993,27
2119.65,GT-0028,186182.62869142523,-260352.93409489,163.042172479211,-142.17993663500525,91.73633112574248,1.5294658750299663,91.73633112574248,1.5294658750299663,91.73633112574248,1.5294658750299663,11,0.993,27
2120.01,GT-0028,186241.31131345913,-260404.09488744297,163.04258572232243,-142.18047123167332,91.7757230865375,1.7752851816270565,91.7757230865375,1.7752851816270565,91.7757230865375,1.7752851816270565,11,0.99,27
2121.54,GT-0028,186490.76144199874,-260621.6130157869,163.04216092942397,-142.1797636993819,91.89169205487339,2.5690708685011265,91.89169205487339,2.5690708685011265,91.89169205487339,2.5690708685011265,11,0.985,27
2122.53,GT-0028,186864.7135922746,-260766.80958974728,159.50242434415676,-143.420635719775,91.73643420025867,1.529503439445615,91.73643420025867,1.529503439445615,91.73643420025867,1.529503439445615,11,0.992,27
2125.1,GT-0028,187274.60800023473,-261135.44054527482,159.50198355119014,-143.41983639633514,91.93340149582534,2.851020229737488,91.93340149582534,2.851020229737488,91.93340149582534,2.851020229737488,11,0.987,27
2125.29,GT-0028,187304.87098408327,-261162.7342048935,159.51019761545916,-143.41586119546497,91.98220888172679,2.923423340606446,91.98220888172679,2.923423340606446,91.98220888172679,2.923423340606446,11,0.991,27
2127.5,GT-0028,187657.43335477417,-261479.73102270724,159.5119134076532,-143.42660311509644,92.64164765321095,3.675150932454202,92.64164765321095,3.675150932454202,92.64164765321095,3.675150932454202,11,0.991,27
2130.25,GT-0028,188096.16088480985,-261874.17117970716,159.534480811486,-143.43481960208192,94.43732915165182,4.429266068636509,94.43732915165182,4.429266068636509,94.43732915165182,4.429266068636509,11,0.992,27
2132.51,GT-0028,188452.67479478446,-262206.7241006535,159.76724244425804,-144.32837542434436,96.94142895624492,4.654315165338614,96.94142895624492,4.654315165338614,96.94142895624492,4.654315165338614,11,0.992,27
2133.37,GT-0028,188590.05510116907,-262330.8605733643,159.76551074158078,-144.3268148691268,98.09687129825322,4.859314969657102,98.09687129825322,4.859314969657102,98.09687129825322,4.859314969657102,11,0.986,28
2134.46,GT-0028,188757.1247899519,-262492.42475904647,160.46676461291463,-144.73865763426647,99.28178964305148,4.366563180030642,99.28178964305148,4.366563180030642,99.28178964305148,4.366563180030642,11,0.991,28
2136.16,GT-0028,189029.97884547908,-262738.5208287693,160.47479970694712,-144.74616306176858,101.52152295526578,4.7791626640295775,101.52152295526578,4.7791626640295775,101.52152295526578,4.7791626640295775,11,0.991,28
2137.55,GT-0028,189252.93442285384,-262939.68936325953,160.47099440940883,-144.7491267576679,103.77653075705425,5.08900754835021,103.77653075705425,5.08900754835021,103.77653075705425,5.08900754835021,11,0.99,28
2139.13,GT-0028,189498.7918982662,-263161.25599942554,162.1183518165435,-144.47376902515634,104.47560242577103,3.9237103494947365,104.47560242577103,3.9237103494947365,104.47560242577103,3.9237103494947365,11,0.992,28
2142.33,GT-0028,190017.5570056456,-263623.57022847375,162.11410625903136,-144.47242846089193,108.54319219759117,4.748199817719419,108.54319219759117,4.748199817719419,108.54319219759117,4.748199817719419,10,0.991,28
2142.4,GT-0028,190048.80427402075,-263634.2004956267,164.33412960465807,-145.65375642227673,107.66792033589763,3.8331420684826254,107.66792033589763,3.8331420684826254,107.66792033589763,3.8331420684826254,10,0.992,28
2143.54,GT-0028,190236.15777977218,-263800.23969933175,164.33664906157787,-145.65413087446814,108.86192423944907,4.156051518295588,108.86192423944907,4.156051518295588,108.86192423944907,4.156051518295588,10,0.985,29
2145.18,GT-0028,190639.75471636205,-263962.59091404843,159.51623379323934,-146.16698490136082,91.74786084349158,1.5296140667878435,91.74786084349158,1.5296140667878435,91.74786084349158,1.5296140667878435,11,0.992,29
2147.2,GT-0028,190961.93464644116,-264257.8465338092,159.51578460819275,-146.16772464500855,91.87133303151897,2.624467531156853,91.87133303151897,2.624467531156853,91.87133303151897,2.624467531156853,11,0.99,29
2147.27,GT-0028,190972.9988916207,-264268.1132485528,159.51605422018736,-146.16468045877573,91.89820871541112,2.653337399056314,91.89820871541112,2.653337399056314,91.89820871541112,2.653337399056314,11,0.992,29
2150.31,GT-0028,191325.42744382692,-265011.08204432455,159.53727868934212,-146.30548856122584,91.73658449247564,1.529576455981581,91.73658449247564,1.529576455981581,91.73658449247564,1.529576455981581,11,0.993,29
2152.35,GT-0028,191650.8624279792,-265309.5191578894,159.5365619777699,-146.30455986661238,91.86908870536632,2.6336023362882677,91.86908870536632,2.6336023362882677,91.86908870536632,2.6336023362882677,11,0.986,29
2152.62,GT-0028,191693.83391947634,-265348.9637409838,159.54098092180323,-146.3010039099893,91.9307162760836,2.746440744551828,91.9307162760836,2.746440744551828,91.9307162760836,2.746440744551828,11,0.99,29
2155.23,GT-0028,192110.14282013368,-265730.78169998195,159.54705346746584,-146.3021731638862,92.63439819373424,3.6610868183422958,92.63439819373424,3.6610868183422958,92.63439819373424,3.6610868183422958,11,0.99,29
2157.65,GT-0028,192253.64700137282,-265766.95743667136,159.5101936293937,-145.22283573890942,91.73696414249477,1.5296089634893377,91.73696414249477,1.5296089634893377,91.73696414249477,1.5296089634893377,11,0.993,29
2157.77,GT-0028,192272.77152208833,-265784.3850855053,159.5101414802013,-145.22283622066044,91.78175440787871,1.6162395483429837,91.78175440787871,1.6162395483429837,91.78175440787871,1.6162395483429837,11,0.986,29
2159.89,GT-0028,192610.97790539174,-266092.25573524716,159.5092729835584,-145.22315748742713,91.92264164659338,2.7169804141163962,91.92264164659338,2.7169804141163962,91.92264164659338,2.7169804141163962,11,0.989,29
2162.7,GT-0028,193059.19054422952,-266500.3045669146,159.50726486009364,-145.22594710161775,92.70150620411346,3.7026485662440582,92.70150620411346,3.7026485662440582,92.70150620411346,3.7026485662440582,11,0.988,29
2162.89,GT-0028,193089.62049172827,-266527.8942295944,159.51307356057805,-145.22399092121736,92.81690115396323,3.758077070715487,92.81690115396323,3.758077070715487,92.81690115396323,3.758077070715487,11,0.99,29
2165.38,GT-0028,193699.13773347595,-267236.146491699,160.72124055153296,-145.12681343035192,91.73708818765793,1.5296128690002007,91.73708818765793,1.5296128690002007,91.73708818765793,1.5296128690002007,11,0.993,29
2166.86,GT-0028,193936.9402027044,-267450.9398042335,160.72100337910084,-145.1276737630278,91.81967165634062,2.3820039977563026,91.81967165634062,2.3820039977563026,91.81967165634062,2.3820039977563026,11,0.989,29
2170.96,GT-0028,194501.15789798734,-267881.10443671944,161.49310666703732,-143.97701721043603,91.7366111738934,1.5295850174971537,91.7366111738934,1.5295850174971537,91.7366111738934,1.5295850174971537,11,0.993,30
2173.83,GT-0028,194964.85453204066,-268294.31652453425,161.4852010197674,-143.97299756759963,91.95764312194974,2.9642755837757764,91.95764312194974,2.9642755837757764,91.95764312194974,2.9642755837757764,11,0.992,30
2173.87,GT-0028,194971.28601649843,-268300.0186164202,161.48374260537312,-143.97366595969243,92.00213120566984,2.9798511346659384,92.00213120566984,2.9798511346659384,92.00213120566984,2.9798511346659384,11,0.99,30
2176.5,GT-0028,195396.01951074778,-268678.6931940307,161.48269902278116,-143.9777559737356,92.90173469480146,3.8446085444206335,92.90173469480146,3.8446085444206335,92.90173469480146,3.8446085444206335,11,0.99,30
2179.25,GT-0028,195839.8960439579,-269074.6479484536,161.47625119535473,-143.9945668723849,94.99109774940212,4.574652998864613,94.99109774940212,4.574652998864613,94.99109774940212,4.574652998864613,11,0.99,30
2179.43,GT-0028,195868.97073656053,-269100.5547393496,161.48349828550954,-143.99183769983847,95.20066102933339,4.614061463542045,95.20066102933339,4.614061463542045,95.20066102933339,4.614061463542045,11,0.99,30
2182.32,GT-0028,196335.64037169167,-269516.81746903656,161.4740119182643,-144.00393488621376,99.18894375380387,5.264069149420703,99.18894375380387,5.264069149420703,99.18894375380387,5.264069149420703,11,0.99,30
2185.56,GT-0028,196863.7544777849,-269982.22008889186,161.31729191805425,-144.37132916562496,105.56717271502595,5.2773352834220635,105.56717271502595,5.2773352834220635,105.56717271502595,5.2773352834220635,10,0.99,30
2186.16,GT-0028,196960.52734194667,-270068.8073564788,161.31351509911565,-144.3688384706711,106.85561347294835,5.405237668503422,106.85561347294835,5.405237668503422,106.85561347294835,5.405237668503422,10,0.985,30
2188.44,GT-0028,197328.33849453955,-270397.951885704,161.31577357439983,-144.3683996383097,112.39111308203724,5.86266065951252,112.39111308203724,5.86266065951252,112.39111308203724,5.86266065951252,10,0.982,31
2188.7,GT-0028,197451.51419795203,-270535.28479831706,161.1189411390372,-142.33956478707262,91.74377761081571,1.529642463235482,91.74377761081571,1.529642463235482,91.74377761081571,1.529642463235482,11,0.992,31
2191.22,GT-0028,197784.8258164631,-270881.28463002946,163.83893906016215,-143.757702870129,91.73634620489138,1.5294827649054072,91.73634620489138,1.5294827649054072,91.73634620489138,1.5294827649054072,11,0.993,31
2194.81,GT-0028,198373.00407226448,-271397.3911406785,163.83585013967246,-143.75665831039169,92.13268183297332,3.2286900386221586,92.13268183297332,3.2286900386221586,92.13268183297332,3.2286900386221586,11,0.988,32
2196.47,GT-0028,198644.9126965565,-271636.04139313026,163.81937588052108,-143.76163108869673,92.73514369122185,3.758231581825166,92.73514369122185,3.758231581825166,92.73514369122185,3.758231581825166,11,0.991,33
2198.56,GT-0028,198987.36329700684,-271936.5840317585,163.8232672893455,-143.75932878815274,94.09503743424564,4.335398390712581,94.09503743424564,4.335398390712581,94.09503743424564,4.335398390712581,11,0.991,33
2199.36,GT-0028,199118.47950171944,-272051.61293696053,163.8273847045839,-143.75951432003603,94.8513676313597,4.53674726230831,94.8513676313597,4.53674726230831,94.8513676313597,4.53674726230831,11,0.989,33
2201.1,GT-0028,199602.58603598928,-272438.20128767553,157.4709623765754,-145.39645899383714,91.73767249152985,1.5296285143940873,91.73767249152985,1.5296285143940873,91.73767249152985,1.5296285143940873,11,0.993,33
2203.66,GT-0028,199873.95943972137,-272678.9646740803,158.58869249334293,-143.07030248840783,91.73634134905491,1.5294852454206784,91.73634134905491,1.5294852454206784,91.73634134905491,1.5294852454206784,11,0.993,33
2204.76,GT-0028,200048.3631634941,-272836.3183499541,158.5889315637394,-143.07114454605696,91.79849930848451,2.1950181957117985,91.79849930848451,2.1950181957117985,91.79849930848451,2.1950181957117985,11,0.989,33
2206.26,GT-0028,200286.30619671472,-273050.9326632661,158.59422875975642,-143.07642027929302,91.95506585155691,2.860913020870314,91.95506585155691,2.860913020870314,91.95506585155691,2.860913020870314,11,0.991,33
2208.2,GT-0028,200593.9868509937,-273328.41847262275,158.59819224109378,-143.0780569682762,92.48308168623042,3.5437687020241064,92.48308168623042,3.5437687020241064,92.48308168623042,3.5437687020241064,11,0.987,34
2208.51,GT-0028,200643.18206763038,-273372.84819857794,158.6021106912142,-143.07761636912846,92.63296909964156,3.6392797853483803,92.63296909964156,3.6392797853483803,92.63296909964156,3.6392797853483803,11,0.99,34
2210.7,GT-0028,200990.47378008513,-273686.2366678481,158.6048257394898,-143.0874381101712,93.9383007264118,4.2618599621375415,93.9383007264118,4.2618599621375415,93.9383007264118,4.2618599621375415,11,0.989,34
2211.09,GT-0028,201002.9982390488,-273904.69858721923,160.1575033828921,-143.31545822887287,91.73704711948196,1.5296098586722469,91.73704711948196,1.5296098586722469,91.73704711948196,1.5296098586722469,11,0.993,34
2213.32,GT-0028,201360.2434068374,-274224.2503258172,160.1638843011881,-143.31693575849818,91.87694319269761,2.7123763402230563,91.87694319269761,2.7123763402230563,91.87694319269761,2.7123763402230563,11,0.991,34
2214.57,GT-0028,201560.59476712148,-274403.27737371135,160.16504104868602,-143.32263206671723,92.11339271991145,3.1865743487879437,92.11339271991145,3.1865743487879437,92.11339271991145,3.1865743487879437,11,0.992,34
2216.36,GT-0028,201955.88692597093,-274465.6615154384,161.6549927921189,-142.98922027405175,91.73658284466595,1.529579122683656,91.73658284466595,1.529579122683656,91.73658284466595,1.529579122683656,11,0.993,34
2218.33,GT-0028,202274.28862437763,-274747.5236932897,161.6524376341342,-142.99226522588495,91.84844892204605,2.602396516274882,91.84844892204605,2.602396516274882,91.84844892204605,2.602396516274882,11,0.991,34
2220.45,GT-0028,202501.10233340954,-275147.98240731604,160.8536429431724,-143.71532204981173,91.73645201920715,1.5295508120536871,91.73645201920715,1.5295508120536871,91.73645201920715,1.5295508120536871,11,0.993,34
2223.06,GT-0028,202985.4888420349,-275548.1455742472,159.60491029815674,-142.02994560285163,91.73634176311872,1.529488264148184,91.73634176311872,1.529488264148184,91.73634176311872,1.529488264148184,11,0.993,34
2223.83,GT-0028,203108.3782898525,-275657.48647221026,159.60580532357665,-142.0293327495051,91.78913806913008,2.01878578361266,91.78913806913008,2.01878578361266,91.78913806913008,2.01878578361266,11,0.988,35
2225.97,GT-0028,203449.9622500247,-275961.2881575485,159.60461087518766,-142.03377077928275,92.00762918933712,2.9799299981789376,92.00762918933712,2.9799299981789376,92.00762918933712,2.9799299981789376,11,0.991,35
2227.68,GT-0028,203722.96718673216,-276204.16823439504,159.60725468042108,-142.03884526076263,92.50139817348173,3.566153456780617,92.50139817348173,3.566153456780617,92.50139817348173,3.566153456780617,11,0.991,35
2228.39,GT-0028,203836.28177656676,-276304.9604938314,159.60652534388225,-142.03683822709536,92.84725733274507,3.7846987737021656,92.84725733274507,3.7846987737021656,92.84725733274507,3.7846987737021656,11,0.987,36
2229.1,GT-0028,203949.7139023047,-276405.8405849398,159.6084601977202,-142.0384170351574,93.26270465979886,3.989610794432621,93.26270465979886,3.989610794432621,93.26270465979886,3.989610794432621,11,0.988,36
2230.23,GT-0028,204130.08351045998,-276566.33323185303,159.61672005129458,-142.04377449739422,94.0685865821306,4.293010723055212,94.0685865821306,4.293010723055212,94.0685865821306,4.293010723055212,11,0.99,36
2232.29,GT-0028,204459.1122307951,-276858.9862728405,159.62868128631453,-142.04884411716785,96.12572317780666,4.791325535403063,96.12572317780666,4.791325535403063,96.12572317780666,4.791325535403063,11,0.992,36
2234.75,GT-0028,205065.14127217158,-277318.00008457596,158.66440644384872,-144.2582480214433,91.73846943641878,1.5296367628028456,91.73846943641878,1.5296367628028456,91.73846943641878,1.5296367628028456,11,0.993,36
2234.92,GT-0028,205092.09238697877,-277342.5221890719,158.66397695908046,-144.25840201730804,91.78347211033895,1.6507330800648283,91.78347211033895,1.6507330800648283,91.78347211033895,1.6507330800648283,11,0.986,36
2237.3,GT-0028,205469.63365437486,-277685.95017807395,158.67026801552842,-144.25602357282133,91.96498193313036,2.8423324170507485,91.96498193313036,2.8423324170507485,91.96498193313036,2.8423324170507485,11,0.99,36
2239.33,GT-0028,205791.72114825418,-277978.7770978391,158.67077462595284,-144.2570491998663,92.51701917914892,3.5576224213224013,92.51701917914892,3.5576224213224013,92.51701917914892,3.5576224213224013,11,0.985,36
2239.89,GT-0028,205880.5285041086,-278059.5643449477,158.67333072170004,-144.25729318366098,92.78801694715372,3.731185251893681,92.78801694715372,3.731185251893681,92.78801694715372,3.731185251893681,11,0.986,36
2240.01,GT-0028,205899.5215558183,-278076.7226139204,158.671042825492,-144.2488341645137,92.87279900592868,3.7653175946374753,92.87279900592868,3.7653175946374753,92.87279900592868,3.7653175946374753,11,0.989,36
2242.39,GT-0028,206277.01126756545,-278420.1070651928,158.6722721278536,-144.25400932471985,94.48510244819276,4.415695001564507,94.48510244819276,4.415695001564507,94.48510244819276,4.415695001564507,11,0.99,36
2243.19,GT-0028,206403.89405561157,-278535.5165927831,158.67219762851755,-144.25205950760574,95.29007998236033,4.613357859181956,95.29007998236033,4.613357859181956,95.29007998236033,4.613357859181956,11,0.989,36
2244.57,GT-0028,206623.8611803574,-278732.70853700757,159.23914499586954,-144.27068046619206,96.90247309004239,4.680232720356966,96.90247309004239,4.680232720356966,96.90247309004239,4.680232720356966,11,0.991,36
2246.85,GT-0028,206930.78795908514,-278983.210488895,160.8033847746593,-145.69735623163467,91.73905720041815,1.5296333339104595,91.73905720041815,1.5296333339104595,91.73905720041815,1.5296333339104595,11,0.993,36
2247.31,GT-0028,207004.707899831,-279050.2605589613,160.8033750327939,-145.69727990818893,91.78346769199779,1.8378388989687913,91.78346769199779,1.8378388989687913,91.78346769199779,1.8378388989687913,11,0.989,36
2248.75,GT-0028,207236.26122260917,-279260.1177329386,160.80334975333264,-145.6983810255949,91.88566466105526,2.5725751988240857,91.88566466105526,2.5725751988240857,91.88566466105526,2.5725751988240857,11,0.99,36
2250.35,GT-0028,207493.54371705258,-279493.2339786443,160.80292296369493,-145.69771825803832,92.18838382838022,3.198108509276817,92.18838382838022,3.198108509276817,92.18838382838022,3.198108509276817,11,0.983,36
2251.55,GT-0028,207553.96961234923,-279676.49564109766,161.73647513612053,-144.6318715123231,91.73659258373497,1.529567173824095,91.73659258373497,1.529567173824095,91.73659258373497,1.529567173824095,11,0.992,36
2255.38,GT-0028,208173.4001511279,-280230.33888317394,161.7312310782243,-144.6278836968578,92.18320755204684,3.3092567968023046,92.18320755204684,3.3092567968023046,92.18320755204684,3.3092567968023046,11,0.991,37
2256.13,GT-0028,208294.7385146462,-280338.93518465717,161.73826435324736,-144.62869121780136,92.44300524261857,3.551346432899476,92.44300524261857,3.551346432899476,92.44300524261857,3.551346432899476,11,0.992,38
2258.92,GT-0028,208745.97444359868,-280742.3462413208,161.7337916954018,-144.6075051480284,94.10634018145761,4.342598720691362,94.10634018145761,4.342598720691362,94.10634018145761,4.342598720691362,11,0.991,38
2260.77,GT-0028,209045.15536364817,-281009.88329650665,161.73150517122895,-144.60785211846542,96.03425496107907,4.799562708216001,96.03425496107907,4.799562708216001,96.03425496107907,4.799562708216001,11,0.986,38
2261.51,GT-0028,209161.21369171567,-281117.2503630896,160.99558631622676,-144.46038452917082,96.93600394888263,4.657799163403375,96.93600394888263,4.657799163403375,96.93600394888263,4.657799163403375,11,0.991,38
2264.43,GT-0028,209693.44008833246,-281766.42257011106,159.27868983360412,-142.1172093562126,91.73936821366564,1.5296354314875702,91.73936821366564,1.5296354314875702,91.73936821366564,1.5296354314875702,11,0.993,38
2265.55,GT-0028,209871.8329982988,-281925.5776692707,159.27885694469873,-142.1175962642212,91.80588104405898,2.2055214127101435,91.80588104405898,2.2055214127101435,91.80588104405898,2.2055214127101435,11,0.986,38
2266.08,GT-0028,210019.13913962623,-281754.8515782809,159.24642472496487,-144.23658227118437,39.68752052949588,0.66149681415412,39.68752052949588,0.66149681415412,39.68752052949588,0.66149681415412,14,0.996,38
2268.72,GT-0028,210315.49249915444,-282222.0807009902,158.5483134230952,-143.9096309247186,39.67135266993392,0.6614978625429732,39.67135266993392,0.6614978625429732,39.67135266993392,0.6614978625429732,14,0.997,38
2269.71,GT-0028,210472.45454262622,-282364.52975404356,158.54681147820077,-143.90861242065134,39.70468440306545,1.63302210470676,39.70468440306545,1.63302210470676,39.70468440306545,1.63302210470676,14,0.992,39
2271.14,GT-0028,210699.18373000226,-282570.3247930089,158.54588750517632,-143.91090822007936,39.875359255715814,2.426395709537931,39.875359255715814,2.426395709537931,39.875359255715814,2.426395709537931,14,0.99,39
2271.15,GT-0028,210757.60965347206,-282627.10763505555,158.14619539267565,-144.50286948034852,39.67136360813926,0.6614960824399287,39.67136360813926,0.6614960824399287,39.67136360813926,0.6614960824399287,14,0.997,39
2273.47,GT-0028,211124.4917930357,-282962.32359945815,158.14297413561314,-144.50074590700274,39.82651550565313,2.370941675695256,39.82651550565313,2.370941675695256,39.82651550565313,2.370941675695256,14,0.996,39
2276.08,GT-0028,211537.2522116411,-283339.43992484343,158.1456732285069,-144.4978128754501,40.93759933221055,3.389219246396799,40.93759933221055,3.389219246396799,40.93759933221055,3.389219246396799,14,0.992,39
2276.42,GT-0028,211590.3035204097,-283389.5968842093,158.4994260012645,-144.72913037864237,41.07599293433356,2.809879103613186,41.07599293433356,2.809879103613186,41.07599293433356,2.809879103613186,14,0.996,39
2278.53,GT-0028,211925.82994941875,-283695.12188755465,158.73425830392716,-144.8022137676562,42.628414713821144,3.3387634272515254,42.628414713821144,3.3387634272515254,42.628414713821144,3.3387634272515254,14,0.995,39
2280.97,GT-0028,212313.65572764302,-284044.7606169332,158.36167636483515,-144.20232584284167,44.87334229277064,3.0420762411276288,44.87334229277064,3.0420762411276288,44.87334229277064,3.0420762411276288,14,0.995,39
2281.76,GT-0028,212438.76275783795,-284158.66387367074,158.3635304862255,-144.19717534292795,45.63340774658116,3.3204847791688783,45.63340774658116,3.3204847791688783,45.63340774658116,3.3204847791688783,13,0.992,39
2283.53,GT-0028,212718.66387504907,-284408.89495361067,157.86117400046737,-144.45975015260092,45.99469401446624,2.1185513910050595,45.99469401446624,2.1185513910050595,45.99469401446624,2.1185513910050595,13,0.996,39
2285.08,GT-0028,212963.33212705952,-284632.78704599955,157.86193112090996,-144.46101171292048,46.79294773573838,2.823968965973252,46.79294773573838,2.823968965973252,46.79294773573838,2.823968965973252,13,0.992,39
2285.65,GT-0028,213044.9288232653,-284711.1693306966,158.8934976377468,-143.5641064169982,39.67631208321059,0.6615042435336415,39.67631208321059,0.6615042435336415,39.67631208321059,0.6615042435336415,14,0.997,39
2287.04,GT-0028,213265.81171737466,-284910.7310555988,158.89322380680977,-143.56324044636892,39.73111796484111,1.8886199988503105,39.73111796484111,1.8886199988503105,39.73111796484111,1.8886199988503105,14,0.992,39
2288.22,GT-0028,213517.8625674397,-285060.2180894873,157.78161590871443,-144.37772756792273,39.67135639627393,0.6614973002753936,39.67135639627393,0.6614973002753936,39.67135639627393,0.6614973002753936,14,0.997,39
2290.42,GT-0028,213894.06137981082,-285393.03178552515,158.4882377392078,-145.1693410702945,39.6713153406927,0.6614937204342728,39.6713153406927,0.6614937204342728,39.6713153406927,0.6614937204342728,14,0.997,39
2292.92,GT-0028,214250.40192525074,-285778.20991983195,158.34799377622372,-143.76553940417455,39.67132895556921,0.6614966940167363,39.67132895556921,0.6614966940167363,39.67132895556921,0.6614966940167363,14,0.997,39
2293.19,GT-0028,214293.12554598774,-285817.04631013534,158.34781013106462,-143.76423243513815,39.688153007319045,1.0225749336224421,39.688153007319045,1.0225749336224421,39.688153007319045,1.0225749336224421,14,0.994,39
2294.65,GT-0028,214524.31071957177,-286027.04480109835,158.34738353896466,-143.76174082393493,39.76120953810821,2.07615651635865,39.76120953810821,2.07615651635865,39.76120953810821,2.07615651635865,14,0.996,39
2296.73,GT-0028,214853.6664096561,-286326.06993610633,158.34644823225244,-143.76192847435868,40.311780484911715,2.9997073898314186,40.311780484911715,2.9997073898314186,40.311780484911715,2.9997073898314186,14,0.987,39
2297.71,GT-0028,215009.06737242203,-286468.7809966411,158.55233779449827,-144.01665213317528,40.83073435289322,2.9184366495545406,40.83073435289322,2.9184366495545406,40.83073435289322,2.9184366495545406,14,0.995,39
2298.43,GT-0028,215123.23814554937,-286572.46390569874,158.56110432949117,-144.01651925999067,41.26086759059621,3.173393225091552,41.26086759059621,3.173393225091552,41.26086759059621,3.173393225091552,14,0.995,39
2300.76,GT-0028,215492.49452060318,-286916.89691863616,158.54707342492202,-145.72801475120696,42.56747030310475,2.4412040095687924,42.56747030310475,2.4412040095687924,42.56747030310475,2.4412040095687924,14,0.996,39
2301.56,GT-0028,215619.30379388825,-287033.4735967747,158.54357243356526,-145.72716223580665,43.02857375640781,2.7854591315047914,43.02857375640781,2.7854591315047914,43.02857375640781,2.7854591315047914,14,0.992,39
2302.88,GT-0028,215828.51128229857,-287225.6728037173,158.50417397750425,-145.68082393835994,44.009223410222624,3.2496109121941523,44.009223410222624,3.2496109121941523,44.009223410222624,3.2496109121941523,14,0.994,39
2304.26,GT-0028,216047.75805009386,-287422.7173284308,158.7342884007694,-144.8688093576984,45.236442899272994,3.1289047045669642,45.236442899272994,3.1289047045669642,45.236442899272994,3.1289047045669642,14,0.995,39
2306.38,GT-0028,216386.37704621005,-287729.75361070293,158.93527064560567,-144.73140454873646,47.096821215525694,3.012012118488801,47.096821215525694,3.012012118488801,47.096821215525694,3.012012118488801,13,0.995,39
2308.37,GT-0028,216702.6328476408,-288017.79487042484,158.93226803478046,-144.73376460381496,49.168254241911434,3.680826990396576,49.168254241911434,3.680826990396576,49.168254241911434,3.680826990396576,13,0.99,39
2308.92,GT-0028,216790.1104743955,-288101.80760655785,158.66761331290127,-145.33235543560386,49.28362684698571,2.942464342614636,49.28362684698571,2.942464342614636,49.28362684698571,2.942464342614636,13,0.994,39
2311.19,GT-0028,217175.2340051604,-288497.5012110501,158.14882559250287,-144.88261849184593,39.677910760435694,0.6615089318636693,39.677910760435694,0.6615089318636693,39.677910760435694,0.6615089318636693,14,0.997,39
2311.75,GT-0028,217263.79174802965,-288578.63291686075,158.14924679581753,-144.88262290327225,39.70084955395463,1.3035210437316354,39.70084955395463,1.3035210437316354,39.70084955395463,1.3035210437316354,14,0.99,39
2313.77,GT-0028,217583.25568888913,-288871.3191858275,158.1489954138442,-144.87866559914346,39.9087986270958,2.49422897647049,39.9087986270958,2.49422897647049,39.9087986270958,2.49422897647049,14,0.994,39
2314.69,GT-0028,217728.74567340047,-289004.55412395846,158.1489511201587,-144.87583296950106,40.19041113894062,2.8719273796963596,40.19041113894062,2.8719273796963596,40.19041113894062,2.8719273796963596,14,0.995,39
2316.26,GT-0028,217977.0733167796,-289232.01726858196,158.15821365293596,-144.870469608657,41.06767190391062,3.418831896724256,41.06767190391062,3.418831896724256,41.06767190391062,3.418831896724256,14,0.995,39
2318.44,GT-0028,218321.62302002485,-289548.6502688171,157.38587875084158,-144.71841448969099,43.03134656238944,3.223958825309196,43.03134656238944,3.223958825309196,43.03134656238944,3.223958825309196,14,0.995,39
2319.43,GT-0028,218477.35781303528,-289690.2539207223,157.54880435992163,-144.6706515828946,43.92404883993569,3.1497915600010784,43.92404883993569,3.1497915600010784,43.92404883993569,3.1497915600010784,14,0.995,39
2320.99,GT-0028,218725.5504038833,-289919.96425532066,157.45477864980649,-144.08007254781342,44.48142910701058,2.2631232326326027,44.48142910701058,2.2631232326326027,44.48142910701058,2.2631232326326027,14,0.996,39
2321.23,GT-0028,218763.33920555466,-289954.55019266554,157.45355939801766,-144.0800284081647,44.61458150740356,2.380322148561565,44.61458150740356,2.380322148561565,44.61458150740356,2.380322148561565,14,0.99,39
2322.67,GT-0028,218990.06033781212,-290162.02579799574,157.45199497547083,-144.07912612729342,45.475889277176286,2.9855796440545266,45.475889277176286,2.9855796440545266,45.475889277176286,2.9855796440545266,14,0.985,39
2323.41,GT-0028,219192.99642474242,-290418.5502355328,157.88761247835643,-143.6085346117977,39.675344756039046,0.6615061055658396,39.675344756039046,0.6615061055658396,39.675344756039046,0.6615061055658396,14,0.996,39
2324.61,GT-0028,219382.45803252712,-290590.87556689425,157.88503850326217,-143.60945275199055,39.71893949876786,1.7719924999333274,39.71893949876786,1.7719924999333274,39.71893949876786,1.7719924999333274,14,0.991,39
2325.6,GT-0028,219538.74226656082,-290733.01758762484,157.88224876914035,-143.62313027611322,39.83330505741101,2.3132700756211837,39.83330505741101,2.3132700756211837,39.83330505741101,2.3132700756211837,14,0.994,39
2327.34,GT-0028,219813.46062502515,-290982.9159048742,157.88496043606847,-143.64039674443302,40.36206964493241,3.0271392263113013,40.36206964493241,3.0271392263113013,40.36206964493241,3.0271392263113013,14,0.996,39
2329.06,GT-0028,220085.01526509304,-291229.9800756341,157.88460342528106,-143.64074870283002,41.551257455343524,3.611662723395394,41.551257455343524,3.611662723395394,41.551257455343524,3.611662723395394,14,0.987,39
2329.69,GT-0028,220185.92729487282,-291320.60371384467,158.20952611139637,-143.8058866898009,42.13455650652316,3.408138393705839,42.13455650652316,3.408138393705839,42.13455650652316,3.408138393705839,14,0.994,39
2330.54,GT-0028,220320.38306390477,-291442.82366952975,158.20351051077796,-143.80567699173844,42.99861719012403,3.677871201090287,42.99861719012403,3.677871201090287,42.99861719012403,3.677871201090287,14,0.99,39
2332.29,GT-0028,220596.37219180464,-291697.6742653038,158.14664545477717,-144.84727642436155,44.569916242993635,3.0402202660308943,44.569916242993635,3.0402202660308943,44.569916242993635,3.0402202660308943,14,0.994,39
2334.77,GT-0028,220986.87707934683,-292054.772271112,158.8430331701029,-145.32662372524692,45.64904492011122,2.1374986311288975,45.64904492011122,2.1374986311288975,45.64904492011122,2.1374986311288975,13,0.996,39
2336.15,GT-0028,221206.07342046357,-292255.3172680524,158.84082682234748,-145.32870536721384,46.363203696300815,2.770715620022676,46.363203696300815,2.770715620022676,46.363203696300815,2.770715620022676,13,0.991,39
2336.69,GT-0028,221290.33360197797,-292329.51393192756,158.5299501576444,-144.86975943337347,46.49251814959033,2.299244773490838,46.49251814959033,2.299244773490838,46.49251814959033,2.299244773490838,13,0.996,39
2338.8,GT-0028,221624.7966911036,-292635.19635622244,158.52929049360273,-144.87231568840707,47.635995470204584,3.157299654963038,47.635995470204584,3.157299654963038,47.635995470204584,3.157299654963038,13,0.995,39
2340.99,GT-0028,221970.42959608498,-292950.61757342215,158.589091445986,-145.04064291603845,49.42380697800853,3.1190188055272348,49.42380697800853,3.1190188055272348,49.42380697800853,3.1190188055272348,13,0.995,39
2341.72,GT-0028,222086.1978702581,-293056.4626542394,158.5914831874361,-145.02983432656583,50.074214262475216,3.372204440820712,50.074214262475216,3.372204440820712,50.074214262475216,3.372204440820712,13,0.99,39
2343.82,GT-0028,222442.1342581413,-293350.68444871827,159.81191730140165,-144.7860700562801,50.15352545204966,1.8005021596999131,50.15352545204966,1.8005021596999131,50.15352545204966,1.8005021596999131,13,0.996,39
2344.78,GT-0028,222595.55465151768,-293489.67945470684,159.8113712396423,-144.78634165098242,50.454037754413754,2.325180781414512,50.454037754413754,2.325180781414512,50.454037754413754,2.325180781414512,13,0.988,39
2345.86,GT-0028,222897.77943066924,-293784.4113058223,157.86536330932583,-145.95099806180025,39.67875973655193,0.6615017598115777,39.67875973655193,0.6615017598115777,39.67875973655193,0.6615017598115777,14,0.997,39
2349.1,GT-0028,223409.21905211234,-294257.24156148254,157.86266478190078,-145.94057615917245,40.06816336745264,2.7731865923266916,40.06816336745264,2.7731865923266916,40.06816336745264,2.7731865923266916,14,0.995,39
2351.12,GT-0028,223728.10079482835,-294551.9989657202,157.87208773747716,-145.93608270708046,41.19982177151216,3.494432100072268,41.19982177151216,3.494432100072268,41.19982177151216,3.494432100072268,14,0.993,40
2351.27,GT-0028,223640.85974772344,-294423.816741138,158.8392506565231,-144.75691044568367,39.671728019170224,0.6615085664539366,39.671728019170224,0.6615085664539366,39.671728019170224,0.6615085664539366,14,0.997,40
2351.64,GT-0028,223699.62241059748,-294477.3566722774,158.83823400465306,-144.75690919849973,39.692255141745,1.127494187289709,39.692255141745,1.127494187289709,39.692255141745,1.127494187289709,14,0.991,40
2352.84,GT-0028,223890.22500907895,-294651.1133651923,158.83601869474933,-144.75664496320894,39.75452863045634,1.9908248541766684,39.75452863045634,1.9908248541766684,39.75452863045634,1.9908248541766684,14,0.994,40
2354.21,GT-0028,224107.82119340962,-294849.42763582175,158.83745114336375,-144.76660380620433,40.00300749665393,2.6487201464343135,40.00300749665393,2.6487201464343135,40.00300749665393,2.6487201464343135,14,0.995,40
2356.12,GT-0028,224410.35519350914,-295127.6691934493,158.62914487113494,-145.00357206824583,40.86357819356769,2.904570319478229,40.86357819356769,2.904570319478229,40.86357819356769,2.904570319478229,14,0.996,40
2357.95,GT-0028,224701.23047871367,-295393.01152021304,158.78974501573612,-144.95162828584216,42.181414696763355,3.414133473994572,42.181414696763355,3.414133473994572,42.181414696763355,3.414133473994572,14,0.995,40
2359.24,GT-0028,224903.8782433355,-295579.51989218965,158.52641612042498,-144.82818732416126,43.35970753849076,3.2198428381592796,43.35970753849076,3.2198428381592796,43.35970753849076,3.2198428381592796,14,0.995,40
2362.2,GT-0028,225394.625888982,-296192.5364548625,157.9444637306096,-144.86426308031244,39.674293249163725,0.6615106577882591,39.674293249163725,0.6615106577882591,39.674293249163725,0.6615106577882591,14,0.997,40
2364.77,GT-0028,225885.17266978562,-296518.9530812802,158.15232625669574,-144.28090128792894,39.67133563821998,0.6614972933767291,39.67133563821998,0.6614972933767291,39.67133563821998,0.6614972933767291,14,0.997,40
2365.48,GT-0028,225997.4240978229,-296621.3874607692,158.1500572983319,-144.28138832561444,39.69534398439232,1.4269223288633184,39.69534398439232,1.4269223288633184,39.69534398439232,1.4269223288633184,14,0.993,40
2366.68,GT-0028,226187.12707415395,-296794.57140901027,158.15245800427056,-144.29134666999346,39.78319048249797,2.17059332174936,39.78319048249797,2.17059332174936,39.78319048249797,2.17059332174936,14,0.996,40
2366.76,GT-0028,226199.78344436383,-296806.11267761374,158.15246548147525,-144.29082780244846,39.813311451589236,2.2126978847985157,39.813311451589236,2.2126978847985157,39.813311451589236,2.2126978847985157,14,0.987,40
2368.6,GT-0028,226490.83177605493,-297071.6495470374,158.16192945964576,-144.30966486470288,40.33236024751103,2.997317802456975,40.33236024751103,2.997317802456975,40.33236024751103,2.997317802456975,14,0.994,40
2371.26,GT-0028,226908.33032289144,-297454.6279318789,158.2818610642462,-145.1745218684341,41.80631546689694,2.575012806880205,41.80631546689694,2.575012806880205,41.80631546689694,2.575012806880205,14,0.996,40
2371.33,GT-0028,226919.41820991228,-297464.7773256783,158.28231506342127,-145.17331891224376,41.860983574255314,2.605478160462233,41.860983574255314,2.605478160462233,41.860983574255314,2.605478160462233,14,0.992,40
2373.84,GT-0028,227245.68078967935,-297898.7923979128,158.43032555208336,-145.11261236525405,39.673263703192916,0.6615080393086981,39.673263703192916,0.6615080393086981,39.673263703192916,0.6615080393086981,14,0.997,40
2375.82,GT-0028,227559.38096481547,-298186.1039559644,158.42546378041732,-145.11584898239653,39.78138856565255,2.2089660048055264,39.78138856565255,2.2089660048055264,39.78138856565255,2.2089660048055264,14,0.995,40
2376.65,GT-0028,227690.8632192405,-298306.5141365407,158.42688801298027,-145.11846192371513,39.95612992731889,2.5966536518280043,39.95612992731889,2.5966536518280043,39.95612992731889,2.5966536518280043,14,0.993,40
2378.45,GT-0028,227976.1210548337,-298567.3968370557,158.41276091568307,-145.19091427340754,40.721028308209604,2.9627013071759523,40.721028308209604,2.9627013071759523,40.721028308209604,2.9627013071759523,14,0.996,40
2380.45,GT-0028,228292.95667464513,-298857.75973871193,158.4285079973224,-145.202053868622,42.22810079013726,3.6352671173899473,42.22810079013726,3.6352671173899473,42.22810079013726,3.6352671173899473,14,0.994,40
2381.16,GT-0028,228375.08825235168,-298896.420502612,158.38383893682933,-145.94706848867924,39.67236367074913,0.6615099428927659,39.67236367074913,0.6615099428927659,39.67236367074913,0.6615099428927659,14,0.997,40
2383.07,GT-0028,228843.894634146,-299254.1377416986,158.00464674025702,-144.876358180684,39.67130607037659,0.6614900268148375,39.67130607037659,0.6614900268148375,39.67130607037659,0.6614900268148375,14,0.997,40
2385.7,GT-0028,229259.4260548516,-299635.1641068787,158.0047973491521,-144.8730848590037,39.900181326787695,2.521549777116043,39.900181326787695,2.521549777116043,39.900181326787695,2.521549777116043,14,0.991,40
2385.93,GT-0028,229259.1445553811,-299628.3515921252,157.26957145048078,-145.8001813024446,39.671369180969414,0.6614994867646234,39.671369180969414,0.6614994867646234,39.671369180969414,0.6614994867646234,14,0.997,40
2389.11,GT-0028,229759.28912252115,-300092.021086641,157.27618341674588,-145.7957538741589,40.0353085488799,2.7431572040295387,40.0353085488799,2.7431572040295387,40.0353085488799,2.7431572040295387,14,0.996,40
2389.16,GT-0028,229767.13070239627,-300099.3095078254,157.27514221854176,-145.7955140457998,40.06993471287397,2.7634904187448073,40.06993471287397,2.7634904187448073,40.06993471287397,2.7634904187448073,14,0.992,41
2390.94,GT-0028,230047.0668710734,-300358.8050970661,157.2737829404914,-145.79099222159766,41.01159552888351,3.412134725325891,41.01159552888351,3.412134725325891,41.01159552888351,3.412134725325891,14,0.99,41
2391.69,GT-0028,230165.03235971156,-300467.6318994881,157.32771702945047,-145.6826619912108,41.64486259843687,3.5211181652729597,41.64486259843687,3.5211181652729597,41.64486259843687,3.5211181652729597,14,0.994,41
2394.14,GT-0028,230550.3038742451,-300824.88751407486,157.16965779763905,-145.11969808554204,43.93220362087531,3.088902204888384,43.93220362087531,3.088902204888384,43.93220362087531,3.088902204888384,14,0.995,41
2396.12,GT-0028,230866.66552076148,-301115.3552568312,158.0383908708909,-145.07144729321863,45.70529388034508,3.0063473301966175,45.70529388034508,3.0063473301966175,45.70529388034508,3.0063473301966175,13,0.995,41
2396.74,GT-0028,230964.6284562312,-301205.25268371747,158.04134366590824,-145.07355798605295,46.2769807948679,3.224386074085951,46.2769807948679,3.224386074085951,46.2769807948679,3.224386074085951,13,0.994,41
2398.87,GT-0028,231306.2868041851,-301523.1884653751,158.58687595394576,-145.46271330753734,46.85906575717055,2.0603438736178883,46.85906575717055,2.0603438736178883,46.85906575717055,2.0603438736178883,13,0.996,41
2401.12,GT-0028,231681.73840184766,-301864.59101488045,158.25758680371504,-146.3426237442494,39.676886281972436,0.6615043830735491,39.676886281972436,0.6615043830735491,39.676886281972436,0.6615043830735491,14,0.997,41
2402.45,GT-0028,231892.19379445794,-302059.2349463645,158.25668532927654,-146.3403576242015,39.726728536952585,1.852199492347174,39.726728536952585,1.852199492347174,39.726728536952585,1.852199492347174,14,0.993,41
2403.94,GT-0028,232128.0215503029,-302277.2267486669,158.2553832779322,-146.33501433106994,39.95645167503202,2.594187030939774,39.95645167503202,2.594187030939774,39.95645167503202,2.594187030939774,14,0.996,41
2406.97,GT-0028,232607.08895387908,-302720.8691425707,158.0159889112556,-146.27221898684002,41.71595487117627,3.4997363796424583,41.71595487117627,3.4997363796424583,41.71595487117627,3.4997363796424583,14,0.995,41
2409.2,GT-0028,232959.4727394156,-303047.03518170054,158.02039357052308,-146.26961073032362,44.42875791052179,4.148436682995604,44.42875791052179,4.148436682995604,44.42875791052179,4.148436682995604,14,0.993,41
2409.91,GT-0028,233073.52036701568,-303151.41678095516,158.44471824365064,-146.01832975864272,44.498862677412134,3.0165221000152043,44.498862677412134,3.0165221000152043,44.498862677412134,3.0165221000152043,14,0.995,41
2410.21,GT-0028,233121.05042185198,-303195.2259352676,158.44557875900136,-146.01931610811062,44.78909201681094,3.127570845040028,44.78909201681094,3.127570845040028,44.78909201681094,3.127570845040028,14,0.988,42
2412.88,GT-0028,233544.42790395097,-303583.440896659,157.9261771349038,-144.78355414354792,47.19544227606152,2.9123403893394824,47.19544227606152,2.9123403893394824,47.19544227606152,2.9123403893394824,13,0.994,42
2414.16,GT-0028,233746.5814825787,-303768.76063451625,157.9284153050312,-144.7811123459951,48.428393219838604,3.3708614989290964,48.428393219838604,3.3708614989290964,48.428393219838604,3.3708614989290964,13,0.99,42
2414.75,GT-0028,233868.7930562702,-303951.18458665255,157.19308603962986,-144.30411994487193,39.67653800744168,0.6615079286973913,39.67653800744168,0.6615079286973913,39.67653800744168,0.6615079286973913,14,0.997,42
2417.25,GT-0028,234261.777838386,-304311.9545873093,157.21271669320686,-144.3030219554264,39.87117590657166,2.4578641070634,39.87117590657166,2.4578641070634,39.87117590657166,2.4578641070634,14,0.995,42
2419.42,GT-0028,234602.94541364672,-304625.0938466665,157.22117624200064,-144.3082279490509,40.77085283396823,3.302309458812323,40.77085283396823,3.302309458812323,40.77085283396823,3.302309458812323,14,0.993,42
2419.99,GT-0028,234754.1700776041,-304739.21379686584,158.97741515917636,-145.16675356619922,39.671690550949506,0.6615082636653341,39.671690550949506,0.6615082636653341,39.671690550949506,0.6615082636653341,14,0.997,42
2421.46,GT-0028,234987.87386794697,-304952.597489454,158.9768166876757,-145.1663194412193,39.73319590132308,1.9360296032972013,39.73319590132308,1.9360296032972013,39.73319590132308,1.9360296032972013,14,0.99,42
2422.34,GT-0028,235127.703270565,-305080.31998072314,158.9583649717648,-145.1686578146123,39.85178969688279,2.38558580366269,39.85178969688279,2.38558580366269,39.85178969688279,2.38558580366269,14,0.995,42
2424.6,GT-0028,235486.9156130273,-305408.3251977238,158.95929049605684,-145.15933101847077,40.73662279153149,3.2767288482584718,40.73662279153149,3.2767288482584718,40.73662279153149,3.2767288482584718,14,0.994,42
2424.83,GT-0028,235523.50151820693,-305441.6932085654,158.96518277534142,-145.14009899872508,40.89470370685578,3.342292308429661,40.89470370685578,3.342292308429661,40.89470370685578,3.342292308429661,14,0.995,42
2427.48,GT-0028,235943.5124759501,-305824.64830178715,158.53225458096176,-145.15621580429934,42.428062822348814,2.41908970172824,42.428062822348814,2.41908970172824,42.428062822348814,2.41908970172824,14,0.996,42
2427.87,GT-0028,236005.32729991933,-305881.2258207699,158.5327707622896,-145.15210597836085,42.65174302703218,2.5941992241936824,42.65174302703218,2.5941992241936824,42.65174302703218,2.5941992241936824,14,0.992,42
2429.64,GT-0028,236285.9238914934,-306138.1310136453,158.53253641832998,-145.154273150707,43.925487214066806,3.272146329337767,43.925487214066806,3.272146329337767,43.925487214066806,3.272146329337767,14,0.991,42
2429.79,GT-0028,236308.86861487766,-306159.01775931986,157.61697003747122,-145.0022716950266,43.662978659207084,2.4122576532814315,43.662978659207084,2.4122576532814315,43.662978659207084,2.4122576532814315,14,0.996,42
2431.8,GT-0028,236626.95892502414,-306451.9486259233,157.84939584510857,-144.9593089284358,44.63742353770834,2.4131334333915335,44.63742353770834,2.4131334333915335,44.63742353770834,2.4131334333915335,14,0.996,42
2434.23,GT-0028,237010.4831666479,-306804.11378251074,157.83730271407512,-144.95437685274464,46.20200832291486,3.353682280907491,46.20200832291486,3.353682280907491,46.20200832291486,3.353682280907491,13,0.994,42
2434.47,GT-0028,237049.4865227904,-306839.3439145728,157.99441838572784,-144.96885555549852,46.40971904079622,3.257427372517652,46.40971904079622,3.257427372517652,46.40971904079622,3.257427372517652,13,0.995,42
2436.82,GT-0028,237420.93462220696,-307179.1258468043,157.97551926820506,-144.49587546241764,48.434692995473355,3.0336015413429247,48.434692995473355,3.0336015413429247,48.434692995473355,3.0336015413429247,13,0.995,42
2438.11,GT-0028,237624.70879831613,-307365.51483308733,157.97065678702438,-144.49484477627175,49.65914007702282,3.4793045737443404,49.65914007702282,3.4793045737443404,49.65914007702282,3.4793045737443404,13,0.99,42
2439.51,GT-0028,237840.2763640638,-307592.67687575246,157.4818588724563,-145.798952384617,49.23610316283565,1.8966669864316235,49.23610316283565,1.8966669864316235,49.23610316283565,1.8966669864316235,13,0.996,42
2441.92,GT-0028,238219.76781284207,-307944.04460569867,157.48192578478483,-145.7969929001215,50.260060539729935,2.994631037555274,50.260060539729935,2.994631037555274,50.260060539729935,2.994631037555274,13,0.995,42
2442.64,GT-0028,238333.1311916532,-308049.06155414024,157.47861312696523,-145.79713599517527,50.74196855866897,3.2481071442500227,50.74196855866897,3.2481071442500227,50.74196855866897,3.2481071442500227,13,0.994,42
2444.2,GT-0028,238579.46510981882,-308278.41626600764,157.34255266448008,-145.39615612221587,51.94697322046942,3.1632544459760785,51.94697322046942,3.1632544459760785,51.94697322046942,3.1632544459760785,13,0.995,42
2447.21,GT-0028,239061.8664261435,-308723.44761354325,158.0942033001711,-144.9189679427609,54.264389646325746,2.922216611772178,54.264389646325746,2.922216611772178,54.264389646325746,2.922216611772178,13,0.995,42
2447.59,GT-0028,239121.9017950291,-308778.5149664958,158.09082607972005,-144.9124347879806,54.554437288807776,3.0603434919121613,54.554437288807776,3.0603434919121613,54.554437288807776,3.0603434919121613,13,0.994,42
2449.72,GT-0028,239458.5833289815,-309087.18466261396,158.07931459765405,-144.9109208038126,56.617861998915785,3.762474539812017,56.617861998915785,3.762474539812017,56.617861998915785,3.762474539812017,13,0.99,43
2450.1,GT-0028,239619.0573947469,-309208.81648322544,158.13300020589875,-145.52609296719,39.68045525759573,0.6615100217548596,39.68045525759573,0.6615100217548596,39.68045525759573,0.6615100217548596,14,0.997,43
2452.93,GT-0028,240066.57923701865,-309620.7044413325,158.13453584196304,-145.52065413397213,39.944790610832825,2.598344169020727,39.944790610832825,2.598344169020727,39.944790610832825,2.598344169020727,14,0.996,43
2453.09,GT-0028,240091.8797980585,-309643.9817397278,158.13636725316974,-145.52471853522957,40.006971646701544,2.6672975986619774,40.006971646701544,2.6672975986619774,40.006971646701544,2.6672975986619774,14,0.991,43
2455.9,GT-0028,240533.45731525918,-310054.76752692467,157.8772041275315,-146.16307556261154,41.3825859204858,2.700978850764875,41.3825859204858,2.700978850764875,41.3825859204858,2.700978850764875,14,0.996,43
2458.43,GT-0028,240930.49389984415,-310423.15980882244,157.48636877414992,-146.23702784839952,43.2853966486134,3.2554534850158805,43.2853966486134,3.2554534850158805,43.2853966486134,3.2554534850158805,14,0.995,43
2458.48,GT-0028,240932.94458180314,-310525.62321145984,158.70958337989313,-144.98225880014448,39.67319018798589,0.6615062087467011,39.67319018798589,0.6615062087467011,39.67319018798589,0.6615062087467011,14,0.997,43
2458.56,GT-0028,240945.64182583385,-310537.2060662302,158.70997526161483,-144.9822806763014,39.691974104974335,0.7862304866460945,39.691974104974335,0.7862304866460945,39.691974104974335,0.7862304866460945,14,0.992,43
2460.27,GT-0028,241217.03350059534,-310785.0906326127,158.71216759427227,-144.98697230599953,39.77199602204494,2.1080815083893136,39.77199602204494,2.1080815083893136,39.77199602204494,2.1080815083893136,14,0.996,43
2462.94,GT-0028,241646.95416893845,-311124.4702525348,158.73531912155568,-145.759201416465,39.67154658192967,0.661506453265898,39.67154658192967,0.661506453265898,39.67154658192967,0.661506453265898,14,0.997,43
2464.39,GT-0028,241877.10508680303,-311335.8193810343,158.73377300476284,-145.76004153931984,39.73126630143873,1.9242438296111877,39.73126630143873,1.9242438296111877,39.73126630143873,1.9242438296111877,14,0.991,43
2467.07,GT-0028,242287.0957997913,-311763.6823626313,157.62607308354828,-145.5795046005278,39.671491495252425,0.661505489480261,39.671491495252425,0.661505489480261,39.671491495252425,0.661505489480261,14,0.997,44
2468.57,GT-0028,242523.5269532209,-311982.0494077331,157.62718287471114,-145.57870354359147,39.734554103368964,1.9530435218366495,39.734554103368964,1.9530435218366495,39.734554103368964,1.9530435218366495,14,0.992,44
2469.67,GT-0028,242696.94704204056,-312142.19577301975,157.6169615971603,-145.57406052592592,39.9059020941057,2.50320012895551,39.9059020941057,2.50320012895551,39.9059020941057,2.50320012895551,14,0.994,44
2469.9,GT-0028,242733.1925808151,-312175.674130388,157.61605655628455,-145.57340958640998,39.97994316046006,2.6054190278572436,39.97994316046006,2.6054190278572436,39.97994316046006,2.6054190278572436,14,0.989,44
2471.51,GT-0028,243029.90059615546,-312421.2907498648,158.0644006625978,-145.21865807354865,39.67156622684603,0.6615064029364693,39.67156622684603,0.6615064029364693,39.67156622684603,0.6615064029364693,14,0.997,44
2471.89,GT-0028,243089.97813898657,-312476.46472431254,158.06168305443884,-145.21770931371648,39.68632501027132,1.136940504915186,39.68632501027132,1.136940504915186,39.68632501027132,1.136940504915186,14,0.995,44
2473.95,GT-0028,243377.00702123216,-312802.49612149067,157.87863587044524,-145.36372068788108,39.67133967633082,0.6614961547765174,39.67133967633082,0.6614961547765174,39.67133967633082,0.6614961547765174,14,0.997,44
2476.63,GT-0028,243871.0630572171,-313173.14149593643,157.96373692970505,-146.0268314674914,39.67133879439627,0.6614981748016547,39.67133879439627,0.6614981748016547,39.67133879439627,0.6614981748016547,14,0.997,44
2477.63,GT-0028,244028.9989561458,-313319.15483236377,157.96199285655243,-146.02859386286534,39.70506129065727,1.6398985596381204,39.70506129065727,1.6398985596381204,39.70506129065727,1.6398985596381204,14,0.992,44
2479.2,GT-0028,244276.94035606761,-313548.437500518,157.94353346257867,-146.01358497466458,39.893786009172004,2.4854335761828086,39.893786009172004,2.4854335761828086,39.893786009172004,2.4854335761828086,14,0.996,44
2481.61,GT-0028,244658.17073375714,-313901.20195585984,157.97156177332226,-145.90673066980207,40.915486806342585,2.8748046505698692,40.915486806342585,2.8748046505698692,40.915486806342585,2.8748046505698692,14,0.996,44
2484.06,GT-0028,245044.18829011425,-314256.3396171877,157.66186854626358,-145.44476177465276,42.793809224950856,3.301977811533738,42.793809224950856,3.301977811533738,42.793809224950856,3.301977811533738,14,0.995,44
2484.25,GT-0028,245074.09492287552,-314283.93926446687,157.65959877828027,-145.4414224177126,42.97397345023221,3.3595672310266282,42.97397345023221,3.3595672310266282,42.97397345023221,3.3595672310266282,14,0.994,44
2485.37,GT-0028,245250.6869313499,-314446.8439753251,157.6626357515388,-145.44142967432708,44.18558682697422,3.716924414116289,44.18558682697422,3.716924414116289,44.18558682697422,3.716924414116289,14,0.988,45
2487.16,GT-0028,245556.69969322177,-314712.759452981,157.25236984526103,-146.7093215665429,39.6739502374253,0.6615110261266811,39.6739502374253,0.6615110261266811,39.6739502374253,0.6615110261266811,14,0.997,45
2488.74,GT-0028,245805.14747779642,-314944.55691452825,157.25155842988573,-146.70464435167662,39.743776486376156,1.998591892159778,39.743776486376156,1.998591892159778,39.743776486376156,1.998591892159778,14,0.992,45
2489.49,GT-0028,245944.6249929,-315098.0002965697,157.51275334014218,-147.21788345638035,39.67134227149418,0.6614951054551137,39.67134227149418,0.6614951054551137,39.67134227149418,0.6614951054551137,14,0.997,45
2489.7,GT-0028,245977.67360925922,-315128.91129908455,157.51225332680463,-147.21755606841924,39.68951109656401,0.9543522080973467,39.68951109656401,0.9543522080973467,39.68951109656401,0.9543522080973467,14,0.993,45
2492.45,GT-0028,246410.78607534646,-315533.74097904644,157.507099939417,-147.21728643666802,39.993824311454496,2.6584996783782553,39.993824311454496,2.6584996783782553,39.993824311454496,2.6584996783782553,14,0.995,45
2494.95,GT-0028,246840.7209495621,-315972.1962468039,157.64650250456404,-144.1139667570864,39.671731392306306,0.6615086851709231,39.671731392306306,0.6615086851709231,39.671731392306306,0.6615086851709231,14,0.997,45
2495.17,GT-0028,246875.39870241945,-316003.90200685733,157.6468140770572,-144.1136937295955,39.69138750659096,0.9661590048656649,39.69138750659096,0.9661590048656649,39.69138750659096,0.9661590048656649,14,0.991,45
2497.1,GT-0028,247100.47492764163,-316211.1289177881,158.0198138361572,-145.79624618308512,39.67133309610046,0.6614931542748939,39.67133309610046,0.6614931542748939,39.67133309610046,0.6614931542748939,14,0.997,45
2499.47,GT-0028,247475.0294596415,-316556.6545148532,158.0209255802572,-145.79157361051307,39.84079308518589,2.398098590776531,39.84079308518589,2.398098590776531,39.84079308518589,2.398098590776531,14,0.995,45
2500.39,GT-0028,247620.40016012013,-316690.7874680788,158.0138052311595,-145.79219681896075,40.089477247328055,2.7897784825018728,40.089477247328055,2.7897784825018728,40.089477247328055,2.7897784825018728,14,0.995,45
2503.14,GT-0028,248054.24079358584,-317093.14048771147,157.4289482721215,-145.98833791393008,41.88527925132598,3.4573370964401966,41.88527925132598,3.4573370964401966,41.88527925132598,3.4573370964401966,14,0.995,45
2504.19,GT-0028,248219.5845010477,-317246.3413009001,157.43569895623386,-145.9795909186032,42.96862309790112,3.7738527725967543,42.96862309790112,3.7738527725967543,42.96862309790112,3.7738527725967543,14,0.994,45
2506.1,GT-0028,248516.90239836788,-317568.8468390741,158.0070224130474,-146.23234325892605,39.67314537911931,0.6615113923920597,39.67314537911931,0.6615113923920597,39.67314537911931,0.6615113923920597,14,0.997,45
2507.97,GT-0028,248812.40047928138,-317842.2685223922,158.00251724393456,-146.23878153416763,39.76746352392853,2.152569964651006,39.76746352392853,2.152569964651006,39.76746352392853,2.152569964651006,14,0.995,45
2507.98,GT-0028,248814.04525905053,-317843.7337570977,157.98839286490556,-146.24010031394027,39.77679479692753,2.1522842813056036,39.77679479692753,2.1522842813056036,39.77679479692753,2.1522842813056036,14,0.996,45
2508.15,GT-0028,248840.90832868015,-317868.5972521567,157.98935680895295,-146.24013172313528,39.818614884329016,2.240358352564452,39.818614884329016,2.240358352564452,39.818614884329016,2.240358352564452,14,0.989,46
2510.09,GT-0028,249147.41425432116,-318152.2433140367,157.97281290784576,-146.2393423738954,40.3946599038932,3.0461159032540337,40.3946599038932,3.0461159032540337,40.3946599038932,3.0461159032540337,14,0.995,46
2513.2,GT-0028,249645.24057535295,-318610.66208612995,157.90789897117975,-146.21428545079652,42.168751535172795,2.478021545448412,42.168751535172795,2.478021545448412,42.168751535172795,2.478021545448412,14,0.996,46
2513.54,GT-0028,249698.91653152052,-318660.3790866782,157.9055252920516,-146.2153544829216,42.36668876358824,2.6278898596433904,42.36668876358824,2.6278898596433904,42.36668876358824,2.6278898596433904,14,0.992,46
2515.52,GT-0028,250014.59923252938,-318948.2855950241,157.22044869468073,-146.10537975545049,43.405064106575786,2.428876268027576,43.405064106575786,2.428876268027576,43.405064106575786,2.428876268027576,14,0.996,46
2518.4,GT-0028,250469.2924107255,-319364.8173688457,157.72615592663988,-145.52352725704077,44.85018151735077,2.347864195727419,44.85018151735077,2.347864195727419,44.85018151735077,2.347864195727419,14,0.996,46
2520.25,GT-0028,250761.0703290586,-319634.00650083687,157.7148286331044,-145.50448888867595,45.91657012003989,3.1007103807400185,45.91657012003989,3.1007103807400185,45.91657012003989,3.1007103807400185,13,0.995,46
2522.61,GT-0028,251135.16166765997,-319975.6673282222,157.80028686559763,-145.62416773558834,47.90332113990431,3.092803919553097,47.90332113990431,3.092803919553097,47.90332113990431,3.092803919553097,13,0.995,47
2523.5,GT-0028,251283.2901075078,-320111.7137462525,157.53817406735584,-145.9412095359894,47.8216312130219,2.097136153860291,47.8216312130219,2.097136153860291,47.8216312130219,2.097136153860291,13,0.996,47
2526.39,GT-0028,251751.82339772262,-320541.92200592766,158.2742920764906,-145.72784323510723,48.86957554995836,2.145115187074764,48.86957554995836,2.145115187074764,48.86957554995836,2.145115187074764,13,0.996,47
2528.79,GT-0028,252131.67532844958,-320891.6809262742,158.27107561501907,-145.73055152042525,49.99182652978687,3.162832070918893,49.99182652978687,3.162832070918893,49.99182652978687,3.162832070918893,13,0.991,47
2529.16,GT-0028,252190.3070038957,-320945.720092344,158.26076704836078,-145.75608689319415,50.24787967640605,3.2800651267597583,50.24787967640605,3.2800651267597583,50.24787967640605,3.2800651267597583,13,0.994,47
2531.85,GT-0028,252766.27798716334,-321482.1524290985,156.2727034049003,-144.7792757475553,39.67864334969156,0.6615111095943584,39.67864334969156,0.6615111095943584,39.67864334969156,0.6615111095943584,14,0.997,47
2533.85,GT-0028,253078.77832079347,-321771.6581475864,156.27953490698553,-144.78740618807979,39.789412036893125,2.219064722194081,39.789412036893125,2.219064722194081,39.789412036893125,2.219064722194081,14,0.995,47
2534.08,GT-0028,253105.54940825314,-321760.203463838,157.19513840869095,-147.15051804066044,39.671337341044946,0.6614939863527458,39.671337341044946,0.6614939863527458,39.671337341044946,0.6614939863527458,14,0.997,47
2536.49,GT-0028,253484.42241052116,-322114.8034356641,157.20382116863402,-147.14473609683068,39.848270041854235,2.416647216238353,39.848270041854235,2.416647216238353,39.848270041854235,2.416647216238353,14,0.995,47
2539.0,GT-0028,253879.01825015031,-322484.1325439534,157.2072118123242,-147.14667113264204,40.93958039689294,3.3894838864049293,40.93958039689294,3.3894838864049293,40.93958039689294,3.3894838864049293,14,0.99,47
2539.6,GT-0028,253973.3653734413,-322572.38359649596,157.19960456227545,-147.12544699914906,41.42015002136369,3.567654705249348,41.42015002136369,3.567654705249348,41.42015002136369,3.567654705249348,14,0.994,47
2542.36,GT-0028,254410.03411529155,-323016.31719892885,158.06086875904333,-146.1858283851429,39.672665175867984,0.6615116527193446,39.672665175867984,0.6615116527193446,39.672665175867984,0.6615116527193446,14,0.997,47
2543.78,GT-0028,254634.47426658313,-323223.89757302095,158.06006918915375,-146.18701736467847,39.730184671664766,1.9066182422597893,39.730184671664766,1.9066182422597893,39.730184671664766,1.9066182422597893,14,0.991,47
2544.81,GT-0028,254797.28003052875,-323374.5165202572,158.06372511741392,-146.1912927913736,39.87668249998817,2.4355852690004838,39.87668249998817,2.4355852690004838,39.87668249998817,2.4355852690004838,14,0.994,47
2545.4,GT-0028,254890.53977657857,-323460.7687401783,158.06321425122837,-146.19219533958176,40.03950379580886,2.6954560868316357,40.03950379580886,2.6954560868316357,40.03950379580886,2.6954560868316357,14,0.988,48
2546.91,GT-0028,255129.4080989261,-323681.0913822358,158.096192671047,-146.23183605196255,40.70903186649313,2.97715472640717,40.70903186649313,2.97715472640717,40.70903186649313,2.97715472640717,14,0.995,48
2549.21,GT-0028,255609.3737024027,-323987.9322990199,157.0870776791664,-145.40906820132716,39.67221301449929,0.6615095108002598,39.67221301449929,0.6615095108002598,39.67221301449929,0.6615095108002598,14,0.997,48
2549.73,GT-0028,255691.05220906972,-324063.54048635426,157.08653871840943,-145.40946874668205,39.69379284243199,1.2684040485362473,39.69379284243199,1.2684040485362473,39.69379284243199,1.2684040485362473,14,0.992,48
2551.4,GT-0028,255953.36223694967,-324306.3639587846,157.09474314767976,-145.41131372942345,39.829625255549665,2.3130321352216687,39.829625255549665,2.3130321352216687,39.829625255549665,2.3130321352216687,14,0.994,48
2553.77,GT-0028,256324.50389136915,-324651.33500459243,157.14019822883483,-145.44130311837625,40.69388260497799,2.975104902666283,40.69388260497799,2.975104902666283,40.69388260497799,2.975104902666283,14,0.996,48
2554.18,GT-0028,256388.88792954493,-324710.94420060585,157.15788243194356,-145.4458199046876,40.92958514793696,3.1164024418123164,40.92958514793696,3.1164024418123164,40.92958514793696,3.1164024418123164,14,0.995,48
2556.63,GT-0028,256776.39990969055,-325069.049293899,157.83824714827097,-145.65390883700547,42.97409185163694,3.255675870990055,42.97409185163694,3.255675870990055,42.97409185163694,3.255675870990055,14,0.995,48
2558.04,GT-0028,256998.9509257693,-325274.4072509197,157.83906464747724,-145.65022715950545,44.476073325018405,3.7117404958025864,44.476073325018405,3.7117404958025864,44.476073325018405,3.7117404958025864,14,0.989,48
2558.35,GT-0028,257048.65791329736,-325319.58110866265,157.88014096887673,-145.32893283187605,44.5528018171251,3.094829447047077,44.5528018171251,3.094829447047077,44.5528018171251,3.094829447047077,14,0.994,48
2560.49,GT-0028,257376.58423070543,-325629.7179712873,157.3082105978092,-145.34584174327392,46.45340881526791,2.997561856771083,46.45340881526791,2.997561856771083,46.45340881526791,2.997561856771083,13,0.995,48
2560.55,GT-0028,257385.94144050882,-325638.5934310083,157.31470562823415,-145.37032502095008,46.5049800998513,3.0007194020694055,46.5049800998513,3.0007194020694055,46.5049800998513,3.0007194020694055,13,0.995,48
2562.64,GT-0028,257711.39094680833,-325941.2712394865,156.48848817062844,-145.1601605976948,48.297098151128985,2.96805282414139,48.297098151128985,2.96805282414139,48.297098151128985,2.96805282414139,13,0.995,48
2564.82,GT-0028,258040.5205020827,-326332.1597267508,157.20621140415233,-146.2574664986433,39.677322489893996,0.6615088632141748,39.677322489893996,0.6615088632141748,39.677322489893996,0.6615088632141748,14,0.997,48
2565.54,GT-0028,258153.6742602756,-326437.42588352185,157.2109481294467,-146.25590238617482,39.697161807635624,1.4340426761058709,39.697161807635624,1.4340426761058709,39.697161807635624,1.4340426761058709,14,0.995,48
2567.42,GT-0028,258449.22772748684,-326712.38128040545,157.2102806474743,-146.25338589967214,39.913348660773195,2.5083372482728454,39.913348660773195,2.5083372482728454,39.913348660773195,2.5083372482728454,14,0.988,48
2567.76,GT-0028,258511.50320668542,-326804.06707871414,158.13872955264475,-146.76121618918026,39.6713943810144,0.6615000188903992,39.6713943810144,0.6615000188903992,39.6713943810144,0.6615000188903992,14,0.997,48
2570.0,GT-0028,258865.6804553831,-327132.8308065133,158.1313544606221,-146.74978781304208,39.8128986892131,2.3331961944409687,39.8128986892131,2.3331961944409687,39.8128986892131,2.3331961944409687,14,0.996,48
2571.88,GT-0028,259162.91790539736,-327408.6918680136,158.12149142152975,-146.7448677206712,40.43730597036806,3.1053678973406607,40.43730597036806,3.1053678973406607,40.43730597036806,3.1053678973406607,14,0.994,48
2572.36,GT-0028,259182.87098037134,-327423.4445712755,156.7320713753041,-145.78771059654497,39.671563853838656,0.6615067776901821,39.671563853838656,0.6615067776901821,39.671563853838656,0.6615067776901821,14,0.997,48
2574.93,GT-0028,259585.68474988153,-327798.1387326244,156.73502953757838,-145.79688632139437,39.87530088777488,2.485101504046599,39.87530088777488,2.485101504046599,39.87530088777488,2.485101504046599,14,0.996,48
2577.45,GT-0028,259981.0174218322,-328167.56204149366,156.9949708065392,-146.06812937806308,40.958011783995275,2.8501493134066336,40.958011783995275,2.8501493134066336,40.958011783995275,2.8501493134066336,14,0.996,48
2579.96,GT-0028,260375.63909176685,-328537.5316491934,157.03217284827952,-146.58077088958908,42.885954027891536,3.2870147412460673,42.885954027891536,3.2870147412460673,42.885954027891536,3.2870147412460673,14,0.995,48
2582.61,GT-0028,260791.76166747417,-328925.96880445373,157.03096979742804,-146.5807456225175,46.15294543680958,4.094032453914053,46.15294543680958,4.094032453914053,46.15294543680958,4.094032453914053,13,0.99,49
2582.92,GT-0028,260850.79030905766,-328980.24039747345,158.0582832872692,-147.01103930644376,44.465243404334075,2.196239381252255,44.465243404334075,2.196239381252255,44.465243404334075,2.196239381252255,14,0.996,49
2585.16,GT-0028,261204.85890304646,-329309.5563346846,158.06544887681048,-147.01273955479974,45.82836374780428,3.1305443067171974,45.82836374780428,3.1305443067171974,45.82836374780428,3.1305443067171974,13,0.995,49
2587.93,GT-0028,261706.33463762992,-329796.686647538,157.6951883915458,-146.41571925506233,39.67605503072137,0.6615103702961549,39.67605503072137,0.6615103702961549,39.67605503072137,0.6615103702961549,14,0.997,49
2588.23,GT-0028,261753.6214721052,-329840.5788091624,157.69585975712306,-146.4150868480693,39.69305087577503,1.0550747850451956,39.69305087577503,1.0550747850451956,39.69305087577503,1.0550747850451956,14,0.994,49
2590.5,GT-0028,262111.59107981273,-330172.9481545345,157.69688323042942,-146.41493553519854,39.9086175135431,2.49526609293138,39.9086175135431,2.49526609293138,39.9086175135431,2.49526609293138,14,0.987,50
2590.72,GT-0028,262152.94166169385,-330223.7538921718,158.5513647183098,-146.56314691134926,39.67138620931244,0.661499010280739,39.67138620931244,0.661499010280739,39.67138620931244,0.661499010280739,14,0.996,50
2591.49,GT-0028,262274.9929987243,-330336.5651390454,158.55325308200565,-146.56164754350795,39.69521170038441,1.4731725344831348,39.69521170038441,1.4731725344831348,39.69521170038441,1.4731725344831348,14,0.994,50
2593.25,GT-0028,262554.0236581727,-330594.4951371007,158.5473788166462,-146.5613151349546,39.88830593550124,2.4714753494902006,39.88830593550124,2.4714753494902006,39.88830593550124,2.4714753494902006,14,0.995,50
2596.04,GT-0028,262996.3408204817,-331003.3961567523,158.545523781052,-146.54746791688194,41.247228856282604,3.5047571830036977,41.247228856282604,3.5047571830036977,41.247228856282604,3.5047571830036977,14,0.995,50
2597.15,GT-0028,263168.9402521547,-331167.5228420155,157.94788627069101,-147.05354198150417,42.25459965588912,3.3753490962225903,42.25459965588912,3.3753490962225903,42.25459965588912,3.3753490962225903,14,0.995,50
2598.53,GT-0028,263386.1526105883,-331373.11685302755,157.92084416652915,-147.26927984314443,42.817400794553784,2.411791263463878,42.817400794553784,2.411791263463878,42.817400794553784,2.411791263463878,14,0.996,50
2600.95,GT-0028,263768.30645393516,-331729.4981285202,157.91798274089433,-147.26673273500273,44.51189834585214,3.3572515746348452,44.51189834585214,3.3572515746348452,44.51189834585214,3.3572515746348452,14,0.987,50
2601.12,GT-0028,263794.7884217511,-331752.744125665,157.9463064916381,-147.00438898890206,44.658910304819386,3.2112139421507218,44.658910304819386,3.2112139421507218,44.658910304819386,3.2112139421507218,14,0.994,50
2601.5,GT-0028,263798.5289667888,-331827.05860173196,157.11899474254278,-146.53367694145885,39.67439141723171,0.6615067117489928,39.67439141723171,0.6615067117489928,39.67439141723171,0.6615067117489928,14,0.997,50
2603.43,GT-0028,264101.78157709,-332109.87922675564,157.12090659229852,-146.5380728245184,39.77605048364452,2.1835137598036884,39.77605048364452,2.1835137598036884,39.77605048364452,2.1835137598036884,14,0.995,50
2606.94,GT-0028,264653.2242170486,-332624.22225825605,157.1186743224407,-146.54639396268794,41.34472028722518,3.550921595653137,41.34472028722518,3.550921595653137,41.34472028722518,3.550921595653137,14,0.994,50
2607.01,GT-0028,264666.4639823032,-332633.991769031,157.15521063831466,-146.8979938034854,41.21644544959225,2.757787609352761,41.21644544959225,2.757787609352761,41.21644544959225,2.757787609352761,14,0.996,50
2610.19,GT-0028,265166.20738063136,-333101.13416995876,157.15328234127628,-146.89884419001646,43.99773040888844,3.843106388980134,43.99773040888844,3.843106388980134,43.99773040888844,3.843106388980134,14,0.988,50
2611.03,GT-0028,265356.9149957302,-333255.2360886273,157.75056185533174,-147.81611523492163,39.67327977022372,0.6615106715176531,39.67327977022372,0.6615106715176531,39.67327977022372,0.6615106715176531,14,0.997,51
2613.28,GT-0028,265711.8463956775,-333587.7914790535,157.75178152172668,-147.8119777042864,39.82647376074399,2.3448202517583714,39.82647376074399,2.3448202517583714,39.82647376074399,2.3448202517583714,14,0.993,51
2613.67,GT-0028,265717.65279035957,-333685.11169749225,158.99245770568635,-147.38077157018398,39.67135633398583,0.6614978557676313,39.67135633398583,0.6614978557676313,39.67135633398583,0.6614978557676313,14,0.997,51
2615.95,GT-0028,266080.1858229706,-334021.0892700994,158.98361706907758,-147.38567771772227,39.81957400404182,2.352146822749518,39.81957400404182,2.352146822749518,39.81957400404182,2.352146822749518,14,0.996,51
2617.4,GT-0028,266416.0815189003,-334163.3892600307,157.76785572955274,-148.0603255397441,39.67143281076709,0.6615039704608789,39.67143281076709,0.6615039704608789,39.67143281076709,0.6615039704608789,14,0.997,51
2618.15,GT-0028,266534.4136504232,-334274.43575460406,157.76718056370936,-148.06017586519008,39.69727974281321,1.4582833083325402,39.69727974281321,1.4582833083325402,39.69727974281321,1.4582833083325402,14,0.992,51
2619.01,GT-0028,266670.08636475186,-334401.761297925,157.76682811364282,-148.05934686869364,39.763655156273444,2.0162435256758307,39.763655156273444,2.0162435256758307,39.763655156273444,2.0162435256758307,14,0.987,51
2622.77,GT-0028,267263.2293874476,-334958.4552273621,157.75518430148986,-148.05515675851802,41.303325646419815,3.524261031295419,41.303325646419815,3.524261031295419,41.303325646419815,3.524261031295419,14,0.994,52
2624.05,GT-0028,267465.1691802179,-335147.9294537476,157.75887203434831,-148.05386398776136,42.632831102852116,3.90931834127626,42.632831102852116,3.90931834127626,42.632831102852116,3.90931834127626,14,0.991,52
2624.77,GT-0028,267571.22832162963,-335263.39680014434,157.41774061537262,-148.28661486748342,42.37109995101974,2.433842396040251,42.37109995101974,2.433842396040251,42.37109995101974,2.433842396040251,14,0.996,52
2626.78,GT-0028,267887.6841093604,-335561.51353590796,157.43060649905146,-148.28584076772495,43.70785775522081,3.2209750334911247,43.70785775522081,3.2209750334911247,43.70785775522081,3.2209750334911247,14,0.995,52
2628.71,GT-0028,268191.5687696862,-335847.40979236213,157.46954082711454,-148.23879306714298,45.80977999051862,3.7682183960801745,45.80977999051862,3.7682183960801745,45.80977999051862,3.7682183960801745,13,0.994,52
2629.88,GT-0028,268372.76550974057,-336023.5364133556,157.64185831913983,-148.32785610993506,46.58906113621922,2.9634404311682907,46.58906113621922,2.9634404311682907,46.58906113621922,2.9634404311682907,13,0.995,52
2630.05,GT-0028,268399.5490594065,-336048.72788942064,157.641688337686,-148.3241002909699,46.75321902859655,3.026849426669493,46.75321902859655,3.026849426669493,46.75321902859655,3.026849426669493,13,0.991,52
2632.24,GT-0028,268743.9994385166,-336374.42809439125,157.54870347590804,-148.34236693737512,48.63457597050807,2.9395277452675845,48.63457597050807,2.9395277452675845,48.63457597050807,2.9395277452675845,13,0.994,52
2634.52,GT-0028,269099.26926740597,-336708.8064060494,157.61995289770675,-148.01537236988497,50.51287402047982,2.933305297970473,50.51287402047982,2.933305297970473,50.51287402047982,2.933305297970473,13,0.995,52
2634.87,GT-0028,269149.44374013104,-336767.19500667875,156.92894310750444,-148.6288726349062,49.90322654113958,1.8377961389655193,49.90322654113958,1.8377961389655193,49.90322654113958,1.8377961389655193,13,0.996,52
2637.23,GT-0028,269509.5734647939,-337123.5574324377,157.693803698068,-148.87572734579976,50.52973259850104,2.0013342778137497,50.52973259850104,2.0013342778137497,50.52973259850104,2.0013342778137497,13,0.996,52
2637.6,GT-0028,269567.88604942453,-337178.5358558952,157.6903099702222,-148.8728333667359,50.628968174760615,2.196609238517873,50.628968174760615,2.196609238517873,50.628968174760615,2.196609238517873,13,0.995,52
2639.88,GT-0028,269925.7275454479,-337524.34910079284,157.75766689783256,-149.5022954165047,51.15231500477994,1.9061393755258882,51.15231500477994,1.9061393755258882,51.15231500477994,1.9061393755258882,13,0.996,52
2641.36,GT-0028,270159.20506743353,-337745.609997794,157.75738688714773,-149.50032736623416,51.54958422994922,2.64000654361289,51.54958422994922,2.64000654361289,51.54958422994922,2.64000654361289,13,0.987,52
2642.01,GT-0028,270261.7749479406,-337842.8009755724,157.77147791375364,-149.49652194710234,51.80490079915412,2.8960749821846603,51.80490079915412,2.8960749821846603,51.80490079915412,2.8960749821846603,13,0.994,52
2644.76,GT-0028,270697.75041300716,-338255.6743652709,157.9562994238304,-149.55821397400177,53.571715316048085,3.2509192304049113,53.571715316048085,3.2509192304049113,53.571715316048085,3.2509192304049113,13,0.995,52
2644.8,GT-0028,270704.0393988416,-338261.64243310306,157.95400433492205,-149.5620759552121,53.61861420313223,3.2620803844489217,53.61861420313223,3.2620803844489217,53.61861420313223,3.2620803844489217,13,0.993,53
2647.01,GT-0028,271008.41227250686,-338588.376055434,159.60183284036853,-147.86510909704424,39.68007887219015,0.6615105847774877,39.68007887219015,0.6615105847774877,39.68007887219015,0.6615105847774877,14,0.997,53
2649.2,GT-0028,271357.95616835286,-338912.2297891222,159.59990007486135,-147.86784800196074,39.813482355803636,2.309285070378071,39.813482355803636,2.309285070378071,39.813482355803636,2.309285070378071,14,0.996,53
2651.25,GT-0028,271685.12973603496,-339215.35890695866,159.6011407311671,-147.8674123343053,40.514473258531524,3.1539392701891824,40.514473258531524,3.1539392701891824,40.514473258531524,3.1539392701891824,14,0.991,53
2651.29,GT-0028,271691.53960239183,-339221.28856355546,159.60029204972352,-147.87022335170786,40.54517854771858,3.1578380797180294,40.54517854771858,3.1578380797180294,40.54517854771858,3.1578380797180294,14,0.994,53
2652.97,GT-0028,271958.91030184703,-339470.3751462099,159.47727329479676,-148.11989674883625,41.8277379253815,3.4763548617618234,41.8277379253815,3.4763548617618234,41.8277379253815,3.4763548617618234,14,0.995,53
2655.32,GT-0028,272333.60770576115,-339818.43054153305,159.4615655048292,-148.11222082828863,44.725712572274944,4.165026440037273,44.725712572274944,4.165026440037273,44.725712572274944,4.165026440037273,14,0.991,53
2655.73,GT-0028,272402.0104585826,-339891.55474986543,158.62070181030685,-148.9749483004457,43.35538170146542,2.280347656280758,43.35538170146542,2.280347656280758,43.35538170146542,2.280347656280758,14,0.996,53
2657.87,GT-0028,272740.1216142922,-340214.0133363848,158.91132661638312,-149.12792580143469,44.41247578514315,2.376500239510911,44.41247578514315,2.376500239510911,44.41247578514315,2.376500239510911,14,0.996,53
2659.95,GT-0028,273070.6892010592,-340524.1388290497,158.9164472760749,-149.11295407182024,45.68352621180491,3.202822595914214,45.68352621180491,3.202822595914214,45.68352621180491,3.202822595914214,13,0.995,53
2660.54,GT-0028,273164.4321911839,-340612.10625441396,158.91111324038502,-149.11181919479895,46.209323646493495,3.4026864001372346,46.209323646493495,3.4026864001372346,46.209323646493495,3.4026864001372346,13,0.992,53
2662.33,GT-0028,273543.1401579585,-340971.4217839681,158.4281789233092,-148.19740448338956,39.675855080247075,0.6615102285104868,39.675855080247075,0.6615102285104868,39.675855080247075,0.6615102285104868,14,0.997,53
2664.18,GT-0028,273836.22203370975,-341245.6122644913,158.43797811722231,-148.20194510317322,39.76779352016043,2.14215378879954,39.76779352016043,2.14215378879954,39.76779352016043,2.14215378879954,14,0.995,53
2664.74,GT-0028,273924.948620621,-341328.5931621774,158.44212642144134,-148.2023249143158,39.87162183915734,2.418654576228206,39.87162183915734,2.418654576228206,39.87162183915734,2.418654576228206,14,0.992,54
2665.05,GT-0028,273974.0583592425,-341374.5520162582,158.4440768530826,-148.20294020441474,39.95645780540747,2.558894275547751,39.95645780540747,2.558894275547751,39.95645780540747,2.558894275547751,14,0.991,54
2666.75,GT-0028,274243.51309346873,-341625.70382781274,158.46286382084008,-148.05083808237214,40.63935071034366,3.0107290569687315,40.63935071034366,3.0107290569687315,40.63935071034366,3.0107290569687315,14,0.996,54
2670.66,GT-0028,274864.68394063355,-342205.87234714115,158.8255118756906,-148.91265561243745,42.950199710775394,2.335890277343582,42.950199710775394,2.335890277343582,42.950199710775394,2.335890277343582,14,0.996,55
2672.04,GT-0028,275083.8777815074,-342411.3874102088,158.82699707755637,-148.91574826899705,43.780088300162426,2.926444533942375,43.780088300162426,2.926444533942375,43.780088300162426,2.926444533942375,14,0.991,55
2673.6,GT-0028,275330.1083861165,-342643.3608993341,158.91982866883973,-148.65069783284707,45.07356122301658,3.168987848751345,45.07356122301658,3.168987848751345,45.07356122301658,3.168987848751345,14,0.994,55
2675.15,GT-0028,275576.4259432478,-342873.7637886781,158.91917914304668,-148.649817045467,46.690330978423255,3.6797839892983157,46.690330978423255,3.6797839892983157,46.690330978423255,3.6797839892983157,13,0.987,55
2675.64,GT-0028,275588.81438351306,-342950.94575991196,158.3161036905334,-148.7201960676663,39.67523082782445,0.6615095284513597,39.67523082782445,0.6615095284513597,39.67523082782445,0.6615095284513597,14,0.996,55
2677.45,GT-0028,275875.3694442397,-343220.1641594354,158.3152010541794,-148.72165475521774,39.76259116511484,2.1211663573741326,39.76259116511484,2.1211663573741326,39.76259116511484,2.1211663573741326,14,0.995,55
2677.93,GT-0028,275951.3647033505,-343291.5463476429,158.31595097682975,-148.72481898408842,39.84827985706588,2.3616299196271173,39.84827985706588,2.3616299196271173,39.84827985706588,2.3616299196271173,14,0.993,55
2682.22,GT-0028,276574.05121996516,-343876.7932787084,159.60392150104107,-149.88751079156654,39.672025437972344,0.6615102969444522,39.672025437972344,0.6615102969444522,39.672025437972344,0.6615102969444522,14,0.997,56
2684.14,GT-0028,276880.496975272,-344164.640295768,159.60978685841894,-149.88620735976326,39.77243480414258,2.1783882661935725,39.77243480414258,2.1783882661935725,39.77243480414258,2.1783882661935725,14,0.995,56
2684.44,GT-0028,276928.374046429,-344209.6018535395,159.60874845678984,-149.88647431076356,39.83542226899715,2.3292448276491147,39.83542226899715,2.3292448276491147,39.83542226899715,2.3292448276491147,14,0.987,56
2685.99,GT-0028,277175.78841179376,-344441.92529485363,159.5986948690661,-149.88831031871132,40.29521989436615,2.9769603921452505,40.29521989436615,2.9769603921452505,40.29521989436615,2.9769603921452505,14,0.994,56
2686.02,GT-0028,277180.53313654324,-344446.39367047604,159.59017258502536,-149.8899987752875,40.323041407102586,2.98404014803895,40.323041407102586,2.98404014803895,40.323041407102586,2.98404014803895,14,0.994,57
2688.22,GT-0028,277535.3808728901,-344778.8199216104,159.2532430167048,-149.92616800658743,41.52101453015241,2.662865969272603,41.52101453015241,2.662865969272603,41.52101453015241,2.662865969272603,14,0.996,57
2690.58,GT-0028,277911.51015902136,-345133.7146122227,159.2511605380023,-149.93827258687634,43.25676825467496,3.269529485972203,43.25676825467496,3.269529485972203,43.25676825467496,3.269529485972203,14,0.995,57
2691.61,GT-0028,278075.5879491483,-345288.1653381641,159.25973109178267,-149.94137735866934,44.30166774019495,3.605067131520928,44.30166774019495,3.605067131520928,44.30166774019495,3.605067131520928,14,0.992,57
2692.45,GT-0028,278210.3121481551,-345420.2160450245,159.37527832302294,-150.64792464930815,44.96391638987595,3.085385344682182,44.96391638987595,3.085385344682182,44.96391638987595,3.085385344682182,14,0.994,57
2693.13,GT-0028,278318.7059659591,-345522.6660912076,159.3803014320565,-150.65172329352663,45.61251237209398,3.3231702516813257,45.61251237209398,3.3231702516813257,45.61251237209398,3.3231702516813257,14,0.991,57
2696.39,GT-0028,278831.53154079773,-346002.6038224305,159.31658082450485,-149.8939385351032,48.57680556825724,2.846819494202502,48.57680556825724,2.846819494202502,48.57680556825724,2.846819494202502,13,0.994,57
2697.25,GT-0028,278970.2747130493,-346133.7582206188,159.66654548460065,-150.1608389063258,49.28129491393775,2.911575095538625,49.28129491393775,2.911575095538625,49.28129491393775,2.911575095538625,13,0.995,58
2701.33,GT-0028,279621.7145829683,-346746.4125505713,159.66451010783203,-150.16070373099683,54.25639470019575,4.201160347916796,54.25639470019575,4.201160347916796,54.25639470019575,4.201160347916796,13,0.99,58
2702.96,GT-0028,279890.2150989317,-347016.19954360154,157.88617519420325,-151.41860320363935,51.59222690179672,1.4328509011001085,51.59222690179672,1.4328509011001085,51.59222690179672,1.4328509011001085,13,0.996,59
2705.53,GT-0028,280296.0892482816,-347405.2790095089,157.90373798104338,-151.40799047440578,52.25014099700449,2.792371954900385,52.25014099700449,2.792371954900385,52.25014099700449,2.792371954900385,13,0.995,59
2705.87,GT-0028,280349.76353989687,-347456.75569653395,157.90050581517244,-151.40772511401155,52.41813943847112,2.9270427683873237,52.41813943847112,2.9270427683873237,52.41813943847112,2.9270427683873237,13,0.989,59
2707.89,GT-0028,280668.4591802094,-347763.23739136127,157.93614199979447,-151.1371194771,53.671909479191825,3.3322899910388357,53.671909479191825,3.3322899910388357,53.671909479191825,3.3322899910388357,13,0.994,59
2708.59,GT-0028,280779.0947446423,-347868.915233803,157.9487660435143,-151.12470914170444,54.22593702605239,3.552847961337833,54.22593702605239,3.552847961337833,54.22593702605239,3.552847961337833,13,0.994,59
2710.42,GT-0028,281110.9726608674,-348147.9496179789,158.54555166277135,-150.5936063659737,52.461161602120136,0.8747570549379419,52.461161602120136,0.8747570549379419,52.461161602120136,0.8747570549379419,13,0.996,59
2712.22,GT-0028,281357.46437326126,-348360.8744352656,159.91892030879174,-150.06837218150912,52.460374982886506,0.8747093644131702,52.460374982886506,0.8747093644131702,52.460374982886506,0.8747093644131702,13,0.996,59
2714.82,GT-0028,281773.3057965486,-348751.1165755652,159.91141297333627,-150.08190929803527,52.645639689917274,2.5668904589765944,52.645639689917274,2.5668904589765944,52.645639689917274,2.5668904589765944,13,0.995,59
2715.54,GT-0028,281888.43895462016,-348859.176122931,159.912163491633,-150.08209247335571,52.837301403204314,2.8663847486872425,52.837301403204314,2.8663847486872425,52.837301403204314,2.8663847486872425,13,0.987,59
2717.0,GT-0028,282079.23789980146,-349114.8125225282,159.87972995551544,-149.79164902111395,52.4606287073102,0.8747493552313945,52.4606287073102,0.8747493552313945,52.4606287073102,0.8747493552313945,13,0.995,59
2719.1,GT-0028,282507.73295575625,-349421.799323066,159.36598023669185,-149.59858999437193,39.67983986144049,0.6614942803652779,39.67983986144049,0.6614942803652779,39.67983986144049,0.6614942803652779,14,0.997,59
2720.98,GT-0028,282807.3409986012,-349703.04467225546,159.36598023669185,-149.59858999437193,39.762053411332346,2.1604570541800228,39.762053411332346,2.1604570541800228,39.762053411332346,2.1604570541800228,14,0.967,59
2720.98,GT-0029,282624.34278866276,-349728.5268510019,157.385151246706,-152.27380385605048,69.3727230568455,1.1567343884949048,69.3727230568455,1.1567343884949048,69.3727230568455,1.1567343884949048,12,0.938,1
2721.62,GT-0028,282909.31125154824,-349798.8045835631,159.36176328367037,-149.59487911862016,39.878474301752895,2.4669237611322083,39.878474301752895,2.4669237611322083,39.878474301752895,2.4669237611322083,14,0.991,59
2721.62,GT-0029,282725.06928546063,-349825.98208546976,157.385151246706,-152.27380385605048,69.37813112817985,1.6667436652126189,69.37813112817985,1.6667436652126189,69.37813112817985,1.6667436652126189,12,0.91,1
2724.61,GT-0028,283385.3401561397,-350248.6497121978,159.24811391516369,-150.59455641860586,41.20719196905007,2.758234356955128,41.20719196905007,2.758234356955128,41.20719196905007,2.758234356955128,14,0.996,59
2724.61,GT-0029,283195.65088768833,-350281.2807589994,157.385151246706,-152.27380385605048,69.75752528220578,3.0831046763817356,69.75752528220578,3.0831046763817356,69.75752528220578,3.0831046763817356,12,0.882,1
2726.53,GT-0028,283691.0965348568,-350537.7912605215,159.24811391516369,-150.59455641860586,42.57217838341821,3.453672938754889,42.57217838341821,3.453672938754889,42.57217838341821,3.453672938754889,14,0.966,59
2726.53,GT-0029,283504.07474565523,-350425.0782964185,158.82700198191168,-148.93740316262839,69.3726238612863,1.1567296171058736,69.3726238612863,1.1567296171058736,69.3726238612863,1.1567296171058736,12,0.979,1
2726.91,GT-0028,283760.78390657454,-350645.97322371154,159.02809656779073,-149.7207755932039,39.67264717336768,0.6615084393897818,39.67264717336768,0.6615084393897818,39.67264717336768,0.6615084393897818,14,0.995,59
2726.91,GT-0029,283564.4290064083,-350481.67450962024,158.82700198191168,-148.93740316262839,69.37433526283347,1.4808860209648558,69.37433526283347,1.4808860209648558,69.37433526283347,1.4808860209648558,12,0.95,1
2729.48,GT-0028,284150.26789406704,-351075.7042271378,159.0582478657699,-149.7800596089903,39.67133398181185,0.6614972933632899,39.67133398181185,0.6614972933632899,39.67133398181185,0.6614972933632899,14,0.997,59
2729.48,GT-0029,283972.61440150184,-350864.44363574823,158.82700198191168,-148.93740316262839,69.59513874991256,2.8240969188555645,69.59513874991256,2.8240969188555645,69.59513874991256,2.8240969188555645,12,0.921,1
2731.35,GT-0028,284447.706817576,-351355.7929386066,159.0582478657699,-149.7800596089903,39.75237816762857,2.1552444569298195,39.75237816762857,2.1552444569298195,39.75237816762857,2.1552444569298195,14,0.967,59
2731.35,GT-0029,284239.7640076465,-351185.97812397114,158.67887515807428,-150.7524973018097,69.3725276077782,1.1567223607331063,69.3725276077782,1.1567223607331063,69.3725276077782,1.1567223607331063,12,0.984,1
2732.39,GT-0028,284613.1239968392,-351511.6029756906,159.05406379068995,-149.7893856791925,39.962378365401925,2.6373265558681007,39.962378365401925,2.6373265558681007,39.962378365401925,2.6373265558681007,14,0.991,59
2732.39,GT-0029,284404.79003781086,-351342.76072116505,158.67887515807428,-150.7524973018097,69.38909041354256,1.9178129783218927,69.38909041354256,1.9178129783218927,69.38909041354256,1.9178129783218927,12,0.955,1
2734.29,GT-0028,284913.1789707552,-351795.8803338385,158.65089194637812,-149.54702419533896,40.81061207801791,2.9142149950143548,40.81061207801791,2.9142149950143548,40.81061207801791,2.9142149950143548,14,0.996,59
2734.29,GT-0029,284706.2799006112,-351629.1904660385,158.67887515807428,-150.7524973018097,69.59305257941433,2.820107554654626,69.59305257941433,2.820107554654626,69.59305257941433,2.820107554654626,12,0.926,1
2734.79,GT-0028,284992.5088981246,-351870.65236608166,158.65151314884315,-149.54617753223647,41.11327529208601,3.1025667535076327,41.11327529208601,3.1025667535076327,41.11327529208601,3.1025667535076327,14,0.987,60
2734.79,GT-0029,284785.61933819024,-351704.56671468937,158.67887515807428,-150.7524973018097,69.70607102780896,3.0129730532847607,69.70607102780896,3.0129730532847607,69.70607102780896,3.0129730532847607,12,0.898,1
2736.58,GT-0028,285221.4724121405,-352175.3309601137,157.07768071235972,-149.47567937514916,39.67231586392898,0.6615092039688691,39.67231586392898,0.6615092039688691,39.67231586392898,0.6615092039688691,14,0.997,60
2736.58,GT-0029,285069.6545247232,-351974.4136848596,158.67887515807428,-150.7524973018097,70.4022381876397,3.6201528448147067,70.4022381876397,3.6201528448147067,70.4022381876397,3.6201528448147067,12,0.871,1
2736.63,GT-0028,285229.3262961762,-352182.80474408244,157.07768071235972,-149.47567937514916,39.67233261690884,0.7416835086045369,39.67233261690884,0.7416835086045369,39.67233261690884,0.7416835086045369,14,0.967,60
2736.63,GT-0029,285077.6284951341,-351981.93013926997,158.68490335209708,-150.75043711451463,70.45999538329075,3.635548065950826,70.45999538329075,3.635548065950826,70.45999538329075,3.635548065950826,12,0.957,1
2739.28,GT-0028,285631.9897701518,-352522.27274761035,159.04300704678244,-148.70628336027073,39.67134096761128,0.6614983277311955,39.67134096761128,0.6614983277311955,39.67134096761128,0.6614983277311955,14,0.995,60
2739.28,GT-0029,285498.1434890172,-352381.4187976234,158.68490335209708,-150.75043711451463,72.62945927061934,4.379464549444258,72.62945927061934,4.379464549444258,72.62945927061934,4.379464549444258,12,0.929,1
2741.21,GT-0028,285938.94277375203,-352809.2758744956,159.04300704678244,-148.70628336027073,39.75977200745373,2.186339415001888,39.75977200745373,2.186339415001888,39.75977200745373,2.186339415001888,14,0.965,60
2741.21,GT-0029,285812.6859327386,-352667.5400639698,157.64019184081644,-149.90248368505854,74.3512311634251,3.6417461606629047,74.3512311634251,3.6417461606629047,74.3512311634251,3.6417461606629047,12,0.982,1
2741.28,GT-0028,285950.0470248467,-352819.66926215816,159.043067239817,-148.7105733143212,39.782097668940104,2.219060936593214,39.782097668940104,2.219060936593214,39.782097668940104,2.219060936593214,14,0.991,60
2741.28,GT-0029,285823.72074616747,-352678.03323782777,157.64019184081644,-149.90248368505854,74.4132932007597,3.663306579949783,74.4132932007597,3.663306579949783,74.4132932007597,3.663306579949783,12,0.953,1
2743.3,GT-0028,286299.12201386114,-353144.7181018609,158.30914497324278,-150.3658154805915,39.67147127512248,0.6615050950682909,39.67147127512248,0.6615050950682909,39.67147127512248,0.6615050950682909,14,0.997,60
2743.3,GT-0029,286142.1539336859,-352980.83625487157,157.64019184081644,-149.90248368505854,76.59370516098801,4.238492078405165,76.59370516098801,4.238492078405165,76.59370516098801,4.238492078405165,12,0.924,1
2744.98,GT-0028,286565.0748948772,-353397.3252062993,158.308093984729,-150.36558287189848,39.75114385752779,2.0543620249824004,39.75114385752779,2.0543620249824004,39.75114385752779,2.0543620249824004,14,0.991,60
2744.98,GT-0029,286406.98945597844,-353232.6724274624,157.64019184081644,-149.90248368505854,79.06021611961121,4.663133613644688,79.06021611961121,4.663133613644688,79.06021611961121,4.663133613644688,12,0.897,1
2745.48,GT-0028,286571.7205584604,-353392.07253520103,158.54394631907908,-149.6390592950531,39.671334003026395,0.6614935095084921,39.671334003026395,0.6614935095084921,39.671334003026395,0.6614935095084921,14,0.997,60
2745.48,GT-0029,286485.80955189886,-353307.62366930494,157.64019184081644,-149.90248368505854,79.92194630932323,4.782239548444114,79.92194630932323,4.782239548444114,79.92194630932323,4.782239548444114,11,0.87,1
2747.62,GT-0028,286911.0046035832,-353712.3001220924,158.54394631907908,-149.6390592950531,39.78908303255827,2.291849398001879,39.78908303255827,2.291849398001879,39.78908303255827,2.291849398001879,14,0.967,60
2747.62,GT-0029,286823.193927463,-353628.3859400162,157.6400190880413,-149.89735117265263,84.33827417861474,5.258343260679596,84.33827417861474,5.258343260679596,84.33827417861474,5.258343260679596,11,0.957,1
2747.87,GT-0028,286950.7015143911,-353749.7682099794,158.5366912700747,-149.63502409827151,39.83916223501588,2.403468701435818,39.83916223501588,2.403468701435818,39.83916223501588,2.403468701435818,14,0.993,60
2747.87,GT-0029,286862.60393223504,-353665.8602778094,157.6400190880413,-149.89735117265263,84.92883588880541,5.311560396638122,84.92883588880541,5.311560396638122,84.92883588880541,5.311560396638122,11,0.928,1
2750.34,GT-0028,287392.11935089383,-354146.4347390783,158.52748767939138,-148.99367865614028,39.67159122419666,0.6615074517937174,39.67159122419666,0.6615074517937174,39.67159122419666,0.6615074517937174,14,0.997,60
2750.34,GT-0029,287251.9747793825,-354036.10673520586,157.6400190880413,-149.89735117265263,91.65843413743664,5.811211048235565,91.65843413743664,5.811211048235565,91.65843413743664,5.811211048235565,11,0.9,1
2752.84,GT-0028,287788.4712784956,-354518.9638434626,158.52622251494608,-148.9813267688487,39.86622545206579,2.457863980033006,39.86622545206579,2.457863980033006,39.86622545206579,2.457863980033006,14,0.995,60
2752.84,GT-0029,287646.07482710265,-354410.8501131375,157.6400190880413,-149.89735117265263,100.11961567666204,6.27655748377525,100.11961567666204,6.27655748377525,100.11961567666204,6.27655748377525,11,0.873,1
2755.28,GT-0028,288175.28022424196,-354882.475888098,158.52648393552772,-148.97845579558634,40.955101787793865,3.3969365201450916,40.955101787793865,3.3969365201450916,40.955101787793865,3.3969365201450916,14,0.988,60
2755.53,GT-0028,288214.37780440866,-354922.957974004,158.29859255548536,-149.68890013352757,41.040510607286784,2.8262891835174297,41.040510607286784,2.8262891835174297,41.040510607286784,2.8262891835174297,14,0.995,60
2757.85,GT-0028,288579.8041986964,-355276.31611052976,158.21343088648518,-149.33871891255694,42.317606858419296,2.5209110907112255,42.317606858419296,2.5209110907112255,42.317606858419296,2.5209110907112255,14,0.996,60
2758.0,GT-0028,288603.5528415606,-355298.7019668052,158.2163538214386,-149.33747428285005,42.41285573274073,2.587064513242342,42.41285573274073,2.587064513242342,42.41285573274073,2.587064513242342,14,0.992,61
2763.09,GT-0028,289500.907652593,-356020.38771225495,157.7342358154618,-149.25505013247613,39.67466591115893,0.6615111574924785,39.67466591115893,0.6615111574924785,39.67466591115893,0.6615111574924785,14,0.997,62
2765.89,GT-0028,289942.5155775037,-356438.23113363923,157.7447314148842,-149.238039431149,39.93152592811407,2.5855399386899807,39.93152592811407,2.5855399386899807,39.93152592811407,2.5855399386899807,14,0.996,62
2766.68,GT-0028,290067.12513851566,-356556.1238612969,157.74646827139986,-149.23650044830265,40.20395394169511,2.9095125182071837,40.20395394169511,2.9095125182071837,40.20395394169511,2.9095125182071837,14,0.991,63
2768.38,GT-0028,290238.6829084472,-356872.9780612018,157.1623332235077,-148.90628046588418,39.671694992847804,0.661508352275969,39.671694992847804,0.661508352275969,39.671694992847804,0.661508352275969,14,0.997,63
2770.19,GT-0028,290523.18472336774,-357142.4999810595,157.1754030588412,-148.91300952580832,39.75904552970426,2.1211659928422,39.75904552970426,2.1211659928422,39.75904552970426,2.1211659928422,14,0.995,63
2771.76,GT-0028,290769.94736104563,-357376.3717444178,157.18617075693328,-148.93629561580155,40.11490904540094,2.8205834449409903,40.11490904540094,2.8205834449409903,40.11490904540094,2.8205834449409903,14,0.996,63
2772.83,GT-0028,290938.1188968305,-357535.7210940542,157.18578336321207,-148.93777534821766,40.63084266307209,3.2167084636876604,40.63084266307209,3.2167084636876604,40.63084266307209,3.2167084636876604,14,0.993,63
2774.27,GT-0028,291165.78216939786,-357751.0595944617,157.42700432464062,-149.1262714419354,41.75158091087797,3.492459639372418,41.75158091087797,3.492459639372418,41.75158091087797,3.492459639372418,14,0.995,63
2777.51,GT-0028,291774.5441532368,-358256.4213760134,158.11189881294183,-148.8979465386545,39.67315539771377,0.6615116910852435,39.67315539771377,0.6615116910852435,39.67315539771377,0.6615116910852435,14,0.997,63
2777.64,GT-0028,291795.0681813557,-358275.77096122364,158.11155742128784,-148.8982557208541,39.69201619000074,0.8548435600180868,39.69201619000074,0.8548435600180868,39.69201619000074,0.8548435600180868,14,0.992,63
2780.45,GT-0028,292239.32742401253,-358694.14472860494,158.1179508270095,-148.89776254954268,39.9910991127167,2.6500984694111116,39.9910991127167,2.6500984694111116,39.9910991127167,2.6500984694111116,14,0.994,63
2782.49,GT-0028,292449.86364464083,-358983.72146500595,156.60104583309,-150.14762796165638,39.671638113394124,0.6615077329637269,39.671638113394124,0.6615077329637269,39.671638113394124,0.6615077329637269,14,0.997,63
2784.76,GT-0028,292805.35325497645,-359324.55877072783,156.60389373064686,-150.14501819890415,39.82818689403477,2.354379113843483,39.82818689403477,2.354379113843483,39.82818689403477,2.354379113843483,14,0.993,63
2784.97,GT-0028,292838.2765201686,-359356.0694375262,156.61843541311646,-150.1505752346202,39.8799504580151,2.4483632075917074,39.8799504580151,2.4483632075917074,39.8799504580151,2.4483632075917074,14,0.995,63
2786.71,GT-0028,293153.02971371636,-359666.8694254773,157.92057060097332,-148.48922850271285,39.6715150210469,0.6615057399662216,39.6715150210469,0.6615057399662216,39.6715150210469,0.6615057399662216,14,0.997,63
2789.28,GT-0028,293558.9002191546,-360048.48789836897,157.92445059210672,-148.50626699621534,39.87524712771876,2.4851012321163233,39.87524712771876,2.4851012321163233,39.87524712771876,2.4851012321163233,14,0.996,63
2790.19,GT-0028,293702.6114691934,-360183.6286013355,157.92445059210672,-148.50626699621534,40.139341182033924,2.8676171525965146,40.139341182033924,2.8676171525965146,40.139341182033924,2.8676171525965146,14,0.966,63
2791.54,GT-0028,293911.4079417639,-360440.46422524576,158.56188693659698,-149.50009707442618,39.671586188633036,0.6615073748720197,39.671586188633036,0.6615073748720197,39.671586188633036,0.6615073748720197,14,0.995,63
2794.21,GT-0028,294334.7392949473,-360839.60947620386,158.54923214593236,-149.50318693488157,39.90293917092238,2.5338497555993085,39.90293917092238,2.5338497555993085,39.90293917092238,2.5338497555993085,14,0.995,63
2795.02,GT-0028,294463.1641729855,-360960.7070576211,158.54923214593236,-149.50318693488157,40.1457414126687,2.8710441626611303,40.1457414126687,2.8710441626611303,40.1457414126687,2.8710441626611303,14,0.965,63
2795.02,GT-0030,293930.6153855616,-360302.6828520108,159.85893147893728,-152.09163254689486,161.23194321068186,4.243545543627606,161.23194321068186,4.243545543627606,161.23194321068186,4.243545543627606,9,0.85,1
2796.71,GT-0028,294730.4752121061,-361213.40384903137,158.034752507162,-149.63227701630876,41.00957971796898,2.8311523771620903,41.00957971796898,2.8311523771620903,41.00957971796898,2.8311523771620903,14,0.993,63
2799.04,GT-0028,295127.38086932385,-361524.4027976208,157.81629029849165,-149.58967919411197,39.672483793066135,0.6615088564327473,39.672483793066135,0.6615088564327473,39.672483793066135,0.6615088564327473,14,0.997,63
2799.47,GT-0028,295195.24187415215,-361588.72635967424,157.81629029849165,-149.58967919411197,39.67427051562496,1.1853665960953146,39.67427051562496,1.1853665960953146,39.67427051562496,1.1853665960953146,14,0.967,63
2799.47,GT-0030,295106.4170146077,-361460.10553226573,155.64654573468198,-148.16245420573003,91.76753519438076,1.5296414635573414,91.76753519438076,1.5296414635573414,91.76753519438076,1.5296414635573414,11,0.96,1
2801.48,GT-0028,295512.42946507374,-361889.4285914665,157.80241932566014,-149.5980617335806,39.84984984340158,2.4264318741913957,39.84984984340158,2.4264318741913957,39.84984984340158,2.4264318741913957,14,0.993,63
2801.48,GT-0030,295419.26657153445,-361757.9120652193,155.64654573468198,-148.16245420573003,91.85228271247874,2.6195997799347777,91.85228271247874,2.6195997799347777,91.85228271247874,2.6195997799347777,11,0.931,1
2803.99,GT-0028,295908.51509234594,-362264.9394111533,157.81738518960447,-149.6063009135305,40.94036312458409,3.3833479830480746,40.94036312458409,3.3833479830480746,40.94036312458409,3.3833479830480746,14,0.995,63
2803.99,GT-0030,295809.93940132845,-362129.79982527567,155.64654573468198,-148.16245420573003,92.40337001154026,3.5369199887803235,92.40337001154026,3.5369199887803235,92.40337001154026,3.5369199887803235,11,0.903,1
2804.89,GT-0028,296050.5507390166,-362399.5850819755,157.81738518960447,-149.6063009135305,41.698250820004375,3.6704282549037353,41.698250820004375,3.6704282549037353,41.698250820004375,3.6704282549037353,14,0.965,63
2804.89,GT-0030,295950.0734885023,-362263.15438088006,155.64819363147717,-148.168508284665,92.81676330911623,3.81046302244223,92.81676330911623,3.81046302244223,92.81676330911623,3.81046302244223,11,0.97,1
2806.32,GT-0028,296275.60508669115,-362619.3007044736,158.0140842664373,-150.12227281511878,42.26137242372911,2.4500245391518414,42.26137242372911,2.4500245391518414,42.26137242372911,2.4500245391518414,14,0.993,63
2806.32,GT-0030,296172.65040539537,-362475.0353477272,155.64819363147717,-148.168508284665,93.68808396434433,4.211547037063724,93.68808396434433,4.211547037063724,93.68808396434433,4.211547037063724,11,0.941,1
2808.51,GT-0028,296621.5180203092,-362948.1733024857,157.98624449662657,-150.13562139479654,43.766521896037645,3.238594484763041,43.766521896037645,3.238594484763041,43.766521896037645,3.238594484763041,14,0.995,63
2808.51,GT-0030,296513.5199494483,-362799.5243808706,155.64819363147717,-148.168508284665,95.76776299279405,4.760738224834501,95.76776299279405,4.760738224834501,95.76776299279405,4.760738224834501,11,0.913,1
2809.13,GT-0028,296719.4694918971,-363041.2573877505,157.98624449662657,-150.13562139479654,44.34925531022483,3.4472444411061627,44.34925531022483,3.4472444411061627,44.34925531022483,3.4472444411061627,14,0.965,63
2809.13,GT-0030,296609.9865147121,-362891.3881717062,155.65309801278363,-148.16068661072313,96.56162391356405,4.899170702295096,96.56162391356405,4.899170702295096,96.56162391356405,4.899170702295096,11,0.972,1
2811.45,GT-0028,297039.52659956616,-363353.82422060426,156.7946526065417,-148.70126480942668,39.67460288569044,0.6615107359486526,39.67460288569044,0.6615107359486526,39.67460288569044,0.6615107359486526,14,0.995,63
2811.45,GT-0030,296971.1017021017,-363235.120964643,155.65309801278363,-148.16068661072313,100.26212838999453,5.405725998441464,100.26212838999453,5.405725998441464,100.26212838999453,5.405725998441464,11,0.943,1
2813.36,GT-0028,297329.6367173479,-363719.3313882658,158.366235645,-148.85657899029513,39.67130832231731,0.6614900268245293,39.67130832231731,0.6614900268245293,39.67130832231731,0.6614900268245293,14,0.997,63
2813.36,GT-0030,297268.3991193062,-363518.10787606955,155.65309801278363,-148.16068661072313,104.33471587764731,5.78959183105568,104.33471587764731,5.78959183105568,104.33471587764731,5.78959183105568,11,0.915,1
2815.26,GT-0028,297630.5325650734,-364002.1588883474,158.366235645,-148.85657899029513,39.755984728806574,2.170845239898165,39.755984728806574,2.170845239898165,39.755984728806574,2.170845239898165,14,0.967,63
2815.26,GT-0030,297511.6402559884,-363898.96844078443,159.01361263897923,-150.17373005341767,69.38918128152564,1.1567609483335544,69.38918128152564,1.1567609483335544,69.38918128152564,1.1567609483335544,12,0.983,1
2815.6,GT-0028,297684.4103964756,-364052.75493291987,158.36568712603867,-148.86061198397897,39.81804575725137,2.336780971665384,39.81804575725137,2.336780971665384,39.81804575725137,2.336780971665384,14,0.991,63
2815.6,GT-0030,297565.70488428563,-363950.02750900254,159.01361263897923,-150.17373005341767,69.39053686694963,1.4502054653009857,69.39053686694963,1.4502054653009857,69.39053686694963,1.4502054653009857,12,0.954,1
2818.18,GT-0028,298092.98136345984,-364436.8411289686,158.35251819318,-148.876708088731,40.85680055880253,3.3439253962009157,40.85680055880253,3.3439253962009157,40.85680055880253,3.3439253962009157,14,0.994,63
2818.18,GT-0030,297975.9600048942,-364337.47573254036,159.01361263897923,-150.17373005341767,69.60585101572917,2.812133690205479,69.60585101572917,2.812133690205479,69.60585101572917,2.812133690205479,12,0.925,1
2820.44,GT-0028,298450.85805457644,-364773.30248924915,158.35251819318,-148.876708088731,43.144288619036395,4.033216713165553,43.144288619036395,4.033216713165553,43.144288619036395,4.033216713165553,14,0.964,63
2820.44,GT-0030,298318.56319497747,-364702.51365125395,159.50534651156207,-149.83766920566407,69.37258846962833,1.156726184868109,69.37258846962833,1.156726184868109,69.37258846962833,1.156726184868109,12,0.985,1
2820.68,GT-0028,298487.5727208706,-364810.9267689709,157.88971216340087,-149.65810098988823,42.29425848143733,2.443021244198596,42.29425848143733,2.443021244198596,42.29425848143733,2.443021244198596,14,0.993,63
2820.68,GT-0030,298356.84447814024,-364738.4746918633,159.50534651156207,-149.83766920566407,69.37323187460352,1.3704070441876164,69.37323187460352,1.3704070441876164,69.37323187460352,1.3704070441876164,12,0.955,1
2823.22,GT-0028,298898.0934094817,-365187.52746195224,158.57636297234194,-148.62684335132008,43.627577929140976,2.401705361585982,43.627577929140976,2.401705361585982,43.627577929140976,2.401705361585982,14,0.996,63
2823.22,GT-0030,298761.9880582796,-365119.06237164565,159.50534651156207,-149.83766920566407,69.56314890136754,2.755542680990254,69.56314890136754,2.755542680990254,69.56314890136754,2.755542680990254,12,0.927,1
2826.06,GT-0028,299323.40529609856,-365555.2101235143,156.7107936010952,-149.29636112687044,39.67479501187165,0.6615078121324107,39.67479501187165,0.6615078121324107,39.67479501187165,0.6615078121324107,14,0.997,63
2826.06,GT-0030,299214.98324237246,-365544.6013521897,159.50534651156207,-149.83766920566407,70.6256864988088,3.739387044257292,70.6256864988088,3.739387044257292,70.6256864988088,3.739387044257292,12,0.899,1
2827.1,GT-0028,299486.3845214437,-365710.4783390862,156.7107936010952,-149.29636112687044,39.69142425066883,1.6666111080609438,39.69142425066883,1.6666111080609438,39.69142425066883,1.6666111080609438,14,0.967,63
2827.1,GT-0030,299380.8348059307,-365700.4413635496,159.50337015130663,-149.83867515381917,71.39875734816691,4.039544021347053,71.39875734816691,4.039544021347053,71.39875734816691,4.039544021347053,12,0.965,1
2828.73,GT-0028,299741.8309350337,-365953.83876159904,156.71405835136602,-149.29375114441063,39.906149593190726,2.533849868551818,39.906149593190726,2.533849868551818,39.906149593190726,2.533849868551818,14,0.991,63
2828.73,GT-0030,299640.8252992773,-365944.67840405036,159.50337015130663,-149.83867515381917,73.0482162630787,4.470505105734806,73.0482162630787,4.470505105734806,73.0482162630787,4.470505105734806,12,0.936,1
2831.61,GT-0028,300193.23226178595,-366383.86560675694,156.73680863053232,-149.30487435451505,41.43098311203782,3.568495861775424,41.43098311203782,3.568495861775424,41.43098311203782,3.568495861775424,14,0.994,63
2831.61,GT-0030,300100.1950053131,-366376.21378849336,159.50337015130663,-149.83867515381917,77.64521261364698,5.144454869118905,77.64521261364698,5.144454869118905,77.64521261364698,5.144454869118905,12,0.908,1
2833.37,GT-0028,300469.08904497564,-366646.64218562085,156.73680863053232,-149.30487435451505,43.45647567435517,4.0858490813425545,43.45647567435517,4.0858490813425545,43.45647567435517,4.0858490813425545,14,0.964,63
2833.37,GT-0030,300380.8643916134,-366639.9516922166,159.49519806011995,-149.84445580683314,81.63155044905469,5.511863153805052,81.63155044905469,5.511863153805052,81.63155044905469,5.511863153805052,11,0.967,1
2834.11,GT-0028,300588.4919240415,-366759.68874418817,157.11113073350225,-149.38060265387594,43.774221129213366,3.0935380971080377,43.774221129213366,3.0935380971080377,43.774221129213366,3.0935380971080377,14,0.991,63
2834.11,GT-0030,300498.89083817793,-366750.8365895137,159.49519806011995,-149.84445580683314,83.57066810760867,5.66088645233892,83.57066810760867,5.66088645233892,83.57066810760867,5.66088645233892,11,0.938,1
2836.89,GT-0028,301031.79303946334,-367174.43984086224,157.7058194170986,-148.50866637665376,45.12551086550343,2.1524740050638274,45.12551086550343,2.1524740050638274,45.12551086550343,2.1524740050638274,14,0.996,63
2836.89,GT-0030,300942.28748878505,-367167.4041766567,159.49519806011995,-149.84445580683314,92.28260037382772,6.1887507161198325,92.28260037382772,6.1887507161198325,92.28260037382772,6.1887507161198325,11,0.91,1
2839.52,GT-0028,301446.55934453034,-367565.0176334329,157.7058194170986,-148.50866637665376,46.748878382535594,3.2481755405882486,46.748878382535594,3.2481755405882486,46.748878382535594,3.2481755405882486,13,0.966,63
2839.52,GT-0030,301364.3684213822,-367584.93524234375,158.90048715431152,-150.68189407473378,69.38031565534746,1.1567577759199077,69.38031565534746,1.1567577759199077,69.38031565534746,1.1567577759199077,12,0.983,1
2839.97,GT-0028,301517.7250138501,-367633.0020973572,157.49027932010904,-148.67884285379841,47.13278189282986,3.1856424446564193,47.13278189282986,3.1856424446564193,47.13278189282986,3.1856424446564193,13,0.991,63
2839.97,GT-0030,301435.87364060164,-367652.74209467735,158.90048715431152,-150.68189407473378,69.38282702423722,1.5331629242030225,69.38282702423722,1.5331629242030225,69.38282702423722,1.5331629242030225,12,0.953,1
2845.42,GT-0028,302376.0470361447,-368443.3017909104,157.49027932010904,-148.67884285379841,55.38739077585804,4.734006525681724,55.38739077585804,4.734006525681724,55.38739077585804,4.734006525681724,13,0.961,63
2845.42,GT-0030,302301.9178998588,-368473.9647958879,158.89752615004636,-150.67970628004832,70.84257526057137,3.8223754202939295,70.84257526057137,3.8223754202939295,70.84257526057137,3.8223754202939295,12,0.979,1
2845.66,GT-0028,302479.5026230172,-368520.1448866184,157.8836089093037,-148.17794562793156,39.677929407288396,0.6615124598737179,39.677929407288396,0.6615124598737179,39.677929407288396,0.6615124598737179,14,0.994,64
2845.66,GT-0030,302340.05330613477,-368510.12792539503,158.89752615004636,-150.67970628004832,71.00780091458336,3.8923712379045634,71.00780091458336,3.8923712379045634,71.00780091458336,3.8923712379045634,12,0.95,1
2848.17,GT-0028,302875.7601789367,-368892.0950246539,157.87379766168965,-148.19092897079963,39.86918266632657,2.458204052600887,39.86918266632657,2.458204052600887,39.86918266632657,2.458204052600887,14,0.996,64
2848.17,GT-0030,302738.8860967714,-368888.333988158,158.89752615004636,-150.67970628004832,73.50885193119863,4.560488334999574,73.50885193119863,4.560488334999574,73.50885193119863,4.560488334999574,12,0.921,1
2850.78,GT-0028,303287.8107908337,-369278.8733492677,157.87379766168965,-148.19092897079963,41.06663198735422,3.451849817738847,41.06663198735422,3.451849817738847,41.06663198735422,3.451849817738847,14,0.966,64
2850.78,GT-0030,303153.99469213746,-369278.60073027795,159.46320233524966,-150.16689603024497,77.46942191905468,4.5322067620263295,77.46942191905468,4.5322067620263295,77.46942191905468,4.5322067620263295,12,0.978,1
2851.09,GT-0028,303336.8065477556,-369324.8901195275,157.88328985591124,-148.2063552032041,41.32044431971631,3.536437404953469,41.32044431971631,3.536437404953469,41.32044431971631,3.536437404953469,14,0.991,64
2851.09,GT-0030,303203.4282848614,-369325.15246804734,159.46320233524966,-150.16689603024497,77.9573750123084,4.608513657759632,77.9573750123084,4.608513657759632,77.9573750123084,4.608513657759632,12,0.948,1
2853.3,GT-0028,303681.0189578416,-369653.4389816907,156.6598759721128,-148.43976376347837,43.37035061102516,3.1572915548041722,43.37035061102516,3.1572915548041722,43.37035061102516,3.1572915548041722,14,0.994,64
2853.3,GT-0030,303555.8419620223,-369657.0213082742,159.46320233524966,-150.16689603024497,82.12333501373088,5.1196580094530875,82.12333501373088,5.1196580094530875,82.12333501373088,5.1196580094530875,11,0.92,1
2854.57,GT-0028,303879.9770003262,-369841.9574816703,156.6598759721128,-148.43976376347837,44.66725970098244,3.581339129716384,44.66725970098244,3.581339129716384,44.66725970098244,3.581339129716384,14,0.964,64
2854.57,GT-0030,303756.3895646859,-369835.67023195507,160.17332006247034,-149.05969728526998,83.27447793284486,4.1651482681378305,83.27447793284486,4.1651482681378305,83.27447793284486,4.1651482681378305,11,0.977,1
2855.04,GT-0028,303956.87866166065,-369919.43128638854,157.14968899437054,-148.46044757266964,44.07378014310214,2.2694165252211453,44.07378014310214,2.2694165252211453,44.07378014310214,2.2694165252211453,14,0.993,64
2855.04,GT-0030,303831.6710251152,-369905.7282896791,160.17332006247034,-149.05969728526998,83.98054489132677,4.290216788878054,83.98054489132677,4.290216788878054,83.98054489132677,4.290216788878054,11,0.948,1
2857.28,GT-0028,304276.9610849534,-370290.67947157053,158.36765583591162,-148.88130573084277,39.674964424432076,0.6615055645434834,39.674964424432076,0.6615055645434834,39.674964424432076,0.6615055645434834,14,0.997,64
2857.28,GT-0030,304190.45926205517,-370239.62201159814,160.17332006247034,-149.05969728526998,87.9508345500803,4.842102858838467,87.9508345500803,4.842102858838467,87.9508345500803,4.842102858838467,11,0.92,1
2860.4,GT-0028,304802.83464342833,-370682.8757713309,157.3880065904201,-150.34053833112057,39.67137209782411,0.6615011008262965,39.67137209782411,0.6615011008262965,39.67137209782411,0.6615011008262965,14,0.997,64
2860.4,GT-0030,304690.20002065005,-370704.6882671282,160.17332006247034,-149.05969728526998,95.33764513794542,5.519597820092638,95.33764513794542,5.519597820092638,95.33764513794542,5.519597820092638,11,0.892,1
2863.52,GT-0028,305293.83884528937,-371151.9263444616,157.3910647860721,-150.32624061174874,40.022770177972596,2.7245845691571406,40.022770177972596,2.7245845691571406,40.022770177972596,2.7245845691571406,14,0.995,64
2863.52,GT-0030,305189.94077924493,-371169.75452265824,160.17332006247034,-149.05969728526998,105.05388877500269,6.122577896243637,105.05388877500269,6.122577896243637,105.05388877500269,6.122577896243637,11,0.865,1
2866.49,GT-0028,305758.41837177624,-371601.4419528682,157.14597192323527,-150.2602646675623,41.53017118354933,2.645557447713519,41.53017118354933,2.645557447713519,41.53017118354933,2.645557447713519,14,0.996,64
2869.01,GT-0028,306154.4187015283,-371980.0881389958,157.1439775909912,-150.25648664682922,43.46718516098395,3.5579568059595847,43.46718516098395,3.5579568059595847,43.46718516098395,3.5579568059595847,14,0.992,65
2869.58,GT-0028,306236.4668646936,-372063.1051146838,157.6469923894083,-149.0829892829188,43.25333814952957,2.3898384156140047,43.25333814952957,2.3898384156140047,43.25333814952957,2.3898384156140047,14,0.996,65
2872.91,GT-0028,306762.61603084224,-372561.66230771417,157.7265209485331,-149.31512530601958,45.68975236620905,3.1500643514061863,45.68975236620905,3.1500643514061863,45.68975236620905,3.1500643514061863,13,0.995,65
2874.85,GT-0028,307068.386254462,-372851.4122070895,157.69240976143374,-149.34496924267478,47.75472141729944,3.746600537445044,47.75472141729944,3.746600537445044,47.75472141729944,3.746600537445044,13,0.994,65
2876.08,GT-0028,307258.93518154515,-373037.7402935569,158.36483154585676,-149.65712615075245,48.52492582863615,2.9290045346988456,48.52492582863615,2.9290045346988456,48.52492582863615,2.9290045346988456,13,0.995,65
2878.81,GT-0028,307737.4030869074,-373583.33602350863,157.3762967965303,-149.2988824323006,39.67761491364102,0.6615095121117548,39.67761491364102,0.6615095121117548,39.67761491364102,0.6615095121117548,14,0.997,65
2879.82,GT-0028,307896.34686077863,-373734.1304454947,157.3772886900891,-149.29939132636116,39.712300175734086,1.6468858142090967,39.712300175734086,1.6468858142090967,39.712300175734086,1.6468858142090967,14,0.991,65
2881.74,GT-0028,308198.46712712914,-374020.7107031769,157.36739620684557,-149.28929777124222,39.98756929223091,2.6409591236688383,39.98756929223091,2.6409591236688383,39.98756929223091,2.6409591236688383,14,0.996,65
2883.86,GT-0028,308532.0240226061,-374337.16778410116,157.3574135968829,-149.29646906105336,41.0354149556566,3.4136788147598778,41.0354149556566,3.4136788147598778,41.0354149556566,3.4136788147598778,14,0.995,65
2886.63,GT-0028,308967.45289778657,-374753.9573226852,157.74639237159136,-150.34224585206266,43.560150999283266,3.129204159160806,43.560150999283266,3.129204159160806,43.560150999283266,3.129204159160806,14,0.995,65
2889.14,GT-0028,309340.4831637432,-375070.7022962357,156.54896083720652,-149.908611743767,39.67423525799367,0.6615098356523921,39.67423525799367,0.6615098356523921,39.67423525799367,0.6615098356523921,14,0.997,65
2891.17,GT-0028,309658.2736932898,-375374.9959410488,156.5495812450389,-149.90786082270506,39.795284647469416,2.2378822583653766,39.795284647469416,2.2378822583653766,39.795284647469416,2.2378822583653766,14,0.991,66
2892.06,GT-0028,309780.40405524155,-375500.8304552921,156.73867557682067,-150.7529414668206,39.67137613215109,0.6614998856903636,39.67137613215109,0.6614998856903636,39.67137613215109,0.6614998856903636,14,0.997,66
2893.9,GT-0028,310036.72080807155,-375754.2010122784,156.43876339794866,-148.96067796306986,39.67130296407497,0.6614889755638184,39.67130296407497,0.6614889755638184,39.67130296407497,0.6614889755638184,14,0.997,66
2895.5,GT-0028,310286.9550924008,-375992.5509393194,156.43994002229,-148.9602311318747,39.74029629219431,2.0086350473607846,39.74029629219431,2.0086350473607846,39.74029629219431,2.0086350473607846,14,0.994,66
2895.71,GT-0028,310377.1019092747,-376087.57480082096,157.14415391689232,-148.46134255647726,39.67131832508585,0.6614884812398238,39.67131832508585,0.6614884812398238,39.67131832508585,0.6614884812398238,14,0.997,66
2897.86,GT-0028,310714.9501918375,-376406.73567143973,157.13883291941806,-148.46666700454944,39.80367996777668,2.293353991090713,39.80367996777668,2.293353991090713,39.80367996777668,2.293353991090713,14,0.995,66
2899.93,GT-0028,311040.20554827637,-376714.0598742463,157.134869313104,-148.47128830241945,40.501129923844836,3.148506384537619,40.501129923844836,3.148506384537619,40.501129923844836,3.148506384537619,14,0.992,66
2900.19,GT-0028,311081.0242462593,-376752.67656749394,157.13305844686874,-148.48114649113268,40.657289923791964,3.2289459885549143,40.657289923791964,3.2289459885549143,40.657289923791964,3.2289459885549143,14,0.994,66
2903.04,GT-0028,311519.0585806969,-377171.9131082409,155.68718007104644,-148.88716511577604,42.31798802305761,2.441216405944402,42.31798802305761,2.441216405944402,42.31798802305761,2.441216405944402,14,0.996,66
2905.96,GT-0028,311972.70758208353,-377601.76896735845,156.12113385099747,-147.94172264510826,43.86507814583237,2.3675455836367854,43.86507814583237,2.3675455836367854,43.86507814583237,2.3675455836367854,14,0.996,66
2907.77,GT-0028,312171.0021821673,-377794.3660977406,158.0879456991657,-147.28870762463853,39.67470817810223,0.6615048738024847,39.67470817810223,0.6615048738024847,39.67470817810223,0.6615048738024847,14,0.997,66
2908.11,GT-0028,312224.71937097755,-377844.4488621476,158.08746745176052,-147.2889472584629,39.69196078949956,1.096893967095398,39.69196078949956,1.096893967095398,39.69196078949956,1.096893967095398,14,0.994,67
2909.81,GT-0028,312482.2639030094,-378095.55230875773,157.25608340036197,-148.12394716252243,39.67132898332254,0.6614918060347743,39.67132898332254,0.6614918060347743,39.67132898332254,0.6614918060347743,14,0.997,67
2912.44,GT-0028,312895.844870211,-378485.1323823261,157.25495265688505,-148.12459273496916,39.89857378760735,2.5202224492961514,39.89857378760735,2.5202224492961514,39.89857378760735,2.5202224492961514,14,0.993,67
2912.49,GT-0028,312892.4178839931,-378514.14269805094,156.8860498146062,-148.04910892467797,39.671356653387065,0.6614981626340206,39.671356653387065,0.6614981626340206,39.671356653387065,0.6614981626340206,14,0.997,67
2914.33,GT-0028,313181.1237310309,-378786.58083361835,156.89589359067452,-148.04624903168678,39.757034268728496,2.134178615160437,39.757034268728496,2.134178615160437,39.757034268728496,2.134178615160437,14,0.996,67
2916.75,GT-0028,313560.39673267654,-379144.81510371354,156.8889681810724,-148.15163067829144,40.503185016891024,3.0551242724040986,40.503185016891024,3.0551242724040986,40.503185016891024,3.0551242724040986,14,0.996,67
2918.05,GT-0028,313764.28572473873,-379337.43606297695,156.87858856608364,-148.1552777822144,41.3820991073897,3.493784161144386,41.3820991073897,3.493784161144386,41.3820991073897,3.493784161144386,14,0.994,67
2918.81,GT-0028,313883.90288267,-379450.4336725035,156.9672813570014,-148.34068583916996,42.07165247190115,3.4185818138152815,42.07165247190115,3.4185818138152815,42.07165247190115,3.4185818138152815,14,0.995,67
2921.51,GT-0028,314310.5851059875,-379852.25971248787,157.31872016722264,-148.68044330895373,44.589008175873,3.0297754121825724,44.589008175873,3.0297754121825724,44.589008175873,3.0297754121825724,14,0.995,67
2923.31,GT-0028,314593.73108850955,-380119.8712301605,157.31326460747732,-148.68549463687305,46.498860997001046,3.6331329433156223,46.498860997001046,3.6331329433156223,46.498860997001046,3.6331329433156223,13,0.993,67
2924.68,GT-0028,314802.0849130442,-380321.95932015247,156.88731316761186,-148.89062703896207,46.1408669493573,2.0781414564837757,46.1408669493573,2.0781414564837757,46.1408669493573,2.0781414564837757,13,0.996,67
2927.29,GT-0028,315211.45031477034,-380710.5643866209,156.8775121917597,-148.88252618427123,47.644081044567535,3.181733048728182,47.644081044567535,3.181733048728182,47.644081044567535,3.181733048728182,13,0.995,67
2928.35,GT-0028,315373.609488467,-380867.4088957958,156.72043243792086,-148.53645639798196,48.52176723512937,3.162260582820573,48.52176723512937,3.162260582820573,48.52176723512937,3.162260582820573,13,0.995,67
2929.65,GT-0028,315575.21221289673,-381057.3723444576,156.52664190820542,-148.00488765729733,48.60314924486757,2.04553314699074,48.60314924486757,2.04553314699074,48.60314924486757,2.04553314699074,13,0.996,67
2932.37,GT-0028,315905.91182016954,-381486.0572187298,156.181218810263,-145.64333831956418,39.6780017604493,0.6615060277700093,39.6780017604493,0.6615060277700093,39.6780017604493,0.6615060277700093,14,0.997,67
2934.31,GT-0028,316208.9335716238,-381768.55827244575,156.18350273583667,-145.64617711253413,39.78090068796665,2.188627949025153,39.78090068796665,2.188627949025153,39.78090068796665,2.188627949025153,14,0.995,67
2934.36,GT-0028,316216.74189059756,-381775.82790581667,156.18499176007208,-145.64702677967716,39.80672771422339,2.2148572655330896,39.80672771422339,2.2148572655330896,39.80672771422339,2.2148572655330896,14,0.99,67
2936.57,GT-0028,316561.9747514235,-382097.7162653098,156.18395177718594,-145.65932856605468,40.507505244303644,3.132875986100762,40.507505244303644,3.132875986100762,40.507505244303644,3.132875986100762,14,0.994,67
2939.34,GT-0028,316997.16178218194,-382507.221828817,156.8942205710773,-147.6323159969761,42.09620124674559,2.4958259796738176,42.09620124674559,2.4958259796738176,42.09620124674559,2.4958259796738176,14,0.996,67
2939.42,GT-0028,317009.67664789,-382518.99090991507,156.8917241382046,-147.62610883667912,42.15123092819565,2.5294034411880637,42.15123092819565,2.5294034411880637,42.15123092819565,2.5294034411880637,14,0.994,67
2942.19,GT-0028,317446.0225252212,-382929.7897696912,155.4363110806721,-148.5699043690911,43.631611892750335,2.3859571469141296,43.631611892750335,2.3859571469141296,43.631611892750335,2.3859571469141296,14,0.996,67
2943.96,GT-0028,317721.15497287817,-383192.7356404899,155.44164115085823,-148.56983620053688,44.72125027345818,3.109953158741755,44.72125027345818,3.109953158741755,44.72125027345818,3.109953158741755,14,0.992,67
2945.13,GT-0028,317903.23875954375,-383364.3473002339,155.69308244474905,-148.04988976375444,45.71508416088353,3.196419506651489,45.71508416088353,3.196419506651489,45.71508416088353,3.196419506651489,13,0.994,67
2947.32,GT-0028,318293.14485337114,-383692.4055348947,156.71413060035937,-146.80240274744372,39.67573031330197,0.6615098817002832,39.67573031330197,0.6615098817002832,39.67573031330197,0.6615098817002832,14,0.997,67
2949.1,GT-0028,318572.06011211337,-383953.6612824202,156.71141087186288,-146.80499394635785,39.759769347354954,2.1052868732238035,39.759769347354954,2.1052868732238035,39.759769347354954,2.1052868732238035,14,0.995,67
2949.8,GT-0028,318617.05861189944,-383950.08079666836,156.9498870796108,-145.96259715592157,39.671345814099666,0.6614964755637418,39.671345814099666,0.6614964755637418,39.671345814099666,0.6614964755637418,14,0.997,67
2951.75,GT-0028,318908.8837555538,-384344.0095964618,156.27464470495798,-146.91920742574507,39.671306292710284,0.6614905963076781,39.671306292710284,0.6614905963076781,39.671306292710284,0.6614905963076781,14,0.997,67
2952.41,GT-0028,319012.03048507415,-384440.9763360054,156.27548436793663,-146.91873923954523,39.69517469957512,1.3870775647977296,39.69517469957512,1.3870775647977296,39.69517469957512,1.3870775647977296,14,0.992,67
2957.04,GT-0028,319735.55241563,-385121.12971920124,156.28956493577334,-146.89972434098127,41.21729406373833,3.49855523986879,41.21729406373833,3.49855523986879,41.21729406373833,3.49855523986879,14,0.994,67
2963.02,GT-0028,320664.77203247073,-385994.02442985954,155.6488046326358,-147.18811155317871,47.32976087376371,2.7055208356922082,47.32976087376371,2.7055208356922082,47.32976087376371,2.7055208356922082,13,0.995,67
2967.33,GT-0028,321335.64869468386,-386628.4048183281,155.65766324365904,-147.18822488741898,52.708117943177555,4.1244352174644705,52.708117943177555,4.1244352174644705,52.708117943177555,4.1244352174644705,13,0.99,67
2978.11,GT-0028,323025.1404950713,-388192.8979980882,156.93830541059287,-147.17482200274753,69.71782506896625,2.8277296654246116,69.71782506896625,2.8277296654246116,69.71782506896625,2.8277296654246116,12,0.993,68
2984.21,GT-0028,323977.1947425233,-389058.22790608497,157.38469963243188,-145.39300869743602,75.7997503646824,3.1160852301711097,75.7997503646824,3.1160852301711097,75.7997503646824,3.1160852301711097,12,0.993,68
2988.59,GT-0028,324673.06152676005,-389681.1132142306,157.72732592582952,-143.8287809847793,79.480873969449,3.1658333303303645,79.480873969449,3.1658333303303645,79.480873969449,3.1658333303303645,12,0.994,68
2993.74,GT-0028,325485.3751248235,-390421.71377926035,157.7262770215675,-143.82311139393278,85.47674960725679,4.643848752486653,85.47674960725679,4.643848752486653,85.47674960725679,4.643848752486653,11,0.991,68
2998.64,GT-0028,326267.66409569496,-391084.9611623095,159.2171402649401,-141.3956331951831,92.40944573973755,3.943792903316612,92.40944573973755,3.943792903316612,92.40944573973755,3.943792903316612,11,0.992,68
3004.09,GT-0028,327135.35168709565,-391855.73194974894,159.2125291302582,-141.41098031652473,102.16420415499272,5.2707180813394405,102.16420415499272,5.2707180813394405,102.16420415499272,5.2707180813394405,11,0.99,68
3007.78,GT-0028,327533.0368387282,-392216.6402114021,158.74211263698206,-146.85772074075274,91.73977689075056,1.5296389305236218,91.73977689075056,1.5296389305236218,91.73977689075056,1.5296389305236218,11,0.993,68
3011.71,GT-0028,328197.3802205407,-392603.4237489764,160.82604102852667,-146.1698834489202,69.38731512382071,1.156717270523189,69.38731512382071,1.156717270523189,69.38731512382071,1.156717270523189,12,0.995,68
3016.97,GT-0028,329043.33439732937,-393372.3627711134,160.8260705415264,-146.17919031982137,70.45380767516328,3.6253979292523324,70.45380767516328,3.6253979292523324,70.45380767516328,3.6253979292523324,12,0.993,68
3022.33,GT-0028,329919.7643481329,-394334.5320012761,158.7307342631534,-144.60235469974873,69.3741499292839,1.1567517389790452,69.3741499292839,1.1567517389790452,69.3741499292839,1.1567517389790452,12,0.995,68
3027.44,GT-0028,330731.00289033074,-395073.27489410655,158.74197737114446,-144.59539086813083,70.3516165720678,3.574590211003575,70.3516165720678,3.574590211003575,70.3516165720678,3.574590211003575,12,0.994,68
3032.5,GT-0028,331534.2218340625,-395804.89249923645,158.73451108262452,-144.59241532858687,75.7762933480305,4.913216825452655,75.7762933480305,4.913216825452655,75.7762933480305,4.913216825452655,12,0.99,68
3038.79,GT-0028,332459.73826661636,-396521.4819547645,162.15522891881415,-145.69142185975667,69.3779685572909,1.1567572768434347,69.3779685572909,1.1567572768434347,69.3779685572909,1.1567572768434347,12,0.994,68
3049.56,GT-0028,334229.5993849099,-398083.8352314792,163.2972030167516,-144.30731288042352,75.19153485488111,3.505721520087851,75.19153485488111,3.505721520087851,75.19153485488111,3.505721520087851,12,0.994,69
3053.87,GT-0028,335229.3452456207,-398785.39655764477,160.08343302392416,-141.07935839974823,69.37737035215171,1.1567464954662776,69.37737035215171,1.1567464954662776,69.37737035215171,1.1567464954662776,12,0.995,69
3064.44,GT-0028,336921.5380539255,-400276.4955589589,160.0971763074558,-141.0693417965249,76.49910211455214,5.009458148215255,76.49910211455214,5.009458148215255,76.49910211455214,5.009458148215255,12,0.99,70
3075.84,GT-0028,338560.49629704765,-401766.8462641456,162.44490610618365,-144.64759329941808,69.38310337191088,1.1567578732790562,69.38310337191088,1.1567578732790562,69.38310337191088,1.1567578732790562,12,0.994,71
3080.4,GT-0028,339301.24458346533,-402426.45985845046,162.44159914413422,-144.65008085363388,70.12080968987821,3.404525885716295,70.12080968987821,3.404525885716295,70.12080968987821,3.404525885716295,12,0.991,71
3084.47,GT-0028,339962.3211520977,-403015.271842366,162.4227361430112,-144.6561424706515,73.48932997580944,4.545653130610027,73.48932997580944,4.545653130610027,73.48932997580944,4.545653130610027,12,0.992,71
3088.52,GT-0028,340612.67117044394,-403562.0535058261,160.86206835093117,-142.57883717042387,77.12582806913036,3.2577082489951685,77.12582806913036,3.2577082489951685,77.12582806913036,3.2577082489951685,12,0.993,71
3093.4,GT-0028,341449.54740091786,-404302.3956881301,160.5761108133087,-144.23137326851426,69.37911264768867,1.1567457468085707,69.37911264768867,1.1567457468085707,69.37911264768867,1.1567457468085707,12,0.995,71
3096.3,GT-0028,341879.24111520196,-404743.17906480975,160.89395012728892,-142.21843790750597,69.37238286447052,1.1566879421433127,69.37238286447052,1.1566879421433127,69.37238286447052,1.1566879421433127,12,0.995,71
3101.5,GT-0028,342715.853394495,-405482.7379644794,160.88528333053546,-142.21856211940622,70.40702870963861,3.606823959392654,70.40702870963861,3.606823959392654,70.40702870963861,3.606823959392654,12,0.993,71
3112.96,GT-0028,344543.6999208625,-407097.37304870115,158.56744741457442,-141.37892837415575,81.52496263055231,2.8331252519318433,81.52496263055231,2.8331252519318433,81.52496263055231,2.8331252519318433,11,0.993,72
3118.84,GT-0028,345480.82121074176,-407917.78601627465,159.44045887361972,-142.42872946817351,85.49202732304933,2.880869700037242,85.49202732304933,2.880869700037242,85.49202732304933,2.880869700037242,11,0.993,72
