time,global_track_id,x,y,vx,vy,prob
16.65,GT-0002,-79870.39632802263,27117.736924399323,-40.589726792651255,28.63259465230898,0.897
22.27,GT-0090,-80449.80279070501,27612.68950472452,-41.1818747244064,30.299547321814273,0.857
27.41,GT-0090,-80639.09858623038,27796.503558660508,-44.01329883401467,33.85550663360559,0.857
37.52,GT-0090,-81286.52648766244,28267.61953980374,-51.65364728338746,40.547030337176096,0.919
56.07,GT-0208,-82778.90717659019,29442.293303214246,-70.03324759195064,51.566053483240914,0.919
61.5,GT-0208,-83188.51523988544,29699.01522446893,-70.07851703825663,53.001397267312655,0.897
69.07,GT-0006,-18816.894989452197,-45620.03802233573,-0.09619404950052317,-0.20699782573110467,0.859
69.07,GT-0007,-90849.0177994824,-35077.42736029053,0.07297989710183322,-0.13372578206300773,0.87
69.07,GT-0008,51429.347119290695,36.52611581661931,-0.022791852300787466,-0.057261939508290914,0.852
69.07,GT-0013,-9577.77142559879,98688.05547756409,0.514378375781181,-0.2080257123307572,0.868
69.07,GT-0028,24361.07705615618,75209.81627240947,-0.032820023512246776,-0.007493627820214583,0.886
73.78,GT-0028,24178.15014404949,75379.38735614516,2.803521669306301,-2.6385803547644286,0.885
82.64,GT-0028,317318.5743917582,38834.716548924225,1397.207044931668,-124.1514205018087,0.871
88.43,GT-0208,-85261.8750467229,31208.805654110965,-76.96632962291439,56.85300006150661,0.913
98.0,GT-0208,-86017.0182501141,31756.324318945342,-78.91020746719833,56.77856767000695,0.927
105.52,GT-0208,-86643.78486830847,32244.733258329925,-84.89725460409115,64.22452569062543,0.869
112.23,GT-0591,377337.7294060712,32685.739457023643,85.46582342428196,65.72663160675575,0.878
116.32,GT-0208,-87621.61531090619,33002.930866612405,-90.88160502921451,70.65396464769941,0.857
121.58,GT-0208,-88096.89191087491,33382.75371999118,-93.04136886976423,75.15257270017786,0.911
126.48,GT-0208,-88527.78448348517,33778.09800545414,-95.32630675448443,80.73221556117059,0.927
131.58,GT-0208,-88998.89882313932,34233.69873547552,-95.55987977220911,90.64948388435641,0.864
140.2,GT-0417,-90842.7775599397,-35129.34683675306,-0.22784095318691122,0.5112015850930728,0.857
140.2,GT-0512,51439.875874761536,15.767911116213972,-0.12209794117136731,-0.3885215617105997,0.858
140.2,GT-0783,40703.51555826472,-62363.00489286612,0.002915539189841238,0.37368944672844784,0.85
172.7,GT-0510,41767.798603318864,-51008.459009464066,0.2780122203016854,0.295756674609804,0.865
182.83,GT-0510,-173081.362670237,93955.77972862538,915.8278365756822,-404.0117130069512,0.855
182.83,GT-0783,40706.46022855211,-62380.28410044033,-0.004210314393146907,-0.13532409041997917,0.855
182.83,GT-0832,-18822.00902829919,-45619.09033118756,0.10792644875757179,0.08081235963459164,0.86
188.11,GT-1198,-87843.53523027591,41119.50480067395,125.41663580391238,86.97914490023078,0.861
192.82,GT-0783,40698.367147166915,-62374.94293571577,-0.030823023233757924,-0.10560096324826243,0.85
192.82,GT-1170,51440.7675368178,9.749942076586038,-0.06624474336593786,0.004144273805421289,0.851
192.82,GT-1217,377260.06187097327,41460.304818588396,-133.05370594760052,77.62883006456542,0.922
213.33,GT-1346,-84099.50482762119,41823.064302749895,157.17639749527729,-13.466524850433563,0.873
217.61,GT-1121,-90814.26897649499,-35094.67561839402,-0.13529127735232077,0.3335123088200719,0.869
217.61,GT-1122,-9541.884487365704,98701.82011849817,0.2863339663824934,0.07883830240778272,0.856
227.67,GT-1121,-90816.72128606722,-35099.46142057784,-0.09650791585377969,0.13064960259514685,0.872
227.67,GT-1122,-9538.331831904583,98698.61023827344,0.2854088937030431,-0.03991017225618717,0.865
227.67,GT-1170,51452.62618779084,-14.255670132092598,0.10319931423476866,-0.35755608825598034,0.868
242.56,GT-1445,-18820.955949753148,-45629.77355328987,0.30742957646844854,0.26569332350654384,0.852
242.56,GT-1447,40680.03152663806,-62548.53674364384,0.5856416640899824,1.8066741126020807,0.926
242.56,GT-1448,91772.6666530849,-21196.902004824897,0.28333324128914045,0.020515712046437318,0.868
242.56,GT-1479,-80265.55501860521,39678.99862090774,138.78665109319195,-77.64377393238017,0.862
246.16,GT-1479,-79646.07213797624,39404.037329557716,138.24661952537517,-82.0203867818562,0.872
251.41,GT-1479,-78967.7557360634,38946.225950306856,135.35603675554952,-77.30920003150158,0.894
255.06,GT-1122,-9520.249766460493,98710.83620454784,-0.1216580821396353,-0.26091932748821484,0.862
255.06,GT-1448,91775.66484909793,-21193.56457470429,0.24115204468625048,0.1582175575889468,0.853
255.06,GT-1479,-78486.43206621887,38640.64243185487,135.89575935843135,-77.6416903611697,0.877
257.7,GT-1121,92099.88070225524,214633.70827073828,-203.37540481539554,-278.0989710172257,0.866
257.7,GT-1453,-94210.50048243022,37909.24927166821,0.1532119635534692,5.7317920380769,0.858
257.7,GT-1638,367768.5231711052,38590.95046003071,-135.4724356430139,-76.75825847184386,0.865
264.08,GT-1122,-100076.97247862126,20979.06537588754,270.5917936177552,18.316212433709914,0.862
264.08,GT-1479,-77259.77940983078,37899.765435412046,137.13500136561797,-78.42165324629879,0.879
275.27,GT-1753,-75490.62976816543,37048.5270173016,156.5285333666785,-71.53330744178035,0.972
278.26,GT-1753,-74960.48098633293,36841.75121151585,159.4235247915454,-69.12029628804605,0.882
284.38,GT-1448,91771.50465743535,-21180.1002493555,0.07364287112064366,0.11846139184613158,0.853
284.38,GT-1753,-73928.14902156412,36412.02294180062,160.49134042888474,-67.46787670025738,0.914
293.12,GT-1753,-72533.53581742306,35867.826209151666,160.67166925051612,-66.56685863950734,0.927
301.53,GT-1445,-35025.29809922703,-81353.13768107873,35.554418833774804,78.5316749742563,0.865
301.53,GT-1448,336597.5577024013,29742.29471058674,759.2472481392493,126.92201363061646,0.9
305.64,GT-1753,-70508.61358067402,35024.19468635618,159.30547531243062,-65.89761823546539,0.934
311.28,GT-1992,-71464.46051921794,-412140.5994761111,700.0256826098596,66.75001840583886,0.906
316.02,GT-1977,-68999.54020287839,34414.07915983078,158.93856890000242,-65.400360825223,0.883
316.02,GT-2017,359180.69855802855,34614.269559703534,-159.44887057066825,-65.28931525398569,0.895
321.12,GT-1753,-68053.50514245608,34000.520407118216,159.19462567788113,-67.69731043849518,0.906
325.02,GT-1752,-9561.415322145016,98694.11679875955,-0.5186480030763483,-0.4076320188725186,0.859
325.02,GT-1977,-67546.30804437154,33804.44634332749,159.0844337842846,-65.59243560869564,0.878
331.38,GT-1977,-66527.17766309509,33381.67817619482,160.4862663564301,-64.761233517992,0.929
334.79,GT-1773,355897.9136415154,33008.39135234713,-160.2790307580771,-66.48610657989366,0.918
339.78,GT-1773,355064.06761163997,32658.20585225546,-161.5146541896903,-66.089507999973,0.869
339.78,GT-1977,-65165.50944882058,32814.35786271402,159.6509472354257,-66.23167847868889,0.906
343.3,GT-1702,-51762.00818213822,92357.18432431137,-251.67190725801848,-821.8604318596521,0.87
343.3,GT-1804,-94169.38569521236,40805.69738502827,-0.37411087889146866,-1.620290194455492,0.859
355.7,GT-1773,352435.2134161669,31602.427469871054,-162.60073595115395,-65.56774592436972,0.923
359.59,GT-2176,-9557.311320973,98688.06507681924,-0.3642733657951598,-0.25867111740654375,0.859
359.59,GT-2186,-61706.37481271665,31454.804541455636,161.55696318133283,-67.75525505597739,0.866
366.99,GT-2186,-60500.75137476826,30922.29011398643,164.54649071327242,-67.97205065636257,0.927
369.98,GT-2184,40712.21901554805,-62385.4445535625,-0.12858929594064716,0.08494058633531791,0.859
369.98,GT-2186,-59998.3448995509,30712.74986770873,166.5397229010673,-66.19799361784001,0.935
369.98,GT-2314,41756.91933188971,-51001.714121415986,-0.45013788092341833,-0.7731118306565109,0.851
379.57,GT-2085,-18818.283651573172,-45653.58220625328,0.01776819355606895,0.007745882829952366,0.859
379.57,GT-2176,-9566.315571884992,98687.30731524095,-0.537779786271726,-0.1473840517696254,0.871
379.57,GT-2184,40712.02773026796,-62385.75311059139,-0.11691804921465462,0.061344639946161066,0.882
379.57,GT-2186,-58351.72095242705,30046.66888417212,168.52721710410603,-65.83507875817278,0.905
379.57,GT-2246,-90836.40268375844,-35087.9944253931,-0.1544535058895654,-0.12905382053557496,0.886
379.57,GT-2314,41762.784886987676,-50993.5738663237,0.06308841053801148,-0.1611422236111742,0.879
385.45,GT-2186,-57314.24032766489,29643.57678374134,171.4969299413168,-65.53449058465169,0.928
389.82,GT-2085,-18821.37486710151,-45648.321493848656,-0.05619932392365448,0.1857313607397464,0.861
389.82,GT-2086,91789.27635065348,-21158.99892472909,-0.27638364384080016,0.004708232570163895,0.862
389.82,GT-2176,-9560.233047095775,98687.44487460302,-0.4562976371879831,-0.0638169153424514,0.869
389.82,GT-2184,40710.691448807236,-62383.147557802,-0.11836542532268937,0.07090148767289717,0.867
389.82,GT-2246,-90835.18898881377,-35090.194437396734,0.10510549968433319,-0.06586938585349025,0.882
393.3,GT-2242,346375.12573228625,29212.510667111845,-171.04140816828817,-66.63858279611027,0.868
399.53,GT-2085,-18837.712253670736,-45659.77461552147,-0.021477237631950613,0.12938030721093183,0.862
399.53,GT-2176,-9557.389647155416,98684.79472584912,-0.2413943736868267,0.029092226751588884,0.853
399.53,GT-2186,-54916.99174548735,28677.080493443107,170.1604490728642,-65.28557718511306,0.931
403.17,GT-2186,-54300.69360471111,28436.090697935233,170.60455487456426,-67.42834419809904,0.88
409.53,GT-1804,-53382.08457178348,28280.159982770652,171.89361878893482,-65.54723171836049,0.884
409.53,GT-2176,-9550.201976884582,98682.80375893273,-0.1910035491101145,-0.00174868400927964,0.883
409.53,GT-2184,40728.1730812154,-62381.87902345788,-0.05854821261390211,0.0017585284066486892,0.852
409.53,GT-2314,41767.303753338165,-50980.90429996571,0.012167606978652615,0.006923395623874534,0.882
409.53,GT-2473,24350.67017144174,75221.26397238395,0.12034420891049522,-0.14167647761078764,0.859
412.61,GT-2186,-52700.19925426266,27818.508454656112,169.1490794879928,-65.10775828328264,0.893
412.61,GT-2501,-94003.6387238036,42253.35286396875,0.24917107682736256,2.1121592875206874,0.857
422.49,GT-2184,40540.85687877309,-62211.502360532424,2.5010956151453034,-2.657961852752663,0.875
427.77,GT-2554,91785.15753732219,-21190.465298894716,-0.028930843105693202,-0.12328811225136763,0.887
427.77,GT-2638,340220.17331695143,27067.408270557582,-172.8706096199337,-65.28730647001171,0.866
433.64,GT-1804,-49168.33432188158,26621.841487663834,172.36935884298757,-64.73270986066763,0.862
433.64,GT-2176,187474.79897580858,365758.19244539086,-4451.142843033027,-6707.918985506849,0.924
433.64,GT-2314,41767.41569341861,-50995.64606042175,0.18117379973382547,0.037988738343590234,0.867
433.64,GT-2473,24347.997138881914,75212.84111513187,-0.08150968883535734,0.0431719728814083,0.87
433.64,GT-2535,51439.961153285745,16.147248870390573,0.008343180363233761,0.2784261751464889,0.87
433.64,GT-2554,91786.93137274841,-21191.4646406962,0.04233460219494141,-0.13116271573689026,0.885
433.64,GT-2700,-18826.497425466656,-45641.674545277085,0.6684919310027402,0.4888498867579918,0.87
437.18,GT-1804,-48546.35651526224,26390.83188855104,174.55190417268904,-65.22000206893092,0.877
437.18,GT-2578,338386.61447610124,26143.988336442464,-173.46679728816267,-64.43754997159805,0.915
443.41,GT-1804,-47433.82943956133,25922.21603781784,174.58275276182428,-64.84907975281477,0.886
443.41,GT-2638,337565.63616250537,26027.951120950507,-173.61467761175567,-64.46155858959324,0.852
447.99,GT-2638,336734.51274271606,25762.49171663364,-175.7227202634299,-64.54892135890287,0.89
447.99,GT-2700,-18826.510964491987,-45645.26388637358,0.13071362694024669,-0.10225354444065324,0.854
451.78,GT-1804,-45960.68610161603,25376.02686988233,173.9255116582001,-63.9851158615452,0.888
451.78,GT-2638,336058.44584761414,25510.479571948894,-177.9055411871214,-63.703419965059425,0.88
456.8,GT-1804,-45068.77624808247,25041.141505133957,175.00240684454872,-63.90574628923734,0.88
456.8,GT-2725,-90820.45904867037,-35095.54152005305,-0.25517403379531434,0.33020317159555457,0.862
464.51,GT-2877,333727.9730548654,24383.829923214256,-176.61999275338457,-61.54428021836495,0.953
472.12,GT-1804,-42327.38329930342,24089.890652366823,177.73162677738833,-62.52905902142736,0.924
477.29,GT-2937,-38169.16913369457,-401735.0539936192,723.035476154543,61.07951905511412,0.91
481.38,GT-1804,-40650.65848976043,23488.606624393575,182.80766455406962,-64.82334311462905,0.892
487.3,GT-2952,-39399.764161153056,23278.578403948664,181.0514854544394,-64.44246530781072,0.883
490.82,GT-1804,-38925.13367442979,22875.712443358792,182.43933722156518,-63.972144545508186,0.877
497.59,GT-2725,-90812.1528704889,-35105.40560523902,-0.11868748147808382,-0.0984472339060274,0.91
497.59,GT-2807,40701.26967072687,-62387.48846388147,-0.16944970370210366,-0.31019510028667957,0.902
497.59,GT-2898,-9578.653899358662,98689.83397755874,0.05527426504145186,-0.4730847140357645,0.887
497.59,GT-2952,-37503.60365744153,22582.17521763815,181.10457722257124,-63.99679753615079,0.928
497.59,GT-3034,91775.39797524846,-21187.327600303226,-0.2802200839560826,-0.1424298563042878,0.884
510.84,GT-2952,-35088.23425019428,21705.005823405743,184.38837047357447,-67.04886257621637,0.932
510.84,GT-3056,325072.0198119721,21550.941831225293,-184.45843430591404,-65.96017555439646,0.884
515.52,GT-2952,-34216.02626943837,21394.186331197365,184.52625412872453,-66.40497166907689,0.869
520.25,GT-2952,-33335.93073436237,21077.917526944504,186.22683505059663,-67.55924153018618,0.942
529.11,GT-2952,-31661.34099887727,20465.26772274081,186.0995982026256,-68.48271784055349,0.853
532.03,GT-3036,51436.078720687954,56.08474855038929,-1.346553830215419,-0.24126379379226232,0.879
538.45,GT-3282,-30085.509010424204,19782.607073297204,185.05912868899523,-67.06495629868577,0.93
541.88,GT-2978,-94046.6234878766,41825.67146806504,-0.3506904682748404,-3.0075136989381814,0.881
541.88,GT-3282,-29448.06738623962,19550.63565395453,186.29429904177093,-67.64009480752446,0.865
541.88,GT-3409,319149.2677553495,19595.181106272197,-187.29506588393835,-67.77473500266288,0.913
558.39,GT-3282,-26280.40520476166,18385.98762897853,188.5510396090596,-69.85533787963068,0.99
558.39,GT-3527,316298.58378283225,18177.876416065566,-189.0530774604726,-68.9147022415976,0.905
561.1,GT-2978,-94082.32638440868,41901.81374685927,-2.516973388438462,-6.594377251821265,0.86
566.66,GT-3282,-24728.66662257689,17811.560984237076,189.6404676217811,-68.99241159444783,0.926
571.35,GT-3237,40695.06388634661,-62399.868551824264,0.12865171353341326,0.020146091881413614,0.863
571.35,GT-3282,-23830.279022540748,17478.836499135392,191.99813774516363,-70.38406059415682,0.861
575.79,GT-3527,312951.8210120349,16902.365554721004,-190.9076308386298,-70.83533640610042,0.923
602.89,GT-3409,307468.2684121826,15279.66581298502,-200.51669906030037,-74.70380729725767,0.901
609.83,GT-3409,306101.6777485255,14724.413074878328,-198.52534901264977,-78.96533434817661,0.888
609.83,GT-3785,-16013.008536237208,14592.459944016955,199.58773997509567,-80.15612082189094,0.875
613.9,GT-3785,-15216.26571142053,14235.641555488432,196.10970206488864,-89.04564265814302,0.868
618.2,GT-3923,-14481.485022236238,13576.549728779557,188.03289794350025,-105.95743670678836,0.9
623.27,GT-3806,-90821.86807127291,-35100.978153335665,-0.32764068723163675,0.2292061637327475,0.866
628.57,GT-3979,-12638.077812080312,-390010.89542438247,766.1561773796657,129.8014605404049,0.885
642.34,GT-4035,-10400.289016823735,10380.258882977638,164.69686531016214,-137.12677767186378,0.915
649.8,GT-3608,233493.41393810546,-7397.983082402187,1158.4796220981193,199.74708908415576,0.926
649.8,GT-4062,299501.67120810674,9400.66909605314,-164.31041695103454,-137.89269293535173,0.96
652.57,GT-4035,-8708.943958189055,9015.263041755747,165.06147020612906,-138.95908771887903,0.877
661.19,GT-3976,91786.14722047535,-21195.979215498985,-0.19404216626840226,-0.019132983901266012,0.859
661.19,GT-4123,-9558.148888851372,98688.71156850926,0.4649566937567786,0.21045183030808856,0.865
661.19,GT-4146,24334.596694848038,75217.95554271122,0.14489182155611324,0.1869942899107484,0.851
669.14,GT-3976,91792.54980455332,-21190.43083853734,0.07308978469083528,0.12336292430403478,0.875
669.14,GT-4035,-5982.419255581125,6668.693701410613,164.26865593406274,-139.2902542181089,0.929
669.14,GT-4126,51453.31131323606,12.517998409936954,0.4660728122063825,-0.26756816683120077,0.876
673.36,GT-4035,-5298.013038868558,6066.074167008405,163.65708850678936,-141.63495038486639,0.861
686.43,GT-4126,51430.10068497102,27.633805578027378,-0.049439542406506026,0.17285122804784342,0.85
691.04,GT-4123,-9574.769794500031,98677.05143412479,0.3539044982436162,0.22914117881053842,0.855
701.98,GT-4454,291252.4448088626,1633.1489268383737,-133.00196740767402,-172.743537514235,0.918
711.79,GT-4458,241.6713242842274,-337.87801880688477,113.03353504066953,-183.8646868012211,0.951
721.51,GT-4497,288902.594502898,-2329.11851123706,-110.30760404112307,-186.6372054330741,0.853
730.1,GT-4458,2149.590160077323,-3711.697396341888,110.65306684719864,-186.86881302474694,0.937
735.48,GT-4458,2776.228181286015,-4719.091269367745,110.85033582619083,-185.2149682999192,0.882
735.48,GT-4633,286780.9632566133,-4614.599889763044,-110.37923492761456,-185.05511802762342,0.903
744.87,GT-4627,285745.33180985413,-6709.584116007425,-110.85687769973768,-185.4454991855296,0.976
749.4,GT-4401,-90844.38032519854,-35106.68680462683,-0.061513637498473966,0.07626990591921333,0.86
749.4,GT-4458,4360.557933914043,-7353.308290133368,111.14148943630363,-186.02569276859174,0.875
755.04,GT-4401,-36122.13704008859,-25536.379814905955,906.2473491445646,134.1624465814657,0.884
760.23,GT-4458,5592.886353828975,-9403.975385007201,112.9386509168753,-185.09439754779063,0.876
760.23,GT-4768,284306.53669717285,-9328.394718545072,-112.41580516050804,-185.2758184176922,0.876
763.84,GT-4458,5993.46023208067,-10080.062343010108,112.22240962692676,-187.73486056331654,0.915
770.92,GT-4458,6769.357125242777,-11424.815791781839,114.33516967419776,-188.43257313393437,0.979
773.53,GT-4329,54151.48098234758,-61072.852444696815,-235.7557401625248,84.97437108945633,0.938
773.53,GT-4562,-18845.493786743707,-45629.46359959484,-0.20397950086249161,0.10301880227132451,0.854
779.92,GT-4899,8036.168515448438,-13211.237229614679,111.92726246651264,-188.98264976295545,0.86
791.94,GT-4968,280588.02329890797,-15095.30808957356,-115.85154828613551,-191.60780563180265,0.883
796.1,GT-4899,9870.764248077969,-16293.08519346757,115.08572494022347,-190.1625643646522,0.852
801.14,GT-4562,-85413.62593259107,2503516.2970404713,2459.8563044259477,-55160.231665991385,0.858
801.14,GT-4813,-94152.38749219713,40736.79463947853,-0.3576039304950048,-3.795506176385093,0.869
801.14,GT-4899,10447.334875378418,-17268.976252153803,116.01111356666028,-191.17150155544297,0.881
805.73,GT-4920,41761.07622118034,-50977.459941952045,0.29588898081909254,0.06849687341917243,0.854
810.06,GT-4899,11453.370109745008,-18996.691917237385,119.10913911228847,-192.30012991990154,0.881
814.28,GT-4899,11944.267042505024,-19810.311877662854,119.4609590448071,-192.44806899901317,0.93
819.32,GT-4899,12501.451336065467,-20794.818867451504,117.85561476457318,-195.20982757985948,0.924
825.36,GT-4899,13208.244596308412,-21986.0130247396,119.39808158818022,-194.68635507708322,0.862
825.36,GT-4920,41759.25662035522,-50964.391023114964,0.28195921480986397,0.012839506267933093,0.862
828.81,GT-4899,13594.48812714593,-22644.42307002517,118.39518548519344,-194.99370035405096,0.897
834.78,GT-4899,14279.41924167405,-23784.610328535837,117.35848100458661,-194.30828879905036,0.85
834.78,GT-4922,-90618.01303490897,-35110.07697365468,-2.1484222087465814,-0.14601807161963676,0.896
834.78,GT-5103,91786.29526894484,-21192.152777273423,-0.2620636048184607,-0.26064973790594864,0.858
846.67,GT-4899,15679.62085651144,-26079.558416512253,121.8382817429786,-193.46111540094194,0.909
852.54,GT-4920,41730.90360112291,-50952.93379637257,0.5583160264991419,-0.4166900451947866,0.855
852.54,GT-5312,16842.99088569657,-27418.133129759903,122.40823010393798,-198.3137901891559,0.884
854.9,GT-4687,125618.06761655584,6946.854908960434,-1715.0691096402363,-751.0936512598867,0.877
864.42,GT-5312,18314.17761997943,-29763.608595852846,119.70013282169718,-198.90876626375712,0.963
871.43,GT-5312,19174.1994597188,-31180.651972589585,123.30815310962939,-198.53128406154602,0.954
873.08,GT-4813,41650.531250778855,-44093.297435389046,-279.0507169742229,35.19953582036559,0.91
881.35,GT-5312,20414.93768615654,-33205.00815725298,120.02240380130421,-197.62451657307264,0.917
884.24,GT-5312,20760.73930459234,-33744.11842361107,118.34599750650568,-198.25963922491206,0.912
889.42,GT-5312,21406.41113236543,-34767.418455532825,118.55858730463274,-199.42019341576525,0.874
892.51,GT-5312,21804.99023681543,-35357.79444730061,120.12630809615094,-198.46980956340752,0.898
899.69,GT-5312,22719.611976090568,-36798.1902910014,122.17357145996314,-200.7188253818162,0.906
909.55,GT-5312,23910.697856065515,-38784.11665697205,121.8963509230165,-198.37074998538827,0.881
909.55,GT-5486,41755.507314321745,-51011.270898030736,0.3266345149200017,-0.1483467480034316,0.861
912.15,GT-5312,24224.586355443553,-39291.313030579084,120.75194261802272,-200.56829965879047,0.867
921.67,GT-5312,25392.222370712483,-41187.039408568875,120.80374863027643,-200.788133435634,0.93
931.81,GT-5698,12112.513839226072,-299509.43222178426,-166.5206588472417,-973.1012330180852,0.918
935.85,GT-5542,199945.26765954148,-39934.72611173463,1162.5788333789149,-288.91014054318765,0.854
941.32,GT-5752,262185.3525491298,-45384.70088923323,-121.10439312850492,-198.7630421866845,0.856
945.71,GT-5870,24345.87410237708,75221.94611876587,1.0771032318289526,-3.0684655325575965,0.869
965.51,GT-5996,30767.132786364866,-50377.098212648976,120.97072478424859,-199.22862102765654,0.885
969.45,GT-5996,31260.92594662498,-51165.324927065994,120.42404631135912,-199.01889784334526,0.948
979.02,GT-5996,32420.777524276666,-53062.451766015234,120.3930884543971,-201.98848356045144,0.911
984.51,GT-5996,33086.023554130355,-54135.06353348536,122.57117739888767,-200.4789571987152,0.967
999.55,GT-5996,34941.89465458349,-57065.014197923694,120.55383247689448,-198.75642185935044,0.887
1003.03,GT-5802,72373.16770817184,-105712.76286549044,-613.8891401260865,751.837885371051,0.862
1003.03,GT-6218,254425.3054981486,-58191.116974176824,-120.36180509865271,-200.16164394283626,0.858
1008.46,GT-6434,36047.51861470664,-59341.507109133825,120.65949181087953,-200.207895709304,0.867
1013.49,GT-5952,-34507.289555683536,-183466.16478672082,857.2567366760953,-2314.749915114101,0.858
1013.49,GT-6434,36658.278138621965,-60335.136085805934,121.72261435440251,-200.68228100766908,0.884
1023.15,GT-6218,251944.17320531866,-62216.991975792975,-122.1040738479139,-200.98879055542653,0.866
1024.99,GT-6427,-9563.59453155657,98697.68397911286,-0.05087904130712122,-0.09527045655156899,0.856
1030.35,GT-6218,251033.3062732579,-63671.84357160725,-123.91716664965053,-200.2532971437551,0.893
1035.57,GT-6171,42863.26653839207,-63055.46493805805,25.434479298096257,-251.73444199134073,0.862
1035.57,GT-6427,-9560.843608748457,98694.49844897234,-0.016448279060382515,-0.12875095316255483,0.858
1035.57,GT-6530,24362.902815763813,75203.83728378928,0.31102542742530037,-0.10282680353329082,0.861
1035.57,GT-6531,41774.92885869144,-50999.50402518712,0.07005293762923992,0.09821708761772804,0.866
1044.28,GT-5814,251945.8094001793,-67486.47101651011,-1002.5700532185751,66.43159691590981,0.88
1044.28,GT-6427,-9545.958039606703,98698.22391240565,0.07401215051142127,-0.11677371561542063,0.869
1044.28,GT-6527,-90819.10123501485,-35094.529111705575,0.1939313553822318,0.20971756737766592,0.857
1044.28,GT-6531,41766.356620806946,-50993.60718081774,-0.14760261042075193,0.13385465287847473,0.851
1051.1,GT-6218,248513.8876813796,-67856.26810639865,-121.28410722577208,-199.175366245297,0.898
1061.1,GT-6427,-9556.715452286728,98686.49476991707,-0.14277118787532897,-0.2631133585910547,0.855
1061.1,GT-6552,51423.26007847321,12.474230150643105,-0.28589587164656927,0.16970558610009662,0.856
1067.82,GT-6434,43274.73829069528,-71268.17982759677,122.56194001224985,-200.15404661168054,0.925
1072.52,GT-6434,43839.92150628166,-72198.66137042042,121.05236820157411,-201.83978125430826,0.857
1076.38,GT-6434,44321.37277515049,-72951.99370167994,122.45636060608335,-200.89719303599648,0.914
1076.38,GT-6873,32953.165401988306,-304432.68395206175,-241.65154769527658,200.74736834088569,0.933
1081.2,GT-6218,244834.109128173,-73869.70731823485,-121.57205340238836,-199.33343427814572,0.867
1081.2,GT-6434,44917.71810263395,-73964.14702443856,120.91638320700132,-202.10319574823333,0.877
1104.42,GT-6434,47744.16432867805,-78634.88609573831,124.11859257376977,-202.668502499518,0.953
1111.77,GT-6434,48652.61177681219,-80055.79984206283,122.6118439066738,-202.21845511333095,0.903
1123.26,GT-7179,50098.442097481966,-82761.63395350307,120.10489058492173,-202.34495701758104,0.911
1127.37,GT-7230,38498.510200560246,-293764.1604878065,-196.89987493343193,201.70080882095078,0.855
1133.84,GT-7109,238248.96648017358,-84957.54250023776,-121.89320851546782,-201.97178966600444,0.869
1133.84,GT-7179,51468.124442555694,-84894.30484566803,121.13661249092544,-199.8563434426113,0.874
1137.02,GT-7109,237900.72406205177,-85499.72290954916,-120.90713697589688,-201.11329688368335,0.878
1141.25,GT-7179,52352.4153428896,-86383.63639670343,123.21553689202099,-200.2991438277682,0.857
1145.94,GT-7109,236788.72524978057,-87340.55249122891,-121.4594014557236,-202.42022569178553,0.885
1145.94,GT-7179,52920.09251547753,-87331.8105875654,122.0963592076896,-202.55704254593454,0.854
1148.55,GT-7179,53266.810051647364,-87976.36282115057,122.65283227199046,-202.92495332573006,0.981
1154.2,GT-7179,53948.7198502036,-89119.18963410954,121.47797447487304,-201.94854845015996,0.894
1162.02,GT-7301,-94057.82692124834,41677.91975391464,-0.45744509633102326,-3.945929018069827,0.863
1162.02,GT-7418,235201.07880754766,-90403.22573221404,-121.88518201138555,-203.13007788848466,0.853
1171.86,GT-7418,233963.3382708137,-92393.88086391022,-124.12133868401311,-202.63657043567312,0.858
1176.89,GT-7179,56781.61624763028,-93709.25151263575,122.9205297007133,-202.37175530984663,0.88
1190.99,GT-7471,231534.28215813707,-96583.92811928729,-120.23911658124175,-201.34203136238025,0.909
1196.02,GT-7479,58936.937209733456,-97673.941484199,121.68330742122906,-202.6512626064077,0.88
1200.19,GT-7471,230435.4249269532,-98438.84197447832,-122.34873663141383,-202.98201921971207,0.874
1200.19,GT-7479,59448.50699951196,-98506.99400177892,122.88844234433131,-202.8262726364404,0.968
1205.25,GT-7479,60090.47242120875,-99521.73004402133,122.60537251690555,-201.11387052783837,0.919
1209.02,GT-7747,229133.05003682544,-100421.03049493195,-123.88616794135514,-202.90030248374507,0.869
1209.02,GT-7819,47026.29512456243,-277036.23329808447,-107.91964111620148,203.62461646348123,0.872
1212.49,GT-7301,-94011.90106744073,42075.17675150228,-1.138767588756561,-10.599562449211472,0.881
1212.49,GT-7471,228923.93631484912,-100956.07499145802,-121.76433266281443,-205.2145474081362,0.864
1218.75,GT-7677,40716.034456346526,-62398.12358302731,-0.0053676304261624785,0.017906859616984294,0.851
1218.75,GT-7747,227934.50713738488,-102391.90654319324,-123.63436852919656,-202.11981787136537,0.85
1218.75,GT-7823,61958.71057444347,-102325.05191661508,123.26210351365154,-203.88373036572352,0.878
1223.6,GT-7471,227586.70168087748,-103234.41882420871,-121.48364568532456,-203.21304158926503,0.869
1228.88,GT-7823,63177.24863184132,-104408.04869260576,121.31353838516962,-203.55194621192732,0.916
1239.36,GT-7823,64478.12052090857,-106532.97191657145,123.95378290943171,-203.10486254134548,0.875
1241.94,GT-7823,64797.817220074256,-107041.65910469515,120.87741182458788,-204.36507625784603,0.92
1256.46,GT-7823,66577.55467165973,-110029.16191665431,122.1990112355575,-202.56569596628208,0.905
1262.09,GT-7763,71808.49963306195,-274158.12675539847,504.8103294907766,-282.8100628297046,0.918
1262.09,GT-8059,222735.16772041487,-111664.89442695939,-119.37599079390341,-204.10407509750522,0.867
1279.15,GT-7823,69340.31235349551,-114662.13193749158,120.27103000548024,-203.7438942091711,0.904
1285.59,GT-7479,69904.61653541819,-115886.38852515873,119.81178217394209,-203.82211169202444,0.865
1292.01,GT-7479,70675.09923582313,-117187.99470056599,120.8773846483299,-203.55587953863363,0.887
1292.01,GT-8016,41775.366393061086,-51082.04625817694,-0.7545813912057306,3.9289970604243676,0.868
1298.43,GT-7996,-90820.39173176524,-35090.87943198923,-0.3334838199847598,-0.06114887091598911,0.866
1305.27,GT-7866,104587.27835951417,-6843.298667817716,-483.4904798117456,-2343.8301128145335,0.93
1309.62,GT-7823,72985.73870156927,-120846.03553286522,119.18054736587565,-202.07640596075785,0.905
1309.62,GT-8381,216957.104217594,-120670.97651779966,-119.3618490784804,-201.4754150441464,0.874
1315.35,GT-8016,67824.52628950619,-108664.34820829413,245.10230290380173,-501.5191251679177,0.873
1315.35,GT-8472,216438.35689806342,-122190.38749326378,-119.08439115114328,-200.6672740747981,0.868
1318.57,GT-8381,215879.34358858975,-122537.77885506146,-118.58991757860863,-200.04281431771187,0.922
1324.07,GT-8472,215377.51120901122,-123903.59161088167,-118.75559487324705,-200.5180501761387,0.857
1326.22,GT-8472,215123.83376149635,-124329.65733821726,-118.26477045937015,-201.31952242053163,0.916
1330.55,GT-7823,75453.17456008236,-125077.19043914489,118.86078284044466,-200.25608145799617,0.885
1335.45,GT-7479,75854.23621560587,-125963.6221130885,117.83108174332186,-200.2394975706544,0.853
1340.18,GT-7823,76580.20221040345,-127010.78842474248,117.07437362968757,-199.77779144568538,0.904
1340.18,GT-8667,-90668.70485677748,-35413.24004358706,0.27239246349493157,-0.8673975174702797,0.864
1351.12,GT-7479,77709.12506233869,-129100.33134213153,115.3986591581477,-197.01932975425854,0.904
1351.12,GT-8693,212313.30678103265,-129081.81914846096,-116.24207855769376,-200.39955624553932,0.861
1360.1,GT-7823,78888.74006246394,-130982.22977367256,116.2813106803304,-198.79713505685464,0.893
1364.89,GT-7479,79301.87714240812,-131838.33082707992,114.75782485327791,-199.33601782640488,0.879
1364.89,GT-8762,210772.514074574,-131610.88611492858,-116.78135271470299,-197.31442117657477,0.884
1378.46,GT-8693,209099.40805167003,-134496.57004664774,-116.85178518293148,-196.4639986304345,0.922
1383.55,GT-7479,81475.42500848781,-135545.71559852405,114.42778188068266,-196.56487278325167,0.964
1389.18,GT-7479,82122.95971107556,-136663.11985521202,115.56249326613819,-196.7383700581159,0.857
1395.61,GT-8498,186212.4336839509,-128476.7309010746,1157.6597087056866,-761.9554804347653,0.928
1395.61,GT-8700,82799.97198424059,-137676.39903091316,114.29601529503827,-197.1985911639464,0.926
1409.12,GT-8700,84356.19186773065,-140346.24894849607,114.69990746745468,-195.3281835725472,0.95
1430.04,GT-9259,86684.9239490886,-144420.05649788448,114.99832886087698,-196.87368642520966,0.916
1432.82,GT-9259,87060.19458123266,-144968.4828716778,114.76233572209101,-196.15658369952612,0.925
1440.13,GT-8800,162189.09061465095,-130926.99553033098,725.8814593701809,-530.2627082276559,0.869
1440.13,GT-9328,88677.9816503698,-230887.17331645533,185.92593268710516,197.96463112792355,0.861
1450.05,GT-9259,89068.25785392043,-148345.6409196122,115.9672696094796,-194.2320168920736,0.906
1458.12,GT-8791,155865.96869631807,-105641.42401280692,621.7556495125849,-938.8020778927882,0.878
1458.12,GT-8882,199595.05340934856,-150033.70492453992,-112.42582997951153,-196.8860010762074,0.873
1462.87,GT-9489,199565.64726045346,-150869.55264753432,-114.85622559649514,-195.8421807576519,0.9
1467.25,GT-8954,-9570.115145918,98643.32894241487,-0.23261818354671304,0.44850556682469767,0.852
1467.25,GT-9172,24363.92651266267,75214.0066145399,-0.0567853000412976,0.11719773268995834,0.858
1467.25,GT-9489,198936.1976881663,-151682.06736932986,-114.57323156958743,-195.29892997551786,0.883
1478.02,GT-9458,-18814.584514082737,-45626.73374982702,0.06621228460171191,-0.12992459042580995,0.856
1478.02,GT-9538,198081.15382005842,-153968.1927449493,-113.39264118501995,-197.33498983942212,0.861
1481.02,GT-9353,-94121.60251096812,41163.43516856299,-0.8047619108838467,-7.31921124314434,0.859
1490.61,GT-9489,196146.83559148177,-156245.03984313353,-113.29916468516276,-196.31689298683304,0.855
1500.1,GT-9742,94709.56648504193,-158034.98602354559,116.06285186496594,-196.9181571858799,0.871
1505.5,GT-9538,194839.2584786243,-159407.9879634793,-118.36750109530594,-197.7899017930946,0.925
1509.65,GT-9538,194381.05985188994,-160232.23270460273,-114.1766984444196,-199.14022852543326,0.874
1541.17,GT-9742,99543.49841463985,-166252.04314952664,114.54176681644034,-196.88056146800525,0.921
1541.17,GT-9868,190385.1736894841,-166498.10762557478,-113.43932370795251,-197.96318249193936,0.963
1546.32,GT-9489,189879.35504072547,-167258.32607088503,-112.85651591238832,-197.07404467178978,0.872
1546.32,GT-9789,51432.00639407888,15.154607015298904,0.20406041853516807,-0.05429167502009234,0.857
1546.32,GT-9790,-90835.98810483747,-35111.86194706938,0.5136125778255574,0.2259414737193251,0.859
1546.32,GT-9906,91768.07147372846,-21180.815747266948,-0.0021769171368844903,-0.14107599583313712,0.852
1550.01,GT-9869,100407.61558040405,-168226.3951387149,114.11050038334741,-196.8611751005355,0.89
1555.18,GT-10067,100911.37036536292,-169424.78116279517,112.62869890296697,-198.6414761734154,0.88
1559.2,GT-10068,188581.57689373213,-170074.08654016702,-113.5770032960529,-196.84205467846994,0.928
1559.2,GT-10156,101724.50600843069,-170068.79799076644,114.25706741800902,-195.19239744864868,0.939
1565.01,GT-10068,187868.508817484,-171176.77377568363,-115.2625640977662,-197.50037773425532,0.911
1573.83,GT-9906,91765.74123115378,-21194.06758039095,-0.02028541770794344,0.10760975703126786,0.853
1573.83,GT-10223,102820.58199320917,-172904.06089215053,112.8817711077627,-196.179859823641,0.87
1583.31,GT-10067,104139.55482986434,-174847.27746829935,115.56436542527035,-195.9639152101189,0.928
1591.24,GT-10309,184243.57686235732,-176040.49576236555,-116.74531646643229,-199.81496056916063,0.878
1595.84,GT-10381,99913.01161337571,-200250.79188545517,-255.64931696688865,196.3436387660213,0.852
1605.59,GT-10354,183146.33701401897,-178858.53157807415,-114.9255629138385,-196.0664788437482,0.915
1605.59,GT-10482,100235.86922127692,-198569.17467602063,-237.56648968469142,197.0502542669637,0.901
1614.83,GT-10067,107756.69895056904,-181053.6243584088,114.8186346648738,-196.97999589556755,0.918
1614.83,GT-10354,182095.2065142189,-180693.11663808936,-113.41950110962266,-198.25918612209514,0.906
1623.87,GT-10610,181227.96018765238,-182812.85537077783,-113.74884636696267,-197.69776875865642,0.907
1627.76,GT-10617,100063.45294533724,-193933.39013080913,-212.09566738806345,198.29663282231192,0.855
1632.46,GT-10610,180237.21881710697,-184514.1246607233,-113.34742978796213,-197.571414233905,0.924
1642.49,GT-10555,24368.386200928595,75204.77020054041,-0.16118521066211616,0.14679377651783104,0.879
1642.49,GT-10613,51420.373112925154,30.283741400906564,-0.22973007392973038,0.022640385557931214,0.879
1642.49,GT-10621,111097.12638208628,-186326.81109109157,111.72262811408282,-196.1061536265485,0.898
1648.18,GT-10621,111684.18348550693,-187580.6688312291,113.02280710575872,-196.80085875783644,0.852
1653.24,GT-10555,24361.80200523758,75208.13000792092,-0.16270228892846836,0.09779869498728314,0.852
1653.24,GT-10621,112279.9458310072,-188547.83841429758,114.45944001431114,-196.99200457716114,0.935
1659.48,GT-10430,112884.36220767345,-190014.56728645484,114.17297748593018,-197.45359212796242,0.91
1663.61,GT-10430,113367.03069642097,-190836.96607429927,113.86569722062663,-196.9915219702364,0.935
1667.71,GT-10896,176171.8507355604,-191697.1062904326,-114.13053752063955,-196.88715667538577,0.913
1672.99,GT-10354,175412.88130152508,-192268.93948430847,-113.38230708311379,-196.58944439503512,0.865
1672.99,GT-10430,114457.42372607789,-192684.24597180253,113.63724353995909,-197.73285716321396,0.878
1681.82,GT-10430,115461.27120089205,-194464.10188063094,113.81431611640325,-196.73121574594293,0.89
1681.82,GT-10621,115494.60089383522,-194245.62716392355,114.46731451729828,-200.023429734233,0.888
1690.51,GT-10354,173417.7836292993,-195740.7559416152,-116.39947825726644,-194.5808624840304,0.901
1690.51,GT-10552,4363313.766434501,1886053.208568547,-41732.73811551674,-17999.674673782753,0.961
1705.32,GT-10964,40701.087508104996,-62380.78935439721,0.13715886627683604,0.018368624983483805,0.851
1705.32,GT-11094,171463.6625920436,-198991.96471573372,-119.46414497451164,-196.18340080473737,0.875
1709.71,GT-11094,170937.95820360014,-199824.13153971997,-120.36640011529339,-193.6201511833742,0.887
1734.71,GT-11369,167187.2800663638,-203913.17758292184,-164.63947295426775,-153.47221710817132,0.977
1744.77,GT-11370,124593.08286157018,-205543.21402958018,165.72031751242673,-155.53737249984036,0.966
1759.52,GT-11370,127093.70590471085,-207727.13427737323,166.6387979336199,-154.08201590201824,0.862
1780.62,GT-11583,130308.05797112937,-210728.57801567207,166.6232865343325,-152.5043054693022,0.889
1795.81,GT-11728,132545.32860312637,-212552.99994760193,169.34957839259926,-154.58379677206383,0.859
1799.6,GT-11476,-90816.57268642659,-35068.124964170675,0.07546981384346418,-0.5388298940201643,0.85
1799.6,GT-11477,-9771.242318114657,98832.25816199409,3.0181794679098406,-2.3233558374844043,0.903
1799.6,GT-11478,-18814.23931336885,-45625.47610552951,0.10806497402901279,0.075105531075499,0.88
1799.6,GT-11779,41790.82280707376,-51024.18269501747,-0.8838877067956517,0.5777292201852084,0.894
1799.6,GT-11800,51435.02406425962,36.38559715994939,-0.0920212269806022,0.00382697843620608,0.882
1807.56,GT-11477,391980.3870873965,-792857.7655486619,-2160.371536754776,5074.980241729026,0.902
1807.56,GT-11644,154739.8770639001,-214491.93796192485,-168.16336043629246,-152.20433312707604,0.891
1814.56,GT-11538,153509.22380673545,-216056.83538290774,-169.32790896529698,-150.6609595133427,0.858
1816.79,GT-11583,136398.3581950041,-216164.89898042782,167.15824488698857,-152.58925307418426,0.942
1816.79,GT-11644,153194.93823707977,-215903.7527048244,-168.07093745264442,-153.8237326846764,0.873
1845.77,GT-11644,148485.02458876796,-220462.2366667744,-166.4562111715431,-152.83398505905458,0.876
1861.98,GT-11583,144133.24021069353,-223047.49053920805,169.4732453942044,-148.79140311131573,0.922
1861.98,GT-11805,40694.067869951476,-62376.862702665145,0.6822681110939894,0.43310339113596974,0.863
1861.98,GT-11893,-9564.361329673631,98686.74261953801,-0.10078426582000517,0.007638783112324528,0.871
1861.98,GT-11991,146093.91705302036,-222579.1307078567,-167.0329418741177,-150.37582099652641,0.853
1877.84,GT-11991,143484.0412838776,-225026.96642005607,-167.13668503341518,-150.06973802453,0.87
1887.14,GT-12028,148310.9987069375,-226495.04487164418,168.51175196146514,-149.7997876311105,0.903
1910.17,GT-11991,138110.4301915126,-229892.87430641326,-168.66235407307244,-149.22278795904492,0.851
1910.17,GT-12315,-18827.857752691074,-45631.07361138314,0.1631133231587396,0.23026478157922178,0.869
1916.86,GT-12321,136531.8441635084,-230446.23163294277,-167.94798173468138,-148.77221082365315,0.874
1920.14,GT-11991,136476.14007877294,-231439.30452299566,-168.60008725934668,-150.34212901150525,0.954
1924.88,GT-12213,367481.7187940528,-700128.5892649635,-2679.4171917407148,8276.045063109157,0.879
1924.88,GT-12315,-18843.9242762224,-45638.694007126134,-0.1721025708216976,0.06394891403148549,0.868
1924.88,GT-12524,-90832.70511617411,-35078.63727772531,0.23176330030621894,0.03330837467914794,0.856
1928.01,GT-12544,154924.13516787757,-232452.46972609963,166.74622410673203,-150.6166905266473,0.896
1934.79,GT-12544,156059.44116180646,-233436.24187091665,167.45777973039358,-147.85801843897923,0.875
1948.74,GT-12399,-94109.95555544991,41174.57053546004,0.20403146725801707,-0.3599058591240816,0.87
1952.81,GT-12754,130450.64410939736,-236004.6279305428,-166.75787160733182,-147.67465821269184,0.875
1970.39,GT-12823,127820.7703092127,-238463.80968007614,-165.58648036234646,-146.86330145167176,0.869
1974.89,GT-12932,127228.7040412601,-238912.92267204635,-165.50915358326446,-147.29378193500978,0.9
1990.55,GT-12932,124633.68387020011,-241200.988935294,-164.47129074889546,-148.79218747034838,0.889
1994.73,GT-12998,166072.09706125633,-241731.87244526547,165.19528813052187,-145.33150230905585,0.852
1994.73,GT-13010,123642.15991111728,-242099.45626716077,-164.54549725227037,-146.22382482835044,0.868
1999.39,GT-13075,166666.613680964,-242869.4331080076,165.06810755244297,-146.49912712658244,0.901
2002.25,GT-12895,40849.23577132315,-62762.637570643135,1.5152540160752856,-4.468718493294896,0.871
2009.28,GT-13078,-9563.020959340634,98691.28740447834,-0.19520960240500396,-0.23005269766076888,0.858
2009.28,GT-13144,167903.96204747725,-244246.06462456725,164.082980098933,-146.49443016163784,0.913
2011.68,GT-13161,154537.64078857424,-133062.66666653162,133.40040571480642,145.15651897424536,0.859
2022.58,GT-13159,119515.39317113753,-246112.60304960338,-166.01453925916942,-145.33284435547472,0.895
2027.55,GT-13205,171579.88426212754,-246928.82765221767,164.0352382250975,-146.50339754458042,0.935
2032.01,GT-13283,159167.16232079227,-129907.32636227558,95.79141491055685,145.6100668465949,0.859
2038.0,GT-13205,173324.90289546538,-248520.1915173156,164.14684871048962,-146.4786604984747,0.852
2041.94,GT-13346,162190.4498002915,-128721.58183975291,74.27596308271933,147.1028056243731,0.864
2047.34,GT-13159,115492.9632192688,-249712.01315382516,-164.14260347831922,-145.8339546476785,0.859
2052.03,GT-13078,191750.95055500945,-164282.14086867738,-76.01892475146924,315.6507344748852,0.899
2062.22,GT-13034,147521.27701053367,-96068.9365879405,487.5039005986588,-520.9443938543408,0.872
2062.22,GT-13159,113083.1468221703,-251873.56036874192,-161.92399310288872,-145.79228440959528,0.891
2067.17,GT-13159,112311.83474203931,-252569.8978843526,-163.05076529981315,-145.87969602025723,0.957
2067.17,GT-13495,167998.71142368857,-124546.6015130456,26.050415405346516,143.4499372305644,0.898
2080.33,GT-13350,-18839.50584782451,-45635.73737255262,0.04951330730192608,0.12948011369363374,0.859
2080.33,GT-13458,-9562.43661548206,98703.74616110853,0.045600919450221676,-0.046995735703904834,0.878
2086.87,GT-13307,180600.10000600998,-255525.0906974562,162.44803100084567,-145.44327003339268,0.915
2092.57,GT-13307,181478.25919490255,-256315.78935232284,162.3139768248524,-146.2858391594369,0.858
2092.57,GT-13561,108032.8824943383,-256548.03911576062,-163.92450825224174,-145.05626612232984,0.898
2105.8,GT-13159,105901.15574275538,-258287.20517099643,-162.76345329230145,-146.92105168169613,0.89
2140.12,GT-13670,-94096.79267397465,41352.25851427171,0.08911481381221592,-0.22586783309694125,0.858
2146.51,GT-13566,173464.2685085428,-106920.24256510379,203.63109582579844,-3.0574557403144986,0.853
2148.65,GT-13979,98787.3471586415,-264602.8635580696,-163.0847514244134,-145.61274415672375,0.891
2158.56,GT-13571,40719.61340444052,-62394.8233035779,-0.09881555876177243,0.2194908396532791,0.871
2158.56,GT-13760,24344.75844952063,75172.76981879462,0.29607828119183977,0.6600421577079142,0.879
2158.56,GT-13802,-90832.3901339833,-35114.74957142726,0.04594717501572442,-0.373866679123785,0.866
2158.56,GT-13822,51412.251888084276,15.112795456271744,-0.2539793473179622,-0.09815839582510287,0.873
2158.56,GT-13878,-9556.581130315919,98682.62906080746,-0.25288772209887245,-0.02079829515164007,0.889
2158.56,GT-13879,-18832.65677503916,-45631.33095039056,-0.048442665389314986,-0.2590774776865088,0.866
2158.56,GT-13979,97421.614182499,-266052.2549220094,-162.17749478020414,-144.09483715525286,0.876
2161.27,GT-13408,158857.77240888387,-102895.97496493209,313.3090675370556,26.09236685973449,0.887
2175.62,GT-13822,51415.237843050185,19.071950377816496,-0.04439023269051297,-0.08760752283196543,0.858
2175.62,GT-13846,91774.2827994597,-21175.44614390351,-0.007009322396665352,0.12319992676507037,0.866
2175.62,GT-13879,-18836.430754232588,-45602.82031577314,0.11129497237768513,-0.21673703208491593,0.863
2182.17,GT-13670,-94073.57569401841,41557.932831669226,0.6687528130928055,4.816402396057508,0.87
2186.0,GT-13846,91763.81382484635,-21180.389536824354,-0.006258863976948907,0.06663022014376846,0.855
2186.0,GT-13979,92913.65659367219,-270073.14424505277,-161.83156256119622,-142.74752233588626,0.91
2192.53,GT-13878,-9550.910771668892,98687.05949550183,-0.2520936435134251,-0.1764270810522674,0.863
2216.28,GT-13979,88099.79488959235,-274496.66130237276,-159.31100293854922,-144.65250168281293,0.864
2220.06,GT-14471,205442.20434989803,-102642.55636811849,-263.954337550461,142.6741081770109,0.881
2228.25,GT-13979,86174.22652049824,-276235.39241111034,-161.39783645444433,-145.57839918426015,0.893
2233.55,GT-14263,40701.35704948722,-62387.59891230171,0.2874345963271002,0.2596733421966266,0.859
2252.45,GT-14263,199801.11806991696,-270129.4405977143,380.1835573923991,-435.7106967097461,0.851
2252.45,GT-14560,81729.06000096367,-279610.8371046771,-159.02141362690017,-140.62455057941125,0.885
2262.01,GT-14286,41656.11438864333,-50987.12658231734,2.3685315962954347,0.07948979194292398,0.861
2262.01,GT-14789,216067.96115853635,-96295.64876604505,-344.2463511731196,144.58079611971849,0.894
2268.12,GT-14358,364852.73216728936,-177342.83998182806,-1553.3125917447653,797.5065180269095,0.906
2271.66,GT-14634,91771.57075079935,-21166.296627651405,-0.02118404647944742,0.21564736260829329,0.87
2271.66,GT-14746,-9564.8462278642,98686.84034428577,-0.21910359524599687,0.27718353520044314,0.869
2271.66,GT-14747,-90813.26303517481,-35086.53170554695,-0.13040440757687377,-0.012545469228234393,0.876
2277.96,GT-14891,78251.22494081767,-283620.66184380883,-157.2244804663993,-145.25295925468947,0.901
2279.24,GT-14891,78018.68953856488,-283815.89182459685,-158.86820895493008,-145.24331087589204,0.903
2285.84,GT-14959,217341.6746111139,-92869.29735304255,-371.5257793057134,142.75392638983078,0.904
2304.14,GT-14747,-90813.21112182148,-35082.934432969465,-0.058537365474765526,-0.0707673138951951,0.863
2304.14,GT-15095,74078.53058054228,-287763.71469975216,-157.68915440404467,-145.04989893989693,0.9
2322.41,GT-15147,71179.46230504397,-290166.16561403294,-158.59702055716863,-143.72984838726165,0.885
2330.91,GT-14746,146260.5434166126,-23880.432281785645,2620.511106892173,-2066.549103436535,0.896
2338.53,GT-15076,221132.01075783,-292460.62757916056,159.4368869717526,-143.6493295742916,0.899
2342.11,GT-14680,-6948516.387752977,6510160.106592108,-117373.6992275925,110789.89788371346,0.859
2373.84,GT-15098,258586.71087513573,-89661.3923669569,-426.4064119246794,265.60099274317747,0.901
2377.54,GT-15076,227231.87445189198,-298021.5865408235,156.17763785552108,-143.07889987574694,0.851
2377.54,GT-15366,24369.796363629503,75194.4632106726,0.07838703045279541,-0.15252525501547826,0.858
2377.54,GT-15473,91773.28355032855,-21183.90021465231,-0.31930787043932657,0.0160987070645236,0.851
2384.55,GT-15305,61040.064410404,-299544.6149656634,-159.26918670691282,-144.0943174157674,0.928
2386.86,GT-15096,41781.64722355289,-50967.32140380677,-0.31039315515137944,-0.21555823214729522,0.852
2386.86,GT-15279,40715.42076622098,-62381.0104501783,0.19743254791664158,0.010517885271818447,0.856
2386.86,GT-15366,24362.490876914388,75199.23248039796,0.015951834725087606,-0.03301160437364901,0.85
2386.86,GT-15473,91778.87894726021,-21179.89913709879,-0.10030683802035488,0.07049128289656817,0.851
2386.86,GT-15555,-18818.080157618468,-45627.63852246633,0.08883995474683452,0.2425331527685607,0.86
2394.4,GT-15096,-258609.5886716408,6326.611082703199,10904.084142570238,-1684.8298538366785,0.858
2394.4,GT-15311,-90838.22498243133,-35116.15969740742,-0.014047072819195643,-0.19453041633513327,0.871
2395.14,GT-15515,-93971.39716438319,42397.140186167504,-0.3542054176502232,-1.0861057150273568,0.871
2406.05,GT-15732,232843.92586727272,-302995.5884265821,156.81753812441212,-145.44671380445806,0.901
2409.66,GT-15366,24362.889299742998,75210.5491728088,0.12152719407559245,0.12587864189962847,0.855
2409.66,GT-15557,-9563.604272273245,98698.0971053651,0.09712085551534216,0.2966939684807619,0.864
2409.66,GT-15609,51441.08303429997,26.57919741067367,-0.1887632227534719,-0.041800594625964624,0.85
2415.95,GT-15305,56059.74182435044,-304048.19393681665,-156.71067830847508,-144.19727502500808,0.869
2415.95,GT-15794,243929.39716659964,-73714.21554698846,-57.029839902827845,143.2703830376278,0.867
2415.95,GT-15800,55640.3351017734,-304056.99084598536,-158.65799235061365,-144.6813074155238,0.901
2425.49,GT-15857,54178.46817792509,-305664.05763969966,-158.76066368084346,-144.75582389861833,0.919
2453.55,GT-15609,1078198.9262219286,-382142.0921213527,-3131.88337738409,1350.2362054091186,0.912
2456.65,GT-15557,-9562.84673583544,98701.27545386959,-0.060763666414597954,-0.0769518477777468,0.894
2456.65,GT-15842,40706.78120952269,-62366.96554177381,-0.2713728418346525,-0.05691722566164592,0.888
2466.47,GT-15841,41759.94767703525,-51005.49060672136,0.06033880757099821,0.17575576088409106,0.865
2466.47,GT-16110,-18828.488568137167,-45637.09157075313,0.03494666098735391,-0.19592875715478864,0.875
2476.68,GT-16215,255883.0927807798,-64294.62376404748,88.99370955696075,143.4209138266945,0.896
2481.98,GT-15842,40700.61443272999,-62382.25186619189,-0.0390820701129174,-0.20334391279430786,0.875
2487.24,GT-15987,44324.930626695204,-314865.07275476854,-156.01312137752856,-143.60151964599484,0.857
2487.24,GT-16279,258159.15653548186,-62891.502253324565,113.83809819799232,146.7049989302207,0.891
2498.46,GT-15841,8409758.018559292,11165571.56390736,97246.32727912471,127119.85787989057,0.875
2498.46,GT-16249,-94082.7652232365,41421.02562293877,0.2982134875133748,2.1625231873324298,0.854
2503.08,GT-16363,41883.542657588965,-316869.75090803247,-157.81304074440527,-145.02690118724786,0.968
2539.12,GT-16249,-94144.13161041592,40814.62612098489,0.23913307308299608,1.747533115708412,0.893
2548.22,GT-16153,51419.98666990888,41.275308649345284,-0.10906971137275562,0.09737851411507009,0.872
2548.22,GT-16264,24361.974376993607,75196.58260101867,0.2350687675622243,0.20700439055419897,0.866
2548.22,GT-16367,41761.94816248261,-50993.375269176686,-0.19500213103719685,0.6220988043788889,0.889
2548.22,GT-16371,40707.78101312191,-62379.26125201013,0.06606524802851037,-0.020175302916384,0.876
2548.22,GT-16570,-90819.03085517412,-35088.35965423438,-0.10118590518008451,0.21527791718236217,0.868
2558.98,GT-16435,32816.03114902922,-325467.0716230427,-158.03369966014588,-146.1164561280841,0.924
2562.59,GT-16731,272773.42280730547,-51822.4481324423,288.86591576235264,146.5288480426009,0.881
2582.02,GT-16847,261161.32037456852,-329392.1061220902,156.4878896568474,-146.07525165820303,0.877
2586.9,GT-16769,-94040.04176647533,41646.593166778104,0.19895583815633827,0.2838759839056636,0.875
2592.53,GT-16874,277435.3779203076,-47237.984661202594,333.05521098227393,148.08618521743435,0.875
2610.28,GT-16973,279909.9425354929,-44775.17562333015,363.97385860074587,148.12886086738737,0.875
2615.63,GT-17006,280184.1362409653,-43921.53291248045,374.9277570021124,145.08227154415823,0.911
2627.01,GT-16802,91779.57888912766,-21187.20314657415,0.26487284678752865,-0.10273191282795352,0.854
2627.01,GT-17046,22075.656349635028,-335876.4019952577,-158.0690059465786,-147.7407601440577,0.872
2629.44,GT-16320,24147.4505960048,-275250.5915958967,-209.67485337603347,-1204.6840255435432,0.892
2636.2,GT-16734,24357.19946922013,75224.7752722769,0.023737099817458217,-0.0756357160676119,0.86
2636.2,GT-16802,91773.53092776521,-21185.532115340848,0.31405781626271295,0.09779703860709393,0.86
2643.36,GT-16801,233971.57375776322,-300667.9727373313,943.0370081839739,-939.5044333554172,0.875
2643.36,GT-17110,19323.499944301413,-337838.7325663249,-158.96024788990016,-147.67249931883924,0.916
2647.41,GT-16734,24343.038268188804,75217.1137649958,0.14545630725026068,-0.5069516257731864,0.856
2647.41,GT-16802,91773.43845487753,-21190.738739808956,0.2953225957980784,0.08986681142538992,0.857
2656.07,GT-16734,292989.57684665505,-41414.41370765594,790.7966479103986,-17.970964913277516,0.954
2676.47,GT-16849,16359.066519113238,-312240.7731305199,-209.16016601702725,-837.6746245220223,0.889
2679.31,GT-17004,40716.11399525748,-62366.757059513635,-0.3111845180053393,-0.14781542594677033,0.856
2679.31,GT-17058,-90820.3310289349,-35078.86784317001,-0.042457640078484335,0.2808807805852708,0.854
2679.31,GT-17327,14167.97058965453,-343901.05951607367,-159.658076114288,-149.70595504765294,0.862
2685.76,GT-17323,24376.340523253148,75208.1102206644,0.0062695809548024145,-0.24725244662692894,0.856
2694.4,GT-17004,417467.4565344999,-18559.678429926742,-686.6039516235403,24.57847907663852,0.903
2718.77,GT-17628,7399.520674536721,-349936.5633649739,-158.39955766021959,-150.51401247193735,0.87
2723.77,GT-17157,-94143.77732193173,40989.07224108241,-0.7628286543646011,-9.329344422647281,0.858
2737.03,GT-17780,297203.3170668898,-25369.53186360642,338.0672710006713,148.35197703601122,0.898
2742.63,GT-17827,298026.4820114009,-24311.203686019904,320.9992935055025,151.4800175357646,0.885
2748.94,GT-17869,298503.5694794919,-23438.91721207809,281.8533651578355,151.31102407217912,0.886
2752.66,GT-17805,2051.3951269377926,-354429.7226851336,-158.46068453098644,-150.0489487961588,0.934
2758.55,GT-17907,300041.2263033143,-22308.531260255837,248.35837025039373,150.45397203451228,0.866
2762.86,GT-17805,391.4640200663125,-355938.9158706113,-159.14040138766734,-148.21059215591055,0.91
2770.74,GT-17542,-9544.042689484133,98719.91753667749,-0.4526690081228759,-0.4952944291773459,0.862
2770.74,GT-17568,91786.39340845348,-21167.468367394875,-0.20855962319463803,0.05990193366199591,0.876
2770.74,GT-17570,16734.30281530651,-201859.0417628982,-493.4535613995132,-3091.1684712066917,0.879
2770.74,GT-17831,-18818.254699245048,-45627.44587680618,0.3446627259159738,-0.2810342898796083,0.878
2791.42,GT-17542,-9540.189717648951,98746.15757307337,-0.4086921909333956,-0.8899570780417603,0.883
2791.42,GT-17568,288574.9995139591,-17067.660209264417,682.6802524130687,137.23223358825993,0.899
2791.42,GT-17831,-18829.05417145126,-45624.373409899395,-0.05384637299190303,-0.2469506571010422,0.867
2791.42,GT-18082,51410.91002213601,-1.975770933473463,0.0930171102174695,-0.0709679306713751,0.877
2797.38,GT-17542,528336.8851204488,-718402.9512278892,-977.9926952486627,1586.2502305981589,0.864
2797.38,GT-18149,-4688.030424220521,-361135.60359717713,-156.68842720248293,-148.49129428753622,0.883
2801.7,GT-18017,41759.27542212643,-50999.27626817563,0.011410833498347515,0.20492118644962345,0.862
2801.7,GT-18036,-90821.12559289954,-35085.537580906304,-0.24281386000354752,-0.3629480121938517,0.858
2801.7,GT-18082,51415.25210306522,6.350168669227088,0.17565987854920267,0.030533205501709425,0.863
2801.7,GT-18127,40700.19493621682,-62389.23848174071,-0.006223486139150955,-0.3690670739163477,0.874
2801.7,GT-18222,305837.5229401536,-16097.713844695378,63.87753473154339,147.3172573707284,0.861
2812.21,GT-18258,307716.53043796064,-14126.110993038248,19.66028529762709,150.70867632758055,0.916
2818.79,GT-18279,308008.0918256688,-13017.739063787792,-4.601107228237534,144.95781022377088,0.882
2821.85,GT-18190,24372.03930240096,75219.19683958599,-0.005590793055042564,-0.14295268058873253,0.852
2821.85,GT-18239,298788.3458885407,-364917.43802274595,157.6126859090415,-148.31609855779288,0.887
2827.19,GT-18345,309581.89471232536,-11492.876916829038,-49.36695215478912,150.90400447328764,0.865
2831.67,GT-18259,-10375.53866123515,-366780.01204254304,-157.22739729016564,-149.3505784515451,0.864
2839.21,GT-18082,51295.63330702252,139.6830230889388,2.145842583400899,-2.2223533412740895,0.879
2849.89,GT-18036,3948140.8896428146,157154.32907582904,-16208.945023237895,-587.3373351002622,0.888
2849.89,GT-18188,91785.9369205061,-21182.246501116366,-0.06397403965473247,0.08438994183927834,0.866
2849.89,GT-18190,24358.3408663129,75210.2359624968,-0.29640831221073083,-0.01757136799837855,0.876
2857.38,GT-18188,91786.31245360388,-21175.55820621121,-0.07736431442120681,0.11908284790071955,0.87
2857.38,GT-18190,24358.96112504054,75215.70990491209,-0.25441981114295464,0.031691510948699236,0.852
2860.8,GT-18451,304746.5513980542,-370864.04721189284,156.6058987310703,-149.0339812148848,0.897
2872.16,GT-18127,-2206082.0397440037,2576739.4078296456,48943.046943350266,-57418.279368141186,0.926
2872.16,GT-18623,306626.34386028687,-371559.16618523235,157.21725867541664,-151.1957618788786,0.902
2876.76,GT-18057,244308.17115997977,-8339.603009986182,-23.692120926271244,164.1467453947224,0.871
2885.4,GT-18188,91785.91792633395,-20904.591257505723,-2.5258730368347253,-4.970128808427223,0.895
2885.4,GT-18648,-18824.806451071065,-45646.926110353335,0.15751586524538824,0.33198536673753687,0.858
2889.78,GT-18699,-19517.56774524376,-374860.53837839724,-155.76512045437508,-149.35331267160706,0.905
2896.94,GT-18520,-90820.34854299092,-35093.69949247101,-0.03475432577935736,-0.10496685373975036,0.866
2896.94,GT-18648,-18830.68617889218,-45624.05882153617,-0.0017078495595280463,0.6344531546891612,0.893
2896.94,GT-18649,41752.38363713686,-50991.18239463633,-0.06185781038557592,-0.32758640721645466,0.859
2896.94,GT-18716,-9562.974074207199,98691.6794636983,0.15207768620564646,-0.13882846139232707,0.865
2896.94,GT-18718,-20982.125464387056,-376283.1460934315,-157.70041014370722,-151.01862074051218,0.903
2896.94,GT-18764,24355.086996125177,75207.36063702541,0.20909429292786974,0.3511782381293431,0.863
2906.34,GT-18652,40701.3542935973,-62369.949126873194,-0.5967727705744377,0.42695189979151776,0.865
2906.34,GT-18833,-21699.948714753617,-377183.29984213284,-158.01708415125438,-148.60584562804326,0.886
2924.31,GT-18808,-94103.3985592003,41205.274270143425,-0.3455845057831413,0.5431520632794704,0.869
2929.62,GT-18716,-9563.358778110862,98694.8080704628,-0.02135460591723902,-0.15617243419756843,0.85
2929.62,GT-18907,91768.11621784155,-21175.382991538463,0.07084807256269146,0.26211265228357583,0.862
2933.75,GT-18522,51420.865889765904,34.69998058115644,-0.26472644122296624,3.3830706450037695,0.904
2939.34,GT-18522,51419.17672055858,15.5278962786795,-0.30579721673738386,3.608010536425517,0.858
2939.34,GT-18648,-18818.297330383215,-45617.75902919996,0.372487907800618,0.08431766870080142,0.861
2939.34,GT-18649,41752.004625155954,-50965.213235481286,0.17540293693897685,0.030758322638686164,0.867
2939.34,GT-18716,-9573.85087520977,98694.34495371146,-0.019439602747469538,-0.15105390142580583,0.858
2964.98,GT-18648,-30369.709938086085,-328856.5823442194,-177.0436024892195,-1438.5549825360076,0.876
2966.96,GT-19120,40718.8620001997,-62379.72038620436,0.38293161187911556,-0.1915593062731364,0.889
2966.96,GT-19168,-9547.933980046431,98688.07313897078,-0.24602597941580245,0.15792913069994063,0.882
2966.96,GT-19170,51424.22729034507,23.884568633227957,0.28092983890276035,-0.01888597727809463,0.877
2977.08,GT-18907,91467.57814669074,-20996.385371609635,4.313740467920261,-2.3325820906252224,0.911
2977.08,GT-19168,-9551.784941958325,98694.8729686819,-0.27814302930125895,-0.03201650093880781,0.895
2982.77,GT-18907,91391.39472907093,-20949.651316324595,5.729254585535683,-3.1746705516596734,0.913
2982.77,GT-19168,-9551.066504489738,98693.13280129309,-0.1641507630153409,-0.1898671005265975,0.925
2982.77,GT-19239,-33867.53384188375,-389108.2769961017,-156.51046202925346,-143.88028946739036,0.925
2991.55,GT-19340,-34697.8071935568,-390383.86687999184,-159.71648710877568,-144.5889733253495,0.897
2995.29,GT-18808,-94110.09723207241,41109.95428058404,0.41835807496916166,9.374510419816515,0.882
3003.55,GT-19239,-37177.01153583442,-392076.0606507043,-158.92025818985542,-145.52031845691394,0.908
3014.68,GT-19426,-38644.43639180582,-393145.2061061505,-160.01159851725288,-145.46363854001908,0.906
3019.31,GT-19168,-9526.5029258761,98698.41872946569,-0.18543675372761761,-0.1112566025753616,0.868
3019.31,GT-19170,51443.19534459342,27.329589851629585,0.07705336645716732,-0.13493716383320953,0.855
3019.31,GT-19321,41756.23712824148,-51010.65989401587,-0.01465048608767757,-0.18277455192584424,0.857
3019.31,GT-19460,-18934.43740683329,-45555.21765581857,-0.06537727293221487,0.5030541712517438,0.856
3023.88,GT-19565,24346.760113383334,75191.02433456284,0.03472535976422644,0.024048970301390034,0.896
3031.37,GT-19638,342012.1942692894,18276.306121202546,-56.82302183021119,143.25563568480757,0.882
3033.32,GT-19168,-9514.514244093465,98707.26065858427,-0.38287956947443297,-0.08929928055169012,0.885
3033.32,GT-19170,4264.899745888144,-186137.6928967138,-1075.5228311632284,-4271.029420002957,0.934
3033.32,GT-19321,41760.87439911141,-51006.73578548039,-0.08735369021348117,0.007394617096174991,0.888
3033.32,GT-19609,91497.87623784076,-21169.62038897805,0.6268301580785133,0.13008933944730616,0.883
3039.56,GT-19673,-42659.97447035493,-396639.09031965554,-160.63453662318375,-144.3981369039784,0.852
3044.04,GT-19565,24351.55725567877,75189.85883615968,0.16612571212414984,-0.009944025550522189,0.895
3044.04,GT-19609,91631.36447587518,-21179.063564970933,0.8064658183574178,-0.12596960101789412,0.904
3053.57,GT-19460,-18861.1701602774,-45604.643171496864,0.5890531821792654,-0.24771845812170504,0.85
3065.67,GT-19321,41829.23911429095,-50966.36113716465,8.38211550726196,5.730340368362792,0.919
3065.67,GT-19460,-18878.664130606507,-45608.3736605212,0.4407968583731241,-0.5127885221344451,0.92
3065.67,GT-19609,91699.28917259151,-21164.85251288444,0.6193955664517483,0.2611061412922672,0.917
3065.67,GT-19756,51442.23847670203,19.05865826391328,0.28339622421551813,0.3729823146137088,0.901
3070.97,GT-19460,-18874.001578309966,-45599.97751638718,0.7082917548716425,-0.38069203982291333,0.876
3070.97,GT-19652,40749.750090875845,-62356.60930380786,-0.8375735961928664,-0.36478859325469704,0.862
3090.77,GT-19460,-18896.635325338884,-45586.482026383,1.0543636945550874,-0.5636206094614796,0.87
3090.77,GT-19756,51452.03072511819,24.999076122503844,0.07931879683920046,0.14780172171771877,0.874
3090.77,GT-19783,-9564.965317949238,98687.87619468026,0.24915813680492652,-0.22557007231303092,0.865
3098.86,GT-19710,-94091.08833280203,41424.62246202073,-0.19242655820933463,0.2968540566022715,0.864
3105.81,GT-20018,-53946.48068630556,-406284.7740747116,-160.15251345301215,-142.79159687035266,0.889
3121.25,GT-19756,51432.097455433046,-1.6079357302260702,-0.28686939172195997,-0.18954557625077978,0.883
3121.25,GT-19783,-9578.121243356753,98686.1136132161,0.04127421973991277,-0.14150468301688454,0.901
3121.25,GT-19803,-90822.69327026264,-35099.90539990159,0.2388439611697636,0.057666082452708475,0.9
3121.25,GT-20048,41801.18365224622,-50973.343298273125,0.28524335716273563,0.1223451388366649,0.877
3121.25,GT-20122,-18807.081767932126,-45629.344707876626,0.8431600740581215,0.38552502196316224,0.888
3133.01,GT-20048,41805.81600162286,-50973.35363484416,0.11238696109507597,0.15307062925561027,0.854
3143.57,GT-20221,-59930.55903447947,-412024.09055508993,-159.9544196047988,-139.54242767035785,0.864
3147.56,GT-19803,-90916.69156510598,-35303.636053551585,2.227081545018518,3.25110752687574,0.897
3152.75,GT-19783,-9608.313815341544,98693.82601784321,0.24626651104995523,-0.09780516623635638,0.889
3152.75,GT-20047,40688.57985402463,-62375.78012280506,0.40781199902721316,-0.31767866424991825,0.893
3152.75,GT-20048,41798.87729973581,-50985.661674309275,-0.20111889128179594,-0.1295892812517903,0.879
3152.75,GT-20085,24377.98347783753,75207.94138815418,0.16070369236485665,-0.17166841002079572,0.896
3152.75,GT-20122,-18816.266613779746,-45630.923641024216,0.10592168168088267,0.2656710426916741,0.888
3152.75,GT-20148,91787.57206208605,-21174.05552551303,0.14598221042141815,0.0021635897665696078,0.871
3152.75,GT-20158,51701.56796695561,2553.293858454636,-1.7825147904381484,-17.644474282224472,0.867
3158.48,GT-19783,-9611.817866703504,98689.58517067216,0.5630055769431128,-0.3847665741724737,0.868
3158.48,GT-20048,41803.95371384522,-50989.98660418327,-0.31582003332825537,-0.149365249501152,0.853
3158.48,GT-20122,-18828.308855672618,-45623.71095898883,-0.1219299234288059,0.37612969518927314,0.868
3165.02,GT-19783,-130140.13377063171,-1158196.482493456,418.57117950783754,6091.689222901725,0.91
3165.02,GT-20047,-236014.1810787048,754470.2436476658,3166.9738317320157,-9349.250993176187,0.939
3165.02,GT-20048,41812.506718302895,-50993.317497571494,-0.5156365488605369,-0.11179861683752358,0.905
3165.02,GT-20330,51435.5001629851,23.01952080389817,0.13714618087886318,-0.003623586712563971,0.905
3165.02,GT-20332,-90832.96242415864,-35092.74692710903,-0.16861215605628185,-0.12933601279040885,0.911
3171.52,GT-20381,349025.93292048125,37704.90836583252,56.573665015532114,139.58501962142375,0.853
3181.89,GT-20085,24361.16777150651,75206.87575779314,-0.04637778563576368,-0.06732247531419745,0.85
3181.89,GT-20122,333117.92610514135,35696.06865611812,1124.965896893763,360.41591734424054,0.861
3181.89,GT-20148,91776.54788802085,-21177.62137931675,-0.0839046476598222,0.03847104780522563,0.856
3186.52,GT-20085,24366.353377218857,75205.76700275764,-0.032825795521568904,-0.10224223587974489,0.866
3186.52,GT-20148,91782.10987774398,-21176.370921047914,0.020817930794224185,0.10681671156564486,0.867
3186.52,GT-20330,51416.661823628245,27.32159387809276,-0.2567712307497092,-0.08293668795806627,0.864
3186.52,GT-20332,-90823.81929492093,-35094.87891038234,-0.12634577554284332,-0.05276424054909995,0.857
3186.52,GT-20370,-9548.563226558772,98705.35945960859,-0.010245288192360716,-0.20185358474870538,0.86
3186.52,GT-20414,40721.23862083045,-62387.041819554135,0.21388376881482984,-0.5056719796475214,0.862
3191.33,GT-20048,-93882.56110867212,42042.155269903196,-92.58728448814033,63.67761439758357,0.95
3191.33,GT-20148,91787.24043185268,-21176.09721371051,0.056561538043434216,0.1200290939861168,0.868
3191.33,GT-20330,51411.43225871734,31.26002452712247,-0.30909366702172053,-0.04443975444953735,0.861
3191.33,GT-20332,-90826.39576761075,-35095.30343927444,-0.10456189179326786,0.01141202387407484,0.853
3191.33,GT-20370,-9547.69732533603,98705.20954348371,0.03472656154396027,-0.15434677166053107,0.864
3191.33,GT-20414,40720.21233299878,-62387.04575138802,0.20659238382269385,-0.4968496376822457,0.851
3196.82,GT-20085,24362.64335554112,75203.99650749181,-0.19711884278797176,-0.14145187723459093,0.88
3196.82,GT-20330,51425.054843749276,22.367342507134087,0.03689583015206929,-0.29001801326318016,0.887
3196.82,GT-20332,-90834.94118072903,-35090.60534949685,-0.17225623085814948,0.10433981809617912,0.881
3196.82,GT-20370,-9546.66326638314,98708.90634560211,0.041509484249614564,-0.15371412516938135,0.865
3196.82,GT-20414,40724.29882673529,-62382.560209738214,0.37425672992731174,-0.24781212554836013,0.881
3196.82,GT-20465,-18826.96741829602,-45635.854344099316,-0.3624812917783368,-0.10768906536033665,0.878
3204.82,GT-20085,68990.86825093724,-34824.74966194007,28.501689775617542,-70.55785950896625,0.928
3204.82,GT-20148,91782.26322358385,-21182.28051082291,-0.12063505802360262,-0.09204750152081569,0.851
3204.82,GT-20330,51422.67435708617,30.0148127274293,0.04114905629018444,0.015562524607286087,0.851
3204.82,GT-20332,-90841.08874243074,-35102.184064275396,-0.03919882240696776,-0.08755238980866528,0.863
3204.82,GT-20370,-9539.627862754636,98699.59853262862,0.15960927839779196,0.025717631677119268,0.87
3204.82,GT-20414,40704.99216224002,-62384.38356513014,-0.24260703234547287,-0.22503482410101577,0.867
3204.82,GT-20465,-18834.50882511734,-45638.004502651915,-0.43530090729736753,0.027899618322515335,0.865
3204.82,GT-20490,41747.20174356387,-50990.76121938204,0.01608508314169823,-0.04340650624385997,0.863
3209.08,GT-20465,-18834.99646735472,-45639.4101968222,-0.3774538978474906,0.06214778888939705,0.888
3217.55,GT-20330,51420.01135150443,46.38037778913063,0.1748481523573696,0.11304498934533588,0.893
3217.55,GT-20490,41756.23152839014,-50989.246121273885,0.12997058113745213,0.18360784864333687,0.896
3224.52,GT-20148,91784.36830094221,-21173.6312545409,-0.2831225534656695,-0.08616844411592972,0.923
3224.52,GT-20330,51425.89553825478,43.03700792523048,0.22293477161673364,-0.04665882136748195,0.93
3224.52,GT-20370,-9554.655812393528,98692.11169164444,-0.25253970513762625,-0.08543294274686725,0.93
3224.52,GT-20414,40703.32909243598,-62372.687836346864,-0.2185583030947148,0.26962098295450365,0.923
3224.52,GT-20465,-18834.23146983759,-45636.22706009722,-0.3915340809565199,0.12008208947317041,0.925
3224.52,GT-20490,41761.88033352933,-50983.385724051055,0.1450386413746781,0.28138682363614054,0.851
3224.52,GT-20562,24372.688430008522,75222.53134389418,0.06539500373119639,0.33449291889403737,0.927
3236.01,GT-20490,42161.28817751833,-50188.25104062057,1.0315172446977345,1.3725556972962836,0.917
3236.01,GT-20673,-73740.13120026859,-424691.1157827632,-155.4451908136049,-141.9292361123415,0.882
3240.09,GT-20330,516638.5451526967,71395.23064401784,914.804662513086,221.46046310347683,0.859
3240.09,GT-20465,-18831.299920127953,-45644.89558929326,-0.33804159375979453,0.19667674799488322,0.89
3240.09,GT-20490,42200.86184403526,-50111.808496330385,0.992199163955274,1.2880983465589668,0.886
3251.71,GT-20091,-184690.36504408528,-689161.4395564443,-696.7981671908285,-1462.6351383652752,0.895
3251.71,GT-20370,-9551.872313719403,98679.70854992863,-0.38702898329545504,-0.3530625435230945,0.885
3262.27,GT-20490,42391.69566930603,-49702.65964826809,-3.2031497920655827,-7.211274125780113,0.916
3272.38,GT-20722,-80220.44731282147,-429659.11727538664,-156.8981016064606,-139.0329666404085,0.924
3276.21,GT-20554,-94149.78012793828,40863.23955551642,-0.15571168709223626,0.09445904446943842,0.899
3283.72,GT-20562,-270815.89377880626,45602.65351264739,2844.3105769966705,284.8676827349958,0.945
3286.92,GT-20520,261554.9340852076,47171.05474779833,2775.2009668256005,295.3456826976206,0.891
3286.92,GT-20862,-9551.634379548106,98690.48845020303,0.3576223353165858,0.04895375173499662,0.892
3304.22,GT-20722,-85383.69073257897,-434387.9397771478,-173.27728818936384,-154.3886013537442,0.859
3304.22,GT-21020,376398.737062524,56921.50998876062,580.8933895180347,155.48024723296948,0.898
3311.27,GT-20718,51432.51650525439,25.05859092235399,-0.06821567900148108,-0.43221530378197215,0.868
3311.27,GT-20862,-9555.980891039992,98694.2284088224,0.2967850109549318,-0.013906657549927526,0.854
3311.27,GT-20865,40694.71735829278,-62384.3366155822,0.07096729442781871,-0.33571537087189074,0.861
3311.27,GT-20922,91774.50256290195,-21193.432991035123,-0.13935438576144651,0.4343414921792886,0.857
3314.35,GT-20718,51431.805610915806,30.245192550696895,-0.08282653749751367,-0.26219750341942083,0.868
3331.26,GT-20718,51438.38570834022,42.56299908691847,-0.02928474380132118,-0.19798069167848056,0.876
3331.26,GT-20862,-9560.256839862968,98695.81175846707,0.029036889069680712,0.032770706988693325,0.858
3331.26,GT-20988,24380.665525930486,75206.83531516352,0.12653103541967015,-0.013950214667960537,0.875
3337.17,GT-20922,91781.31190803026,-21191.41414894967,-0.05109563127746247,0.4689034066182517,0.872
3337.17,GT-20988,24380.152029667646,75202.62879955323,0.10295483433710176,-0.07751885077404891,0.864
3342.59,GT-20800,-18827.02862839576,-45622.990001214675,-0.043491493911284165,-0.13972254101615791,0.858
3342.59,GT-20862,-9558.982482766696,98695.01665194501,0.05094868891082109,-0.03294395302387756,0.866
3342.59,GT-20884,41735.30922367641,-50985.18470722932,0.321662838655845,0.39152483276542416,0.853
3342.59,GT-20922,91778.68060965155,-21194.661787417757,-0.08401663127323251,0.4077893084871981,0.86
3347.41,GT-20718,2789533.071395649,474394.4398647206,7521.2088995675385,1385.9317890398822,0.867
3347.41,GT-20800,-18825.398935747977,-45619.5341903261,-0.06662820061102086,-0.05681139925482531,0.865
3347.41,GT-20862,-9561.165295762836,98696.69996268248,-0.01689915562655741,-0.017226292821970413,0.866
3347.41,GT-20884,41738.258869751444,-50991.441187645105,0.4041487406937221,0.4527547675507925,0.861
3347.41,GT-20922,91772.70781220919,-21200.045853895856,-0.18895023022057583,0.29016867536126145,0.876
3347.41,GT-20988,24382.869031027414,75200.47061903996,0.010922589354894,-0.0819268724358658,0.865
3352.89,GT-20554,-93160.19444494181,-422827.4911527069,-163.91337068522358,-595.7941829693251,0.924
3352.89,GT-20884,41738.537489742026,-50999.73552796576,0.3057772556540288,0.4576121225857275,0.865
3352.89,GT-20988,24375.80154749611,75202.97249526698,-0.062104104528568446,-0.07442792983951761,0.855
3361.04,GT-20884,41713.66496227604,-51028.891880598094,0.5551238249503091,0.6783866816372695,0.907
3363.54,GT-20988,24344.19727586649,75213.26674782374,-0.5907346188180147,0.07709812179504036,0.886
3363.54,GT-21235,40693.263941494595,-62397.761639906465,-0.3070892709922957,0.10223380008144176,0.882
3363.54,GT-21316,-90815.28332775345,-35085.708226715426,-0.11988038519827128,0.5829003387773302,0.856
3371.31,GT-20862,-9579.550656681628,98688.84381317993,0.0759426848249899,-0.1149146108821319,0.9
3371.31,GT-20922,91797.21884299291,-21233.79179840051,-0.22060622024788565,0.3295191248300908,0.915
3371.31,GT-20988,24364.618265141227,75204.9473456963,-0.4977604431488186,0.06823160438864453,0.915
3371.31,GT-21235,40691.711078618784,-62391.323409678254,-0.2538253046248726,0.33236700469621083,0.91
3371.31,GT-21313,51428.95508940672,16.70260001509377,0.024415488614427446,-0.18458322832361093,0.908
3376.06,GT-20988,33314428.692265444,-1377732.6618187549,-258857.86255700493,11525.215311567183,0.865
3376.06,GT-21235,40696.71898899823,-62384.31307892471,-0.1356816802491228,0.4455335554306953,0.899
3376.06,GT-21313,51423.924285177294,8.350263312976526,0.12031622347519272,-0.13169011413192586,0.904
3376.06,GT-21316,-90804.85737235805,-35082.62516861113,0.32622789921763273,0.48657106831918523,0.897
3380.29,GT-20922,90256.57383223803,132342.208411546,1.023162043877049,-149.8726812892971,0.877
3380.29,GT-21356,-94131.18207508992,40997.15736956588,-0.013732817661878144,1.997970364744496,0.902
3386.26,GT-21484,395899.1748252076,68953.01948130847,310.7226163533397,153.8619182988893,0.866
3390.37,GT-21316,-90812.8473802916,-35077.094970658036,-0.027307482832062024,0.5082154975277835,0.874
3390.37,GT-21399,-18825.27391343838,-45637.22476415327,0.2799827937940688,0.4188050277728338,0.853
3390.37,GT-21436,-9544.339027176453,98684.84651738763,0.49381351709003773,-0.22312662364916794,0.884
3397.67,GT-21235,40693.95622966243,-62377.498302082415,-0.1506792020063261,0.3302832398767236,0.904
3397.67,GT-21313,51427.43203746675,22.88235709708552,0.13514917590865552,0.03264989727077524,0.903
3397.67,GT-21316,-90810.89866233747,-35087.420890433816,0.046906302276458894,0.14698476188867676,0.904
3397.67,GT-21399,-18825.449920708266,-45644.99278754805,0.2672825803911223,0.053879641667015546,0.884
3397.67,GT-21436,-9544.618123244476,98684.99538839118,0.44618228141159627,-0.2162233469182034,0.891
3400.82,GT-21235,40697.67483466996,-62380.70001860605,-0.0053551995354274295,0.21188746143413006,0.879
3400.82,GT-21316,-90810.45075229599,-35093.36333781128,0.023857833368019853,0.03321322180956465,0.879
3400.82,GT-21399,-18830.898524166518,-45635.00875879499,0.1338681479479708,0.1634878119399218,0.873
3400.82,GT-21527,-100458.51465431432,-448610.78726610204,-168.1274654926889,-152.89257734344815,0.895
3412.0,GT-21356,-94096.71415855002,41179.53341168426,0.02379000991569513,-1.4091860357975907,0.881
3417.77,GT-21313,51426.227981044736,45.52678927252725,0.2136620699608678,0.20654252362309813,0.86
3417.77,GT-21316,-90811.43246582348,-35103.536057618454,0.011649734387129518,-0.1423168866534806,0.86
3417.77,GT-21399,-18822.350531704393,-45642.2748391505,0.254987377029883,-0.09808962431858637,0.865
3417.77,GT-21436,-9552.372990726428,98689.14103088272,0.002886938226596955,0.09613852555208574,0.861
3417.77,GT-21568,24352.33563839953,75186.75016453357,-0.31811896587818816,-0.14421162536821894,0.857
3420.74,GT-21399,-18824.342547954962,-45636.503000354765,0.17931844101710753,0.023626258872901484,0.851
3420.74,GT-21570,-103704.50848806092,-451308.83693152247,-168.1207881674306,-150.20339082621288,0.868
3425.82,GT-21356,-94056.57250905487,41603.40908282483,0.38137695362488916,3.4672571489075725,0.869
3425.82,GT-21570,-104559.8141565548,-452102.8919443961,-168.35067835712135,-151.3465422136006,0.924
3432.72,GT-21568,24371.687753868366,75181.5870563221,0.10127493554061213,-0.1921722027059748,0.885
3435.0,GT-21235,40710.83375159239,-62399.55779089486,0.038818436476932325,-0.054445809275115935,0.858
3435.0,GT-21399,-18838.919921991812,-45634.14754603971,0.1393861174453327,-0.13089721401039897,0.866
3435.0,GT-21436,-9563.037001863186,98700.78720195005,-0.2515287010395666,0.16630566783361958,0.874
3435.0,GT-21549,41773.308865899045,-50980.91302936597,-0.03585274452989725,0.05734914583602395,0.866
3443.27,GT-21235,40712.961200117825,-62405.595902689216,0.011800609822887258,0.10725889075384147,0.858
3443.27,GT-21316,-90809.35109462395,-35119.04006826414,-0.15940646497806163,0.142533877013569,0.865
3443.27,GT-21399,-18836.235002735455,-45634.44408333797,0.2707363245878907,-0.10502968159863992,0.857
3443.27,GT-21436,-9564.88990410194,98704.76494485264,-0.22308739387728424,0.09751635782064097,0.857
3443.27,GT-21549,41775.50380930596,-50983.828357143015,-0.06250786764880123,-0.06172437529701106,0.862
3443.27,GT-21568,24376.071021845775,75180.02715206223,0.13607804600336354,-0.17884741079492733,0.856
3447.15,GT-21316,-90800.86970501849,-35132.97832053649,-0.17487186107002173,0.05715284517269871,0.907
3447.15,GT-21436,-9548.7981213402,98717.48266953876,0.07506360108086103,0.2680635450847352,0.916
3447.15,GT-21568,24374.14743321241,75181.94060451564,0.12671374096513358,-0.06419073920837981,0.899
3453.82,GT-21399,-206188.89749851488,-932413.7288288813,-4142.440253557898,-19569.85249325341,0.913
3457.4,GT-21316,-90782.8220569848,-35132.87760101973,-0.37615286825267685,0.5327297746689323,0.889
3457.4,GT-21549,41780.045902896345,-50998.53248538134,-0.08904343401318206,-0.24280193015157223,0.885
3457.4,GT-21831,51426.210224890034,25.960920304243835,0.14457612372441625,-0.09840527226203809,0.87
3464.53,GT-21967,398631.43260048697,80567.33144936396,176.95936571433205,148.3045249330026,0.928
3466.81,GT-21549,391360.0937286699,77553.60704655455,1215.1053001984217,521.3589577836944,0.859
3466.81,GT-21831,51423.33288026603,25.948389582406534,-0.05835129225488323,0.11957035338634434,0.859
3476.98,GT-21952,-18845.439314572966,-45638.07253624205,0.14508467613570603,0.20832768286360542,0.861
3476.98,GT-21968,-112180.56573396329,-459144.37136238534,-161.6698592596575,-145.1206266783088,0.896
3476.98,GT-22026,41759.155801937704,-50995.85695450027,0.33925539626217877,-0.10855664062534964,0.858
3480.55,GT-22028,-112791.98835691527,-460126.6481797473,-164.10567661542999,-148.9761891393068,0.868
3487.65,GT-21952,-18845.786666481512,-45643.73567409569,0.025114809917998554,0.009592314980671535,0.93
3487.65,GT-21965,40705.10843006956,-62372.12577961772,-0.09285500408175068,-0.0994231838365184,0.929
3487.65,GT-21986,91770.68847921073,-21199.113699367383,0.04276518281170344,-0.20241580608974033,0.918
3487.65,GT-22006,-9561.080541504141,98694.78673050633,0.05840307762316488,0.2733271388932844,0.924
3487.65,GT-22026,41762.36223206236,-50989.34102892514,-0.08292866073996306,-0.1718171456268938,0.918
3492.28,GT-21831,51424.147673099,18.583252419981118,-0.02379026126829834,-0.09512221107975327,0.909
3492.28,GT-21952,-18846.010271275165,-45646.64750353038,-0.12116074720735087,-0.26983684086282655,0.915
3492.28,GT-21965,40711.3188024287,-62370.777702356536,0.1415014045935677,-0.015917432531553907,0.915
3492.28,GT-21985,-90809.41186967501,-35081.258906641684,0.10099853186195501,-0.25493541770640143,0.908
3492.28,GT-21986,91772.28656541431,-21196.650338626805,0.018383224840186074,-0.10159180439859733,0.903
3498.4,GT-21952,-18840.18365084748,-45646.65189054686,-0.006682578452614801,-0.27188672957575777,0.862
3498.4,GT-21965,40708.35703269227,-62370.76196997054,0.182889953550786,0.0750767021569567,0.864
3498.4,GT-21986,91774.69042806466,-21196.61424923031,0.12037716282298012,-0.14972776229346046,0.852
3498.4,GT-22006,-9566.5525922156,98680.43300786444,0.21401467796444434,0.17626770853007406,0.86
3498.4,GT-22026,41766.369697975046,-50989.186820523595,0.01031079928784695,-0.165572190516911,0.859
3502.28,GT-21831,51425.414444983166,13.99254991266195,0.07553255957964254,-0.07925702741653312,0.879
3502.28,GT-21965,40704.013032563875,-62379.22774109839,0.11226466397451408,-0.08036500432689979,0.893
3502.28,GT-21986,91773.69067924998,-21196.66278543177,0.19038510456698082,-0.10027231072790826,0.881
3502.28,GT-22006,-9564.906351596943,98679.5638587458,0.21060686678879992,0.1278011260563637,0.889
3502.28,GT-22026,41798.82991534781,-50815.81159945247,-0.5113267272377384,-1.9637535841845548,0.905
3502.28,GT-22161,399848.8691416943,85250.93614345469,118.74377285542229,146.13656338202776,0.862
3510.11,GT-21831,51416.95383271679,18.619543640963894,0.011650813865733491,-0.19474995617546503,0.9
3510.11,GT-21952,-18832.01822319069,-45645.76269441956,0.22363459178282838,-0.16031811312213468,0.899
3510.11,GT-21965,40704.29406966248,-62378.544972970965,0.08783456290642785,-0.03147473755376889,0.89
3510.11,GT-21985,-90808.5863023204,-35080.27500042223,0.006048733666200262,0.03575928478304197,0.895
3510.11,GT-22006,-9559.70120449314,98679.70047117739,0.29967683150062935,-0.13977415788208347,0.894
3510.11,GT-22026,41794.436286236705,-50823.84539585379,-0.539950020847542,-1.666130322575459,0.91
3513.03,GT-21831,51426.8480029609,22.611839916251036,0.06124575499663913,-0.15163293222546712,0.852
3513.03,GT-21985,-90803.54233951173,-35080.21875541464,0.12424238351607883,0.046242851059187656,0.862
3513.03,GT-22026,41787.91463598209,-50847.57841823874,-0.5003216432204042,-1.6623539274972308,0.866
3525.62,GT-21952,-18855.220644411424,-45631.314931340035,-0.1329102210101099,0.07953354185035325,0.88
3525.62,GT-21965,40712.75288978955,-62395.96461110151,0.19000456836734236,-0.1597186857265809,0.868
3525.62,GT-21985,-90800.4402155099,-35080.13697730801,-0.07952928313349268,0.008564688274168937,0.851
3525.62,GT-21986,91778.76778668248,-21188.327803256067,0.23080459252115132,0.12255049177482241,0.871
3525.62,GT-22006,-9564.045879510531,98684.36973482498,0.3199653080823034,-0.09492145310770853,0.868
3525.62,GT-22026,41800.55069628043,-50827.31417094332,-0.6773913147511976,-2.1705265004666967,0.859
3537.06,GT-22249,-122310.40558594052,-468451.3749229376,-157.88511348356982,-145.0798490248747,0.868
3544.56,GT-21985,-90777.6865770106,-35097.891375957304,-0.10145964273620953,-0.3967072784460506,0.873
3544.56,GT-22006,-9586.669772878566,98689.25689448114,0.4046597042560419,-0.04278495583213928,0.872
3544.56,GT-22026,41813.311984817126,-50747.19955818531,-0.9135410360289514,-3.401048536201596,0.876
3548.44,GT-22006,467039.02725407516,90289.09462730732,479.69171900744306,133.41524313263085,0.911
3557.18,GT-22026,305567.0616844719,57336.266408636846,4255.99134819671,1776.935070819133,0.922
3557.18,GT-22352,91767.63132325363,-21189.049263697136,-0.01887786115389306,0.17450514706607284,0.902
3557.18,GT-22354,51440.41824507804,26.41674379820818,0.22846774753344762,0.0501679096574687,0.913
3560.09,GT-22354,51438.16166800398,26.520189410775664,0.11720915719764383,0.032912729921668556,0.857
3567.72,GT-22352,91750.24762549493,-21184.161054990258,-0.21076535002184027,-0.08369770924814092,0.859
3567.72,GT-22354,51440.695912242925,17.563677947458785,0.06188334799025971,0.1536496808348308,0.894
3567.72,GT-22467,402079.09398359346,95192.52917933914,4.046447052651795,143.10422756382994,0.909
3570.35,GT-22113,47208.59634875852,-1877.4337956823424,7789.562333788126,2271.6477507045693,0.906
3570.35,GT-22354,51438.790707157415,15.472445589298665,0.0024804827855208003,0.12029102879268336,0.866
3577.5,GT-22292,24341.168987700647,75216.106044955,-0.26107521371132614,-0.11192173103427983,0.91
3577.5,GT-22352,91757.4347378127,-21186.29252478307,-0.19797691774180423,-0.15772554280312923,0.92
3577.5,GT-22354,51443.27302330092,19.920144198829615,0.22324171762928852,0.2764657364817994,0.925
3577.5,GT-22412,-18818.61972704457,-45642.79035315271,-0.13236468976175053,-0.07175565499486554,0.914
3577.5,GT-22449,40693.64095100999,-62396.28797249582,-0.15965346318923518,-0.3139414778970635,0.925
3577.5,GT-22451,-9554.951368975031,98683.54217808766,-0.08469217192319403,0.0811841267857988,0.902
3577.5,GT-22454,41756.19625338074,-51000.57772424106,-0.17735344348874363,-0.048624581103437786,0.923
3582.57,GT-22249,-129416.07035153826,-474758.3851128402,-155.41764125666273,-143.77651609325622,0.861
3588.05,GT-22115,350401.501157388,79830.1213258577,1956.2359988735304,698.6363856918038,0.959
3594.79,GT-22292,-132419.34871018227,-481426.9721804026,-467.18391950253596,-1279.4801597925607,0.877
3607.17,GT-22249,-133247.19804447526,-478315.7838622461,-156.45988110306095,-142.97972756029196,0.877
3611.46,GT-22352,91770.76831649631,-21174.296793583708,0.07724872157989801,-0.10292963685071592,0.897
3611.46,GT-22354,51449.60036566647,10.504023092380542,0.11212581144750064,0.14831347762369743,0.875
3611.46,GT-22451,-9541.740724414689,98683.95967997602,0.12703443321203506,0.2624559787112633,0.887
3619.46,GT-22352,91767.19191755637,-21180.331832373005,0.0719676043344469,-0.011089322752589725,0.87
3619.46,GT-22354,51452.47876720797,11.326387208386622,0.029005045973677417,0.1610658463380327,0.864
3619.46,GT-22412,-18836.077208126684,-45616.64174008984,-0.32970890520978685,0.045442040583317314,0.886
3619.46,GT-22449,40702.555426461644,-62385.8866031565,0.10830549142100132,0.10283837660095839,0.872
3619.46,GT-22451,-9536.414119250274,98681.37221323767,0.24690059062757036,0.3122895445403062,0.881
3619.46,GT-22454,41766.09187826863,-50975.55415441824,0.1611524063289613,0.09355826089681663,0.877
3619.46,GT-22516,-90809.67821898634,-35097.095224975375,0.04798009013500587,0.04056543661384879,0.886
3619.46,GT-22603,24373.302964420094,75201.5912156972,0.06844596594875547,-0.23650528319114217,0.886
3624.36,GT-22352,91765.34064301061,-21190.572973987277,0.08145279509936879,0.07102149524579784,0.901
3624.36,GT-22354,-58650.22427861416,3361.9768049044574,-235.43674625938633,7.064764472647484,0.874
3624.36,GT-22412,-18832.682026872004,-45619.220733849696,-0.1896805900422633,-0.014336080443472225,0.925
3624.36,GT-22449,40702.809167087835,-62385.91431087589,0.13157709044488475,0.10577739216809563,0.905
3624.36,GT-22451,-9531.006820588198,98678.91630365526,0.26681594322463736,0.2607288910010836,0.903
3632.02,GT-22352,493298.20279002027,125238.91730019767,11225.632589332503,4075.7164646420815,0.917
3634.41,GT-22412,-18834.5360071471,-45616.72710784369,-0.08853319632619412,-0.06137101861180494,0.887
3634.41,GT-22451,-9548.632781629494,98669.89766477341,-0.29724029474627,0.13250660334361047,0.9
3634.41,GT-22454,41756.0711938536,-50970.31324071315,0.006222923904721268,0.139821295101755,0.883
3634.41,GT-22516,-90816.42576694523,-35093.53595965877,-0.10590671061693305,-0.01873221082487471,0.867
3634.41,GT-22728,51447.372087892625,4.869196909423161,-0.06343322007942473,-0.03147829376440037,0.878
3640.97,GT-22454,638460.2021406563,182142.47483454677,505.1863261049635,274.3217595963939,0.91
3650.17,GT-22412,-18827.292807424936,-45621.160573671834,0.022151509383178183,-0.24866376960756376,0.882
3650.17,GT-22451,-9539.108206438636,98675.75343581762,-0.16300143687144006,0.395247963412762,0.887
3650.17,GT-22516,-90808.91407042209,-35088.02754683277,-0.14624185354562536,0.10550025997138661,0.898
3650.17,GT-22603,24365.346179888442,75210.1503014315,-0.014107755899380098,-0.01277081452533431,0.899
3650.17,GT-22728,51438.604833385216,14.126484279638005,-0.14031231139351064,-0.3028419011320491,0.889
3650.17,GT-22782,91789.5198745233,-21197.310917311646,0.11725137174334177,-0.23469802726252065,0.899
3662.15,GT-22451,-9522.776237119746,98660.42986182307,-0.08441962967240071,0.34333314991561303,0.893
3662.15,GT-22516,-90793.59876092628,-35097.046113168355,-0.13450571172115017,-0.06975396614255334,0.884
3662.15,GT-22603,24366.621059310448,75205.00964202969,-0.10796137637282534,-0.11212599367769094,0.891
3662.15,GT-22728,51428.34862103662,18.070355616565177,-0.5025727311057986,-0.17770354259446058,0.887
3662.15,GT-22782,91784.88196071588,-21193.892212881605,0.34963481328297247,-0.3729890718316312,0.883
3662.15,GT-22843,40704.82037586185,-62387.27735972015,0.20789027291021395,0.15742880399927575,0.878
3665.86,GT-22451,-9520.300439317696,98656.28351628859,-0.15748546610813707,0.44868861010473154,0.921
3665.86,GT-22516,-90780.48918547624,-35092.74641132222,-0.30226931560362735,0.0888358418903472,0.925
3665.86,GT-22728,51430.461386305295,17.831035673009932,-0.5028549315827479,-0.18922791030168498,0.901
3665.86,GT-22782,91785.01199282137,-21191.120157383397,0.33099098203399596,-0.28696032305517744,0.907
3665.86,GT-22843,40704.286829929784,-62387.06227470921,0.18847276323349266,0.1547622658393698,0.906
3665.86,GT-22907,-18819.19781951791,-45626.571206556895,0.2824478823682972,0.1545154106322894,0.896
3665.86,GT-22908,41747.74203992064,-50983.071312880995,-0.15007485533162904,0.2364408641447407,0.891
3673.09,GT-22451,-9510.083405493064,98642.8353670653,-0.4774135987156479,0.7250158971183683,0.908
3673.09,GT-22516,-90770.69965289754,-35095.94173605466,-0.5160014110941656,0.14639279532059812,0.893
3673.09,GT-22603,24362.829747020616,75207.85319469032,-0.32022438080837967,0.042697589685229326,0.904
3673.09,GT-22728,51447.82820098659,32.08125994740888,-0.08969971764183536,0.12142019087041173,0.9
3673.09,GT-22782,91784.70859198914,-21190.57238189811,0.24292378014529883,-0.3061204996291319,0.902
3673.09,GT-22843,40688.43171390384,-62384.01340201664,-0.2749131080720501,0.1908601296745805,0.897
3673.09,GT-22907,-18828.819021719333,-45645.01490594297,-0.12890619754557242,-0.15621594796487087,0.903
3673.09,GT-22908,41748.19172247909,-50981.97330024442,-0.10864217125948869,0.2163280161376101,0.89
3677.47,GT-22516,-20452.669282094546,-75725.63985164881,-150.64633680870085,87.35005491952295,0.972
3677.47,GT-22603,24369.83007370644,75211.56711102577,-0.15947039919194841,0.12664079230522668,0.916
3677.47,GT-22843,40692.26131156392,-62372.79597508739,-0.19673036975534913,0.3328937865669194,0.915
3677.47,GT-22907,-18828.629254199175,-45645.50476155324,-0.12034822430189103,-0.1504041128607876,0.902
3677.47,GT-22908,41750.82472481748,-50985.40400130602,0.06107937050489681,0.11228704843997837,0.897
3683.27,GT-22890,65784.06517928187,-49260.7799998438,-0.05685856669084696,-0.3061617373885911,0.852
3683.27,GT-22981,440065.1084561334,112119.70844894832,-322.33841641439227,147.87725933705187,0.901
3687.53,GT-22826,-94117.85979701055,41091.452847641965,0.19279699111776882,1.9312207364143075,0.853
3687.53,GT-22855,74971.95571038708,-67956.17454181045,-0.0014862707038117706,-0.3768864135799895,0.875
3687.53,GT-22857,412.6049082849311,71888.69981103828,0.05953167134865864,0.09518927481979,0.878
3687.53,GT-22889,63765.08201280639,-81804.13411904586,-0.14463399703268892,-0.1160863601936048,0.869
3687.53,GT-22890,65790.97449381289,-49268.00848056565,0.08391123291549599,-0.3573314187344084,0.877
3687.53,GT-22898,-33752.87753370682,-30242.68703159414,0.23417696239882008,0.16479072819162174,0.851
3687.53,GT-22939,55598.33451589492,-68233.74671330756,0.1691036571133151,0.09894544331125527,0.872
3693.43,GT-22089,352218.0833962938,88304.65736111916,-713.2411839613866,20.536118884158427,0.876
3693.43,GT-22603,24373.205760045388,75213.48618695672,-0.2711608285839206,0.04193287158271624,0.888
3693.43,GT-22728,51438.270679252404,33.49695506232054,-0.2464976694230397,0.04898837029671179,0.903
3693.43,GT-22782,91798.99387711054,-21197.678240916342,0.20778335539779824,-0.24167780817026807,0.892
3693.43,GT-22826,-94074.11840364987,41458.897117195775,0.4117024225909899,2.5043197627106615,0.854
3693.43,GT-22843,40691.262524872385,-62384.0072162272,-0.014510596474947263,0.0532082797645982,0.89
3693.43,GT-22907,-18825.303261330722,-45652.21155711385,-0.04430263062787479,-0.25216210967854813,0.892
3693.43,GT-22979,-9556.70120849996,98680.0783838931,0.6968336098346996,-0.10444541122167339,0.905
3699.16,GT-22603,24382.26145191225,75200.04285397004,-0.19013908586594985,0.11819093263268965,0.871
3699.16,GT-22728,51429.65306331969,34.85400540512149,-0.35874400128861117,-0.05073438406947856,0.876
3699.16,GT-22782,91788.48682021351,-21199.056833182327,0.0828483009619921,-0.07781438779121753,0.869
3699.16,GT-22843,40698.617445213284,-62379.30909949009,0.09045587546082824,0.013691220842696646,0.865
3699.16,GT-22907,-18823.97591862486,-45646.094575849565,-0.03325700351512685,-0.03992294338806374,0.877
3699.16,GT-22908,41755.30347860901,-51001.135935019476,0.16885176680595382,-0.0683819942683929,0.859
3699.16,GT-22979,-9557.988506846657,98687.36051912194,0.49838110619828696,0.06335345488637732,0.873
3699.16,GT-22988,-90809.93471133597,-35070.30727124767,-0.09772548861836088,0.2801647587214471,0.878
3704.28,GT-22728,51436.94839353081,29.20833667911468,-0.15895650897757851,-0.23361276932898092,0.887
3704.28,GT-22979,-9549.80902158433,98695.23822369377,0.25094829657379736,0.22185290889531395,0.887
3711.52,GT-22728,51441.631096698286,30.62824570436272,-0.26402850020453345,-0.26797793875409437,0.92
3711.52,GT-22843,40705.96117299021,-62360.39886369636,3.4749573869813313,3.4418339966493865,0.882
3711.52,GT-22907,-18803.190453582058,-45637.41045628916,0.2585764420188229,0.1951456741934764,0.931
3711.52,GT-22908,41761.13526468051,-50994.62419089452,0.21359851016634718,0.2017157648199826,0.854
3711.52,GT-22979,-9554.514374210647,98692.70934584457,0.19883174307722576,-0.012334954774953333,0.94
3711.52,GT-22988,-90815.0196969429,-35054.590873709756,-0.277242032821427,0.3196153641927554,0.917
3716.69,GT-22728,51448.90693017472,40.067286914168626,-0.1709029518851054,-0.20163254541706843,0.918
3716.69,GT-22843,40657.204045316495,-62412.214647637986,2.15564089348141,1.9840084367395234,0.935
3716.69,GT-22988,-90815.85423328579,-35060.52022314468,-0.2695505919924096,0.15697546350950498,0.92
3723.18,GT-22855,74963.9814543807,-67940.83216412942,-0.060873504493280974,0.1293820010333219,0.866
3723.18,GT-22857,398.4982054873131,71897.30997623288,-0.033555422684735464,0.1434024979652559,0.859
3723.18,GT-22884,49104.92684698087,26492.864473625035,0.09978831405761693,-0.11472227247757684,0.864
3723.18,GT-22889,63764.103796429416,-81795.29497909994,-0.005145117859805766,-0.04089799150322158,0.851
3723.18,GT-22902,-26309.687525260182,53154.00169715381,0.0125802023503499,0.20846717287963548,0.87
3723.18,GT-22939,55613.439453276274,-68225.1652527491,0.4430434617153778,0.31546730695484015,0.859
3728.92,GT-22728,690605.7013058346,192267.42907045962,19.161581451997932,209.98006928022068,0.906
3728.92,GT-22843,40622.24802250265,-62442.766342125076,2.249586592210576,2.0505450555648155,0.896
3728.92,GT-22907,-18814.87957874834,-45643.51787579534,0.059584010570810475,0.00413662090358783,0.903
3728.92,GT-22908,41745.946843000434,-51017.96652641246,0.3027199458469689,0.053050445542126776,0.902
3728.92,GT-22979,-9550.181137420077,98683.91275755505,0.03747870311209318,-0.29343927451174034,0.905
3728.92,GT-22988,-90814.62172969416,-35066.34454218298,-0.2449723210534228,-0.14961164572679916,0.883
3728.92,GT-23114,24341.93387323108,75204.31350002807,-0.39884769433827366,0.2711459569156217,0.871
3728.92,GT-23117,91782.9559906388,-21178.276038052205,0.24842172095757784,0.3665087005958882,0.885
3734.1,GT-22843,40572.817150359646,-62476.517018683415,2.260555486489725,1.968607969348107,0.921
3734.1,GT-22907,-18811.75497966299,-45647.3780510783,0.08450010614314733,0.07352026504358278,0.916
3734.1,GT-22908,41744.654197080585,-51017.950363796714,0.3657638131764398,0.18208557666292388,0.916
3734.1,GT-22979,-9551.3706047082,98685.96761721678,0.053047893803015264,-0.31553514974690455,0.914
3734.1,GT-23114,24345.792267727895,75206.01545877928,-0.3646387950542148,0.29834924534746876,0.908
3739.11,GT-22826,-94059.35525502359,41717.808414811414,0.3614422576446673,3.6663333834008203,0.867
3739.11,GT-23151,51402.83420169556,11.920323879789628,0.185443706500438,0.03278158093623679,0.855
3744.15,GT-22843,26458.177506551845,10216.086403556881,-11.905130639287261,62.92895368653473,0.909
3744.15,GT-22907,-18820.009311733073,-45644.240445086834,-0.1310444795756377,0.21523783130166763,0.889
3744.15,GT-22908,273538.6256594987,53540.787445144684,13547.59210438594,5818.426602134077,0.877
3744.15,GT-22979,-9550.516822885646,98687.43809196724,0.10320988895587875,-0.28232458081182016,0.867
3744.15,GT-22988,-90809.36716717604,-35047.65756013959,-0.3198094132208056,-0.5163770890542333,0.863
3744.15,GT-23114,24357.88653492079,75200.29401413575,-0.1988191978678833,0.07241013864230651,0.884
3744.15,GT-23117,91784.2580867361,-21179.25268395768,0.2080462195646623,0.057437155401578746,0.872
3744.15,GT-23151,51416.26747986145,9.312473879735018,0.04144871474913997,-0.06669328824455828,0.87
3748.39,GT-22866,41331.09989013005,31241.509267086592,511.5738109338269,-51.691730724427835,0.86
3748.39,GT-22907,-18817.24075418382,-45641.65430977175,-0.05365961592915073,0.24712931339205624,0.929
3748.39,GT-22979,-9554.36947935599,98695.89368073997,0.01184342679252072,-0.08230592884820243,0.852
3748.39,GT-22988,50228.08416539045,145027.56232074712,-309.01372733442395,-393.81356901644676,0.92
3748.39,GT-23114,24356.745285480498,75206.98767753826,-0.13464433068850973,0.3228556167802681,0.929
3748.39,GT-23117,91773.69321760845,-21192.10755197875,-0.08987404738222687,-0.4153763368908723,0.936
3755.23,GT-22857,394.9458060645638,71870.76768323657,0.40165034711462444,-0.4385312830690558,0.862
3755.23,GT-22884,49073.223415287655,26493.964397756652,-0.03271871800282695,-0.37959514172319747,0.857
3755.23,GT-22888,-51018.50835942924,-19787.36239825638,-3.1522029790286448,-3.1171136079937622,0.852
3755.23,GT-22889,63769.42961203319,-81789.77189792939,0.08509065202532425,0.07899739768233982,0.85
3755.23,GT-22890,65785.48129568157,-49248.43112612974,-0.05126346413852176,-0.024776224256939997,0.877
3755.23,GT-22898,-33726.712176457746,-30246.208686823786,0.3114174848085037,-0.4999231738416531,0.855
3755.23,GT-22907,-18813.5378359761,-45638.661506588294,-0.03324454213653767,0.24283517851745945,0.866
3755.23,GT-22939,55613.34738308077,-68233.40323101258,0.04891475579915627,0.09522093688950584,0.878
3755.23,GT-22979,-9549.209024303356,98708.80965612124,-0.004698915400822127,-0.11146835728557768,0.868
3755.23,GT-22995,-36427.72687859815,33531.15090176483,-0.17144297159960675,-0.02698543405349857,0.86
3755.23,GT-23090,-45473.92202230668,-35945.944759528145,0.1298560998905285,-0.04616435716369045,0.88
3755.23,GT-23114,24360.125413403523,75211.59693878794,-0.03154966475026483,0.2909451322373529,0.88
3755.23,GT-23117,91768.11499509124,-21199.340508851477,-0.3463121556036297,-0.2889275600216159,0.883
3755.23,GT-23151,51415.13239920464,8.539330707845732,0.011150932644246204,-0.09213611595816228,0.861
3759.11,GT-23213,41763.41677926493,-50993.954423303745,0.08824675959351572,0.1323913146500817,0.913
3767.15,GT-22907,630167.2131085163,191908.46318493964,1490.2296863403533,691.3876755214986,0.87
3767.15,GT-23213,41764.355423371926,-50993.34223853959,0.08663783616523299,0.20351648677826814,0.889
3770.97,GT-22855,323824.9207464637,64608.896924006105,3272.2612340993937,1813.2187934133096,0.863
3776.8,GT-23114,24349.927679595105,75204.87068976703,-0.17042874348545964,-0.1345990517639597,0.92
3776.8,GT-23151,51425.81775647256,9.645079275570987,0.4742980463077482,-0.2211867929087752,0.921
3776.8,GT-23253,40712.16442502051,-62393.30763169749,-0.194212736229976,-0.04724935154958387,0.915
3781.66,GT-22826,-94085.86115850176,41448.99272881513,-0.5074079030590835,-5.060435424698213,0.889
3781.66,GT-23114,24350.18774129712,75199.00276092789,-0.204673638528749,-0.23431785917487483,0.854
3781.66,GT-23117,91785.38933960725,-21195.331392653985,0.3268360472137618,0.27655298645895754,0.874
3781.66,GT-23151,51429.96164078391,14.670058403034135,0.4907982798532696,-0.026467522183899143,0.861
3781.66,GT-23213,41763.56465048017,-50976.673226637264,0.061882039408368616,0.4408863044028246,0.861
3781.66,GT-23215,-90819.80554424465,-35105.502287958654,-0.013991631728754384,-0.19565586106231606,0.86
3781.66,GT-23294,-8579.104396334214,98984.71530414696,1.5712363194245709,0.819390220146047,0.915
3785.19,GT-23114,24360.285132127847,75197.53834573821,-0.0865330804918672,-0.1897475277164588,0.898
3785.19,GT-23151,51429.95783473769,12.106193454247208,0.46179516733963577,-0.033574583351872425,0.895
3785.19,GT-23213,41773.78551979066,-50977.10511274914,0.40342417221701254,0.31418043609861007,0.906
3785.19,GT-23294,-8575.956707107964,98984.10424047864,0.981627764739611,0.5964406808100646,0.907
3785.19,GT-23307,-18836.048527474453,-45626.913748040635,0.07178613168917292,0.17536285908082078,0.886
3788.98,GT-22826,-94074.56709939393,41481.85158479321,-1.2235227734071117,-10.188613492989543,0.898
3788.98,GT-23114,24360.96581520372,75207.98823026555,-0.08256735664031226,0.030587848113602933,0.862
3788.98,GT-23117,91782.82520153449,-21195.74269859812,0.27850954035294906,0.32699828758368626,0.856
3788.98,GT-23151,51385.5044021027,-7.029552659944427,2.58718632905316,1.438363261103807,0.932
3788.98,GT-23213,41775.93525397578,-50979.42866585965,0.4186990493184398,0.23306575266217083,0.858
3788.98,GT-23294,-8613.376609199322,98974.12768728059,0.28855426648812177,0.40089684007021675,0.858
3797.06,GT-23151,51379.01082939815,-9.304711698440704,1.5027484311577652,0.978081351131435,0.931
3799.53,GT-22939,621677.8824351535,215864.78118920885,2037.1447247860087,1084.552547745743,0.887
3799.53,GT-23114,24357.54925400408,75212.79911858894,-0.14084848041012937,0.10375839213070133,0.87
3799.53,GT-23117,91780.72384032856,-21196.43429183416,0.11739091196789601,0.27379276658859514,0.867
3799.53,GT-23151,51376.17187196218,-3.4936229950724322,1.2084393467735035,0.9778470780290541,0.887
3799.53,GT-23215,-90813.19791085632,-35096.694702712106,-0.08540761144602124,-0.058690033550443,0.853
3799.53,GT-23294,-8812.173131573767,98914.9902207555,-3.2517829466329577,-0.6159775438616173,0.869
3806.72,GT-23117,91793.38904209406,-21200.654949022224,0.2587024193045771,0.26554257400605896,0.902
3806.72,GT-23151,51378.10276535844,-6.263993389719527,1.2885609963293634,0.9312188532684881,0.898
3806.72,GT-23208,-78267.7439177165,-50901.94730152171,-0.05711423870018582,-0.03746037591861587,0.883
3806.72,GT-23213,41780.296346375064,-50983.14751734473,0.3917231724567684,0.06775980167067168,0.889
3806.72,GT-23215,-90816.70858549947,-35097.44193826028,-0.1579954614662604,-0.05839067747181856,0.889
3806.72,GT-23253,40712.334706790665,-62391.08333075407,-0.1394143120292268,-0.1742116281056174,0.903
3806.72,GT-23294,-8963.422218095806,98867.2287582768,-4.12006694711026,-1.0659686565941269,0.906
3806.72,GT-23307,-18826.40676789418,-45625.46972721578,0.013011624671453028,0.13906876343903432,0.893
3811.42,GT-23117,91795.0869073895,-21201.03688543387,0.2133480508086287,0.28403848706133394,0.94
3811.42,GT-23151,51373.87652977904,-5.267461938635603,1.2723180811181,0.8858914782736232,0.941
3811.42,GT-23213,41780.8608308281,-50989.71149125805,0.3847480330168442,0.028174430889036754,0.934
3811.42,GT-23215,339284.34942819236,-100873.7063342539,-2449.4460534382156,374.60652179788394,0.921
3811.42,GT-23253,40712.43627123521,-62393.18817356721,-0.15567083477484991,-0.15452436743784653,0.862
3811.42,GT-23294,-8924.475135762388,98879.42008754473,-4.823773403887396,-1.2745511178733497,0.936
3811.42,GT-23307,-18827.10213701988,-45626.67551546544,-0.0011713543377195965,0.0984509901919855,0.864
3819.29,GT-23117,91791.31685794047,-21210.33762714863,0.08210406610663448,0.422965961301798,0.856
3819.29,GT-23151,51368.4935938261,-3.3211247784098,1.2381614820471594,0.9332431234104341,0.871
3819.29,GT-23213,41778.93668347453,-51001.12876047263,0.06769881339056948,-0.14200803568621287,0.86
3819.29,GT-23253,40717.18145154049,-62390.15495388587,-0.1325742020583102,-0.08291475761414725,0.864
3819.29,GT-23294,-8861.844949645065,98902.34513115956,-6.380286201794605,-1.781339870201,0.863
3819.29,GT-23307,-18823.05449272825,-45626.13099196351,0.07076387965180185,0.04724571437895468,0.867
3824.85,GT-23151,51362.52640250913,-4.301220397619393,1.3593950216177813,0.9907359860397084,0.859
3824.85,GT-23213,937578.1796584226,346206.8767683587,3096.131977571701,1404.5070531354995,0.965
3824.85,GT-23253,40721.364928672745,-62392.02110650573,0.11062586310567646,-0.10376728413142508,0.859
3824.85,GT-23294,-8792.682724016946,98924.40772362586,-7.932131286264483,-2.244445621105791,0.851
3824.85,GT-23307,-18820.26667982044,-45633.40879916768,0.045802861832568334,-0.1769865064918236,0.859
3824.85,GT-23468,24370.141547951807,75203.95578531624,0.0655524694389289,-0.028468543031769544,0.868
3831.3,GT-23307,-18819.918084690053,-45629.068170301,-0.037303448132098266,0.033185950693832345,0.912
3831.3,GT-23511,91790.334665006,-21171.661559768483,0.35972390557205425,-0.21738290631430127,0.882
3835.61,GT-23208,-78265.73760837251,-50906.63262971092,-0.07831134161881911,-0.1111662591939771,0.852
3835.61,GT-23409,-94051.61282353813,41774.9496070147,-0.07303817314317451,-1.9954546624791578,0.864
3841.89,GT-23253,40726.224681843574,-62387.88994738832,0.2884676686317969,-6.303674817128492,0.924
3841.89,GT-23307,-18821.34918955617,-45631.56274797579,-0.11346015894310965,-0.14211121805725432,0.915
3841.89,GT-23468,24371.11016724457,75221.95322502624,-0.019069574470331287,0.20508507932289197,0.904
3847.31,GT-23151,51246.278031299276,-50.4345007645653,2.128227663704477,1.1772075597041725,0.852
3847.31,GT-23253,40730.716906672504,-62356.69209260279,0.11473700368693326,-5.758509310530887,0.935
3847.31,GT-23511,91786.46310077816,-21173.277802530556,0.23887290760104432,-0.21651263123593423,0.854
3852.76,GT-23208,-78275.37797787663,-50902.29019390651,-0.3432669224037316,0.24108884490462384,0.859
3856.42,GT-23253,40733.55275788063,-62250.91834059935,-0.041687257491367986,-4.762557765717672,0.9
3856.42,GT-23511,91774.63814231202,-21177.597782385717,-0.0632870988259086,-0.2413497253588676,0.908
3856.42,GT-23566,41771.55030838009,-50985.548799381795,0.19515047777435413,-0.04857935796522461,0.908
3856.42,GT-23613,-9545.696777077239,98700.72154515782,-0.3022902925465938,0.11112798666371025,0.89
3867.03,GT-23253,381534.6136249183,99261.30936470482,3580.372973313127,1658.1463945206683,0.879
3867.03,GT-23566,41771.402807837,-50982.59060475859,-0.28417671283037776,0.14333488045696707,0.907
3874.11,GT-23700,40690.229904975255,-62379.18803036042,-0.11330413113590058,-0.027484945159116137,0.875
3876.08,GT-23208,1477376.3860144233,498187.3336155764,-2796.117823361433,-1015.614784325308,0.938
3881.06,GT-23409,-94096.37546285908,41386.1221115874,-0.3788362359765785,-3.1357872060770293,0.885
3881.06,GT-23468,24390.23746789282,75194.75468569415,-0.23627540260257426,-0.5288852171727617,0.929
3881.06,GT-23470,-90809.75427805692,-35080.652590283295,0.2900977805997908,-0.07627428001210519,0.914
3881.06,GT-23511,91788.40847851914,-21176.932757571314,-0.005683008137609191,-0.34189564747469486,0.924
3881.06,GT-23566,41756.504812523985,-50987.239446988424,-0.011718820070044392,0.0803695623570059,0.913
3881.06,GT-23613,-9546.570741205735,98678.80147075155,-0.06226456645612602,-0.06810256259230477,0.931
3881.06,GT-23700,40690.82266190292,-62376.97446790266,0.03771387467819788,-0.04906696693409382,0.919
3887.27,GT-23300,654622.1665158198,205895.7508874824,2231.683077642279,738.1176733028856,0.905
3887.27,GT-23470,-90809.6492575308,-35083.734211271534,0.18961024311574154,-0.17649191729409625,0.906
3887.27,GT-23559,-51955.567127427894,-21168.03182182756,0.19478771052476468,-0.4971379663384918,0.854
3897.43,GT-23470,-90820.18748460767,-35075.683438985994,0.0660040631685696,-0.3052600382376379,0.889
3897.43,GT-23511,91782.58351412328,-21181.827862984333,-0.21873693889208662,-0.3553008725473717,0.883
3897.43,GT-23566,41758.78328783102,-50979.44482080526,0.13684806015746093,0.022229381679092185,0.882
3897.43,GT-23700,40695.4973326773,-62371.2745276428,0.24573488608770905,0.290955771585472,0.868
3897.43,GT-23744,51428.65643274495,8.853327448860588,0.29604337034374667,-0.15369223167664334,0.88
3897.43,GT-23772,24353.716848106375,75212.5064359186,-0.47122542731113387,-0.33457938344441,0.876
3900.99,GT-23409,-94099.76796294533,41325.50621517143,-0.8192959309246757,-7.292300751481664,0.855
3900.99,GT-23613,-9493.336389517552,98904.17799601455,-0.8902113462491932,-1.9404850953785475,0.879
3908.41,GT-23613,-9482.937640135277,98915.14852686849,-0.8842077819543889,-2.3279822100593064,0.931
3908.41,GT-23744,51422.966187509395,13.367765056426972,0.2244764510525617,-0.10434716618692899,0.92
3913.51,GT-23511,91786.62543020064,-21153.743809870062,-0.42749468783496886,-0.10515747123760935,0.851
3913.51,GT-23566,41752.04725718431,-50980.77553483843,0.13890547555732857,-0.08650526120108361,0.861
3913.51,GT-23613,-9469.123635456577,98927.5331330876,-0.765011375605264,-2.5902280166932408,0.871
3913.51,GT-23700,40693.64057985184,-62389.51994533747,0.10538280851169035,-0.11328687998182801,0.869
3913.51,GT-23744,51422.866289137586,8.661263122516448,0.2379156166465541,-0.10546471475429914,0.856
3913.51,GT-23772,24380.034414534548,75214.00893532715,-0.07280431497048748,-0.01843697303599058,0.866
3913.51,GT-23790,-18824.45201341327,-45632.601489558416,0.13376398971566894,-0.12605990991201607,0.867
3921.32,GT-23425,49117.48745097171,26481.251540779926,-0.024807719476166234,0.07505733009137495,0.875
3921.32,GT-23511,91803.73565828327,-21088.464918863847,-0.599731373644532,-0.305253414084077,0.888
3921.32,GT-23517,63757.48452197172,-81807.50657159598,0.3982835866011666,0.20455040098799732,0.872
3921.32,GT-23559,-52292.28116609847,-21642.855729103656,5.516920106918934,6.955381879196126,0.863
3921.32,GT-23566,41749.24685735664,-50982.04672429028,0.20804170741640987,-0.1610792494575145,0.888
3921.32,GT-23613,-9465.776329770528,98941.16334365334,-0.9637251799510554,-2.940336932375164,0.881
3921.32,GT-23658,-26331.642099327146,53159.527852766776,-0.013287220127241636,-0.011091104873050914,0.871
3921.32,GT-23700,40691.22387658132,-62392.33539154472,0.11442653267996956,-0.18289205512851997,0.88
3921.32,GT-23744,51422.720526442616,17.799442414619463,0.1574601139171258,0.16515139018668065,0.889
3921.32,GT-23772,24368.04888166822,75226.61883825222,-0.16770168974045077,0.501705236927244,0.89
3921.32,GT-23775,-78283.105460422,-50908.70583926882,0.11049108467917512,0.49243516386716907,0.889
3921.32,GT-23790,-18820.99116786899,-45634.88788400296,0.26338026103201795,-0.18189432481864523,0.879
3923.99,GT-23566,41744.37879954871,-50981.995141738545,0.14697016182938932,-0.20613705970981516,0.92
3923.99,GT-23613,-9459.647021285433,98978.98346128997,-1.2026955701725908,-3.146329073759891,0.935
3923.99,GT-23700,40687.07285088561,-62391.67185231023,0.02926045211267224,-0.2649727833158637,0.931
3923.99,GT-23744,51419.74897019081,23.12188177847456,-0.04336228587053231,0.33304305007377477,0.938
3923.99,GT-23772,24409.360125157506,75031.15246377654,0.3074855948569593,-1.3747873564371513,0.947
3930.03,GT-23346,75001.43479991874,-68030.32846521465,-0.8588539373550547,1.8819086506685638,0.887
3930.03,GT-23517,63743.1024414527,-81806.05557309244,0.3924113835055358,0.32296314747596283,0.891
3930.03,GT-23566,41718.98173744032,-50975.369351700145,-0.0650371077662716,-0.20643015503247086,0.867
3930.03,GT-23613,-9449.409152723365,99019.3173698472,-1.368446784003238,-3.463167098789832,0.863
3930.03,GT-23657,-36433.95590239566,33553.80064016915,-0.06677175069566015,0.1072978465018703,0.89
3930.03,GT-23658,-26327.488192103647,53152.69252111605,0.030931491142991936,-0.02057732929903562,0.871
3930.03,GT-23700,40689.33795134621,-62400.47520977114,0.04016176270590719,-0.40879048439314913,0.869
3930.03,GT-23744,51418.075032251596,20.174248890125476,-0.11091494926951685,0.2564379218548557,0.85
3930.03,GT-23772,24407.94381596192,75031.49020279829,0.12756041226150705,-1.0621890498103164,0.858
3930.03,GT-23790,-18828.981624821692,-45625.79532403582,-0.01703637819387427,0.08134767008520419,0.861
3935.45,GT-23566,41711.98946092853,-50969.85568650495,0.06685617266238866,-0.2918819006095352,0.917
3935.45,GT-23613,-9422.053349568701,99103.04598439192,-1.78764502980357,-4.454276880633472,0.93
3935.45,GT-23700,40695.20008993131,-62396.85936222235,0.06514406443346399,-0.18499585957136305,0.926
3935.45,GT-23772,24409.594570405025,75024.75665422407,0.014008908635398006,-0.6035847940018284,0.92
3935.45,GT-23790,-18834.394364610715,-45616.97245068635,-0.14329670193904287,0.3189895305431846,0.931
3937.99,GT-23613,-9401.94443082691,99142.66118337697,-1.7436221269557475,-4.810842182290225,0.902
3937.99,GT-23700,40694.582729211965,-62389.18858383857,0.03548048199092889,0.023059659078551092,0.901
3937.99,GT-23744,51416.62275616624,20.956367321995327,-0.09500197167695247,0.27394967930649944,0.883
3937.99,GT-23772,24413.90647728394,75016.63175364445,-0.0430482121967917,-0.4945775411240243,0.875
3937.99,GT-23931,91775.7401360327,-21179.084618386853,-0.47191842686042335,-0.19507369650853734,0.878
3937.99,GT-23934,-90824.87534298614,-35115.196436894774,0.06811717279265372,0.11277447319634851,0.881
3952.12,GT-23613,367217.30140739057,-304010.52189352026,-944.2180271242811,1012.290476778207,0.985
3952.12,GT-23700,40700.8492679953,-62396.08697195582,0.10145828990634082,0.01398383385961607,0.855
3952.12,GT-23744,51423.31406826995,16.446674392807907,0.13248989998839683,0.31137008629143925,0.868
3952.12,GT-23772,24405.197431802084,75062.82036385183,-0.32827373614496214,0.9672959226471893,0.945
3952.12,GT-23790,-18840.431088365647,-45613.11511679672,-0.2584857373526006,0.11500851854543376,0.862
3952.12,GT-23931,91774.16001806138,-21180.42641473804,-0.10204099261256236,0.08495758243259992,0.869
3952.12,GT-23934,-90823.4048898315,-35102.15448131525,-0.02722085332996089,0.16224351289448835,0.946
3958.32,GT-23700,40690.652844693475,-62405.961731428535,0.035501893585019,0.21577050187520286,0.951
3958.32,GT-23744,51412.77146647978,5.280178673678561,0.41560317212230613,0.2928025236747385,0.952
3958.32,GT-23772,24403.345147512067,75052.3896501794,-0.48701047302032213,1.2913208033683221,0.946
3958.32,GT-23790,-18842.64918358174,-45612.52116175099,-0.30097673642730877,-0.14410154900521469,0.948
3958.32,GT-23931,91771.57447917794,-21178.90010036423,-0.021932909976678294,-0.01383471321643398,0.952
3958.32,GT-23934,-90821.7778280066,-35108.40756877729,0.05713300117492606,-0.13709809562329794,0.956
3960.75,GT-23700,40689.32061139598,-62405.081312484166,0.050722843146734635,0.20911119098967193,0.862
3960.75,GT-23744,1041023.3155709158,355206.6842026212,-1092.0857422672611,-501.53969481109465,0.868
3960.75,GT-23772,24406.241408214668,75058.81049827013,-0.40746035530387104,1.435423259432207,0.878
3960.75,GT-23790,-18846.30944589636,-45602.9533182301,-0.27795089216853114,-0.16927565807642758,0.873
3960.75,GT-23894,-33745.87492333751,-30233.764037512727,0.017756340680846083,0.06191955341274186,0.857
3960.75,GT-23931,91770.96149883239,-21179.187405303273,-0.03890201892226763,-0.04542739866009436,0.874
3960.75,GT-23934,-90821.3818236614,-35107.113676074405,-0.07318239864768081,-0.21800157592775166,0.881
3972.09,GT-23790,-18829.837939554902,-45585.21586023397,0.1858311984089074,-0.36316288247146633,0.912
3972.09,GT-23934,-90821.3974308114,-35107.2503752437,-0.03809583409502019,-0.1306029089222318,0.917
3972.09,GT-24031,41752.597446467305,-51009.19821005872,0.2062598275042882,0.023383321778894364,0.923
3972.09,GT-24067,51424.355729088624,7.789127852800235,-0.11782147712633127,0.18247212739628452,0.893
3977.73,GT-23772,24413.975881723167,75014.50400308703,-0.6751852312116707,1.8909573336800838,0.874
3977.73,GT-23790,-18833.986363568074,-45549.093357783044,0.18083222687887146,-0.5574688626055992,0.882
3977.73,GT-23931,91779.56276568204,-21179.431096500284,0.23185498643139418,0.006222147668405356,0.887
3977.73,GT-23934,-90823.9791097512,-35105.94142150494,-0.1371858144652625,-0.11794377109140138,0.871
3977.73,GT-24031,41753.888116341135,-51002.996771479244,0.3531623060432256,0.015209730342328007,0.88
3977.73,GT-24066,-10094.200610422044,98680.19968267526,-0.21146672811028364,-0.16240131954157577,0.925
3977.73,GT-24067,51433.85318995306,3.78146107406812,-0.004207688944278594,0.12121861831291478,0.88
3982.49,GT-23910,-94026.7792987672,42058.90338906524,0.32651627907300057,1.6000856891978257,0.892
3982.49,GT-23931,91781.54497357525,-21180.480227860353,0.27973129672341784,-0.02284316521324289,0.855
3982.49,GT-23934,-90818.8325807382,-35111.46813076191,-0.007758928266886782,-0.23773726994747418,0.857
3982.49,GT-24031,41750.47062730111,-50997.790596363135,0.1346922712765372,0.05604044824169488,0.856
3982.49,GT-24066,-10004.66409638157,98684.99977152482,0.1627535979165346,-0.16314493278043424,0.867
3985.5,GT-23772,24439.495951321453,74951.03660063425,-0.7540187979796369,2.8141556403390187,0.926
3985.5,GT-23931,91781.12769101879,-21179.43246263868,0.30260360248337165,-0.04261512656923855,0.909
3985.5,GT-23934,-90819.41371973649,-35101.954618288095,-0.06430809681567545,0.06411684756296285,0.929
3985.5,GT-24031,41754.32264620569,-50997.41197155666,0.2395060656368318,0.10161258527037627,0.928
3985.5,GT-24066,-9984.891618612875,98685.50168400572,0.6005075298231715,-0.12239683495692136,0.931
3985.5,GT-24067,51433.98224108742,2.301551731737363,-0.02141435954581489,0.10326225667628977,0.912
3985.5,GT-24111,40700.46282052799,-62378.33985195468,-0.2591425734340391,-0.5496633097274859,0.917
3991.27,GT-23772,24458.337034355918,74922.11684261971,-0.8616530985659064,3.4754042589291254,0.921
3991.27,GT-23775,29023.959891387167,115625.56774691342,-9.316660448843168,-14.424967047665252,0.883
3991.27,GT-23910,-94052.45010849423,41810.73564909285,-0.04543187411295846,-1.5744171186398528,0.888
3991.27,GT-23931,91773.6842000197,-21176.35226011878,0.2815420603150504,0.014307094397772308,0.921
3991.27,GT-24031,41756.77827674757,-51002.0877143362,0.37632346594564847,0.07933827696624735,0.932
3991.27,GT-24111,40696.150743421305,-62363.57216672296,-0.3454896715604989,-0.11825769911524381,0.92
3995.5,GT-23657,-36422.192022853706,33564.03859902931,0.3650919713262975,-0.008664463525108343,0.877
3995.5,GT-23894,-33757.790614190366,-30235.240764500628,-0.11869485879198727,-0.3180142233843063,0.886
3995.5,GT-23940,-45481.58344396196,-35949.64536323223,0.09832918015026965,0.1335825635988047,0.897
3995.5,GT-24013,-50985.5987726617,-19816.11441951296,0.04388356226641495,0.43471968308802444,0.897
3995.5,GT-24060,49433.536416426534,26212.38944544353,-0.44790872010017135,0.8766686169747078,0.962
3995.5,GT-24107,65766.75911246668,-49250.33342801887,0.007285521201304861,-0.21725203070053206,0.889
3995.5,GT-24142,55598.544049854165,-68224.70789275726,-0.2414170629333074,-0.014763716277312572,0.878
4001.14,GT-23772,-53601.020111746984,-121599.68498590024,-84.26839291592708,-211.34874782190852,0.888
4001.14,GT-23910,-94081.23068007476,41627.34464478958,-0.508654195571384,-4.00123725439265,0.876
4001.14,GT-23931,91771.8775212744,-21171.167774708145,0.21966576424218942,0.08975247747800535,0.934
4001.14,GT-23934,-90826.29037538884,-35093.79800640885,-0.2775314082002273,0.30884880269762294,0.921
4001.14,GT-24031,41760.7900937165,-50992.996062442275,0.4105253253872257,0.3644516041487491,0.926
4001.14,GT-24066,-10021.256054525553,98689.70072500847,2.307475274364378,0.04221216913830482,0.929
4001.14,GT-24111,40693.86393019968,-62365.35219806752,-0.3401221888113205,-0.1639197506152792,0.924
4007.01,GT-23657,-36437.35374737055,33563.22424334079,0.1517695854010348,-0.07109688692596323,0.877
4007.01,GT-23894,-33757.11249151355,-30242.53410288535,-0.07878828169091331,-0.34093455900026626,0.899
4007.01,GT-23931,91774.69959214899,-21176.866049485714,0.23283762334836186,-0.08537566338002758,0.898
4007.01,GT-23934,-90823.62226143482,-35088.680064837,-0.2799083767024739,0.35790017785474265,0.894
4007.01,GT-23940,-45480.65564332782,-35949.96733242896,0.09122950747840208,0.13927207281135612,0.872
4007.01,GT-24013,-50982.319323078154,-19814.339896251568,-0.011201712497304561,0.3344612634542262,0.872
4007.01,GT-24031,41763.31403824322,-50987.74787959791,0.47735915482572533,0.5454508386303334,0.901
4007.01,GT-24060,49397.65606295096,26246.840803267034,-0.718294846690614,0.993821299938084,0.896
4007.01,GT-24066,-10047.103091787149,98681.10956623193,3.1961439596372805,-0.10423653802898486,0.901
4007.01,GT-24067,51438.45195470948,3.979936010153231,0.04800166921583419,0.136334979313353,0.901
4007.01,GT-24107,65771.51405187187,-49245.40811749201,0.08427519688796761,-0.08914037132325389,0.88
4007.01,GT-24111,40690.369132488464,-62361.93285889792,-0.31557688523705574,-0.13502315508863116,0.895
4007.01,GT-24142,55604.28494411408,-68225.47659629067,-0.10664798911273307,0.03197325088667869,0.881
4007.01,GT-24145,74991.72390395304,-67967.2897666633,0.011331058854734968,0.0008907681679468649,0.894
4011.35,GT-23894,-33747.46008682512,-30236.957421747964,0.20142569248879041,-0.07765397265545049,0.877
4016.6,GT-23910,-94086.51005431057,41523.34814467544,-0.4491806380092803,-5.0065442676835605,0.889
4016.6,GT-24067,51441.4526917016,9.809609654587508,0.1258754534708883,0.2642731810277544,0.852
4016.6,GT-24111,40691.83360775648,-62366.34327494723,-0.4023241226462957,-0.1789808683387296,0.852
4016.6,GT-24142,55607.15724064511,-68225.33508909954,0.025508168304483624,0.01666983175071922,0.87
4022.9,GT-23657,437649.8155865417,-496267.8039581474,-1887.8359950080685,2109.0016130498207,0.916
4022.9,GT-23931,91773.81277358145,-21174.59942289148,0.09452925202489178,0.037647945542106084,0.881
4022.9,GT-24031,41758.90364488357,-51000.904996749385,0.3665174322288715,0.2058549986999707,0.948
4022.9,GT-24066,-10258.245034065714,98687.82143215026,7.246058101502792,-0.03478040075406042,0.87
4022.9,GT-24067,51443.54730509767,7.507292663998172,0.32131049127397715,0.01107743609495565,0.886
4022.9,GT-24111,40704.163666085675,-62380.218892369376,0.043428496948507644,-0.29641277149708173,0.95
4022.9,GT-24229,-18827.137387645722,-45636.799042048195,-0.06997948766347661,0.18160208028845362,0.87
4026.21,GT-23931,91769.37815125892,-21172.794650287087,0.15740228791670985,0.01464212624159391,0.878
4026.21,GT-24002,35136.02555467796,23273.51875768116,-2.2153298353502366,-5.13175905627189,0.865
4026.21,GT-24013,-50962.88549955266,-19837.43538918488,0.4219562136978442,-0.25089676046043774,0.874
4026.21,GT-24031,41754.93249000701,-50997.5256653396,0.3894287193372735,0.20479755858126766,0.886
4026.21,GT-24066,-10488.852490178993,98690.86077859945,9.991631363378271,-0.012990522585508073,0.886
4026.21,GT-24067,51440.71095073533,7.818558119785614,0.32068163707662317,0.01951103813996155,0.892
4026.21,GT-24111,40704.6285489799,-62379.465180119965,0.04366863278486258,-0.3095391052434243,0.882
4026.21,GT-24145,74997.03758978675,-67963.84054035168,0.07040544690499656,0.12608713547530856,0.866
4026.21,GT-24169,63762.80508654098,-81800.90715167712,0.3010318793182193,-0.14491701473448795,0.863
4026.21,GT-24229,-18821.40838386383,-45628.33774532408,0.09454712396030794,0.38428057897445683,0.892
4026.21,GT-24268,24360.530889383983,75225.7146906903,-0.2938321121328446,-0.7493234153883672,0.89
4032.47,GT-23931,12188.623803321534,46238.12164174624,-15.311900894921225,12.706748132257776,0.981
4032.47,GT-24031,41753.72331843705,-51002.39962779009,0.3131222114220449,0.2516976320477766,0.922
4032.47,GT-24066,256518.73455090506,-449897.4136533925,-1215.4043391458217,2494.7457271175604,0.941
4032.47,GT-24067,51436.148944230816,7.557071683728815,0.15937188872170083,-0.017653170146001478,0.913
4032.47,GT-24111,40700.71946239897,-62385.92034900295,0.10787225837832987,-0.32274012880681524,0.911
4032.47,GT-24229,-18824.236005265157,-45629.18502111274,0.009633101702966676,0.31041035356736424,0.919
4032.47,GT-24294,-90810.68115852484,-35076.1468049283,0.14489544383242953,0.42031105948154635,0.908
4037.85,GT-23894,-33736.94423362501,-30220.283589121496,0.14995310297507852,-0.005565734730612004,0.866
4037.85,GT-24013,-50964.738509706454,-19825.321493603064,0.3217042100746002,0.0063882751247030245,0.872
4037.85,GT-24031,41749.26854649154,-51006.422560919294,0.4589160698295426,0.23641232632654052,0.882
4037.85,GT-24060,49369.25035314152,26263.80184086985,-2.514764961765926,2.211562080290461,0.87
4037.85,GT-24067,51437.08914223195,4.814012921329063,0.18733492033102842,0.043609662492369944,0.88
4037.85,GT-24107,65780.20056689173,-49232.79941398212,0.26489727962706655,0.1688557602629673,0.853
4037.85,GT-24111,40703.005063362885,-62386.79195245112,0.07779895844388579,-0.3269141390273113,0.875
4037.85,GT-24142,55626.738862553175,-68231.70894886903,0.31489396341211573,-0.21049777835347744,0.85
4037.85,GT-24145,74994.61322184253,-67957.4409233631,0.002674384934296163,0.20375676046256083,0.851
4037.85,GT-24229,-18819.642264609127,-45624.33589854024,0.1375586113857221,0.2798864689910839,0.895
4037.85,GT-24268,24367.730076718148,75220.86460482024,-0.05950625155664316,-0.5556213256723967,0.89
4037.85,GT-24294,-90814.1187883007,-35084.50505614675,-0.3343667098548704,-0.0896280979090241,0.889
4047.34,GT-24031,41740.69487910765,-51012.21341006166,0.5107999689821219,0.39073935585465314,0.877
4047.34,GT-24067,51461.741529852596,3.5878003864929613,0.6113476057474979,0.10892998382214934,0.867
4047.34,GT-24111,40700.69167906274,-62395.11065241961,0.10783922006493457,-0.3497434348702255,0.861
4047.34,GT-24229,-18816.304468486895,-45621.81041902065,0.12056414392490435,0.2584843257032166,0.866
4047.34,GT-24268,24374.732110173627,75211.63029776595,0.2738247097789022,-0.5024959978704505,0.883
4047.34,GT-24294,-90812.69503573721,-35087.68797083365,-0.37021375583915916,0.018890984412470155,0.882
4047.34,GT-24339,-9568.960018758507,98674.13309304773,-0.14218836175445856,0.4180682774698711,0.939
4047.34,GT-24361,91783.92714943913,-21183.7380601953,0.2683303530973228,-0.27785395142151903,0.9
4049.96,GT-24031,41721.99418549189,-51019.63794298007,0.647825575350627,0.6044583336029815,0.912
4049.96,GT-24111,40700.94596220511,-62395.45264484905,0.111219628124819,-0.2653448234181652,0.907
4049.96,GT-24294,-90811.84539487504,-35085.97331536825,-0.26687204936298575,0.048997625081569116,0.917
4049.96,GT-24339,-9561.974489041688,98679.81501371476,-0.20226252220307622,0.29053717813042484,0.921
4049.96,GT-24361,91780.5772325189,-21183.840503485844,-0.022765772692450337,-0.08525155922511457,0.9
4057.34,GT-23910,-94086.83835554792,41418.52919528665,-0.1237129625872217,-2.644460497264977,0.914
4057.34,GT-24067,51457.67713184576,11.600434421350181,0.4437146074875757,0.3279481322536143,0.873
4057.34,GT-24169,63824.15731691472,-81827.94640751315,-3.1683443087663026,1.8953510863806884,0.905
4057.34,GT-24229,-18812.3970373118,-45614.9564752071,0.1805860602317574,0.24376651653187825,0.878
4057.34,GT-24268,24368.28306204921,75216.02863309417,0.16707850941901156,-0.35401839564058385,0.867
4057.34,GT-24294,-90812.46353849281,-35082.51272702684,-0.2851770985699438,0.010066888013294865,0.867
4057.34,GT-24339,-9556.621537595194,98686.77288286506,-0.10477228514235865,0.22790883539740586,0.885
4057.34,GT-24361,91776.23618206191,-21196.20386078791,-0.29308309139698385,0.05959677922261813,0.871
4062.56,GT-23894,-33742.20792415416,-30199.143943152343,-0.0880974448855216,-0.44926512246273437,0.901
4062.56,GT-24013,-50945.57259243941,-19826.89346867465,0.4305720094496465,-0.10658313324098795,0.896
4062.56,GT-24060,49427.71913873962,26217.758708734225,-3.576422997836804,3.092128184942208,0.916
4062.56,GT-24067,51446.57376194719,8.159937254391355,-0.03406713780231441,0.056099723974117235,0.889
4062.56,GT-24145,74992.53708797244,-67937.03201718799,0.05476485468603344,0.3341820967316175,0.907
4062.56,GT-24229,-18816.15940703649,-45607.74116534196,0.1576141600296738,0.17247661655154284,0.873
4062.56,GT-24268,24367.613650480187,75218.88648459516,0.21488069969359344,-0.3613515611413891,0.871
4062.56,GT-24294,-90827.55114170762,-35078.42435241977,-0.68029923110823,0.05893349048741786,0.883
4062.56,GT-24339,-9557.524917328803,98686.49266066123,-0.11929203455563189,0.24760589189534576,0.87
4062.56,GT-24361,91784.663628352,-21199.069875109995,-0.117156453104832,-0.24595464162342073,0.885
4065.51,GT-24067,51454.572087089735,9.207406909854454,-0.09627854572088362,0.33301810929560377,0.921
4065.51,GT-24229,-18811.24265092884,-45603.69154448937,0.09642411414142357,0.10482326048311336,0.908
4065.51,GT-24294,-90824.89929971394,-35079.98482647563,-0.596198848301089,-0.00034569502838274757,0.905
4065.51,GT-24339,-9555.227451093107,98683.60474070789,-0.14906728024454832,0.2481373314299294,0.901
4065.51,GT-24407,41760.827730982724,-50982.085772983504,-0.10587061949142054,0.05689471278166523,0.886
4065.51,GT-24420,40723.96743696474,-62386.31769959567,-0.6012365440371459,0.2307416853200514,0.873
4073.79,GT-24067,51462.68976725629,10.0868954122564,-0.21103436246826313,0.3468145182984432,0.919
4073.79,GT-24229,-18797.609245267347,-45604.213886750025,-0.06030012706725532,0.11365191364674866,0.912
4073.79,GT-24268,24359.67157219229,75228.16254793752,0.1770602213251808,-0.14711588884617463,0.91
4073.79,GT-24294,-90828.71319405189,-35080.97392278884,-0.5636193776137549,-0.007770273201447129,0.917
4073.79,GT-24339,-9556.226333062537,98687.07151270287,-0.1993876601679984,0.14077795737078241,0.913
4073.79,GT-24407,41764.21336935685,-50985.520999568034,-0.39891916795908783,-0.2262144700541097,0.925
4073.79,GT-24420,40718.950516146186,-62380.17081810886,-0.481962017780636,0.335791739005049,0.918
4079.07,GT-24229,727366.1346492495,260063.06401924128,-163.42395119266214,-119.19326323180897,0.906
4079.07,GT-24268,24360.241724911844,75244.32757414537,0.3941456772384251,0.0071943772525132,0.911
4085.56,GT-24013,-51039.922720308175,-20068.668774994498,1.4171370098429987,3.62256587128201,0.882
4085.56,GT-24067,48732.75143244922,131732.8606027043,-1.1242024444924288,57.46058438208528,0.882
4085.56,GT-24107,65752.40419600932,-49223.21257500267,0.2144046032509429,-0.2890924351948378,0.897
4085.56,GT-24142,55625.760857207395,-68235.95685598878,-2.059808156385717,0.7396809261061699,0.892
4085.56,GT-24145,75003.23979815246,-67941.9833399673,0.24791289316525134,-0.010949549572584899,0.876
4085.56,GT-24169,63855.94693036976,-81859.81436314998,-1.267374445065625,0.6057168126590986,0.893
4085.56,GT-24268,24362.00292702239,75247.22168291919,0.3596130734856765,-0.22373244514703722,0.891
4085.56,GT-24272,-78276.45583115323,-50911.405224771035,-0.08162802781302302,0.12182503553075974,0.855
4085.56,GT-24294,-90819.18247209473,-35098.71873749984,-0.22445221843426624,-0.35635383143664806,0.896
4085.56,GT-24339,-9560.850828159404,98690.33196408974,-0.22361625327733567,0.19034768427792909,0.903
4085.56,GT-24361,91781.43623255623,-21186.396420847697,0.21919107532926396,0.055949744008746076,0.902
4085.56,GT-24407,41768.74840928156,-50988.422160156864,-0.03171847922192173,-0.011908917685225196,0.894
4085.56,GT-24420,40723.562460229514,-62380.046697853315,-0.2098365803119011,0.22516983809573277,0.897
4089.02,GT-23894,-90703.16089685085,56864.256276256,60.391905595649156,-92.80862156607907,0.916
4089.02,GT-24268,24349.63377912273,75258.50614863329,0.4302460660204589,-0.4400704552304652,0.945
4089.02,GT-24294,-90825.00030657365,-35090.63745473814,-0.34463023656198377,-0.1511436713117701,0.945
4089.02,GT-24339,-9561.97296585601,98690.60138028585,-0.21812092048383022,0.19585132021239113,0.862
4089.02,GT-24361,91780.82562808745,-21186.255830454786,0.18198132330855393,0.053874730858266856,0.873
4089.02,GT-24407,41769.4725810935,-50986.576286530595,0.016341819208172605,0.011153621028034659,0.87
4089.02,GT-24420,40724.56753767305,-62376.441431392304,-0.25256958864179224,0.21001671999053143,0.934
4093.48,GT-24361,91782.39594109832,-21187.071589406223,0.1479970568463085,0.08087193255874484,0.85
4102.22,GT-24268,741454.7552145409,215823.87225989113,-1634.9077979229592,-265.0191458706842,0.911
4102.22,GT-24294,-90814.95515211015,-35093.82861275885,-0.10774144838754764,-0.2093621818242385,0.92
4102.22,GT-24361,91777.60642619211,-21190.477266366415,0.034559403141688094,0.012560359734085886,0.916
4102.22,GT-24407,41761.221826326095,-50983.79548361288,-0.06812032317601116,-0.09591460333799444,0.926
4102.22,GT-24420,40730.099796386035,-62384.04132423794,0.12853074071440668,-0.13821934962453436,0.936
4102.22,GT-24485,-18817.686865584055,-45629.87388297346,0.24345433146098977,0.022029066197806958,0.917
4102.22,GT-24490,51440.0424414402,18.650825177466412,0.028104794242525474,-0.011885870222019083,0.931
4106.63,GT-24294,-90812.26866811703,-35093.12855957622,-0.11710155096833395,-0.24577075582581234,0.856
4106.63,GT-24339,-9563.358396030366,98692.58064440689,-0.3490620500982069,0.22887062030179414,0.931
4106.63,GT-24361,91775.74418959676,-21192.023818447422,-0.039617750634725155,-0.011787880438029273,0.861
4106.63,GT-24407,41760.286347330635,-50985.08582461029,-0.05491144336090172,-0.1289984668007037,0.931
4106.63,GT-24420,40727.61424270221,-62390.44458018462,-0.012096418202359543,-0.11274677071481351,0.942
4106.63,GT-24485,-18815.926560096057,-45628.24480308805,0.23280754223237335,-0.0007018593688157826,0.924
4106.63,GT-24490,51443.863846242806,15.140499711370932,-0.08455526615277673,-0.0393998164485067,0.936
4112.81,GT-24294,-90817.7932629447,-35081.57242118689,-0.16068063200976893,-0.13205727703986198,0.9
4112.81,GT-24339,-9559.301109658962,98690.25857912029,-0.414682470483453,0.2016054502726107,0.888
4112.81,GT-24361,91785.46667397814,-21189.58855771713,0.1805063845733752,0.07891625746286128,0.894
4112.81,GT-24407,41766.20786472346,-50987.61732525266,-0.004190092408718676,-0.19854030575035134,0.888
4112.81,GT-24420,40728.97231886562,-62395.21067173723,-0.02639612568648249,-0.06358472198863918,0.886
4112.81,GT-24485,-18830.66533065162,-45623.445655191106,0.014736999343683676,0.3197426383349689,0.888
4112.81,GT-24490,51443.481095375035,21.820412781685878,-0.18913598895479639,0.19282356767966666,0.895
4112.81,GT-24557,24346.128642197582,75212.07032954141,0.18173103711620453,0.3071674041019881,0.86
4115.14,GT-23910,-49862.36270279664,72712.86183988991,477.2835716783949,317.2217321970393,0.874
4115.14,GT-24107,65752.16517309811,-49210.99555131541,0.2930148834951144,-0.7012036784948628,0.876
4115.14,GT-24142,55705.100508583055,-68235.7823253998,-1.578786801634015,0.4939979161027166,0.88
4115.14,GT-24145,74996.04767567963,-67937.0435841779,-0.04207741515370854,0.07655162076447307,0.868
4115.14,GT-24169,63884.60217042671,-81868.79669069922,-1.49365959152318,0.8898755053004347,0.878
4115.14,GT-24272,-78261.75056266476,-50924.091311917255,0.3724852305369395,-0.09539960297463615,0.883
4115.14,GT-24294,-90819.62440077268,-35074.557513444524,-0.16663032676508324,-0.031193500693834947,0.863
4115.14,GT-24339,-9568.403509380298,98674.98943716477,-0.3459881355163269,-0.011013965657437924,0.858
4115.14,GT-24401,-26310.522308474723,53172.91425415041,0.36128367084683577,-0.21228793692026532,0.888
4115.14,GT-24403,-36415.504432926675,33528.95575895197,0.3155808036803498,-0.005616683468202689,0.871
4115.14,GT-24485,-19035.59904122489,-45572.96519275041,-4.249337951843073,1.276147895966941,0.935
4115.14,GT-24490,51444.07178587357,23.73671785119986,-0.16818228184714568,0.23190143384238635,0.854
4115.14,GT-24494,-45472.2814505109,-35936.472291592174,0.4474067464871826,-0.10040591938056255,0.869
4124.28,GT-24294,-90816.23221905247,-35081.51612456492,-0.22782985486830684,-0.1953059668728307,0.951
4124.28,GT-24361,91775.56602899623,-21179.939810868313,0.23530545267205866,-0.005215225905403027,0.937
4124.28,GT-24407,41776.81371268281,-50987.42289771934,0.14491341894393864,-0.2025263160692706,0.871
4124.28,GT-24420,40728.5751944634,-62396.761184487914,-0.07777224918213585,-0.11642318967376057,0.935
4124.28,GT-24485,-19014.001014151334,-45572.79038572652,-2.8994731839944907,0.9169980468165068,0.881
4124.28,GT-24490,51446.26236704727,23.126909353842684,-0.029584728588507025,0.23543374130299424,0.884
4124.28,GT-24557,24348.983945786546,75218.04346629024,0.21559140201032626,0.29542803332936424,0.942
4128.09,GT-24142,834900.2953647783,348168.1618834331,-555.572323997297,-346.7991262106912,0.898
4128.09,GT-24407,42036.69885735981,-51027.82570643728,-4.557036982905966,0.1350223623252892,0.922
4133.65,GT-24013,-51163.750536595406,-20481.87534149921,2.5551687312879148,8.066701322666987,0.88
4133.65,GT-24107,65668.08032677832,-49152.80894772394,1.4991083880582226,-1.7995357522583997,0.894
4133.65,GT-24294,-90817.49471490661,-35080.03358726215,-0.2735223285109264,-0.3858125900028225,0.894
4133.65,GT-24361,91781.73750566297,-21178.337216082764,0.057508603417575604,0.24072743581251918,0.898
4133.65,GT-24395,509.5277032855668,71892.8739967718,-1.3557646119468663,0.1320009905131925,0.895
4133.65,GT-24401,-26297.379736327093,53179.2124841174,0.5068581373177886,0.28698544799590914,0.9
4133.65,GT-24403,-36409.579426278455,33548.046267093276,0.14383111171275995,0.1875610658439684,0.881
4133.65,GT-24407,42132.28675779997,-51040.4833558449,-4.956454638586311,0.2629591362720807,0.901
4133.65,GT-24420,40725.7195160958,-62400.268650469065,-0.41995500408136754,-0.016473778924237955,0.889
4133.65,GT-24485,-18951.6007607659,-45588.631610587545,-0.8372080088314151,0.45088602557451063,0.895
4133.65,GT-24490,51447.71762504897,16.464125768370252,-0.050415397074105084,0.25520826036958943,0.889
4133.65,GT-24494,-45479.51602645524,-35930.51042973601,0.17422759551118497,0.061544723923833755,0.882
4133.65,GT-24557,24346.49910019018,75211.92259408573,-0.23283243658530015,0.14819087579482731,0.896
4133.65,GT-24597,-9559.621893991372,98691.24175277814,0.12934169749787194,0.23055687673909228,0.894
4138.17,GT-24403,-36564.014760526654,33550.59702470817,4.863344084665452,-0.43920845097108313,0.893
4138.17,GT-24557,24353.113785437585,75215.30875352546,-0.06340778006163009,0.23679246068063967,0.912
4146.93,GT-24294,3575446.7491190224,-1420915.0006232457,-8980.693991284716,3394.9027446865216,0.922
4146.93,GT-24361,91752.06011508335,-21201.429201033574,0.22509560144845792,0.08871485755316404,0.908
4146.93,GT-24407,42386.324727458705,-51055.25946219099,-7.751364747303063,0.7017088971838316,0.9
4146.93,GT-24420,40749.966440013886,-62410.2757481279,-0.5769446272631293,0.2046156303068704,0.902
4146.93,GT-24485,-18913.030452868516,-45601.783496926066,0.24499130467102648,0.07784859591071552,0.907
4146.93,GT-24490,51451.81480742329,2.0321139804263586,-0.17520803547114452,0.04502780232176004,0.903
4146.93,GT-24557,24353.19923065181,75214.58807817879,0.05528426427365498,0.14783831322740126,0.9
4146.93,GT-24597,-9567.852828246283,98684.08390032011,0.09813402267424093,0.17670508183156564,0.906
4146.93,GT-24617,-93950.48551440857,42699.966124945895,0.19805456606592642,1.2861240537513856,0.851
4152.46,GT-24361,-367837.52652952075,287804.08187463786,3817.095649301668,-2566.5767374732563,0.867
4152.46,GT-24407,42635.47940277616,-51083.8122861038,-11.506910744113917,1.0158119179849419,0.941
4152.46,GT-24485,-18922.754905762253,-45602.392194843545,0.4545417160575721,0.0579827454806876,0.944
4152.46,GT-24490,51454.435726972326,3.922652976368781,-0.24238341207952127,0.09495400066108878,0.882
4152.46,GT-24557,24354.139216846226,75213.93980162966,0.05714165574423516,0.059582526318734286,0.878
4152.46,GT-24597,-9563.89985869911,98682.2382675087,-0.06031296941189506,0.11583322030591084,0.95
4158.2,GT-24407,42716.152000927694,-51088.54450500004,-13.438533404170272,1.218413567182362,0.858
4158.2,GT-24485,-18925.31753649899,-45599.08771765118,0.5298861245255435,0.021098509389058745,0.856
4158.2,GT-24490,51455.74267397496,5.511795622281487,-0.27229484621084077,0.2467421070856495,0.861
4158.2,GT-24557,24350.620353729493,75211.7329624646,0.010760105263237368,0.0017751716273679795,0.858
4158.2,GT-24597,-9565.840980660443,98679.99907371891,-0.039009948691444245,0.16449070107522823,0.858
4158.2,GT-24617,-93952.57496684104,42606.40856598751,0.031776461623533855,0.12736246869510803,0.924
4165.47,GT-24485,-18956.190827709455,-45589.7079361764,0.8001914246506333,-0.05013630347891909,0.956
4165.47,GT-24490,51461.30417130869,-2.4739206924762756,-0.514431429756766,0.43085821951285586,0.894
4165.47,GT-24557,24339.646700867306,75211.10683556134,-0.2098795932699039,-0.1049860845978447,0.884
4165.47,GT-24597,-9562.873498263933,98683.00424939477,-0.14063890419259656,0.34541056133084086,0.95
4165.47,GT-24678,40698.234843439415,-62386.251497716235,-0.2186235646570416,0.022714448055236057,0.882
4165.47,GT-24685,91754.7480977092,-21191.14821738446,-0.3492216558589474,-0.3422692455438327,0.884
4171.0,GT-24036,81864.69823589205,71165.60733818993,7.470904611014575,0.15794802119791207,0.888
4171.0,GT-24485,-18956.50899523335,-45585.60882969761,0.9091051678893444,-0.09782140894743452,0.889
4171.0,GT-24490,51475.94411862261,-14.432259464862792,-0.6203200685896837,0.48477676612398296,0.895
4171.0,GT-24557,24349.294202701054,75210.62063266335,-0.017636680603724707,-0.1467240920068697,0.896
4171.0,GT-24597,-9567.328628812329,98679.81381102302,-0.12131598054850218,0.33776313347987863,0.886
4171.0,GT-24617,-93937.87575049255,42720.81662107149,-0.15406933736382133,-1.578248421645891,0.916
4171.0,GT-24678,40697.74081080352,-62386.167914795995,-0.2214358713266931,0.00931356514613666,0.878
4171.0,GT-24685,91754.7091442223,-21191.170374716956,-0.2931960289170515,-0.33413882494173475,0.88
4178.24,GT-24485,-18960.56182687241,-45581.57127150718,1.7722650358564696,-0.5358363033724665,0.956
4178.24,GT-24490,51497.759475783925,-32.99544620460311,-0.8622641554647961,0.5880857569319352,0.952
4178.24,GT-24557,24346.208005896173,75213.08474267246,0.03375740789161839,-0.07758932945493642,0.96
4178.24,GT-24597,-9553.567737582924,98677.58232541531,0.2856053572820104,0.25091682686665456,0.902
4178.24,GT-24678,40702.211107728814,-62378.0508612773,-0.09325075606618431,0.1895256631133988,0.896
4178.24,GT-24685,91756.5569230279,-21189.25298006113,-0.14166862750320453,-0.3763652708061897,0.9
4178.24,GT-24729,-90834.5786557834,-35110.97108546938,0.1767435718700584,-0.17161276049550195,0.895
4183.28,GT-24395,-238229.72098013788,-145190.80364399488,-1278.486912748315,-1161.969798987453,0.935
4183.28,GT-24557,24344.754386285138,75217.88322988691,0.07510413429886896,0.057364181433711206,0.914
4183.28,GT-24617,-94052.50357944662,41754.06110381067,-1.0614397858058748,-6.094376218772977,0.884
4190.2,GT-24401,-26298.338998146643,53173.67416853043,-0.2393816971695078,-0.18841578120646452,0.884
4190.2,GT-24403,-36941.499823530765,33615.08965323982,7.997356109128146,-0.8194599467381701,0.88
4190.2,GT-24485,-19061.026151706792,-45553.83155229526,2.049525662712104,-0.8100836186165701,0.901
4190.2,GT-24490,51582.47019358272,-84.44064408454034,-2.055909823414126,1.1925205337811229,0.9
4190.2,GT-24494,-45494.0286047169,-35928.19667592625,-0.256700437130991,0.14440403758718945,0.893
4190.2,GT-24557,24342.247191293252,75219.8113484132,0.0817469222344246,-0.007146170225183941,0.899
4190.2,GT-24597,-9551.016944061617,98672.6871132156,0.22280693258214682,0.29187053951892683,0.894
4190.2,GT-24630,55612.62262713351,-68244.64821996838,0.08524595301215314,-0.12917191694751562,0.898
4190.2,GT-24637,-33742.92322948739,-30242.866290357262,0.5364800314090291,0.2631178268955002,0.903
4190.2,GT-24678,40710.26373881541,-62356.14244769926,0.1395913877483884,0.5672493001134312,0.904
4190.2,GT-24685,91765.70991782688,-21181.244476144864,0.07474296622454663,-0.11080265215977014,0.902
4190.2,GT-24728,74987.53139086976,-67941.31372586629,-0.14338886022312805,0.143469525455935,0.881
4190.2,GT-24729,-90833.83442419482,-35102.6843304675,-0.07124322997943379,-0.21782004772304916,0.887
4190.2,GT-24735,-78276.49467369555,-50909.3051989951,-0.14898428260491892,0.301118603502274,0.875
4190.2,GT-24737,65766.97792098261,-49263.33920955956,0.17485517162763292,-0.0675908238396067,0.867
4190.2,GT-24757,41754.560509123556,-50988.24904604189,-0.7207771393695124,0.30998940741278797,0.896
4196.4,GT-24403,34991.54327428839,-430497.7179408299,-495.28556563563984,3183.7472972910973,0.961
4196.4,GT-24485,-19092.53835194077,-45535.41502259298,2.7741095310038553,-1.0076106557679916,0.888
4196.4,GT-24490,-68715.34016802741,-598930.1550231996,1123.1021811098653,5593.701833910659,0.927
4196.4,GT-24494,-45495.26376243329,-35928.509010749876,-0.24874246012057497,0.12591990555037844,0.881
4196.4,GT-24557,24337.586498546574,75225.17468474811,0.17360130122717615,0.07732976206694535,0.889
4196.4,GT-24597,-9546.511108613782,98664.289678342,0.20308817137812857,0.3367968159670296,0.887
4196.4,GT-24630,55614.45863131048,-68233.13995966021,0.12090509629735081,0.19032412439238433,0.883
4196.4,GT-24678,40712.797440764865,-62358.73306527049,0.1670353827589486,0.4452708621956698,0.894
4196.4,GT-24685,91762.31937075613,-21175.499553819605,-0.06475634764524318,0.05936049465644118,0.899
4196.4,GT-24699,49123.460954053015,26478.61981522594,0.13865861426355405,-0.04717331001831493,0.878
4196.4,GT-24728,74988.19641777,-67941.46165290907,-0.14814584930963595,0.12201016318279909,0.859
4196.4,GT-24729,-90834.80041974089,-35098.761181345384,0.07335664930360607,-0.27082323035197614,0.89
4196.4,GT-24735,-78276.27003203062,-50909.86371669331,-0.1616478238762,0.26664790599018484,0.856
4196.4,GT-24737,65769.93999476208,-49259.70213224685,-0.14161303230013778,0.013219850693710192,0.881
4200.46,GT-24401,-26301.97480242606,53160.59262650302,-0.4530342000534121,-0.39851015320775773,0.873
4200.46,GT-24485,-19243.164989242057,-45498.21065668533,4.448924495915849,-1.9501722593674646,0.886
4200.46,GT-24494,-45492.26511601792,-35941.21634140246,-0.17032416831536434,-0.2191370528946289,0.886
4200.46,GT-24557,24324.081988119044,75217.22087540246,-0.09623091387264235,-0.13286958991083245,0.886
4200.46,GT-24597,-9552.725300077662,98651.79654983812,0.09616417067037167,0.4697899867276065,0.872
4200.46,GT-24617,-94089.55230027158,41485.13732200754,-1.0287139716739742,-4.834803765407054,0.857
4200.46,GT-24678,40711.696698684194,-62356.976159942526,0.1774520601718249,0.3266246196492195,0.876
4200.46,GT-24682,63768.42554038573,-81794.60299599967,0.04794973119596063,0.008235926492627638,0.875
4200.46,GT-24685,91770.94828817104,-21175.844929206833,0.10784147607339614,0.23292449853002936,0.878
4200.46,GT-24699,49125.25141351443,26477.26354968755,0.12574664039251682,-0.026082097125616713,0.858
4200.46,GT-24729,-90836.15803059346,-35096.18074288232,0.09503069653171406,-0.19305699753641195,0.88
4200.46,GT-24757,41766.97012299874,-50998.02336084558,-0.20183761366835032,-0.11247510716641224,0.871
4206.7,GT-24494,-45496.662681424605,-35936.11690023974,-0.22032577604120754,-0.11713098302413433,0.851
4206.7,GT-24557,24319.069575396697,75218.64697138987,-0.06412168790672763,-0.16365407036267438,0.857
4206.7,GT-24597,-9572.594206062546,98653.63336898324,-0.003010177986078902,0.8516815737896495,0.851
4206.7,GT-24729,-90833.55229766917,-35090.14493918686,0.1916165075549002,-0.12023048671772679,0.856
4206.7,GT-24757,41768.97351692345,-51005.11614466236,-0.10890377850207393,-0.34458070016444287,0.853
4213.18,GT-24557,24322.445101999256,75215.85867228964,0.15553053427279911,-0.14634593042228755,0.85
4213.18,GT-24678,40710.06872897851,-62362.75227403845,0.23779705977890103,0.0880133969336532,0.931
4213.18,GT-24685,91764.17137991426,-21175.171596654276,-0.09649273369661696,0.2007660769010508,0.928
4213.18,GT-24729,-90828.87277066296,-35087.43557244996,0.13262057852046535,-0.04569534701589856,0.933
4217.53,GT-24401,-70549.15438403962,-111127.81166909127,123.53907764147954,460.05621433257204,0.875
4217.53,GT-24485,49077.43743731541,-99705.21363454638,-480.76069399174474,380.77573737248474,0.966
4217.53,GT-24557,24327.707714032782,75211.59313032577,0.36021506918080026,-0.21909872248928,0.885
4217.53,GT-24597,-168024.9561352801,-475448.8364456388,1402.2432038737927,5080.5525995473745,0.894
4217.53,GT-24678,40713.79621883767,-62362.3805791034,0.2025664554886292,0.08626169480859998,0.874
4217.53,GT-24685,91767.79422243875,-21174.379016564235,0.020834920927322503,0.20711912230708332,0.883
4217.53,GT-24699,49132.59547513404,26474.17201115615,0.10233430445137834,-0.08350169629938368,0.87
4217.53,GT-24728,74992.0304133041,-67967.68530455431,-0.06627079235143127,-0.44142318395629676,0.875
4217.53,GT-24729,-90828.35117947687,-35088.523672665884,0.15544577061069806,-0.03714619489014023,0.88
4217.53,GT-24737,65774.2696774262,-49273.1741778265,0.019062681220547637,-0.20820682179280442,0.869
4217.53,GT-24757,41775.74652950513,-50996.71941500562,0.0336173283653365,-0.05384929071105943,0.885
4217.53,GT-24843,428.0798770824405,71890.98501956176,-0.4318546743248828,-0.03911421269349902,0.858
4217.53,GT-24845,51421.49544076958,21.00966738428735,0.19915219749104043,0.22533289123799036,0.882
4222.37,GT-24494,-45491.370076213374,-35941.26715384391,0.1726675822415359,-0.2959576181972903,0.851
4222.37,GT-24557,24335.567145209585,75214.62932303765,0.705504892272567,-0.2403098615187192,0.862
4222.37,GT-24637,-33745.47180269195,-30248.124720953238,0.11937474377879605,0.0939777239589314,0.851
4222.37,GT-24678,40700.594412991486,-62374.90776906975,-0.0735627489986381,-0.2215412651625089,0.934
4222.37,GT-24685,91772.32563116252,-21178.783271834545,0.17152053168412212,0.09877239128153684,0.938
4222.37,GT-24729,-90835.29975222006,-35083.727913114744,-0.05653817043637946,0.06032349113570136,0.942
4222.37,GT-24757,41769.238676790126,-51000.86704347428,-0.14821010295244053,-0.1477557428345242,0.857
4222.37,GT-24845,51426.17287871853,15.392339205740821,0.34278825783637257,0.006315340405045403,0.937
4226.86,GT-24557,24326.14417824506,75223.65715406212,0.9613373358351958,-0.14626332514213897,0.922
4226.86,GT-24617,-94126.67335457684,41165.35771962254,-1.142948767874452,-7.952178802262256,0.865
4226.86,GT-24728,74890.10889863562,-67919.07750557225,-3.85006412795233,1.4794526179420409,0.884
4226.86,GT-24845,51431.38094438133,15.349914894869931,0.35677644561835664,0.005790628396221168,0.914
4232.43,GT-24557,24308.88947482991,75232.6804723637,1.0254843554205146,-0.1602430989256589,0.891
4232.43,GT-24678,40700.54772674694,-62372.9523790094,-0.1897203304067916,-0.2231739864686847,0.881
4232.43,GT-24685,91774.12313186869,-21181.421318065764,0.20377701359702508,0.027036589088027058,0.892
4232.43,GT-24729,-90840.6853821101,-35094.672198763656,-0.29302346901428133,-0.2546315877651939,0.896
4232.43,GT-24757,41779.31165443339,-51005.25612312746,-0.20054375727848345,0.13358331924270372,0.883
4232.43,GT-24845,51435.32248795682,13.841007492029975,0.35894700694293097,0.010932238647290043,0.879
4232.43,GT-24904,-9572.356341342736,98694.72091473216,-0.25793936263713235,0.09881931256745777,0.879
4232.43,GT-24916,-18831.698810168058,-45656.17852165901,-0.41112591105884533,-0.0912737984044678,0.871
4237.63,GT-24557,24276.331330437886,75259.73681916042,1.0205176632507245,-0.041477058164122574,0.938
4237.63,GT-24678,40701.8572586339,-62373.03509125851,-0.1582489290354668,-0.2445679276393031,0.914
4237.63,GT-24729,-90835.73776491827,-35097.86834142289,-0.10231708681330445,-0.2879971115410796,0.935
4237.63,GT-24757,41781.102188448465,-51002.939456995584,-0.1303459530192766,0.1251664946808686,0.922
4237.63,GT-24845,51434.46968152891,18.192641857283757,0.3305851155830962,0.24628130474720847,0.925
4237.63,GT-24904,-9574.467602644718,98692.11443684732,-0.04848022398860648,0.3168552678482837,0.926
4237.63,GT-24916,-18828.888879403537,-45655.08118503598,-0.29442128185303734,-0.0388650565841875,0.918
4242.94,GT-24557,24267.768780169325,75255.90694464647,1.2541450539455579,-0.31972498471318955,0.91
4242.94,GT-24617,-94079.91298469408,41517.336343226954,-0.06809223668979708,-0.7329460390571247,0.888
4242.94,GT-24685,91773.2785471438,-21188.29208914955,0.1656843573728708,-0.03719029106696329,0.912
4242.94,GT-24729,-90834.59838215257,-35097.21564398726,-0.12462985406135668,-0.3467714004132278,0.905
4242.94,GT-24904,-9577.146236453793,98690.07292506857,-0.07317920099266692,0.23158666947134382,0.917
4252.48,GT-24630,55604.08828489848,-68227.66699567618,-0.02814872777604916,0.4602574156166936,0.875
4252.48,GT-24678,40723.44047132143,-62368.734214221724,0.004035954920392257,-0.42917520069487564,0.892
4252.48,GT-24685,91778.84300658123,-21191.63973375247,0.15879589542308448,-0.0027107094898594225,0.895
4252.48,GT-24729,-90837.25306335968,-35093.4402973223,-0.15691654575124953,-0.35520330227212016,0.895
4252.48,GT-24737,65779.27203999717,-49259.69282782327,0.2616824023651805,-0.12198432569723408,0.885
4252.48,GT-24757,41789.80042839839,-51005.12657631774,0.028909713063550016,0.08294085738569873,0.906
4252.48,GT-24845,51419.95416635443,17.70360990576427,-0.048718410068538304,0.11122895724336052,0.901
4252.48,GT-24904,-9198.42282104658,98342.38751427525,2.2977807022549817,-2.1094517609898165,0.901
4252.48,GT-24916,-18832.04017065636,-45657.12046395623,-0.2995994210298465,-0.025514788109874478,0.894
4255.62,GT-24617,-94107.49221329852,41349.64324103838,-0.8079403253105768,-5.510899254380319,0.882
4255.62,GT-24678,40741.21247718868,-62376.09965519783,-0.030600770793387043,-0.6196042961483976,0.936
4255.62,GT-24737,65774.38782873581,-49026.21460386381,0.38572429831141736,-6.6341874787374815,0.854
4255.62,GT-24757,41788.68839568682,-51001.204192170975,-0.08477023377597885,0.16706642811649908,0.932
4255.62,GT-24845,51419.64936236221,14.605985654603055,-0.0533200747301826,-0.032641701752720714,0.85
4261.18,GT-24682,63789.47155627443,-81809.73219783114,0.496470065820432,-0.1846623644337867,0.868
4261.18,GT-24685,91769.6036807594,-21207.762917719323,-0.03363352868888217,0.03752059709734179,0.903
4261.18,GT-24729,-90819.17241747335,-35081.13170065391,0.20889231444576886,0.05363039304975817,0.904
4261.18,GT-24735,-78258.45970174028,-50903.7308187029,0.05876865018864584,0.1354559240819606,0.884
4261.18,GT-24757,41781.545164796575,-51004.708234404236,-0.2711771433055901,0.10961245600819941,0.902
4261.18,GT-24845,51420.472649503135,12.935965762647362,-0.22511050390152337,0.13034009687667245,0.908
4261.18,GT-24898,-36416.23386328366,33560.81978739582,0.23563294409091542,0.10523766972306513,0.878
4261.18,GT-24904,-9279.28963348858,98416.06178318437,-0.1153542755604477,0.05575387196946743,0.899
4261.18,GT-24916,-18807.59596923857,-45635.72901927452,-0.17647240663976319,0.3109126592036103,0.892
4261.18,GT-24941,-26297.544705401226,53166.3463205011,0.10784761484165464,0.2037542340579076,0.902
4261.18,GT-24993,24358.01895730517,75222.00151464023,-0.4300785083549043,-0.19505551136743718,0.873
4267.29,GT-24630,55604.29188735816,-68239.25208366654,0.13066838278961856,0.3450318359986418,0.852
4267.29,GT-24685,91767.6444772646,-21212.160586734233,-0.04829629205317181,0.01888113448663978,0.861
4267.29,GT-24757,41782.96681288796,-51002.53620295649,-0.27998065295583247,0.097775708150886,0.855
4267.29,GT-24843,415.8036347823091,71894.69863243036,-0.43069628298347884,-0.13166089592053512,0.861
4267.29,GT-24845,51425.65686847282,8.854556418545652,-0.15914918227011654,0.1201165367223673,0.859
4267.29,GT-24898,-36405.37587226495,33562.45320731128,0.49890104485821885,0.13199043203748473,0.855
4267.29,GT-24904,-9260.27218761093,98399.75776269185,-0.5866958790696126,0.49852873094023487,0.851
4267.29,GT-24916,-18812.217692947663,-45636.99151976962,-0.19385328659662043,0.28299380277841957,0.851
4267.29,GT-24941,-26302.235208763785,53171.69969773031,0.03640759117031503,0.41280738778552184,0.863
4270.88,GT-24132,-19007.92137319421,46841.16409319256,1030.6218305652008,0.6624178664220599,0.882
4270.88,GT-24494,-45534.03809840483,-35956.276483006535,0.3591431988205508,-0.11358563577467173,0.887
4270.88,GT-24630,55596.7108718099,-68247.60826614732,0.1627494404219508,0.42256099244960643,0.874
4270.88,GT-24637,-33742.063477570475,-30235.099904360533,-0.2514886812272564,0.1475528743748908,0.877
4270.88,GT-24682,63786.80174882977,-81813.90998455476,0.42913480411660815,-0.1395059446474883,0.855
4270.88,GT-24685,91761.8006390751,-21211.656820185362,-0.07611460407133758,0.021654047536322787,0.897
4270.88,GT-24699,49122.0877780351,26477.95140257144,-0.15870822757692324,0.2397589028250116,0.86
4270.88,GT-24728,74970.43972850245,-67962.91713527802,-0.3615192460932383,0.1569993576329296,0.888
4270.88,GT-24735,-78262.12661260903,-50912.289932376756,-0.07714179592476336,-0.06290978981787076,0.882
4270.88,GT-24737,65755.19288204346,-48549.30226584516,0.734417315202129,-10.19189989640725,0.889
4270.88,GT-24757,41784.237885673014,-51001.75195588941,-0.30381516079757087,0.1742349830500536,0.887
4270.88,GT-24843,413.75494313794053,71891.27370704434,-0.41791533169775874,-0.10054272853313029,0.894
4270.88,GT-24845,51437.99111432598,5.330146007325285,0.31482121162643434,-0.13313256072385718,0.897
4270.88,GT-24874,-51005.72795237092,-19842.610090969018,0.20910579893376538,-0.07092331561524759,0.882
4270.88,GT-24898,-36403.77149526334,33564.14979268662,0.43152660447630975,0.11896683925795978,0.875
4270.88,GT-24904,-9277.971376172747,98415.80779343123,-1.6934522152116973,1.4492338315158735,0.896
4270.88,GT-24916,-18811.5195320572,-45642.074867307296,-0.2351111867147157,0.238433897837884,0.886
4270.88,GT-24941,-26304.80030638372,53179.22011656725,-0.08186933395974015,0.529624731706284,0.895
4270.88,GT-24993,24356.609144064845,75215.03495547843,-0.31833310138918736,-0.31088864986096065,0.891
4277.0,GT-24630,-56954.16712324553,-58351.29050270698,63.040623754555874,-5.62179461461967,0.85
4277.0,GT-24637,-33741.54202501347,-30237.017172411342,-0.24626267847643749,0.13698998577835733,0.857
4277.0,GT-24685,91730.45468979675,-21234.431665485656,-0.1938755924549065,-0.0302105750430932,0.898
4277.0,GT-24728,74972.31982987004,-67965.21132274161,-0.23455247826689624,0.028667760024405353,0.888
4277.0,GT-24735,-78260.18898850432,-50913.46237793182,-0.11820858761301146,-0.048455195000783345,0.859
4277.0,GT-24737,90785.19677988619,-548680.573378064,-1568.3146658561154,8671.22933264479,0.924
4277.0,GT-24757,41798.82105208578,-51000.276958406386,-0.3753283249389934,0.22572937560083767,0.898
4277.0,GT-24843,412.18364947581756,71890.08381892568,-0.43209714163272833,-0.10292640009178472,0.873
4277.0,GT-24845,51434.95714071082,0.24449814963345282,0.16873791676461786,-0.20902917560881076,0.895
4277.0,GT-24874,-50999.403559864695,-19829.22846442372,0.2908853258080435,0.18996988223799657,0.886
4277.0,GT-24898,-36404.727791303485,33567.42951149146,0.3467895012939577,0.19053429138942546,0.875
4277.0,GT-24904,-9257.904735076616,98395.15967706803,-2.1758627580969168,1.964563973482487,0.886
4277.0,GT-24916,-18797.69822391578,-45645.9284662309,0.03134523094542756,0.08069135483363793,0.887
4277.0,GT-24993,24368.011357393523,75211.58308517667,-0.2585679963999788,-0.1115930782317541,0.894
4283.01,GT-24685,91726.98510795148,-21250.768882145832,0.06499838226911372,0.22645444290862637,0.888
4283.01,GT-24757,41819.435015872004,-51022.47725912635,-0.4730314781470252,0.19092652223233061,0.885
4283.01,GT-24845,51435.50993413829,0.10076721686525923,0.11898980171905656,-0.1469810412456674,0.882
4283.01,GT-24904,-9239.246263073253,98366.28816969594,-3.306827314265971,2.9268774576994403,0.883
4283.01,GT-24916,-18786.269236818323,-45653.652097298494,-0.01065698613002506,-0.07130960091130392,0.891
4283.01,GT-24993,24367.468119699013,75201.64476712458,-0.40155649216183864,-0.31891532097441855,0.894
4283.01,GT-25059,-90823.99673114704,-35101.68982131982,-0.11509102819695446,-0.35125088950656647,0.875
4283.01,GT-25073,40716.12781086362,-62384.414021666635,-0.19897868304113192,-0.038383996543163615,0.873
4290.4,GT-24494,71035.2028617613,-102946.77720257768,-40480.71515878842,14789.098297059954,0.858
4290.4,GT-24685,91725.94427393147,-21275.817562744796,0.3892750262099749,0.7609735532232527,0.945
4290.4,GT-24757,41818.496433511194,-51032.259449481775,-0.5582348995523057,0.2806376290745157,0.872
4290.4,GT-24845,51435.13740997597,-1.4327020657695946,0.12971154964068893,-0.08894561034393239,0.871
4290.4,GT-24904,-9207.354369168772,98329.80985478187,-4.156401496934153,3.812084951819581,0.88
4290.4,GT-24916,-18784.843274894985,-45657.12746360858,-0.13630918529896957,-0.026857745631948163,0.876
4290.4,GT-24993,24369.71525838245,75205.10651826128,-0.13128793541161435,-0.076059519565926,0.943
4290.4,GT-25059,-90822.81407874636,-35086.809721261,-0.17938784252168205,-0.06616763652286273,0.887
4290.4,GT-25073,40822.07881647581,-62323.058174931866,-1.1752730586169555,-0.5734153649552806,0.944
4296.33,GT-24617,476397.978122503,200667.64211836387,-2295.8362830702213,-639.814806649897,0.858
4296.33,GT-24637,309234.59456651023,516713.8218053073,-3457.3959242587002,-5516.726209106868,0.889
4296.33,GT-24685,91724.84747844472,-21272.34061943618,0.47010983072147544,0.8792734370231354,0.88
4296.33,GT-24757,-48650.449784384495,251261.2498919864,83.05294960508694,-277.59611247073093,0.91
4296.33,GT-24845,51434.37543524512,5.219471301826495,0.09653112774733269,0.014064829380514177,0.886
4296.33,GT-24904,-9157.65293773552,98274.39081994952,-5.003112290261543,4.563252118190425,0.883
4296.33,GT-24916,-18800.50027573511,-45650.73079970114,-0.5180945756103987,0.1281957512070384,0.891
4296.33,GT-24993,24367.633517722064,75210.78239391607,-0.17571538046566837,0.08330116665034752,0.893
4296.33,GT-25059,-90821.7276561608,-35085.597850831524,-0.13457453772177783,-0.030454401251937373,0.885
4296.33,GT-25073,40816.90331751651,-62328.02778299294,-1.169637563309043,-0.6217988152459483,0.884
4302.84,GT-24685,-9716.246764053078,125039.83296680877,708.0975595737615,-1021.7660434412337,0.932
4302.84,GT-24699,49149.32444527353,26466.44829737199,-0.21909543631348666,0.3829814887008881,0.889
4302.84,GT-24845,51427.642508737175,-2.4997298881429937,0.28170199681885466,0.25685452265185826,0.89
4302.84,GT-24904,-9008.657968331181,98152.96175127942,-6.788167364297855,6.539824609860566,0.894
4302.84,GT-24916,-18796.044221239074,-45644.79280601261,-0.6587532122834524,0.258617367901331,0.898
4302.84,GT-25059,-90820.56637500218,-35083.69852265708,-0.10352168952892808,0.020761808525108474,0.892
4302.84,GT-25073,40765.87727468773,-62339.207883749434,-1.0678101353566198,-0.15620497692833005,0.899
4308.25,GT-24874,-50994.75837289566,-19831.826378834794,0.2947761381080417,0.07932414149094164,0.86
4308.25,GT-24898,-36396.378332017055,33572.13763136067,0.051821847336166245,0.11632169476732922,0.885
4308.25,GT-24904,-8857.458481797961,97994.60976488302,-9.08753702997559,8.850923999089414,0.878
4308.25,GT-24916,-18781.91546321535,-45644.23108268213,-0.5993629878277712,0.45540490961696023,0.887
4308.25,GT-24993,24368.16716879531,75209.09223548058,-0.10870252750854575,0.0425065824817603,0.878
4308.25,GT-25059,-90830.59042376472,-35090.30780165827,-0.31174033992115335,-0.13521198924925784,0.883
4308.25,GT-25073,40766.661819589375,-62340.97998526766,-1.120018281947273,-0.23414531924145943,0.877
4315.55,GT-24735,352577.33711690136,-2264.8749013785064,-3872.2735966656346,-437.8852152536308,0.902
4315.55,GT-24916,-18769.71005608993,-45650.61210803335,-0.7270660155373831,0.4146643376550126,0.882
4315.55,GT-24993,24375.185833183525,75217.13335738414,0.15706840419785317,0.29772543371141585,0.88
4315.55,GT-25059,-90833.65788830562,-35084.031397850384,-0.2525107430301507,-0.20353597412230975,0.869
4315.55,GT-25073,40764.90006811003,-62354.3088930398,-0.22786662302360788,0.058432790374207816,0.889
4315.55,GT-25137,41755.90347292925,-50964.48649254261,-0.05013672461984747,-0.1922489621521389,0.926
4320.86,GT-24916,-18744.755409431462,-45678.40267476061,-0.813234262900091,0.29064043491380204,0.893
4320.86,GT-24993,24370.335090903212,75215.93874868249,0.1210824220316738,0.1327188499481182,0.889
4320.86,GT-25059,-90830.25662611032,-35094.08447485363,-0.3254327376344659,-0.48783960677993266,0.885
4320.86,GT-25073,40764.98850669546,-62360.77709000958,-0.16690451463634476,-0.07967210666194097,0.884
4320.86,GT-25137,41752.99787017917,-50963.440222306475,-0.08224159011668994,-0.1479564328280512,0.88
4320.86,GT-25139,51437.337236192965,24.4138785021245,-0.042739962749291135,-0.24474084654603734,0.892
4320.86,GT-25140,91781.92571371482,-21181.133057083032,-0.14929073655514202,-0.07927818315831742,0.889
4320.86,GT-25162,-9563.483255916737,98701.48561026495,0.23081810527317437,-0.5692235091016321,0.87
4327.4,GT-24874,-50996.93774676016,-19839.413820242717,0.3942071994528772,-0.10199409045185048,0.901
4327.4,GT-24898,-36407.394206514444,33575.65365134125,-0.4058082457639606,-0.18373009393400608,0.904
4327.4,GT-24916,-18726.021952751587,-45687.14921196678,-1.0660680291624338,0.4382893641200407,0.885
4327.4,GT-25059,-90828.1646611062,-35079.28146442463,-0.16246885891925492,-0.11168144496952404,0.899
4327.4,GT-25073,40763.49919676105,-62362.67277532244,-0.2996051399064772,-0.20203796777143856,0.886
4327.4,GT-25137,41755.24115658244,-50963.468074834556,0.018741600204402492,-0.16390860626154047,0.89
4327.4,GT-25139,51437.237326568385,27.397132657076288,-0.055204087444376236,-0.154878276496487,0.891
4327.4,GT-25140,91781.87820489213,-21183.863687229186,-0.09162588755230552,-0.10780450825389026,0.893
4327.4,GT-25154,63762.29175120434,-81823.36518474568,0.10073345853183162,-0.4312062650039765,0.873
4327.4,GT-25162,-9558.953321643443,98688.87035421601,0.1895669075396139,-0.36615102931326615,0.894
4331.93,GT-24916,-15504.897155324212,281709.0525643166,-11.858966824784819,-1225.6973257898962,0.932
4331.93,GT-24993,24368.128754926318,75218.30926609173,0.1575927143369315,0.052616840839962375,0.89
4331.93,GT-25059,-90831.07949002093,-35075.43336728892,-0.20176171608526808,0.03310787744753196,0.898
4331.93,GT-25073,40774.261519424595,-62366.781128510374,0.08187401025455618,-0.32548988661372036,0.898
4331.93,GT-25108,-93993.91426435039,42040.861379957765,0.45962190577146783,1.7291127952771097,0.922
4331.93,GT-25137,41765.199565936564,-50981.450644658,0.2995077087046649,-0.1489201329573711,0.908
4331.93,GT-25139,51432.9034930816,20.007717732445453,-0.20574754016275434,-0.2606305219201246,0.898
4331.93,GT-25140,91782.57529254799,-21185.182219648254,-0.06507192259741111,-0.14365480176684228,0.894
4331.93,GT-25162,-9558.253286043227,98699.61981134205,0.26097662939842375,0.06238687879506086,0.907
4336.78,GT-24874,-50989.199623181856,-19834.892488139034,0.42752929890128194,0.13913350156994445,0.906
4336.78,GT-24898,-36402.64883769758,33578.98045902848,-0.35828444146486405,-0.3501216185275455,0.906
4336.78,GT-24993,24367.31816944147,75222.77719842935,0.04916182811750107,-0.012730975631024342,0.883
4336.78,GT-25059,-90830.34029748049,-35079.397953759966,-0.15171225042316552,-0.023119708326943794,0.879
4336.78,GT-25073,40758.847265653305,-62366.015860528154,-0.36683886803134425,-0.2790967913388194,0.89
4336.78,GT-25100,65785.58039569759,-49268.42096644175,-0.013266988226006561,-0.19820997524028053,0.899
4336.78,GT-25134,-45474.12322800827,-35935.92726044367,0.3630483757746339,0.24608093317719826,0.916
4336.78,GT-25137,41764.80052284593,-50982.07305556701,0.28582582388741773,-0.17891816246423414,0.881
4336.78,GT-25139,51430.49660565354,19.484046878500173,-0.22377347506239442,-0.24668603774713405,0.881
4336.78,GT-25140,91778.49460742576,-21188.04633044255,-0.1153498682582707,-0.12568807379514088,0.876
4336.78,GT-25154,63776.924556210804,-81807.16300244471,0.21297211821804302,-0.015667446796443357,0.899
4336.78,GT-25162,-9556.480135138574,98699.98676425937,0.3006332894931323,0.03493849719356585,0.882
4336.78,GT-25175,55576.22854196263,-68466.0780558052,-0.05428811443874945,-0.09720666749670703,0.888
4341.71,GT-24941,4604.855739895763,-220035.82158648944,-20.691123571070285,182.7931242332755,0.864
4341.71,GT-24993,24359.608107947366,75238.78871252343,0.06410420874371298,-0.0004233124180683251,0.901
4341.71,GT-25059,-90824.67123919127,-35072.977912699884,-0.1680884392573742,-0.011858181024001858,0.893
4341.71,GT-25073,40758.02376771294,-62365.60700741701,-0.27365283390507816,-0.1536128790464144,0.906
4341.71,GT-25108,-94052.34620377109,41609.121007962895,-0.20331214852473528,-2.670151901044001,0.937
4341.71,GT-25137,41754.085468422185,-50980.47236074057,0.039618227998631045,-0.1522951219347724,0.903
4341.71,GT-25139,51433.63941838533,21.12480210179574,-0.21072717992239823,-0.29532192224823217,0.892
4341.71,GT-25140,91778.61289673837,-21173.982008655137,-0.10028993345732728,0.1412680668962766,0.906
4341.71,GT-25162,-9549.694878014569,98699.51286133903,0.36876749166316325,0.008289365353725243,0.897
4347.32,GT-24843,412.7179285431535,71896.32050563845,-0.01734043025137801,-0.12073473046365708,0.855
4347.32,GT-24874,-50999.055868227966,-19837.785236684365,0.2900844359987147,0.20588606456868366,0.882
4347.32,GT-24993,24367.047331865047,75243.05434921647,0.07639699624558371,-0.22887185071066274,0.901
4347.32,GT-25059,-90837.14875236766,-35077.62070376581,-0.18596655628112221,-0.12361039647413398,0.898
4347.32,GT-25073,40765.60920253256,-62361.41192631674,-0.4188100771797603,-0.20701765693110408,0.897
4347.32,GT-25100,65790.89682053808,-49276.48699754857,0.09043931723900042,-0.2507314300484521,0.872
4347.32,GT-25129,-33769.393107971,-30263.44537509447,-0.087332615520309,-0.30758759661317786,0.874
4347.32,GT-25134,-45479.035407268675,-35944.66427801211,0.20124497612552883,0.029975995632765567,0.883
4347.32,GT-25137,41761.29710506222,-50984.991852056155,-0.06760051289740115,-0.30472434293508066,0.907
4347.32,GT-25139,51431.14780640718,23.307760757206385,-0.21521917093222573,-0.3259142548142503,0.899
4347.32,GT-25140,91780.08153925186,-21174.005522633055,-0.024416336070187988,0.06821910031468777,0.904
4347.32,GT-25154,63786.08104015794,-81805.99237410583,0.32341088670382956,-0.01058463566082091,0.875
4347.32,GT-25162,-9552.194673884842,98698.64677907953,0.19953786773996116,0.0019658237728377263,0.904
4353.56,GT-24843,420.6161998692007,71901.40517256448,0.12529152515184014,-0.05479632924461941,0.858
4353.56,GT-24898,-36413.56533372494,33598.110394253796,-0.7204722012379218,-0.6979292648450035,0.886
4353.56,GT-24993,24366.207473124974,75247.69945401775,0.10457051995655273,-0.47569392204959254,0.888
4353.56,GT-25059,-90787.19185341086,-35226.318418464216,-0.9100035820434553,2.897033251857171,0.885
4353.56,GT-25073,40770.85972110701,-62360.34447055066,-0.6099276913909959,-0.21611245557463502,0.877
4353.56,GT-25137,41767.66416180831,-50979.58053662059,-0.01624750457688487,-0.14582290195074177,0.893
4353.56,GT-25139,51422.30700122552,37.08896832480858,-0.4367212573818074,0.04570637285490281,0.888
4353.56,GT-25140,91781.20585360988,-21175.157421973843,-0.03834520255316997,0.07335600909302525,0.873
4353.56,GT-25162,-9550.548102058152,98696.72688601461,0.1908396996358517,-0.10703848445528247,0.877
4353.56,GT-25175,55588.17672257729,-68417.4922415576,0.07377091301291971,0.5129839917969757,0.857
4360.54,GT-24898,-36415.621760731425,33608.110466999344,-0.7785803911525817,-0.7277880183640427,0.851
4360.54,GT-24993,-66067.06018236616,101930.58828611823,-265.0541997050267,77.82631647501721,0.964
4360.54,GT-25073,40787.0109549466,-62352.0395004355,-0.5035581803433922,-0.18328918353779103,0.858
4360.54,GT-25134,-45476.096866479,-35942.41015123593,0.25685702374370456,-0.0024194175878150814,0.855
4360.54,GT-25137,41769.37710325927,-50980.41670210643,-0.04183542750671952,-0.1242441769057282,0.854
4360.54,GT-25139,51439.29702545078,35.48626728946625,0.09738158082570056,-0.058972298911064674,0.939
4360.54,GT-25140,91779.37478810505,-21183.232998753352,-0.05677703326154304,0.032129679373544225,0.931
4363.37,GT-24728,74974.37945997439,-67992.32008467849,0.0017156630060261302,0.3828376123180354,0.887
4363.37,GT-24843,422.57119432824544,71895.70252454643,0.0996788069656184,-0.24136940213940394,0.857
4363.37,GT-24874,-50913.67248361185,-19799.200585180726,-2.5185759426205228,-0.9703784981554093,0.948
4363.37,GT-24898,-36410.87189565553,33613.324844576244,-0.8504553408481583,-0.8186109230234315,0.865
4363.37,GT-25073,40787.921090536176,-62353.427744808636,-0.8541335399922909,-0.27117093470478715,0.893
4363.37,GT-25100,65780.72338002008,-49260.84538317371,-0.2503637398384138,0.17797811417345408,0.887
4363.37,GT-25129,-33762.63620950034,-30250.72470908179,0.054223043382462296,-0.1119671906636682,0.861
4363.37,GT-25134,-45478.36412315659,-35942.461660990215,0.19798058490237552,-0.016280294241538408,0.875
4363.37,GT-25137,41766.34457127963,-50978.558812314484,-0.11153078192715171,-0.09404165937878298,0.886
4363.37,GT-25139,51438.885344999,36.59775904529205,0.10655922705431624,-0.07444913851283208,0.877
4363.37,GT-25140,91776.62154503362,-21185.62996073769,-0.028809729188374468,0.06547629734905508,0.874
4363.37,GT-25154,63772.178010351614,-81797.34011069512,-0.026781339323134618,0.1465579294570033,0.878
4363.37,GT-25162,-9549.52011430167,98699.97415441535,0.1626212461571729,-0.18562664788278987,0.877
4363.37,GT-25175,55586.00091656275,-68339.42746882305,0.23014989628601312,0.6431534332820569,0.89
4363.37,GT-25261,-18823.92540113303,-45637.951262539806,-0.2155982700451366,0.07188407826041945,0.879
4370.15,GT-25073,40812.52478981323,-62347.035180520434,-0.9282741853125716,-0.2503281723533906,0.892
4370.15,GT-25137,41764.3221438018,-50976.19309427773,-0.2156213122428416,-0.12433096447060149,0.883
4370.15,GT-25139,51438.89405121344,36.03417560743024,0.07489317479283683,-0.03789134587608972,0.891
4370.15,GT-25140,91785.33379616732,-21194.43424832473,0.018055691677637806,-0.09918359646052452,0.884
4370.15,GT-25162,-9540.422724851627,98711.62064514657,0.256135524850313,-0.20001872130653386,0.889
4370.15,GT-25261,-18830.545242646407,-45642.717251687514,-0.11975437722524765,-0.09839334712542144,0.887
4370.15,GT-25296,-90824.90670702294,-35115.676248945005,-0.26621346636316495,-0.44550038861303354,0.868
4376.21,GT-24728,61074.914428541015,29902.678274150407,-40.26052012226956,281.3994326543997,0.912
4376.21,GT-25073,40819.968642644235,-62343.51605186878,-1.113485449907801,-0.3098453102246154,0.876
4376.21,GT-25137,41753.897360087474,-50972.79578122429,-0.43923235160252594,-0.08514761519397518,0.94
4376.21,GT-25139,51442.52662461733,45.085100963974824,0.17603612153529977,0.11826447557234285,0.886
4376.21,GT-25140,91781.79071319537,-21197.05314413882,-0.045446234483168244,-0.06076283442495605,0.874
4376.21,GT-25162,-9537.311129842748,98717.69355812903,0.21162407132770603,-0.28245096541078407,0.87
4376.21,GT-25261,-18833.494756267322,-45642.472683493776,-0.17835577695117988,-0.043452710866972666,0.875
4376.21,GT-25296,-90827.01694738348,-35113.8905596862,-0.2658909497293482,-0.3607692616152521,0.877
4380.43,GT-25073,40851.11967185861,-62325.68619146162,-1.5010957633206636,-0.49971012087456856,0.864
4380.43,GT-25108,-93975.40981952824,42373.767777173365,-0.40172773058517036,-1.2113332234669394,0.919
4380.43,GT-25137,41752.68192963125,-50972.98314445912,-0.444781722787816,-0.10535472537091425,0.857
4380.43,GT-25139,51443.13864169574,40.23248088760335,0.1869483657361641,-0.04705886203583581,0.868
4380.43,GT-25140,91782.98088494483,-21192.541849630583,-0.1486206812189314,0.05214088959285651,0.859
4380.43,GT-25162,-9546.365209126785,98721.94838153268,-0.06149462372461553,-0.4208997683305711,0.86
4380.43,GT-25261,-18829.72907340569,-45634.72085629715,0.02131682550516928,0.062170464940789996,0.864
4380.43,GT-25296,-90834.51962576433,-35108.99697256978,-0.40945690767435033,-0.25206796870294335,0.863
4380.43,GT-25320,24364.748399977827,75196.44343801928,-0.5764531476745821,-0.2969893257695809,0.851
4387.71,GT-25073,40877.29630616465,-62315.60981791303,-2.1044720811401905,-0.7481950208943665,0.875
4387.71,GT-25137,41743.2315384182,-50972.484171365184,-0.20943007106661285,-0.1765080047920232,0.945
4387.71,GT-25139,51439.86456684959,33.11756767370211,0.06804054399838741,-0.20453215056121604,0.954
4387.71,GT-25140,91767.22672031984,-21227.37753485178,-0.2424471875798653,0.26748681839458077,0.947
4387.71,GT-25162,-9552.201590582054,98739.93173018364,-0.17865139991914458,-0.7611959842206635,0.884
4387.71,GT-25261,-18830.983759059447,-45640.99341772815,-0.03645110710940215,-0.07657753107359473,0.943
4387.71,GT-25296,-90824.28241883771,-35101.07765625245,0.024451355708795808,0.10040541361574987,0.894
4387.71,GT-25320,24369.992432889732,75199.68363674115,-0.28613605968882705,-0.16011292093792365,0.949
4391.87,GT-25073,40951.43017067664,-62282.41705621537,-3.1692016458022056,-1.2448355536612237,0.862
4391.87,GT-25137,41753.2606321297,-50968.97248288038,-0.15612056883278969,-0.19503493491213814,0.866
4391.87,GT-25139,51439.31876506693,30.18734613229866,0.03205645611326724,-0.23825542762732427,0.875
4391.87,GT-25140,91765.41508899748,-21226.879012400248,-0.20612133300473612,0.4509781797669621,0.872
4391.87,GT-25162,-9542.509690915755,98748.2308407316,-0.3256658872967963,-0.949922603128042,0.867
4391.87,GT-25261,-18827.292449661592,-45644.18373629252,-0.031115803423338084,-0.052926314309915255,0.934
4391.87,GT-25296,-90819.08973687359,-35101.847566741206,0.28504037016989625,0.01681838149548624,0.943
4391.87,GT-25320,24363.213309378112,75204.03355573052,-0.39257711391201966,-0.19118672921161917,0.878
4398.65,GT-25137,-140434.0097786308,-68533.10330070496,158.35122792610662,15.461615772896437,0.97
4398.65,GT-25139,51439.96035679467,45.92537123188556,-0.1283494416058757,-0.03887398625762303,0.955
4398.65,GT-25140,91757.2240659779,-21263.010430612845,0.1667326541026531,0.9491090169617273,0.95
4398.65,GT-25162,185051.24695928727,-52388.51123336464,-1066.9937278520295,830.0757714156053,0.982
4398.65,GT-25261,-18831.411591780263,-45641.5119443591,-0.09558976668640912,0.01929714620667316,0.952
4398.65,GT-25296,-90822.55538694585,-35103.80513965442,0.19887051093598243,-0.038932794873538096,0.952
4398.65,GT-25320,24363.791805724628,75203.21069427564,-0.24996359206364463,-0.14245784133143194,0.89
4403.32,GT-25139,51442.726509293185,43.5261898123339,-0.05064538911584745,-0.26303296443489327,0.945
4403.32,GT-25140,-725533.731991796,-82668.43470751576,8445.065686329006,634.8929508701016,0.919
4403.32,GT-25261,-18832.050101088033,-45640.66526150838,-0.09891260571794566,0.011877453332372155,0.863
4403.32,GT-25320,24363.130785253124,75203.85028591067,-0.23026516656421075,-0.14189761485838975,0.861
4409.11,GT-24874,-43479.12976637655,-78696.03893536475,6.740282026550548,-55.790728406833416,0.868
4409.11,GT-25100,65772.91150587413,-49264.79156703411,-0.2363724887561206,0.08271427654022208,0.854
4409.11,GT-25129,-33766.423490907764,-30228.651225454192,-0.08730183314077564,0.09308232313419255,0.861
4409.11,GT-25134,-45487.92417195873,-35947.84657019426,0.05178519753270246,-0.2347122001533481,0.865
4409.11,GT-25139,51448.673891269464,50.08874362196041,-0.04356790790737859,-0.27940040025620827,0.937
4409.11,GT-25154,63755.54755773656,-81797.62161685638,0.44216414397147885,0.06700909629334303,0.86
4409.11,GT-25175,55759.780587231326,-68078.83727383701,-2.8694380029527182,-2.7300793817952984,0.904
4409.11,GT-25220,49134.01822160523,26566.26913665985,-0.09665882087692995,-1.4138323752698359,0.867
4409.11,GT-25264,-78260.41605262445,-50900.318150215935,0.24652950993796674,-0.09046711799213666,0.877
4409.11,GT-25316,-26322.40777793311,53162.5074089801,-0.3601770382398581,-0.07537945766068493,0.859
4409.11,GT-25320,24369.233412440062,75200.35377374079,-0.18019827428123314,-0.26708435158160015,0.92
4409.11,GT-25352,414.78991231880286,71889.66742097787,-0.42588117015662125,-0.3036443319555576,0.864
4409.11,GT-25376,-36359.852852427146,33536.84156389562,-1.5128538880943667,0.21385547204468985,0.865
4409.11,GT-25406,40692.000846176976,-62387.83769053623,-0.031025070581683113,-0.09781954732592954,0.914
4409.11,GT-25428,41761.20219915675,-50982.41455702375,0.29516611014420197,0.3472929477821734,0.866
4413.24,GT-25129,-33768.77794265914,-30231.37533673355,-0.09867779131096291,-0.00819557097270121,0.87
4413.24,GT-25134,-45491.2596616582,-35948.37866000001,0.08595460353791397,-0.21924997229484253,0.852
4413.24,GT-25139,51446.74400824787,53.74816439555709,-0.09556295115264529,-0.3226697198742937,0.903
4413.24,GT-25154,63727.37456840449,-81800.39012786275,0.298714420408529,-0.22375049168527236,0.879
4413.24,GT-25220,49128.91704158958,26564.208470063804,-0.18424188950454892,-1.2635074464900093,0.872
4413.24,GT-25261,-18826.118409078834,-45653.46158415647,0.0868230312947291,-0.03171143356564171,0.9
4413.24,GT-25264,-78259.12611293103,-50901.15955763528,0.23382178809255982,-0.07278311279800301,0.866
4413.24,GT-25296,-90820.64244151134,-35102.04976642498,0.1636748527485474,-0.08148425216845029,0.903
4413.24,GT-25316,-26322.008064792935,53165.476242033394,-0.2943824949760266,-0.06694561262487306,0.859
4413.24,GT-25320,24369.338129590076,75205.5177462376,-0.21528755349501044,-0.16076906168487679,0.897
4413.24,GT-25406,40689.97908148662,-62387.564524569345,-0.10001778126079659,-0.09681944506193364,0.896
4413.24,GT-25428,41766.66295078161,-50991.61122367178,0.0624685432681826,0.09646165898221545,0.889
4422.38,GT-25139,51452.11268597916,53.94949787452287,-0.030168347430702173,-0.30491484119083717,0.895
4422.38,GT-25261,-18828.1188327791,-45652.26198582496,0.06307233513140964,-0.036797116853125394,0.9
4422.38,GT-25296,-90819.07700871653,-35097.64144411019,0.16464141861081472,0.08591547986716054,0.897
4422.38,GT-25320,24374.328980598126,75212.76874541996,-0.15485186886579244,-0.008156526124854669,0.897
4422.38,GT-25406,40687.89400227585,-62386.230503372084,-0.0028245528817773292,-0.1198865115818492,0.907
4422.38,GT-25428,41778.29949660524,-50977.65020421064,0.2198600299740098,-0.04723788866632618,0.897
4422.38,GT-25457,-9568.886628271532,98697.33792321324,0.5561965429263415,0.03711284788470276,0.89
4422.38,GT-25458,91770.24143294033,-21191.038206557576,-0.035048641411691096,-0.20767273042720674,0.879
4428.25,GT-25139,51451.65639430459,65.11688250908766,-0.010296001338875895,-0.42845108084746264,0.941
4428.25,GT-25261,-18823.235493245014,-45654.1917017138,0.06527628521782784,0.03517236402250231,0.94
4428.25,GT-25296,-90815.78730305533,-35098.50410270701,0.18425173851814974,0.16095119808857544,0.95
4428.25,GT-25320,24370.655509578995,75213.43592879512,-0.17880560166581455,-0.059360282018920206,0.949
4428.25,GT-25406,40694.55210686461,-62389.67618131919,0.16224372641743473,-0.19074262300322967,0.95
4428.25,GT-25428,41772.69022440878,-50978.227586040666,0.03253578364120807,-0.09630914667652,0.882
4428.25,GT-25457,-9573.514034951237,98697.46076512558,0.38280515150927835,-0.11084973078635585,0.954
4428.25,GT-25458,91778.76448435348,-21182.549982294255,-0.02491971619821773,-0.16446296084546383,0.94
4432.54,GT-25047,-315528.9262608468,399816.7200926888,3791.14654567146,-4553.476475863715,0.865
4432.54,GT-25100,-176990.97211676373,144589.52373586182,255.05298848887088,-204.27164823014778,0.899
4432.54,GT-25139,-149360.5368936927,-21370.239109617272,49.52044871058811,5.1558565592466525,0.9
4432.54,GT-25261,184139.40583132074,98693.98546849619,1229.459573724166,874.3505134046268,0.928
4432.54,GT-25296,-90813.61771747093,-35097.886432595595,0.20694191937794554,0.1594272551730764,0.873
4432.54,GT-25320,24373.59952700752,75213.31753012784,-0.0814564382845414,-0.18590310349644074,0.946
4432.54,GT-25406,40696.220165436294,-62391.653167453835,0.18431475013963,-0.18589653840777712,0.867
4432.54,GT-25428,41767.54560861731,-50979.95078656079,-0.07714034704769605,-0.11641463156801758,0.866
4432.54,GT-25457,-9567.875071372777,98692.40065934989,0.24262012289347776,-0.16053799584045997,0.88
4432.54,GT-25458,91779.61717856501,-21180.35748794967,-0.003860691260667879,-0.09234569434244655,0.87
4435.64,GT-25049,50441.241951700125,-45306.12908743145,0.006433864187424976,-0.01298487091562045,0.853
4435.64,GT-25108,-94169.2796329038,43926.31564214546,2.222718664705784,-19.318396421639473,0.947
4435.64,GT-25296,-90816.26896105292,-35096.30136736957,0.13542425634116642,0.21808628254307483,0.885
4435.64,GT-25320,24375.009306579595,75210.82572593496,-0.10741030335516452,-0.1568465482842138,0.881
4435.64,GT-25406,40700.744102912446,-62388.8217082144,0.08861934531190852,-0.1824367729133848,0.89
4435.64,GT-25428,41759.96360290791,-50979.99572747541,-0.4285409364752263,-0.12426617908523571,0.889
4435.64,GT-25457,-9567.540950649098,98691.47848752211,0.24493981402537188,-0.14883167832312028,0.884
4435.64,GT-25458,91784.37649704701,-21187.106050940023,0.17290811810970427,-0.07652090370166052,0.893
4441.25,GT-25108,1081673.0020207777,-1233113.9364293036,-2636.3112647456696,2863.7628990403714,0.901
4441.25,GT-25129,-33768.45962947522,-30226.57021062768,0.1824769850592043,-0.07575893589347879,0.894
4441.25,GT-25134,-45484.175577952934,-35898.802227996835,0.14345195423664486,-0.3246406238261919,0.889
4441.25,GT-25175,55872.930714768176,-67949.96405391242,-3.457576003428574,-2.7902457386872745,0.888
4441.25,GT-25296,-90819.1868370058,-35104.43487852117,-0.07138535790525533,0.11863745987554034,0.894
4441.25,GT-25316,-26191.623358133227,53400.301370641406,-2.2131241245235405,-3.2025717134106495,0.899
4441.25,GT-25320,24373.409416208953,75211.66146008896,-0.19788344791620338,-0.21460793521576493,0.889
4441.25,GT-25406,40703.31300001399,-62383.89228425467,0.21086043523567388,0.01559329364234835,0.9
4441.25,GT-25428,41761.84719471237,-50982.71464639728,-0.241181138857147,-0.2225116722919886,0.9
4441.25,GT-25457,-9571.573107164666,98695.3452671783,-0.046754270585462984,-0.025187936397318825,0.893
4441.25,GT-25458,91789.78707061596,-21195.1331520162,0.3420836634161377,-0.14455939410967958,0.895
4447.29,GT-25175,55877.28550931533,-67925.37375400492,-3.894891778715103,-2.987370607528444,0.858
4447.29,GT-25220,49112.461593965796,26526.926108491512,-0.22835889040121726,-0.12979138377971458,0.852
4447.29,GT-25296,-90818.5595119004,-35108.08340086356,-0.11289384050798403,0.16289149623216498,0.851
4447.29,GT-25316,-26184.94798078859,53411.01573311342,-2.287910677141018,-3.4105635728263697,0.855
4447.29,GT-25320,24376.167522808253,75212.11802300677,-0.27320292664518997,-0.23170342421239198,0.944
4447.29,GT-25376,-36396.69498500759,33540.48618227846,-0.672764734913924,-0.34863812486487844,0.865
4447.29,GT-25406,40702.32782760456,-62383.77094583511,0.20552758512447428,0.02791791260067466,0.854
4447.29,GT-25428,41761.9912549487,-50978.48097753383,-0.2868299743038643,-0.17034144807112211,0.926
4447.29,GT-25457,-9575.495577771788,98693.62356313433,-0.12043263202196684,-0.0329356410694197,0.855
4447.29,GT-25458,91791.46463516458,-21192.462976815706,0.3032027046999538,-0.09863214030810631,0.855
4447.29,GT-25517,51424.98003768295,24.519457856722635,0.4565049668331382,0.43416776645175537,0.928
4450.5,GT-24975,35427.610091084345,23783.68943535319,-1.2779738456810341,-0.9172318065534126,0.892
4450.5,GT-25049,50442.46324207809,-45301.46145378419,-0.02423586094910967,0.026646004180243623,0.854
4450.5,GT-25058,82220.69965562497,71165.17288065216,0.4613733344077776,-0.33194817326678877,0.852
4450.5,GT-25296,-90816.55522751027,-35112.229591779775,-0.07955349670320092,0.2066125235511054,0.882
4450.5,GT-25320,24380.1174134106,75217.80552947079,-0.14086967025983368,-0.07727233921204729,0.893
4450.5,GT-25406,40696.56078591332,-62385.627210942854,0.10612315912820544,0.07475493198310046,0.892
4450.5,GT-25428,41760.65267963725,-50974.298644932285,-0.305119161205163,-0.13887270899973264,0.877
4450.5,GT-25457,-9575.8059719044,98698.74631676558,-0.13067173463760728,0.016134389670775913,0.879
4450.5,GT-25458,91783.21099876058,-21188.78049874756,0.07854285346520484,-0.02739635254715511,0.888
4450.5,GT-25517,51424.37893986808,25.046604317643684,0.49151430935766294,0.44929278969611525,0.873
4450.5,GT-25565,-94069.08906568699,41804.45940816649,-0.00011441117408750312,-0.3046743917624867,0.923
4456.55,GT-25129,-33765.941463866315,-30215.74634249145,0.2560136122071875,-0.2978108575257402,0.878
4456.55,GT-25175,55953.95522916663,-67856.70928121114,-4.094286004368213,-3.6520904871783446,0.897
4456.55,GT-25220,49112.102254825935,26519.25650467888,-0.1565179631518639,-0.3080672688687801,0.896
4456.55,GT-25296,-90836.65363957864,-35125.18938364095,-0.1734091561364565,0.18322369314369313,0.901
4456.55,GT-25316,-26169.56669922704,53433.264703322886,-2.4724877386156083,-4.229064342464984,0.872
4456.55,GT-25320,24382.92209083014,75218.57118398756,-0.1828109893947098,-0.057625655880244354,0.894
4456.55,GT-25352,431.9028655428454,71877.19277955807,0.18726077244846392,-0.26007270746020716,0.887
4456.55,GT-25376,-36397.57044640576,33544.53351090441,-0.6107447680589764,-0.2760668269961873,0.886
4456.55,GT-25406,40700.426418118645,-62383.357838022894,0.16953066108025625,0.1023415899234165,0.898
4456.55,GT-25428,41758.880639187315,-50970.61949625118,-0.35042442132749374,-0.024024873787953996,0.892
4456.55,GT-25457,-9564.198040532181,98687.7167061535,0.21414691497426055,-0.23461796695723894,0.896
4456.55,GT-25458,91780.92143939435,-21184.34298963156,0.023550900899902492,0.03217372650274712,0.891
4456.55,GT-25509,63780.20527609221,-81782.19973171002,0.9065980177290376,0.5740679335588399,0.863
4456.55,GT-25517,51423.03693592588,26.362016460947586,0.4398762998804382,0.42587318484694886,0.881
4456.55,GT-25550,65784.83744678515,-49257.399793236866,0.11664252111824037,-0.4342454044984485,0.855
4456.55,GT-25552,-18821.253629918127,-45643.52702998865,0.19127154439172714,-0.23116499507741048,0.883
4462.26,GT-25220,49107.226990093055,26521.53191590923,-0.24034801890837387,-0.2657115837528043,0.854
4462.26,GT-25264,-78270.30612685796,-50893.77097834941,-0.09581281895277596,0.0717961349114633,0.859
4462.26,GT-25296,-90837.55430557128,-35125.10776309695,-0.18192592924002998,0.31757620046035046,0.856
4462.26,GT-25320,24387.798490766076,75218.27334951959,-0.22977569740185844,-0.06290915464952322,0.855
4462.26,GT-25376,-36397.907217489235,33547.78786670455,-0.5742484624291131,-0.17107810436415327,0.851
4462.26,GT-25406,40700.597240276875,-62378.697769412225,0.14251637862272826,0.2832485017139186,0.859
4462.26,GT-25428,41767.403418963055,-50970.358768235135,-0.22520658864583945,-0.07023670379563854,0.856
4462.26,GT-25457,-9557.197127632913,98688.31569956288,0.37544732450541446,-0.2516952725257413,0.854
4462.26,GT-25458,91787.60684377755,-21184.52559802898,0.22635284422648785,0.032401114360716306,0.856
4462.26,GT-25517,51431.54137416364,42.094475386812555,-0.9504195552026548,-0.9207713271485756,0.908
4462.26,GT-25552,-18825.5281458467,-45645.64748512133,0.11155984076630393,-0.047940762953676,0.856
4466.54,GT-25296,-90814.00456103169,-35164.88788069007,0.08838231491034088,0.647632394117279,0.947
4466.54,GT-25320,24396.056876616254,75222.67286420445,-0.3705179528030208,-0.18303704911357344,0.939
4466.54,GT-25406,40703.10444201044,-62385.1561679441,0.16596003958660446,0.1946086759246483,0.947
4466.54,GT-25428,41762.86776422499,-50963.66596185492,-0.2428217601131445,0.002885108176562304,0.944
4466.54,GT-25457,-9550.31625120809,98692.26853224632,0.46167127776540967,-0.09097227793027132,0.943
4466.54,GT-25458,91783.69315220437,-21179.786603837954,0.012575829040658848,0.0958177975383125,0.946
4466.54,GT-25517,51435.272788212365,40.34994580714363,-0.7993928948531385,-0.9808055950957301,0.948
4466.54,GT-25552,-18825.883358797688,-45644.959957410545,0.03233940632526494,0.05283079976613181,0.941
4466.54,GT-25565,-94402.62786988309,41778.788702634374,0.3328603580202617,-0.8125093267392121,0.92
4470.79,GT-25129,-126682.70672670376,-211307.56404221704,592.8224784142069,1154.4686119654684,0.938
4470.79,GT-25296,-90814.48066660171,-35165.64674960152,0.1136094087928459,0.8356154232773894,0.907
4470.79,GT-25320,-207669.56095098727,-234569.60678576896,-659.3886783119265,-880.5052745005756,0.956
4470.79,GT-25428,41767.757346465645,-50968.17441528182,-0.050084736999432146,-0.01800231262086753,0.922
4470.79,GT-25458,91791.10078344749,-21177.12934338887,0.14589136318409107,0.14022093192683627,0.911
4470.79,GT-25565,-94424.39119810771,41821.18884621334,0.45822655986785454,-0.8319822834223588,0.867
4477.29,GT-25296,-351155.562662902,1197371.9358966078,1973.675442803656,-9345.051781330849,0.868
4477.29,GT-25406,40700.816667970015,-62380.604105980885,0.12447252481432947,0.3222781745658085,0.886
4477.29,GT-25428,41770.27793378687,-50964.34914587488,-0.019332806585110496,0.07687020500252234,0.889
4477.29,GT-25457,-9550.38737191247,98697.49554129083,0.35286121294938944,0.06397760942209361,0.89
4477.29,GT-25458,91787.08026943066,-21177.66811192357,0.07125437813453017,0.1290710024658387,0.888
4477.29,GT-25517,51430.66371598581,37.08485340958769,-0.5546841462951396,-0.3991713857771196,0.886
4477.29,GT-25552,-18826.51728681596,-45643.56639948033,0.25771501475743147,-0.14741524685329438,0.893
4477.29,GT-25565,-94425.15718957932,41816.28880607184,0.8076177759311545,0.2105860486376393,0.872
4482.1,GT-25406,40690.845588721204,-62403.75691977422,-0.1019004947701766,-0.029857501289754895,0.941
4482.1,GT-25428,41768.391029115985,-50962.7088693037,-0.015327789262115869,0.02546883045303143,0.85
4482.1,GT-25457,-9550.918981672154,98700.20223598817,0.26183806952972943,-0.05038853568693406,0.929
4482.1,GT-25458,91784.54974742503,-21180.57224906432,0.01999599475487416,-0.021826530457675734,0.935
4482.1,GT-25517,51433.30491673516,33.82692735352581,-0.24920506802470208,-0.3965350661898105,0.936
4482.1,GT-25552,-18827.383402188978,-45642.565177062774,0.19593017012547248,-0.1608952255763867,0.939
4482.1,GT-25661,-90810.14619660848,-35088.26858741864,0.2213679036772099,0.7456239486150636,0.873
4487.62,GT-25406,40696.69691978712,-62402.70415603434,0.10472236145414417,0.038087538931122676,0.864
4487.62,GT-25428,41764.99446160172,-50969.495567708735,-0.05651427765659303,-0.24029940513312212,0.861
4487.62,GT-25457,-9554.208354237942,98709.1053895066,0.3070279460803058,-0.028954224042013442,0.865
4487.62,GT-25458,91783.73331127109,-21178.103496263888,0.06291298796445385,0.0057671854461894614,0.866
4487.62,GT-25517,51433.05671858327,32.02520595612063,-0.2821428077034382,-0.469579267155542,0.862
4487.62,GT-25552,-18825.714157651484,-45640.02914925732,0.1974719982702535,-0.06377703623787731,0.863
4487.62,GT-25661,-90818.3231919556,-35076.131502138145,0.24837717939992088,0.43190343699667966,0.854
4495.42,GT-25406,40702.11952667582,-62387.432256767774,0.10559335382486704,0.3064764087163038,0.953
4495.42,GT-25428,41753.2207846293,-50967.48919245984,-0.25329245101455794,-0.14257726935150172,0.885
4495.42,GT-25457,-9552.573509138634,98715.79216007252,0.24026155345912537,0.015691030991586,0.939
4495.42,GT-25458,91783.87225514684,-21168.53991976014,0.05556951773684524,-0.11629653561364467,0.933
4495.42,GT-25517,51437.1165548104,27.63673374655444,-0.16546501596148117,-0.5341664553779553,0.87
4495.42,GT-25552,-18834.438933659763,-45641.23752428542,0.010735445234642482,-0.058855809793334546,0.949
4495.42,GT-25661,-90821.8870282781,-35072.22887442143,0.08468716039076132,0.15083194879229078,0.945
4501.33,GT-25406,40705.61729369621,-62400.27649050143,0.053213806180513884,0.17386077546247378,0.91
4501.33,GT-25428,41760.86691395093,-50962.825504849076,-0.03169012714255532,-0.09259742850598232,0.901
4501.33,GT-25457,-9570.84829593391,98700.39555616312,-0.006688003886917482,-0.21423659443632115,0.905
4501.33,GT-25458,91777.73030396744,-21166.407925603253,-0.058025607138943364,-0.04271195794580825,0.901
4501.33,GT-25517,51438.971608633874,29.884387218559812,-0.28267627197134415,-0.6078942503934384,0.895
4501.33,GT-25552,-18827.41034129026,-45638.04035594352,0.2639093230576061,-0.041838756485922265,0.903
4501.33,GT-25661,-90823.56354896862,-35083.28456149952,-0.19800900362403717,-0.056211061373832964,0.906
4505.84,GT-25220,49096.92765887644,26495.790572084738,-0.12062843660702137,-0.4867384018705104,0.885
4505.84,GT-25352,407.2454146611243,71881.1683243332,-0.377192149244181,-0.14312997912979641,0.879
4505.84,GT-25406,40698.17497607096,-62406.922323223866,-0.11995992714721106,0.17068827396528757,0.897
4505.84,GT-25428,41756.28975990221,-50964.310257832745,-0.007230310750713714,-0.11747365167092425,0.888
4505.84,GT-25457,-57998.02121423636,-709017.1106311867,247.5321333449082,4118.630872737153,0.852
4505.84,GT-25458,91781.83717239957,-21164.72314990977,-0.07068039523096033,-0.07930047770127761,0.887
4505.84,GT-25509,63771.51450928114,-81786.94968098206,0.22674660055631682,0.1754640614219322,0.887
4505.84,GT-25517,51435.42131495658,34.56157737038005,-0.4333621128637888,-0.6086917183227586,0.888
4505.84,GT-25552,-18836.411066348184,-45632.32542659519,-0.03191500624057665,0.08838502580563756,0.896
4505.84,GT-25661,-90818.17958582756,-35080.55034806389,-0.17245347137800027,0.21285002298167566,0.897
4512.98,GT-25220,49090.25505665822,26496.82677793065,-0.15994815519499694,-0.4910871937188118,0.85
4512.98,GT-25264,-78264.79560042819,-50889.46641236064,0.03810784225982797,0.02558627784258468,0.864
4512.98,GT-25376,-36385.54414112476,33575.53971068723,-0.47007084616471095,0.2228420195903606,0.859
4512.98,GT-25406,39623.62518570207,221338.7351843197,-1.4511757936445584,346.6296004948032,0.876
4512.98,GT-25428,41748.50354319604,-50963.01868050954,0.05467367954292569,-0.18887532757041667,0.85
4512.98,GT-25458,91781.19989814381,-21150.34736137209,-0.04985151104311804,-0.22618784467726602,0.857
4512.98,GT-25517,51439.951757161776,45.07686526345493,-0.41564270330244846,-0.4260303751132456,0.857
4512.98,GT-25552,-18840.080233070366,-45631.51058513081,-0.02763861639652143,0.1439805139821715,0.855
4518.95,GT-24975,67483.70516024852,-9954.551673384416,20.317217910026,-21.98967645017281,0.871
4518.95,GT-25264,-78266.41631076713,-50886.53152405836,0.009299242692359874,0.02697317023513251,0.879
4518.95,GT-25352,414.1323417723831,71889.99171715188,-0.18331156357115355,0.08453584703033729,0.878
4518.95,GT-25376,-36390.6677988856,33573.698327065176,-0.5275334802627654,0.1271453759487724,0.877
4518.95,GT-25428,41756.13344278351,-50973.129733524904,0.0631114184582777,-0.4735351797203149,0.895
4518.95,GT-25458,-153837.12225597003,86181.81478111986,-65.59917924117495,28.312093845866524,0.938
4518.95,GT-25509,63771.901099720555,-81786.62227717234,0.1875819819856445,0.13108956652510123,0.868
4518.95,GT-25517,51436.30745936765,50.33831197152091,-0.43921421615402995,-0.5129467328448071,0.889
4518.95,GT-25550,65779.01585237103,-49243.163782465585,-0.0033926495419179803,-0.03714445579601544,0.88
4518.95,GT-25552,-18840.32341624628,-45639.158524294806,-0.016748354110878508,-0.06572958831937625,0.901
4518.95,GT-25565,2397496.3995715366,1299096.8584575623,-12214.023814151002,-6160.371376656142,0.866
4518.95,GT-25661,-90811.08481276344,-35078.90710857832,0.03107348282036021,0.20924837905066312,0.894
4518.95,GT-25725,-33757.85177575365,-30257.478212719656,0.07912110495623159,0.02552780384494884,0.872
4518.95,GT-25740,24336.404243320318,75213.79961690216,0.1134558056018826,-0.21160915253873402,0.888
4522.01,GT-25049,50458.14984610226,-45437.93114847554,-0.2380414002814885,17.33793176531217,0.882
4522.01,GT-25517,51448.92143147907,75.13458628192457,-0.3471252500677159,-0.6723222741554975,0.861
4522.01,GT-25550,65772.83425861457,-49244.3249073359,-0.16531700344375044,-0.047260454509476496,0.856
4522.01,GT-25552,-18840.62224229959,-45641.39660210967,0.02347361894452624,-0.07917178163446179,0.853
4522.01,GT-25595,-50988.161956801705,-19809.676151767584,-0.011324698607160677,0.16427461113964983,0.853
4522.01,GT-25661,-90808.65535633384,-35083.3602895569,0.0642040688043879,0.12321268076158513,0.856
4522.01,GT-25740,24342.059747005234,75214.64350390983,0.06977842867950673,-0.19783149972808423,0.854
4529.64,GT-25428,41764.154895607026,-50951.62152216061,0.08771843125066744,-0.7249885493871646,0.952
4529.64,GT-25517,-5034499.984812904,-4766718.585724851,13379.759517974997,12540.341308865474,0.907
4529.64,GT-25552,-18831.017740402363,-45631.50149997942,0.04058621633459643,0.02088787361034279,0.874
4529.64,GT-25661,-90809.73378002913,-35078.456754084276,-0.003762477515116873,0.1780699340803918,0.875
4529.64,GT-25740,24352.844996863685,75227.7953584626,0.17179448882707185,0.14879821863070092,0.948
4529.64,GT-25773,-9559.124154746885,98689.85040287186,0.18498791101517126,-0.04587664455815477,0.953
4529.64,GT-25802,40704.29137201333,-62401.927461552754,0.12470329736540257,0.013255840820050019,0.86
4529.64,GT-25834,91750.19292681933,-21188.8368877298,0.3247720469954673,-0.2336571515924934,0.85
4534.35,GT-25428,41763.658882640746,-50943.26220929461,0.10295209266760733,-0.9440981816788946,0.931
4534.35,GT-25552,-18839.395292607784,-45638.42463433395,-0.053882868330487936,-0.09943133849335645,0.869
4534.35,GT-25661,-90809.18238835839,-35083.924019963466,-0.013931372689096527,-0.0039467697793264395,0.873
4534.35,GT-25740,24363.54116705146,75224.55418667446,-0.02222339387106856,-0.006409528242514367,0.944
4534.35,GT-25773,-9559.916168652113,98693.49565397568,0.09120961736847537,0.07551143314029825,0.937
4534.35,GT-25802,40709.68292702964,-62395.403842276195,0.060957810345579753,0.30430126961220283,0.942
4534.35,GT-25838,51432.63067559458,25.342379818327416,-0.1397114531210675,-0.2736620157358891,0.872
4541.41,GT-25376,-92266.68045063947,-20066.693248353306,-57.2497482975232,-54.73869752295458,0.907
4541.41,GT-25428,-68938.89819105742,597762.8742102188,952.4250485129211,-5582.461282032959,0.881
4541.41,GT-25552,-18851.07916751444,-45639.45376846223,-0.21592084241291526,0.07383874337332574,0.906
4541.41,GT-25661,-90811.74801618996,-35080.750658898374,-0.19355222957710153,0.07588456332215554,0.905
4541.41,GT-25740,24364.1977982559,75223.95024415082,-0.09304516798612276,-0.04725687300090153,0.9
4541.41,GT-25773,-9559.222439211087,98704.0702158283,0.20117535951644777,0.1894843249669632,0.898
4541.41,GT-25802,40704.91552891174,-62389.66114806604,-0.09912615532690067,0.14324866991647603,0.905
4541.41,GT-25817,-93987.9023207357,42428.03695148653,-0.3639192194411051,1.3516874654565338,0.922
4541.41,GT-25834,91758.44854115069,-21182.463946830176,0.18274855646218727,-0.16368238887876352,0.904
4541.41,GT-25838,51431.811308890356,28.157100833301183,-0.12833480817939755,-0.22806117380971241,0.878
4544.32,GT-25220,-184252.92774866798,77855.90383679501,145.3071096954369,-31.788077185074254,0.902
4544.32,GT-25352,100119.45045260349,-37236.31600084821,197.19121076452365,-215.37700117180464,0.911
4544.32,GT-25552,-18847.230148252685,-45627.03085763638,0.0366666080763106,0.21305677634007766,0.948
4544.32,GT-25661,-90808.79000562135,-35080.046274447,-0.10091306133398262,0.08349841405006692,0.945
4544.32,GT-25740,24356.98664757324,75222.91758673284,-0.2653198736881554,0.10965747722962496,0.947
4544.32,GT-25773,-9563.858048361917,98691.8131848946,0.09391623504423435,-0.1013120979237332,0.951
4544.32,GT-25802,40704.487149207365,-62389.27707023046,-0.1113739736625894,0.1329561565008855,0.936
4544.32,GT-25834,91758.61458192309,-21182.10726303915,0.23173318842775362,-0.17156058245652173,0.936
4544.32,GT-25838,51436.64209083544,24.42737807595696,-0.13514875234990817,-0.39799233694692493,0.935
4552.19,GT-25264,-78239.09462926206,-50853.869319103615,-0.21745772765509958,-0.5538141987599907,0.859
4552.19,GT-25550,65782.10506463668,-49254.65693416806,-0.07158782237531269,-0.19529842972720046,0.862
4552.19,GT-25661,-90809.84444962384,-35073.780856177036,-0.1513419443743121,0.15785244102951823,0.933
4552.19,GT-25740,24360.615664363333,75223.05431723289,-0.09665394269691682,0.05580854635194858,0.857
4552.19,GT-25773,-9564.904530702115,98689.5432311948,0.08722195860116003,-0.11472866789455619,0.851
4552.19,GT-25802,40695.14544769144,-62390.88810082921,-0.2523853773395024,0.08923972768007585,0.859
4552.19,GT-25834,91756.77010348234,-21184.131040470147,0.26508788308882925,-0.18169269647912276,0.85
4552.19,GT-25835,-26324.786009052626,53159.73987827166,-0.04634204315308028,-0.23268376526307896,0.856
4552.19,GT-25838,51425.448721489214,26.554863478336536,-0.5054827431054879,-0.06014035244598817,0.857
4556.98,GT-25264,-78225.76120524156,-50842.87900757388,-0.10497318358610083,-0.57099085565785,0.885
4556.98,GT-25509,63770.510703274056,-81777.15002476175,-0.13920142472414768,-0.1090068841975697,0.881
4556.98,GT-25550,65781.60838486382,-49254.4734539311,-0.06943892150534413,-0.2113845618687605,0.869
4556.98,GT-25552,-18858.298171231057,-45635.282674726805,0.1969456324739141,0.22286446870732685,0.883
4556.98,GT-25595,-50986.84180628515,-19824.045674504858,0.010501425687724896,-0.19909967433596357,0.882
4556.98,GT-25661,-90813.91316570983,-35071.77970398181,-0.25234207953288373,0.15751481134424028,0.885
4556.98,GT-25724,74977.02662734722,-67946.61330996154,-0.16769394204820876,0.00781410254182155,0.884
4556.98,GT-25725,-33758.76613229116,-30251.786713154004,0.11692381053568869,0.08692656122537158,0.889
4556.98,GT-25740,24352.89324829949,75222.33441252062,-0.288209180441293,0.06063632833437804,0.886
4556.98,GT-25773,-9568.542089316583,98691.86998800954,0.10247803407518917,-0.09113341286539786,0.874
4556.98,GT-25802,40707.62624479352,-62396.4514668211,0.23250484507640806,-0.2685594627481165,0.888
4556.98,GT-25806,-45479.61275381308,-35943.32796329589,0.37015026343223945,-0.2590065525070471,0.87
4556.98,GT-25834,91752.57925773505,-21179.370007719564,0.13543046871071993,-0.025984478053913324,0.883
4556.98,GT-25835,-26324.217766543243,53169.0175687362,0.05032788207154807,-0.15061824013477076,0.893
4556.98,GT-25838,51429.75807316103,32.934867991501626,-0.1261132458600392,-0.1926419076029648,0.884
4556.98,GT-25877,41753.29244216639,-50980.701960919294,-0.2765264019591967,-0.7563991935911177,0.869
4564.06,GT-25661,-90819.202280026,-35070.361223241045,-0.28569635440289115,0.06281554356988206,0.883
4564.06,GT-25740,24341.731495131586,75214.26256588397,-0.543826771547316,-0.06955054717195674,0.896
4564.06,GT-25773,-9574.002075026272,98697.77291941595,0.11082614542391411,0.09917584973627504,0.894
4564.06,GT-25802,40702.886600057296,-62393.404262391814,0.20378926128234048,-0.15099650533619488,0.885
4564.06,GT-25834,91755.77215950104,-21173.293181144178,0.26183304941585805,0.06178710230879769,0.89
4564.06,GT-25838,51433.1539529051,28.996497314176416,-0.054027286323411694,-0.3170881009178075,0.885
4564.06,GT-25877,41753.072833178085,-50980.37550828381,-0.2439523009164369,-0.7147466769328698,0.875
4569.83,GT-25661,-90818.30290387839,-35065.466832832935,-0.2882151702583993,0.02666556236075997,0.869
4569.83,GT-25740,24350.05295042411,75208.13258638389,-0.2292004924794267,-0.2869500213837445,0.889
4569.83,GT-25773,-9571.464916713043,98696.66551773356,0.20223820700693315,0.07297268186371837,0.881
4569.83,GT-25802,40699.90333168499,-62395.30738686096,0.05051250084866244,-0.188536864001502,0.881
4569.83,GT-25834,91764.50294388471,-21179.776221226977,0.4870452374592321,-0.10468093551526952,0.948
4569.83,GT-25838,51436.58276431975,28.093491019740537,-0.007398750375761442,-0.3139331593571593,0.877
4569.83,GT-25877,41752.1094626889,-50966.26162765739,-0.3796554830347566,-0.26978903159249285,0.879
4572.91,GT-25740,24353.329076950577,75209.81723417228,-0.12302115097740927,-0.2280693436581917,0.92
4572.91,GT-25817,-94043.83751688189,41826.50368715154,-0.49426734622348256,-3.7903663793536877,0.885
4572.91,GT-25838,51436.662484604494,32.47241606718181,-0.0015332465942280195,-0.21032024478179995,0.916
4572.91,GT-25877,41630.453229182756,-50980.514476422024,1.5648194516693419,-0.21861312831648946,0.857
4578.33,GT-25264,106480.34427468687,-19872.76895623248,166.5286922354931,28.316039998785467,0.903
4578.33,GT-25509,65227.3814706796,98396.79564194432,0.9899870747085588,148.12135886831075,0.867
4578.33,GT-25595,-50972.88056634853,-19815.249925829514,0.19738236681855026,-0.03260875442103883,0.9
4578.33,GT-25661,-90810.75835026582,-35055.196293594585,-0.1584056487427146,-0.0068681903797326305,0.906
4578.33,GT-25724,74985.81639260812,-67936.43867217391,0.045193568703467135,0.23616550984448526,0.888
4578.33,GT-25725,-33749.30344184483,-30267.587733141707,0.10134019375465578,-0.07396796193130456,0.886
4578.33,GT-25740,24351.117357690742,75209.04134410601,-0.07859446608763063,-0.23585989019345627,0.892
4578.33,GT-25772,55599.34003870256,-68222.95757469672,0.05801080661581995,-0.07539783301946712,0.895
4578.33,GT-25773,-9574.23071457581,98708.9395195417,0.33291475804295023,0.2863463902024152,0.905
4578.33,GT-25802,40705.46218712218,-62394.064889641515,0.13504664853037257,-0.1588737399754901,0.895
4578.33,GT-25806,-45477.38777783769,-35935.89347648839,0.3625638737097918,0.06595319667085331,0.9
4578.33,GT-25834,91762.50284935278,-21179.64959888903,0.4502496205578591,-0.14791730632452246,0.897
4578.33,GT-25835,-26320.59471293715,53160.476489043984,0.14574331665939597,-0.19658113937911753,0.905
4578.33,GT-25838,51435.45192763558,34.6568093606519,0.05375236468792856,-0.16683891163224115,0.89
4578.33,GT-25877,41665.23003990291,-50988.28869090179,1.5772306444326734,-0.07788001866444975,0.895
4578.33,GT-25929,49096.86321469385,26500.27144582456,-0.3176235270788749,0.07484650863988647,0.875
4578.33,GT-25931,-36417.47053717364,33538.38637585706,0.020611066473552195,-0.13638565875969177,0.883
4578.33,GT-25955,-18807.73035758941,-45632.337196688975,0.17001331633927919,-0.07849711022787137,0.873
4583.48,GT-25550,65774.23916992417,-49276.45715383894,-0.19079158486354347,-0.01340104057740793,0.894
4583.48,GT-25661,-90805.68988116838,-35056.633814188775,-0.22598103900056485,-0.13920049623555908,0.89
4583.48,GT-25740,24361.516979706856,75209.11418290726,0.0211633317770508,-0.271575396881016,0.892
4583.48,GT-25773,-9575.680510043265,98708.36351332236,0.3380288740971011,0.20777229123511212,0.897
4583.48,GT-25802,40708.181627302314,-62398.80998944342,0.1484946812350161,-0.13654707925279425,0.894
4583.48,GT-25834,91760.94122660454,-21180.02008034489,0.4406396188957563,-0.18159683109246413,0.888
4583.48,GT-25838,51430.059829969396,41.25428253982951,-0.09023071655928189,-0.17823987219929088,0.895
4583.48,GT-25877,41674.702046416925,-50980.875342296094,1.0730777603591712,-0.006538008079771854,0.896
4583.48,GT-25931,-36418.85136707997,33538.194484968284,0.019830346548269994,-0.13465857917391688,0.86
4583.48,GT-25955,-18813.747702235243,-45628.35855197688,0.04366931545910559,0.18041046817657738,0.892
4589.79,GT-25550,65777.7256688521,-49272.09393695291,-0.14706589640487527,0.20571707284344443,0.86
4589.79,GT-25661,74375.8288163244,38985.51600211907,126.70502110587242,57.12008212613261,0.877
4589.79,GT-25740,24357.52378359065,75211.37255661594,0.0324854351393908,-0.270481693373188,0.853
4589.79,GT-25772,55604.128739574655,-68234.59402750856,0.12951425833342606,-0.2388797810317914,0.859
4589.79,GT-25806,-45474.97415803197,-35934.169422634295,0.31743017539078505,0.06510484383860402,0.851
4589.79,GT-25834,91751.43754739151,-21173.237131873495,0.3155548194067667,-0.024171020089578336,0.851
4589.79,GT-25838,51432.1268550908,40.80617237947349,-0.06880297362331778,-0.2025900427770818,0.857
4589.79,GT-25877,41688.64665855881,-50981.77617680961,0.8052760773112304,-0.05584145450534927,0.86
4593.39,GT-25550,65775.14287582485,-49273.622919068504,-0.11289499704377517,0.23463458959797176,0.869
4593.39,GT-25595,-50990.785962458394,-19793.367353274156,-0.19664267744999603,-0.0885729494161131,0.888
4593.39,GT-25724,74986.70036273476,-67940.37126224143,0.09976667275266277,0.16461030841874266,0.885
4593.39,GT-25725,-33754.04965769635,-30272.58196095472,0.008120334988700462,-0.09354683331270025,0.859
4593.39,GT-25740,24353.728819542168,75205.33634712141,-0.0518584122843568,-0.3903944051047257,0.892
4593.39,GT-25773,-9575.911777427926,98707.58478939546,0.39838830222508204,0.21456501042603432,0.882
4593.39,GT-25802,40699.3447153952,-62397.58509862738,0.25493507210376315,0.05909283026258502,0.892
4593.39,GT-25806,-45481.108231766164,-35935.26537821048,0.15851216233111864,0.09109131088350395,0.891
4593.39,GT-25834,91731.17091817848,-21175.593008556447,0.10192210531999207,-0.02674293087013274,0.894
4593.39,GT-25835,-26321.0589118526,53159.734272022666,0.2226867501463908,-0.1326229848005032,0.866
4593.39,GT-25838,51429.70993585954,30.64110819098405,-0.22943613879251015,-0.3790910263252937,0.899
4593.39,GT-25877,41704.559787540325,-50984.98551507907,0.9772373272498436,-0.12701386529894376,0.9
4593.39,GT-25929,49100.98332842497,26512.99547084983,-0.1083897716550486,0.3320429814430904,0.876
4593.39,GT-25931,-36424.18261528558,33525.788225093354,0.05691462431907991,-0.3540939058092972,0.873
4593.39,GT-25954,435.60838350377344,71886.38355016986,0.2961019766097521,-0.24234726091848097,0.861
4593.39,GT-25955,-18814.30474624091,-45627.54160675676,0.08839210831749054,0.10486913569803577,0.888
4597.71,GT-25595,-50979.69957978689,-19784.102242537527,-0.08970012344192951,-0.16475307144377438,0.851
4597.71,GT-25740,24345.06505321764,75224.31857910476,-0.12289516678381245,-0.14758405991134887,0.86
4597.71,GT-25773,-9572.295521965441,98709.40566305284,0.44860334822165193,-0.022938648271872003,0.857
4597.71,GT-25806,-45482.51175589337,-35935.37214806443,0.09763310978816381,0.047662168107740495,0.852
4597.71,GT-25817,-94121.5848915827,41194.109173709825,-0.9055530579503384,-7.450427186649923,0.933
4597.71,GT-25834,91730.78378496006,-21172.714823571267,0.11340635764703871,-0.0007757273299143289,0.863
4597.71,GT-25835,-26329.534391804504,53153.448249456436,0.021163910653492157,-0.24586007122125444,0.851
4597.71,GT-25838,51429.10416594547,28.68944741460563,-0.16474334698264848,-0.4115426727037316,0.856
4597.71,GT-25877,41703.23571552257,-50983.553212481565,0.9259195362899288,-0.1174756283827261,0.857
4597.71,GT-25955,-18812.36150424022,-45638.19340636054,0.11040825298898725,-0.054719534524486746,0.853
4605.3,GT-25550,65772.09958751539,-49280.00081012121,-0.07239827088121967,0.2988755101223556,0.886
4605.3,GT-25595,-50980.394106137006,-19783.81490187956,-0.03063496100789672,-0.30158455220820357,0.897
4605.3,GT-25724,74983.31529117718,-67937.63829330412,-0.043864655161203275,0.12326331037309758,0.903
4605.3,GT-25740,24345.191729053597,75222.79608485928,-0.09677476459498384,-0.2594251891686017,0.878
4605.3,GT-25773,-9591.69182942855,98739.01357216947,0.5236112963978181,-0.06627633614061675,0.894
4605.3,GT-25802,40695.53630899282,-62425.97806470861,0.13265504748687001,0.23107129068429166,0.886
4605.3,GT-25806,-45483.10877053997,-35931.5325214167,0.09189976355068363,0.10808993381992332,0.915
4605.3,GT-25834,91733.70358119997,-21173.41069352677,0.2365988270126298,-0.007179497630359327,0.892
4605.3,GT-25838,51424.81125916248,32.59150759162451,-0.23436541820555823,-0.32642269419180686,0.884
4605.3,GT-25877,41697.09979757718,-50983.94947789607,1.1072362705534213,-0.11133071911790843,0.874
4605.3,GT-25955,-18815.770315742695,-45645.26958457742,0.05051324311133705,-0.11311915170260792,0.88
4605.3,GT-26037,-90819.05557139029,-35088.26920159759,-0.04710647878170482,0.4848260715828069,0.884
4609.15,GT-25574,49861.35158943724,-93300.57772825022,-4.995414591782219,5.771150957900595,0.853
4609.15,GT-25595,807391.693448307,-547252.9509896822,-989.0920682441588,606.9830141140241,0.866
4609.15,GT-25740,24347.81005510426,75224.630694798,0.05588800741713064,-0.23876081589290873,0.924
4609.15,GT-25773,-9617.23439718642,98717.2477901159,0.7246308316217424,-0.4455668346890007,0.937
4609.15,GT-25802,40695.47608669948,-62466.18615593154,0.2535237463763384,0.576735670218985,0.93
4609.15,GT-25817,-94087.9373710544,41343.92941989777,-0.05721524509490905,-2.9828350889282547,0.896
4609.15,GT-25834,91729.01158733408,-21176.433244670592,0.3359940070696261,-0.054396605927675215,0.929
4609.15,GT-25838,51424.95086985259,30.66462179229393,-0.25347937104088375,-0.3184197852800107,0.915
4609.15,GT-25877,41680.113736143125,-50986.51045660403,1.1041418738801034,-0.23546109988814698,0.924
4609.15,GT-25954,408.1344391275257,71775.70556346698,-0.7850818918617533,-4.650443122794409,0.866
4609.15,GT-25955,-18825.483648184374,-45639.42016241335,-0.18290783025150123,-0.021120913574053865,0.931
4609.15,GT-26037,-90823.58929647697,-35087.46184332536,0.0336217149456485,0.15253445657356535,0.931
4615.7,GT-25574,49964.84674565291,-93412.70320969899,-3.6108066118236533,3.9399909843876646,0.877
4615.7,GT-25740,-17323.942085346644,-6099.056732860735,-50.177537490898345,-97.88427505718224,0.938
4615.7,GT-25773,109269.47774901209,25962.80363417646,-150.90103240396252,92.40163762577627,0.937
4615.7,GT-25802,40682.12275778578,-62596.43184923975,0.5551903983303994,2.2582563255079386,0.905
4615.7,GT-25817,-94078.96066057558,41380.730810113586,-0.00823656442062265,-2.2354090739833974,0.937
4615.7,GT-25834,91725.50632470482,-21173.630643643428,0.36473943237163114,-0.045126848565031706,0.9
4615.7,GT-25838,51428.05175133724,34.32457970402133,-0.27514433754824136,-0.23354754829541402,0.903
4615.7,GT-25877,41675.95712209882,-50975.030989820574,0.9437779306148503,0.06005619684444946,0.906
4615.7,GT-25955,-18826.886130204584,-45638.01345809131,-0.15021006950372034,-0.02600390047115988,0.892
4615.7,GT-26037,-90821.92576548277,-35087.28244046507,0.2647252993283339,-0.03466401885565989,0.901
4620.87,GT-25576,88697.49762679503,63020.465605419835,307.0954633430794,355.6028902365853,0.872
4620.87,GT-25725,-33763.0819599055,-30289.320615506713,0.020114394897932972,0.26220372422384636,0.896
4620.87,GT-25772,55611.98325514222,-68251.72008268019,0.12424576766091981,-0.3838669887255243,0.889
4620.87,GT-25834,91711.5674188441,-21177.487718883483,0.34671449815834277,-0.18480764114094755,0.887
4620.87,GT-25838,51430.73190378886,31.46740442466955,-0.16053270354626303,-0.3265579101083179,0.891
4620.87,GT-25877,41675.3431215049,-50975.559359934894,1.0734269973769304,-0.005725848027707078,0.879
4620.87,GT-25929,49093.97762134099,26504.705796838858,-0.4157591198998538,0.0697607323892795,0.893
4620.87,GT-25931,-36424.08412136684,33538.7770493894,-0.09299053567849677,0.10686714629027716,0.898
4620.87,GT-25954,435.8923638796386,71831.54570333046,-0.073404917585355,-2.479287365516959,0.907
4620.87,GT-25955,-18829.731484622404,-45638.22779729011,-0.12194993339485131,0.02948590338324047,0.88
4620.87,GT-26037,-90819.05376183309,-35089.35217429573,0.07304015371486833,-0.074683861228472,0.889
4626.15,GT-25725,-33772.306476562495,-30313.075662832864,-0.13475587254280752,0.7150424950864863,0.891
4626.15,GT-25817,-94053.76543748316,41614.84392417562,0.17031188843598755,0.3299961462115508,0.892
4626.15,GT-25834,91706.8356034221,-21181.87050067665,0.579400510864583,-0.21334995642879995,0.854
4626.15,GT-25931,-36421.874663846,33529.98954099453,-0.09900620894687362,0.013001189458012347,0.874
4626.15,GT-25954,436.90230538952136,71831.25609555138,-0.11889822231199614,-2.249773373986332,0.878
4626.15,GT-26037,-90822.81463992472,-35090.86291221345,0.13065737390056412,-0.08593880965160666,0.856
4632.14,GT-25724,74954.96154841571,-67930.33769163031,-0.32586751835700156,0.005814322323942078,0.861
4632.14,GT-25834,91674.02826066922,-21175.856809583456,0.709092134237363,-0.24441631500761488,0.934
4632.14,GT-25835,-26367.247316436533,53194.308567808424,0.024731924522019583,-7.900834029957414,0.858
4632.14,GT-25838,51433.74583059922,43.328157977086356,-0.06812812500024437,-0.1407259883630771,0.857
4632.14,GT-25877,41617.731496348235,-50969.41509241671,1.6879741605332093,-0.03743920415446643,0.935
4632.14,GT-26021,-78262.73189819722,-50900.874302026445,0.23091286683769202,0.4482849759323643,0.86
4632.14,GT-26037,-90821.7530230958,-35087.66751109835,0.03749699521530556,0.09659265031709802,0.926
4632.14,GT-26126,40699.76504597887,-62394.24055635879,0.3659388724278252,0.2865654488316616,0.902
4636.44,GT-26156,24353.07679597016,75201.62426411964,-0.275062654955666,0.09210978985835638,0.887
4643.19,GT-25725,102686.56840122218,198100.8998384651,-997.9450903448247,-1668.7538492103517,0.866
4643.19,GT-25817,-94032.07442346367,41836.27565566228,0.05572967414152541,1.9599545977570791,0.939
4643.19,GT-25835,-499601.83933670376,-562894.2818704479,1522.7099015903564,1983.9449612571118,0.912
4643.19,GT-25838,51438.122350896505,52.37551552959641,-0.15094352382143492,-0.25210880850657535,0.885
4643.19,GT-25877,41568.12767960681,-50955.015625237,2.721182215943963,-0.07718935607727673,0.876
4643.19,GT-25955,-18826.246109335625,-45663.63957891267,0.24965140602072378,-0.011953368161216102,0.889
4643.19,GT-26037,-90826.16578393907,-35086.28710932336,-0.10338710827550426,0.10335695322222745,0.883
4643.19,GT-26126,40712.230365911324,-62400.66514460193,0.19770759852945843,0.14863672937119726,0.88
4643.19,GT-26156,24349.077456976753,75199.09890278763,-0.2662531519971084,-0.19391165782309872,0.891
4648.61,GT-25838,-477639.0514813135,-160672.00075664005,711.1804198910331,215.48570365542795,0.98
4648.61,GT-25877,110954.66683444804,-167799.44877731876,-439.2241830192535,739.9277276007437,0.885
4648.61,GT-25955,-18837.037579691863,-45668.19869279215,0.03916371306688293,0.27916603033779086,0.857
4648.61,GT-26037,-90832.68858510109,-35100.314829662726,-0.1282843883367275,-0.07183248857034231,0.936
4656.09,GT-25724,74950.7974231894,-67916.41403371646,-0.047763260776573446,-0.3054688900905982,0.902
4656.09,GT-25806,-45460.86154676361,-35919.749753643024,0.14405437906081092,-0.3931034421483602,0.88
4656.09,GT-25929,49097.53819834471,26501.999986584055,-0.1089749739916015,-0.02647537797470932,0.904
4656.09,GT-25931,-36419.54052106575,33530.93780954453,0.1298400852283948,0.29121518416043385,0.898
4656.09,GT-25954,434.8687727571471,71866.00986517024,-0.2257655587550096,-0.6609108391748819,0.901
4656.09,GT-25955,118496.77921463802,62657.47428158356,-694.8466495316205,-547.9442398043857,0.858
4656.09,GT-26021,-78274.09579035605,-50901.66950351184,-0.07025844673146542,0.09446408115083373,0.879
4656.09,GT-26037,-90837.09147737142,-35107.18677303316,-0.24242023037004978,-0.16323252266627886,0.904
4656.09,GT-26065,63792.950499886385,-81785.3747916844,-0.05813521911093056,-0.49949942619032695,0.898
4656.09,GT-26126,40715.379126770524,-62402.072683103965,0.1754036755620796,0.11140949456967056,0.893
4656.09,GT-26156,24355.531402338755,75200.2936444118,-0.13946520171963617,-0.26909051404895956,0.906
4656.09,GT-26212,91786.76709159075,-21181.68100413468,-0.09361304486117211,-0.6673877068650279,0.859
4660.02,GT-25806,-45409.9983991716,-35920.64044849855,0.25127787251458766,-0.3922854080250789,0.886
4660.02,GT-25929,49094.38976588116,26510.52804268348,-0.2151043849455871,0.22715485168824479,0.894
4660.02,GT-25931,-36420.30801210861,33526.87885678602,0.064824135214883,0.27806328350133575,0.883
4660.02,GT-25954,440.3543263673577,71867.1263104017,-0.13256043785078453,-0.5793102335906434,0.884
4660.02,GT-26037,-90830.55969172626,-35094.82257883432,-0.0022784609477626006,0.2796715267995295,0.902
4660.02,GT-26126,40715.11737288999,-62404.86262601694,0.1787017114764896,-0.009087828646734991,0.891
4660.02,GT-26156,24356.661003515685,75199.32132024187,-0.061048423511201544,-0.2610016585156375,0.896
4660.02,GT-26181,55588.07855426334,-68233.68436082487,-0.013136960966307037,-0.15272533954993645,0.887
4660.02,GT-26212,91784.8316619186,-21180.918932221193,-0.13426152736153282,-0.549732288767833,0.883
4665.21,GT-25806,-45411.63019800986,-35921.74949266008,0.1937927478945111,-0.4143695418036981,0.861
4665.21,GT-25817,-94039.36846931551,41733.41657597953,-0.9280671672036322,-6.343896947694136,0.896
4665.21,GT-26037,-90832.57170755857,-35095.384387352555,-0.08528639704206163,0.25480389529342934,0.858
4665.21,GT-26065,63786.64718816065,-81792.93162233042,-0.11328678885354888,-0.6179925001486145,0.872
4665.21,GT-26126,40714.55941762855,-62408.375753306624,0.15284147025442002,-0.03754294108881277,0.853
4665.21,GT-26156,24353.861465421935,75196.38567858885,-0.0515516858381801,-0.30874918777280874,0.857
4665.21,GT-26212,91777.74636748993,-21186.81273310403,-0.3405212619524537,-0.12075260537954008,0.858
4671.95,GT-25806,292519.06805899413,601164.4315626709,-2568.5477319294105,-4843.067559523078,0.866
4671.95,GT-25931,-36421.5604702769,33500.7032556084,0.006417655739623732,0.14887044136925795,0.855
4671.95,GT-26037,-90838.4859786855,-35097.73292770388,-0.14738726151094933,0.19666939621971563,0.94
4671.95,GT-26126,40714.87630541086,-62399.19768825848,0.09142172766167589,0.07841906532220677,0.934
4671.95,GT-26156,24361.20520633028,75205.99543437781,0.00031386849469378086,0.052004423181453416,0.943
4671.95,GT-26212,91788.23428105099,-21167.588374052437,0.03741787295375404,0.221670456940061,0.94
4671.95,GT-26229,41750.69373204299,-50972.76699730411,0.018550335428208165,-0.0267315890527552,0.92
4671.95,GT-26232,51425.53949778288,26.941484089591736,-0.07497640157577574,-0.08684226196053133,0.931
4671.95,GT-26233,-18836.301862698903,-45626.07326347221,-0.4018932214210872,-0.3143182398794453,0.922
4685.03,GT-26037,-90837.76651774147,-35098.3851024757,-0.011583292959670838,0.18729145543826467,0.907
4685.03,GT-26126,40712.586384486895,-62393.75149384931,-0.1354777395629161,0.22322903877608202,0.907
4685.03,GT-26156,24361.592751377786,75204.73040490701,0.026655539442342002,-0.05614278846583851,0.9
4685.03,GT-26212,91787.57746543833,-21169.731871420972,0.06182726948565086,0.001629819893074062,0.898
4685.03,GT-26229,41751.05259948392,-50975.587352910225,0.2248889237175258,0.26530845426310595,0.894
4685.03,GT-26232,51421.53147168348,25.310681808049164,0.06186830799811423,-0.05181790009120513,0.903
4685.03,GT-26233,-18830.037719387416,-45620.413723968886,-0.058481615940163295,0.17619203512511966,0.905
4685.03,GT-26261,-9555.332532119906,98682.31361586248,0.009677900123295896,-0.3418690718050723,0.897
4689.09,GT-26037,-90832.78160875314,-35105.797395998576,0.02649014486222151,0.2049669646523719,0.943
4689.09,GT-26126,40713.135334647326,-62398.59548672228,-0.09560668126261249,0.07735718826069879,0.946
4689.09,GT-26156,24359.0423250794,75199.33247615187,-0.00015858340527524252,-0.056830081994183906,0.936
4689.09,GT-26212,91789.95049704098,-21170.408858112267,0.03732869053323663,0.008060692496041546,0.86
4689.09,GT-26229,41753.59668952326,-50977.89314642118,0.23042774456847115,0.18679859767896334,0.864
4689.09,GT-26232,51420.10946742813,26.25272516313679,0.08357463339579399,-0.06115404256428157,0.931
4689.09,GT-26233,-18830.29116206511,-45626.8767201898,0.09180486173299748,0.026054982473409927,0.951
4689.09,GT-26261,-9558.48506941647,98692.0591991484,-0.18683993212613959,-0.09399569234732477,0.946
4693.83,GT-25817,-94039.55898096814,41722.53342107164,-1.3260295367366504,-8.406968824782314,0.884
4693.83,GT-26126,40712.129298640684,-62394.914200956126,-0.015750177596748793,0.06237569319179478,0.936
4693.83,GT-26212,91792.52685291367,-21173.45750540541,0.12713199035809167,-0.023263082981898914,0.92
4693.83,GT-26229,41747.81912958136,-50976.40279702683,0.20365109642750362,0.1253297290957056,0.923
4693.83,GT-26233,-18828.309335236056,-45626.54705092168,-0.01243804509432156,0.19272667646553387,0.935
4701.01,GT-26037,-90825.74802348002,-35110.897612828856,0.10124495132413641,0.5048581546769471,0.954
4701.01,GT-26126,40713.89132254875,-62395.26321113792,0.062036041612153536,0.049064762367225234,0.961
4701.01,GT-26156,24354.459204336756,75200.22444434922,-0.09987538296466361,0.05494667840316084,0.958
4701.01,GT-26212,91800.84467145681,-21178.49563420962,0.30276487490523324,-0.11295017880475469,0.954
4701.01,GT-26229,41743.76837523036,-50981.264745765795,0.2818360199824209,-0.01706111480149186,0.948
4701.01,GT-26232,51417.71195870063,28.388816704397865,0.17579095150247903,-0.10906181790917248,0.951
4701.01,GT-26233,-18827.022294376802,-45622.20764732379,-0.11483786751654244,0.2660218785977283,0.949
4701.01,GT-26261,-9549.441845996871,98693.55523155734,0.1376457571887534,-0.035366446333107544,0.955
4705.38,GT-25818,355496.82432096853,307097.7914211686,-5673.572246313915,-4867.549813691496,0.862
4705.38,GT-26037,-90832.38901986345,-35127.20499103168,0.18136023352476688,0.580135082343078,0.935
4705.38,GT-26126,40713.47723993746,-62391.29096130578,0.008746857451864688,0.17012374367428218,0.937
4705.38,GT-26232,51412.32375335423,23.001386142251192,0.18693408206991374,-0.16177582169085059,0.928
4705.38,GT-26233,-18821.337978742155,-45622.30792062108,-0.12662825957420926,0.2399340885198718,0.921
4705.38,GT-26261,-9547.853045511343,98695.84230579865,0.1681798911346893,0.04075361023388871,0.93
4710.85,GT-25817,286551.7260381618,-317519.31693328114,925.6190269320136,-875.9255598213916,0.973
4710.85,GT-26212,91799.9111051319,-21174.78182482466,0.13268852978227552,-0.005158289862727927,0.927
4718.21,GT-26126,40714.555879780324,-62395.185050788714,0.05833613263191893,0.08235716151180135,0.951
4718.21,GT-26156,24359.09691776276,75203.62477889928,0.20074092881071515,-0.04952461480566156,0.892
4718.21,GT-26212,91802.50459205975,-21169.59460066747,0.047817344003815265,0.04308088519685899,0.952
4718.21,GT-26229,41724.71493151282,-50970.28138613589,0.4097837699769648,-0.16975316456814668,0.951
4718.21,GT-26232,51417.21147746645,17.518216123997682,0.23159772154430902,-0.282401668610886,0.896
4718.21,GT-26233,-18826.447515252494,-45635.51155967463,-0.16137221696068485,-0.02847296275041131,0.947
4718.21,GT-26261,-9549.128576755309,98692.11949997563,-0.016559176265488196,0.057441560790420766,0.881
4721.85,GT-26126,40715.44425571551,-62395.89103226387,0.050441202966294514,0.0955384960518876,0.883
4721.85,GT-26156,24357.962182266743,75209.09949576916,0.23224287751165434,0.23822009377531045,0.896
4721.85,GT-26212,91807.31896968842,-21167.694911402195,0.15818959615000627,0.03218442786937073,0.896
4721.85,GT-26229,41726.21667486205,-50968.85232201553,0.547193706461254,-0.09619035525644361,0.896
4721.85,GT-26232,51419.22332143198,19.66971547616024,0.24789849355097737,-0.22627836632799503,0.898
4721.85,GT-26233,-18850.543817463098,-45948.06650676066,0.20347271833652328,4.332786657659911,0.904
4721.85,GT-26261,-9548.007394935406,98692.65708381622,-0.10124583128725173,0.061587553955309314,0.884
4728.55,GT-25931,-282896.22713049926,-223873.28458009282,1694.979663674863,1770.1920942258537,0.872
4728.55,GT-26126,40714.851514380505,-62385.90065066527,0.03596365763191539,0.3543336171057404,0.884
4728.55,GT-26156,24362.04857099679,75208.68298449532,0.22625551270169642,0.23325899586814208,0.873
4728.55,GT-26212,91798.86876731501,-21166.036028398907,-0.06546778383214455,0.007381973340167214,0.876
4728.55,GT-26229,41699.64337814777,-50965.738736078376,0.7825862808551828,-0.11457369811381762,0.94
4728.55,GT-26232,51417.39386381021,16.494627121279894,0.2683443387491207,-0.20435471600510308,0.871
4728.55,GT-26233,-18850.48939774747,-46006.3144776249,0.3722851681715934,4.61384018237877,0.88
4728.55,GT-26261,-9560.085538234865,98686.50824685632,-0.26473553364656377,0.038821856173202746,0.946
4734.85,GT-26126,40718.80818753956,-62389.87647941866,-0.047121879679481955,0.3102721635557265,0.904
4734.85,GT-26212,91798.94543567394,-21161.95500462949,-0.10511729220444088,-0.017795345822087402,0.892
4734.85,GT-26229,41683.033463904045,-50949.44382001053,1.1231984737667877,-0.28420654431477155,0.9
4734.85,GT-26232,51418.55096958508,20.646867624015318,0.2763343729772488,-0.02334986864712911,0.908
4734.85,GT-26233,-18855.397605084425,-46121.51824557109,0.34499515735175734,5.1992111934596865,0.903
4734.85,GT-26261,-9559.870924548171,98687.42872433567,-0.14786143694369486,0.06502329865459401,0.903
4741.59,GT-25954,432.58633318904293,71863.00633454006,-0.2842431140987974,-0.2943187345594515,0.883
4741.59,GT-26126,40714.52145783012,-62393.315140194725,-0.24069375378712946,0.21560750381857796,0.893
4741.59,GT-26181,55606.54701978422,-68222.44925375911,0.13846367443587504,0.19315870556696701,0.899
4741.59,GT-26212,91803.11879212999,-21159.487908116927,-0.1614627653364436,-0.09116370166613967,0.895
4741.59,GT-26229,41640.571898480375,-50942.7680671492,1.5245486262188834,-0.6545369395175267,0.895
4741.59,GT-26232,51418.38710418489,24.14775654338928,0.26986708196996273,-0.07829929373735502,0.89
4741.59,GT-26233,-18853.78950040994,-46174.360501202915,0.4970107147928999,6.230624393693641,0.89
4741.59,GT-26238,-50978.31915013395,-19821.91122817664,-0.03865248845278198,0.041249140942311,0.901
4741.59,GT-26261,-9561.708999736991,98681.62972757,-0.06628700285848325,0.1041183104035672,0.893
4744.38,GT-26021,378587.06181606447,-70503.99656326027,-3134.6784454457847,135.37258955976017,0.916
4744.38,GT-26126,40718.21248311614,-62399.050563908146,-0.1950874669894054,0.16523321345593736,0.921
4744.38,GT-26212,91828.10693326777,-21157.06751235277,-0.13515113927320976,-0.216410273873377,0.939
4744.38,GT-26229,41602.1496787038,-50910.02569098623,2.4605386608918742,-0.8565870420828019,0.922
4744.38,GT-26232,51424.46985529935,28.007312213531407,0.42602177893822335,0.17831440043299826,0.932
4744.38,GT-26233,-18863.0727753043,-46334.07199559405,0.4911510227860594,7.69359629767078,0.929
4744.38,GT-26261,-9569.107617052234,98671.12766907371,-0.12827939272226627,0.07504371626578653,0.937
4744.38,GT-26417,-94192.63159046217,40363.8358787803,0.02087153174564596,0.29379045010072247,0.887
4744.38,GT-26460,-90824.00452351858,-35089.99174814791,0.07426515811203549,-0.5258505461150158,0.918
4744.38,GT-26480,24356.245944814364,75205.33851452224,0.14361795276133368,-0.6541112087405849,0.876
4751.71,GT-26126,40720.8811992406,-62393.56116088704,-0.39052314060878474,0.3301763026627995,0.929
4751.71,GT-26232,51424.283647394994,28.923046245969438,0.3495502752444156,0.19054326974909655,0.933
4751.71,GT-26261,-9570.409347146835,98668.39663619868,0.12234906790425523,0.007422397579335618,0.859
4751.71,GT-26460,-90823.40270923411,-35089.51022243784,-0.0021150629339953056,-0.318334929739573,0.93
4758.74,GT-26126,40729.973804199355,-62403.80328832979,-0.2708535269917451,0.22335512871829552,0.892
4758.74,GT-26232,51419.77161320313,32.29915122655634,0.37387493157399304,0.03441682505585944,0.887
4758.74,GT-26261,-9583.941553450419,98667.5200947103,0.23578777535909273,0.15893524230737963,0.896
4758.74,GT-26417,-94131.86562656013,40884.64917858199,0.04188843688280386,2.070418180935526,0.928
4758.74,GT-26460,-90823.50913148242,-35088.112945829576,0.01399869727883114,-0.3012319473735398,0.883
4758.74,GT-26480,24361.124630212547,75204.79932874745,-0.1951543160828163,0.04861876526176114,0.889
4764.05,GT-26126,40762.41853875853,-62412.68080532674,-0.16394279443021295,0.3732804134019946,0.902
4764.05,GT-26232,51417.92462583589,34.865331352062114,0.3699152797852811,0.006296594518434291,0.893
4764.05,GT-26238,-50969.539582670935,-19816.005635211663,-0.050307437996346085,-0.014300758932096536,0.884
4764.05,GT-26261,-9600.611226806715,98666.81710807039,0.2772646393621509,0.22056053662537697,0.896
4764.05,GT-26460,-90823.28824374388,-35091.1839191748,-0.009239392505372424,-0.3389053500247311,0.885
4764.05,GT-26480,24359.433113609255,75202.69064845394,-0.20655035761636895,0.0028268841333635303,0.889
4764.05,GT-26508,-18817.933572402075,-45614.927469943614,0.348291934729187,-0.17555258713487296,0.887
4766.35,GT-26126,40767.593938482154,-62420.95531825272,-0.3158031910389031,0.4451401152139063,0.924
4766.35,GT-26261,-9604.646436330017,98661.13556080322,0.3484076988798361,0.370701827287425,0.923
4766.35,GT-26417,-94087.02712604271,41346.59319561654,-0.026616885314005995,3.6962838981855874,0.893
4766.35,GT-26480,24361.577468988336,75204.3571842922,-0.2843979948853615,0.06502526891528862,0.933
4766.35,GT-26508,-18816.975681961205,-45613.79014635182,0.34513262772018577,-0.196518980430472,0.916
4773.39,GT-26126,-71806.06028763556,-15364.361307708694,-109.00211586680766,45.55067417510527,0.874
4773.39,GT-26214,66235.46513112345,-49069.82527971469,4.883733360077548,1.7532346327542698,0.871
4773.39,GT-26333,-45475.14149918936,-35942.620653011116,-0.3465531584603563,-0.03938945137084718,0.856
4773.39,GT-26460,-90810.82588411318,-35085.670803514695,0.17339877072262716,-0.28346420044160847,0.854
4773.39,GT-26480,24365.0069239304,75204.34095074469,-0.1411029908574799,0.0404286385220966,0.857
4778.32,GT-25954,445.0490727003811,71854.8509728722,0.07301084129978908,-0.1688261444668515,0.876
4778.32,GT-26224,-26286.11719103829,53295.62267374265,-0.438889530727808,-1.7046323995323722,0.864
4778.32,GT-26238,-50963.63495940046,-19839.146591474266,-0.24632042710973956,-0.08127800156077822,0.863
4778.32,GT-26334,74963.01244161362,-67962.6531850729,-0.07400552771949663,-0.08638339151172846,0.861
4778.32,GT-26460,-90810.3745562214,-35082.875204355696,0.15850081701592192,-0.3039711882717027,0.874
4778.32,GT-26480,24366.86933343097,75203.21422885323,0.017803738149064538,0.07786388638338163,0.879
4778.32,GT-26508,-18826.668294941803,-45612.03036761779,0.23730115395221618,0.024511274428102345,0.887
4778.32,GT-26543,49090.56684853355,26486.71671171627,-0.005145073698445475,-0.618068224429454,0.869
4778.32,GT-26555,91798.22780129514,-21175.882138080993,0.3220714570410113,0.6350837104216804,0.885
4784.74,GT-26460,-90813.18391697003,-35084.811368421935,-0.0266912567466554,-0.5022512246788233,0.906
4784.74,GT-26480,24364.29359376591,75195.87627514376,0.0894316527692187,-0.12020056631430759,0.911
4784.74,GT-26508,-18824.78661994678,-45612.418760589804,0.23157742945801377,0.00621772035529582,0.903
4784.74,GT-26555,91800.32390190757,-21176.32127494283,0.23677834739489537,0.5893039590088475,0.899
4784.74,GT-26580,41773.93661884121,-51006.704943476914,0.4067868851087761,0.2784320453293988,0.901
4784.74,GT-26583,-9547.836002824419,98696.61820006311,0.16052811210041495,-0.08341997329943904,0.9
4784.74,GT-26608,51410.55738203476,11.974570118921244,-0.3933591867154075,0.20199868460127068,0.857
4791.1,GT-26460,-90819.59135001959,-35079.801013483804,-0.1729553903486017,-0.33274843368104245,0.954
4791.1,GT-26480,24361.321976526287,75196.06275539794,0.042597629212571535,-0.10059529705072327,0.883
4791.1,GT-26508,-18833.42670680671,-45606.28211990138,0.10307050364705622,0.012780154206804787,0.942
4791.1,GT-26555,91791.8671552426,-21169.235378224403,0.05708277001318185,0.5210231102775923,0.876
4791.1,GT-26580,41771.69039110239,-51004.77574529716,0.3401933748882076,0.2620788787900231,0.94
4791.1,GT-26583,-9546.647085297775,98696.08694155824,0.17043303413083533,-0.08596764224028629,0.875
4791.1,GT-26608,51421.343717923985,18.89187473441131,-0.0974704847063867,0.008157095624025234,0.877
4796.22,GT-26460,-90819.58283231755,-35081.39788020833,-0.19410045742623044,-0.3445012593663482,0.864
4796.22,GT-26480,24360.909031503998,75191.69065737279,0.03117495416236432,-0.1667780255902024,0.873
4796.22,GT-26508,-18834.80950423079,-45608.21406002011,0.11566733381475612,0.011070261143902117,0.859
4796.22,GT-26555,91789.85981232191,-21169.219309080912,-0.010899201445963725,0.47816608336216915,0.859
4796.22,GT-26580,41773.75990075809,-51009.90372926902,0.4796800982018412,-0.17435767201504884,0.938
4796.22,GT-26583,-9556.301915024122,98700.78921764871,-0.1481610376250086,0.04846464477654436,0.872
4796.22,GT-26608,51425.77757178363,14.613655956049119,0.05305087728812501,-0.07174526157013913,0.86
4801.22,GT-26052,64493.06526965717,-56644.12378889517,0.0027680062468404543,0.15590692881235874,0.86
4801.22,GT-26460,-90812.22072937903,-35080.030908299676,-0.06076799200103962,-0.3241558934582437,0.878
4801.22,GT-26480,24359.669490848413,75199.25487003576,-0.12232102416655823,0.08888217999834494,0.895
4801.22,GT-26508,-18835.700645658217,-45595.0383224357,0.1293080111695109,0.15181744180723517,0.877
4801.22,GT-26555,91793.5207428937,-21179.988305196795,0.05137661149902907,0.24624109007846343,0.88
4801.22,GT-26563,82325.90112175384,71145.3641016355,-0.31553046032273535,0.28180494940293765,0.853
4801.22,GT-26580,41767.11953856825,-51008.340056213965,0.1467767420700637,-0.18298430183907047,0.886
4801.22,GT-26583,-9556.186964991155,98702.01723632352,-0.13828254077105953,0.06955823373909051,0.883
4801.22,GT-26608,51429.17628552091,19.319157881904985,0.041159703292839175,0.0276201224957986,0.885
4808.3,GT-26460,-90821.98047529612,-35075.23521024976,-0.11975973974678662,-0.34075926079760566,0.898
4808.3,GT-26480,24363.883092970762,75193.3747764319,-0.0032235907501040034,0.02189827296691193,0.895
4808.3,GT-26508,-18845.920554380973,-45339.07832514574,0.3012403463658683,-4.789305064763236,0.909
4808.3,GT-26543,49102.58141111424,26484.646231028335,0.15090805332484863,-0.30906767206229746,0.869
4808.3,GT-26555,91795.02548868813,-21171.108175464095,0.11816467111384946,0.22694788945396677,0.9
4808.3,GT-26580,41747.480741488456,-50998.780754166546,-0.21720029803694452,0.01039575063253903,0.901
4808.3,GT-26583,-9556.630978185378,98697.65661911959,-0.20406163445100023,0.07283592687298332,0.901
4808.3,GT-26608,51428.50765702156,15.520500297807368,-0.11506317260250731,0.17679601918722881,0.905
4812.08,GT-26334,10300.365271011091,41393.3912464672,-83.08483674657667,141.73537660779016,0.959
4812.08,GT-26417,-94109.3671931247,41086.589440659736,0.4324163039600595,5.370470520652864,0.893
4812.08,GT-26480,24366.54782407995,75190.89555379811,-0.002388230021900037,0.09591193144641169,0.92
4812.08,GT-26508,-18846.668061989258,-45258.136293919735,0.2727763234279469,-5.245495029434087,0.929
4812.08,GT-26555,91782.75874968829,-21167.683312531866,-0.236577055624487,0.23935065804000064,0.925
4812.08,GT-26580,41749.879732165624,-51002.02719142241,-0.13115358159238544,-0.11582634161713867,0.928
4812.08,GT-26583,-9562.150593668672,98699.14520427633,-0.3033382603823598,0.10890543417846224,0.933
4812.08,GT-26608,51429.513796345556,13.97224668356516,-0.17841364804614698,0.17735081208041864,0.931
4812.08,GT-26681,40678.83923338397,-62381.494467780314,0.3325415399687872,0.6044540924313077,0.901
4817.33,GT-26181,55621.597689174174,-68208.62364537142,-0.3871865838735462,-0.09898831940805143,0.862
4817.33,GT-26214,66253.41553025367,-49033.07183612835,-3.9487962098837253,-1.9200650774431012,0.865
4817.33,GT-26460,-90818.39868543675,-35059.153016133125,-0.12564892455601692,-0.18568041948373654,0.923
4817.33,GT-26508,-18836.327386143865,-45153.786893189754,0.3154473820464859,-6.47095297447765,0.93
4817.33,GT-26517,63754.26063049377,-82043.67263803225,-0.2673697721498164,-0.5692470957128511,0.916
4817.33,GT-26555,91787.78336385346,-21166.531663053644,-0.15259568832768478,0.2241905894831792,0.932
4817.33,GT-26580,41752.78150704786,-50997.07335709352,-0.030826906014658553,-0.1380765489316766,0.932
4817.33,GT-26583,-9561.9068435611,98702.04995264631,-0.2663305189743354,0.17612063365513678,0.92
4817.33,GT-26608,51430.3510620466,15.434006726646329,-0.1282733236012588,0.2131105672997972,0.925
4817.33,GT-26609,-78241.09330858928,-50949.74717316693,0.37957274634082494,1.205927925096717,0.851
4817.33,GT-26618,-50991.66611724649,-19841.088444951714,-0.02271115488660702,-0.4004855441541411,0.853
4822.93,GT-26417,-94083.31062937665,41260.91321188677,0.9668882846269207,8.576616084877683,0.882
4822.93,GT-26480,24350.031013514803,75191.85931537898,-0.11093273238136157,0.22714813226732222,0.905
4822.93,GT-26508,-18848.823094731422,-44958.2669037339,0.19707455879545532,-7.81104104935543,0.926
4822.93,GT-26681,40693.590108522585,-62380.288906959206,0.21285767230518463,0.46263738684541006,0.922
4831.33,GT-26181,-85738.7061395792,-65720.41446902684,402.15643654012996,-6.73476387688931,0.886
4831.33,GT-26460,-90804.64848775807,-35035.50116877532,-0.17645146654487479,-0.41655133135443756,0.896
4831.33,GT-26480,-88454.22815193201,26928.735713023227,-405.4737722898354,-173.1433817272083,0.937
4831.33,GT-26508,-18853.094872570055,-44783.39378398353,0.2772436639904331,-10.92442116101394,0.897
4831.33,GT-26555,91792.45450745906,-21166.823879123527,-0.3115094180988516,0.08883476875887697,0.899
4831.33,GT-26580,41759.92936165203,-50999.87056046517,0.05352577295608747,-0.013736012023862279,0.9
4831.33,GT-26583,-9565.274099202186,98697.55688589356,-0.17256373524435284,0.14998051619925984,0.896
4831.33,GT-26608,51424.6556090544,9.724501396918667,-0.009696573592696132,-0.05231861568078052,0.905
4831.33,GT-26681,40697.66724452944,-62380.80629499667,0.23809483120867883,0.41955904909792285,0.9
4835.46,GT-26460,-90794.36053218559,-35026.42718237197,-0.2687104903284928,-0.7661232675878975,0.941
4835.46,GT-26508,2307397.1133099007,-240622.3191350589,-12279.646233860465,1034.7035429427765,0.959
4835.46,GT-26555,91793.50827549104,-21167.803781920004,-0.31707738560084103,0.04553498455734889,0.866
4835.46,GT-26580,41758.998182646974,-50999.915085407636,0.060696553547358666,-0.00833078568552728,0.866
4835.46,GT-26583,-9570.422395203273,98694.35323580986,-0.2506597131468982,0.0850167996173257,0.942
4835.46,GT-26608,51427.8528789551,17.192285988680613,0.07788376762436182,0.17013811154931124,0.945
4835.46,GT-26681,40696.11962849146,-62378.581310010166,0.2049193514589421,0.3899175114046115,0.866
4840.72,GT-26460,-90789.31328497553,-35026.74963206903,-0.3871721609857901,-0.8399495317870745,0.892
4840.72,GT-26555,91792.26429422767,-21164.12697673249,-0.35270012530510636,0.03148998629885045,0.894
4840.72,GT-26580,41752.07028454754,-50990.94905564842,-0.13173089598612941,0.06939781172598818,0.909
4840.72,GT-26583,-9570.279189552253,98693.3085707647,-0.26688023788007187,0.1073602307690377,0.893
4840.72,GT-26608,51443.59192630279,12.987020503995005,0.3981669269569791,-0.016625727906933216,0.909
4840.72,GT-26681,40694.87360782319,-62380.169504377955,0.24921156486789936,0.280218998119376,0.897
4847.06,GT-26555,91792.6547538983,-21154.01100389819,-0.39224771597441027,-0.22957115530239094,0.936
4847.06,GT-26580,41761.165224496704,-50986.724636545274,0.11317253753138273,0.1202429626041516,0.949
4847.06,GT-26583,-9565.795665688396,98695.99720002351,-0.156971086405478,0.23901344965760368,0.888
4847.06,GT-26608,51437.86090916112,18.72822863183629,0.1586613086680051,0.07039764758792053,0.947
4847.06,GT-26681,40694.278449303514,-62377.47107552769,0.2456463807782723,0.2882452854747371,0.882
4851.98,GT-26555,91807.43526949183,-21102.900447608165,-0.7755120549172569,-0.6940447117289384,0.942
4851.98,GT-26580,41764.83729994612,-50987.79710397647,0.21585151654092893,0.06280422544497119,0.879
4851.98,GT-26583,-9561.783374025628,98693.33841604282,-0.07061863701632773,0.1278999337973088,0.874
4851.98,GT-26608,51429.55993044827,10.304382329736715,-0.1554517361200149,-0.24017543407888964,0.951
4851.98,GT-26681,40690.17597256361,-62376.16923579544,0.3186487168404531,0.203914378064612,0.866
4856.79,GT-26555,-114389.06047389639,31167.186148179517,181.35337543299798,-46.81183019460902,0.865
4856.79,GT-26608,51435.19944176178,8.227520835888585,0.02771567509136208,-0.27846895215892536,0.851
4856.79,GT-26609,-78270.12380523361,-50929.78950937761,-0.050939704143162845,0.39163487435002964,0.901
4856.79,GT-26713,-45489.23736194817,-35946.41773341796,0.07519520344664374,0.20329571591341802,0.891
4862.56,GT-26580,41764.66970917702,-50983.60401115497,0.3899179733796726,0.18383826140170373,0.935
4862.56,GT-26713,-45492.280024791675,-35953.175118252104,0.14214577597206862,0.045584397450879666,0.86
4862.56,GT-26717,-33753.66130365406,-30249.788646054658,-0.23012578815905727,0.3071450972720642,0.856
4862.56,GT-26765,-26310.787207716567,53142.52280652275,0.49184916527080846,-0.6422478811128599,0.856
4868.89,GT-26580,41767.720691272014,-50980.98335163615,0.3785066014792457,0.15574871159466738,0.856
4868.89,GT-26583,-9553.584102664376,98680.93008758956,0.05925100394220583,-0.01683699519014814,0.863
4868.89,GT-26608,51442.449345170266,3.457659022993888,0.09422100083826143,-0.15281502878277908,0.862
4868.89,GT-26681,40683.00227655532,-62373.5945219406,0.31491044931698753,-0.014710298895525047,0.862
4868.89,GT-26803,-18836.560821511328,-45631.73866603616,-0.2217432488856302,-0.13943966822351048,0.861
4868.89,GT-26806,-90839.3014997866,-35095.37295292566,-0.2594450253200172,0.1933377212441278,0.866
4868.89,GT-26808,24379.148512517484,75205.89754261027,0.3596108938964825,-0.15923012916344131,0.865
4873.82,GT-26517,63767.743630510915,-82169.08254788535,0.6788739007520264,3.8208815021697387,0.853
4873.82,GT-26580,41767.04581731632,-50971.16762382015,0.3938028297105409,0.049852098193754524,0.923
4873.82,GT-26583,-9556.066699751394,98659.52829892811,-0.03394931321641749,0.0005945967185387382,0.937
4873.82,GT-26608,51449.213686889016,0.05674581689782676,0.24340353976158516,-0.18743562260076968,0.924
4873.82,GT-26765,-26333.30074315408,53156.02877584595,0.06945191705187581,-0.2000570968220472,0.852
4873.82,GT-26803,-18836.208380184642,-45631.15826333216,-0.19371854280576928,-0.19572214216409778,0.922
4873.82,GT-26806,-90838.9701677189,-35096.04438357086,-0.20092923221040276,0.20232435838659724,0.928
4873.82,GT-26808,24375.963779983314,75203.01406884179,0.22176344740270737,-0.25935710964632597,0.935
4873.82,GT-26859,91784.51743846202,-21195.390916428532,0.11424759314065648,-0.11187974953321302,0.926
4878.99,GT-26580,41763.07331394703,-50973.278699628194,0.4646485693107694,0.019987164832176676,0.854
4878.99,GT-26583,-9550.905086607916,98653.16075033722,-0.07034683634224509,0.1076225360501491,0.858
4878.99,GT-26608,51455.031366738054,-3.271189060546653,0.1796684505914835,-0.1524971981103035,0.854
4878.99,GT-26681,40672.39593687304,-62357.93523611205,0.37754414812217346,-0.02884155228521274,0.862
4878.99,GT-26803,-18826.90252070431,-45631.66885211933,-0.10996076479640615,-0.15905068454132726,0.861
4878.99,GT-26806,-90823.74853801675,-35097.00540318108,0.10106866037737183,0.05230520195840396,0.868
4878.99,GT-26808,24378.136203927377,75202.947273371,0.24509704432007856,-0.28259650367182726,0.859
4878.99,GT-26833,-94028.40661255318,41906.31140159314,-0.3867098158524769,-2.613546536021251,0.915
4878.99,GT-26859,91776.12394510524,-21190.14971002826,-0.06975962476082898,-0.24155227580343452,0.859
4887.94,GT-26608,51459.03573565834,0.4568136565668163,-0.14094513333529862,0.12523563872776713,0.883
4887.94,GT-26681,40639.60879535952,-62349.63984520805,0.5236653959046683,-0.026345872660925473,0.894
4887.94,GT-26803,-18822.23683308732,-45625.75150967609,0.030622684504157942,0.08550554256962112,0.89
4887.94,GT-26806,-90823.33988736082,-35089.76368018393,-0.05116198666386754,0.287621940114428,0.894
4887.94,GT-26808,24376.528033765953,75209.32089968403,0.10828280401587913,-0.12374365689724161,0.878
4887.94,GT-26833,-94031.47186248768,41891.778582713625,-0.2907318344538688,-1.6953672849882797,0.854
4887.94,GT-26859,91771.76731586101,-21190.361336148206,-0.02010472584826512,-0.22732162447148532,0.877
4893.84,GT-26543,78711.24589382994,-47324.675255568305,103.53301355722465,-258.307829910882,0.9
4893.84,GT-26608,-439442.18498095486,-174744.52988959927,1838.0839367276726,653.7093383861146,0.874
4893.84,GT-26681,40614.653099312,-62339.75136329701,0.6795903475704272,-0.049803829910314575,0.896
4893.84,GT-26803,-18820.679806365628,-45623.74093742207,0.009258844731041695,0.06677805934985674,0.882
4893.84,GT-26806,-90815.85968280464,-35093.34388752507,0.07652910336483094,0.13655788059694898,0.891
4893.84,GT-26808,24376.58526655135,75210.65312970008,0.03595976668248968,-0.06362095753247728,0.882
4893.84,GT-26859,91767.6792066547,-21180.768177145135,-0.0974864249334865,0.13485771765441965,0.896
4893.84,GT-26905,41753.44405551506,-50993.49734227366,-0.2994780129725669,0.11665807216717314,0.851
4896.48,GT-26517,-474490.5040648293,46441.0841046377,2047.3931187680296,-490.1687426909679,0.929
4896.48,GT-26803,-18826.942761339807,-45625.29758006867,-0.010842948875263839,0.061057529026130375,0.922
4896.48,GT-26833,-94138.20009409623,40876.775524161596,-0.6447716716314265,-5.264049311771794,0.89
4902.33,GT-26803,-18824.08423515343,-45621.4954056088,0.0614935771539646,0.14721403959887935,0.857
4902.33,GT-26806,-90812.67875654773,-35100.287542756174,0.07681361963857389,0.0030627478298498184,0.856
4902.33,GT-26808,24378.45812858055,75211.08225030455,0.04922872994360074,-0.07652097615996098,0.855
4902.33,GT-26833,-94137.83259063274,40879.5489472715,-0.7280464044849921,-5.905002672717587,0.881
4902.33,GT-26859,91767.7433274436,-21192.442143516415,-0.08742992471124635,-0.17056382389162839,0.852
4902.33,GT-26905,41759.572262483984,-50990.92526404515,-0.42381978242156176,0.40285654489440226,0.854
4910.4,GT-26803,-18825.863715645428,-45622.17906536795,0.08434875103098852,0.17454969401693865,0.885
4910.4,GT-26806,-90812.13003036808,-35096.55869853545,0.02332573379593456,0.10334039912016776,0.881
4910.4,GT-26808,24381.356432771034,75205.11034243839,-0.050633125728724436,-0.11996963115810863,0.875
4910.4,GT-26859,91766.3316489022,-21186.672168355766,-0.10692661897701622,0.15932885717131548,0.957
4910.4,GT-26905,41765.926696087416,-50986.45068337637,-0.12413554757403461,0.414113795033066,0.896
4910.4,GT-26935,51442.13085796235,14.814636595424997,-0.09709700206622296,0.397271482425417,0.873
4910.4,GT-26957,40689.67369832019,-62369.98252524489,-0.4501443293826179,-0.28415314590274626,0.865
4910.4,GT-26963,-9557.196132944388,98678.514017315,0.13781247861917423,0.012308177254092379,0.936
4915.28,GT-26803,-18824.360582764413,-45615.70488934204,-0.010008066424557746,0.2596648844933605,0.905
4915.28,GT-26806,-90823.30350165193,-35098.846439838686,-0.09158815009175934,0.13600827923005804,0.894
4915.28,GT-26808,24397.34609533964,75219.77705556988,-0.2908092256238661,-0.02325995107256045,0.905
4915.28,GT-26859,91764.67850423566,-21189.410862866913,-0.09864539941984174,0.18869174191351804,0.897
4915.28,GT-26905,41769.6692969727,-50985.93000139664,-0.026423572762292402,0.3572674007760311,0.899
4915.28,GT-26935,51436.55774388395,9.028717876839051,-0.2427501565690838,0.22930385778382129,0.899
4915.28,GT-26957,40699.98356331079,-62362.42768563986,0.2424693608852369,0.17110520731957995,0.901
4915.28,GT-26963,-9554.328388931826,98680.72800386001,0.1509194588842635,0.10478386931969644,0.899
4918.95,GT-26803,-18822.37833976648,-45611.21022844147,-0.017709029372292275,0.26430953294778,0.868
4918.95,GT-26806,-90819.54214483555,-35100.696092381455,-0.06046237775364667,0.22095968260772184,0.946
4918.95,GT-26808,24405.006338605537,75216.97681983742,-0.44075352476785334,0.021005918194737162,0.939
4918.95,GT-26859,91759.81192018921,-21192.146752664517,-0.12495041350960995,0.18218690177610533,0.937
4918.95,GT-26905,41763.35730959505,-50986.705862665025,-0.2711015834642596,0.34847811010969665,0.944
4918.95,GT-26935,51441.209120271255,11.165606159749828,-0.06399147721848786,0.2138826029412045,0.872
4918.95,GT-26957,40715.09577927757,-62369.81499561552,0.18856583797297624,-0.039345337626639394,0.951
4918.95,GT-26963,-9553.205012901963,98690.82930838887,0.08346330577673403,0.32070075275817533,0.951
4925.43,GT-26609,-78240.1136064275,-50928.10540023672,0.046356064840866976,0.8081585392674818,0.892
4925.43,GT-26618,-50888.2847211505,-19848.512307949397,3.259588435613718,0.4175490063804337,0.94
4925.43,GT-26713,-45497.57087592048,-35950.82291493819,0.07128080816910953,0.21336046275472642,0.879
4925.43,GT-26717,-33748.99195233483,-30244.445697224888,0.22072190104760858,0.15108419794567574,0.909
4925.43,GT-26719,74952.81516753638,-67913.93694855314,0.46322933251189186,0.14378354002940735,0.883
4925.43,GT-26765,-26319.122934898558,53164.539378231515,0.05924064306988175,0.01948483074886201,0.882
4925.43,GT-26800,-36409.83745519316,33536.86227041428,-0.10563213093598466,-0.026291255151883575,0.896
4925.43,GT-26803,-18819.248750345287,-45609.578381241685,-0.01481706627167427,0.16242618884551224,0.9
4925.43,GT-26806,-90810.97437433168,-35096.61855825895,0.10747648174179228,0.22689249462541006,0.909
4925.43,GT-26859,91758.80885996306,-21186.4186003082,-0.10649621010645274,0.1372443048540083,0.891
4925.43,GT-26905,41764.652617383676,-50987.88454551174,-0.32043287817288374,0.37934945522003577,0.895
4925.43,GT-26906,65775.93716353334,-49249.11420675663,-0.17071979592232917,-0.1669387246113796,0.893
4925.43,GT-26935,51437.58781774116,12.518052301841548,-0.0477970379730014,0.24817946771860078,0.895
4925.43,GT-26957,40710.06706770202,-62373.02984434829,0.05462385804399768,-0.013743760810000345,0.905
4925.43,GT-26963,-9552.06858215945,98695.31391304501,0.09549147611459247,0.31698505943458294,0.902
4925.43,GT-26966,63773.82617391072,-81785.9639513763,-0.07342784147572166,0.11805848042055062,0.877
4929.7,GT-26803,-18843.297382839814,-45621.88646594472,-0.4211329417273388,-0.25202150565849946,0.925
4929.7,GT-26806,-90811.1378043473,-35093.97373430779,0.08862776102514318,0.2340752226129757,0.927
4929.7,GT-26833,-94196.3204279288,40512.06161877382,-0.30075660971755314,-0.09399634162380943,0.88
4929.7,GT-26859,91754.15888130496,-21190.660710128686,-0.05741696641446536,0.23470599032995737,0.922
4929.7,GT-26905,41772.419979062106,-50995.7517415315,-0.11337340328262299,0.11035002872250857,0.937
4929.7,GT-26935,51434.0259318483,14.190859040163534,-0.11442257856015223,0.302349705222755,0.923
4929.7,GT-26957,40710.04237781441,-62372.675444772314,0.08988653874961602,-0.04672074521561136,0.925
4929.7,GT-26963,-9555.4018983334,98691.55531486063,0.0030300721090989816,0.2524897212545393,0.928
4935.65,GT-26803,168185.15144209776,296308.76560330304,614.043987050241,1123.0934155127745,0.969
4935.65,GT-26806,-90807.85950590484,-35089.829528384544,0.07121292185304451,0.25051502435013534,0.874
4935.65,GT-26859,91742.7653332811,-21187.913336580717,0.30069526436014293,0.22441377734717444,0.955
4935.65,GT-26905,41771.057337810475,-51001.415481819466,-0.1495366900522932,0.038949485789825794,0.947
4935.65,GT-26935,51428.96910644034,5.492497847283615,-0.10450394900762278,0.022453656014247036,0.886
4935.65,GT-26957,40708.24065187597,-62375.77721939001,0.06654674733228176,-0.13807772713934227,0.942
4935.65,GT-26963,-9563.012051649695,98687.08741837213,-0.2278994185481223,0.09846250787067094,0.946
4935.65,GT-27032,24359.855518910168,75198.75817189831,-0.17876329052654866,-0.1240674654210364,0.858
4938.14,GT-26806,-90808.00681250067,-35094.42243820478,0.047953097863915564,0.25059945033184317,0.903
4938.14,GT-26859,91740.31638447086,-21188.611581348443,0.35123132285655423,0.24338258861185108,0.91
4938.14,GT-26905,41772.4000163579,-50999.081874011994,-0.12138355793251217,0.1081988264476013,0.918
4938.14,GT-26935,51429.69230759351,7.075346621259641,-0.06475217210994752,0.06939674265174194,0.913
4938.14,GT-26957,40710.42160941891,-62376.053365854255,0.08679932131085769,-0.19029435867224198,0.91
4938.14,GT-26963,-9562.533749781705,98687.66041216164,-0.20617286375853008,0.09345445508515447,0.912
4938.14,GT-27032,24357.686245760804,75193.4628027531,0.3340656257067154,-0.09508355891557843,0.923
4947.15,GT-26609,-78248.85729036137,-50976.275332826386,-0.37659865994225855,0.7110473096239527,0.901
4947.15,GT-26765,2031853.0740641116,-6253326.85136314,-15603.252044633473,47811.93946030636,0.861
4947.15,GT-26806,-90769.01515225178,-35126.945940254765,0.0037815831815950496,0.39510955100015105,0.907
4947.15,GT-26859,91716.45974227198,-21192.34005724874,0.42913757795632745,0.30663646251204796,0.9
4947.15,GT-26905,41765.23274639225,-51001.16499839749,-0.07546381927621697,0.06414036911112403,0.896
4947.15,GT-26906,65777.98231232422,-49255.75828153352,0.08896031184262428,0.05026466666372852,0.887
4947.15,GT-26935,51430.52446304595,2.3253714058652752,-0.049800314147860056,-0.0016022958999171305,0.899
4947.15,GT-26957,40706.646841484035,-62370.98544603369,0.041820517253972955,-0.1347911264287825,0.9
4947.15,GT-26963,-9558.730432495315,98683.68956564624,-0.10408552834459299,0.005024038716973767,0.905
4947.15,GT-27032,24358.092205076584,75194.53300781839,0.3124906064702922,-0.10383419857689444,0.901
4947.15,GT-27063,-18819.75839077443,-45631.34391077056,-0.10991002251429823,0.1861200156344459,0.892
4950.47,GT-26806,-90773.24544769712,-35148.05182999269,-0.10854410791994373,0.6848930638930519,0.925
4950.47,GT-26833,-94199.50542644021,40521.193902391205,0.3808555793102267,5.437101455586335,0.865
4950.47,GT-26905,41775.816829063944,-51000.4577613113,0.1455601010578465,0.010389680022614145,0.939
4950.47,GT-26957,40711.128795334305,-62366.90028496098,0.25835831370645285,0.11560749844899161,0.939
4950.47,GT-26963,-9558.685491908662,98684.02283519178,-0.08804555078760803,0.06834817660944056,0.927
4950.47,GT-27032,24363.71620574725,75200.08367556227,0.3061784812338744,0.1892845755859968,0.85
4950.47,GT-27063,-18818.92784517049,-45631.778889504436,-0.03272046194738153,0.21095998482611117,0.927
4958.56,GT-26806,223637.16668506505,267176.86188329774,-2789.5793038558177,-2682.7774733810356,0.881
4958.56,GT-26859,91647.80755213674,-21260.447211027542,1.4971063287311466,0.5958045098693485,0.898
4958.56,GT-26905,41776.818127897626,-51005.50094129892,0.09142273221768164,0.09095770048366103,0.896
4958.56,GT-26906,65773.95081806548,-49255.777134269774,0.08128875871100864,0.0863162669269329,0.879
4958.56,GT-26935,51437.71640002864,-8.083249800197725,-0.02528583892651967,-0.0384764732068506,0.902
4958.56,GT-26957,40706.16107049518,-62366.853484733925,0.09328116506230962,0.2257273451784434,0.91
4958.56,GT-26963,-9551.80939629749,98679.28416161712,0.1306859578285557,-0.10946509965277967,0.902
4958.56,GT-27032,24357.641333902015,75200.63564384523,0.15041013613855939,0.07179156508517384,0.873
4958.56,GT-27035,49096.230966414274,26490.706484813094,0.10569005688196989,-0.7784845740702206,0.86
4958.56,GT-27063,-18828.35055148779,-45620.62508596016,-0.5794621351093004,0.28531661356698357,0.899
4958.56,GT-27076,-45480.13129660343,-35955.098744340336,0.053435961763420775,0.25503066277126174,0.864
4962.97,GT-26730,36711.22062382116,-76160.04908340829,2.0752239060728535,-144.4630201017982,0.937
4962.97,GT-26833,-94213.12944521528,40483.45869446079,0.658956913706183,7.617075466023614,0.856
4962.97,GT-26905,41778.34033947295,-51016.475419355156,0.052519861140926466,0.08684094610182234,0.922
4962.97,GT-26935,51436.92033623168,4.377755841662139,-0.06386787818164034,0.2727184074361217,0.85
4962.97,GT-26957,40701.21665931303,-62369.35427200466,-0.09894465880737406,0.1689805459407106,0.931
4962.97,GT-26963,-9551.682770133248,98691.53024260893,0.09467157028461418,0.3211380778959855,0.935
4962.97,GT-27032,24363.741846873552,75206.43104737265,0.11411378896928367,0.23010752353990294,0.936
4962.97,GT-27063,-18821.333808691612,-45623.202443261,-0.2586030911447458,0.26425586065317747,0.934
4970.56,GT-26905,41762.769459054245,-51031.282601782514,-0.27495334009596145,0.11166725431309588,0.859
4970.56,GT-26935,51426.90228474738,10.650349608797342,-0.3063250061795747,0.3518090623463685,0.851
4970.56,GT-26957,40730.61763436244,-62202.016410597746,-0.4728059473657116,-1.0489844587310337,0.871
4970.56,GT-26963,-9554.8408717699,98694.9765272926,0.09264833125615408,0.30059772051669187,0.85
4970.56,GT-26966,63767.057845504896,-81777.66843930644,-0.17016682957859816,0.2761530270446192,0.852
4970.56,GT-27021,409.6590464428019,71883.19913194708,-0.3018596817788074,0.2985173249219766,0.851
4970.56,GT-27032,24362.058432960876,75209.11824026892,0.036084747339418244,0.22330133687662174,0.859
4974.79,GT-26609,-78231.8185027839,-51002.685545792454,-0.5558990302790459,1.3389115210415592,0.87
4974.79,GT-26800,-36424.50515968253,33552.97794318073,-0.2049298249285736,0.121841128269923,0.871
4974.79,GT-26905,41772.32439652756,-51031.71758044104,-0.0787083037408906,0.4453465838262929,0.893
4974.79,GT-26906,65776.48468351018,-49260.26246110694,0.2466297105445417,0.04082028807583914,0.857
4974.79,GT-26935,51430.031279622715,8.047951061949943,-0.33834679745900714,0.36881678024536124,0.874
4974.79,GT-26957,40730.66090782607,-62186.783136325925,-0.5317357649323077,-1.3016182600030377,0.882
4974.79,GT-26963,-9555.562631531193,98695.32743201967,0.11274979877371923,0.3036862048810003,0.872
4974.79,GT-27021,407.491857953313,71880.08100701137,-0.25167826892039186,0.25919196818610807,0.873
4974.79,GT-27032,24360.498454112854,75205.8685931675,0.024161158416470183,0.13747949722435204,0.885
4974.79,GT-27035,49110.68290194192,26511.124988255364,0.36321512277072054,-0.0794787081797917,0.872
4974.79,GT-27063,-18823.8811488203,-45620.88006689512,-0.208143817746003,0.2692752087664257,0.885
4974.79,GT-27118,-90819.57619508644,-35082.49290794906,0.19844357000133267,0.3370410744087605,0.876
4980.09,GT-26609,1453608.7353699473,-40229.29819775581,-127665.25861039144,-1835.8861689473974,0.852
4980.09,GT-26717,-33748.453757339514,-30241.101580045444,-0.026435344370378637,-0.08834447313504011,0.859
4980.09,GT-26935,51434.93321164576,15.276346985558586,-0.24088415245117975,0.5677253045648963,0.857
4980.09,GT-26963,-9561.387451704275,98676.05582115237,-0.11898855804840244,-0.20815651030170396,0.86
4980.09,GT-26966,63765.9275775651,-81787.51853672722,-0.2160483012176252,-0.09727018041645874,0.852
4980.09,GT-27032,24361.013443338546,75205.88199367779,0.03138398081292223,0.1094747912173084,0.85
4980.09,GT-27063,-18816.11848067276,-45623.078287186625,-0.016377556166319675,0.23451179625832386,0.85
4980.09,GT-27118,-90815.5442769764,-35084.92464924535,0.2494112791550162,0.21592485006272225,0.854
4986.21,GT-26833,-23178.642314655124,-69226.67555342872,78.12507544553306,-118.89278036685964,0.895
4986.21,GT-26935,51441.4286185742,8.920038425669787,-0.3411349853489135,0.5795740944111385,0.948
4986.21,GT-26957,40734.019149175554,-62167.196031069725,-0.3937053404941798,-1.5211058004090514,0.876
4986.21,GT-26963,-9565.866689953706,98677.59607318114,-0.07230344957745063,-0.11776165380983589,0.881
4986.21,GT-27032,24359.17528167392,75201.08418691317,0.021870105501173676,0.009418271025273161,0.868
4986.21,GT-27063,-18819.881055245445,-45633.15149231786,-0.08293056036694117,-0.11493727775717048,0.87
4986.21,GT-27118,-90824.4334161174,-35082.525788430496,0.07418508407983976,0.2204565329165102,0.884
4986.21,GT-27145,91769.54145184983,-21185.965384672774,-0.28218315698192803,-0.033467328827331645,0.865
4990.56,GT-26935,51442.06617200262,9.924636648771768,-0.3710427111805895,0.6009642403528855,0.881
4990.56,GT-26957,40735.80279254986,-62160.09479906625,-0.46653298858168796,-1.7527962730232254,0.894
4990.56,GT-26963,-9563.092860656076,98688.08854045697,-0.09928727903011622,0.014936628588738052,0.89
4990.56,GT-27032,24360.15424016549,75199.29396077998,0.09425816764293429,0.05507510667999764,0.882
4990.56,GT-27063,-18818.147652826556,-45635.96742802298,0.039587509565551855,-0.2039445619834901,0.884
4990.56,GT-27118,-90824.37698075794,-35082.221599918565,0.025256923169210785,0.16713718101302213,0.888
4990.56,GT-27145,91777.82397314665,-21201.742649663218,-0.11199989956166734,-0.39868335171452085,0.894
4990.56,GT-27173,41749.79480182393,-50968.84156583067,0.07233469612832207,-0.12888641165755335,0.887
4996.35,GT-26935,51451.9992357977,-13.63895023019221,-0.29290172680538573,0.5197517561907574,0.942
4996.35,GT-26957,40744.67917384389,-62137.21227955485,-0.3666775651828707,-1.9497318734926603,0.954
4996.35,GT-26963,-9566.22410401127,98684.33392469592,-0.04034811368402495,-0.008237545780980349,0.946
4996.35,GT-27032,24352.488217088663,75193.83510873554,-0.014687661935194642,0.0606838682108067,0.942
4996.35,GT-27063,-18800.604188226524,-45643.99386369378,0.5036107718472033,-0.34834425270039204,0.95
4996.35,GT-27118,-90818.27913206213,-35086.777248600694,0.1556946602449789,-0.05277926224271964,0.951
4996.35,GT-27145,91775.84630178295,-21202.39789514671,-0.14177733297929726,-0.40839184106035337,0.946
4996.35,GT-27173,41758.38845275779,-50976.112373048585,0.26370390612790673,-0.022434261081421464,0.946
5001.2,GT-26963,126963.11885904997,-19708.13981512141,411.12851567077973,-356.4048039257782,0.955
5001.2,GT-27203,-94109.80127726446,41197.164299488344,-0.49263029270972897,-0.5513307984380604,0.851
5010.37,GT-26957,40748.71110471283,-62095.904599964306,-0.44159326084857276,-2.873997415848642,0.901
5010.37,GT-26966,63758.98415152137,-81786.1090335237,-0.10423517581413355,-0.11608187412999955,0.883
5010.37,GT-27032,24338.15012928669,75172.65253783052,0.2996975254264912,0.26255772795086324,0.9
5010.37,GT-27035,49097.05675844096,26507.050366133404,-0.03634785843295804,-0.27239155439007423,0.873
5010.37,GT-27063,-18819.86516654452,-45633.95350871996,-0.1318652648050155,0.02076773181353478,0.909
5010.37,GT-27118,-90820.05654298754,-35088.380931204745,0.21371649973732715,-0.1035758006374244,0.901
5010.37,GT-27121,74970.59296914987,-67937.02074579928,-0.24487633239854656,0.48409127885263026,0.874
5010.37,GT-27145,91771.02064832031,-21194.934751032106,-0.0009029906041232837,-0.06585817845809122,0.9
5010.37,GT-27173,41765.438500636716,-50986.350458375404,0.1895610573690876,-0.16998765022428086,0.902
5014.57,GT-26957,40773.23945045877,-62040.68756750443,-0.08011975567678878,-2.758862045624378,0.951
5014.57,GT-27032,24342.60599798977,75158.76453560387,0.30122901028769394,0.23935534045785367,0.942
5014.57,GT-27063,-18818.055664794003,-45633.097540106595,-0.1658752433269523,0.011598032222118677,0.932
5014.57,GT-27118,-90823.44690568266,-35086.59998163042,0.13435948370795314,-0.08430109256001496,0.945
5014.57,GT-27145,91763.13511493898,-21198.703281271562,-0.29861163747362107,-0.13918559606444758,0.946
5014.57,GT-27173,41756.98360159204,-50983.73965516758,-0.1637002639498865,-0.09667535300221028,0.943
5014.57,GT-27251,51433.12633445586,20.56915636841699,0.6547364555504598,0.15396124726959423,0.924
5020.5,GT-26717,41967.15600131066,146070.51894253475,182.11483992530816,423.8241576089493,0.867
5020.5,GT-26800,671274.1965640032,-55740.05814095829,-3282.8509356363434,413.26724683443274,0.887
5020.5,GT-26906,65719.0746220232,-49316.75979002853,0.035217843390902406,0.49582841453304055,0.872
5020.5,GT-26957,40782.69281252721,-62003.10578624412,-0.12213685467008403,-3.012652388910599,0.907
5020.5,GT-26966,63767.053401624114,-81792.90540457655,0.2056959011071107,-0.23539365440302978,0.888
5020.5,GT-27021,392.0804966731042,71894.22028314008,-0.02466577894787149,0.26743152297110606,0.878
5020.5,GT-27035,49094.47157424624,26498.375519976846,-0.09666218697731352,-0.386361202553504,0.896
5020.5,GT-27063,-18815.322648181183,-45630.7441516975,-0.16967225410212988,-0.03226958062004102,0.894
5020.5,GT-27076,-45481.89624832329,-35949.56774385658,-0.08278419525196754,-0.024365552625148255,0.895
5020.5,GT-27118,-90822.91837612803,-35101.807547480785,0.1222059871325371,-0.44674262875956333,0.906
5020.5,GT-27121,74981.67989359927,-67954.77524990638,0.009093594829085741,-0.15634404794080087,0.887
5020.5,GT-27145,91761.57449778444,-21198.494423461376,-0.26953976424171805,-0.17421343226027974,0.897
5020.5,GT-27166,-50972.78926661289,-19827.751543537513,0.10756078761991175,0.15175507793674448,0.878
5020.5,GT-27167,-26328.270100804646,53152.94609353776,-0.23669349286735236,-0.1453628983308889,0.882
5020.5,GT-27173,41753.96943023942,-50985.35950657564,-0.2116335454873231,-0.09852247809212168,0.9
5020.5,GT-27251,51448.53523913988,18.76890156891997,0.7170243705113444,0.10837145207193798,0.905
5024.29,GT-26906,-195399.30539538153,108479.9646180162,-2419.965229651449,1462.5050183865708,0.892
5024.29,GT-26957,40784.905109504,-61944.76112861049,-0.288424993100308,-3.2664408787204637,0.893
5024.29,GT-26966,63769.346129349506,-81793.52520895728,0.317377115539264,-0.2979338822721852,0.879
5024.29,GT-27063,-18809.24821765133,-45626.15883820085,-0.19594480234157297,-0.005951602945548445,0.878
5024.29,GT-27076,-45484.37953889706,-35948.84208239371,-0.1161859289277901,0.012363625077848894,0.882
5024.29,GT-27118,-90825.70966791845,-35103.86159366151,0.07366475346459407,-0.40116746220406135,0.882
5024.29,GT-27145,91766.12512894563,-21206.35292545606,-0.12799465258537668,-0.35890118506539576,0.883
5024.29,GT-27166,-50974.1378525313,-19825.316666705246,0.10473882567589993,0.1629845693529185,0.858
5024.29,GT-27173,41755.03000215426,-50985.70719512852,-0.15359161891872952,-0.08869424242867868,0.878
5024.29,GT-27251,51444.10325518102,19.119351379444897,0.5479040857840645,0.1209110355890228,0.877
5024.29,GT-27274,-9565.914535217238,98699.71057898585,0.46030594052611196,-0.3564624630858239,0.883
5033.37,GT-26957,40795.105144271496,-61828.22374779713,-0.7327999905823627,-4.094874292810623,0.955
5033.37,GT-27063,69927.88537347603,56857.20504209888,233.07599337870178,268.49813391678094,0.916
5033.37,GT-27118,-90825.60626369095,-35111.2674556596,0.18145957031100282,-0.4528143259870242,0.884
5033.37,GT-27145,91773.52154363273,-21206.46430180707,0.17356737827804308,-0.39554287583658176,0.896
5033.37,GT-27173,41754.35667290708,-50984.039732765836,-0.0051988228362265035,-0.03604259918331207,0.884
5033.37,GT-27251,51443.34437701806,19.809350229947032,0.316880280218109,0.07250796575814773,0.878
5033.37,GT-27274,-9565.7002054251,98701.57148191791,0.41882993537848995,-0.3514815765945815,0.878
5036.48,GT-26957,40809.01397562922,-61784.25730431154,-0.5686149416150178,-4.286074196617481,0.897
5036.48,GT-27021,-136659.6813702746,-336381.65322443,-549.0047303852189,-1635.5426665700925,0.908
5036.48,GT-27118,-90828.76447261336,-35103.33892838637,0.15320763573643503,-0.19256332343468735,0.891
5036.48,GT-27145,91773.60974699452,-21205.507746497395,0.208631381849087,-0.41904404047599025,0.886
5036.48,GT-27173,41749.77523037979,-50982.74056383098,0.03046870784496281,-0.1001364284456104,0.885
5036.48,GT-27203,-94092.05079813018,41373.54822561243,0.6906285089165373,3.6662252619286426,0.896
5036.48,GT-27251,51448.03068615424,18.31919315350262,0.3522213265163191,0.09607158190235189,0.882
5036.48,GT-27274,-9570.229006411586,98702.53093771938,0.24964279814174928,-0.37455826278869275,0.888
5036.48,GT-27305,24351.42597586262,75230.57247344169,0.296219543164117,-0.22578378496333557,0.877
5042.2,GT-26957,40832.86216145195,-61671.20436518997,-0.8917055910699969,-5.974174605171699,0.888
5042.2,GT-27118,-90832.77608450825,-35102.51935478507,0.1342666007347572,0.006834511289911804,0.892
5042.2,GT-27145,91770.47997584104,-21207.726919370074,0.20919373477102654,-0.2625102490409159,0.882
5042.2,GT-27173,41745.619023549785,-50982.73289016905,0.04482811418673996,-0.08404024828695823,0.896
5042.2,GT-27203,-94122.50919579685,41011.60237361063,0.19284844020249242,-2.8289549991530394,0.876
5042.2,GT-27251,51439.53729671731,15.055795185585334,0.17415331479798557,0.18426854687251262,0.883
5042.2,GT-27274,-9570.935456752744,98705.6173552215,0.14161164842567908,-0.23142592996669886,0.89
5042.2,GT-27305,24347.85831585779,75222.17591071753,0.041256771929077785,-0.2076820138039239,0.882
5046.59,GT-26951,68761.91631102492,27496.481196750352,-3141.0431521799223,566.5073140888472,0.929
5046.59,GT-26957,40868.28834944735,-61497.74371342793,-1.1252639715755985,-7.663135876993018,0.942
5046.59,GT-27118,-90832.36024300095,-35101.734770554656,0.14841096484095131,0.09711892669494537,0.95
5046.59,GT-27145,91768.48511456257,-21209.103185175703,0.13667991995886264,-0.08720003284634534,0.937
5046.59,GT-27173,41737.70902842973,-50971.8658293672,-0.0991439633722408,0.1606016887685182,0.946
5046.59,GT-27251,51440.04311863776,14.14075134666884,0.16506303184592203,0.17725930199476297,0.853
5046.59,GT-27274,-9568.806747091985,98706.2989465743,0.10528766560818936,-0.1290146426011932,0.94
5046.59,GT-27305,24348.714288414412,75223.07317345963,0.10957582354014651,-0.1193834793314222,0.936
5053.43,GT-26957,40894.08316757815,-61383.334178184676,-1.565041647482379,-10.043327662608757,0.898
5053.43,GT-27118,-90836.46446335623,-35097.99352396269,0.17382705318030567,0.15795093921523637,0.898
5053.43,GT-27145,91758.37200414132,-21211.123607124253,0.1022460227771918,-0.11080656770535237,0.901
5053.43,GT-27173,41736.84192249224,-50971.3829021766,-0.04858422760427612,0.08920431367701923,0.899
5053.43,GT-27227,55623.86039234479,-68175.6910388191,2.608497048886952,5.8167189923710225,0.884
5053.43,GT-27251,51435.52698336151,15.430132871992189,0.005480899063402739,0.20933712879327993,0.893
5053.43,GT-27274,-9568.200247466804,98708.60870095094,0.08375804315951148,-0.01743811407526838,0.9
5053.43,GT-27305,24351.304082680137,75223.44461324155,0.16062737244223613,-0.13394435870658583,0.899
5053.43,GT-27343,-18821.868742617666,-45644.85059131965,0.07806167015825104,-0.3151334916849551,0.883
5059.06,GT-26957,41004.117879030666,-60735.23799280425,-3.0855450057428313,-16.574644706856436,0.95
5059.06,GT-26966,-103978.86664094953,52630.82722632074,-1461.1409583915276,1169.0870206854072,0.906
5059.06,GT-27118,-90838.07692707972,-35096.50101006836,0.37777312214267667,0.051090414455135444,0.941
5059.06,GT-27145,91747.6815710305,-21211.150426987137,-0.026406552023327298,0.0616285755447147,0.879
5059.06,GT-27173,41746.3296446043,-50971.60314867383,0.24351312090343646,0.0622120568155326,0.891
5059.06,GT-27251,51433.367902882026,12.557536463149132,-0.02289165842326893,0.1943543578071902,0.947
5059.06,GT-27274,-9567.951192255901,98703.39480214995,0.2235786097781663,-0.2954112699466465,0.949
5059.06,GT-27305,24354.808058010807,75232.5913562047,0.3114981380805508,0.06627822651300064,0.949
5059.06,GT-27343,-18815.981850474705,-45638.63128753686,0.23221072878616716,0.015634251585584485,0.95
5064.26,GT-26957,-105253.11182742438,-15438.04687818265,154.07889244425778,-48.404614930644485,0.886
5064.26,GT-27076,-45520.17548093268,-35960.802010213876,-6.297931544656473,-7.604526977657312,0.862
5064.26,GT-27145,91745.78760761896,-21211.42294750134,0.042052487443967224,0.14154785573568,0.851
5064.26,GT-27173,41740.843773463865,-50970.36855968784,0.33324095023414085,0.037445824878160894,0.918
5064.26,GT-27203,-94058.72677647237,41539.40380228105,0.9031901530791653,3.557559867420618,0.878
5072.19,GT-27035,49111.82818540971,26492.299670548746,0.08856306330261007,-0.07477756818277809,0.883
5072.19,GT-27076,-45462.220107588204,-35881.0681861837,-5.122460351155134,-6.160071635925269,0.914
5072.19,GT-27118,-90863.95442030829,-35105.65052893029,0.3886596166597662,-0.016196257922300332,0.888
5072.19,GT-27121,74998.21151175314,-67947.8304713242,0.09279160025430999,-0.04172190336449457,0.9
5072.19,GT-27145,91740.98948782533,-21208.862273773895,0.12398668122434846,0.25165751349240856,0.887
5072.19,GT-27166,-50957.801257168954,-19839.82749216859,0.212183080004908,-0.03698559348532687,0.902
5072.19,GT-27173,41738.625641120045,-50965.298203225895,0.5899202299598922,-0.0297897048230001,0.891
5072.19,GT-27251,51430.35174021431,10.940833759185592,-0.04859240962336138,0.21486404233942877,0.892
5072.19,GT-27253,-78257.79715997554,-50908.220916071645,0.21475100109705114,-0.23958945970122522,0.888
5072.19,GT-27274,-9577.734478917717,98689.70288699091,-0.11271444287760216,-0.24683081146868133,0.885
5072.19,GT-27305,24360.215910125313,75214.26890789889,0.34826763075595574,-0.3425591756129695,0.895
5072.19,GT-27307,-33744.589405581246,-30228.0492924348,0.10645555949916036,0.2879281661494991,0.878
5072.19,GT-27309,65763.77001587678,-49277.592390557526,-0.33977291839417445,-0.10180548624394682,0.906
5072.19,GT-27312,-36427.69722440823,33556.44433528138,0.19075156428918455,0.1555106103176851,0.909
5072.19,GT-27343,-18816.469857991135,-45638.013897530815,0.3392734261770782,-0.2168488188487681,0.884
5077.15,GT-27035,49115.47837093262,26490.98523267026,0.13114649743656598,-0.024925332804295812,0.857
5077.15,GT-27076,-45402.52422481689,-35797.52245157773,-3.748962776924059,-4.628067368117113,0.867
5077.15,GT-27118,-90872.78696353396,-35107.26418523317,0.5678407989835083,-0.013002853878435463,0.852
5077.15,GT-27145,91717.72299669696,-21208.10737541211,-0.0013707625412148275,0.3809914981983104,0.856
5077.15,GT-27166,-50956.799104498394,-19847.042501629403,0.10296663292537872,-0.17072684966658108,0.856
5077.15,GT-27167,-26313.692443494907,53153.33554256567,-0.09920321716252534,0.2659818149988207,0.85
5077.15,GT-27173,-92581.8657575159,12904.979705146654,-31.38037462904513,15.489794156405916,0.892
5077.15,GT-27227,55583.66932841254,-68281.92236716741,1.3113570602652644,2.351262699193587,0.853
5077.15,GT-27251,51434.782366745734,6.283273707853073,0.03190617079430372,0.23192759498936927,0.856
5077.15,GT-27274,-9573.192472278133,98690.68008237935,0.0007374285569610728,-0.20623903394181228,0.858
5077.15,GT-27305,24123.975694497265,75444.65100622793,-2.698641418999554,2.4073247229942694,0.914
5077.15,GT-27309,65771.8004170141,-49273.567640254136,-0.15231557047680683,-0.17073526349859036,0.865
5077.15,GT-27312,-36426.71260939305,33555.176148238264,0.1809180787284135,0.09229972130882068,0.859
5077.15,GT-27343,-18818.550728968905,-45631.83173973869,0.23590330099825788,-0.054758974541864056,0.855
5082.85,GT-27035,49113.71211136109,26484.12087006324,0.05185468070992508,-0.12522573642344922,0.878
5082.85,GT-27076,-45394.660931504644,-35783.45116064047,-3.787880294298617,-4.741367420170736,0.862
5082.85,GT-27118,176268.27593097757,80964.41832282796,-1274.9312303738109,-553.6020492718083,0.935
5082.85,GT-27145,91713.1792343644,-21223.684653747576,0.516254079948251,0.5195844915495488,0.904
5082.85,GT-27166,-50960.34977511246,-19831.39540178206,-0.04692595245976458,0.24360878851813167,0.878
5082.85,GT-27167,-26328.748442583303,53138.79064561044,-0.42971455838506595,-0.05868689749155753,0.876
5082.85,GT-27251,-153084.0824518403,-51848.94793871952,159.922754065783,40.36475313609936,0.936
5082.85,GT-27253,-78283.16604167454,-50902.21504791664,-0.331033952282466,-0.09891514273413252,0.872
5082.85,GT-27274,-9576.566648899929,98699.24410483552,-0.07232770145430406,0.07331728985682864,0.907
5082.85,GT-27305,24120.98763353421,75449.93579154082,-2.019649140968291,1.788764032266057,0.906
5082.85,GT-27307,-33751.23979260253,-30239.609536984735,-0.11849614253162896,0.05219019140454334,0.87
5082.85,GT-27309,65770.69073010536,-49270.514103438894,-0.14908864878729833,-0.07179133505755864,0.871
5082.85,GT-27343,-18820.978812298534,-45627.891010482934,0.11987697424911956,0.24722384989348245,0.901
5087.87,GT-27035,49114.45820120366,26482.246345210853,0.03857393545726001,-0.10957427758325851,0.858
5087.87,GT-27121,75004.93658431781,-67954.32056129018,-0.0045383466990895,-0.09736759323967059,0.853
5087.87,GT-27145,91704.98782257651,-21241.99439119726,0.7166182942620379,0.6401313087616045,0.888
5087.87,GT-27167,-26314.65571974223,53135.72861610592,-0.04214288524451887,-0.10791078086927894,0.884
5087.87,GT-27203,-94064.45365793031,41503.57957672914,0.3642740846836592,0.790957960831888,0.852
5087.87,GT-27274,-9570.900589368732,98693.25437241863,0.019118252363107005,-0.15145518633440413,0.884
5087.87,GT-27305,24417.84573358053,75383.71307530394,-2.9159359438626256,0.9346580067733994,0.895
5087.87,GT-27342,398.4650915802557,71876.01755404203,-0.1510547718138278,0.028469518877858258,0.873
5087.87,GT-27343,-18838.345741481146,-45624.059840667745,-0.25855852404070034,0.38297650707768865,0.892
5087.87,GT-27447,41754.5233576182,-50990.059024482944,0.26149522445151335,0.40182543113988073,0.869
5087.87,GT-27448,40710.47249550483,-62388.15135717569,0.20876767305147964,0.04689144630345063,0.879
5094.12,GT-27145,70981.31511278823,-124380.43524998087,-8.509875145769517,-39.71646813141762,0.982
5094.12,GT-27166,-50949.31082530992,-19830.791972995165,0.08463844021751751,0.25796288735089984,0.851
5094.12,GT-27274,-9564.200705476596,98688.81883374802,0.15346537829267848,-0.3150450911343097,0.938
5094.12,GT-27305,24434.82000913981,75394.98530820983,-2.9883962026784103,0.4627163435092181,0.926
5094.12,GT-27343,-18833.629451301043,-45634.016205290376,-0.05777864466868076,-0.03282304263085546,0.94
5094.12,GT-27447,41767.537446035196,-50983.97348881015,-0.15931836557318338,0.2547830383488197,0.927
5094.12,GT-27448,40710.97622990671,-62389.01435455245,0.14210127383957685,0.022815062714040203,0.926
5094.12,GT-27454,51410.0353096384,21.308909714816124,-0.16665759001401814,-0.3806698173053907,0.919
5098.62,GT-27121,-48136.63002598082,13713.258053393904,-329.44004823821655,218.26652791594145,0.955
5098.62,GT-27343,-18833.267703228936,-45641.864373230375,-0.14318840695670132,-0.1519428794903187,0.924
5098.62,GT-27447,41767.563294361644,-50984.17845341677,-0.12131184932459277,0.28378786381240945,0.924
5098.62,GT-27475,-90819.81195747781,-35078.856497358494,0.16507497604864968,-0.33691329577925405,0.881
5106.76,GT-27274,-9565.257930723363,98686.87441568746,0.14791604462987967,-0.28719624105173663,0.893
5106.76,GT-27305,24510.66633233406,75399.56188775126,-1.8987371180230879,-0.9772937316416269,0.896
5106.76,GT-27343,-18835.27259936808,-45646.3763588394,-0.10572009219131327,-0.1474124028673929,0.879
5106.76,GT-27447,41767.618362376306,-50983.601532044755,-0.12807635980571624,0.24039729055521442,0.879
5106.76,GT-27448,40701.92317063121,-62395.32335660555,-0.0035256417411786735,-0.09009050044987742,0.893
5106.76,GT-27454,51408.963815941584,28.956746279224827,-0.2115156898630257,0.140642691055269,0.891
5106.76,GT-27475,-90825.8849078266,-35072.194020505376,-0.06889462767818993,-0.35371625939142026,0.89
5113.97,GT-27035,49124.79129505663,26487.087653804916,-0.001034397591949194,-0.025707853023888463,0.883
5113.97,GT-27167,-26305.377465719066,53140.89905793717,0.02954484975905007,0.188684934297885,0.894
5113.97,GT-27274,-9561.269762105037,98687.75487931744,0.08957421192491472,-0.26798638976536704,0.893
5113.97,GT-27305,24559.730554473856,75425.01515966383,-2.0700697032035014,-1.6510444815388834,0.904
5113.97,GT-27307,-33754.43060714189,-30227.777013698695,-0.20469826746410444,0.15533060236010104,0.881
5113.97,GT-27343,-18832.24497628404,-45645.88345541693,0.02053269104944608,-0.12285008263286992,0.905
5113.97,GT-27447,41775.35917126767,-50982.984798893354,0.06059546769256143,0.20535598017620493,0.901
5113.97,GT-27448,40715.27839901071,-62389.2760826225,0.406815471530143,0.042785655467017396,0.9
5113.97,GT-27454,51405.173198732045,29.19044418080508,-0.12630672436746904,0.10926313249889953,0.891
5113.97,GT-27475,-90822.3168852652,-35092.70312036626,-0.00904296893166683,-0.1659749650576854,0.896
5120.45,GT-27035,49134.99482688892,26484.754795092667,-0.016773379541569152,-0.0379585027708297,0.869
5120.45,GT-27203,-94046.48342458725,41668.79011622782,0.12668043897184422,0.7013308938832656,0.881
5120.45,GT-27305,24581.802086251166,75454.59666839342,-2.464518575754149,-2.085819950046385,0.853
5120.45,GT-27343,-18834.826750322165,-45647.23623013763,0.05149139439062239,-0.12487163604998311,0.853
5120.45,GT-27448,40710.959781435624,-62386.04672534039,0.21794629501593124,0.19223626263313398,0.861
5120.45,GT-27454,51408.72309270402,27.32877536424298,-0.006139348964620678,0.04679918817792843,0.858
5120.45,GT-27475,-90820.69279007634,-35089.80931331617,0.01614608302618093,-0.018668027894415525,0.855
5125.96,GT-27035,49144.594361980984,26495.56303222826,-0.1793330410081853,0.2820500689635892,0.852
5125.96,GT-27076,175271.9399762221,-95061.3638251078,-1254.301359067255,341.0642741500308,0.873
5125.96,GT-27274,-159021.6337001799,-187355.03289236233,-253.020725180714,-484.4309054993189,0.89
5125.96,GT-27305,24702.905926560263,75587.88027087603,-3.2962517779219143,-3.0222963910733287,0.941
5125.96,GT-27343,-18832.22204233928,-45641.106023095,0.20462575792391982,0.12012773069942942,0.937
5125.96,GT-27447,41780.61588029343,-50986.65615041793,0.044695323156918994,0.14284131256396665,0.921
5125.96,GT-27454,51420.24405166509,29.620514999452045,0.39039843366607774,0.03753011251979037,0.94
5125.96,GT-27475,-90817.82646538364,-35085.50935342724,0.13025339516788392,0.041619459813183754,0.923
5131.63,GT-27166,-242996.02740258558,-1450787.8244921789,782.8437014175229,5829.375226168944,0.867
5131.63,GT-27167,-26283.622454529628,53134.2768887976,0.11401709945562176,0.32155076320908904,0.863
5131.63,GT-27305,24801.02987019281,75681.16059875883,-3.9790535665452853,-4.113759799765953,0.895
5131.63,GT-27312,-36251.42349985021,33217.98983889019,-2.4812004078011123,4.957285137072972,0.915
5131.63,GT-27343,-18834.786819664616,-45652.05364130049,0.18183067181895274,-0.09128181784729486,0.896
5131.63,GT-27447,41784.2356878645,-50984.59527423704,0.12711979707380208,0.11873548909103734,0.879
5131.63,GT-27448,40697.30923327371,-62379.9405933386,-0.28605981851669954,0.5587685440590024,0.888
5131.63,GT-27454,51425.639619811074,24.933597942286678,0.4064890283464295,-0.08377687153447612,0.888
5131.63,GT-27475,-90817.40991195518,-35086.942181909464,0.08610806473672777,0.09106152797355146,0.895
5131.63,GT-27533,91768.60536645091,-21164.283077921784,-0.38735905578467295,-0.6229360710284771,0.887
5139.07,GT-27305,24857.948054628225,75743.55789012088,-5.157346482859726,-5.359711153210023,0.852
5139.07,GT-27307,14713.370372107267,49983.68452071462,613.7935938211941,1015.560652423984,0.959
5139.07,GT-27312,-36253.06796176746,33214.30579339545,-2.34231634336051,4.43194257146214,0.867
5139.07,GT-27343,-18844.974891561018,-45654.99931757084,-0.054437387556801914,-0.05267613554611402,0.939
5139.07,GT-27447,41783.449514624415,-50984.36480285845,-0.018095865818304233,0.14957122815221174,0.853
5139.07,GT-27448,40697.674214825915,-62377.92425212558,-0.2250367541105431,0.5300865205872425,0.933
5139.07,GT-27454,51419.24262424697,30.4316519031811,0.01732189212283116,0.2598512860001508,0.936
5139.07,GT-27475,-90823.44272816763,-35087.54566024722,-0.10839375910692209,0.029341433569515997,0.933
5139.07,GT-27533,91772.4604027091,-21174.712180558105,-0.24290814982747272,-0.7736435668380129,0.934
5139.07,GT-27555,-9540.035526582693,98695.48607524649,0.16012502367295034,-0.4317176142969297,0.914
5144.44,GT-27305,-592729.8364030599,-1590155.3531843568,2437.6370203024635,6575.06223258873,0.89
5144.44,GT-27343,-18848.4677670056,-45654.98545342972,-0.013283990355614547,-0.057185803335012116,0.857
5144.44,GT-27447,41773.85508278544,-50980.25152304549,-0.15237152408412563,0.01846215880044788,0.866
5144.44,GT-27448,40698.02661390839,-62381.81041907446,-0.11448277566737056,0.43311727928903376,0.937
5144.44,GT-27454,51418.18738852581,30.416929065632623,-0.02487196759347969,0.221119426622821,0.868
5144.44,GT-27475,-90823.67667852715,-35087.74229845838,-0.0994129901824912,-0.03308572166266444,0.935
5144.44,GT-27533,91775.72909430868,-21173.060867864824,-0.18533184021980162,-0.6097711332501065,0.934
5144.44,GT-27555,-9555.920227419272,98705.26080222796,-0.16600029054935045,-0.5006564441466692,0.867
5147.05,GT-27203,-94040.09689522261,41719.16621254089,-0.7717058477057845,-6.7207653979033175,0.898
5147.05,GT-27447,41790.18159794757,-50975.52240503046,-0.18633445452700975,0.10545920335465296,0.913
5147.05,GT-27448,40699.55417606253,-62382.049330299174,-0.12839882379929465,0.4363317128443476,0.902
5147.05,GT-27454,51423.44303208692,33.20526307746919,0.12294546273193868,0.26047552450083333,0.904
5147.05,GT-27475,-90825.36211644606,-35079.285597507194,-0.08025615423513163,0.13106138720388655,0.914
5147.05,GT-27477,63102.25987733327,-82538.89850555189,-2.706020676076851,-2.6304913618272447,0.866
5147.05,GT-27533,91780.03008580384,-21165.863094705117,-0.12137075789586768,-0.4582485729777813,0.92
5147.05,GT-27555,-9556.554536997504,98702.68338722376,0.1165870325706944,-0.582039716197716,0.918
5155.17,GT-27035,-10154557.809989123,-4543609.645146377,97506.08067351246,43670.516205595806,0.909
5155.17,GT-27343,-18860.52317187533,-45669.15448348206,0.1765742640048457,-0.043173452300511554,0.894
5155.17,GT-27447,41794.31602397035,-50975.179830383175,-0.5937999182108441,0.11096381336762598,0.893
5155.17,GT-27448,40708.167240069175,-62386.34088521425,0.14175484013751163,0.3397040667603171,0.898
5155.17,GT-27454,51414.34742928629,36.51549304281289,-0.21340065500208882,0.32004206212261294,0.905
5155.17,GT-27475,-90829.58188271754,-35085.85776483251,-0.07904089570183409,0.07462126835763908,0.908
5155.17,GT-27533,91775.08632265772,-21176.88555357189,-0.30674920291320745,-0.3690451011886181,0.901
5155.17,GT-27555,-9555.549863588541,98699.21892103585,0.06331945581743101,-0.18261561855854425,0.906
5155.17,GT-27609,24375.201822437062,75207.01876641066,0.09652641886116275,-0.042218130893683356,0.876
5159.45,GT-27203,-94030.23603733166,41852.31757406182,-0.8467096455928114,-6.8300667638312245,0.883
5159.45,GT-27343,88456.18492902664,63668.290655468256,155.3750256278278,158.25407495657697,0.96
5159.45,GT-27447,41817.76725533573,-50976.04762767058,-0.8760792006009465,-0.03198524455105311,0.932
5159.45,GT-27454,51410.37943903472,29.075306382382884,-0.2953193206811813,0.042999625675116455,0.926
5159.45,GT-27475,-90831.64206357734,-35081.75420872049,-0.15143779388988374,0.15839062230120632,0.936
5159.45,GT-27555,-9555.323752152635,98698.64904048847,0.03275429023749496,-0.1669578124587853,0.927
5159.45,GT-27609,24373.579727254408,75206.28474457034,0.05221653718971002,-0.08240376939367028,0.927
5165.38,GT-27203,-94027.02339410121,41943.63958563306,-1.1719578027796238,-9.572926802796804,0.934
5165.38,GT-27309,-9046.55145693447,6284.431209978064,-4648.087329065726,3449.8348369153314,0.863
5165.38,GT-27448,40716.34938050134,-62382.6692625902,0.09279863449873037,0.45611338526995077,0.895
5165.38,GT-27454,51409.22432304482,35.72321635627374,-0.25808627044662236,-0.02682214314512292,0.892
5165.38,GT-27475,-90829.77298756676,-35083.33805704666,-0.03147432154404198,0.09991083047681117,0.906
5165.38,GT-27533,91776.30208372955,-21163.412944714655,-0.24860777999445613,-0.06308714783987501,0.896
5165.38,GT-27555,-9552.806031833015,98697.73776365673,0.21976671842586754,-0.1585634126783726,0.903
5165.38,GT-27609,24372.17577277905,75213.81597161021,0.1037082375961079,0.22143998180692254,0.907
5173.17,GT-27203,-56362.437308854234,89264.78244503673,394.1792730072964,493.04876228435796,0.859
5173.17,GT-27448,40721.86656713885,-62389.789823313775,0.03950020583500613,0.5559390572707344,0.9
5173.17,GT-27454,51404.269222280614,42.901565436288976,0.0020285530052690515,0.018054350979008232,0.909
5173.17,GT-27475,-90827.07090509734,-35081.43109231621,-0.020926244813297086,0.026243360610246003,0.9
5173.17,GT-27533,91777.9117511961,-21161.276818045277,-0.15903149734160846,-0.03250665802018461,0.904
5173.17,GT-27555,-9551.869819754738,98693.67212604759,0.04409583955304188,-0.3426523914029831,0.907
5173.17,GT-27609,24371.65958937664,75215.47766426628,0.07078368031319299,0.20279975458342403,0.9
5176.19,GT-27167,119413.2272765063,-133918.4246100265,92.73963725855755,-118.67070675347331,0.868
5176.19,GT-27448,40730.44829781278,-62402.19925167721,0.07229411977564909,0.6508202816873672,0.901
5176.19,GT-27454,51399.96272549451,48.01893144763864,0.09592008192130175,-0.03939919043319744,0.897
5176.19,GT-27475,-90829.86318336523,-35081.454167658,-0.021803180742086883,0.06871900895406385,0.899
5176.19,GT-27533,91779.34550907795,-21162.17047233388,-0.15125291663651588,-0.11770184021531024,0.903
5176.19,GT-27555,-9549.657211087446,98693.01739925836,0.0798250847566357,-0.3713398780501243,0.902
5176.19,GT-27609,24371.12915944138,75210.87426605973,0.1354017353877782,0.18897280306662395,0.9
5176.19,GT-27669,-18820.11569116104,-45645.93846403302,-0.041467039349505505,0.07618853412229858,0.892
5183.66,GT-27312,-36130.68068944498,32948.352457710746,-4.179844532448682,7.8087790880501124,0.858
5183.66,GT-27448,91775.6898865354,-22189.484175292364,31.060923728885314,24.28179114872921,0.872
5183.66,GT-27454,51399.575189054325,66.53421406600602,0.25768623730419654,0.05869297951741566,0.911
5183.66,GT-27475,-90819.289864781,-35089.5089774314,0.10545681445039383,-0.24791204196467215,0.902
5183.66,GT-27477,63243.44019113369,-82382.57834731921,3.4255416268009857,3.8701115199173284,0.882
5183.66,GT-27533,91776.16570027621,-21167.14924493322,-0.2234623388762543,-0.32527018315809125,0.904
5183.66,GT-27555,-9542.77920439222,98703.66979539284,0.1964108071335512,-0.010295577150168683,0.903
5183.66,GT-27606,-45474.80402201849,-35949.932094152326,-0.05664441511577145,0.019941571952534445,0.854
5183.66,GT-27609,24372.425885172517,75209.3088561257,0.14939841904458703,0.13637224313058616,0.897
5183.66,GT-27669,-18840.817633583316,-45638.57837093632,-0.1478224872765551,0.1438088523653141,0.905
5183.66,GT-27695,41765.38215460937,-50995.73409774872,0.3830706752433259,-0.13216584916848279,0.891
5185.83,GT-27454,51396.40037704339,68.2270728007981,0.30831726504361395,0.03734039966781044,0.911
5185.83,GT-27475,-90818.78705170972,-35094.805720288074,0.006071528502509291,-0.3468455087573906,0.925
5185.83,GT-27533,91781.04851390213,-21158.32377719505,-0.07208969132917492,-0.046196509202156066,0.926
5185.83,GT-27555,-9541.942662612062,98704.0599139362,0.19245015492043013,-0.015911021651055107,0.908
5185.83,GT-27609,24379.357233703275,75209.03511949499,0.20641597539736556,0.09825368438383687,0.911
5185.83,GT-27669,-18840.77386557755,-45639.82734874313,-0.15117753517911647,0.15964226967418374,0.908
5185.83,GT-27695,41760.720950770476,-50992.610973009025,0.20968815422504486,0.1684495981846152,0.921
5193.64,GT-27253,-78252.53252713825,-50812.51409601355,-0.4061648430279567,-1.011916705074555,0.875
5193.64,GT-27454,51388.49925528153,73.99917688490926,0.48949913685001034,-0.35891588766525956,0.908
5193.64,GT-27475,-90823.3743561743,-35103.575550986265,-0.008231089261858917,-0.3707527660701897,0.903
5193.64,GT-27477,63246.07083577431,-82373.44372125504,4.347952323242748,4.945894181187703,0.881
5193.64,GT-27533,91780.97461860087,-21157.005410107326,-0.11911986758329657,-0.0866735845290103,0.906
5193.64,GT-27547,74982.84504091887,-67938.53927715156,-0.13146407546334482,0.3081843184890359,0.867
5193.64,GT-27555,-9543.759863200628,98693.44910882389,0.024874783915001555,-0.23444694733036164,0.899
5193.64,GT-27584,-50994.32758810123,-19815.992071326855,-0.28268831052527454,-0.0272102528417903,0.883
5193.64,GT-27609,24373.43090196898,75197.48941822574,0.019461323190460983,-0.2753142618825182,0.912
5193.64,GT-27613,425.97857255527805,71869.82908332275,-0.1752368327695389,0.08987014371866676,0.855
5193.64,GT-27644,49100.452322703844,26487.206914533897,0.02107850986362564,-0.058050235985150495,0.868
5193.64,GT-27669,-18837.42926970779,-45629.07331624269,-0.013859947990808252,0.33507379048465663,0.906
5193.64,GT-27688,55610.65688962984,-68236.82310248843,0.059453937240818766,0.12583748863641805,0.871
5193.64,GT-27695,41766.06815301081,-50981.086971426856,-0.0018164545547224471,0.086174089895695,0.913
5200.25,GT-27253,-78249.08876494707,-50806.50438796538,-0.4395179374434487,-1.1688941947695948,0.856
5200.25,GT-27454,51386.11554469728,77.96550505037413,0.5898375013122906,-0.4831240611221689,0.874
5200.25,GT-27475,-90836.27717463212,-35105.28593186864,0.034002631537778584,-0.1610962763018986,0.882
5200.25,GT-27477,63242.6464751412,-82380.81196972389,4.6576937853941125,5.354114023646123,0.877
5200.25,GT-27533,91784.10474691173,-21154.757757333828,-0.10118604864952196,-0.1284848509263269,0.879
5200.25,GT-27555,-9542.778446980237,98688.28109558068,-0.022978695425945245,-0.34541877856579006,0.892
5200.25,GT-27584,-50995.10812192446,-19819.439055689698,-0.2716459375957054,0.013393108591563084,0.86
5200.25,GT-27606,-45477.457019842404,-35954.332833433895,0.018101557072494404,-0.3501139877045617,0.88
5200.25,GT-27609,24368.051984239373,75201.10743280278,-0.1686283047467323,-0.09245914696287932,0.891
5200.25,GT-27644,49105.69603453487,26478.52271732963,0.036611087070913574,-0.17367529507801194,0.882
5200.25,GT-27663,-33732.06135014807,-30267.622096801402,-0.15767351037059543,-0.36984629737034613,0.862
5200.25,GT-27669,-18845.862839797854,-45633.33308121142,-0.30163662863851126,0.03574436886133428,0.893
5200.25,GT-27688,55614.26344899,-68234.78764957328,0.08231331187386176,0.15451493088581927,0.873
5200.25,GT-27695,41766.768026327874,-50980.58274952551,-0.024451330675541737,0.06700860063989623,0.877
5200.25,GT-27765,40722.06105872948,-62393.098687071135,0.3894849066712573,0.10112034896079627,0.865
5205.64,GT-27475,-100574.18659637282,-84129.28948421041,2.992785268154928,17.212542470318134,0.959
5205.64,GT-27533,91782.8952737467,-21150.941175204767,-0.14009181482619432,-0.3211639181587136,0.939
5205.64,GT-27555,-9547.775949682667,98683.6972377979,-0.29681229541037235,-0.4541854131150614,0.943
5205.64,GT-27609,24366.4487875322,75206.31425523227,-0.1245111422815875,0.04694955017308193,0.936
5205.64,GT-27669,-18843.336978386807,-45634.00805860049,-0.20438806357291178,0.08715940093227209,0.938
5205.64,GT-27688,55602.66962288274,-68233.05673051154,-0.3269106914058417,0.038081852550720996,0.854
5205.64,GT-27695,41765.90482794095,-50976.848895121504,-0.0033303137878567812,0.23870636701201578,0.937
5205.64,GT-27765,40721.92459106565,-62392.08643624797,0.35299778469499477,0.1096565517327783,0.921
5210.99,GT-27533,91787.93900897911,-21139.53405739771,-0.09352027553172754,-0.2815005425705327,0.933
5210.99,GT-27609,24366.62193179663,75207.1555274834,-0.14818236296419152,0.07635324948444032,0.918
5216.95,GT-27253,141398.08809958323,91488.60100316996,-1107.3085861941804,-716.7141987524273,0.872
5216.95,GT-27533,91785.38683159261,-21132.010450954614,-0.1795061565900012,-0.3842779250135261,0.89
5216.95,GT-27555,-9544.044390918412,98687.3222609927,-0.09711195631985152,-0.28395184663087136,0.891
5216.95,GT-27609,24361.32582422207,75209.97677818996,-0.10732713015953266,0.0617885951879824,0.886
5216.95,GT-27669,-18839.853378300006,-45628.35849179077,-0.03603855618707618,0.16616781527919933,0.881
5216.95,GT-27695,41767.17901114183,-50975.74932339356,0.0011550641738040344,0.22374560987055608,0.886
5216.95,GT-27702,-94023.31828156153,41866.08415163802,-0.10482348458852242,0.21713866346767574,0.943
5216.95,GT-27765,40702.14975133884,-62393.40711833242,-0.028676879390725267,0.3337006957931667,0.879
5223.23,GT-27477,63284.17727545994,-82961.28443158162,-0.1715940365741604,15.625190503123251,0.953
5223.23,GT-27533,91782.0223564697,-21126.829054846785,-0.20480311092984457,-0.7542947488403036,0.882
5223.23,GT-27555,-9541.873449371911,98689.72835007968,-0.14854854190060873,-0.18326418578755407,0.877
5223.23,GT-27606,-45477.70168380433,-35945.717884823054,0.06920733068707034,0.09574716660736529,0.917
5223.23,GT-27609,24360.322798144956,75213.7292095434,-0.1006053082358297,0.035388208595297954,0.885
5223.23,GT-27613,423.2056432354799,71864.8618324587,-0.26301230194257125,0.07491356262771459,0.894
5223.23,GT-27669,-18828.823639408256,-45638.89505447248,0.26237371282147176,-0.16340948862626692,0.884
5223.23,GT-27688,55600.82847692169,-68228.88778978074,-0.30661862767943626,0.13355654672883344,0.901
5223.23,GT-27695,41763.818813994585,-50973.70896575758,-0.0417024566837254,0.1759154447714354,0.872
5223.23,GT-27698,65777.76812807408,-49253.00835764787,0.05555958840395292,-0.30027558387270287,0.902
5223.23,GT-27765,40700.48569769031,-62393.8853446263,0.0001827565336331785,0.20415415690764332,0.88
5223.23,GT-27823,-90821.49138341907,-35079.09138925911,0.14282445645492767,0.14693922538058315,0.855
5229.55,GT-27533,91781.51634428107,-21106.740399130642,-0.37938894454629846,-0.8850797325888291,0.883
5229.55,GT-27555,-9530.940911219508,98695.4829920605,-0.2867129124840936,-0.2715829485578195,0.881
5229.55,GT-27609,24367.81564822681,75214.8996233653,0.11311246410793237,-0.012477718878232041,0.895
5229.55,GT-27669,-18828.858278919266,-45629.24671203617,0.33091251976911484,0.10083788592154028,0.891
5229.55,GT-27695,41756.37328976845,-50970.53391772136,-0.06702068123120859,0.21405750881427615,0.888
5229.55,GT-27765,40704.07664382248,-62391.81163736339,0.021602008486935956,0.1627123533767653,0.884
5229.55,GT-27823,-90824.52663097456,-35082.892411172565,0.07958791582735839,0.07013543912021994,0.875
5229.55,GT-27844,51430.87192498087,10.508555476348993,-0.23579789224241515,0.09994826254387318,0.874
5234.21,GT-27477,95825.39134068876,68153.01549340755,-214.25855243501425,-995.179735159373,0.949
5234.21,GT-27533,91795.72911249546,-21061.01226648452,-0.38560220203837525,-1.0958431322041735,0.931
5234.21,GT-27555,-9514.783213992963,98704.45777225852,-0.6139082962207467,-0.16521705267816514,0.937
5234.21,GT-27609,24371.883149742145,75226.4632850736,0.04551817691997788,0.16121929390462605,0.934
5234.21,GT-27644,49126.35792844677,26480.64866996737,0.34929661143645296,-0.08358068903448729,0.883
5234.21,GT-27669,-18827.331921291647,-45627.22572268291,0.352113743500269,0.08973912934969581,0.919
5234.21,GT-27695,41763.65279584628,-50978.24769673852,-0.005223846111286901,0.11475272114917992,0.923
5234.21,GT-27765,40707.25075323825,-62397.14079295163,0.013179535436341434,-0.005420948997863079,0.937
5234.21,GT-27791,-36419.054307198945,33539.953297097985,0.04018180915731649,-0.016352827058406405,0.851
5234.21,GT-27823,-90841.41931356849,-35097.20986720577,-0.3852148309448674,-0.2233032780194336,0.93
5234.21,GT-27844,51434.82917799429,18.24084846565856,-0.04530344117093321,0.18178291520436524,0.924
5240.65,GT-27533,37028.59791471202,199886.48225901637,201.3591944198324,-814.0880232813505,0.932
5240.65,GT-27555,-9485.331253545717,98707.81840405794,-0.7475565873113139,-0.17600406207818975,0.893
5240.65,GT-27609,24365.86833755193,75223.94800886496,0.008442467979247734,-0.0380818658995882,0.889
5240.65,GT-27669,-18832.165454960672,-45632.24773522214,0.2861128761689021,0.04237640283109565,0.883
5240.65,GT-27695,41753.66855141863,-50984.04064398464,0.06095024103525033,-0.0527013098751305,0.888
5240.65,GT-27702,-94006.03846807223,41980.92640560047,-0.2346538823137389,-1.8434080656643164,0.931
5240.65,GT-27765,40708.634637125535,-62392.63979652341,0.07279790750540165,0.09508673978880537,0.893
5240.65,GT-27823,-90825.71050221204,-35095.666910540735,0.012920735772504726,-0.201857314857685,0.884
5240.65,GT-27844,51431.25898602762,24.20780298667213,-0.1327304026559665,0.3024715995188847,0.887
5247.97,GT-27547,74955.41595104735,-67959.04055956918,-0.22256098905725225,-0.03364962681403028,0.896
5247.97,GT-27555,-9468.30678815238,98719.79655270536,-0.997033238246141,-0.21335604831215557,0.886
5247.97,GT-27606,-45480.137653399055,-35950.969000934325,0.032481415488139265,-0.0051613278157560255,0.913
5247.97,GT-27609,24367.333856960442,75224.29961952993,-0.011138848837753373,-0.17449853153394834,0.881
5247.97,GT-27613,434.9215593127666,71841.9198887667,-0.1907685826466758,0.10714728235083282,0.904
5247.97,GT-27663,-33765.47489474119,-30274.05739957522,-0.19876285154620668,0.11963296552549121,0.906
5247.97,GT-27669,-18840.167830382903,-45623.15835494986,0.15763439868526818,0.10902864267163205,0.887
5247.97,GT-27688,55603.65793535007,-68221.16452497082,-0.07335306265307953,0.1753303068411014,0.911
5247.97,GT-27695,-363864.3411528157,381034.6529507105,1907.9258570992436,-2032.2025174082278,0.927
5247.97,GT-27698,65772.09296179042,-49248.40986860984,-0.02003627999377499,-0.21034858367082432,0.896
5247.97,GT-27765,40708.36233948457,-62389.47406850006,0.07253066936728048,0.10933852693758467,0.876
5247.97,GT-27791,-36423.266938810586,33541.09297937983,-0.030325479022705507,-0.07320001625378629,0.92
5247.97,GT-27823,-90836.2244891237,-35097.42951814936,-0.42526545701379276,-0.33142870316168616,0.876
5247.97,GT-27844,51427.938959830586,32.73394557116942,-0.25273482224494254,0.5374950477277955,0.885
5247.97,GT-27848,-78274.95840096832,-50910.11079584584,0.17095437666419389,0.0035227155318945935,0.907
5252.19,GT-27609,24370.332279707047,75224.64328137254,-0.021965383094595975,-0.2015817051346452,0.879
5252.19,GT-27613,430.5968283702811,71842.85383383598,-0.2571399949068216,0.27697074101590746,0.885
5252.19,GT-27669,-18842.504610908658,-45627.74767648429,0.21066314577036097,-0.033915702535081964,0.884
5252.19,GT-27688,55603.26936303457,-68218.7225790223,-0.05865154767905035,0.17891492891488708,0.879
5252.19,GT-27698,65767.58416760415,-49246.64825045214,0.005847428010812599,-0.2527252985770137,0.865
5252.19,GT-27765,40707.16028070881,-62389.64222496613,0.03402762942393002,0.0816489001357579,0.87
5252.19,GT-27791,-36422.148973455936,33540.679574620284,-0.010934463171185547,-0.055570848035019625,0.883
5252.19,GT-27823,-90837.99186946315,-35100.09577479182,-0.4550008422105966,-0.2907257566480797,0.873
5252.19,GT-27844,51428.81942497409,17.81822549909219,-0.22041589061837646,0.07368739577041844,0.89
5252.19,GT-27848,-78273.27199301231,-50907.59065416289,0.17589041702718472,0.04439197591476605,0.878
5257.44,GT-27609,68166.15555010551,85243.32167596817,27.909483314504165,6.119642180709434,0.93
5257.44,GT-27669,-18851.410335026103,-45629.46080793178,0.13547923555275074,0.056829694421668,0.887
5257.44,GT-27702,-93987.66782424509,42211.72921456632,0.03874211714649939,3.032490654541501,0.87
5257.44,GT-27765,40707.001737295475,-62396.16356858144,0.02382992295662309,0.07531502326267966,0.872
5257.44,GT-27823,-90831.0566783334,-35094.893145858,-0.10524572128964013,0.004927904826283566,0.874
5257.44,GT-27844,51425.33844704271,18.366359206250568,-0.19945429339938692,0.07371243977313606,0.873
5262.96,GT-27669,-18846.210068228957,-45628.30025699419,0.47715100131453503,-0.05112755990733786,0.941
5262.96,GT-27765,40701.84909985565,-62403.254629944495,0.1625054454013249,0.02079111256771661,0.937
5262.96,GT-27923,91787.74545386502,-21192.055247981167,0.3494151555105308,-0.33269679508554334,0.915
5262.96,GT-27927,-9548.312274510392,98701.54273011758,-0.13762441247590124,-0.23536595519230075,0.907
5265.76,GT-27669,-18852.644760422136,-45625.88087249773,0.4422312876381077,-0.03229274992920653,0.888
5265.76,GT-27702,-93932.89204477027,42487.16585054407,0.16804519978983345,0.4024423403181969,0.934
5265.76,GT-27765,40709.377864252296,-62412.194806551444,0.364171618157282,-0.026069905198446305,0.891
5265.76,GT-27823,-90823.68096332675,-35090.92444032818,0.026502984060872977,0.02399243116906994,0.875
5265.76,GT-27844,51422.15463348411,20.13950929425347,-0.2843338847687953,-0.04202155831277617,0.889
5265.76,GT-27906,41765.30180025373,-50986.92540720083,0.002380447955760423,-0.2740472069769172,0.88
5265.76,GT-27923,91785.21171682669,-21192.131958474605,0.299616173462345,-0.3042162630853793,0.872
5265.76,GT-27927,-9547.181831802644,98700.46102388138,-0.1010139064831197,-0.2437245210253241,0.869
5274.02,GT-27669,-18869.21045125747,-45630.91718483531,0.6580797903891847,0.05163544140600651,0.949
5274.02,GT-27765,40710.061778187155,-62423.445708953965,0.39499454010046425,0.1796134523314325,0.943
5274.02,GT-27823,-90846.76725394839,-35101.87698035655,-0.5128175534544799,-0.08887544298805099,0.955
5274.02,GT-27844,51429.639237220224,17.20520003723865,-0.04344798329930316,-0.014182208701039138,0.953
5274.02,GT-27906,41766.82987254684,-51000.25666162214,0.4984960142234427,-0.5191914975023485,0.958
5274.02,GT-27923,91777.12662623434,-21181.74448890217,-0.022985955539232023,-0.2543162536185674,0.951
5274.02,GT-27927,-9553.669733996192,98696.24528064804,-0.07765174732758398,-0.03556623148020577,0.953
5279.21,GT-27663,-33756.11732503799,-30276.390321975257,-0.08442871237878412,0.5548375144128566,0.891
5279.21,GT-27688,55604.12344678258,-68227.7426716925,0.004475697674767526,-0.18514384150066276,0.885
5279.21,GT-27698,65753.13717670311,-49253.11642707972,0.38403126895849765,-0.4827121419992842,0.89
5279.21,GT-27702,-93951.1132026751,42216.38847601786,-0.8200822032134393,-9.295584161273542,0.882
5279.21,GT-27899,63764.41407168265,-81794.56861163986,0.3659174890142055,-0.294792590385707,0.875
5279.21,GT-27927,-9553.834715793933,98700.60388131648,-0.25764342148281294,0.12752421163939115,0.851
5285.95,GT-27613,124299.77003668442,-169711.22306858504,-554.1564444195084,1080.1963988768123,0.902
5285.95,GT-27663,-33365.51816525086,19604.90834773675,32.29996126549377,4256.996638232719,0.913
5285.95,GT-27669,-18915.673396078666,-45605.75580014035,0.8823552830620647,0.05124582726058573,0.891
5285.95,GT-27765,40716.836896420435,-62436.61477102038,0.1520534497460065,0.5669583720288703,0.892
5285.95,GT-27823,-90849.74192245821,-35101.42069831416,-0.4245481867762232,-0.02398489835098093,0.889
5285.95,GT-27844,51436.29210811542,16.853951017739778,0.040199547558898,0.06668709717125913,0.882
5285.95,GT-27906,41763.91572122548,-51000.03212958614,0.2939017581249905,-0.3440906596361558,0.888
5285.95,GT-27923,91780.10622763146,-21188.14635207816,-0.029045925604490437,-0.30498485721301016,0.887
5285.95,GT-27927,-9553.62510438203,98707.17743407443,-0.2577821901888749,0.20443805662602282,0.878
5285.95,GT-27985,24348.780312891548,75194.48986388205,0.16319312219325954,-0.052728917177141774,0.864
5290.94,GT-27669,-19516.203989568327,-45498.42860445695,6.8223706100234445,-1.2871678309129966,0.938
5290.94,GT-27765,-141185.5041540194,-96457.60893962884,638.8991802024959,119.84801694859522,0.974
5290.94,GT-27906,41763.604513254046,-50992.702358690745,0.09236477389211524,-0.27591738030509827,0.928
5294.76,GT-27584,-50984.938343074675,-19775.56352356417,0.2819495936280934,-0.6071434569802291,0.856
5294.76,GT-27644,49108.93816614088,26490.863013328057,-0.16216625402062743,0.3618964940821952,0.852
5294.76,GT-27702,-93912.31260675771,42530.02002549754,-1.2317506171319257,-9.197465128819852,0.946
5294.76,GT-27787,-26333.03143145267,53167.73656989533,0.17843531573765464,0.1410848152753135,0.853
5294.76,GT-27823,-90850.95706370987,-35096.591966532535,-0.22643481954610611,0.11041086401147801,0.856
5294.76,GT-27906,41757.094800971456,-50988.450559160825,-0.16507482666821233,-0.08482002123989407,0.859
5294.76,GT-27923,91789.30405272954,-21196.874685711366,-0.0037872089265526543,-0.31485884672042785,0.852
5294.76,GT-27927,-9547.60258549753,98704.68966012655,-0.10302124041391832,0.1166346555060348,0.854
5294.76,GT-27985,24357.957284564924,75209.72481468688,0.117858672690289,0.07019554938516459,0.852
5302.56,GT-27584,423149.64582478715,223889.99573299615,-1195.3821124701374,-614.5407273306155,0.867
5302.56,GT-27644,49108.54895054559,26491.51358832908,-0.2105191960676439,0.39500619691471883,0.886
5302.56,GT-27688,55599.74315490654,-68237.29108397303,0.051735014755276046,-0.14234095633689928,0.886
5302.56,GT-27823,-90851.94435153667,-35104.15713943685,-0.006426550102884433,-0.07430766539993416,0.897
5302.56,GT-27844,51438.23962210608,7.445330020026456,-0.0820328250086685,0.15984716684933142,0.891
5302.56,GT-27906,41754.22285944138,-50989.847245835816,-0.1663179596448977,-0.0485844914396896,0.889
5302.56,GT-27923,91789.99337275526,-21194.799017885438,0.14882993713379886,-0.25741514331504484,0.903
5302.56,GT-27927,-9549.815176192977,98693.37774459021,0.07826747420607187,-0.11568500975149024,0.903
5302.56,GT-27982,74978.75549364398,-67952.71470732841,0.017487153928680665,-0.1387502995407692,0.894
5302.56,GT-27985,24358.7630394194,75207.62647240964,0.1886815145741918,0.04965407210718443,0.89
5306.89,GT-27644,49108.34911102641,26491.518042524585,-0.21392801477792367,0.405984424744831,0.88
5306.89,GT-27702,-93902.25084628453,42589.9969393918,-1.849603148155853,-13.355558589131153,0.875
5306.89,GT-27823,-90850.63720578728,-35105.003266484935,0.05200869760436923,-0.11884581034990713,0.922
5306.89,GT-27844,51437.89624317693,-11.340941451867824,-0.21166749958488995,0.0847893050254124,0.933
5306.89,GT-27848,-78307.61176506116,-50879.75094735552,0.23921242927963932,0.42479663424435454,0.907
5306.89,GT-27923,91794.48807899292,-21191.64473116655,0.21805570048782938,-0.15900925545056344,0.931
5306.89,GT-27927,-9556.220607249516,98691.35032606858,-0.07951638363260198,-0.2050235183124024,0.851
5306.89,GT-27982,74969.72176093725,-67953.41606425057,-0.17394620787407164,-0.02296049656766061,0.898
5306.89,GT-28006,65772.29699430957,-49285.95287250912,0.21436500919813795,0.25058809821167466,0.893
5312.19,GT-27644,49108.42184216496,26493.349411178522,-0.21843994418600748,0.407139922551441,0.877
5312.19,GT-27702,-93877.91899873801,42750.19007729533,-2.378122752377317,-16.967521571855254,0.864
5312.19,GT-27791,-36446.67956523259,33511.33668473529,0.022708622089485958,-0.0868594990578746,0.903
5312.19,GT-27823,-90853.96729015165,-35109.519122435486,0.053205627206453734,-0.18698518000392544,0.886
5312.19,GT-27844,51439.30844938971,-13.306329390790767,-0.2426174290772801,0.12041978261421894,0.875
5312.19,GT-27848,-78316.78317604704,-50888.90417573853,0.275011631476639,0.42474194125517073,0.903
5312.19,GT-27899,63772.8937334059,-81784.10928374228,0.16103363929276607,-0.10584921232699145,0.894
5312.19,GT-27906,41764.42992851325,-50983.098756126106,0.2028706167378876,0.23575991028279267,0.891
5312.19,GT-27923,91793.83960782747,-21192.319575743728,0.16898060364688836,-0.1672856097397657,0.879
5312.19,GT-27927,-9551.967123920283,98692.02846859088,0.062382686066596665,-0.21541433968104692,0.882
5312.19,GT-27985,24358.55178579148,75200.54764307881,0.18694413654730765,-0.0906631839494145,0.874
5312.19,GT-28006,65771.1341404181,-49277.29934897795,-0.10188427556839669,0.1955878527844568,0.905
5312.19,GT-28051,-18843.70886167358,-45613.199983231556,-0.11802154838718593,0.15559050828739734,0.877
5312.19,GT-28059,40698.49928361334,-62384.626265141625,0.32759398641356535,-0.18452503812361845,0.864
5316.86,GT-27606,76801.58459656792,-88068.62491454584,-649.0880825441686,275.8664924853677,0.874
5316.86,GT-27688,55612.35088151239,-68229.13015772834,0.5308085142375906,0.07151560132904033,0.865
5316.86,GT-27823,-90847.89175146604,-35112.66815756271,0.21650051160176328,-0.2669909086957999,0.86
5316.86,GT-27844,-243776.05941433954,57820.67823905381,253.69529166245243,-49.45138073631459,0.887
5316.86,GT-27848,232669.4613838157,286324.66933167924,-2812.4185030463464,-3050.5432245156053,0.916
5316.86,GT-27906,41762.08493526947,-50983.948627092075,0.07399090716769596,0.29929072710149796,0.936
5316.86,GT-27923,91795.76977619414,-21191.14165291474,0.1832654346223574,-0.10408762302181748,0.936
5316.86,GT-27927,-9554.368998038637,98684.95620002862,-0.07764792338116148,-0.29995848855093454,0.939
5316.86,GT-27985,24352.92249704519,75204.15368989238,-0.015556343026720265,-0.1006991020501674,0.935
5316.86,GT-28006,65772.1207130031,-49276.26858538031,-0.06846728029499911,0.19527911265222703,0.851
5316.86,GT-28051,-18836.08295819127,-45621.13832704058,0.24887649215309915,0.09457745868382682,0.939
5316.86,GT-28059,40705.078461161465,-62382.93666982242,0.34371522490156714,-0.1772573929937235,0.85
5322.95,GT-27688,55613.80712353624,-68228.60516030132,0.5369119937132657,0.05822124112643402,0.852
5322.95,GT-27823,-90844.36646547732,-35110.39648401074,0.36190770517307946,-0.0379033567742288,0.907
5322.95,GT-27899,63777.74627454438,-81785.94803074906,0.3041914093502405,-0.18101748206077684,0.862
5322.95,GT-27906,41764.71958593993,-50980.395264647,0.1634556241123584,0.3051586951367973,0.901
5322.95,GT-27923,91794.23280550985,-21191.94797567258,0.14318557384569514,-0.1170132677510882,0.905
5322.95,GT-27927,-9554.863875189183,98684.13390688895,-0.10385473882376083,-0.318250071549011,0.894
5322.95,GT-27985,24354.380621386306,75194.64111412296,-0.0259558012501538,-0.42401888958789097,0.905
5322.95,GT-28051,-18835.212324815937,-45620.52867834704,0.2269313318820651,0.10215129369797887,0.895
5322.95,GT-28059,40704.02104468345,-62380.533465021144,0.3162813579142113,-0.15113755705073978,0.892
5328.51,GT-27644,-89674.33781655862,-187069.73998395045,346.9220934847881,534.8074663286903,0.869
5328.51,GT-27823,-90842.57932924767,-35107.63752396065,0.5385973407189952,0.18808011002541347,0.889
5328.51,GT-27906,41764.43587234093,-50981.504538840476,0.14993396663827402,0.3361507313681674,0.878
5328.51,GT-27923,91787.38674005326,-21189.113804537938,0.06979509284288721,-0.0532045697587626,0.893
5328.51,GT-27927,-9551.72894515369,98690.05630474744,-0.18000444495144574,-0.3215460905515556,0.876
5328.51,GT-27985,24353.007607181422,75195.55206189629,-0.06289642484987316,-0.3130597216266258,0.882
5328.51,GT-28051,-18836.79833642454,-45631.790042509696,0.1784176844629702,-0.20155340366101704,0.887
5328.51,GT-28059,40703.92448182382,-62368.68399211075,0.1834267137797086,0.13447124074407624,0.887
5328.51,GT-28111,51439.66626544811,23.229771564445315,0.3264943782377644,0.06494757288197323,0.865
5334.4,GT-27823,-90854.75342413843,-35115.69725096939,0.5987167778731227,0.24952640723278485,0.904
5334.4,GT-27899,63782.03258980787,-81797.7643650721,0.2696837923939309,-0.42569956343135884,0.864
5334.4,GT-27906,41764.858669868896,-50984.59148616333,0.15573986437554804,0.35741591148552054,0.899
5334.4,GT-27923,91787.35664160071,-21187.636626062427,0.027392430967516923,-0.04957824610061191,0.907
5334.4,GT-27927,-9547.301012183918,98695.27611928734,-0.22664134363311814,-0.2660510861051369,0.902
5334.4,GT-27985,24351.799601410712,75195.06268371161,-0.10067196196624514,-0.26849796394653047,0.904
5334.4,GT-28051,-18828.187247022433,-45632.37609447461,0.37650021122391086,-0.06839340110450051,0.904
5334.4,GT-28059,40704.79450364566,-62372.56879395429,0.17815842218763503,0.11344834120581522,0.901
5334.4,GT-28111,51421.69244506474,26.46588977128629,-0.142745782270567,0.03506619079931814,0.908
5339.58,GT-27688,55593.19986187115,-68253.52805075598,0.36435784145144484,0.1711471393764643,0.895
5339.58,GT-27823,-90859.79025034892,-35117.703888619115,0.5005730121780501,0.24424125194509766,0.879
5339.58,GT-27906,41768.61085532642,-50991.44246883404,0.06299081297959178,0.3661536729249552,0.872
5339.58,GT-27923,91787.80641895758,-21188.552851799013,0.024894793669481,-0.04282874901634686,0.864
5339.58,GT-27927,-9548.13555987756,98697.9633024647,-0.22606595011203612,-0.25420275144229704,0.867
5339.58,GT-27982,74981.94370034897,-67940.44639196353,-0.08736168360793957,0.15749783457672123,0.863
5339.58,GT-27985,24341.2378367063,75196.3707543758,-0.31576274788961606,-0.19747071654476897,0.874
5339.58,GT-28006,65771.85033699844,-49268.63938965851,0.05861914658200103,0.39696342069293955,0.884
5339.58,GT-28051,-18826.078050015527,-45633.189932243906,0.4378718599226492,-0.0655865429832885,0.868
5339.58,GT-28059,40704.95011072424,-62370.06727759997,0.19578241031014865,0.08601782260271476,0.861
5339.58,GT-28111,51421.591831668025,28.54858940773256,-0.1252786679776011,0.06380181722081138,0.87
5347.65,GT-27823,-90887.30654937403,-35133.86125371231,0.7668505533725654,0.15887019121170054,0.952
5347.65,GT-27906,41772.26640896592,-51018.074999263816,0.035140868349286224,0.12207672417497184,0.881
5347.65,GT-27923,91793.97508248288,-21193.451650908864,0.1877365532270569,-0.15194359879625355,0.95
5347.65,GT-27927,-9521.466539128634,98735.28588403895,-0.3066895879387362,-0.620808156140118,0.892
5347.65,GT-27985,24347.75331647964,75194.34979109645,-0.16348599100987155,-0.04714785423800474,0.945
5347.65,GT-28051,-18838.935715810134,-45636.31073837484,-0.029037190510490002,-0.10923340943602586,0.895
5347.65,GT-28059,40707.76816999102,-62362.67771163671,0.22665384657011317,0.2090429099108463,0.889
5347.65,GT-28111,51418.86408509231,24.117470827450536,-0.37136198635230677,0.15886468540183468,0.894
5353.32,GT-27823,-90896.05125742438,-35137.00041712796,1.0262545954134836,0.41607317069915406,0.943
5353.32,GT-27906,41775.22440414232,-51016.10993538827,-0.030733710031469054,0.3847515611586348,0.94
5353.32,GT-27923,91795.74383613387,-21196.55579276002,0.1791894273869905,-0.12225658364891906,0.862
5353.32,GT-27927,-9515.865513971206,98746.7041746239,-0.47764838612174904,-0.8289871933023072,0.866
5353.32,GT-27985,24352.470301158675,75217.44939033745,-0.14820907535886707,0.31296886283847264,0.941
5353.32,GT-28051,-18839.509295886426,-45630.71011423535,0.015893537290717373,0.07777886762254368,0.87
5353.32,GT-28059,40711.410970224126,-62363.910409973345,0.17182841993321,0.11251110144154197,0.863
5353.32,GT-28111,51416.1772273089,25.79295300710501,-0.3430495366254957,0.14562704054656805,0.868
5360.47,GT-27823,-63462.07203800362,158615.7243901184,-69.82447787197826,-491.3837506009458,0.984
5360.47,GT-27923,91794.57742498178,-21188.559283691033,-0.0805593987068173,-0.05757722280199988,0.952
5360.47,GT-27927,565060.3728415867,-705693.8550044963,-5397.643766739414,7557.609337064268,0.925
5360.47,GT-27985,24357.038758773164,75211.20906420266,-0.08018484897052588,0.2244209868272808,0.953
5360.47,GT-28051,-18840.231020730815,-45625.314422525036,0.18525887482818618,0.061036537551025796,0.947
5360.47,GT-28059,40706.63543268575,-62357.08868737557,-0.015674398840583356,0.08026236685961399,0.944
5360.47,GT-28111,51418.00781342374,29.703316903402133,0.025582610219677945,0.3596332797583239,0.942
5365.9,GT-27923,91792.15234482451,-21191.26227269992,-0.05615402164773442,-0.014366713756177804,0.949
5365.9,GT-27985,24357.229738618527,75207.1761924582,-0.0019355910613946259,0.12475927873912894,0.941
5365.9,GT-28051,-18834.0799272978,-45627.21217745646,0.3049921683327723,-0.021907378459172996,0.872
5365.9,GT-28059,40709.98339785038,-62357.68087672087,-0.04402173525056103,0.038878159530140385,0.93
5365.9,GT-28111,51417.165821799514,28.564422483942142,0.04984360729857465,0.3023701841795095,0.932
5370.71,GT-27923,91783.46460104724,-21195.73087324397,-0.14915939567117403,-0.03561994167455343,0.901
5370.71,GT-27985,24356.428250249148,75211.13366288817,-0.0470884836890947,0.21106100833658104,0.905
5370.71,GT-28051,-18834.745670491782,-45620.075284654835,0.25056112135338676,0.097918038673836,0.897
5370.71,GT-28059,40712.51261755667,-62356.94121562502,0.006902292210895852,-0.06864752620658683,0.892
5370.71,GT-28111,51422.42375004574,18.88445896776762,0.093596033096243,-0.012864698210069692,0.908
5370.71,GT-28117,-94057.97699961624,41803.56071648989,0.3399989549204882,7.085455490989878,0.868
5376.49,GT-27899,63753.462253019476,-81800.50263886726,-0.07250902349468563,-0.21396598200550193,0.883
5376.49,GT-27923,91782.72225912822,-21205.55824887784,-0.15910082002921735,0.006512504962881006,0.893
5376.49,GT-27982,74978.73400125056,-67940.81161502609,-0.13387479486272955,-0.14218559180809387,0.883
5376.49,GT-27985,24351.442468894737,75207.99265719671,-0.05672423008043969,0.170226253281407,0.892
5376.49,GT-28006,65771.3425452204,-49285.442893666994,-0.16200128102522843,0.46710720656609783,0.899
5376.49,GT-28051,-18845.82191256577,-45627.4485518269,0.1434343141748744,-0.12730541840406304,0.898
5376.49,GT-28059,40716.7965567525,-62357.56062979521,0.009409605643558652,-0.19673630353678997,0.898
5376.49,GT-28111,51419.41550190753,14.723270714000797,0.03910807347699005,-0.12166830257640436,0.891
5376.49,GT-28150,403.11571798899763,71855.29177385295,0.29093735560140244,0.21878721996091097,0.888
5376.49,GT-28164,-36414.55047033105,33536.53094181491,0.20118483625533945,-0.20001693233232665,0.891
5376.49,GT-28188,-50983.99627796987,-19825.660946531585,-0.3251298217351962,-0.4166876417437233,0.886
5376.49,GT-28191,-78272.19956681889,-50914.31768927058,0.04435681139700202,0.0814633476063572,0.882
5376.49,GT-28207,55621.59239152898,-68225.28577558427,0.1478696054620226,-0.08755191995544441,0.892
5376.49,GT-28215,-33744.449992789676,-30242.569335062653,0.08026027185459114,0.278562550431643,0.864
5381.67,GT-27923,91773.19880352131,-21196.02814431571,-0.3054751040791987,0.3086500342031475,0.888
5381.67,GT-27982,74972.94202308446,-67942.40961502404,-0.23616993871374056,-0.23744691437873888,0.878
5381.67,GT-27985,24348.9368961811,75213.42493603707,-0.017026419089063757,0.26349600808731233,0.883
5381.67,GT-28006,65774.41438872488,-49286.33605952756,-0.13650802941915763,0.46848260514524626,0.875
5381.67,GT-28051,-18853.243198962922,-45619.07115082048,0.09986087030520673,-0.05866374041133157,0.889
5381.67,GT-28059,107906.96565686278,44636.60466116704,-54.57592439359407,-86.94853955045704,0.907
5381.67,GT-28111,51421.28624593165,12.73769569385682,0.09812346357562217,-0.15121959288822956,0.878
5381.67,GT-28150,404.2054044927146,71858.52083925375,0.2895548420575744,0.24693470172582335,0.862
5381.67,GT-28191,-78271.35869430205,-50912.96174847492,0.06033954143455707,0.09634543150438696,0.859
5381.67,GT-28207,55621.832180030724,-68226.51574694175,0.1472519383611938,-0.08492406415355727,0.863
5381.67,GT-28215,-33742.2402939618,-30239.306149833745,0.11119204480621342,0.3253940756706083,0.861
5381.67,GT-28252,41754.11402546344,-50999.04525446601,-0.16130942331772927,-0.31459666253018925,0.857
5387.55,GT-27787,366389.0748458015,227548.79590892035,-737.0225022925772,-327.40580788607167,0.952
5387.55,GT-27923,91780.22857741694,-21193.255783772314,-0.225601923454733,0.2892554175126264,0.882
5387.55,GT-27985,24352.531935522886,75219.22179365135,-0.011916132677390487,0.20281771484717037,0.947
5387.55,GT-28051,-18862.89526409148,-45620.74687378754,0.16681699018969484,-0.33028425217106205,0.953
5387.55,GT-28111,51422.275066540584,9.968516626707636,0.10667643903510492,-0.13592368149624948,0.868
5387.55,GT-28252,41753.75989277318,-50995.69115989571,-0.17473115597623892,-0.24564083151298993,0.942
5387.55,GT-28269,-9575.156142944237,98703.53450722071,-0.2364373591288638,-0.020378592033268302,0.943
5387.55,GT-28270,-90830.02029478684,-35087.56916997944,0.03099693045180451,0.23075193332658872,0.864
5387.55,GT-28285,40713.11430833032,-62384.518586783925,0.2962914818472857,-0.31862659879544364,0.892
5391.94,GT-27923,91777.26109239145,-21199.71574341625,-0.24395736296042775,0.2311709184742883,0.882
5391.94,GT-27985,24363.049945947714,75225.49780365417,0.3113567638138443,0.07395892193189288,0.894
5391.94,GT-28051,-18863.452305413433,-45619.93569141172,0.1674929573699292,-0.30980741968912356,0.892
5391.94,GT-28111,51418.5700848578,11.324972544383828,0.06731901671267541,-0.1582474522216939,0.89
5391.94,GT-28117,-94084.5431186436,41555.37578665393,-0.24385401851198307,-0.6608360388876537,0.915
5391.94,GT-28188,-50798.389128436895,-19680.004173819576,-1.5045672140226567,-1.5571928083698896,0.912
5391.94,GT-28252,41752.583394243426,-50994.69582153139,-0.18242062108246496,-0.19330899237896956,0.883
5391.94,GT-28269,-9572.238713810451,98686.47593852309,-0.13931258352769835,-0.23749649700881104,0.893
5391.94,GT-28270,-90831.43101351937,-35088.21872430866,0.01124555690021705,0.19003740039414002,0.879
5391.94,GT-28285,40713.36376947285,-62383.57580785231,0.253862300187713,-0.2513421741075515,0.863
5397.8,GT-27923,-163282.94323730894,24168.081133419197,708.7223985003541,-126.12403601592703,0.867
5397.8,GT-27985,72067.61222651719,-369437.15828658687,-103.58359221533208,968.2555705730865,0.958
5397.8,GT-28051,30756.229330218266,-131059.32034669441,106.63739475667956,-183.1399385714462,0.982
5397.8,GT-28111,51408.81215446741,11.031977869687072,0.12161220549834306,-0.0724001400343261,0.935
5397.8,GT-28252,41759.61147004519,-50996.6347516314,0.04929501348145102,-0.2906272998578934,0.936
5397.8,GT-28269,-9572.523485213847,98685.6325864299,-0.08959277082724507,-0.22885018704091414,0.926
5397.8,GT-28270,-90821.83962084103,-35093.903249374074,-0.09713248372319964,0.14174182424907844,0.94
5397.8,GT-28285,40710.431276728705,-62384.19251484926,0.14496969730090012,-0.17831465979175226,0.924
5402.24,GT-28111,51404.035225143874,9.558926590427767,0.2651251455607964,0.0672277861124535,0.924
5402.24,GT-28117,-94105.10043359493,41288.11373483026,-0.35396859659733904,-2.996732467521812,0.89
5402.24,GT-28252,41770.04200009149,-50994.13468281149,0.2856722391216232,-0.11039217018761247,0.917
5402.24,GT-28269,-9573.898965261702,98683.93971707035,-0.13838173218437844,-0.2705281975877652,0.917
5402.24,GT-28270,-90820.21161537418,-35095.862971347415,-0.14290117751532394,-0.13572517034087433,0.91
5402.24,GT-28318,91802.58737389164,-21183.96807942177,-0.09204479644160687,-1.03379463478786,0.86
5408.99,GT-28111,51402.84526810913,22.014222489646016,0.3893504303854429,-6.903447017413133e-05,0.859
5408.99,GT-28117,-94099.61663367559,41326.39713045542,-0.49475925948636423,-4.0890441482007605,0.862
5408.99,GT-28252,41768.1174626779,-50991.46657327542,0.25346144297407774,-0.24471529115120036,0.866
5408.99,GT-28269,-9567.819907914629,98691.935108109,0.05086914153514213,-0.017911736389743027,0.862
5408.99,GT-28270,-90824.33994163123,-35090.47830472256,-0.21451564411856155,-0.06060615122911309,0.862
5408.99,GT-28285,40697.53225509543,-62381.091491865634,-0.15406017235140818,0.09373592472766834,0.86
5408.99,GT-28318,91791.2218695473,-21168.085296739646,-0.012869713205124853,-0.25131518240755557,0.855
5417.32,GT-28252,41769.93600258167,-50993.033545765305,0.23310048599284283,-0.47846371554970446,0.863
5417.32,GT-28269,-9564.850472466744,98691.18872066427,0.06730680028047342,-0.014103678111497429,0.852
5417.32,GT-28270,-90827.1705815406,-35091.20263803437,-0.20069983614974637,-0.050555254996668283,0.851
5417.32,GT-28285,40697.191538012165,-62386.979771731494,-0.20179435299815343,-0.00689499815466775,0.86
5417.32,GT-28318,91788.88208060287,-21166.021246655688,-0.0575027778157082,-0.25243252528714016,0.853
5417.32,GT-28326,24342.524727189317,75220.27150766946,-0.35957049212996356,0.14148079190651888,0.86
5420.6,GT-27982,-4541470.203309585,15513348.03725329,41025.542108177586,-138468.84007761453,0.904
5420.6,GT-28006,65768.98010121485,-49282.33030687175,-0.06142635299060635,0.3067245387280886,0.852
5420.6,GT-28150,500.354132792246,71658.0411472848,-0.7010707906993329,3.1828648966011674,0.897
5420.6,GT-28269,-9567.142643503692,98690.49113956522,0.05526972633936683,-0.016353362803147344,0.899
5428.13,GT-28252,41768.75517150051,-50985.20444349419,0.12499461572660771,-0.18886085028325753,0.947
5428.13,GT-28269,-9555.021981711026,98692.95086580465,0.4527974774294905,0.12745158118713987,0.947
5428.13,GT-28270,-90828.07513918189,-35095.42923249404,-0.12119275149297183,-0.08869187916681101,0.944
5428.13,GT-28285,40695.244963318306,-62386.138411062166,-0.14762276752144282,0.024785547171839235,0.937
5428.13,GT-28318,91779.57717948001,-21166.69278564213,0.04516521678760713,0.21341307678553426,0.956
5428.13,GT-28326,24345.522670756767,75225.99998629828,-0.16423454980842672,0.0636264053060422,0.941
5428.13,GT-28389,-18814.0126569786,-45638.28563621079,-0.3622734243406119,-0.2859534070930967,0.909
5428.13,GT-28392,51420.469031960834,34.526418154759604,0.13696561997709367,0.13699397537372063,0.911
5432.9,GT-28252,41768.13661013593,-50985.39709496336,0.13598585288941564,-0.19736160785513188,0.861
5432.9,GT-28269,-9556.251821820793,98694.6475889323,0.46707369992380804,0.12569763396489927,0.861
5432.9,GT-28270,-90834.88013436426,-35095.92111328932,-0.10031761309930587,0.01608410127708461,0.937
5432.9,GT-28285,40692.86313342166,-62384.76135361329,-0.10923789469261906,0.0031519502478258334,0.857
5432.9,GT-28318,91776.81643733237,-21177.533071390455,0.09358947009880969,-0.3639037909941444,0.95
5432.9,GT-28326,24346.153530930576,75216.21100912854,0.07788230436334567,-0.09389104748953117,0.948
5432.9,GT-28389,-18814.92109699752,-45640.66061127365,-0.34150348918328866,-0.30992304849377517,0.852
5432.9,GT-28392,51416.949626610534,29.888100633154956,0.08015968642855936,0.1084810662968296,0.866
5438.3,GT-28150,495.5625721241324,71654.61587478209,-0.8478055577540377,2.7009075706381034,0.879
5438.3,GT-28164,-36444.17827640222,33537.579522759755,-0.29266233801272257,-0.10260225298612613,0.902
5438.3,GT-28167,-45492.13025906427,-35944.18654580882,-0.07591085006332976,-0.13342979842562017,0.901
5438.3,GT-28188,-50899.29641538434,-19761.494593044914,-0.7902646462764007,-0.7800028374644625,0.909
5438.3,GT-28191,-78273.85878211964,-50934.28359172877,0.07767985183050034,0.23246941486648923,0.901
5438.3,GT-28207,55619.07981462739,-68235.26802304269,-0.048962466951335576,0.16801874122297386,0.909
5438.3,GT-28215,-33749.96370166103,-30237.138007497528,-0.12484767072836186,0.2629830637457516,0.903
5438.3,GT-28252,41767.44722508247,-50980.306443902686,0.14560858534889315,0.046201658001110486,0.902
5438.3,GT-28266,49087.07119699427,26468.352677593317,-0.15758291845048442,-0.01401132640417034,0.89
5438.3,GT-28269,-9568.91343922115,98691.60613668525,0.4204238414743963,0.04476757526220554,0.893
5438.3,GT-28270,-90834.31112390221,-35106.644702750214,0.006662238157680238,0.0980274393967765,0.901
5438.3,GT-28285,40695.21651352126,-62388.25874216019,-0.019403238257291837,-0.07276383917155368,0.897
5438.3,GT-28318,91776.97666924215,-21178.665995456064,0.10715694607809774,-0.28337694750412906,0.901
5438.3,GT-28326,24344.184042847242,75210.8455040384,-0.04467790915139657,-0.2924415711053997,0.904
5438.3,GT-28389,-18825.46286946044,-45639.877362647974,-0.061377671792509136,-0.11644135185631056,0.903
5438.3,GT-28392,51416.311533659835,34.366208596186134,0.09940383431020451,0.07164183000681892,0.891
5438.3,GT-28394,-26315.279917396372,53142.94772183116,-0.12400139247694353,-0.2589734865356858,0.863
5444.62,GT-28164,-36447.9341780723,33539.450881331344,-0.2724769892268823,-0.11323377888914153,0.867
5444.62,GT-28167,-45489.77287458905,-35936.312289456844,-0.011869047767386495,0.08836116276955466,0.892
5444.62,GT-28188,-50896.54912487651,-19761.618078697764,-0.8404037362186709,-0.8394267581575784,0.879
5444.62,GT-28191,-78270.11369089627,-50939.084502455575,0.012239423851965817,0.21951774965392118,0.875
5444.62,GT-28269,-9572.160460218629,98675.13096364537,0.3461702548643014,-0.2726548839512023,0.9
5444.62,GT-28270,-90848.19136424323,-35116.45392334662,0.1795397541879046,0.2542186598523457,0.9
5444.62,GT-28285,40696.6336925062,-62389.13528139781,0.05869827229045578,-0.0807344189283765,0.889
5444.62,GT-28318,91775.39670764112,-21174.317071735808,0.061659827158868974,-0.2179986292038343,0.893
5444.62,GT-28326,24344.86874621601,75212.35474476128,-0.20412220500017714,-0.19847824886839766,0.893
5444.62,GT-28389,-18814.687344285103,-45632.55629838348,0.27114283571102404,0.0779461393918856,0.899
5444.62,GT-28392,51416.04051221687,32.48237924957019,0.08363839034118972,0.022687865782020672,0.893
5447.04,GT-28117,-94036.55718146877,41903.5281078176,-0.04358341936377991,-0.8045123658518835,0.885
5447.04,GT-28252,41761.30189683427,-50980.460330632864,-0.024215173612822806,0.047527165057181964,0.922
5447.04,GT-28269,-9572.959094221416,98670.63481382884,0.42157704725848155,-0.26168502344792716,0.929
5447.04,GT-28270,-90621.0237371495,-34835.403589549554,-3.266543867645747,-4.353468611521075,0.959
5447.04,GT-28285,40695.053719044045,-62391.15993484139,0.0826180426214407,0.059361016051277915,0.922
5447.04,GT-28318,91775.26285317773,-21176.110770725118,0.008472857127207009,-0.12304342126866567,0.924
5447.04,GT-28326,24344.089294532638,75211.29181340699,-0.18648094591993863,-0.17030267097855337,0.919
5447.04,GT-28389,-18816.16254352724,-45629.0173653925,0.24259817628930183,-0.0022436491966418342,0.934
5447.04,GT-28392,51419.99284673345,33.738298534911536,0.1752842217314002,0.09570484190864906,0.921
5454.58,GT-28006,65776.08638913777,-49283.03600429829,0.08680999441525342,0.5001501398496321,0.873
5454.58,GT-28164,-36438.227055530326,33553.42853174025,0.021888983728126997,0.1611119068004912,0.877
5454.58,GT-28167,-45489.94102792576,-35936.47359221191,0.04673442093089521,-0.050165499094623964,0.874
5454.58,GT-28188,-50902.23049775776,-19755.300380581954,-0.8410369779569248,-0.48690238528395435,0.878
5454.58,GT-28191,-78268.24392563311,-50940.121789297446,-0.04342997410006113,0.2814712633220462,0.866
5454.58,GT-28207,55619.50055477523,-68230.35124819264,-0.03269315799191518,0.42925187238688656,0.86
5454.58,GT-28252,41765.94901071982,-50975.66556590954,0.09653682908465244,0.01673243341896046,0.904
5454.58,GT-28266,49100.588696480605,26484.17878328706,-0.004131043092698919,0.4012843303483712,0.861
5454.58,GT-28269,-9566.105886452213,98677.43253468447,0.6924536016597089,0.07239021829206041,0.911
5454.58,GT-28285,40682.950582574806,-62403.687974526816,-0.048800437948383506,0.03433347465541334,0.9
5454.58,GT-28318,91775.5690229074,-21166.178896936435,-0.02436707694529405,0.02471956595752531,0.908
5454.58,GT-28326,24342.73456046607,75216.51176020486,-0.16020505869234453,0.22606449055498498,0.902
5454.58,GT-28389,-18814.56440541256,-45628.87024373286,0.25350978181204054,-0.002528417338199869,0.881
5454.58,GT-28392,51431.15808533208,37.739463530028,0.40852475671550437,0.16014120378786006,0.908
5454.58,GT-28394,-26316.86349366122,53148.3781183055,-0.05316731847801131,-0.3814473623765261,0.882
5454.58,GT-28420,63798.89469352387,-81783.93613683568,-0.3363588528413113,-0.09535656385616109,0.86
5458.99,GT-28150,497.0301454763415,71662.87356537128,-0.8095779585087952,2.6916887580742515,0.85
5458.99,GT-28164,-36428.88207975694,33555.455396927144,0.2566226086276968,0.19103437412254168,0.855
5458.99,GT-28167,-45490.62315321359,-35937.85099907847,0.026904188779408506,-0.0835178595458633,0.854
5458.99,GT-28191,-78259.6459915286,-50947.5573753275,0.09966854156515997,0.20438058926344432,0.851
5458.99,GT-28318,91773.55992325752,-21169.261046936746,-0.10052551977036643,-0.013482931919885421,0.916
5462.05,GT-28006,65756.76639860225,-49312.62429842291,-0.1251031283829803,0.5175551281595769,0.884
5462.05,GT-28117,-94034.09538208162,41942.50483326623,-0.51576983760593,-4.2046297543406155,0.895
5462.05,GT-28150,497.45561984931106,71655.39116320432,-0.8540971055720948,2.901655039974814,0.864
5462.05,GT-28167,-45489.28962194953,-35934.5495558748,0.040171462219307764,-0.0751892953281311,0.875
5462.05,GT-28188,-50900.828163048434,-19747.502851682624,-1.0480084323223267,-0.6207925907823869,0.866
5462.05,GT-28191,-78256.62060031063,-50952.34192795316,0.058919685739465544,0.2850038271676506,0.865
5462.05,GT-28207,55620.9759252442,-68234.86755456726,-0.007896120046549548,0.4551970903537098,0.863
5462.05,GT-28215,-33751.85902294614,-30239.22134489385,-0.18398513853085866,0.20959638421292603,0.852
5462.05,GT-28252,41772.47484868193,-50960.728364135255,0.2519545291202087,0.3361506240919901,0.854
5462.05,GT-28266,49110.3997779453,26494.36370811152,0.16046446483874577,0.5324405363318809,0.873
5462.05,GT-28392,51426.7942525612,34.50118301566335,0.250667312008566,-0.001242152188924258,0.856
5462.05,GT-28394,-26314.871181850984,53150.86104376348,-0.03304308327542381,-0.2805553433648816,0.864
5462.05,GT-28414,74966.26764192845,-67955.35134041344,-0.11518656083373209,-0.17479657924957176,0.869
5462.05,GT-28420,63807.170207669464,-81780.00564606398,-1.417232788640129,-2.175137811025717,0.933
5468.84,GT-28252,41766.67825025205,-50961.25166072872,0.09839597922932163,0.3063704248112559,0.891
5468.84,GT-28269,-3820.858709918692,32075.579509152703,7.226654845135187,-84.54473142696281,0.913
5468.84,GT-28318,91784.9637798942,-21164.45724202859,0.2105604775362579,0.06280468955408347,0.888
5468.84,GT-28326,24331.92060359086,75210.71679253184,0.05631594647673329,0.2119135717524811,0.876
5468.84,GT-28389,-18817.17528550841,-45626.49299780187,0.28233325907015516,0.01887995354907178,0.892
5468.84,GT-28392,51424.46838680393,33.32301482246501,0.2264233730269597,-0.07992847969270948,0.893
5472.91,GT-28150,503.62232213907885,71625.68690114893,-1.0680208119415744,3.542982034676231,0.85
5472.91,GT-28188,-50876.65201096854,-19732.097796684106,-1.1349603601250755,-0.7243709308712183,0.861
5472.91,GT-28207,55621.27796402012,-68237.66513551265,-0.0694063177331749,0.45690205624536984,0.86
5472.91,GT-28215,-33717.57868101063,-30234.983585937836,0.4178382438053816,0.19029832209369893,0.869
5472.91,GT-28252,41771.07975205807,-50967.61699765036,0.18672728920080328,0.06186995701004526,0.905
5472.91,GT-28266,49112.765995070054,26490.403490695793,0.23431368362049998,0.42378119999013736,0.864
5472.91,GT-28318,91784.75020134274,-21165.246220007302,0.24186290835378293,0.043087214009445006,0.899
5472.91,GT-28326,24324.154363465394,75213.02628063665,0.0663561337693876,0.1794787661262569,0.895
5472.91,GT-28389,-18818.914046622496,-45629.09429335349,0.14199874740576424,0.025199960481451858,0.903
5472.91,GT-28392,51426.61099742497,34.61613443083373,0.2722770179609357,-0.05202237213315959,0.899
5472.91,GT-28394,-26317.320526796553,53147.526940757416,-0.0975212985574694,-0.2971717216137659,0.863
5472.91,GT-28420,63812.62243862354,-81786.33960865368,-1.0240072881433828,-1.8245726313320147,0.853
5472.91,GT-28485,-90823.6597612575,-35111.049888925714,-0.07672982215698868,0.2964913746298486,0.897
5482.12,GT-28252,41767.767299712505,-50959.768870240405,0.0731157594933859,0.040774335929607934,0.961
5482.12,GT-28318,91791.00513278724,-21159.763900100657,0.16367188861731397,-0.26934274852391255,0.954
5482.12,GT-28326,103280.43389974136,-1565708.1766487982,-38.04599639584138,798.7825727610074,0.883
5482.12,GT-28389,-18820.985833310442,-45625.574053293225,0.012441671408655857,0.038414298118905635,0.896
5482.12,GT-28392,51427.430756339134,25.249749726292002,0.265044649562229,-0.2082670454505962,0.897
5482.12,GT-28485,-90829.12234484506,-35110.78823778856,-0.16868146446590188,0.3046698476271784,0.948
5482.12,GT-28505,40699.11357548765,-62384.06335584756,0.04142741621139023,0.051771043347249295,0.953
5482.12,GT-28513,-9551.707162120028,98687.1634117727,-0.005464339586606831,-0.035744448962037184,0.957
5486.3,GT-28252,41767.38451961251,-50959.66132555047,0.009767007408480272,0.047941219159382154,0.85
5486.3,GT-28318,91793.95669694633,-21153.27361401882,0.1251085344712511,-0.35399950862361546,0.92
5486.3,GT-28389,-18817.315660304783,-45614.06529918766,0.11965960574043935,0.2218401012535381,0.852
5486.3,GT-28392,51428.032459655675,29.30105643911057,0.2308963286835362,-0.1834255748721137,0.937
5486.3,GT-28505,40698.57411456655,-62383.173730093375,-0.09311142137502715,-0.009076624293731766,0.852
5491.83,GT-28164,-36788.3783486611,33298.364398558064,11.604670980678318,6.8398030280599915,0.877
5491.83,GT-28252,41762.061046013885,-50951.81874994767,-0.053673418021952704,0.06407341508390131,0.941
5491.83,GT-28389,-18817.07769549463,-45615.98793010614,0.044205271470251446,0.10180899952755716,0.941
5491.83,GT-28392,51426.70429394324,25.928016065361764,0.22651151115747745,-0.19291371023976855,0.936
5491.83,GT-28485,-90832.49579584338,-35103.41153150112,-0.6676214868180399,0.11723593426777446,0.871
5491.83,GT-28505,40700.56024035248,-62384.636800145076,-0.01954871145232722,-0.08295943151715277,0.937
5491.83,GT-28513,-9554.107204049305,98687.57325362353,-0.013048239226636161,-0.07192013350378035,0.926
5491.83,GT-28540,24922.02717369956,74621.05679284572,-0.12228237546375315,-1.3792428192015245,0.855
5496.15,GT-28188,-50161.025295290434,-19501.185589711313,-15.291238749949079,-5.434572858202498,0.86
5496.15,GT-28318,91795.50806738528,-21078.42685013591,-0.25453129212971487,-0.916249595109899,0.938
5501.51,GT-28252,41766.38692392797,-50939.33637893142,0.02366046962488272,-0.11020466017452495,0.887
5501.51,GT-28318,-352603.7668483459,4919.151765642796,2917.2022877122963,-170.18713224545186,0.874
5501.51,GT-28389,-18820.774466703555,-45604.92354818193,-0.03419342208162787,-0.0422852900807803,0.886
5501.51,GT-28392,51421.90158503598,22.482119894118455,0.1523176806114509,-0.23354007470606425,0.883
5501.51,GT-28485,-90828.57534044326,-35110.963877868366,-0.6430705080600646,0.0997739178803283,0.883
5501.51,GT-28505,40706.47021628499,-62392.87052019795,0.12256940065151348,-0.12302231184354807,0.889
5501.51,GT-28513,-9555.883627511084,98695.55858506287,-0.01364972265278983,0.3487235615217049,0.886
5501.51,GT-28540,24659.31017615269,74908.28577535288,-1.1107980073706543,0.8569590655353592,0.892
5507.34,GT-28252,41771.63323178393,-50954.52486077014,-0.07822931001904268,-0.36119968399753816,0.88
5507.34,GT-28389,-18808.793131332095,-45609.42862499707,0.09710417446102865,-0.10202568768759357,0.952
5507.34,GT-28392,51435.33245534379,23.040181753471774,0.3640459112511866,-0.09814390172062541,0.885
5507.34,GT-28485,-90826.94497269783,-35112.83570795272,-0.6634724640440384,0.15436716936929976,0.935
5507.34,GT-28505,40703.65631070258,-62390.016569615924,-0.1774285033166022,0.033460430683792265,0.945
5507.34,GT-28513,-9556.342904179051,98687.0820253205,-0.011051011640600863,0.13695532897988144,0.886
5507.34,GT-28540,24584.736494787623,74981.74252929515,-0.936131017659811,0.9547904194493874,0.943
5509.96,GT-28207,55862.91705186005,-68726.19059773661,-7.321241390579761,11.740897629570899,0.904
5509.96,GT-28252,38539.846987705896,96011.27814645489,2.7179511317023914,-124.28954893826905,0.948
5509.96,GT-28389,-18807.258993287636,-45609.20742859995,0.07805572904862959,-0.10917664387459036,0.908
5509.96,GT-28392,51431.692527668056,26.328814284565738,0.3107927910938385,-0.0985304860971592,0.909
5509.96,GT-28485,-90821.36556549107,-35111.91684797285,-0.5100561557462306,0.22192489781155034,0.92
5509.96,GT-28505,40702.77729534503,-62385.55399727103,-0.19237986919931707,0.14684684320107433,0.917
5509.96,GT-28513,-9553.401390043153,98689.856982699,0.008353673502883872,0.18589871506621483,0.917
5509.96,GT-28540,24589.842392309227,74975.76583859485,-1.0288455532402248,1.0543358838986199,0.904
5519.56,GT-28207,-358245.7069814617,57138.97207568605,2521.137612529569,-766.3397509530141,0.92
5519.56,GT-28389,-18795.793233234745,-45588.75091585443,0.14144343497721587,-0.3077962727922617,0.893
5519.56,GT-28392,51436.37654176658,34.637246943530215,0.3537477251394176,-0.11548883696797882,0.885
5519.56,GT-28485,-90816.96243189082,-35113.82562040579,-0.20341422174154908,0.12625091671501673,0.89
5519.56,GT-28505,40700.20643749698,-62384.663122351565,-0.23357596257630586,0.1880856936633005,0.884
5519.56,GT-28513,-9557.809357107757,98692.45542107058,-0.21711735626397247,0.19160945946894267,0.889
5519.56,GT-28540,24529.820726031518,75017.89879163649,-1.3426920860408027,0.94553045269563,0.885
5524.26,GT-28164,-38833.6611910451,32008.927453378274,30.380105211129955,19.403481173663863,0.901
5524.26,GT-28389,-18794.735514726755,-45583.96903612826,0.037324950091622566,-0.4587654299823105,0.887
5524.26,GT-28392,51407.64204178237,55.6835030994711,0.018313118784419546,-0.004275805869170118,0.897
5524.26,GT-28420,63824.289454094884,-81767.45589147232,-1.12530728351502,-1.0484550276709412,0.883
5524.26,GT-28485,-90812.62727205221,-35118.48238617599,-0.16671936313730612,0.1555285850580636,0.889
5524.26,GT-28505,40709.78520729098,-62389.51842341735,-0.13868395901068806,0.11675998230630186,0.887
5524.26,GT-28513,-9557.782674059277,98685.7397974687,-0.16208068342340473,-0.03011297739184864,0.894
5524.26,GT-28540,24507.894750411255,75050.93533733881,-0.9849033633623699,0.9407228820426891,0.899
5524.26,GT-28602,-33763.0259975858,-30260.314578946505,-0.014708891772961067,-0.741431402958667,0.875
5524.26,GT-28628,91781.11308266853,-21186.775156979427,-0.012602600733105027,-0.33133889545436757,0.891
5524.26,GT-28630,41772.64139949236,-50975.306284491686,-0.055455783658496446,0.43090081259831603,0.873
5530.87,GT-28164,-320096.9605059492,228640.5391214031,2307.8411251573884,-1604.087476462869,0.951
5530.87,GT-28167,87994.74102042508,-69419.46704369015,-108.13599140834991,26.906101821341434,0.854
5530.87,GT-28191,-78212.42414002334,-51043.496297123194,-0.4853110388487976,1.93487830407858,0.865
5530.87,GT-28266,49101.38585938903,26502.36544491322,-0.14068457948184437,0.24806393698739182,0.864
5530.87,GT-28389,790278.5842762678,-240400.26802728447,-8051.214886265949,2182.7275899054484,0.988
5530.87,GT-28392,-107839.62894603006,-48325.4901962847,-163.03304322888323,-49.33157795362568,0.876
5530.87,GT-28414,74952.72954514064,-67961.85068931722,-0.27328297122118544,-0.23294003763686838,0.875
5530.87,GT-28420,63825.16604325361,-81774.34449758138,-1.0269712588865785,-1.0456863741585634,0.887
5530.87,GT-28485,-90809.30739846789,-35128.00374353961,-0.09211717496391822,0.2832455616486814,0.909
5530.87,GT-28505,40719.80376515795,-62392.08540969698,0.05114124831365807,0.12265353086309061,0.909
5530.87,GT-28513,-9557.335539087537,98678.5670364921,-0.05728224476424551,-0.2417773267422586,0.912
5530.87,GT-28540,24468.355870624673,75087.30794360364,-0.7291023130981409,0.6176569425625739,0.914
5530.87,GT-28602,-33764.6549118759,-30265.513683413647,-0.01588794489985111,-0.7421905529226631,0.856
5530.87,GT-28628,91778.96615123577,-21180.13488140594,-0.30120882125464715,-0.18689964270451134,0.908
5530.87,GT-28630,41765.01606768645,-50983.201012929574,-0.4140156261746882,0.00813367813427044,0.908
5530.87,GT-28634,437.85141875033014,71892.44076078868,0.06163395586566056,-0.08380694137305457,0.861
5535.78,GT-28067,-68396.06481987542,-56901.64525581637,-0.003853044539309833,0.3293721483294984,0.886
5535.78,GT-28075,64345.389528629814,-56801.26576304271,2.927612675007245,2.404730367551237,0.868
5535.78,GT-28485,-90808.83143420625,-35132.2335344816,-0.11227547419258975,0.3638315262674395,0.865
5535.78,GT-28505,40717.26416250362,-62385.42068218556,-0.17524653302370694,0.16321373281049828,0.881
5535.78,GT-28513,-9557.950459226566,98677.77125021646,-0.04581258887746264,-0.2263039448912642,0.872
5535.78,GT-28540,24579.704329953263,75333.84730025611,0.08080748117938519,1.7672200977321988,0.897
5535.78,GT-28585,-94219.34735606586,40730.731103071674,0.4445598495558448,-2.872703369725756,0.865
5535.78,GT-28628,91771.48216002042,-21183.360024796348,-0.4713262440089577,-0.1081653552214166,0.881
5535.78,GT-28630,41763.160687007774,-50984.045162236645,-0.4188183962675603,0.020559169108158186,0.864
5540.99,GT-28266,49110.35366738711,26498.355156388578,0.08267263821923779,0.15324259113914068,0.905
5540.99,GT-28394,-26312.25352084642,53143.15720772065,-0.02637667091471152,-0.017599124321047543,0.9
5540.99,GT-28414,74953.09031488441,-67966.7719011689,-0.22596043426595738,-0.1338702083750592,0.886
5540.99,GT-28420,63823.67491000129,-81778.20827858165,-1.1443400867420608,-1.0877176332943665,0.88
5540.99,GT-28485,-90790.65883299585,-35139.599230070875,-0.029535845190373486,0.5301247496147645,0.886
5540.99,GT-28505,40725.53263281287,-62377.07534849597,-0.09115384351155725,0.1856624141476082,0.873
5540.99,GT-28513,-9560.610747478546,98675.96964493032,-0.014101104353461347,-0.22067264111790547,0.867
5540.99,GT-28532,65790.62112051432,-49266.652287600584,0.03324791999689605,0.11721489390801162,0.882
5540.99,GT-28540,24574.172350619774,75321.18851049886,-0.19484482756145408,1.129383811214128,0.886
5540.99,GT-28602,-33764.540011945144,-30249.518526110423,-0.09659380848820875,-0.18759535076058886,0.897
5540.99,GT-28603,-50989.7901997315,-19826.711768028425,-0.1417162827481551,0.32088039810106095,0.894
5540.99,GT-28628,91773.28101810243,-21184.259836695892,-0.3293734905312535,-0.17937293182393685,0.878
5540.99,GT-28630,41767.85796537498,-50983.84000245338,-0.3596780179804676,0.06459575366742276,0.876
5547.6,GT-28414,74961.43116943416,-67962.95350473607,-0.03425616143514912,-0.011327805720530187,0.908
5547.6,GT-28485,-90795.84037638572,-35162.47869580921,-0.16133729065020855,0.6671337457922311,0.9
5547.6,GT-28505,40728.497152273274,-62376.15066965672,-0.08317309819234706,0.13713823060530184,0.899
5547.6,GT-28513,-9566.209850163672,98686.78631938202,-0.05394264104784028,0.02899144439571555,0.902
5547.6,GT-28540,24562.87434023128,75299.78476024991,-0.650342774516181,0.26862819023276047,0.9
5547.6,GT-28628,91773.53756150228,-21192.33384790626,-0.20940273505432686,-0.20110071366631221,0.898
5547.6,GT-28630,41761.72938982844,-50987.32703998756,-0.3201872035138836,-0.1408103305841023,0.904
5547.6,GT-28663,51432.32137874832,23.610106139150314,0.01793328005012232,0.004556385196112688,0.9
5547.6,GT-28698,-19433.83042177788,-46649.933446643685,1.4440269082557815,1.7155707544638295,0.884
5547.6,GT-28703,-78253.22763598974,-50897.8513947889,0.13493643729258023,0.05818979282096859,0.883
5550.3,GT-28485,1196058.8115349882,-361379.1959681539,5586.689847594006,-1416.1212642013431,0.907
5550.3,GT-28505,43678.26633899809,49138.51233068657,3.7223946992039307,145.75396603782198,0.967
5550.3,GT-28513,-9565.837358243252,98684.8940482732,-0.08858747199149905,0.0548437542261674,0.868
5550.3,GT-28540,24571.78690457621,75298.13986524683,-0.937369978497858,0.08581203008654562,0.94
5550.3,GT-28628,91770.92387831054,-21187.605326487497,-0.2701949234282677,-0.06436460114671416,0.872
5550.3,GT-28630,41762.022411551465,-50987.808186828355,-0.33332183874203525,-0.14823069536896105,0.863
5550.3,GT-28663,51432.107362655144,25.61557323983123,0.06975239200886324,-0.07669090600876187,0.936
5550.3,GT-28698,-19238.053006602062,-46300.363529957256,1.1663543622136774,1.818766991757656,0.866
5556.55,GT-28266,49102.825274927774,26488.496750276547,-0.028845887137654288,-0.02101347073582832,0.879
5556.55,GT-28394,-26313.16123159643,53120.30295206429,-0.018145626855674543,-0.04690298950968532,0.887
5556.55,GT-28420,-38948.26881128973,-98335.48133627737,-386.5572869373361,-62.25371134133774,0.865
5556.55,GT-28513,-9564.962411447728,98680.46524377185,-0.07555355112145133,0.10512012939410095,0.893
5556.55,GT-28532,65808.14231074427,-49251.6838354786,-0.2482594604991445,0.29424669074602805,0.878
5556.55,GT-28540,24586.185754886832,75311.15139053615,-1.2377767596444507,-0.07697385504241434,0.894
5556.55,GT-28602,-33751.824133022135,-30254.662030291503,0.12608169296489416,-0.21458273963503763,0.904
5556.55,GT-28603,-50990.92403211289,-19842.22966911849,0.045150292271156134,-0.13999232697288877,0.903
5556.55,GT-28628,91769.94014926875,-21169.043637842628,-0.1385034363344954,0.32305816437555046,0.908
5556.55,GT-28630,41766.97699054733,-50987.38798511381,-0.15248370433785235,-0.03745272824869682,0.893
5556.55,GT-28663,51426.778370213986,26.004963887040848,-0.05768996819889213,0.014744006692695474,0.901
5556.55,GT-28698,-19065.623145188212,-46012.65573121697,1.0365813877188248,1.4964636685228945,0.9
5556.55,GT-28703,-78260.75811951532,-50902.44501159601,0.018581546271771512,-0.2705051125186114,0.894
5556.55,GT-28714,55612.62158106263,-68238.01489430649,-0.04484573014070292,0.24074316298028714,0.855
5556.55,GT-28740,-90820.79916866776,-35090.11216849765,-0.175852608167394,-0.10594381609899775,0.858
5562.5,GT-28513,-9558.42756542602,98680.88405805833,0.10725934329548084,0.1107461799954935,0.895
5562.5,GT-28540,24600.83868951079,75320.92699338518,-1.7954805915251195,-0.3649228820789721,0.89
5562.5,GT-28628,91771.8828770779,-21174.217140908895,-0.10735403389196319,0.25580881884711437,0.904
5562.5,GT-28630,41767.91126033714,-50988.82308040624,-0.14111776943879117,-0.05465607767447372,0.889
5562.5,GT-28663,51427.733960636986,26.318274088719683,-0.04259797946433678,0.03854627928600013,0.893
5562.5,GT-28698,-18955.761557683876,-45869.17485785752,1.1596372941116107,1.2658243782493042,0.899
5562.5,GT-28711,-36424.35406950977,33543.380596872776,0.3522962008797868,-0.21320854167920436,0.874
5562.5,GT-28740,-90819.21418744576,-35092.206042014266,-0.18932165972148132,-0.2304748830140816,0.895
5568.3,GT-28513,-9557.501835948773,98669.74985625476,0.09264318987049694,0.2861157017090857,0.851
5568.3,GT-28540,24656.31787916082,75335.28881310803,-2.563750995830574,-1.0878981551246039,0.933
5568.3,GT-28628,91765.50374099072,-21172.665425992956,-0.245242867487665,0.2596559125984945,0.863
5568.3,GT-28630,41754.33800894731,-50986.49537642221,-0.343296873315149,0.12045065341721294,0.934
5568.3,GT-28663,51426.07234852893,23.19571371441515,-0.10154439070994238,0.021522140199811888,0.932
5568.3,GT-28698,-18927.774431554506,-45821.54336324119,0.985345230054111,1.1001185467405452,0.927
5568.3,GT-28740,-90821.32811785913,-35084.348938177354,-0.3653946514804824,-0.2824254362789626,0.935
5572.93,GT-28266,49096.68913619247,26477.337467395282,0.004129971589883874,0.14738604965688668,0.876
5572.93,GT-28394,-26289.607788348054,53100.48637502927,-0.1535056924629635,0.8360786911411592,0.887
5572.93,GT-28414,-314563.01308145106,170433.6906056931,1412.7333729243624,-865.0834214863129,0.878
5572.93,GT-28513,-9550.917242350686,98676.96516257506,0.05303332574659467,0.2273340513724415,0.877
5572.93,GT-28540,24675.759798990435,75341.75020566118,-3.0239619061057823,-1.2074607154582049,0.885
5572.93,GT-28602,-33748.614658887614,-30256.116338272597,0.17643464837341985,-0.198664601055002,0.877
5572.93,GT-28628,91765.33575969537,-21172.495439973427,-0.26111849029984735,0.28949363658407723,0.874
5572.93,GT-28630,41759.046625897594,-50995.41407450996,-0.3055071742456632,-0.07848158702253293,0.885
5572.93,GT-28663,51429.24766474501,21.583230467526334,0.014203310477984593,-0.008338874340586853,0.884
5572.93,GT-28698,-18926.97963298942,-45817.49159166506,1.0057307070772001,1.2004474405887358,0.878
5572.93,GT-28703,-78261.74682124282,-50908.56882657518,-0.049802317513741604,-0.3423434146835634,0.88
5572.93,GT-28711,-36424.4838237424,33548.80972355966,0.23404941149492875,-0.023831993275423735,0.878
5572.93,GT-28712,-45468.49071762253,-35960.32473580708,-0.05336207459770021,0.3020786021713424,0.858
5572.93,GT-28740,-90823.12593024093,-35085.357572539964,-0.36463154531341757,-0.28616425227480524,0.876
5572.93,GT-28764,40698.710321034596,-62388.30218453843,-0.3022810671350349,-0.0027071464149691915,0.883
5580.2,GT-28266,64550.151415203436,-48455.24134102689,15.793970709877437,-79.8295075840179,0.915
5580.2,GT-28513,-124423.83414725043,-71048.18192228244,872.8544543281125,1289.555760939828,0.926
5580.2,GT-28540,24763.56224557699,75377.1805733354,-4.269417075773257,-1.7266490416369635,0.886
5580.2,GT-28585,-94257.64167028505,40415.76179987834,0.5139380295410612,-1.621924531103443,0.854
5580.2,GT-28628,91765.70622955565,-21167.42156612473,-0.18276029516847553,0.32040622726654505,0.885
5580.2,GT-28630,41765.670133220105,-50990.00897892901,-0.04004054844207325,-0.05059838956342938,0.891
5580.2,GT-28663,51428.56180406198,18.838405834183582,-0.01363372143134278,-0.009231834894689636,0.879
5580.2,GT-28698,-18929.09660420006,-45816.736714610895,1.1000718359099548,1.3278293625488886,0.878
5580.2,GT-28740,-90819.61209256209,-35085.98138883902,-0.3242694626791219,-0.2667387853629177,0.881
5580.2,GT-28764,40713.29991146944,-62390.73606715048,0.09648048697598365,-0.10278786685939076,0.886
5584.47,GT-28540,24834.905805854265,75405.21274715783,-5.40771650114489,-2.215964074360706,0.918
5584.47,GT-28630,41762.12447351467,-50994.03710263315,-0.15314762236303714,-0.06820449415454208,0.929
5584.47,GT-28663,51430.3561277443,21.464365005070853,-0.04621190117159492,0.013327137583970777,0.916
5584.47,GT-28698,-18937.338611760893,-45828.34969780779,1.2447650577063454,1.6618705344972573,0.922
5584.47,GT-28764,40712.11383269061,-62391.37696685286,0.0857347485841835,-0.13398564692750212,0.926
5588.69,GT-28663,51427.321826979394,28.233001240656154,0.0010487355965283149,0.06932988345622514,0.909
5588.69,GT-28698,-18949.917915622675,-45842.76260561467,1.5463858311254097,2.1074570846931566,0.902
5588.69,GT-28740,-90813.07704472051,-35082.82655247671,-0.17013992640746947,-0.1852362262229928,0.911
5588.69,GT-28764,40711.12415891876,-62389.64743383819,0.04774698051268534,-0.061961534155745165,0.917
5595.28,GT-28540,25107.416295746356,75510.31788823739,-10.027831593588498,-4.148256078846734,0.885
5595.28,GT-28602,-33745.81993609215,-30264.282412254783,0.12391132944980879,-0.18106326582833654,0.886
5595.28,GT-28603,-50963.50686082744,-19834.371979739055,0.6287934068488001,0.2549996223775906,0.905
5595.28,GT-28628,91762.85497531983,-21157.658561164968,-0.3323188175811814,-0.054624156432517536,0.892
5595.28,GT-28630,41759.40171929736,-51001.82816290246,0.09378631790446511,0.05560427041883679,0.89
5595.28,GT-28663,51417.79068858617,30.73969557607336,-0.023598408407353118,0.11165392296093044,0.896
5595.28,GT-28698,-18962.751485023087,-45852.61943512295,1.3830224807955458,2.223580016029552,0.896
5595.28,GT-28712,-45468.136247911614,-35962.56449699788,-0.12429003296266718,0.3901089860233851,0.892
5595.28,GT-28714,55613.74200568376,-68224.17599900503,0.05255736492658538,0.22961295317143132,0.902
5595.28,GT-28740,-90812.63265660427,-35078.39715638382,-0.20529157157004232,-0.2313642426163247,0.886
5595.28,GT-28764,40714.32691993023,-62386.250918890815,0.13565547021339458,-0.002683475956958545,0.9
5595.28,GT-28776,63776.32670770832,-81799.03206594163,0.17050006674915455,0.41433257630127746,0.885
5595.28,GT-28800,74977.66638268507,-67959.2077492479,0.49770391777746076,-0.207845681312407,0.903
5595.28,GT-28803,65775.75623845277,-49274.653365804654,0.2521161992573983,-0.1546699638854634,0.879
5595.28,GT-28833,-9563.70792753823,98689.9866628709,-0.05017894752532409,-0.19324359546033093,0.856
5599.52,GT-28540,-42597.53670696562,-154115.59612837652,395.16501953950393,1336.6741513611225,0.909
5599.52,GT-28602,-33731.64528697261,-30262.958522721183,0.3014344115855966,-0.17552763928995985,0.888
5599.52,GT-28628,91755.342171353,-21158.173648238644,-0.25652443713801504,-0.06676868392908393,0.882
5599.52,GT-28630,41769.56711901596,-51004.91144659095,0.19951525917356328,0.09223457532726433,0.897
5599.52,GT-28663,51416.197457169306,30.709926367395898,-0.11278551289156469,-0.008255752888408137,0.889
5599.52,GT-28698,-18970.33790126253,-45867.57500702148,1.6605931234973583,2.655592669355235,0.889
5599.52,GT-28703,-78255.20594987164,-50897.480625422904,0.21325007485728514,-0.0328410042298905,0.894
5599.52,GT-28740,-90814.41751325957,-35077.595097115096,-0.20917552599909003,-0.24376976456337465,0.881
5599.52,GT-28764,40713.43736556885,-62386.739578070956,-0.07157054305018754,-0.18773836715843883,0.897
5599.52,GT-28776,63772.31484406695,-81799.98537502513,0.06195861940110091,0.23786797885548164,0.887
5599.52,GT-28803,65774.19348734351,-49256.75009486836,0.18422619097586496,0.1823295721332593,0.885
5599.52,GT-28833,-9553.163923445298,98691.87789810015,0.33491631549716666,-0.13553469599443974,0.885
5603.28,GT-28585,-94357.733120765,39913.47824493179,2.73045351742359,11.025337616710043,0.893
5603.28,GT-28628,-51738.572839754284,294513.5209564739,-724.6931230373164,1593.9420397227088,0.867
5603.28,GT-28663,51413.73849999345,14.072921628166808,-0.004860343702350861,-0.0470864556352221,0.927
5603.28,GT-28740,147273.02747868857,2254165.2014515456,1147.5312930361,11034.095279967745,0.953
5603.28,GT-28764,40722.137843028584,-62378.68373762075,0.3497243466489194,0.23674699098945884,0.939
5603.28,GT-28833,-9552.472111784005,98682.97085409748,0.25334558811675134,-0.14477203273369202,0.932
5610.3,GT-28602,-33744.33489788153,-30270.917651931846,0.18413561855955415,-0.12551242645433502,0.853
5610.3,GT-28603,-50987.28250225786,-19839.837293280794,-0.029981485807085734,0.025503568429710494,0.858
5610.3,GT-28764,40723.569704929854,-62373.726199517165,0.3436761279575508,0.3758812896480924,0.86
5610.3,GT-28833,-9553.913186346019,98687.24181464034,0.12226681141475826,-0.11298993883674999,0.852
5614.84,GT-28602,-33742.60857664555,-30267.088648515244,0.19126642237267066,-0.023539200799799223,0.855
5614.84,GT-28663,65323.03429881652,1134.8345315028084,27.81736984074806,1.6510476431529837,0.956
5614.84,GT-28714,55614.0284745927,-68206.23429052636,-0.010929696195113137,0.5021336675187802,0.851
5614.84,GT-28800,74978.14596633182,-67945.88099024078,0.428088382866811,-0.1139447868866128,0.853
5614.84,GT-28803,65781.7828978222,-49256.249223825536,0.2736054933928424,0.0538149059358487,0.853
5614.84,GT-28833,-9556.676721616177,98685.55300020803,0.11521665866788519,-0.19186259925476545,0.914
5614.84,GT-28906,24341.215853661593,75222.2473759131,-0.0064792741808276655,-0.008428374426081426,0.875
5614.84,GT-28907,-90833.32835479763,-35079.79603916663,-0.16441313920471762,-0.3127791273107656,0.893
5619.43,GT-28698,-19054.706448398487,-45999.405449274156,2.3784788744139624,3.7580454785069612,0.926
5619.43,GT-28906,24360.43852320641,75212.80036116224,-0.2055023684790298,-0.1732387981310334,0.915
5627.82,GT-28698,-19084.415568131324,-46042.50991765472,3.1026807596868604,4.833275186918606,0.892
5627.82,GT-28764,40715.01373008015,-62379.24758003335,0.03961403736536864,0.018107799504224698,0.91
5627.82,GT-28776,63769.66236708753,-81788.85803171658,0.05183279011161568,0.5351296836592784,0.906
5627.82,GT-28833,-9561.626852988531,98690.51375001504,0.06671256472824642,-0.06437924170398743,0.9
5627.82,GT-28906,24361.143779882652,75207.10458463726,0.048216943009305804,-0.012475929349968912,0.905
5627.82,GT-28907,-90816.22355216749,-35081.53364392754,0.33284363839563075,-0.3036617853576822,0.894
5627.82,GT-28911,91785.82623005718,-21174.698913991586,0.04688726689787069,-0.2955546645932924,0.908
5627.82,GT-28938,51435.58901478586,29.226339574268053,-0.20509157245260265,0.5228271929264205,0.886
5631.92,GT-28603,-50999.34803092892,-19845.386562882628,-0.06308718832831485,-0.034979548630639526,0.878
5631.92,GT-28698,-19093.379678921505,-46054.75080118995,3.4333866253362593,5.313725821410351,0.857
5631.92,GT-28703,-78281.1312798587,-50887.17442116581,0.07849400490094845,-0.0808803856592792,0.887
5631.92,GT-28711,-36406.02386743887,33558.74552527778,0.12740426116896075,0.19692499875767305,0.902
5631.92,GT-28712,-45463.2742697727,-36021.04817548746,-0.17897916502774322,0.5706456450384874,0.886
5631.92,GT-28764,40711.520200447296,-62378.83713983004,-0.0368239521398894,0.027699190349453926,0.876
5631.92,GT-28776,63771.205911095574,-81792.80639823768,0.09309373807127147,0.4985150486521136,0.91
5631.92,GT-28800,74977.6473423935,-67952.67859018342,0.16773036395419427,-0.21938394198693273,0.901
5631.92,GT-28803,65787.24861953862,-49251.05732538832,0.22961568993404088,0.1494528626204877,0.891
5631.92,GT-28833,-9563.698526339933,98687.2457017163,0.03964812656722324,-0.09816273581409313,0.867
5631.92,GT-28906,24361.781106679606,75207.10468614055,0.05539113916353982,-0.004169587826172227,0.869
5631.92,GT-28907,-90817.16056446206,-35083.60625720743,0.3647661073977967,-0.293176839626053,0.858
5631.92,GT-28911,91786.1020545705,-21175.357017567727,0.05647468390254486,-0.3099380651138075,0.864
5631.92,GT-28938,51435.54762948668,30.624453958670454,-0.13080576125636667,0.4319608908850743,0.873
5637.07,GT-28603,-50996.421026806325,-19833.137718105332,0.0042105764732814355,0.1761788271038202,0.855
5637.07,GT-28698,25197.629327080365,208238.80696661852,-104.15477378875374,-595.7787570851275,0.959
5637.07,GT-28703,-78288.04864635471,-50882.24176475404,-0.03124703721988513,-0.02390126195766725,0.858
5637.07,GT-28711,-36408.36526064726,33552.788396921715,-0.033684383804383544,0.10633350988613396,0.856
5637.07,GT-28714,55612.498567784205,-68226.00495907755,0.1525225101687611,-0.03867640470520484,0.854
5637.07,GT-28764,40713.45634973917,-62383.58114920624,-0.0040719321016947346,-0.0457541849674325,0.932
5637.07,GT-28776,63772.948136559615,-81791.22882961754,0.08596352258360741,0.4981766626696028,0.852
5637.07,GT-28800,74979.00651138942,-67941.83399548754,0.28504005377857267,0.05802936120289226,0.863
5637.07,GT-28833,-9578.115143266235,98682.16680562502,-0.41130515239822424,-0.23216452171272148,0.936
5637.07,GT-28906,24353.23871253622,75206.37546909765,-0.3660419794053061,0.022482912119686914,0.934
5637.07,GT-28911,91777.42650804282,-21178.54393211663,-0.1406767262951698,-0.19596461426404302,0.942
5637.07,GT-28938,51438.17725665311,27.99394136404112,-0.1310781474354806,0.30030140298425195,0.853
5637.07,GT-28958,41747.6401985651,-50986.63134313681,-0.28702965501560773,-0.02440978364406215,0.929
5642.79,GT-28911,91778.81015108565,-21183.460219668697,-0.13254877339411805,-0.319931336521329,0.928
5642.79,GT-28938,51442.340553829825,27.66174255645021,-0.0418476625378144,0.2394660047222875,0.923
5649.88,GT-28764,40711.96048952586,-62372.37665985554,0.025284442354094,-0.02965183853470654,0.944
5649.88,GT-28833,-9585.82453411284,98682.87165102502,-0.31044596741750696,-0.10234893380804605,0.952
5649.88,GT-28906,24354.483834402152,75211.28746627581,-0.3699108648086572,-0.0007764354834590356,0.952
5649.88,GT-28907,-90817.15405846434,-35070.90510997877,0.22633921094954085,0.02996725458551739,0.943
5649.88,GT-28911,91773.52973991974,-21178.680564108323,-0.4168188621908075,-0.15132118213176782,0.942
5649.88,GT-28938,51443.27076060584,29.654377397682428,-0.021672543753223972,0.25649366886304226,0.943
5649.88,GT-28958,41751.03111334365,-50974.21690829268,-0.2364810935192061,0.31970737489887524,0.948
5654.32,GT-28703,355282.35941295745,474958.7389827848,-2040.2158469539932,-2473.8136857632394,0.896
5654.32,GT-28764,40712.35507599012,-62373.77748537465,0.024178379950581173,-0.05801471612951934,0.859
5654.32,GT-28833,-9592.562479439717,98684.39102849254,-0.22367976614833912,-0.12294335146851576,0.931
5654.32,GT-28855,-26100.3044554505,53153.99840135111,-6.95112870131927,1.1008015446688886,0.868
5654.32,GT-28906,24351.896437899144,75213.46027511853,-0.4247520248173474,0.04691066396884001,0.937
5654.32,GT-28907,-90817.199062265,-35070.3703842615,0.15626244227718247,-0.023947207577854887,0.935
5654.32,GT-28911,91772.11582027012,-21166.270008558622,-0.3844344553606209,0.24621948889933037,0.876
5654.32,GT-28938,51426.70883685907,28.128105567587347,-0.4944016279126325,0.0654230462856353,0.876
5654.32,GT-28958,41758.113808227106,-50984.23789071539,0.030769732377167403,-0.009433081993732384,0.878
5660.38,GT-28714,55605.16096876092,-68223.36275060165,-0.05295808456054976,-0.09794223444176292,0.912
5660.38,GT-28764,40705.02666367811,-62382.98963812051,-0.16334928501453821,-0.44676034419858124,0.898
5660.38,GT-28776,63786.57958656523,-81785.63406064251,0.33226845075331685,0.3645489870458042,0.913
5660.38,GT-28803,65780.63505655594,-49265.62922964415,0.03241283707092542,-0.2008149764414781,0.9
5660.38,GT-28833,-9582.404554287745,98669.64360230386,0.13710699757498174,-0.28749826661366285,0.884
5660.38,GT-28906,24354.43218629082,75213.479655827,-0.394320215297546,0.04237419790211128,0.882
5660.38,GT-28907,-90812.07943927402,-35069.1164350861,0.11736744499909481,-0.07049103976942128,0.88
5660.38,GT-28911,91773.73310260977,-21175.611517534857,-0.19242388167357427,-0.12784428622931832,0.898
5660.38,GT-28938,51426.90620328481,22.806462575534425,-0.32651034854296634,-0.05103787107564288,0.891
5660.38,GT-28958,41756.49612185106,-50987.63558535657,-0.21090268942470636,-0.11753792982416722,0.889
5660.38,GT-29008,-45249.87812837315,-36354.27218398209,-1.0604897720300117,1.8421587023055475,0.873
5665.45,GT-28711,-36403.295968875864,33520.661076571094,-0.5287553263199744,-0.0075734245768637395,0.869
5665.45,GT-28764,40707.89417590674,-62377.927087725904,-0.13278007534552572,-0.3457880973308294,0.903
5665.45,GT-28800,74960.79356533795,-67929.8141023087,-0.05350821150807861,0.045050275315933024,0.862
5665.45,GT-28833,-9590.149137450027,98673.74143644719,0.2228773147548978,-0.3243037961026567,0.881
5665.45,GT-28854,49091.988821492414,26503.437729858648,-0.24338353961134435,0.2016493072805292,0.875
5665.45,GT-28855,-26025.24917076068,53143.34581643618,-4.968707594738549,0.758878753977257,0.899
5665.45,GT-28906,24354.14770182389,75212.59796423631,-0.34162068416019437,-0.027477832137971073,0.896
5665.45,GT-28907,-90816.94030309159,-35070.00593736291,-0.01687202438535987,-0.3601098069283516,0.894
5665.45,GT-28911,91771.66236531435,-21175.203209831318,-0.15004884352868933,-0.07925580304077096,0.889
5665.45,GT-28938,51428.416394481086,20.219592746220723,-0.30910375200743306,-0.1939993757191871,0.888
5665.45,GT-28958,41758.25196581795,-50986.32974793841,-0.2228499798934332,-0.06896966134164609,0.885
5665.45,GT-29008,-45284.94964182268,-36293.10785599521,-1.238085200786057,2.070445066139375,0.856
5665.45,GT-29046,-18848.466527864624,-45642.98788237,-0.14085238419074972,0.1919928186480576,0.858
5672.87,GT-28764,40717.03014444391,-62378.09997473005,0.09846394322394805,-0.586317164906438,0.945
5672.87,GT-28776,63782.675307516925,-81783.81581077975,0.13144729965024798,0.2953272912035908,0.854
5672.87,GT-28833,-9623.055307288005,98677.21044556482,0.3872774221438985,-0.11070464110377204,0.94
5672.87,GT-28855,-26041.009189212724,53143.7032577439,-4.86241799250526,0.620146693677612,0.855
5672.87,GT-28906,24352.67559377256,75214.09012530802,-0.24112128594126386,-0.017863277006870196,0.932
5672.87,GT-28907,-90806.28997088266,-35063.893978702035,0.14245704979822482,-0.40518537072131144,0.935
5672.87,GT-28911,91779.24362541751,-21171.8466180802,0.1590722211578339,0.039483481838159626,0.94
5672.87,GT-28938,51431.57730810377,18.629950620809886,-0.2767811494908755,-0.231959614597475,0.928
5672.87,GT-28958,41758.98467763781,-50970.8950245223,-0.22421534959740855,0.28198830385521856,0.931
5672.87,GT-29046,-18848.902607541117,-45639.053667177104,-0.462193627326911,0.08387102762887567,0.851
5677.77,GT-28498,83897.39101145684,74754.46719763114,-186.44655403522427,-37.04592982430234,0.891
5677.77,GT-28906,24366.686132562398,75230.95219516006,1.0696623392272315,-0.5006248789429815,0.949
5677.77,GT-28958,41758.737951258954,-50976.4238809137,-0.2595406093048587,0.19159427514542898,0.922
5677.77,GT-29046,-18835.380517963895,-45644.61254936004,0.03512955148476565,-0.16489884402641003,0.933
5686.19,GT-28711,88813.28132801413,21638.9060212266,-597.3326494059608,56.062666120294764,0.858
5686.19,GT-28764,40725.24457967445,-62362.65327983887,-0.15397038540517685,-0.2867133105831954,0.906
5686.19,GT-28833,-37568.85089420464,-119000.66583414504,100.45349258124902,782.6200293850259,0.883
5686.19,GT-28854,49100.74909223604,26530.270850943114,0.04810789327326259,-0.18908435020721812,0.896
5686.19,GT-28855,-26022.86586029577,53129.71240443399,-5.3563898932735015,0.5284169201392013,0.882
5686.19,GT-28906,24347.577319733282,75246.23941785055,1.0085511800097953,-0.47700223021965193,0.899
5686.19,GT-28911,91787.0334924523,-21168.81080306769,0.43738495589326076,0.12351527918550044,0.9
5686.19,GT-28938,51431.83506180146,18.427986581778548,-0.3817999536606865,-0.10007036190230129,0.902
5686.19,GT-28958,41762.532388082276,-50977.78939756301,-0.3381938914944861,0.22613212832671575,0.892
5686.19,GT-29008,-45443.48972462918,-36002.096818624224,-0.33117113153063743,0.5526844305796155,0.897
5686.19,GT-29046,-18833.876653719628,-45643.171529012616,0.36083925847376375,-0.04464585372261895,0.9
5686.19,GT-29075,-78267.82523825591,-50904.043804684086,-0.253112874908356,0.04452085413554149,0.864
5689.75,GT-28764,40738.965415479026,-62360.84366899357,-0.034332949271759824,-0.34558769700439557,0.939
5689.75,GT-28800,-1317082.3410564265,651164.3679873969,10500.31886312707,-5425.549836992938,0.915
5689.75,GT-28803,65485.98098442159,-49250.21061314151,5.986821215794991,0.052557474376209515,0.86
5689.75,GT-28906,24329.155542999943,75265.938574307,0.9669017935497481,-0.6555884449264786,0.926
5689.75,GT-28911,91786.97472181471,-21162.34754296026,0.4059574477360225,0.23141100737995413,0.925
5689.75,GT-28919,-94195.30911055033,41841.93209917244,3.568218942883728,0.023358861690469634,0.907
5689.75,GT-28938,51435.95649818075,21.972190337260283,-0.2334744860777156,-0.07864791148271581,0.936
5689.75,GT-28958,41764.058262624305,-50982.28377817545,-0.36443009038617136,0.21107152602357565,0.922
5689.75,GT-29046,-18833.612956179568,-45640.25667999702,0.374521168626929,0.018636432700397672,0.923
5697.18,GT-28714,-233554.94575529703,1223343.5980195736,2491.266539064208,-11130.841328574308,0.934
5697.18,GT-28906,24262.21187868171,75344.70162050582,1.36470784329985,-1.734182695175139,0.95
5697.18,GT-28911,91780.61237257604,-21171.446258563326,0.2239274909551835,-0.0034577848822024866,0.875
5697.18,GT-28938,51458.63369848409,17.594826606283362,-0.08251672074775912,-0.02619836087682552,0.886
5697.18,GT-28958,41771.98235000591,-50981.2221511112,-0.153189671524702,0.002190633835659865,0.879
5697.18,GT-29046,-18831.418330841712,-45638.8478394926,0.40739274503377504,0.11588610498392443,0.878
5697.18,GT-29109,-9453.634095182166,98705.03317631679,-1.0120057007198637,0.6587098113499549,0.893
5700.31,GT-28958,41771.453835139044,-50984.720037572326,-0.19524118060652043,-0.030604195178146797,0.918
5700.31,GT-29046,-18824.793101100575,-45640.84232603936,0.5198442330547581,0.12747988666447446,0.918
5700.31,GT-29125,-90796.07991112527,-35088.37280045251,0.08833227771405261,-0.09390173377660851,0.91
5709.18,GT-28911,91766.32262706739,-21164.67934389061,0.15900107197964475,-0.03815887952082197,0.887
5709.18,GT-28958,41765.45489780027,-50982.88444878896,-0.3948897798615151,-0.10107956155704927,0.89
5709.18,GT-29046,-18831.21014585174,-45641.14737466653,0.44143452968357394,0.18922075143322595,0.886
5709.18,GT-29109,-9491.106519087527,98700.77830837689,-0.6884214942620094,0.26843829244978556,0.892
5709.18,GT-29125,-90809.12895867859,-35083.49462568704,-0.2978262188936568,0.10220268712235656,0.896
5709.18,GT-29136,40713.07053518478,-62389.381982509476,0.15738429773833248,-0.4252604057951546,0.874
5711.89,GT-28911,91766.13259040767,-21166.992775750412,0.1594153864976113,-0.047835793444160085,0.92
5711.89,GT-28958,41766.38965872088,-50986.61657285217,-0.4050331123932356,-0.09460847869553352,0.919
5711.89,GT-29046,-18827.8453632177,-45647.71773163507,0.5662303287179945,0.04230487535332704,0.936
5711.89,GT-29109,-9499.85396670244,98692.97578616635,-0.8047329441997322,-0.02262030181301361,0.929
5711.89,GT-29136,40714.36523693746,-62379.674593252996,0.039738046373693894,-0.2259386261092437,0.936
5720.45,GT-28776,63784.950597270195,-81785.6280810528,-0.008107904221539508,-0.1770161299734325,0.878
5720.45,GT-28803,65222.99958118972,-49269.16858159741,6.9884102623683715,-0.2771707184550374,0.894
5720.45,GT-28911,91780.61379269861,-21165.899819313017,0.10654494224013783,-0.15166519808530377,0.9
5720.45,GT-28958,-58616.0091513176,44393.229829588294,200.37549544236228,-189.90576350284172,0.884
5720.45,GT-29046,-18837.558101819213,-45650.2586166488,0.4321364011822329,0.11161962898660231,0.906
5720.45,GT-29048,-33755.85369900976,-30282.5212940035,0.30943808749595775,-0.0500014068023812,0.872
5720.45,GT-29050,414.52655038924854,71877.97720709551,-0.047370585015873025,0.04205579612157633,0.869
5720.45,GT-29109,-9520.699915604611,98700.72311399906,-0.7682675782312374,0.23024653855439522,0.906
5720.45,GT-29125,-90809.20714070021,-35087.7714717732,-0.32756822115440576,0.005084864606993353,0.904
5720.45,GT-29136,40710.701817955836,-62381.23983878677,-0.00015594617969747794,-0.17784722793860142,0.907
5720.45,GT-29157,51418.149824284534,34.182801341562985,0.2691175277147623,0.35742045937358563,0.906
5720.45,GT-29183,24363.068320108887,75210.1563840439,0.3428881773861903,-0.32252223499604926,0.887
5726.41,GT-28854,49119.45644540636,26681.307722053647,-0.19983269240889534,-3.372180626044382,0.871
5726.41,GT-28855,-25796.760917157895,53100.985274758954,-7.661304267129532,0.686517358165776,0.864
5726.41,GT-29046,-18837.826652299264,-45656.93592245479,0.43362239756974635,0.11380058864063933,0.885
5726.41,GT-29109,-9519.678736608914,98700.3765844158,-0.7569214966508571,0.21404602261373193,0.881
5726.41,GT-29125,-90805.21202015025,-35087.795267043766,-0.29065809798321735,0.004536614769165096,0.875
5726.41,GT-29136,40708.95003328176,-62381.72207094546,0.028496793063878312,-0.19253387739997466,0.876
5726.41,GT-29157,51420.92876979033,35.25071012265205,0.30891178126157215,0.32589697948177393,0.876
5726.41,GT-29183,24363.963363794184,75197.74350818271,-0.11845778274067661,-0.11349802602380539,0.876
5732.62,GT-29046,-18843.08523319285,-45664.78147832175,0.4094446253929463,0.07301802044166622,0.905
5732.62,GT-29048,-33748.39269335789,-30284.5387351689,0.5155133155420466,0.20178696587449493,0.878
5732.62,GT-29050,409.3803636234728,71870.97255413453,-0.1790216165890492,-0.1565368669334783,0.859
5732.62,GT-29075,-78265.07920816583,-50907.03067891589,-0.002896860635753326,0.11496260216508254,0.883
5732.62,GT-29109,-9524.001306204405,98699.17342064243,-0.6002423180970952,0.16617137496324383,0.901
5732.62,GT-29125,-90795.97433405463,-35086.050213703806,-0.09011194730360425,0.034199173036008536,0.903
5732.62,GT-29136,40708.01054745483,-62379.244621425925,-0.009638113828222467,-0.007906019590901574,0.9
5732.62,GT-29157,51417.918800412444,31.156955246466538,-0.36296750170029773,0.13071655848174718,0.908
5732.62,GT-29183,24365.920292428018,75195.71845468071,-0.10553718376595367,-0.13024966117704473,0.902
5732.62,GT-29189,-36429.84218663238,33557.26382031133,0.24408508013080385,0.07208569223005584,0.87
5732.62,GT-29203,41762.07213884801,-50981.711461947525,-0.30638441342199146,0.19154157761344742,0.896
5737.71,GT-28803,65088.66533834344,-49271.56817519775,9.340336033735314,-0.08229016949305631,0.868
5737.71,GT-28919,-58478.16216668235,114490.21704577353,-157.6008159322976,-314.33245961912303,0.902
5737.71,GT-29046,-18847.77499078591,-45668.64087287812,0.4938349843641317,0.1013600890436836,0.893
5737.71,GT-29050,418.6149359117985,71869.42126630292,0.05710111456965197,-0.1680691148688416,0.879
5737.71,GT-29109,-9528.102238047397,98694.14854001095,-0.6384037824339387,0.013184688765667724,0.897
5737.71,GT-29125,-90794.51503892013,-35082.36802187243,-0.15658513208680092,0.10129457136638516,0.898
5737.71,GT-29136,40706.590522918144,-62381.947964830404,-0.05480754943543983,-0.04351269768520502,0.893
5737.71,GT-29157,51421.91135740109,16.173208417773367,-0.43175584247889165,-0.020754448972448297,0.901
5737.71,GT-29183,24368.302891842042,75209.74028482444,-0.1376931573963492,0.12776522907315582,0.892
5737.71,GT-29203,41759.41214967407,-50980.04621093092,-0.30199562581956274,0.18630401698632457,0.883
5737.71,GT-29225,91815.29940005187,-21116.927656182597,-0.6291548451149309,-0.8953953695395223,0.896
5743.48,GT-29046,-18850.592111045116,-45682.766028590406,0.6518712569849541,0.0976625167457163,0.858
5743.48,GT-29075,-78268.38118327297,-50898.64868385246,-0.14206849775463115,0.18642962235716018,0.852
5743.48,GT-29109,-9523.037483908067,98692.33322926432,-0.6192002394567488,0.035284380065350264,0.933
5743.48,GT-29125,-90795.80169354261,-35085.7657403205,-0.25851373014750056,0.04460790737033925,0.934
5743.48,GT-29136,40705.5333785523,-62374.97042023757,-0.11960640745335728,0.09658632211174964,0.941
5743.48,GT-29157,51426.96570356898,16.97362143166881,-0.2456856710152982,0.07344776738591197,0.93
5743.48,GT-29183,24368.71542301447,75217.3532205011,0.12760029456845057,0.24846971789085237,0.938
5743.48,GT-29197,74972.95296415739,-67947.32172064275,-0.41587514501306855,-0.3266585330501688,0.852
5743.48,GT-29203,41762.25632613841,-50987.58500939603,-0.2512675392570788,0.02642499782252959,0.938
5743.48,GT-29225,91809.91832442845,-21120.08842937488,-0.6469416511422236,-0.7994672777704731,0.931
5747.25,GT-28803,64847.795202074034,-49257.29524975996,12.649993774713732,-0.07107637785650955,0.871
5747.25,GT-29046,-18861.855506150634,-45692.178198852336,0.6555097985728249,0.298851967195785,0.891
5747.25,GT-29050,422.80921088949003,71880.22848968318,0.15992802049352528,0.010470743314361618,0.89
5747.25,GT-29102,-50978.08329769041,-19813.58852633416,0.09781299551571071,0.0455317853433156,0.877
5747.25,GT-29109,-9523.428905802697,98691.44649050849,-0.5718924556388875,0.04776345759098961,0.88
5747.25,GT-29125,-90792.00335309743,-35081.07164632593,-0.18734153103989154,0.023794257320111156,0.88
5747.25,GT-29136,40706.99918363956,-62338.51463340958,-0.01869487636871163,2.3529307653842317,0.914
5747.25,GT-29157,51429.53935338744,21.792165847552404,-0.1632218184938875,0.08387267904232863,0.888
5747.25,GT-29183,24367.991353427573,75215.86260979959,0.15000825404400872,0.2295522005564127,0.882
5747.25,GT-29189,-36430.485009255,33556.5610766533,0.16872967443921613,0.014208016493637926,0.873
5747.25,GT-29197,74970.93698021019,-67948.22121273611,-0.4099820576138735,-0.33380592405389203,0.865
5747.25,GT-29203,41763.13252881699,-50985.60072936107,-0.21139534236546484,0.018417234123076755,0.886
5747.25,GT-29225,91803.05521922358,-21130.376001205328,-0.6018185809583834,-0.7979960907316069,0.884
5747.25,GT-29228,63764.53221553553,-81793.74082557354,0.06283481337255581,-0.33540095996161556,0.861
5753.08,GT-29008,-45450.30010627493,-35977.09244159311,-0.029285102675372893,0.35175931585593023,0.863
5753.08,GT-29046,-18887.359349076,-45699.35598783392,0.4737175807031602,0.5419349645811151,0.857
5753.08,GT-29048,-33739.66790199957,-30300.534791886905,0.283278163030497,0.5852366153821206,0.875
5753.08,GT-29050,424.5347317646182,71880.39756033973,0.14515361772273563,0.01097241118976761,0.862
5753.08,GT-29075,-78268.68000600723,-50900.196822940634,-0.20248330356494834,0.03891109881657562,0.881
5753.08,GT-29109,-9532.613593293408,98691.97051601853,-0.7108733189472513,0.0019216778043078808,0.858
5753.08,GT-29136,40707.795442813345,-62345.77535788186,0.0015854429786433463,1.7450419906497712,0.863
5753.08,GT-29157,51430.09940905315,23.448188021133266,-0.13826917936952762,0.06529057860233359,0.856
5753.08,GT-29183,24364.388389064134,75215.42859880262,0.05073955179870808,0.16880383670279747,0.853
5753.08,GT-29189,-36432.14691161507,33555.86473833451,0.13924306152074065,-0.011675005326899187,0.856
5753.08,GT-29203,41771.26754649445,-50987.37587297281,-0.03305278532598193,0.015866346145058274,0.86
5753.08,GT-29268,-94169.82824761026,40656.57232149463,-0.021579944146325775,-0.6078663033186569,0.85
5760.45,GT-29046,-18936.95780198673,-45734.3646968141,0.6160926729300342,1.068355253537625,0.861
5760.45,GT-29109,-9533.937859377704,98695.77034029616,-0.6533847687306216,0.03374943861077997,0.862
5760.45,GT-29125,-90779.37630477807,-35107.719487412745,-0.669300252799808,-0.3896972026362014,0.863
5760.45,GT-29136,40704.78084985558,-62354.203396927995,0.016696205006353763,1.2889954452742756,0.857
5760.45,GT-29157,51431.39340124465,25.470455649705837,-0.17131709461350714,0.06826581590947094,0.855
5760.45,GT-29183,24363.626423455764,75210.36801440506,0.021850539409419938,0.12235651170303549,0.928
5760.45,GT-29203,41771.55037735209,-50981.36310190527,0.00785570692147037,0.13871040255406006,0.862
5760.45,GT-29225,91804.50361081293,-21117.068390435605,-0.543128404996158,-0.6103586580606192,0.852
5766.07,GT-29046,-18966.764396653907,-45743.081595335025,1.0360481388548364,1.6617389668004665,0.856
5766.07,GT-29075,-78272.1790953589,-50758.20448918274,-0.012451835047561699,5.729578829369579,0.93
5766.07,GT-29109,-9526.953120674962,98692.7436048719,-0.6646257363560151,-0.007970378536812407,0.854
5766.07,GT-29125,371919.0705761376,71905.56491965946,1541.4903322831908,356.58690757392577,0.891
5766.07,GT-29136,40709.2826170654,-62368.96913621673,0.12505648925918184,0.7899540057080479,0.861
5766.07,GT-29157,51437.66563881538,26.225653290305395,-0.12961620249607358,0.13322394032970297,0.855
5766.07,GT-29197,74976.922397521,-67946.29062873461,-0.029123075113341862,-0.10079443996754295,0.85
5766.07,GT-29203,41771.691416572205,-50978.06502279219,-0.006910813148628084,0.10185394188050792,0.85
5766.07,GT-29225,91810.97267898465,-21130.90584199787,-0.0655898073057824,-0.5209843506956743,0.86
5773.58,GT-29046,-328737.9002204881,-31885.65401305307,1075.902186485397,-48.92545348667999,0.962
5773.58,GT-29109,-9518.836752692157,98689.23320531324,-0.37742839333409706,-0.07694784685326796,0.893
5773.58,GT-29136,40709.80933962941,-62378.54333456439,0.1767823771940246,0.48914804873890233,0.884
5773.58,GT-29157,51433.64060663579,28.04807551725569,-0.1295225484993839,0.10493348277235182,0.88
5773.58,GT-29183,24366.72003863461,75199.46052607776,-0.005480613255229945,-0.13925045572973535,0.947
5773.58,GT-29203,41774.25770084502,-50987.307727842235,0.11463807061591144,-0.02655144054529037,0.879
5773.58,GT-29225,91805.2471614642,-21127.8928784063,-0.32668689940284457,-0.5574786043694594,0.943
5777.4,GT-29048,4536.337892469265,122763.49756814372,318.54505998116633,1274.7992115217953,0.867
5777.4,GT-29109,-9522.37184498763,98697.01429402333,-0.4856362436527209,0.10485656020969458,0.905
5777.4,GT-29136,40708.62749745665,-62393.75746171613,0.10587378040863071,0.07714083700518354,0.909
5777.4,GT-29157,51442.16026374714,24.69918312632022,-0.04406792258958728,0.0302614457576037,0.901
5777.4,GT-29183,24366.12289606218,75199.62396552599,-0.07007546346988058,-0.0872681375102428,0.903
5777.4,GT-29203,41768.60563817989,-50982.40439870466,-0.20303234144674603,-0.013535782018528827,0.902
5777.4,GT-29225,91800.7084349103,-21128.018716999202,-0.2746449959311879,-0.44370401936725107,0.902
5777.4,GT-29268,-94086.44939235605,41435.19883456724,0.581327462139505,4.474221762819989,0.906
5777.4,GT-29335,-90834.91447546761,-35073.81690757522,0.09420201394138365,-0.09181934074235612,0.863
5783.91,GT-29050,410.12769524943167,71895.03959963619,0.012756378989920034,0.09511769259635254,0.897
5783.91,GT-29075,-78280.40715432179,-50848.868123992426,-0.04659532807796157,1.9982757252959935,0.907
5783.91,GT-29109,-9519.555817326409,98686.28727565576,-0.42545195474163616,-0.17940323230157437,0.89
5783.91,GT-29136,40708.63843417602,-62390.79739586363,0.1173874922646359,0.03588147374550023,0.874
5783.91,GT-29157,51445.83440646652,26.555132299866894,-0.0834407568135275,-0.003090312050689383,0.878
5783.91,GT-29183,24371.979690116917,75195.71665996364,-0.03032516101985365,-0.06676275554745974,0.883
5783.91,GT-29189,-36444.812779334556,33542.05806071748,-0.0037165511440185456,-0.14518093466862228,0.891
5783.91,GT-29203,41770.71052404486,-50984.46722075515,-0.24960967384930033,0.005670560621182222,0.873
5783.91,GT-29225,91798.30450965614,-21128.889362695,-0.33741680602029633,-0.47149294013491583,0.882
5783.91,GT-29335,-90822.42089706466,-35083.32320378756,0.3284019620892229,-0.1513474165822295,0.881
5786.64,GT-29109,-9526.0566524133,98688.90959242109,-0.5871001823754334,-0.06926482691641825,0.908
5786.64,GT-29136,40706.14042706407,-62384.977054364965,-0.011145012077418706,0.11992787341526605,0.9
5786.64,GT-29157,51439.78337831884,35.74065446814616,-0.3157514797759643,0.011590107040889808,0.899
5786.64,GT-29183,24378.054987920008,75188.38170053487,-0.10429690811025913,0.03939004224190319,0.89
5786.64,GT-29203,41782.983795470056,-50983.49428738046,-0.030054363173953852,-0.059952757065434424,0.896
5786.64,GT-29225,91799.28295709654,-21124.06267743745,-0.35603386599256126,-0.5511288227377888,0.89
5786.64,GT-29268,-94038.89868820693,41801.3348769406,0.7289904909825542,5.42936246209908,0.92
5786.64,GT-29335,-90816.5148738285,-35090.47476919829,0.4553124470174563,-0.26469639155898217,0.9
5793.26,GT-29050,412.2413018625224,71898.66348134454,0.05644496801928828,0.09122502345219441,0.883
5793.26,GT-29075,-78279.10550594052,-50861.18514235283,0.07590872639876066,1.3631954725130084,0.889
5793.26,GT-29102,-50971.515144699486,-19829.272625386595,0.3478107166492777,-0.1795333266383455,0.891
5793.26,GT-29109,-9526.335418998462,98689.1003727278,-0.4966141383899947,-0.04700564511819899,0.897
5793.26,GT-29136,40706.4561134816,-62390.49179891602,-0.00981182554893701,0.11889830589820445,0.891
5793.26,GT-29157,51440.580278243935,33.30321810989843,-0.374761319129107,-0.09004244740534473,0.892
5793.26,GT-29183,35135.28367942295,34601.62660215029,-2.448927613273197,10.821667617388412,0.913
5793.26,GT-29189,-36438.95205029259,33536.45637944296,0.07921408724895676,-0.1186615744821867,0.87
5793.26,GT-29197,74961.74201682452,-67954.16997913813,-0.30078380081584855,0.05734302373569573,0.883
5793.26,GT-29203,41780.38196560184,-50991.386881700106,-0.1299754391286799,-0.1271781732088842,0.896
5793.26,GT-29225,91797.95382023386,-21115.488767646584,-0.4548123079149205,-0.6421361545362483,0.885
5793.26,GT-29228,63790.93983153262,-81772.27982207907,0.36472326839504027,0.6258462861479372,0.898
5793.26,GT-29253,55590.708833560646,-68209.25256225526,-0.2733792087115274,0.11077988722523793,0.897
5793.26,GT-29254,49106.029936230116,26497.651405077424,0.037808337296325586,-0.01740149733590722,0.898
5793.26,GT-29255,-26306.891070717644,53172.873751912884,0.18785991368921645,0.06755396067114394,0.901
5793.26,GT-29335,-90813.93367536251,-35092.07293868099,0.47681395978819635,-0.2905732537215973,0.884
5798.12,GT-29050,414.0737389131005,71882.52032589294,0.04334114946479621,0.16801179527334353,0.868
5798.12,GT-29102,-50973.57282740471,-19831.27017800264,0.204666886872937,-0.14692966439792038,0.88
5798.12,GT-29109,-9524.722295765103,98689.62500007416,-0.5285056290776999,-0.01767018234845073,0.876
5798.12,GT-29136,40706.79270438893,-62404.8524160073,-0.0868857516884579,0.1589652303875103,0.891
5798.12,GT-29157,51446.585672307,47.66010502992169,-0.5358548494502191,-0.13410962830801312,0.885
5798.12,GT-29189,-36442.12168722289,33534.729261620276,0.13081406743930069,-0.12094072334676878,0.854
5798.12,GT-29197,74960.20634717659,-67950.6934915737,-0.2831066486156029,0.038849600537466,0.86
5798.12,GT-29203,41773.907607243425,-50989.49008873905,-0.2652387174997112,-0.0500105592295637,0.889
5798.12,GT-29225,91796.13207896086,-21090.28719698603,-0.46990423343346926,-0.8001917211048641,0.882
5798.12,GT-29253,55592.07058075542,-68208.56534615367,-0.22811781292127584,0.06497883552961317,0.874
5798.12,GT-29254,49105.53279214962,26496.737692398492,0.054519066209305266,-0.012131122991487348,0.866
5798.12,GT-29255,-26308.532835899987,53169.11325759924,0.1171619228383554,0.01040514533033396,0.876
5798.12,GT-29335,-90818.09515181929,-35092.198465461304,0.34189821230547024,-0.3398546220137808,0.887
5798.12,GT-29363,-33763.43522434867,-30254.435087893733,0.2888639233538614,-0.32253329644354867,0.854
5803.79,GT-29075,-78277.59086648536,-50864.30393533566,0.08923874463855302,1.1025761002794678,0.861
5803.79,GT-29109,-9515.754060647025,98680.66436609071,-0.426600878471888,-0.12709947631171795,0.858
5803.79,GT-29136,40706.167067614646,-62404.504106143904,-0.07379070346909004,0.14262019978133367,0.853
5803.79,GT-29157,-3152462.3441908155,1495625.6996400782,16949.986023561927,-7911.266433638093,0.869
5803.79,GT-29189,-36450.07621115575,33545.526922848374,0.11678870696013326,-0.121256035657279,0.867
5803.79,GT-29225,91807.23873874376,-21072.07179785191,-0.2973850529551465,-1.1395493583808212,0.858
5803.79,GT-29253,55591.44906288118,-68210.90057419545,-0.21595724325516463,-0.0015083358354923138,0.874
5803.79,GT-29255,-26307.83791961697,53168.774508786686,0.12174708094621495,0.002506343520377395,0.875
5803.79,GT-29268,-94080.22856014491,41370.882932107255,0.36954541295446136,-0.14538161721810505,0.897
5803.79,GT-29335,-90812.42276322134,-35090.488197074286,0.2784428583285188,-0.19517791775638313,0.859
5812.16,GT-29109,-9509.698936833569,98676.58182881934,-0.5510418736723208,-0.1269751185829467,0.854
5812.16,GT-29136,40716.3145036484,-62429.96076558548,-0.2079092266526814,0.5040135203648763,0.864
5812.16,GT-29189,97310.24172081344,177578.38771586196,-885.7634119126197,-954.619346796867,0.95
5812.16,GT-29203,41776.93221695766,-50978.96258778915,-0.38312089836604135,-0.16024476818086902,0.858
5812.16,GT-29225,91830.59027690339,-21014.593340395546,-0.3537900820550315,-1.424450301993959,0.945
5812.16,GT-29335,-90813.25830062742,-35090.11522630052,0.17033011007022647,-0.1797729832004365,0.863
5812.16,GT-29376,-18836.697350462404,-45619.64501895746,0.2615509472587379,-0.43237988188422627,0.944
5815.12,GT-29109,-9498.022094513513,98664.3397365052,-0.5413538203148656,-0.14599898797911853,0.891
5815.12,GT-29136,40723.73556677358,-62439.1694049058,-0.15011861072925486,0.7778448890552728,0.888
5815.12,GT-29203,41771.034835110775,-50971.32986299458,-0.46035984234745303,-0.22465147148622783,0.878
5815.12,GT-29225,91833.20898003713,-21003.413528748937,-0.4173573001915975,-1.6382194173723694,0.885
5815.12,GT-29268,-94108.93231427082,41181.21211985746,0.010437942418814794,-1.3226417321753643,0.917
5815.12,GT-29335,-90810.16023638936,-35088.81732908928,0.17993156500226246,-0.22981844214929648,0.878
5815.12,GT-29376,-18836.423200308473,-45619.56202899781,0.25352911161848063,-0.4125167577797547,0.884
5815.12,GT-29422,24359.321290581986,75213.22847510841,-0.22223107538048736,0.29580629114549045,0.884
5824.04,GT-29109,-9479.89889272663,98639.39947859009,-0.9409754125304584,0.22178618287853075,0.951
5824.04,GT-29136,40726.020969327554,-62473.2319515438,-0.2904970861299872,1.4023454542603515,0.951
5824.04,GT-29197,-1602907.6898276433,1730261.6801759813,-2018.4747052514838,2163.8083828837657,0.859
5824.04,GT-29203,41787.56317558972,-50955.647452931495,-0.5783720315288503,-0.54303687970201,0.918
5824.04,GT-29225,91851.62508864189,-20897.661216247285,-0.9926745872948209,-2.5079489002736235,0.961
5824.04,GT-29335,-90806.86890603618,-35092.59462323982,0.15986827821038024,-0.19528208959130355,0.959
5824.04,GT-29376,-18838.114332224486,-45617.4441032548,0.2976797647376375,0.19511545220537463,0.908
5824.04,GT-29422,24356.498468123886,75214.64749524833,-0.18658526449527063,0.2893535705890823,0.901
5826.21,GT-29075,668669.5478805235,-21733.30945723768,-6694.985086683396,-261.4892823897526,0.931
5826.21,GT-29203,81939.2161593326,205334.29982180404,-457.626047185165,-2926.5701050571392,0.977
5826.21,GT-29225,91854.51043961223,-20880.150700052123,-1.0436735932864099,-2.8335836460522903,0.918
5826.21,GT-29268,-94134.16559084874,40981.081915359675,-0.2874655765842677,-1.8960138830947932,0.89
5826.21,GT-29335,-90812.76848964191,-35095.35663442591,0.030396630751689524,-0.26428170154468,0.923
5826.21,GT-29376,-18836.01592896428,-45613.718632359974,0.28414190050214916,0.18581174675264556,0.909
5826.21,GT-29422,24367.71038642754,75210.35483205962,0.11420156385380958,0.02954371499235718,0.917
5835.75,GT-29008,12157.276205530252,103964.56569126116,-52.28229951890924,-127.32223008098114,0.897
5835.75,GT-29109,-9368.637788099388,98574.88280305278,-2.1955577010066922,1.0634138299887363,0.903
5835.75,GT-29136,40739.43086809445,-62617.374049121165,-0.5027444545590826,3.6509582220029966,0.896
5835.75,GT-29268,-94128.93054588798,40993.311986641245,0.11161503504905351,0.9461148842199623,0.854
5835.75,GT-29335,-90814.15131852946,-35097.56480279317,0.05024732580097245,-0.2662912413168128,0.879
5835.75,GT-29376,-18838.989230471387,-45615.26078995896,0.256989931905402,0.06164280441898202,0.899
5835.75,GT-29422,24370.114312124348,75203.89794265722,0.08262028498675354,-0.1309529216924862,0.908
5835.75,GT-29478,51435.346906804254,15.678285870644325,0.24328834554109183,0.3176350310050925,0.854
5841.7,GT-29031,97370.93758591024,-95140.29306532528,0.8224268614269684,-5.030679050601493,0.853
5841.7,GT-29109,-9194.3940659063,98470.38918278104,-4.514614784241202,2.523386365330519,0.895
5841.7,GT-29268,-94136.89607303425,40917.04483228937,-0.3478831767688445,-3.087522007464514,0.893
5841.7,GT-29335,-90817.72223881655,-35093.651656155045,0.026128399703514056,-0.1024644916350945,0.889
5841.7,GT-29376,-18839.615980639588,-45608.72552837029,0.3157801895147659,0.17735087247293718,0.895
5841.7,GT-29422,24370.65871910304,75204.46172581958,0.09334001586578294,-0.1495200029727583,0.888
5841.7,GT-29478,51426.27697265606,16.324423034777602,0.019102127617704606,0.20507836579555522,0.887
5841.7,GT-29506,91767.60721244087,-21188.501842019134,-0.4820242148050002,-0.3111681189233547,0.851
5847.4,GT-29102,-50979.77580027412,-19827.869176167318,-0.24075415894358343,-0.24268951459917681,0.902
5847.4,GT-29255,-26318.247316799945,53159.42231690762,-0.2884422411145517,-0.15273206721433624,0.864
5847.4,GT-29335,-90822.21924035097,-35088.10370573777,-0.015097206251115082,-0.07987578406928394,0.895
5847.4,GT-29376,-18842.112599022144,-45615.41937180752,0.2758227341733346,-0.003217854057178719,0.892
5847.4,GT-29422,24364.43034169703,75202.37383823308,-0.14650255942231855,-0.1714040041254576,0.895
5847.4,GT-29478,51425.532101008954,16.397686295174992,-0.35840157338848433,-0.2837928051128971,0.899
5847.4,GT-29484,-36565.53338250118,33495.783908764344,0.5156722420537747,0.5352642991407478,0.881
5847.4,GT-29506,91774.7003340853,-21178.47100557664,-0.36719919770664333,-0.37135197598795744,0.884
5853.22,GT-29335,-90819.12839150842,-35086.840063607306,-0.16313912967219524,-0.15364676813478342,0.952
5853.22,GT-29376,-18847.21241028929,-45606.55392842182,0.31755228387776047,0.023838401004430923,0.942
5853.22,GT-29422,24361.620148563874,75198.58798630506,-0.2564375818452941,-0.22556707256383005,0.878
5853.22,GT-29478,51432.19924230315,14.437714140601877,-0.05588336190469048,-0.561260140076387,0.955
5853.22,GT-29506,91779.41720380461,-21183.50425998694,-0.028491463379052243,-0.30398385738562156,0.946
5853.22,GT-29529,40711.999031257685,-62362.49605747178,0.031109986579748006,0.770825946540018,0.88
5853.22,GT-29547,41480.620812420064,-50897.64199650031,0.45623910799398887,-0.02170121979633357,0.929
5859.21,GT-29335,-90814.90822553347,-35088.783300169605,-0.10983141379007698,-0.2654326117521372,0.902
5859.21,GT-29376,-18833.126708444073,-45605.17164171581,0.6420792578208887,0.018139306898393423,0.905
5859.21,GT-29422,24365.45538723544,75196.60540363331,-0.19036971086370552,-0.20416152274122543,0.896
5859.21,GT-29478,51434.09322878827,12.14629867609976,-0.06956560412690632,-0.47481584746568234,0.899
5859.21,GT-29506,91778.2790615088,-21184.089921568495,-0.014012531920018903,-0.2902320813953555,0.901
5859.21,GT-29529,40710.163928549584,-62360.231456924565,0.00048210494973957227,0.7548110912242463,0.896
5859.21,GT-29547,41637.924939290475,-50948.931171395474,0.6093985766626258,0.08916329686801902,0.902
5859.21,GT-29552,-9551.59074759012,98701.41413831941,0.1273899544360815,0.16802993041239123,0.889
5863.94,GT-29254,49098.02825065352,26523.676114907597,-0.06724000828088258,0.29084805597879204,0.895
5863.94,GT-29335,170396.2046109626,-96387.3476328602,486.78255415351623,-113.73481169294818,0.932
5863.94,GT-29363,-33750.346716412154,-30225.807987814227,0.17957154595451197,0.42940979015148106,0.893
5863.94,GT-29376,-18847.6730434189,-45611.01542898289,0.08558518486410638,-0.0733026368508182,0.892
5863.94,GT-29422,24364.29137877102,75196.79366703214,-0.24375496485799003,-0.1272797086236948,0.882
5863.94,GT-29478,51428.34077255665,16.92620560124568,-0.19154682334514636,-0.31504429198730555,0.882
5863.94,GT-29506,91781.51803886467,-21183.164151178345,-0.012353004596160788,-0.516413328096203,0.892
5863.94,GT-29529,40708.75195533884,-62357.348669076884,0.019303091749363857,0.7216192617418515,0.879
5863.94,GT-29547,41706.20366974365,-50970.529657998304,0.2665195269186881,-0.21377213175752485,0.888
5863.94,GT-29552,-9549.876845779356,98696.16753018179,0.02830308322771087,-0.2584893121787121,0.886
5868.24,GT-29255,118285.76707457988,36537.56011422894,789.7469819140221,-91.04343335329786,0.871
5868.24,GT-29268,-94120.55636010325,41038.191872866904,0.5015087673614025,3.7413021682993297,0.939
5868.24,GT-29376,-18839.51017177845,-45602.89517781555,0.2739842058330372,0.0892146084537511,0.903
5868.24,GT-29422,24360.907806424522,75200.3571340059,-0.32039429992440616,-0.09577269696194968,0.894
5868.24,GT-29478,51429.22086920522,22.18403749866571,-0.11518790808938185,-0.14858624759232622,0.9
5868.24,GT-29506,91772.99287955755,-21178.322569003074,0.02449648270106222,-0.32043595744670994,0.905
5868.24,GT-29529,40706.32833811002,-62371.57879998692,-0.13270194109476965,0.06708904180986958,0.907
5868.24,GT-29547,41733.80139087014,-50975.590269227934,0.4054571583177433,0.09465589922731685,0.904
5868.24,GT-29552,-9551.156798708844,98693.3897313744,-0.016507903825421236,-0.24496110675828303,0.893
5873.54,GT-29254,49097.65368557693,26523.889235638722,0.07942606225914717,0.10645554558706032,0.874
5873.54,GT-29363,-33793.65379924598,-30203.466762463984,1.2635793603834202,-1.3860036142286987,0.945
5873.54,GT-29371,65780.1104095603,-49262.803517171626,0.17881909714973757,-0.07523892000180173,0.902
5873.54,GT-29376,-18845.701868552445,-45600.55067656482,0.1820276026248951,0.1152357186914949,0.893
5873.54,GT-29422,24362.136859900642,75191.5459933296,-0.2759276813446935,-0.09989882623458313,0.894
5873.54,GT-29478,51431.74123502797,22.611806600954573,-0.1477502907254647,-0.16330488417528313,0.887
5873.54,GT-29482,74978.76345452388,-67945.63980878213,-0.08215439609771356,-0.01015791033639047,0.884
5873.54,GT-29484,-36520.11556987172,33499.24733920032,0.7300618953012477,0.13581876724351943,0.891
5873.54,GT-29506,91770.77822570184,-21181.79777992037,-0.04429566725619534,-0.3567422975612361,0.898
5873.54,GT-29529,40705.37241125887,-62370.413324752306,-0.1367265154681745,0.0592676702894793,0.885
5873.54,GT-29544,416.5158327705905,71867.6080728392,-0.09284607628906111,-0.28862255481179966,0.884
5873.54,GT-29545,-45481.78883267747,-35950.31565972689,-0.03086807090658047,0.16650236448457467,0.87
5873.54,GT-29547,41733.64756660783,-50976.758208603125,0.3757933308495639,0.0811763462683141,0.891
5873.54,GT-29552,-9548.562968509901,98691.83732857852,-0.018720594424493354,-0.20052248849731713,0.888
5880.35,GT-29228,73385.75623925669,237350.2871640018,-12.637912333686113,-416.23950004845585,0.911
5880.35,GT-29376,-18861.308894032172,-45606.19218142744,0.0013591508625567794,-0.12657862127399394,0.891
5880.35,GT-29422,24364.387629685913,75190.73617364452,-0.21663671291707318,0.02947596510888451,0.888
5880.35,GT-29478,51441.636556905134,24.05642569557547,0.11357828896257682,-0.024092886343224568,0.893
5880.35,GT-29506,91771.06494852628,-21189.24818745276,-0.08438865199462868,-0.3677749214410737,0.884
5880.35,GT-29529,40706.81973966103,-62371.45477349595,-0.06432235679422524,-0.024087617524817462,0.889
5880.35,GT-29547,41728.65497947544,-50973.30005883396,0.427840804780744,0.0825358038655032,0.879
5880.35,GT-29552,-9547.534520737923,98691.30172204007,-0.02853371913621379,-0.17728955965918713,0.886
5885.68,GT-29376,-18866.821862771907,-45601.16143938276,0.08993433104534562,-0.1559126634902177,0.922
5885.68,GT-29422,24368.390098756227,75185.00614973804,-0.11986908263662052,-0.12580609552641275,0.932
5885.68,GT-29478,51442.37704399196,26.21023065476938,0.11384073060319128,-0.0019404455723860993,0.924
5885.68,GT-29529,40706.956788404255,-62376.51165976311,-0.07471492697801455,-0.10635435303971522,0.934
5889.83,GT-29102,-50986.51137961991,-19815.72643488944,-0.13194281262383362,-0.16253068973945559,0.873
5889.83,GT-29254,49066.87922116823,26512.83396378614,0.07230825831374442,-0.14721252631238155,0.869
5889.83,GT-29268,-94108.54604426603,41203.78772522959,0.8567778995436082,8.109219210357825,0.894
5889.83,GT-29363,-33810.21426553915,-30192.795942447123,0.6019536555654964,-0.9461161943553827,0.863
5889.83,GT-29371,65780.79097836146,-49260.91996969932,0.06633935373477604,-0.05856113541517298,0.867
5889.83,GT-29376,-18864.175722368916,-45596.423034735235,0.2784560478477862,-0.20608272316394738,0.857
5889.83,GT-29422,24365.108396193667,75186.46079402756,-0.03850976836467904,0.0040656370616785065,0.857
5889.83,GT-29478,51445.1712113633,25.656633958059704,0.11008244037083535,-0.002717412460467724,0.851
5889.83,GT-29482,74972.99453232522,-67946.37411280186,-0.2991450986784373,-0.16142128355319454,0.87
5889.83,GT-29484,-36484.72843935685,33512.384115720975,0.5824650313459074,0.19698520813985385,0.887
5889.83,GT-29506,91775.97131764262,-21181.04308776491,0.03892239282136086,0.017157108551000774,0.859
5889.83,GT-29529,40709.750756603884,-62376.172941875055,-0.013276929550908714,-0.08092616013959518,0.858
5889.83,GT-29544,413.28635358688217,71877.85968545727,-0.009388259921533408,-0.07184070374707313,0.887
5889.83,GT-29545,-45475.178978827,-35954.01426682686,0.07455849895017844,0.19142334679682885,0.872
5889.83,GT-29546,-78268.5122803078,-50905.07067766677,-0.2979780420700583,-0.20710426227659626,0.866
5889.83,GT-29547,41731.5457234952,-50978.62252119904,0.41793106726026946,-0.24029487995410442,0.852
5889.83,GT-29552,-9547.522950850971,98696.0888239266,-0.008600048402589953,-0.0701930571812163,0.851
5896.85,GT-29376,-18867.308544370284,-45592.9751039709,0.30990004827044815,-0.3576614358819403,0.882
5896.85,GT-29422,24380.160170171475,75181.56878776308,-0.045108123699175884,0.4768910857868851,0.894
5896.85,GT-29478,51434.537432822246,19.954553724858982,-0.16689111597892767,-0.11396686908690806,0.888
5896.85,GT-29506,91783.60035605657,-21173.26457687544,0.1498041254949619,0.1397310818211728,0.89
5896.85,GT-29529,40706.148253354426,-62379.55684686157,0.031011416380102734,-0.12724127003175598,0.876
5896.85,GT-29547,41733.65098955765,-50982.465165817215,0.1712689130946454,-0.2398473508851377,0.885
5896.85,GT-29552,-9541.382459168353,98691.15729386022,0.13999980645847748,-0.21808422834964175,0.89
5896.85,GT-29628,-90803.63580097146,-35085.6966563808,0.1472121247626068,0.015060079884600536,0.886
5900.62,GT-29102,-50983.97107992053,-19814.92341043472,-0.22301824270169193,-0.25950862334132885,0.874
5900.62,GT-29253,55597.31255145517,-68173.12149189801,-0.0006161607123608241,-0.5921811441086511,0.866
5900.62,GT-29254,49063.92788159871,26502.634244127286,0.2876811705729858,-0.17540239367990484,0.867
5900.62,GT-29363,-33815.677980518536,-30191.865116294604,0.7517462984862927,-0.8732559808824423,0.858
5900.62,GT-29376,-18880.781385324462,-45588.61950940034,0.471283164841085,-0.4733105504372659,0.898
5900.62,GT-29422,24388.39049275479,75157.77899210047,-0.377010242713078,0.6325941602799485,0.905
5900.62,GT-29478,51424.42088417137,18.188259512682357,-0.30434480567638555,-0.16140758056212132,0.903
5900.62,GT-29482,74973.97342418539,-67936.02010549618,-0.16092064346022583,0.17543270200517305,0.869
5900.62,GT-29484,-36488.04418286134,33516.85898437066,0.7119236133404934,0.2797746109934156,0.854
5900.62,GT-29506,91791.44639811663,-21171.00447116997,0.3490035664847455,0.08963578357259877,0.905
5900.62,GT-29529,40699.027493970825,-62370.141671842735,-0.16284257267771649,0.10232149619167674,0.906
5900.62,GT-29546,-78283.62964114573,-50911.37633447404,-0.5930975126426432,-0.22218988787274718,0.854
5900.62,GT-29547,41739.73209235112,-50982.135656445,0.3479516118040451,-0.11717559702277516,0.902
5900.62,GT-29552,-9545.259102097198,98685.64410388848,0.07084862941701495,-0.501802310035976,0.898
5900.62,GT-29628,-90804.73721198959,-35086.40048602738,0.2806768581735778,0.041666593146634685,0.902
5909.2,GT-28676,-853266.4826203787,-182864.01211592113,127084.1533994089,16153.073897257422,0.852
5909.2,GT-29376,-18951.397553904368,-45519.77038041122,0.9977885851393955,-1.279203315377988,0.96
5909.2,GT-29422,87674.58719976383,-130566.76404587422,-182.75864210275705,594.4249853512528,0.882
5909.2,GT-29478,51433.5765582231,22.39797421081723,0.002749496829251988,-0.025451628456418827,0.954
5909.2,GT-29506,91788.40260050919,-21178.23008953971,0.14164756467853162,-0.18428709904177432,0.958
5909.2,GT-29529,40702.393246400745,-62373.56802091647,0.12058956508634895,-0.1285739397913121,0.957
5909.2,GT-29547,41734.166173981794,-50981.68966509809,0.35184344408759755,-0.19797399090861137,0.95
5909.2,GT-29552,-9552.50617008508,98695.90236434664,-0.09613778136949755,-0.037363556497010064,0.96
5909.2,GT-29628,-90799.65648298452,-35083.90768457846,0.421577004770636,0.11260944753208527,0.957
5914.81,GT-29102,829578.5277680818,613946.277828088,-3551.5988081585665,-2556.371760100595,0.932
5914.81,GT-29253,-167862.96775483515,621421.9288033555,1574.8725567257866,-4860.962893506629,0.914
5914.81,GT-29376,-122091.69666368025,93567.4955280177,-22.33993196511376,30.238801248637312,0.93
5914.81,GT-29478,51433.75374799151,19.238163813891727,-0.04595426992782067,0.07335712411051101,0.941
5914.81,GT-29506,91790.64736319987,-21177.47645769451,0.12461238651025154,-0.2175826910725872,0.933
5914.81,GT-29529,40702.03182034447,-62381.43613735893,0.14299747187512427,-0.2948274194163091,0.946
5914.81,GT-29547,41735.23185613014,-50987.94458020364,0.39139812388466605,-0.2779693961710603,0.873
5914.81,GT-29552,-9547.430791079969,98692.76895064281,-0.031804677100459915,-0.09925731468335187,0.946
5914.81,GT-29628,-90802.91232325166,-35085.52166855763,0.27423627550586804,-0.0643384949336192,0.944
5919.89,GT-29478,51223.33956415731,-11.072031733576678,4.784051854957077,0.4376941671281681,0.891
5919.89,GT-29506,91786.72230262386,-21177.97445252931,0.11659337384049369,-0.1959183904165296,0.861
5919.89,GT-29529,40702.15280390638,-62383.486040371645,0.16618016354123608,-0.29632037706033554,0.866
5919.89,GT-29547,41731.57379869152,-50985.63272175565,0.3760612884662633,-0.15102494108719175,0.868
5919.89,GT-29552,-9548.815755557123,98689.26702182968,-0.11714680657854815,-0.11723701170187259,0.942
5919.89,GT-29628,-90798.91979907859,-35082.129638900304,0.15655728921627024,0.17645837673703577,0.877
5925.03,GT-29478,51124.44551248397,-23.12101864215523,4.270199326942846,0.47835964495460376,0.895
5925.03,GT-29506,91792.18603824679,-21172.542876882217,0.20435926972558532,-0.23113964415296806,0.882
5925.03,GT-29529,40695.656456367826,-62390.159057520505,0.18583569267090141,-0.3487952718646192,0.895
5925.03,GT-29547,41709.64521113141,-50983.43337261096,0.07657716226987732,0.04322793802978156,0.894
5925.03,GT-29552,-9544.513676071369,98687.83364897498,-0.11317141071157527,-0.0769619963288689,0.887
5925.03,GT-29628,-90805.82150264108,-35084.746497875494,-0.1346372425972786,0.26653450348279095,0.896
5925.03,GT-29727,24366.507981965875,75207.27931339551,-0.11655830375137462,-0.02895534577666506,0.867
5931.43,GT-29478,51102.66821704384,-25.980206291905247,4.942381273620228,0.566220112510002,0.883
5931.43,GT-29482,74961.06291757635,-67923.30443877594,-0.069081144307493,0.10688697906320199,0.894
5931.43,GT-29506,91797.11859220079,-21149.93887524972,0.36925206050360426,-0.07101699922199128,0.897
5931.43,GT-29529,40693.280087722356,-62385.51188824215,0.15255110865370541,-0.19550784472461596,0.9
5931.43,GT-29545,-45516.52982469108,-35936.97033276395,-0.5696441982395343,0.19012966914185675,0.901
5931.43,GT-29547,41708.3619620593,-50981.926030788614,0.2292515870057888,0.024310591574658272,0.892
5931.43,GT-29552,-9530.203254648084,98685.95300494863,0.22849289847639687,-0.12325875276859187,0.89
5931.43,GT-29628,-90807.5932795949,-35083.42535720141,-0.17661853598350902,0.24653976785344403,0.887
5931.43,GT-29637,-26310.348781919576,53165.68081414961,-0.0026533176576692546,0.10846295716101657,0.88
5931.43,GT-29656,63767.117200067136,-81794.26481237804,0.2327364839668752,0.1875714543139452,0.885
5931.43,GT-29727,24363.80882155054,75191.39454774819,-0.09877621739508174,-0.4071054959635928,0.892
5936.74,GT-29268,-94144.85595032007,40740.44042113014,0.008081625468228604,-0.2557681700077934,0.874
5936.74,GT-29478,50997.764009874234,-32.031844646650285,5.658636886567283,0.719687642518,0.853
5936.74,GT-29484,-36495.308456036844,33515.01426730878,0.7046796094717434,0.15848825976213834,0.888
5936.74,GT-29506,91793.86568195221,-21145.61722037428,0.3905169605536583,-0.15966693321891418,0.85
5936.74,GT-29529,40693.17661363184,-62375.79486690457,0.29724493549145525,0.0011072787722573117,0.861
5936.74,GT-29544,396.29653140945607,71897.4784396203,0.12306103812443872,0.2596796029940186,0.881
5936.74,GT-29547,41701.683077365095,-50983.489366408736,0.46792914415257,0.05262046119045056,0.851
5936.74,GT-29552,-9529.041728210253,98703.72985520281,0.10870448387635837,0.13625007234899172,0.858
5936.74,GT-29628,-90803.8168949794,-35081.80266099427,-0.15149562211641415,0.22392831283695538,0.852
5936.74,GT-29727,24366.31146619903,75187.01917324752,-0.021310847560385433,-0.3787857144587106,0.851
5941.82,GT-29371,66360.83499669378,-49258.41032279072,-9.663657802589597,0.3345003285954275,0.876
5941.82,GT-29478,50720.43145480605,-60.66963000512656,8.753150836354031,1.0965582331975177,0.905
5941.82,GT-29482,74956.97048709437,-67921.92302056839,-0.08586706874437691,0.05512434689212578,0.88
5941.82,GT-29484,-36494.782423745106,33513.29972537327,0.751829475385834,0.20160397927788146,0.861
5941.82,GT-29506,-281110.7448309538,-275143.17704919225,273.3915565540019,186.2199835953902,0.869
5941.82,GT-29529,40697.42796894133,-62370.523050107025,0.27553099567253936,0.0024500727055952465,0.91
5941.82,GT-29544,416.1625498777381,71894.76688845956,0.32295566611411497,0.26115086163196966,0.877
5941.82,GT-29546,-78145.21062345464,-50699.03063525762,-2.3544051061780564,-4.1583063910091065,0.858
5941.82,GT-29547,41675.18252145,-50970.853603238014,0.8416952238317342,0.18095414223516676,0.9
5941.82,GT-29552,-9530.376376106604,98701.86034330851,-0.059359387076406214,0.06981543074018584,0.909
5941.82,GT-29628,-90797.70956197198,-35078.3974477317,-0.0403752139346028,0.304075453564219,0.905
5941.82,GT-29727,24364.374349217087,75188.96641444496,-0.11327995645193968,-0.2698933631059697,0.896
5946.58,GT-29268,-94143.98062492968,40641.72356185191,0.14684403432287196,2.5338926762763934,0.895
5946.58,GT-29371,-348896.5099172697,-166378.29858361144,3154.384164265114,888.01922615187,0.908
5946.58,GT-29478,50199.15361146124,-124.75178131220575,13.982900498976056,1.63876543301298,0.89
5946.58,GT-29529,40699.3173041687,-62369.346460859975,0.28154015905045626,-0.056853423733531895,0.881
5946.58,GT-29547,41626.69334613409,-50967.08889144328,1.3309118716674218,0.20748742431991168,0.883
5946.58,GT-29552,-9529.6864100328,98704.40633777938,-0.08051037861309067,0.03802213281192836,0.876
5946.58,GT-29628,-90794.07222475676,-35075.368560109506,-0.09517975546888369,0.2881452943722488,0.874
5946.58,GT-29727,24365.995243043144,75194.38683023183,-0.12057984451397924,-0.09475354524341137,0.884
5946.58,GT-29811,-18816.689260989348,-45643.15941287635,0.21799413121955208,-0.7468046869214726,0.873
5954.39,GT-29268,-1745952.9124881946,-309244.5532415044,-78335.7582121366,-19161.95807883166,0.871
5954.39,GT-29478,14306.121858817954,-113361.04770269283,290.1401078538467,907.0292177065724,0.962
5954.39,GT-29529,40694.462893270495,-62370.01785494572,0.18286208651509336,-0.04000947374156531,0.906
5954.39,GT-29628,-90787.19828249622,-35068.86383767052,-0.122892999790426,0.37380195672751343,0.898
5954.39,GT-29727,24365.59655387224,75200.99170205242,0.023175994819869657,0.0629283523319436,0.901
5954.39,GT-29811,-18814.7080559482,-45641.52675513616,0.16933950834266612,-0.5704221208424473,0.892
5954.39,GT-29813,91787.95141940797,-21190.6486301349,-0.4245208228784454,-0.2667194428688562,0.879
