event_type,time,label,sensor,local_track_id,source_map_track_id,source_d2_xy,source_gate_xy,source_d2_z,source_gate_z,source_xy_rejected,source_z_rejected,accepted_stage,assigned_global_track_id,created,revived
measurement,4.02,HEDEF_1,RADAR_A,RADAR_A-T2271,,,,,,False,False,create,GT-0001,True,False
measurement,4.07,HEDEF_3,RADAR_A,RADAR_A-T3260,,,,,,False,False,create,GT-0002,True,False
measurement,4.08,HEDEF_4,RADAR_A,RADAR_A-T8044,,,,,,False,False,create,GT-0003,True,False
measurement,4.08,HEDEF_5,RADAR_A,RADAR_A-T8270,,,,,,False,False,create,GT-0004,True,False
measurement,6.31,HEDEF_1,RADAR_A,RADAR_A-T2271,GT-0001,0.4538958401220902,16.014326314940615,0.1794479676377284,11.618285980628052,False,False,source_map,GT-0001,False,False
measurement,6.31,HEDEF_5,RADAR_A,RADAR_A-T8270,GT-0004,3.971754744136226,16.014326314940615,0.023058133209593157,11.618285980628052,False,False,source_map,GT-0004,False,False
measurement,6.63,HEDEF_3,RADAR_A,RADAR_A-T3260,GT-0002,1.1186528676159215,16.014326314940615,0.09880614487782467,11.618285980628052,False,False,source_map,GT-0002,False,False
measurement,6.92,HEDEF_4,RADAR_A,RADAR_A-T8044,GT-0003,1.1041200307230437,16.014326314940615,0.6219282309788882,11.618285980628052,False,False,source_map,GT-0003,False,False
measurement,7.54,HEDEF_2,RADAR_A,RADAR_A-T1100,,,,,,False,False,create,GT-0005,True,False
measurement,9.0,HEDEF_1,RADAR_B,RADAR_B-T9982,,,,,,False,False,hungarian,GT-0001,False,False
measurement,9.0,HEDEF_5,RADAR_B,RADAR_B-T6829,,,,,,False,False,hungarian,GT-0004,False,False
measurement,9.27,HEDEF_1,RADAR_A,RADAR_A-T2271,GT-0001,2.5203769250579287,16.014326314940615,0.12402198046652667,11.618285980628052,False,False,source_map,GT-0001,False,False
measurement,9.27,HEDEF_5,RADAR_A,RADAR_A-T8270,GT-0004,357.5726206794078,22.42005684091686,0.07846427458254843,16.265600372879273,True,False,create,GT-0006,True,False
measurement,9.48,HEDEF_3,RADAR_A,RADAR_A-T3260,GT-0002,0.43454874247600905,16.014326314940615,0.01102017136442284,11.618285980628052,False,False,source_map,GT-0002,False,False
measurement,11.39,HEDEF_4,RADAR_B,RADAR_B-T1514,,,,,,False,False,hungarian,GT-0003,False,False
measurement,11.39,HEDEF_5,RADAR_B,RADAR_B-T6829,GT-0004,15.491916975701354,22.42005684091686,0.0025236516427637715,16.265600372879273,False,False,source_map,GT-0004,False,False
measurement,11.66,HEDEF_4,RADAR_A,RADAR_A-T2049,,,,,,False,False,hungarian,GT-0003,False,False
measurement,11.66,HEDEF_5,RADAR_A,RADAR_A-T8270,GT-0004,18.65038699998097,22.42005684091686,0.04294523101649743,16.265600372879273,False,False,source_map,GT-0004,False,False
measurement,11.79,HEDEF_2,RADAR_B,RADAR_B-T3173,,,,,,False,False,hungarian,GT-0005,False,False
measurement,12.1,HEDEF_3,RADAR_A,RADAR_A-T3260,GT-0002,1.8435686717479027,16.014326314940615,0.047280965211511684,11.618285980628052,False,False,source_map,GT-0002,False,False
measurement,12.57,HEDEF_1,RADAR_A,RADAR_A-T2271,GT-0001,3.05109330318304,16.014326314940615,0.33091061398514954,11.618285980628052,False,False,source_map,GT-0001,False,False
measurement,12.57,HEDEF_5,RADAR_A,RADAR_A-T8270,GT-0004,5.270727871296087,22.42005684091686,0.4192777822318772,16.265600372879273,False,False,source_map,GT-0004,False,False
measurement,12.72,HEDEF_1,RADAR_B,RADAR_B-T9982,GT-0001,9.968944067149621,16.014326314940615,0.2163520817087255,11.618285980628052,False,False,source_map,GT-0001,False,False
measurement,13.4,HEDEF_2,RADAR_A,RADAR_A-T1246,,,,,,False,False,hungarian,GT-0005,False,False
measurement,14.38,HEDEF_4,RADAR_A,RADAR_A-T2049,GT-0003,3.642439030090811,16.014326314940615,0.7317422248250809,11.618285980628052,False,False,source_map,GT-0003,False,False
measurement,15.03,HEDEF_4,RADAR_B,RADAR_B-T1514,GT-0003,0.9600602440976231,22.42005684091686,0.0014265950386087793,16.265600372879273,False,False,source_map,GT-0003,False,False
measurement,15.03,HEDEF_5,RADAR_B,RADAR_B-T6829,GT-0004,0.7656471606837127,22.42005684091686,0.006788742736872615,16.265600372879273,False,False,source_map,GT-0004,False,False
measurement,15.48,HEDEF_2,RADAR_A,RADAR_A-T1246,GT-0005,2.6467459093281196,16.014326314940615,0.019885243095820692,11.618285980628052,False,False,source_map,GT-0005,False,False
measurement,15.48,HEDEF_5,RADAR_A,RADAR_A-T8270,GT-0004,20.905269306380113,16.014326314940615,0.05877614592699877,11.618285980628052,True,False,create,GT-0007,True,False
measurement,16.06,HEDEF_1,RADAR_A,RADAR_A-T2271,GT-0001,13.169768606353447,16.014326314940615,0.021240766774370156,11.618285980628052,False,False,source_map,GT-0001,False,False
measurement,16.22,HEDEF_4,RADAR_C,RADAR_C-T4731,,,,,,False,False,create,GT-0008,True,False
measurement,16.22,HEDEF_5,RADAR_C,RADAR_C-T9199,,,,,,False,False,hungarian,GT-0004,False,False
track_deleted,16.24,HEDEF_4,,,,,,,,,,,GT-0008,,
measurement,16.24,STATIC_CLUTTER_terrain,RADAR_A,RADAR_A-SC49344,,,,,,False,False,create,GT-0009,True,False
track_deleted,16.79,STATIC_CLUTTER_terrain,,,,,,,,,,,GT-0009,,
measurement,16.79,HEDEF_3,RADAR_A,RADAR_A-T7616,,,,,,False,False,hungarian,GT-0002,False,False
measurement,16.86,HEDEF_3,RADAR_B,RADAR_B-T8229,,,,,,False,False,create,GT-0010,True,False
measurement,17.27,HEDEF_2,RADAR_B,RADAR_B-T3173,GT-0005,4.085615576664083,16.014326314940615,8.386108457147568,11.618285980628052,False,False,source_map,GT-0005,False,False
measurement,17.27,HEDEF_5,RADAR_B,RADAR_B-T6829,GT-0004,19.86156056234189,16.014326314940615,0.03302194260055486,11.618285980628052,True,False,create,GT-0011,True,False
measurement,17.43,HEDEF_1,RADAR_C,RADAR_C-T7178,,,,,,False,False,hungarian,GT-0001,False,False
measurement,17.48,HEDEF_4,RADAR_A,RADAR_A-T2049,GT-0003,0.5302622689396737,16.014326314940615,0.9939305131165063,11.618285980628052,False,False,source_map,GT-0003,False,False
measurement,17.48,HEDEF_5,RADAR_A,RADAR_A-T8270,GT-0004,17.224354858079685,16.014326314940615,0.07497079958059319,11.618285980628052,True,False,hungarian,GT-0011,False,False
measurement,18.71,HEDEF_1,RADAR_A,RADAR_A-T2271,GT-0001,10.774261992592733,22.42005684091686,0.6730779262706987,16.265600372879273,False,False,source_map,GT-0001,False,False
measurement,19.73,HEDEF_3,RADAR_A,RADAR_A-T7616,GT-0002,1.9427746026036168,16.014326314940615,0.19434902216383879,11.618285980628052,False,False,source_map,GT-0002,False,False
measurement,19.73,HEDEF_5,RADAR_A,RADAR_A-T8270,GT-0004,15.808020750494954,16.014326314940615,0.03676054435197332,11.618285980628052,False,False,source_map,GT-0004,False,False
measurement,20.1,HEDEF_4,RADAR_B,RADAR_B-T1514,GT-0003,1.9947560755431106,16.014326314940615,0.002348481641216758,11.618285980628052,False,False,source_map,GT-0003,False,False
measurement,20.44,HEDEF_3,RADAR_B,RADAR_B-T8229,GT-0010,3.3126514042392463,16.014326314940615,0.18493185180705213,11.618285980628052,False,False,source_map,GT-0010,False,False
measurement,20.47,HEDEF_4,RADAR_A,RADAR_A-T2049,GT-0003,1.9117296434270898,16.014326314940615,2.9104212217834853,11.618285980628052,False,False,source_map,GT-0003,False,False
measurement,20.67,HEDEF_1,RADAR_B,RADAR_B-T1560,,,,,,False,False,hungarian,GT-0001,False,False
measurement,21.11,HEDEF_1,RADAR_A,RADAR_A-T2271,GT-0001,2.163971012840924,22.42005684091686,3.2230179988190826,16.265600372879273,False,False,source_map,GT-0001,False,False
measurement,21.36,HEDEF_2,RADAR_B,RADAR_B-T3173,GT-0005,2.484307020786039,16.014326314940615,0.1560634857650204,11.618285980628052,False,False,source_map,GT-0005,False,False
measurement,22.54,HEDEF_4,RADAR_A,RADAR_A-T2049,GT-0003,3.4900847826410812,16.014326314940615,0.03982737814587011,11.618285980628052,False,False,source_map,GT-0003,False,False
measurement,22.54,HEDEF_5,RADAR_A,RADAR_A-T8270,GT-0004,0.5742775006903482,16.014326314940615,0.05485297953995264,11.618285980628052,False,False,source_map,GT-0004,False,False
measurement,22.57,HEDEF_1,RADAR_A,RADAR_A-T2271,GT-0001,8.551624896893715,22.42005684091686,0.022100140809388977,16.265600372879273,False,False,source_map,GT-0001,False,False
measurement,23.84,HEDEF_2,RADAR_A,RADAR_A-T1889,,,,,,False,False,hungarian,GT-0005,False,False
measurement,24.49,HEDEF_1,RADAR_A,RADAR_A-T2271,GT-0001,4.670061378437492,22.42005684091686,0.6817575321022316,16.265600372879273,False,False,source_map,GT-0001,False,False
measurement,24.49,HEDEF_5,RADAR_A,RADAR_A-T8270,GT-0004,4.173330631313736,16.014326314940615,0.3758589640719133,11.618285980628052,False,False,source_map,GT-0004,False,False
measurement,24.78,HEDEF_4,RADAR_A,RADAR_A-T2049,GT-0003,2.420339923040122,22.42005684091686,3.0470561563893788,16.265600372879273,False,False,source_map,GT-0003,False,False
measurement,24.94,HEDEF_1,RADAR_B,RADAR_B-T1560,GT-0001,19.48017080502537,16.014326314940615,0.3962814801042307,11.618285980628052,True,False,create,GT-0012,True,False
measurement,24.94,HEDEF_5,RADAR_B,RADAR_B-T6829,GT-0004,8.815891030161438,22.42005684091686,1.6773859483881084,16.265600372879273,False,False,source_map,GT-0004,False,False
measurement,25.75,HEDEF_2,RADAR_C,RADAR_C-T8774,,,,,,False,False,hungarian,GT-0005,False,False
measurement,25.75,HEDEF_5,RADAR_C,RADAR_C-T9199,GT-0004,10.493337092604843,22.42005684091686,0.8727848137249998,16.265600372879273,False,False,source_map,GT-0004,False,False
measurement,26.16,HEDEF_2,RADAR_A,RADAR_A-T1889,GT-0005,2.7819461269163845,16.014326314940615,0.07338832300695017,11.618285980628052,False,False,source_map,GT-0005,False,False
measurement,26.49,HEDEF_3,RADAR_A,RADAR_A-T4531,,,,,,False,False,hungarian,GT-0010,False,False
measurement,26.49,HEDEF_5,RADAR_A,RADAR_A-T8270,GT-0004,31.008187272809817,22.42005684091686,0.5814544877090352,16.265600372879273,True,False,create,GT-0013,True,False
measurement,26.94,HEDEF_4,RADAR_C,RADAR_C-T4731,,,,,,False,False,hungarian,GT-0003,False,False
measurement,26.98,HEDEF_1,RADAR_A,RADAR_A-T2271,GT-0001,14.22848574232389,16.014326314940615,3.126624482552692,11.618285980628052,False,False,source_map,GT-0001,False,False
measurement,27.51,HEDEF_4,RADAR_A,RADAR_A-T2049,GT-0003,2.093288253515276,16.014326314940615,0.2964729764005237,11.618285980628052,False,False,source_map,GT-0003,False,False
measurement,28.46,HEDEF_1,RADAR_B,RADAR_B-T1560,GT-0012,29.219178071172838,16.014326314940615,1.7903134128903955,11.618285980628052,True,False,create,GT-0014,True,False
measurement,28.46,HEDEF_5,RADAR_B,RADAR_B-T6829,GT-0004,7.897812795087403,16.014326314940615,0.6521363833110478,11.618285980628052,False,False,source_map,GT-0004,False,False
measurement,28.67,HEDEF_1,RADAR_C,RADAR_C-T7178,GT-0001,5.957093565047944,22.42005684091686,0.12648129845823594,16.265600372879273,False,False,source_map,GT-0001,False,False
measurement,28.67,HEDEF_5,RADAR_C,RADAR_C-T9199,GT-0004,8.336793871032494,22.42005684091686,0.002447079451039889,16.265600372879273,False,False,source_map,GT-0004,False,False
measurement,28.82,HEDEF_2,RADAR_A,RADAR_A-T1889,GT-0005,2.8478265256271884,16.014326314940615,1.0271795547518339,11.618285980628052,False,False,source_map,GT-0005,False,False
measurement,29.35,HEDEF_1,RADAR_A,RADAR_A-T2271,GT-0001,24.813053089153076,22.42005684091686,1.265265956267968,16.265600372879273,True,False,hungarian,GT-0012,False,False
measurement,29.35,HEDEF_5,RADAR_A,RADAR_A-T8270,GT-0004,1.2313910442088938,22.42005684091686,0.019875963651294206,16.265600372879273,False,False,source_map,GT-0004,False,False
measurement,29.7,HEDEF_4,RADAR_A,RADAR_A-T2049,GT-0003,6.286626780058507,16.014326314940615,1.7724005042820035,11.618285980628052,False,False,source_map,GT-0003,False,False
measurement,30.97,HEDEF_2,RADAR_B,RADAR_B-T6972,,,,,,False,False,hungarian,GT-0005,False,False
measurement,30.99,HEDEF_3,RADAR_A,RADAR_A-T6999,,,,,,False,False,hungarian,GT-0010,False,False
measurement,31.65,HEDEF_1,RADAR_A,RADAR_A-T2271,GT-0012,3.3019790274579135,16.014326314940615,0.17475970183064837,11.618285980628052,False,False,source_map,GT-0012,False,False
measurement,31.72,HEDEF_3,RADAR_B,RADAR_B-T3188,,,,,,False,False,hungarian,GT-0002,False,False
measurement,31.72,HEDEF_5,RADAR_B,RADAR_B-T6829,GT-0004,2.8322795036578103,16.014326314940615,0.18692995819469002,11.618285980628052,False,False,source_map,GT-0004,False,False
measurement,32.1,HEDEF_4,RADAR_A,RADAR_A-T2049,GT-0003,0.6178448971821219,16.014326314940615,0.08463750822121828,11.618285980628052,False,False,source_map,GT-0003,False,False
measurement,32.37,HEDEF_2,RADAR_A,RADAR_A-T6912,,,,,,False,False,hungarian,GT-0005,False,False
measurement,32.42,HEDEF_2,RADAR_C,RADAR_C-T8774,GT-0005,22.347244706076957,16.014326314940615,2.9091489543788676,11.618285980628052,True,False,create,GT-0015,True,False
measurement,33.83,HEDEF_3,RADAR_A,RADAR_A-T6999,GT-0010,1.9707429586762066,16.014326314940615,0.27615594929344245,11.618285980628052,False,False,source_map,GT-0010,False,False
measurement,33.83,HEDEF_5,RADAR_A,RADAR_A-T9815,,,,,,False,False,hungarian,GT-0004,False,False
measurement,33.86,HEDEF_1,RADAR_B,RADAR_B-T1560,GT-0014,13.546526054223436,16.014326314940615,0.7337443797912535,11.618285980628052,False,False,source_map,GT-0014,False,False
measurement,34.47,HEDEF_1,RADAR_A,RADAR_A-T2271,GT-0012,14.498132099307156,16.014326314940615,0.6786022922347923,11.618285980628052,False,False,source_map,GT-0012,False,False
measurement,34.65,HEDEF_1,RADAR_C,RADAR_C-T7178,GT-0001,4.435975011474051,16.014326314940615,0.05877636204559813,11.618285980628052,False,False,source_map,GT-0001,False,False
measurement,34.75,HEDEF_4,RADAR_A,RADAR_A-T2049,GT-0003,1.051546695531951,16.014326314940615,0.782934013643295,11.618285980628052,False,False,source_map,GT-0003,False,False
measurement,35.09,HEDEF_2,RADAR_B,RADAR_B-T6972,GT-0005,17.467045116188128,16.014326314940615,3.5031752270958014,11.618285980628052,True,False,create,GT-0016,True,False
measurement,35.7,HEDEF_2,RADAR_A,RADAR_A-T6912,GT-0005,3.1407520743971684,16.014326314940615,0.24873381830559077,11.618285980628052,False,False,source_map,GT-0005,False,False
measurement,36.32,HEDEF_4,RADAR_B,RADAR_B-T1197,,,,,,False,False,hungarian,GT-0003,False,False
measurement,36.49,HEDEF_3,RADAR_A,RADAR_A-T6999,GT-0010,6.175102178993145,16.014326314940615,0.08557299581307803,11.618285980628052,False,False,source_map,GT-0010,False,False
measurement,36.49,HEDEF_5,RADAR_A,RADAR_A-T9815,GT-0004,4.752989225162866,16.014326314940615,0.01678891524328702,11.618285980628052,False,False,source_map,GT-0004,False,False
measurement,37.4,HEDEF_1,RADAR_A,RADAR_A-T2271,GT-0012,3.373606626994486,16.014326314940615,0.5371026813345222,11.618285980628052,False,False,source_map,GT-0012,False,False
measurement,37.48,HEDEF_4,RADAR_A,RADAR_A-T2049,GT-0003,1.3374803202406718,22.42005684091686,1.9139370345361773,16.265600372879273,False,False,source_map,GT-0003,False,False
measurement,38.63,HEDEF_2,RADAR_A,RADAR_A-T6912,GT-0005,0.7095814496234555,16.014326314940615,0.3696054797984497,11.618285980628052,False,False,source_map,GT-0005,False,False
measurement,38.64,HEDEF_1,RADAR_B,RADAR_B-T1560,GT-0012,4.733060765943877,16.014326314940615,0.4196728987604803,11.618285980628052,False,False,source_map,GT-0012,False,False
measurement,38.64,HEDEF_5,RADAR_B,RADAR_B-T6829,GT-0004,2.8563144105313043,16.014326314940615,1.2752352684264865,11.618285980628052,False,False,source_map,GT-0004,False,False
measurement,38.82,HEDEF_3,RADAR_A,RADAR_A-T6999,GT-0010,0.9459222426845898,22.42005684091686,0.2039599528287656,16.265600372879273,False,False,source_map,GT-0010,False,False
measurement,38.82,HEDEF_5,RADAR_A,RADAR_A-T9815,GT-0004,21.89522846885473,22.42005684091686,1.0885747245165358,16.265600372879273,False,False,source_map,GT-0004,False,False
measurement,39.74,HEDEF_1,RADAR_A,RADAR_A-T2271,GT-0012,0.7581272225543683,22.42005684091686,0.36833363081781884,16.265600372879273,False,False,source_map,GT-0012,False,False
measurement,40.21,HEDEF_4,RADAR_A,RADAR_A-T2049,GT-0003,19.195875014255346,16.014326314940615,0.2236263261831593,11.618285980628052,True,False,create,GT-0017,True,False
measurement,40.33,HEDEF_3,RADAR_A,RADAR_A-T6999,GT-0010,0.3806738816499372,22.42005684091686,2.203934525266512,16.265600372879273,False,False,source_map,GT-0010,False,False
measurement,40.85,HEDEF_2,RADAR_C,RADAR_C-T8774,GT-0005,24.84156441277962,16.014326314940615,2.187688165523767,11.618285980628052,True,False,create,GT-0018,True,False
measurement,40.85,HEDEF_5,RADAR_C,RADAR_C-T9199,GT-0004,2.652397271325815,22.42005684091686,0.3462229550809055,16.265600372879273,False,False,source_map,GT-0004,False,False
measurement,41.89,HEDEF_2,RADAR_B,RADAR_B-T6972,GT-0005,24.164636543812744,16.014326314940615,0.13547425253927267,11.618285980628052,True,False,create,GT-0019,True,False
measurement,42.06,HEDEF_1,RADAR_A,RADAR_A-T2271,GT-0012,2.952401940378419,16.014326314940615,0.5327044486512165,11.618285980628052,False,False,source_map,GT-0012,False,False
measurement,42.06,HEDEF_5,RADAR_A,RADAR_A-T9815,GT-0004,20.358089895074713,22.42005684091686,0.21264666226517348,16.265600372879273,False,False,source_map,GT-0004,False,False
measurement,42.07,HEDEF_1,RADAR_B,RADAR_B-T1560,GT-0012,135.60178128654036,22.42005684091686,1.9329954508149598,16.265600372879273,True,False,create,GT-0020,True,False
measurement,42.47,HEDEF_4,RADAR_B,RADAR_B-T1197,GT-0003,21.497946727339478,16.014326314940615,4.63231969726449,11.618285980628052,True,False,hungarian,GT-0017,False,False
measurement,42.47,HEDEF_5,RADAR_B,RADAR_B-T6829,GT-0004,2.0034461819024507,22.42005684091686,0.247032285653719,16.265600372879273,False,False,source_map,GT-0004,False,False
measurement,42.84,HEDEF_4,RADAR_A,RADAR_A-T2049,GT-0017,8.0727251300184,22.42005684091686,1.5277612143851083,16.265600372879273,False,False,source_map,GT-0017,False,False
measurement,43.5,HEDEF_2,RADAR_A,RADAR_A-T6688,,,,,,False,False,hungarian,GT-0005,False,False
measurement,44.75,HEDEF_1,RADAR_A,RADAR_A-T2271,GT-0012,1.913006297473569,16.014326314940615,0.2893302922504556,11.618285980628052,False,False,source_map,GT-0012,False,False
measurement,44.93,HEDEF_4,RADAR_A,RADAR_A-T2049,GT-0017,6.175326004998686,16.014326314940615,0.3638944316300333,11.618285980628052,False,False,source_map,GT-0017,False,False
measurement,46.13,HEDEF_2,RADAR_A,RADAR_A-T6688,GT-0005,1.377434651884882,16.014326314940615,0.5389310574629058,11.618285980628052,False,False,source_map,GT-0005,False,False
measurement,46.73,HEDEF_1,RADAR_A,RADAR_A-T2271,GT-0012,5.0016901194789565,16.014326314940615,1.1487315520919013,11.618285980628052,False,False,source_map,GT-0012,False,False
measurement,46.73,HEDEF_5,RADAR_A,RADAR_A-T2816,,,,,,False,False,hungarian,GT-0004,False,False
measurement,47.3,HEDEF_3,RADAR_A,RADAR_A-T2044,,,,,,False,False,hungarian,GT-0010,False,False
measurement,47.73,HEDEF_1,RADAR_B,RADAR_B-T1560,GT-0020,30.157464942602594,16.014326314940615,0.9908314989643723,11.618285980628052,True,False,hungarian,GT-0012,False,False
measurement,47.73,HEDEF_5,RADAR_B,RADAR_B-T6829,GT-0004,68.95399855010035,16.014326314940615,1.0632670788977279,11.618285980628052,True,False,create,GT-0021,True,False
measurement,48.14,HEDEF_1,RADAR_C,RADAR_C-T7178,GT-0001,6.94228173380993,16.014326314940615,0.9998198611601044,11.618285980628052,False,False,source_map,GT-0001,False,False
measurement,48.14,HEDEF_5,RADAR_C,RADAR_C-T9199,GT-0004,0.3888233037522857,16.014326314940615,0.026634432522649448,11.618285980628052,False,False,source_map,GT-0004,False,False
track_deleted,49.55,HEDEF_1,,,,,,,,,,,GT-0020,,
measurement,49.55,HEDEF_3,RADAR_A,RADAR_A-T2044,GT-0010,2.169123846877634,16.014326314940615,3.9995016514143784,11.618285980628052,False,False,source_map,GT-0010,False,False
measurement,49.55,HEDEF_5,RADAR_A,RADAR_A-T2816,GT-0004,11.595824811167196,16.014326314940615,1.011192914038466,11.618285980628052,False,False,source_map,GT-0004,False,False
measurement,49.62,HEDEF_1,RADAR_A,RADAR_A-T2271,GT-0012,1.4578658522583412,22.42005684091686,0.017717372775155147,16.265600372879273,False,False,source_map,GT-0012,False,False
measurement,50.14,HEDEF_4,RADAR_A,RADAR_A-T2864,,,,,,False,False,hungarian,GT-0017,False,False
measurement,51.21,HEDEF_3,RADAR_C,RADAR_C-T1872,,,,,,False,False,hungarian,GT-0010,False,False
measurement,51.54,HEDEF_1,RADAR_A,RADAR_A-T2271,GT-0012,2.9312324680323854,22.42005684091686,0.875619418462019,16.265600372879273,False,False,source_map,GT-0012,False,False
measurement,51.54,HEDEF_5,RADAR_A,RADAR_A-T2816,GT-0004,2.0147139706552326,22.42005684091686,0.09506756068808253,16.265600372879273,False,False,source_map,GT-0004,False,False
track_deleted,52.37,HEDEF_2,,,,,,,,,,,GT-0019,,
measurement,52.37,HEDEF_2,RADAR_C,RADAR_C-T8774,GT-0005,7.046792857729203,16.014326314940615,0.18516477032894693,11.618285980628052,False,False,source_map,GT-0005,False,False
measurement,52.53,HEDEF_4,RADAR_A,RADAR_A-T2864,GT-0017,12.33182938564335,16.014326314940615,0.24223067168395399,11.618285980628052,False,False,source_map,GT-0017,False,False
measurement,53.94,HEDEF_1,RADAR_A,RADAR_A-T2271,GT-0012,3.785434961367054,22.42005684091686,0.14044694628258564,16.265600372879273,False,False,source_map,GT-0012,False,False
measurement,53.94,HEDEF_5,RADAR_A,RADAR_A-T2816,GT-0004,0.3951584212319994,22.42005684091686,0.10659209675395312,16.265600372879273,False,False,source_map,GT-0004,False,False
measurement,54.17,HEDEF_2,RADAR_A,RADAR_A-T8096,,,,,,False,False,hungarian,GT-0005,False,False
measurement,54.29,GHOST_TRACK,RADAR_A,RADAR_A-GH37115,,,,,,False,False,create,GT-0022,True,False
measurement,54.46,HEDEF_4,RADAR_B,RADAR_B-T7421,,,,,,False,False,hungarian,GT-0017,False,False
measurement,55.77,HEDEF_3,RADAR_A,RADAR_A-T3760,,,,,,False,False,hungarian,GT-0010,False,False
measurement,55.77,HEDEF_5,RADAR_A,RADAR_A-T2816,GT-0004,4.71177333909554,22.42005684091686,0.5612587437355263,16.265600372879273,False,False,source_map,GT-0004,False,False
measurement,56.14,GHOST_TRACK,RADAR_A,RADAR_A-GH37115,GT-0022,0.9131308947701184,16.014326314940615,0.09230525286428878,11.618285980628052,False,False,source_map,GT-0022,False,False
measurement,56.3,HEDEF_1,RADAR_A,RADAR_A-T2271,GT-0012,0.2871830317791308,16.014326314940615,0.7572877303556407,11.618285980628052,False,False,source_map,GT-0012,False,False
measurement,56.74,HEDEF_2,RADAR_A,RADAR_A-T8096,GT-0005,1.8992284143814364,16.014326314940615,0.03858896139577133,11.618285980628052,False,False,source_map,GT-0005,False,False
track_deleted,56.96,HEDEF_4,,,,,,,,,,,GT-0003,,
measurement,56.96,GHOST_TRACK,RADAR_B,RADAR_B-GH78456,,,,,,False,False,hungarian,GT-0022,False,False
measurement,56.96,HEDEF_5,RADAR_B,RADAR_B-T6829,GT-0004,1.0961821840948276,22.42005684091686,0.02150494783315854,16.265600372879273,False,False,source_map,GT-0004,False,False
measurement,57.66,HEDEF_2,RADAR_B,RADAR_B-T9773,,,,,,False,False,hungarian,GT-0005,False,False
measurement,58.22,HEDEF_4,RADAR_A,RADAR_A-T5201,,,,,,False,False,hungarian,GT-0017,False,False
measurement,58.41,HEDEF_1,RADAR_C,RADAR_C-T7178,GT-0001,6.881985596282335,16.014326314940615,0.32659143091656617,11.618285980628052,False,False,source_map,GT-0001,False,False
measurement,58.54,HEDEF_1,RADAR_A,RADAR_A-T2271,GT-0012,4.679271655126579,16.014326314940615,8.589581861294455,11.618285980628052,False,False,source_map,GT-0012,False,False
measurement,58.56,HEDEF_3,RADAR_A,RADAR_A-T3760,GT-0010,10.586737120007987,16.014326314940615,0.24493586942496792,11.618285980628052,False,False,source_map,GT-0010,False,False
measurement,58.69,GHOST_TRACK,RADAR_A,RADAR_A-GH37115,GT-0022,54.97378903046006,16.014326314940615,0.09479611851784871,11.618285980628052,True,False,create,GT-0023,True,False
measurement,58.83,HEDEF_1,RADAR_B,RADAR_B-T9159,,,,,,False,False,hungarian,GT-0012,False,False
measurement,59.4,HEDEF_4,RADAR_B,RADAR_B-T7421,GT-0017,30.345706754092877,16.014326314940615,0.4943725020324421,11.618285980628052,True,False,create,GT-0024,True,False
measurement,59.51,HEDEF_3,RADAR_C,RADAR_C-T1872,GT-0010,0.8996528731180309,22.42005684091686,1.9288624740884563,16.265600372879273,False,False,source_map,GT-0010,False,False
measurement,59.51,HEDEF_5,RADAR_C,RADAR_C-T9199,GT-0004,8.617947254056078,16.014326314940615,0.5490521570337363,11.618285980628052,False,False,source_map,GT-0004,False,False
measurement,60.64,HEDEF_3,RADAR_A,RADAR_A-T3760,GT-0010,0.5697118011406186,16.014326314940615,0.44026931452137497,11.618285980628052,False,False,source_map,GT-0010,False,False
measurement,60.77,HEDEF_4,RADAR_A,RADAR_A-T5201,GT-0017,2.2221438259906563,16.014326314940615,0.2899082548394029,11.618285980628052,False,False,source_map,GT-0017,False,False
measurement,61.21,HEDEF_1,RADAR_A,RADAR_A-T2271,GT-0012,13.253693598350445,16.014326314940615,1.6165358821275055,11.618285980628052,False,False,source_map,GT-0012,False,False
measurement,61.22,GHOST_TRACK,RADAR_A,RADAR_A-GH37115,GT-0023,1.2910383396817118,16.014326314940615,1.9965434657141945,11.618285980628052,False,False,source_map,GT-0023,False,False
measurement,61.64,HEDEF_2,RADAR_A,RADAR_A-T8883,,,,,,False,False,hungarian,GT-0005,False,False
measurement,61.64,HEDEF_5,RADAR_A,RADAR_A-T2679,,,,,,False,False,hungarian,GT-0004,False,False
measurement,62.51,GHOST_TRACK,RADAR_C,RADAR_C-GH87747,,,,,,False,False,hungarian,GT-0022,False,False
measurement,62.51,HEDEF_2,RADAR_B,RADAR_B-T9773,GT-0005,34.114030276994534,16.014326314940615,0.8915171368227709,11.618285980628052,True,False,create,GT-0025,True,False
measurement,62.51,HEDEF_5,RADAR_B,RADAR_B-T6829,GT-0004,9.68814272009931,16.014326314940615,7.7302406136531845,11.618285980628052,False,False,source_map,GT-0004,False,False
measurement,62.75,GHOST_TRACK,RADAR_B,RADAR_B-GH78456,GT-0022,18.655233953774193,22.42005684091686,2.720753068513757,16.265600372879273,False,False,source_map,GT-0022,False,False
measurement,62.84,HEDEF_4,RADAR_A,RADAR_A-T5201,GT-0017,8.140932378926195,16.014326314940615,8.744093248614607e-05,11.618285980628052,False,False,source_map,GT-0017,False,False
measurement,63.0,GHOST_TRACK,RADAR_A,RADAR_A-GH37115,GT-0023,29.70712302184742,16.014326314940615,1.8118253688692643,11.618285980628052,True,False,hungarian,GT-0022,False,False
measurement,63.24,HEDEF_3,RADAR_A,RADAR_A-T3760,GT-0010,3.9886861631140675,16.014326314940615,0.23874492786333013,11.618285980628052,False,False,source_map,GT-0010,False,False
measurement,63.24,HEDEF_5,RADAR_A,RADAR_A-T2679,GT-0004,10.402710558241383,22.42005684091686,0.05064752624659386,16.265600372879273,False,False,source_map,GT-0004,False,False
measurement,63.61,HEDEF_1,RADAR_A,RADAR_A-T2271,GT-0012,7.0877900256519375,16.014326314940615,5.787958137839277,11.618285980628052,False,False,source_map,GT-0012,False,False
measurement,64.52,HEDEF_3,RADAR_B,RADAR_B-T9006,,,,,,False,False,hungarian,GT-0010,False,False
measurement,64.52,HEDEF_5,RADAR_B,RADAR_B-T6829,GT-0004,7.885622966862517,22.42005684091686,5.130638632080272,16.265600372879273,False,False,source_map,GT-0004,False,False
measurement,65.12,HEDEF_3,RADAR_A,RADAR_A-T3760,GT-0010,2.3010426340376693,22.42005684091686,0.32166262537067,16.265600372879273,False,False,source_map,GT-0010,False,False
measurement,65.25,GHOST_TRACK,RADAR_A,RADAR_A-GH37115,GT-0022,14.197347267922387,16.014326314940615,4.189314106285288,11.618285980628052,False,False,source_map,GT-0022,False,False
measurement,66.65,HEDEF_1,RADAR_A,RADAR_A-T2271,GT-0012,1.2564629348086387,16.014326314940615,0.12565486945427348,11.618285980628052,False,False,source_map,GT-0012,False,False
measurement,66.65,HEDEF_5,RADAR_A,RADAR_A-T2679,GT-0004,0.24659033523104987,22.42005684091686,0.007103949229789467,16.265600372879273,False,False,source_map,GT-0004,False,False
measurement,66.89,HEDEF_2,RADAR_A,RADAR_A-T5501,,,,,,False,False,hungarian,GT-0005,False,False
measurement,67.4,GHOST_TRACK,RADAR_B,RADAR_B-GH78456,GT-0022,16.338471014357545,16.014326314940615,1.6052843025961727,11.618285980628052,True,False,hungarian,GT-0023,False,False
measurement,67.51,HEDEF_3,RADAR_A,RADAR_A-T3760,GT-0010,4.023344764068115,16.014326314940615,0.07278022565153383,11.618285980628052,False,False,source_map,GT-0010,False,False
measurement,67.87,GHOST_TRACK,RADAR_A,RADAR_A-GH37115,GT-0022,6.917942748450205,16.014326314940615,0.6222437357728704,11.618285980628052,False,False,source_map,GT-0022,False,False
measurement,68.04,HEDEF_4,RADAR_A,RADAR_A-T5960,,,,,,False,False,hungarian,GT-0017,False,False
measurement,68.04,HEDEF_5,RADAR_A,RADAR_A-T2679,GT-0004,16.63507090176415,16.014326314940615,2.7141494103900246,11.618285980628052,True,False,create,GT-0026,True,False
measurement,68.56,HEDEF_2,RADAR_B,RADAR_B-T9773,GT-0005,0.7208159469788942,16.014326314940615,0.05756147944175008,11.618285980628052,False,False,source_map,GT-0005,False,False
measurement,68.86,HEDEF_1,RADAR_A,RADAR_A-T2271,GT-0012,4.080418906873232,16.014326314940615,0.9813470585634642,11.618285980628052,False,False,source_map,GT-0012,False,False
measurement,68.88,HEDEF_4,RADAR_B,RADAR_B-T8673,,,,,,False,False,hungarian,GT-0017,False,False
measurement,69.33,HEDEF_4,RADAR_C,RADAR_C-T2834,,,,,,False,False,hungarian,GT-0017,False,False
measurement,69.34,HEDEF_2,RADAR_A,RADAR_A-T5501,GT-0005,1.4958761315924454,16.014326314940615,10.563630227633256,11.618285980628052,False,False,source_map,GT-0005,False,False
measurement,69.64,GHOST_TRACK,RADAR_C,RADAR_C-GH87747,GT-0022,3.3387749437935383,16.014326314940615,0.2519605071183766,11.618285980628052,False,False,source_map,GT-0022,False,False
measurement,69.64,HEDEF_5,RADAR_C,RADAR_C-T9199,GT-0004,5.643903430604088,16.014326314940615,0.35384285074208127,11.618285980628052,False,False,source_map,GT-0004,False,False
measurement,69.97,HEDEF_1,RADAR_B,RADAR_B-T8704,,,,,,False,False,hungarian,GT-0001,False,False
measurement,69.97,HEDEF_5,RADAR_B,RADAR_B-T6829,GT-0004,30.524347670612645,16.014326314940615,2.990854609027182,11.618285980628052,True,False,create,GT-0027,True,False
measurement,70.62,GHOST_TRACK,RADAR_A,RADAR_A-GH37115,GT-0022,3.1062664465939096,16.014326314940615,5.916414449759439,11.618285980628052,False,False,source_map,GT-0022,False,False
measurement,71.27,HEDEF_2,RADAR_A,RADAR_A-T5501,GT-0005,3.011667654776752,16.014326314940615,2.630766187465116,11.618285980628052,False,False,source_map,GT-0005,False,False
measurement,71.27,HEDEF_5,RADAR_A,RADAR_A-T2679,GT-0004,21.24784515535816,16.014326314940615,0.2674080853450229,11.618285980628052,True,False,create,GT-0028,True,False
measurement,73.11,GHOST_TRACK,RADAR_A,RADAR_A-GH37115,GT-0022,2.4845257867734474,16.014326314940615,0.055931663467849876,11.618285980628052,False,False,source_map,GT-0022,False,False
measurement,73.59,HEDEF_2,RADAR_A,RADAR_A-T5501,GT-0005,11.226713741909407,22.42005684091686,0.09159673847416615,16.265600372879273,False,False,source_map,GT-0005,False,False
measurement,73.59,HEDEF_5,RADAR_A,RADAR_A-T2679,GT-0004,12.48764653790249,16.014326314940615,1.6603526186558097,11.618285980628052,False,False,source_map,GT-0004,False,False
measurement,74.15,GHOST_TRACK,RADAR_B,RADAR_B-GH78456,GT-0023,2.33833614851175,16.014326314940615,0.29649060610841765,11.618285980628052,False,False,source_map,GT-0023,False,False
measurement,74.39,HEDEF_1,RADAR_A,RADAR_A-T4334,,,,,,False,False,hungarian,GT-0012,False,False
measurement,74.55,HEDEF_4,RADAR_B,RADAR_B-T8673,GT-0017,1.2834823516606613,16.014326314940615,0.1366177066808714,11.618285980628052,False,False,source_map,GT-0017,False,False
measurement,74.72,HEDEF_4,RADAR_A,RADAR_A-T9664,,,,,,False,False,hungarian,GT-0017,False,False
measurement,75.16,GHOST_TRACK,RADAR_A,RADAR_A-GH37115,GT-0022,1.3105025446636842,16.014326314940615,1.5719681455716619,11.618285980628052,False,False,source_map,GT-0022,False,False
measurement,75.24,HEDEF_1,RADAR_B,RADAR_B-T8704,GT-0001,8.046649777419663,16.014326314940615,0.040640367834801856,11.618285980628052,False,False,source_map,GT-0001,False,False
measurement,75.24,HEDEF_5,RADAR_B,RADAR_B-T6829,GT-0004,2.3325413778744726,16.014326314940615,5.404082233991364,11.618285980628052,False,False,source_map,GT-0004,False,False
measurement,75.84,HEDEF_3,RADAR_A,RADAR_A-T9996,,,,,,False,False,hungarian,GT-0010,False,False
measurement,76.23,HEDEF_2,RADAR_A,RADAR_A-T5501,GT-0005,1.8597374368291288,16.014326314940615,0.04546216388354838,11.618285980628052,False,False,source_map,GT-0005,False,False
measurement,76.24,HEDEF_2,RADAR_C,RADAR_C-T2137,,,,,,False,False,create,GT-0029,True,False
measurement,76.24,HEDEF_5,RADAR_C,RADAR_C-T9199,GT-0004,1.2310728913898736,16.014326314940615,0.3221859375273164,11.618285980628052,False,False,source_map,GT-0004,False,False
measurement,76.36,HEDEF_3,RADAR_C,RADAR_C-T1225,,,,,,False,False,hungarian,GT-0010,False,False
measurement,76.52,HEDEF_1,RADAR_C,RADAR_C-T6182,,,,,,False,False,hungarian,GT-0001,False,False
measurement,76.55,HEDEF_1,RADAR_A,RADAR_A-T4334,GT-0012,2.366227570745047,16.014326314940615,0.45493364079757787,11.618285980628052,False,False,source_map,GT-0012,False,False
measurement,77.55,HEDEF_4,RADAR_A,RADAR_A-T9664,GT-0017,22.877673436854465,16.014326314940615,0.6504342701907652,11.618285980628052,True,False,create,GT-0030,True,False
measurement,77.92,GHOST_TRACK,RADAR_A,RADAR_A-GH37115,GT-0022,19.613753760922737,16.014326314940615,0.04380361633260644,11.618285980628052,True,False,hungarian,GT-0023,False,False
measurement,78.15,HEDEF_2,RADAR_A,RADAR_A-T5501,GT-0005,2.579882959391723,16.014326314940615,0.2265118099283976,11.618285980628052,False,False,source_map,GT-0005,False,False
measurement,78.54,HEDEF_3,RADAR_A,RADAR_A-T9996,GT-0010,0.7975331404566766,16.014326314940615,1.4848360928259698,11.618285980628052,False,False,source_map,GT-0010,False,False
measurement,78.65,HEDEF_1,RADAR_A,RADAR_A-T4334,GT-0012,3.313557228218328,16.014326314940615,0.03230209504642279,11.618285980628052,False,False,source_map,GT-0012,False,False
measurement,79.11,GHOST_TRACK,RADAR_B,RADAR_B-GH78456,GT-0023,10.072457517644956,16.014326314940615,0.15768360500950962,11.618285980628052,False,False,source_map,GT-0023,False,False
measurement,79.34,HEDEF_4,RADAR_B,RADAR_B-T8673,GT-0017,6.3895279265882845,16.014326314940615,3.696560223966604,11.618285980628052,False,False,source_map,GT-0017,False,False
measurement,79.86,GHOST_TRACK,RADAR_C,RADAR_C-GH87747,GT-0022,0.8437599269886716,16.014326314940615,0.06287590600110339,11.618285980628052,False,False,source_map,GT-0022,False,False
measurement,80.12,HEDEF_4,RADAR_A,RADAR_A-T9664,GT-0030,3.254045275650343,16.014326314940615,0.07357076640303394,11.618285980628052,False,False,source_map,GT-0030,False,False
measurement,80.12,HEDEF_5,RADAR_A,RADAR_A-T6293,,,,,,False,False,hungarian,GT-0004,False,False
measurement,80.71,HEDEF_1,RADAR_A,RADAR_A-T4334,GT-0012,1.3198673964372492,16.014326314940615,0.30073164212260656,11.618285980628052,False,False,source_map,GT-0012,False,False
measurement,80.83,HEDEF_2,RADAR_A,RADAR_A-T5501,GT-0005,0.8284415419937969,16.014326314940615,0.8824299696104262,11.618285980628052,False,False,source_map,GT-0005,False,False
measurement,81.03,GHOST_TRACK,RADAR_A,RADAR_A-GH37115,GT-0023,34.20540499078047,16.014326314940615,3.06674235595418,11.618285980628052,True,False,hungarian,GT-0022,False,False
measurement,81.7,HEDEF_3,RADAR_A,RADAR_A-T9996,GT-0010,7.976057408847162,16.014326314940615,0.012090763547897282,11.618285980628052,False,False,source_map,GT-0010,False,False
measurement,81.7,HEDEF_5,RADAR_A,RADAR_A-T6293,GT-0004,14.781117962306613,16.014326314940615,1.4197700499784083,11.618285980628052,False,False,source_map,GT-0004,False,False
measurement,81.91,HEDEF_1,RADAR_B,RADAR_B-T8704,GT-0012,2.321249836805425,22.42005684091686,1.472341968175144,16.265600372879273,False,False,source_map,GT-0012,False,False
measurement,81.91,HEDEF_5,RADAR_B,RADAR_B-T6829,GT-0004,5.15635407958274,22.42005684091686,5.6137827542175485,16.265600372879273,False,False,source_map,GT-0004,False,False
measurement,83.0,GHOST_TRACK,RADAR_A,RADAR_A-GH37115,GT-0022,8.616783190644764,16.014326314940615,2.629123198806166,11.618285980628052,False,False,source_map,GT-0022,False,False
measurement,83.46,HEDEF_1,RADAR_A,RADAR_A-T4334,GT-0012,0.5912458200770442,16.014326314940615,0.033748885924399896,11.618285980628052,False,False,source_map,GT-0012,False,False
measurement,84.16,GHOST_TRACK,RADAR_B,RADAR_B-GH78456,GT-0023,6.721108603683943,16.014326314940615,1.751972549290187,11.618285980628052,False,False,source_map,GT-0023,False,False
measurement,84.39,HEDEF_4,RADAR_A,RADAR_A-T5464,,,,,,False,False,hungarian,GT-0017,False,False
measurement,84.42,GHOST_TRACK,RADAR_A,RADAR_A-GH37115,GT-0022,9.836896500394507,16.014326314940615,0.0731600118822085,11.618285980628052,False,False,source_map,GT-0022,False,False
measurement,84.42,HEDEF_5,RADAR_A,RADAR_A-T6293,GT-0004,2.577653431852341,16.014326314940615,0.09284925216954087,11.618285980628052,False,False,source_map,GT-0004,False,False
measurement,84.8,HEDEF_3,RADAR_A,RADAR_A-T9996,GT-0010,2.6412541951836483,16.014326314940615,0.9891977810331066,11.618285980628052,False,False,source_map,GT-0010,False,False
measurement,84.81,HEDEF_3,RADAR_B,RADAR_B-T6016,,,,,,False,False,create,GT-0031,True,False
measurement,85.06,HEDEF_1,RADAR_B,RADAR_B-T8704,GT-0012,3.8701901487808197,16.014326314940615,0.5303983808399124,11.618285980628052,False,False,source_map,GT-0012,False,False
measurement,85.66,HEDEF_4,RADAR_B,RADAR_B-T8673,GT-0017,2.5284817383590226,16.014326314940615,9.933456810812483,11.618285980628052,False,False,source_map,GT-0017,False,False
measurement,85.66,HEDEF_5,RADAR_B,RADAR_B-T6829,GT-0004,2.1223970180474607,16.014326314940615,4.846421101607206,11.618285980628052,False,False,source_map,GT-0004,False,False
measurement,85.67,HEDEF_1,RADAR_A,RADAR_A-T4334,GT-0012,2.397874186802518,16.014326314940615,0.3259915391468294,11.618285980628052,False,False,source_map,GT-0012,False,False
measurement,86.9,GHOST_TRACK,RADAR_A,RADAR_A-GH37115,GT-0022,10.95567212803624,16.014326314940615,3.9507207030976055,11.618285980628052,False,False,source_map,GT-0022,False,False
measurement,87.11,HEDEF_3,RADAR_A,RADAR_A-T9996,GT-0010,1.3703681629600237,16.014326314940615,0.018020780480092237,11.618285980628052,False,False,source_map,GT-0010,False,False
measurement,87.58,HEDEF_1,RADAR_C,RADAR_C-T6182,GT-0012,5.940105242383985,16.014326314940615,0.07598691933793361,11.618285980628052,False,False,source_map,GT-0012,False,False
measurement,88.18,GHOST_TRACK,RADAR_C,RADAR_C-GH87747,GT-0022,16.83309668650518,22.42005684091686,0.006486269350477834,16.265600372879273,False,False,source_map,GT-0022,False,False
measurement,88.33,HEDEF_1,RADAR_A,RADAR_A-T4334,GT-0012,2.247435804748995,16.014326314940615,4.759049167708685,11.618285980628052,False,False,source_map,GT-0012,False,False
measurement,88.34,GHOST_TRACK,RADAR_B,RADAR_B-GH78456,GT-0023,14.91727149187528,16.014326314940615,2.08071672425542,11.618285980628052,False,False,source_map,GT-0023,False,False
measurement,88.48,HEDEF_2,RADAR_A,RADAR_A-T1451,,,,,,False,False,hungarian,GT-0005,False,False
measurement,88.98,GHOST_TRACK,RADAR_A,RADAR_A-GH37115,GT-0022,5.513532125589598,16.014326314940615,0.8791168887736065,11.618285980628052,False,False,source_map,GT-0022,False,False
measurement,89.1,HEDEF_3,RADAR_B,RADAR_B-T6016,GT-0031,7.043904776745621,16.014326314940615,1.0426450853281564,11.618285980628052,False,False,source_map,GT-0031,False,False
measurement,89.28,HEDEF_3,RADAR_A,RADAR_A-T9996,GT-0010,0.22147343521437257,16.014326314940615,0.29504615030193476,11.618285980628052,False,False,source_map,GT-0010,False,False
measurement,89.28,HEDEF_5,RADAR_A,RADAR_A-T6645,,,,,,False,False,hungarian,GT-0004,False,False
measurement,89.84,HEDEF_4,RADAR_C,RADAR_C-T5678,,,,,,False,False,hungarian,GT-0030,False,False
measurement,89.84,HEDEF_5,RADAR_C,RADAR_C-T7087,,,,,,False,False,hungarian,GT-0004,False,False
measurement,90.36,HEDEF_4,RADAR_B,RADAR_B-T8673,GT-0017,5.890767523745875,16.014326314940615,0.09546624807892029,11.618285980628052,False,False,source_map,GT-0017,False,False
measurement,90.36,HEDEF_5,RADAR_B,RADAR_B-T6829,GT-0004,6.730270429209157,22.42005684091686,1.3847971665431984,16.265600372879273,False,False,source_map,GT-0004,False,False
measurement,90.41,HEDEF_1,RADAR_B,RADAR_B-T8704,GT-0012,15.538852116970773,16.014326314940615,0.10544442152607586,11.618285980628052,False,False,source_map,GT-0012,False,False
measurement,91.02,HEDEF_1,RADAR_A,RADAR_A-T4334,GT-0012,4.593760542638204,22.42005684091686,0.06137459363341479,16.265600372879273,False,False,source_map,GT-0012,False,False
measurement,91.02,HEDEF_5,RADAR_A,RADAR_A-T6645,GT-0004,11.186105994110164,22.42005684091686,1.3959667394433075,16.265600372879273,False,False,source_map,GT-0004,False,False
measurement,93.33,HEDEF_2,RADAR_A,RADAR_A-T4875,,,,,,False,False,hungarian,GT-0005,False,False
measurement,93.59,HEDEF_4,RADAR_A,RADAR_A-T5688,,,,,,False,False,hungarian,GT-0017,False,False
measurement,93.63,HEDEF_1,RADAR_A,RADAR_A-T4334,GT-0012,0.29287369735351754,16.014326314940615,0.15421845507612897,11.618285980628052,False,False,source_map,GT-0012,False,False
measurement,94.45,HEDEF_3,RADAR_A,RADAR_A-T5727,,,,,,False,False,hungarian,GT-0031,False,False
measurement,94.67,HEDEF_3,RADAR_B,RADAR_B-T6016,GT-0031,10.476878947767126,16.014326314940615,0.01232333178421957,11.618285980628052,False,False,source_map,GT-0031,False,False
measurement,94.67,HEDEF_5,RADAR_B,RADAR_B-T6829,GT-0004,0.7984832830877167,22.42005684091686,0.1375930954036954,16.265600372879273,False,False,source_map,GT-0004,False,False
measurement,96.61,HEDEF_1,RADAR_A,RADAR_A-T4334,GT-0012,0.48392081801626097,16.014326314940615,0.6838559871828157,11.618285980628052,False,False,source_map,GT-0012,False,False
measurement,96.61,HEDEF_5,RADAR_A,RADAR_A-T5000,,,,,,False,False,hungarian,GT-0004,False,False
measurement,98.59,HEDEF_2,RADAR_A,RADAR_A-T7926,,,,,,False,False,hungarian,GT-0005,False,False
measurement,98.59,HEDEF_5,RADAR_A,RADAR_A-T5000,GT-0004,5.088965054201242,22.42005684091686,0.4474894262551387,16.265600372879273,False,False,source_map,GT-0004,False,False
measurement,100.03,HEDEF_2,RADAR_B,RADAR_B-T7557,,,,,,False,False,hungarian,GT-0005,False,False
measurement,100.03,HEDEF_5,RADAR_B,RADAR_B-T6829,GT-0004,3.0286997898736683,22.42005684091686,0.31291939641219185,16.265600372879273,False,False,source_map,GT-0004,False,False
measurement,100.91,HEDEF_1,RADAR_A,RADAR_A-T5390,,,,,,False,False,hungarian,GT-0012,False,False
measurement,100.91,HEDEF_5,RADAR_A,RADAR_A-T5000,GT-0004,13.235925767836271,22.42005684091686,0.6735926849627967,16.265600372879273,False,False,source_map,GT-0004,False,False
measurement,101.5,HEDEF_2,RADAR_A,RADAR_A-T7926,GT-0005,1.938623069741032,16.014326314940615,0.5960541039557978,11.618285980628052,False,False,source_map,GT-0005,False,False
measurement,101.53,HEDEF_4,RADAR_A,RADAR_A-T2934,,,,,,False,False,hungarian,GT-0017,False,False
measurement,102.2,HEDEF_1,RADAR_B,RADAR_B-T4550,,,,,,False,False,hungarian,GT-0012,False,False
measurement,103.41,HEDEF_1,RADAR_A,RADAR_A-T5390,GT-0012,4.929296808605373,22.42005684091686,0.9606284462848432,16.265600372879273,False,False,source_map,GT-0012,False,False
measurement,103.41,HEDEF_5,RADAR_A,RADAR_A-T5000,GT-0004,3.7855656963384066,22.42005684091686,2.3410312037073777,16.265600372879273,False,False,source_map,GT-0004,False,False
measurement,103.72,HEDEF_4,RADAR_C,RADAR_C-T2429,,,,,,False,False,hungarian,GT-0030,False,False
measurement,103.72,HEDEF_5,RADAR_C,RADAR_C-T7087,GT-0004,35.71977288294841,22.42005684091686,1.674020411793965,16.265600372879273,True,False,create,GT-0032,True,False
measurement,103.94,HEDEF_4,RADAR_A,RADAR_A-T2934,GT-0017,2.0265414065878855,16.014326314940615,6.2416440086142,11.618285980628052,False,False,source_map,GT-0017,False,False
measurement,104.53,HEDEF_3,RADAR_A,RADAR_A-T3360,,,,,,False,False,hungarian,GT-0010,False,False
measurement,104.53,HEDEF_5,RADAR_A,RADAR_A-T5000,GT-0004,5.815698066927167,22.42005684091686,0.2576243008078809,16.265600372879273,False,False,source_map,GT-0004,False,False
measurement,104.9,HEDEF_4,RADAR_B,RADAR_B-T9722,,,,,,False,False,hungarian,GT-0017,False,False
measurement,105.17,HEDEF_2,RADAR_B,RADAR_B-T7557,GT-0005,3.7666241838499097,16.014326314940615,0.19759383014559928,11.618285980628052,False,False,source_map,GT-0005,False,False
measurement,105.76,HEDEF_3,RADAR_B,RADAR_B-T8544,,,,,,False,False,hungarian,GT-0031,False,False
track_deleted,106.85,GHOST_TRACK,,,,,,,,,,,GT-0023,,
measurement,106.85,HEDEF_4,RADAR_A,RADAR_A-T2934,GT-0017,13.206505376608208,16.014326314940615,0.4916298951062504,11.618285980628052,False,False,source_map,GT-0017,False,False
measurement,106.95,HEDEF_1,RADAR_B,RADAR_B-T4550,GT-0012,10.590940678607868,16.014326314940615,0.17460124471401475,11.618285980628052,False,False,source_map,GT-0012,False,False
measurement,106.95,HEDEF_5,RADAR_B,RADAR_B-T2658,,,,,,False,False,hungarian,GT-0004,False,False
track_deleted,109.53,GHOST_TRACK,,,,,,,,,,,GT-0022,,
measurement,109.53,HEDEF_1,RADAR_C,RADAR_C-T1049,,,,,,False,False,hungarian,GT-0012,False,False
measurement,109.88,HEDEF_4,RADAR_A,RADAR_A-T2934,GT-0017,0.36939393558190586,22.42005684091686,0.22114823551189333,16.265600372879273,False,False,source_map,GT-0017,False,False
measurement,109.88,HEDEF_5,RADAR_A,RADAR_A-T5000,GT-0004,0.7839721905322915,22.42005684091686,0.30525551834799486,16.265600372879273,False,False,source_map,GT-0004,False,False
measurement,110.24,HEDEF_1,RADAR_A,RADAR_A-T1319,,,,,,False,False,hungarian,GT-0012,False,False
track_deleted,111.6,HEDEF_5,,,,,,,,,,,GT-0032,,
measurement,111.6,HEDEF_4,RADAR_A,RADAR_A-T2934,GT-0017,1.097389544926428,16.014326314940615,0.008363517791801221,11.618285980628052,False,False,source_map,GT-0017,False,False
measurement,111.6,HEDEF_5,RADAR_A,RADAR_A-T5000,GT-0004,10.597285280761493,16.014326314940615,0.08958339354124122,11.618285980628052,False,False,source_map,GT-0004,False,False
measurement,112.44,HEDEF_1,RADAR_B,RADAR_B-T4550,GT-0012,34.07379102129977,16.014326314940615,3.9494526185073076,11.618285980628052,True,False,create,GT-0033,True,False
measurement,112.44,HEDEF_5,RADAR_B,RADAR_B-T2658,GT-0004,5.0436619070276105,22.42005684091686,0.1680282565049444,16.265600372879273,False,False,source_map,GT-0004,False,False
measurement,112.68,HEDEF_1,RADAR_A,RADAR_A-T1319,GT-0012,0.3550868143030848,16.014326314940615,0.14534994973185855,11.618285980628052,False,False,source_map,GT-0012,False,False
measurement,114.46,HEDEF_4,RADAR_A,RADAR_A-T2934,GT-0017,2.574054633084436,16.014326314940615,1.1174859179870293,11.618285980628052,False,False,source_map,GT-0017,False,False
measurement,114.46,HEDEF_5,RADAR_A,RADAR_A-T5000,GT-0004,4.232763395301768,16.014326314940615,0.4188909591306273,11.618285980628052,False,False,source_map,GT-0004,False,False
measurement,114.56,HEDEF_4,RADAR_B,RADAR_B-T4014,,,,,,False,False,hungarian,GT-0017,False,False
measurement,114.56,HEDEF_5,RADAR_B,RADAR_B-T2658,GT-0004,58.51973022063912,22.42005684091686,1.2816531479510682,16.265600372879273,True,False,create,GT-0034,True,False
measurement,114.83,HEDEF_1,RADAR_C,RADAR_C-T1049,GT-0012,26.092118327330514,16.014326314940615,0.06448066419201394,11.618285980628052,True,False,create,GT-0035,True,False
measurement,114.83,HEDEF_5,RADAR_C,RADAR_C-T7087,,,,,,False,False,create,GT-0036,True,False
track_deleted,114.96,HEDEF_1,,,,,,,,,,,GT-0035,,
measurement,114.96,HEDEF_1,RADAR_A,RADAR_A-T1319,GT-0012,1.5848848063455345,16.014326314940615,0.142853892002618,11.618285980628052,False,False,source_map,GT-0012,False,False
measurement,115.18,HEDEF_2,RADAR_A,RADAR_A-T2019,,,,,,False,False,hungarian,GT-0005,False,False
measurement,117.12,HEDEF_1,RADAR_A,RADAR_A-T1319,GT-0012,4.74960603937929,16.014326314940615,1.003572503243856,11.618285980628052,False,False,source_map,GT-0012,False,False
measurement,117.12,HEDEF_5,RADAR_A,RADAR_A-T5000,GT-0004,0.9266375137931183,22.42005684091686,0.923911742132207,16.265600372879273,False,False,source_map,GT-0004,False,False
measurement,117.23,HEDEF_4,RADAR_A,RADAR_A-T2934,GT-0017,1.7204121710510374,22.42005684091686,0.13470799158033853,16.265600372879273,False,False,source_map,GT-0017,False,False
measurement,117.28,HEDEF_3,RADAR_A,RADAR_A-T9092,,,,,,False,False,hungarian,GT-0031,False,False
measurement,117.34,HEDEF_1,RADAR_B,RADAR_B-T4550,GT-0012,12.196165722662206,22.42005684091686,0.4111527034027614,16.265600372879273,False,False,source_map,GT-0012,False,False
measurement,118.05,HEDEF_2,RADAR_A,RADAR_A-T2019,GT-0005,12.521134391079846,16.014326314940615,3.5669164800755113,11.618285980628052,False,False,source_map,GT-0005,False,False
measurement,118.11,HEDEF_3,RADAR_B,RADAR_B-T2215,,,,,,False,False,hungarian,GT-0010,False,False
measurement,119.16,HEDEF_4,RADAR_A,RADAR_A-T2934,GT-0017,1.3965788832429824,16.014326314940615,0.14439663867171623,11.618285980628052,False,False,source_map,GT-0017,False,False
measurement,119.16,HEDEF_5,RADAR_A,RADAR_A-T5000,GT-0004,1.6065484480517795,22.42005684091686,0.1441196801038841,16.265600372879273,False,False,source_map,GT-0004,False,False
track_deleted,119.61,HEDEF_4,,,,,,,,,,,GT-0030,,
measurement,119.61,HEDEF_3,RADAR_A,RADAR_A-T9092,GT-0031,8.093276027961513,16.014326314940615,0.7954884918513706,11.618285980628052,False,False,source_map,GT-0031,False,False
measurement,120.42,HEDEF_2,RADAR_A,RADAR_A-T2019,GT-0005,3.2191130292662287,22.42005684091686,0.22290193967971772,16.265600372879273,False,False,source_map,GT-0005,False,False
measurement,121.46,HEDEF_2,RADAR_C,RADAR_C-T8140,,,,,,False,False,hungarian,GT-0005,False,False
measurement,121.46,HEDEF_5,RADAR_C,RADAR_C-T7087,GT-0004,3.6761120827484834,22.42005684091686,3.2890620815146425,16.265600372879273,False,False,source_map,GT-0004,False,False
measurement,121.74,HEDEF_3,RADAR_A,RADAR_A-T9092,GT-0031,2.7733449541102964,22.42005684091686,0.22560206320508153,16.265600372879273,False,False,source_map,GT-0031,False,False
measurement,121.74,HEDEF_5,RADAR_A,RADAR_A-T5000,GT-0004,11.004117947037123,22.42005684091686,0.001511277523262967,16.265600372879273,False,False,source_map,GT-0004,False,False
measurement,121.75,HEDEF_4,RADAR_A,RADAR_A-T2934,GT-0017,11.571581501992567,16.014326314940615,1.7898980199578423,11.618285980628052,False,False,source_map,GT-0017,False,False
measurement,121.82,HEDEF_1,RADAR_A,RADAR_A-T9833,,,,,,False,False,hungarian,GT-0012,False,False
measurement,122.18,HEDEF_1,RADAR_C,RADAR_C-T1049,,,,,,False,False,hungarian,GT-0012,False,False
measurement,123.25,HEDEF_1,RADAR_B,RADAR_B-T4550,GT-0012,0.6270803022585876,16.014326314940615,7.428372271434737,11.618285980628052,False,False,source_map,GT-0012,False,False
measurement,123.25,HEDEF_5,RADAR_B,RADAR_B-T2658,GT-0004,3.8316977013061444,22.42005684091686,0.47902712279054294,16.265600372879273,False,False,source_map,GT-0004,False,False
measurement,123.62,HEDEF_1,RADAR_A,RADAR_A-T9833,GT-0012,18.166850868377264,16.014326314940615,1.7767856135012856,11.618285980628052,True,False,create,GT-0037,True,False
measurement,124.11,HEDEF_3,RADAR_B,RADAR_B-T2215,GT-0010,2.3333782756406416,16.014326314940615,0.06322196093953474,11.618285980628052,False,False,source_map,GT-0010,False,False
measurement,124.14,HEDEF_4,RADAR_A,RADAR_A-T2934,GT-0017,1.1864752888529537,16.014326314940615,0.09225721442240298,11.618285980628052,False,False,source_map,GT-0017,False,False
measurement,124.14,HEDEF_5,RADAR_A,RADAR_A-T5000,GT-0004,24.733819672933166,16.014326314940615,5.044614121280735,11.618285980628052,True,False,create,GT-0038,True,False
measurement,125.33,HEDEF_4,RADAR_B,RADAR_B-T4913,,,,,,False,False,hungarian,GT-0017,False,False
measurement,125.67,HEDEF_4,RADAR_A,RADAR_A-T2934,GT-0017,2.90006722459834,16.014326314940615,4.396602177339595,11.618285980628052,False,False,source_map,GT-0017,False,False
measurement,125.74,HEDEF_1,RADAR_A,RADAR_A-T9833,GT-0012,0.3664584588747136,16.014326314940615,2.224109297239972,11.618285980628052,False,False,source_map,GT-0012,False,False
measurement,126.81,HEDEF_2,RADAR_B,RADAR_B-T4568,,,,,,False,False,hungarian,GT-0005,False,False
measurement,127.4,HEDEF_3,RADAR_A,RADAR_A-T3927,,,,,,False,False,hungarian,GT-0031,False,False
measurement,127.4,HEDEF_5,RADAR_A,RADAR_A-T5000,GT-0004,9.757623275283748,16.014326314940615,0.8076883251425673,11.618285980628052,False,False,source_map,GT-0004,False,False
measurement,127.89,HEDEF_1,RADAR_A,RADAR_A-T9833,GT-0012,7.997389882907671,16.014326314940615,7.126237559192769,11.618285980628052,False,False,source_map,GT-0012,False,False
measurement,127.89,HEDEF_5,RADAR_A,RADAR_A-T5000,GT-0004,3.5196596561617386,22.42005684091686,0.9763501696100793,16.265600372879273,False,False,source_map,GT-0004,False,False
measurement,128.26,HEDEF_3,RADAR_C,RADAR_C-T9107,,,,,,False,False,hungarian,GT-0010,False,False
measurement,129.5,HEDEF_4,RADAR_B,RADAR_B-T4913,GT-0017,2.6468955154313987,16.014326314940615,0.8843808017248438,11.618285980628052,False,False,source_map,GT-0017,False,False
measurement,129.59,HEDEF_1,RADAR_B,RADAR_B-T4550,GT-0012,5.777385509395221,22.42005684091686,0.11515825623013992,16.265600372879273,False,False,source_map,GT-0012,False,False
measurement,130.47,HEDEF_4,RADAR_A,RADAR_A-T3065,,,,,,False,False,hungarian,GT-0017,False,False
measurement,131.03,HEDEF_1,RADAR_A,RADAR_A-T9833,GT-0012,0.6089464258207884,22.42005684091686,0.20997253642161473,16.265600372879273,False,False,source_map,GT-0012,False,False
measurement,131.03,HEDEF_1,RADAR_C,RADAR_C-T1049,,,,,,False,False,create,GT-0039,True,False
measurement,131.03,HEDEF_5,RADAR_A,RADAR_A-T5000,GT-0004,0.24908147624188326,22.42005684091686,0.19223907661492673,16.265600372879273,False,False,source_map,GT-0004,False,False
measurement,132.56,HEDEF_2,RADAR_B,RADAR_B-T4568,GT-0005,1.5602153495148243,16.014326314940615,0.5219408490415418,11.618285980628052,False,False,source_map,GT-0005,False,False
measurement,132.67,HEDEF_4,RADAR_A,RADAR_A-T3065,GT-0017,3.7330571675809576,16.014326314940615,0.07198393348410348,11.618285980628052,False,False,source_map,GT-0017,False,False
measurement,133.32,HEDEF_3,RADAR_C,RADAR_C-T9107,GT-0010,10.026168990975362,16.014326314940615,0.0616326486922263,11.618285980628052,False,False,source_map,GT-0010,False,False
measurement,133.32,HEDEF_5,RADAR_C,RADAR_C-T7087,GT-0004,3.2047669674322847,16.014326314940615,0.24394017054183967,11.618285980628052,False,False,source_map,GT-0004,False,False
measurement,133.66,HEDEF_2,RADAR_A,RADAR_A-T2112,,,,,,False,False,hungarian,GT-0005,False,False
measurement,133.68,HEDEF_3,RADAR_A,RADAR_A-T7637,,,,,,False,False,hungarian,GT-0031,False,False
measurement,133.87,HEDEF_1,RADAR_A,RADAR_A-T9833,GT-0012,1.636893864754114,16.014326314940615,0.4420610339733999,11.618285980628052,False,False,source_map,GT-0012,False,False
measurement,133.87,HEDEF_5,RADAR_A,RADAR_A-T5000,GT-0004,9.028299850837751,16.014326314940615,0.02741227245884791,11.618285980628052,False,False,source_map,GT-0004,False,False
measurement,134.05,HEDEF_4,RADAR_B,RADAR_B-T4913,GT-0017,5.444827795244815,16.014326314940615,0.054678555900462236,11.618285980628052,False,False,source_map,GT-0017,False,False
measurement,135.79,HEDEF_2,RADAR_A,RADAR_A-T2112,GT-0005,8.373169830002993,22.42005684091686,0.048112009562184775,16.265600372879273,False,False,source_map,GT-0005,False,False
measurement,135.79,HEDEF_5,RADAR_A,RADAR_A-T5000,GT-0004,1.7059358575237453,22.42005684091686,6.327456560907017,16.265600372879273,False,False,source_map,GT-0004,False,False
measurement,136.53,HEDEF_3,RADAR_A,RADAR_A-T7637,GT-0031,7.3229392306416,16.014326314940615,0.4993469031465071,11.618285980628052,False,False,source_map,GT-0031,False,False
measurement,136.84,HEDEF_1,RADAR_A,RADAR_A-T9833,GT-0012,0.5641942906121299,16.014326314940615,0.1616112952757012,11.618285980628052,False,False,source_map,GT-0012,False,False
measurement,137.05,HEDEF_2,RADAR_B,RADAR_B-T4568,GT-0005,2.336948862594284,22.42005684091686,1.974315013731543,16.265600372879273,False,False,source_map,GT-0005,False,False
measurement,138.34,HEDEF_4,RADAR_A,RADAR_A-T7468,,,,,,False,False,hungarian,GT-0017,False,False
measurement,138.37,HEDEF_1,RADAR_A,RADAR_A-T9833,GT-0012,16.873586290418082,16.014326314940615,2.921011181933159,11.618285980628052,True,False,hungarian,GT-0039,False,False
measurement,138.42,HEDEF_2,RADAR_A,RADAR_A-T2112,GT-0005,10.905255578710943,16.014326314940615,2.552230662999199,11.618285980628052,False,False,source_map,GT-0005,False,False
measurement,138.42,HEDEF_5,RADAR_A,RADAR_A-T5000,GT-0004,1.1682793850005169,22.42005684091686,2.3597024943885074,16.265600372879273,False,False,source_map,GT-0004,False,False
measurement,138.95,HEDEF_4,RADAR_B,RADAR_B-T4913,GT-0017,11.578221887454484,16.014326314940615,1.1998710310531677,11.618285980628052,False,False,source_map,GT-0017,False,False
measurement,138.95,HEDEF_3,RADAR_A,RADAR_A-T7637,GT-0031,2.325442683846849,22.42005684091686,0.29739934091427167,16.265600372879273,False,False,source_map,GT-0031,False,False
measurement,140.32,HEDEF_1,RADAR_B,RADAR_B-T5141,,,,,,False,False,create,GT-0040,True,False
measurement,140.69,HEDEF_2,RADAR_A,RADAR_A-T2112,GT-0005,1.0078362870234245,22.42005684091686,0.1242686551246183,16.265600372879273,False,False,source_map,GT-0005,False,False
measurement,140.69,HEDEF_5,RADAR_A,RADAR_A-T5000,GT-0004,4.238495301792778,22.42005684091686,1.2350451703911505,16.265600372879273,False,False,source_map,GT-0004,False,False
measurement,140.71,HEDEF_1,RADAR_A,RADAR_A-T9833,GT-0012,10.462743951219462,16.014326314940615,0.9796895195098957,11.618285980628052,False,False,source_map,GT-0012,False,False
measurement,141.25,HEDEF_2,RADAR_B,RADAR_B-T4568,GT-0005,2.559349353760183,16.014326314940615,0.015355838236409701,11.618285980628052,False,False,source_map,GT-0005,False,False
measurement,141.25,HEDEF_5,RADAR_B,RADAR_B-T6159,,,,,,False,False,hungarian,GT-0004,False,False
measurement,141.37,HEDEF_4,RADAR_A,RADAR_A-T7468,GT-0017,1.6152817535914925,16.014326314940615,1.5207638001836168,11.618285980628052,False,False,source_map,GT-0017,False,False
measurement,141.39,HEDEF_3,RADAR_A,RADAR_A-T7637,GT-0031,0.7620511395186725,22.42005684091686,0.03981454331366214,16.265600372879273,False,False,source_map,GT-0031,False,False
measurement,141.39,HEDEF_5,RADAR_A,RADAR_A-T5000,GT-0004,56.07001763696301,22.42005684091686,0.6543363035850066,16.265600372879273,True,False,create,GT-0041,True,False
measurement,142.13,HEDEF_1,RADAR_C,RADAR_C-T1049,GT-0012,4.661538441133118,22.42005684091686,0.1274166696638545,16.265600372879273,False,False,source_map,GT-0012,False,False
measurement,142.74,HEDEF_3,RADAR_C,RADAR_C-T9107,GT-0031,1.434339750643486,16.014326314940615,0.6601039973843682,11.618285980628052,False,False,source_map,GT-0031,False,False
measurement,142.99,HEDEF_2,RADAR_A,RADAR_A-T2112,GT-0005,3.3678503671712985,16.014326314940615,0.5415960522866117,11.618285980628052,False,False,source_map,GT-0005,False,False
measurement,143.14,HEDEF_1,RADAR_A,RADAR_A-T9833,GT-0012,4.740684867006376,22.42005684091686,2.8094085503906663,16.265600372879273,False,False,source_map,GT-0012,False,False
measurement,143.8,HEDEF_3,RADAR_A,RADAR_A-T7637,GT-0031,3.99314759557505,16.014326314940615,6.778973723953695,11.618285980628052,False,False,source_map,GT-0031,False,False
measurement,144.14,HEDEF_4,RADAR_A,RADAR_A-T7468,GT-0017,4.662226767465879,16.014326314940615,3.177929860395907,11.618285980628052,False,False,source_map,GT-0017,False,False
measurement,144.14,HEDEF_5,RADAR_A,RADAR_A-T5000,GT-0004,2.1018144661431766,16.014326314940615,0.31117009232912163,11.618285980628052,False,False,source_map,GT-0004,False,False
measurement,144.72,HEDEF_1,RADAR_B,RADAR_B-T5141,GT-0012,8.42144362597717,16.014326314940615,0.29127784731462564,11.618285980628052,False,False,source_map,GT-0012,False,False
measurement,144.76,HEDEF_2,RADAR_C,RADAR_C-T2900,,,,,,False,False,hungarian,GT-0005,False,False
measurement,144.76,HEDEF_5,RADAR_C,RADAR_C-T7087,GT-0004,27.08042332712213,22.42005684091686,0.3477149776446124,16.265600372879273,True,False,create,GT-0042,True,False
measurement,145.26,HEDEF_1,RADAR_A,RADAR_A-T9833,GT-0012,9.74323127112455,22.42005684091686,0.06212028823980406,16.265600372879273,False,False,source_map,GT-0012,False,False
measurement,145.6,HEDEF_2,RADAR_B,RADAR_B-T4568,GT-0005,4.45403741266247,16.014326314940615,0.28468107952065413,11.618285980628052,False,False,source_map,GT-0005,False,False
measurement,145.83,HEDEF_3,RADAR_A,RADAR_A-T7637,GT-0031,18.586282146867486,22.42005684091686,0.6565614406711678,16.265600372879273,False,False,source_map,GT-0031,False,False
measurement,146.05,STATIC_CLUTTER_terrain,RADAR_B,RADAR_B-SC37349,,,,,,False,False,create,GT-0043,True,False
track_deleted,146.47,STATIC_CLUTTER_terrain,,,,,,,,,,,GT-0043,,
measurement,146.47,HEDEF_4,RADAR_A,RADAR_A-T7468,GT-0017,2.914088085657446,16.014326314940615,6.981355541473403,11.618285980628052,False,False,source_map,GT-0017,False,False
measurement,146.47,HEDEF_5,RADAR_A,RADAR_A-T5000,GT-0004,2.529619654378037,16.014326314940615,2.8462819720341606,11.618285980628052,False,False,source_map,GT-0004,False,False
measurement,147.77,HEDEF_3,RADAR_A,RADAR_A-T7637,GT-0031,1.3172795786749032,22.42005684091686,0.7298022093600918,16.265600372879273,False,False,source_map,GT-0031,False,False
measurement,148.02,HEDEF_1,RADAR_A,RADAR_A-T9833,GT-0012,2.2760344035334956,22.42005684091686,3.6479762071141515,16.265600372879273,False,False,source_map,GT-0012,False,False
measurement,148.02,HEDEF_5,RADAR_A,RADAR_A-T5000,GT-0004,17.797333939110498,22.42005684091686,2.659597938989962,16.265600372879273,False,False,source_map,GT-0004,False,False
measurement,149.7,HEDEF_1,RADAR_B,RADAR_B-T5141,GT-0012,1.5313976112665642,22.42005684091686,0.5082497245382022,16.265600372879273,False,False,source_map,GT-0012,False,False
measurement,149.7,HEDEF_5,RADAR_B,RADAR_B-T6159,GT-0004,2.4829941919809997,22.42005684091686,0.15384276237184885,16.265600372879273,False,False,source_map,GT-0004,False,False
measurement,149.82,HEDEF_2,RADAR_B,RADAR_B-T4568,GT-0005,5.350328220142078,16.014326314940615,0.06907425725391922,11.618285980628052,False,False,source_map,GT-0005,False,False
measurement,149.87,HEDEF_4,RADAR_B,RADAR_B-T1531,,,,,,False,False,hungarian,GT-0017,False,False
measurement,150.18,HEDEF_2,RADAR_A,RADAR_A-T7148,,,,,,False,False,hungarian,GT-0005,False,False
measurement,150.72,HEDEF_1,RADAR_A,RADAR_A-T9833,GT-0012,10.862654676129555,22.42005684091686,3.645554303953063,16.265600372879273,False,False,source_map,GT-0012,False,False
measurement,151.24,HEDEF_3,RADAR_A,RADAR_A-T7637,GT-0031,1.7249739350263866,16.014326314940615,5.166075919660709,11.618285980628052,False,False,source_map,GT-0031,False,False
measurement,151.24,HEDEF_5,RADAR_A,RADAR_A-T5000,GT-0004,11.360018284409941,22.42005684091686,0.02612917995685103,16.265600372879273,False,False,source_map,GT-0004,False,False
measurement,151.37,HEDEF_3,RADAR_C,RADAR_C-T9107,GT-0031,3.076645609336702,16.014326314940615,3.459719202369387,11.618285980628052,False,False,source_map,GT-0031,False,False
measurement,152.9,HEDEF_3,RADAR_B,RADAR_B-T7790,,,,,,False,False,hungarian,GT-0031,False,False
measurement,152.9,HEDEF_5,RADAR_B,RADAR_B-T6159,GT-0004,2.2861799988733083,22.42005684091686,0.17559368848256846,16.265600372879273,False,False,source_map,GT-0004,False,False
measurement,153.31,HEDEF_2,RADAR_A,RADAR_A-T7148,GT-0005,3.018549303202949,22.42005684091686,6.377613062445286,16.265600372879273,False,False,source_map,GT-0005,False,False
measurement,153.31,HEDEF_5,RADAR_A,RADAR_A-T5000,GT-0004,18.02871856085743,22.42005684091686,1.2872994101689323,16.265600372879273,False,False,source_map,GT-0004,False,False
measurement,155.15,HEDEF_3,RADAR_A,RADAR_A-T3266,,,,,,False,False,hungarian,GT-0031,False,False
measurement,155.24,HEDEF_4,RADAR_A,RADAR_A-T8455,,,,,,False,False,hungarian,GT-0017,False,False
measurement,155.51,HEDEF_2,RADAR_C,RADAR_C-T2900,GT-0005,7.348998992668321,22.42005684091686,1.9902609075587039,16.265600372879273,False,False,source_map,GT-0005,False,False
measurement,155.51,HEDEF_5,RADAR_C,RADAR_C-T7087,GT-0004,5.643948327083582,22.42005684091686,4.348914696399865,16.265600372879273,False,False,source_map,GT-0004,False,False
measurement,155.76,HEDEF_2,RADAR_A,RADAR_A-T7148,GT-0005,0.6898439850805325,22.42005684091686,0.1090011711790022,16.265600372879273,False,False,source_map,GT-0005,False,False
measurement,155.87,HEDEF_4,RADAR_B,RADAR_B-T1531,GT-0017,4.213356016312611,22.42005684091686,5.579999366045222,16.265600372879273,False,False,source_map,GT-0017,False,False
measurement,156.5,HEDEF_1,RADAR_A,RADAR_A-T9567,,,,,,False,False,hungarian,GT-0012,False,False
measurement,156.5,HEDEF_5,RADAR_A,RADAR_A-T5000,GT-0004,16.251417612616887,16.014326314940615,1.6949477438269214,11.618285980628052,True,False,create,GT-0044,True,False
measurement,157.38,HEDEF_3,RADAR_A,RADAR_A-T3266,GT-0031,1.3993153295459855,16.014326314940615,0.10757300846495103,11.618285980628052,False,False,source_map,GT-0031,False,False
measurement,157.44,HEDEF_4,RADAR_A,RADAR_A-T8455,GT-0017,4.327516941223208,22.42005684091686,0.16217999839973843,16.265600372879273,False,False,source_map,GT-0017,False,False
measurement,158.32,HEDEF_2,RADAR_A,RADAR_A-T7148,GT-0005,1.7321835441017266,16.014326314940615,1.3262779672421687,11.618285980628052,False,False,source_map,GT-0005,False,False
measurement,158.32,HEDEF_5,RADAR_A,RADAR_A-T5000,GT-0004,7.624940159947199,16.014326314940615,0.36301095706537556,11.618285980628052,False,False,source_map,GT-0004,False,False
measurement,159.04,HEDEF_1,RADAR_A,RADAR_A-T9567,GT-0012,2.691328567322175,22.42005684091686,0.150653925550332,16.265600372879273,False,False,source_map,GT-0012,False,False
measurement,159.15,HEDEF_3,RADAR_B,RADAR_B-T7790,GT-0031,4.513817760213811,16.014326314940615,9.467172939696919,11.618285980628052,False,False,source_map,GT-0031,False,False
measurement,160.16,HEDEF_1,RADAR_C,RADAR_C-T2293,,,,,,False,False,hungarian,GT-0012,False,False
measurement,160.23,STATIC_CLUTTER_terrain,RADAR_A,RADAR_A-SC49344,,,,,,False,False,create,GT-0045,True,False
track_deleted,160.84,STATIC_CLUTTER_terrain,,,,,,,,,,,GT-0045,,
measurement,160.84,HEDEF_3,RADAR_A,RADAR_A-T1849,,,,,,False,False,hungarian,GT-0031,False,False
measurement,161.0,HEDEF_1,RADAR_B,RADAR_B-T2596,,,,,,False,False,hungarian,GT-0012,False,False
measurement,161.11,HEDEF_4,RADAR_C,RADAR_C-T6317,,,,,,False,False,hungarian,GT-0017,False,False
measurement,161.11,HEDEF_5,RADAR_C,RADAR_C-T7087,GT-0004,1.7650550294133218,16.014326314940615,2.967262578943762,11.618285980628052,False,False,source_map,GT-0004,False,False
measurement,161.64,HEDEF_4,RADAR_B,RADAR_B-T1531,GT-0017,9.68977386761279,16.014326314940615,1.4769214533840602,11.618285980628052,False,False,source_map,GT-0017,False,False
measurement,161.74,HEDEF_4,RADAR_A,RADAR_A-T3747,,,,,,False,False,hungarian,GT-0017,False,False
measurement,161.74,HEDEF_5,RADAR_A,RADAR_A-T5000,GT-0004,7.538771262891038,16.014326314940615,1.5553689360226033,11.618285980628052,False,False,source_map,GT-0004,False,False
measurement,161.85,HEDEF_1,RADAR_A,RADAR_A-T9567,GT-0012,7.483551677961561,16.014326314940615,4.827050831384455,11.618285980628052,False,False,source_map,GT-0012,False,False
measurement,162.62,HEDEF_3,RADAR_A,RADAR_A-T1849,GT-0031,4.359062493895639,22.42005684091686,0.11562724618324946,16.265600372879273,False,False,source_map,GT-0031,False,False
measurement,162.69,HEDEF_2,RADAR_A,RADAR_A-T5372,,,,,,False,False,hungarian,GT-0005,False,False
measurement,163.96,HEDEF_1,RADAR_A,RADAR_A-T9567,GT-0012,4.773963507425575,22.42005684091686,3.778738833199343,16.265600372879273,False,False,source_map,GT-0012,False,False
measurement,163.96,HEDEF_5,RADAR_A,RADAR_A-T5000,GT-0004,0.6012285117124705,16.014326314940615,0.0003246719778361703,11.618285980628052,False,False,source_map,GT-0004,False,False
measurement,165.2,HEDEF_2,RADAR_A,RADAR_A-T5372,GT-0005,2.419140054496373,22.42005684091686,10.094742611186717,16.265600372879273,False,False,source_map,GT-0005,False,False
measurement,165.26,HEDEF_3,RADAR_A,RADAR_A-T1849,GT-0031,1.5466759857306505,22.42005684091686,1.0247435883175204,16.265600372879273,False,False,source_map,GT-0031,False,False
measurement,166.17,HEDEF_1,RADAR_A,RADAR_A-T9567,GT-0012,4.6734983201440015,22.42005684091686,1.920615181530146,16.265600372879273,False,False,source_map,GT-0012,False,False
measurement,166.17,HEDEF_5,RADAR_A,RADAR_A-T5000,GT-0004,9.141266935996722,16.014326314940615,0.10199457671625534,11.618285980628052,False,False,source_map,GT-0004,False,False
measurement,166.61,HEDEF_2,RADAR_B,RADAR_B-T3615,,,,,,False,False,hungarian,GT-0005,False,False
measurement,166.61,HEDEF_5,RADAR_B,RADAR_B-T1801,,,,,,False,False,hungarian,GT-0004,False,False
measurement,167.01,HEDEF_4,RADAR_A,RADAR_A-T3839,,,,,,False,False,hungarian,GT-0017,False,False
measurement,167.15,HEDEF_4,RADAR_B,RADAR_B-T1531,GT-0017,13.350454697243986,22.42005684091686,0.6714876213636728,16.265600372879273,False,False,source_map,GT-0017,False,False
measurement,167.4,HEDEF_2,RADAR_A,RADAR_A-T5372,GT-0005,5.1503562432305285,22.42005684091686,0.00927417125759847,16.265600372879273,False,False,source_map,GT-0005,False,False
measurement,168.9,HEDEF_3,RADAR_B,RADAR_B-T5859,,,,,,False,False,hungarian,GT-0031,False,False
measurement,168.9,HEDEF_5,RADAR_B,RADAR_B-T1801,GT-0004,1.6004738379111407,22.42005684091686,0.03188760540565515,16.265600372879273,False,False,source_map,GT-0004,False,False
measurement,168.99,HEDEF_1,RADAR_A,RADAR_A-T9567,GT-0012,8.052850175621153,22.42005684091686,1.608912789188893,16.265600372879273,False,False,source_map,GT-0012,False,False
measurement,168.99,HEDEF_5,RADAR_A,RADAR_A-T5000,GT-0004,1.7733767195141201,22.42005684091686,1.0117830147479052,16.265600372879273,False,False,source_map,GT-0004,False,False
measurement,169.2,HEDEF_1,RADAR_B,RADAR_B-T9371,,,,,,False,False,hungarian,GT-0012,False,False
measurement,169.2,HEDEF_5,RADAR_B,RADAR_B-T1801,GT-0004,29.31529905366375,22.42005684091686,4.100036006522093,16.265600372879273,True,False,create,GT-0046,True,False
measurement,169.29,HEDEF_4,RADAR_A,RADAR_A-T3839,GT-0017,3.5452386487359497,16.014326314940615,0.12636324717604605,11.618285980628052,False,False,source_map,GT-0017,False,False
measurement,169.71,HEDEF_2,RADAR_A,RADAR_A-T5372,GT-0005,15.699215686840043,22.42005684091686,0.15955279944256187,16.265600372879273,False,False,source_map,GT-0005,False,False
measurement,171.39,HEDEF_1,RADAR_A,RADAR_A-T9567,GT-0012,5.824050240979975,22.42005684091686,0.7322569751533499,16.265600372879273,False,False,source_map,GT-0012,False,False
measurement,171.39,HEDEF_5,RADAR_A,RADAR_A-T5000,GT-0004,3.9720350549981265,22.42005684091686,0.9151242042661887,16.265600372879273,False,False,source_map,GT-0004,False,False
measurement,172.01,HEDEF_2,RADAR_C,RADAR_C-T4796,,,,,,False,False,hungarian,GT-0005,False,False
measurement,172.39,HEDEF_1,RADAR_C,RADAR_C-T2293,GT-0012,15.082058836274099,22.42005684091686,0.032841839210334685,16.265600372879273,False,False,source_map,GT-0012,False,False
measurement,172.39,HEDEF_5,RADAR_C,RADAR_C-T7087,GT-0004,15.528393574338764,22.42005684091686,6.24353539290197,16.265600372879273,False,False,source_map,GT-0004,False,False
measurement,172.5,HEDEF_2,RADAR_A,RADAR_A-T5372,GT-0005,10.536006607844723,16.014326314940615,0.19380109938811488,11.618285980628052,False,False,source_map,GT-0005,False,False
measurement,173.81,HEDEF_1,RADAR_A,RADAR_A-T9567,GT-0012,5.003301447303742,22.42005684091686,2.5467458374714433,16.265600372879273,False,False,source_map,GT-0012,False,False
measurement,174.32,HEDEF_2,RADAR_B,RADAR_B-T5717,,,,,,False,False,hungarian,GT-0005,False,False
measurement,174.35,HEDEF_1,RADAR_B,RADAR_B-T9371,GT-0012,5.503818269118833,22.42005684091686,0.47467401320551245,16.265600372879273,False,False,source_map,GT-0012,False,False
measurement,174.77,HEDEF_2,RADAR_A,RADAR_A-T5372,GT-0005,0.4805330314115173,16.014326314940615,0.1748449987318752,11.618285980628052,False,False,source_map,GT-0005,False,False
measurement,176.15,HEDEF_4,RADAR_A,RADAR_A-T7378,,,,,,False,False,hungarian,GT-0017,False,False
measurement,176.15,HEDEF_5,RADAR_A,RADAR_A-T8101,,,,,,False,False,hungarian,GT-0004,False,False
measurement,176.46,HEDEF_1,RADAR_A,RADAR_A-T9567,GT-0012,8.073400139415664,22.42005684091686,0.2294740172870926,16.265600372879273,False,False,source_map,GT-0012,False,False
measurement,176.53,HEDEF_4,RADAR_B,RADAR_B-T2233,,,,,,False,False,create,GT-0047,True,False
measurement,176.93,HEDEF_2,RADAR_A,RADAR_A-T5372,GT-0005,2.750023980191898,16.014326314940615,0.08175062365116002,11.618285980628052,False,False,source_map,GT-0005,False,False
measurement,178.12,HEDEF_1,RADAR_B,RADAR_B-T9371,GT-0012,0.9862150458954471,22.42005684091686,4.382474734292442,16.265600372879273,False,False,source_map,GT-0012,False,False
measurement,178.64,HEDEF_3,RADAR_A,RADAR_A-T6250,,,,,,False,False,hungarian,GT-0031,False,False
measurement,178.8,HEDEF_4,RADAR_A,RADAR_A-T7378,GT-0017,2.8979431688180823,16.014326314940615,0.16792150121546592,11.618285980628052,False,False,source_map,GT-0017,False,False
measurement,178.8,HEDEF_1,RADAR_A,RADAR_A-T9567,GT-0012,20.122822569511328,22.42005684091686,0.9927952830522058,16.265600372879273,False,False,source_map,GT-0012,False,False
measurement,179.64,HEDEF_2,RADAR_A,RADAR_A-T5372,GT-0005,20.887185327481827,22.42005684091686,0.018100829567318424,16.265600372879273,False,False,source_map,GT-0005,False,False
measurement,179.64,HEDEF_5,RADAR_A,RADAR_A-T8101,GT-0004,2.694251388022266,16.014326314940615,1.215905549027638,11.618285980628052,False,False,source_map,GT-0004,False,False
measurement,180.14,HEDEF_3,RADAR_B,RADAR_B-T7294,,,,,,False,False,create,GT-0048,True,False
measurement,180.86,HEDEF_4,RADAR_B,RADAR_B-T2233,GT-0017,4.580023469597498,22.42005684091686,0.22819311833666112,16.265600372879273,False,False,source_map,GT-0017,False,False
measurement,181.33,HEDEF_1,RADAR_A,RADAR_A-T9567,GT-0012,8.071743231601147,22.42005684091686,0.6374574529245564,16.265600372879273,False,False,source_map,GT-0012,False,False
measurement,181.44,HEDEF_1,RADAR_C,RADAR_C-T2293,GT-0012,8.785823713337951,22.42005684091686,2.5084760708725153,16.265600372879273,False,False,source_map,GT-0012,False,False
measurement,181.44,HEDEF_5,RADAR_C,RADAR_C-T7087,GT-0004,0.23802028780809742,22.42005684091686,2.2780927109740117,16.265600372879273,False,False,source_map,GT-0004,False,False
measurement,181.61,HEDEF_4,RADAR_A,RADAR_A-T7378,GT-0017,3.96969346668356,16.014326314940615,3.2918912152712414,11.618285980628052,False,False,source_map,GT-0017,False,False
measurement,183.1,HEDEF_3,RADAR_A,RADAR_A-T7615,,,,,,False,False,hungarian,GT-0031,False,False
measurement,183.54,HEDEF_1,RADAR_B,RADAR_B-T9371,GT-0012,23.13114800319371,22.42005684091686,3.5512585986484324,16.265600372879273,True,False,create,GT-0049,True,False
measurement,184.29,HEDEF_4,RADAR_A,RADAR_A-T7378,GT-0017,0.777416965513757,22.42005684091686,0.0522998863380362,16.265600372879273,False,False,source_map,GT-0017,False,False
measurement,184.29,HEDEF_1,RADAR_A,RADAR_A-T9567,GT-0012,8.25255133372715,22.42005684091686,3.627720146355712,16.265600372879273,False,False,source_map,GT-0012,False,False
measurement,185.39,HEDEF_4,RADAR_B,RADAR_B-T2233,GT-0017,3.097530765571567,22.42005684091686,0.8028179257346977,16.265600372879273,False,False,source_map,GT-0017,False,False
measurement,185.39,HEDEF_5,RADAR_B,RADAR_B-T1886,,,,,,False,False,hungarian,GT-0004,False,False
measurement,185.88,HEDEF_2,RADAR_A,RADAR_A-T8681,,,,,,False,False,hungarian,GT-0005,False,False
measurement,185.88,HEDEF_5,RADAR_A,RADAR_A-T5806,,,,,,False,False,hungarian,GT-0004,False,False
measurement,186.7,HEDEF_1,RADAR_A,RADAR_A-T9567,GT-0012,2.1348047637930865,22.42005684091686,0.6292111304830146,16.265600372879273,False,False,source_map,GT-0012,False,False
measurement,187.03,HEDEF_1,RADAR_B,RADAR_B-T9371,GT-0012,2.314868199950548,22.42005684091686,4.652974452718394,16.265600372879273,False,False,source_map,GT-0012,False,False
measurement,187.17,HEDEF_3,RADAR_B,RADAR_B-T7294,GT-0031,11.158216175084211,16.014326314940615,0.8089821362788269,11.618285980628052,False,False,source_map,GT-0031,False,False
measurement,187.98,HEDEF_2,RADAR_A,RADAR_A-T8681,GT-0005,6.4919602588756975,16.014326314940615,0.040470127152820064,11.618285980628052,False,False,source_map,GT-0005,False,False
measurement,187.98,HEDEF_5,RADAR_A,RADAR_A-T5806,GT-0004,6.3225727595856,22.42005684091686,0.030925788129199654,16.265600372879273,False,False,source_map,GT-0004,False,False
measurement,188.35,HEDEF_1,RADAR_C,RADAR_C-T2293,GT-0012,3.836403223610694,22.42005684091686,0.658953603559135,16.265600372879273,False,False,source_map,GT-0012,False,False
measurement,188.35,HEDEF_5,RADAR_C,RADAR_C-T7087,GT-0004,8.115400048005935,22.42005684091686,0.6748358335671752,16.265600372879273,False,False,source_map,GT-0004,False,False
measurement,189.2,HEDEF_3,RADAR_A,RADAR_A-T1233,,,,,,False,False,hungarian,GT-0031,False,False
measurement,189.77,HEDEF_1,RADAR_A,RADAR_A-T9567,GT-0012,5.076870014125891,22.42005684091686,1.1091567813852201,16.265600372879273,False,False,source_map,GT-0012,False,False
measurement,190.06,HEDEF_2,RADAR_B,RADAR_B-T6136,,,,,,False,False,hungarian,GT-0005,False,False
measurement,190.06,HEDEF_5,RADAR_B,RADAR_B-T1886,GT-0004,1.7275590958333509,22.42005684091686,0.22105269340599146,16.265600372879273,False,False,source_map,GT-0004,False,False
measurement,191.19,HEDEF_2,RADAR_A,RADAR_A-T8681,GT-0005,1.3741427070649097,16.014326314940615,5.506690160834284,11.618285980628052,False,False,source_map,GT-0005,False,False
measurement,191.19,HEDEF_5,RADAR_A,RADAR_A-T5806,GT-0004,11.235607363163874,16.014326314940615,0.7422144007683292,11.618285980628052,False,False,source_map,GT-0004,False,False
measurement,192.03,HEDEF_1,RADAR_B,RADAR_B-T9371,GT-0012,14.436536604373506,22.42005684091686,0.31731561221027127,16.265600372879273,False,False,source_map,GT-0012,False,False
measurement,192.19,HEDEF_1,RADAR_A,RADAR_A-T9567,GT-0012,45.32982026204602,22.42005684091686,2.8311364417026526,16.265600372879273,True,False,create,GT-0050,True,False
measurement,192.32,HEDEF_4,RADAR_A,RADAR_A-T1465,,,,,,False,False,hungarian,GT-0017,False,False
measurement,192.38,HEDEF_3,RADAR_B,RADAR_B-T7294,GT-0031,4.113396563407,16.014326314940615,4.782655128924007,11.618285980628052,False,False,source_map,GT-0031,False,False
measurement,193.85,HEDEF_2,RADAR_A,RADAR_A-T8681,GT-0005,3.7201968807159966,16.014326314940615,0.3736825865147365,11.618285980628052,False,False,source_map,GT-0005,False,False
measurement,193.85,HEDEF_5,RADAR_A,RADAR_A-T5806,GT-0004,0.41646216796701896,16.014326314940615,0.38777501288420263,11.618285980628052,False,False,source_map,GT-0004,False,False
measurement,194.14,HEDEF_1,RADAR_A,RADAR_A-T9567,GT-0012,14.748257808071243,22.42005684091686,3.1652365935528066,16.265600372879273,False,False,source_map,GT-0012,False,False
measurement,194.78,HEDEF_3,RADAR_A,RADAR_A-T2783,,,,,,False,False,hungarian,GT-0031,False,False
measurement,196.35,HEDEF_2,RADAR_B,RADAR_B-T6136,GT-0005,1.1097893612445953,16.014326314940615,0.5849530862678438,11.618285980628052,False,False,source_map,GT-0005,False,False
measurement,196.35,HEDEF_5,RADAR_B,RADAR_B-T1886,GT-0004,1.0736027133615158,16.014326314940615,1.021092023901491,11.618285980628052,False,False,source_map,GT-0004,False,False
measurement,196.46,HEDEF_1,RADAR_A,RADAR_A-T9567,GT-0012,7.058747163697103,22.42005684091686,0.8571856665990695,16.265600372879273,False,False,source_map,GT-0012,False,False
measurement,196.58,HEDEF_3,RADAR_B,RADAR_B-T7294,GT-0031,6.989743620779608,22.42005684091686,0.7391336266919636,16.265600372879273,False,False,source_map,GT-0031,False,False
measurement,197.63,HEDEF_4,RADAR_A,RADAR_A-T6587,,,,,,False,False,hungarian,GT-0017,False,False
measurement,197.75,HEDEF_1,RADAR_B,RADAR_B-T9371,GT-0012,31.22300660285068,22.42005684091686,3.667536608673061,16.265600372879273,True,False,create,GT-0051,True,False
measurement,197.75,HEDEF_5,RADAR_B,RADAR_B-T1886,GT-0004,12.780572257631095,16.014326314940615,0.2897835810675903,11.618285980628052,False,False,source_map,GT-0004,False,False
measurement,198.24,HEDEF_1,RADAR_A,RADAR_A-T9567,GT-0012,23.5594199977834,22.42005684091686,2.5981495376543027,16.265600372879273,True,False,create,GT-0052,True,False
measurement,200.17,HEDEF_1,RADAR_A,RADAR_A-T9567,GT-0052,3.8306618265420873,16.014326314940615,0.35851527363613633,11.618285980628052,False,False,source_map,GT-0052,False,False
measurement,200.84,HEDEF_2,RADAR_A,RADAR_A-T6128,,,,,,False,False,hungarian,GT-0005,False,False
measurement,200.84,HEDEF_5,RADAR_A,RADAR_A-T6429,,,,,,False,False,hungarian,GT-0004,False,False
measurement,202.32,HEDEF_1,RADAR_A,RADAR_A-T9567,GT-0052,0.7275580584643759,22.42005684091686,0.5757241880194203,16.265600372879273,False,False,source_map,GT-0052,False,False
measurement,202.82,HEDEF_2,RADAR_A,RADAR_A-T6128,GT-0005,1.028805426131283,22.42005684091686,0.7306292997268229,16.265600372879273,False,False,source_map,GT-0005,False,False
measurement,202.83,HEDEF_2,RADAR_C,RADAR_C-T9399,,,,,,False,False,create,GT-0053,True,False
measurement,202.83,HEDEF_5,RADAR_C,RADAR_C-T7087,GT-0004,27.85599693875888,22.42005684091686,0.8582481939512725,16.265600372879273,True,False,create,GT-0054,True,False
measurement,203.08,HEDEF_4,RADAR_A,RADAR_A-T8754,,,,,,False,False,hungarian,GT-0017,False,False
measurement,203.86,HEDEF_4,RADAR_B,RADAR_B-T2210,,,,,,False,False,hungarian,GT-0017,False,False
measurement,204.53,HEDEF_2,RADAR_B,RADAR_B-T2494,,,,,,False,False,hungarian,GT-0005,False,False
measurement,204.71,HEDEF_1,RADAR_A,RADAR_A-T9567,GT-0052,0.9171267976286883,22.42005684091686,0.14221779899062012,16.265600372879273,False,False,source_map,GT-0052,False,False
measurement,204.71,HEDEF_5,RADAR_A,RADAR_A-T6429,GT-0004,1.7311790502280813,16.014326314940615,1.1378541535600228,11.618285980628052,False,False,source_map,GT-0004,False,False
measurement,205.09,HEDEF_1,RADAR_B,RADAR_B-T9371,GT-0012,3.8473589690743,16.014326314940615,0.49213116852343575,11.618285980628052,False,False,source_map,GT-0012,False,False
measurement,205.15,HEDEF_4,RADAR_A,RADAR_A-T8754,GT-0017,0.47639280849724613,16.014326314940615,0.17062897892427537,11.618285980628052,False,False,source_map,GT-0017,False,False
measurement,205.45,HEDEF_2,RADAR_A,RADAR_A-T6128,GT-0005,4.108342706843354,22.42005684091686,0.23467004446026488,16.265600372879273,False,False,source_map,GT-0005,False,False
measurement,206.12,HEDEF_3,RADAR_B,RADAR_B-T8461,,,,,,False,False,hungarian,GT-0031,False,False
measurement,206.12,HEDEF_5,RADAR_B,RADAR_B-T1886,GT-0004,0.8337936290429585,22.42005684091686,0.09656582362886527,16.265600372879273,False,False,source_map,GT-0004,False,False
measurement,206.56,HEDEF_3,RADAR_A,RADAR_A-T1390,,,,,,False,False,hungarian,GT-0031,False,False
measurement,207.17,HEDEF_1,RADAR_A,RADAR_A-T9567,GT-0052,2.2511951146558844,22.42005684091686,0.4806246366089256,16.265600372879273,False,False,source_map,GT-0052,False,False
measurement,207.17,HEDEF_5,RADAR_A,RADAR_A-T6429,GT-0004,15.790088065232952,16.014326314940615,1.4873343608198546,11.618285980628052,False,False,source_map,GT-0004,False,False
measurement,208.4,HEDEF_4,RADAR_B,RADAR_B-T2210,GT-0017,2.8760995103653664,16.014326314940615,0.9693027644680101,11.618285980628052,False,False,source_map,GT-0017,False,False
measurement,208.64,HEDEF_1,RADAR_B,RADAR_B-T9371,GT-0012,48.33385698617092,16.014326314940615,0.41572402984414514,11.618285980628052,True,False,hungarian,GT-0052,False,False
measurement,208.64,HEDEF_5,RADAR_B,RADAR_B-T1886,GT-0004,2.689691119586304,22.42005684091686,3.786287405008092,16.265600372879273,False,False,source_map,GT-0004,False,False
measurement,208.67,HEDEF_2,RADAR_A,RADAR_A-T6128,GT-0005,5.478370544456086,22.42005684091686,0.05655764557028413,16.265600372879273,False,False,source_map,GT-0005,False,False
measurement,209.29,HEDEF_1,RADAR_A,RADAR_A-T9567,GT-0052,9.405804853588556,22.42005684091686,1.8262474394350243,16.265600372879273,False,False,source_map,GT-0052,False,False
measurement,210.31,HEDEF_4,RADAR_A,RADAR_A-T5761,,,,,,False,False,hungarian,GT-0017,False,False
measurement,211.14,HEDEF_2,RADAR_A,RADAR_A-T6128,GT-0005,0.4894545418618746,22.42005684091686,1.5439740536604751,16.265600372879273,False,False,source_map,GT-0005,False,False
measurement,211.17,HEDEF_1,RADAR_A,RADAR_A-T9567,GT-0052,6.404612231306956,22.42005684091686,1.0295846967972921,16.265600372879273,False,False,source_map,GT-0052,False,False
measurement,211.32,HEDEF_3,RADAR_A,RADAR_A-T1552,,,,,,False,False,hungarian,GT-0031,False,False
track_deleted,211.89,HEDEF_5,,,,,,,,,,,GT-0054,,
measurement,211.89,HEDEF_3,RADAR_B,RADAR_B-T8461,GT-0031,0.9442166716343565,22.42005684091686,1.1182425762212893,16.265600372879273,False,False,source_map,GT-0031,False,False
measurement,212.71,HEDEF_4,RADAR_A,RADAR_A-T5761,GT-0017,0.5179948249597687,16.014326314940615,0.04775889994195471,11.618285980628052,False,False,source_map,GT-0017,False,False
measurement,212.99,HEDEF_2,RADAR_A,RADAR_A-T6128,GT-0005,1.9805502933784163,16.014326314940615,1.6318776222018612,11.618285980628052,False,False,source_map,GT-0005,False,False
measurement,213.15,HEDEF_4,RADAR_B,RADAR_B-T2210,GT-0017,20.196326303213056,16.014326314940615,0.2223982719753877,11.618285980628052,True,False,create,GT-0055,True,False
measurement,213.68,HEDEF_1,RADAR_B,RADAR_B-T9371,GT-0052,1.5752589647224151,22.42005684091686,0.21456525758334194,16.265600372879273,False,False,source_map,GT-0052,False,False
measurement,213.74,HEDEF_1,RADAR_A,RADAR_A-T9567,GT-0052,2.0040219281340454,22.42005684091686,1.0011864729277546,16.265600372879273,False,False,source_map,GT-0052,False,False
measurement,213.74,HEDEF_5,RADAR_A,RADAR_A-T5311,,,,,,False,False,hungarian,GT-0004,False,False
measurement,214.18,STATIC_CLUTTER_terrain,RADAR_A,RADAR_A-SC49344,,,,,,False,False,create,GT-0056,True,False
track_deleted,214.21,STATIC_CLUTTER_terrain,,,,,,,,,,,GT-0056,,
measurement,214.21,HEDEF_3,RADAR_A,RADAR_A-T1552,GT-0031,3.179034712607418,16.014326314940615,0.007461759807300532,11.618285980628052,False,False,source_map,GT-0031,False,False
measurement,215.1,HEDEF_2,RADAR_A,RADAR_A-T6128,GT-0005,12.384461447187439,16.014326314940615,0.022986455500946967,11.618285980628052,False,False,source_map,GT-0005,False,False
measurement,215.4,HEDEF_4,RADAR_A,RADAR_A-T5761,GT-0017,0.898074281234877,16.014326314940615,0.07116750143213478,11.618285980628052,False,False,source_map,GT-0017,False,False
measurement,215.81,HEDEF_1,RADAR_A,RADAR_A-T9567,GT-0052,6.614340539802587,22.42005684091686,0.8752868876588548,16.265600372879273,False,False,source_map,GT-0052,False,False
measurement,215.81,HEDEF_5,RADAR_A,RADAR_A-T5311,GT-0004,4.005607439117972,16.014326314940615,0.41508024058890114,11.618285980628052,False,False,source_map,GT-0004,False,False
measurement,216.08,HEDEF_1,RADAR_C,RADAR_C-T7064,,,,,,False,False,hungarian,GT-0012,False,False
measurement,217.18,HEDEF_3,RADAR_A,RADAR_A-T1552,GT-0031,1.8901010532623774,22.42005684091686,0.02333630738065316,16.265600372879273,False,False,source_map,GT-0031,False,False
measurement,217.38,HEDEF_2,RADAR_A,RADAR_A-T6128,GT-0005,1.420338948211831,16.014326314940615,0.26782471103621536,11.618285980628052,False,False,source_map,GT-0005,False,False
measurement,217.68,HEDEF_1,RADAR_B,RADAR_B-T9371,GT-0052,5.203707565563298,22.42005684091686,0.3804969045139838,16.265600372879273,False,False,source_map,GT-0052,False,False
measurement,217.68,HEDEF_5,RADAR_B,RADAR_B-T8353,,,,,,False,False,hungarian,GT-0004,False,False
measurement,217.7,HEDEF_4,RADAR_A,RADAR_A-T5761,GT-0017,2.545548954379939,16.014326314940615,0.03979818070898096,11.618285980628052,False,False,source_map,GT-0017,False,False
measurement,218.05,HEDEF_1,RADAR_A,RADAR_A-T9567,GT-0052,2.379558892200425,16.014326314940615,0.10317445538217482,11.618285980628052,False,False,source_map,GT-0052,False,False
measurement,218.05,HEDEF_5,RADAR_A,RADAR_A-T5311,GT-0004,9.14634648037102,22.42005684091686,0.02229545953845239,16.265600372879273,False,False,source_map,GT-0004,False,False
measurement,219.12,HEDEF_4,RADAR_B,RADAR_B-T2210,GT-0055,4.718134957038193,16.014326314940615,0.1838975946495304,11.618285980628052,False,False,source_map,GT-0055,False,False
measurement,219.16,HEDEF_3,RADAR_A,RADAR_A-T1552,GT-0031,0.3534212971639131,22.42005684091686,4.788550775443859,16.265600372879273,False,False,source_map,GT-0031,False,False
measurement,219.68,HEDEF_4,RADAR_C,RADAR_C-T6137,,,,,,False,False,hungarian,GT-0017,False,False
measurement,220.04,HEDEF_3,RADAR_B,RADAR_B-T6359,,,,,,False,False,create,GT-0057,True,False
measurement,220.26,HEDEF_1,RADAR_A,RADAR_A-T9567,GT-0052,5.784746277965004,16.014326314940615,1.0148478091449598,11.618285980628052,False,False,source_map,GT-0052,False,False
measurement,220.54,HEDEF_4,RADAR_A,RADAR_A-T5761,GT-0017,7.237388413072688,16.014326314940615,0.33692880577087375,11.618285980628052,False,False,source_map,GT-0017,False,False
measurement,220.64,HEDEF_3,RADAR_C,RADAR_C-T9790,,,,,,False,False,create,GT-0058,True,False
measurement,220.85,HEDEF_2,RADAR_A,RADAR_A-T6128,GT-0005,8.430347801428498,16.014326314940615,0.045435312028091555,11.618285980628052,False,False,source_map,GT-0005,False,False
measurement,220.85,HEDEF_5,RADAR_A,RADAR_A-T5311,GT-0004,3.7188718542225505,16.014326314940615,0.6249289872112089,11.618285980628052,False,False,source_map,GT-0004,False,False
measurement,221.52,HEDEF_3,RADAR_A,RADAR_A-T1552,GT-0031,16.364241310597023,22.42005684091686,0.3023597570532771,16.265600372879273,False,False,source_map,GT-0031,False,False
measurement,221.55,HEDEF_2,RADAR_B,RADAR_B-T8296,,,,,,False,False,create,GT-0059,True,False
measurement,222.25,HEDEF_1,RADAR_B,RADAR_B-T9371,GT-0052,21.207565322111403,22.42005684091686,0.49203581539741803,16.265600372879273,False,False,source_map,GT-0052,False,False
measurement,222.27,HEDEF_1,RADAR_A,RADAR_A-T9567,GT-0052,45.15252205013522,22.42005684091686,0.16084384247017014,16.265600372879273,True,False,create,GT-0060,True,False
measurement,222.98,HEDEF_4,RADAR_A,RADAR_A-T5761,GT-0017,3.9800396139050447,16.014326314940615,0.1865377687987269,11.618285980628052,False,False,source_map,GT-0017,False,False
measurement,223.09,HEDEF_1,RADAR_C,RADAR_C-T7064,GT-0012,11.82533716619023,16.014326314940615,0.03833285612170694,11.618285980628052,False,False,source_map,GT-0012,False,False
measurement,223.09,HEDEF_5,RADAR_C,RADAR_C-T7087,,,,,,False,False,hungarian,GT-0004,False,False
measurement,223.16,HEDEF_3,RADAR_A,RADAR_A-T1552,GT-0031,5.797266041868201,16.014326314940615,4.17549414266838,11.618285980628052,False,False,source_map,GT-0031,False,False
measurement,223.16,HEDEF_5,RADAR_A,RADAR_A-T5311,GT-0004,2.755383358549945,16.014326314940615,0.5735811114643706,11.618285980628052,False,False,source_map,GT-0004,False,False
measurement,223.7,HEDEF_4,RADAR_B,RADAR_B-T2210,GT-0017,9.420059564693734,16.014326314940615,0.10270616070910833,11.618285980628052,False,False,source_map,GT-0017,False,False
measurement,224.77,HEDEF_1,RADAR_A,RADAR_A-T9567,GT-0052,8.076937006101803,16.014326314940615,4.980917275196379,11.618285980628052,False,False,source_map,GT-0052,False,False
measurement,225.73,HEDEF_4,RADAR_A,RADAR_A-T5761,GT-0017,1.21159448796098,22.42005684091686,5.517904182012578,16.265600372879273,False,False,source_map,GT-0017,False,False
measurement,225.73,HEDEF_5,RADAR_A,RADAR_A-T5311,GT-0004,8.672597161103157,16.014326314940615,2.5419752000329,11.618285980628052,False,False,source_map,GT-0004,False,False
measurement,225.94,HEDEF_3,RADAR_A,RADAR_A-T1552,GT-0031,0.6942430721922175,16.014326314940615,1.9201062219928133,11.618285980628052,False,False,source_map,GT-0031,False,False
measurement,226.62,HEDEF_4,RADAR_B,RADAR_B-T2210,GT-0017,12.85452878909132,16.014326314940615,10.58252297411053,11.618285980628052,False,False,source_map,GT-0017,False,False
measurement,226.62,HEDEF_5,RADAR_B,RADAR_B-T8353,GT-0004,14.054068978005086,22.42005684091686,2.9633358453728578,16.265600372879273,False,False,source_map,GT-0004,False,False
measurement,226.75,HEDEF_2,RADAR_B,RADAR_B-T8296,GT-0005,7.642189491909704,16.014326314940615,0.15117799159240247,11.618285980628052,False,False,source_map,GT-0005,False,False
measurement,227.37,HEDEF_2,RADAR_A,RADAR_A-T7832,,,,,,False,False,create,GT-0061,True,False
measurement,227.37,HEDEF_5,RADAR_A,RADAR_A-T5311,GT-0004,5.339169901337237,22.42005684091686,3.291774847076725,16.265600372879273,False,False,source_map,GT-0004,False,False
measurement,227.69,HEDEF_1,RADAR_B,RADAR_B-T9371,GT-0052,1.3468987981009877,22.42005684091686,1.8104865511690966,16.265600372879273,False,False,source_map,GT-0052,False,False
measurement,228.55,HEDEF_4,RADAR_A,RADAR_A-T5761,GT-0017,2.04202131898506,22.42005684091686,2.3371163454283543,16.265600372879273,False,False,source_map,GT-0017,False,False
measurement,229.15,HEDEF_3,RADAR_A,RADAR_A-T1552,GT-0031,6.007561163179092,16.014326314940615,0.4226191068833492,11.618285980628052,False,False,source_map,GT-0031,False,False
measurement,229.85,HEDEF_2,RADAR_C,RADAR_C-T8902,,,,,,False,False,hungarian,GT-0061,False,False
measurement,230.02,HEDEF_1,RADAR_A,RADAR_A-T3974,,,,,,False,False,hungarian,GT-0052,False,False
measurement,230.02,HEDEF_5,RADAR_A,RADAR_A-T5311,GT-0004,1.369309540644329,22.42005684091686,0.2866425576989854,16.265600372879273,False,False,source_map,GT-0004,False,False
measurement,230.51,HEDEF_4,RADAR_C,RADAR_C-T6137,GT-0017,3.373957299624311,16.014326314940615,0.04533828308945414,11.618285980628052,False,False,source_map,GT-0017,False,False
track_deleted,231.32,HEDEF_3,,,,,,,,,,,GT-0058,,
measurement,231.32,HEDEF_2,RADAR_B,RADAR_B-T8296,GT-0005,5.038025592919233,16.014326314940615,1.9861634575550444,11.618285980628052,False,False,source_map,GT-0005,False,False
measurement,231.32,HEDEF_5,RADAR_B,RADAR_B-T8353,GT-0004,3.861709075171065,22.42005684091686,0.054549828388225516,16.265600372879273,False,False,source_map,GT-0004,False,False
measurement,231.47,HEDEF_4,RADAR_A,RADAR_A-T5761,GT-0017,4.647982410745448,16.014326314940615,2.46294937095373,11.618285980628052,False,False,source_map,GT-0017,False,False
measurement,231.9,HEDEF_3,RADAR_C,RADAR_C-T9790,,,,,,False,False,hungarian,GT-0031,False,False
measurement,231.9,HEDEF_5,RADAR_C,RADAR_C-T7087,GT-0004,62.27814679434656,22.42005684091686,0.031226178771304833,16.265600372879273,True,False,create,GT-0062,True,False
measurement,232.0,HEDEF_4,RADAR_B,RADAR_B-T2210,GT-0017,4.734152192388508,16.014326314940615,0.9994125053156446,11.618285980628052,False,False,source_map,GT-0017,False,False
measurement,232.1,HEDEF_1,RADAR_B,RADAR_B-T9371,GT-0052,9.955294418159683,22.42005684091686,9.785080319379153,16.265600372879273,False,False,source_map,GT-0052,False,False
measurement,232.24,HEDEF_1,RADAR_A,RADAR_A-T3974,GT-0052,10.804128709462914,16.014326314940615,0.20791483586012238,11.618285980628052,False,False,source_map,GT-0052,False,False
measurement,232.42,HEDEF_3,RADAR_B,RADAR_B-T7818,,,,,,False,False,hungarian,GT-0031,False,False
measurement,232.74,HEDEF_1,RADAR_C,RADAR_C-T7064,GT-0012,3.275188156703685,16.014326314940615,3.045920953994099,11.618285980628052,False,False,source_map,GT-0012,False,False
measurement,232.84,HEDEF_2,RADAR_A,RADAR_A-T2940,,,,,,False,False,hungarian,GT-0061,False,False
measurement,233.03,HEDEF_4,RADAR_A,RADAR_A-T5761,GT-0017,7.8443559761602275,16.014326314940615,0.21444362635819703,11.618285980628052,False,False,source_map,GT-0017,False,False
measurement,233.03,HEDEF_5,RADAR_A,RADAR_A-T5311,GT-0004,1.4374491907924496,22.42005684091686,0.7578689086387576,16.265600372879273,False,False,source_map,GT-0004,False,False
measurement,234.51,HEDEF_3,RADAR_A,RADAR_A-T1267,,,,,,False,False,hungarian,GT-0031,False,False
measurement,234.67,HEDEF_4,RADAR_A,RADAR_A-T5761,GT-0017,3.157774477704761,22.42005684091686,0.06408928560676061,16.265600372879273,False,False,source_map,GT-0017,False,False
measurement,235.16,HEDEF_1,RADAR_A,RADAR_A-T3974,GT-0052,3.8886496204529584,16.014326314940615,0.08887568612613,11.618285980628052,False,False,source_map,GT-0052,False,False
measurement,235.42,HEDEF_2,RADAR_A,RADAR_A-T2940,GT-0061,2.763561924676882,16.014326314940615,0.48620901579269993,11.618285980628052,False,False,source_map,GT-0061,False,False
measurement,235.42,HEDEF_5,RADAR_A,RADAR_A-T5311,GT-0004,1.7282489617491776,16.014326314940615,0.10424930393356582,11.618285980628052,False,False,source_map,GT-0004,False,False
measurement,237.37,HEDEF_3,RADAR_A,RADAR_A-T1267,GT-0031,2.7804105465033566,16.014326314940615,0.019562384418585276,11.618285980628052,False,False,source_map,GT-0031,False,False
measurement,237.89,HEDEF_1,RADAR_A,RADAR_A-T3974,GT-0052,0.27695961129763946,16.014326314940615,0.41031890268085064,11.618285980628052,False,False,source_map,GT-0052,False,False
measurement,237.89,HEDEF_5,RADAR_A,RADAR_A-T5311,GT-0004,4.279575894322704,22.42005684091686,0.8526567198316921,16.265600372879273,False,False,source_map,GT-0004,False,False
measurement,238.56,HEDEF_3,RADAR_B,RADAR_B-T7818,GT-0031,2.0494003443481863,16.014326314940615,0.39505260033042877,11.618285980628052,False,False,source_map,GT-0031,False,False
measurement,238.91,HEDEF_1,RADAR_B,RADAR_B-T9371,GT-0052,36.45048302968439,16.014326314940615,6.70246728933285,11.618285980628052,True,False,hungarian,GT-0012,False,False
measurement,239.62,HEDEF_4,RADAR_C,RADAR_C-T6137,GT-0017,14.860771865890117,16.014326314940615,3.892396590201523,11.618285980628052,False,False,source_map,GT-0017,False,False
measurement,239.62,HEDEF_5,RADAR_C,RADAR_C-T7087,GT-0004,0.32729422703481564,22.42005684091686,6.8133054295462605,16.265600372879273,False,False,source_map,GT-0004,False,False
measurement,239.66,HEDEF_2,RADAR_A,RADAR_A-T3251,,,,,,False,False,hungarian,GT-0061,False,False
measurement,240.02,HEDEF_1,RADAR_A,RADAR_A-T3974,GT-0052,4.9152937293463435,16.014326314940615,0.32170597715366994,11.618285980628052,False,False,source_map,GT-0052,False,False
measurement,240.07,HEDEF_3,RADAR_A,RADAR_A-T1267,GT-0031,3.6658936341872876,16.014326314940615,0.29457603789552655,11.618285980628052,False,False,source_map,GT-0031,False,False
measurement,240.34,HEDEF_4,RADAR_B,RADAR_B-T3170,,,,,,False,False,hungarian,GT-0017,False,False
measurement,242.26,HEDEF_4,RADAR_A,RADAR_A-T2531,,,,,,False,False,hungarian,GT-0017,False,False
measurement,242.26,HEDEF_5,RADAR_A,RADAR_A-T5311,GT-0004,1.7225532113303592,22.42005684091686,0.34732957401971565,16.265600372879273,False,False,source_map,GT-0004,False,False
measurement,242.37,HEDEF_3,RADAR_A,RADAR_A-T1267,GT-0031,2.5777184104230035,16.014326314940615,0.6115865297420868,11.618285980628052,False,False,source_map,GT-0031,False,False
measurement,242.55,HEDEF_4,RADAR_B,RADAR_B-T3170,GT-0017,3.5692740619622167,16.014326314940615,1.70924505526129,11.618285980628052,False,False,source_map,GT-0017,False,False
measurement,242.55,HEDEF_5,RADAR_B,RADAR_B-T2385,,,,,,False,False,hungarian,GT-0004,False,False
measurement,242.73,HEDEF_2,RADAR_B,RADAR_B-T2917,,,,,,False,False,hungarian,GT-0061,False,False
measurement,243.24,HEDEF_1,RADAR_A,RADAR_A-T3974,GT-0052,0.5786125976721926,16.014326314940615,0.028134309825347946,11.618285980628052,False,False,source_map,GT-0052,False,False
measurement,243.27,HEDEF_1,RADAR_B,RADAR_B-T9371,GT-0012,13.289843607783768,16.014326314940615,4.2133621109838675,11.618285980628052,False,False,source_map,GT-0012,False,False
measurement,243.76,HEDEF_4,RADAR_A,RADAR_A-T2531,GT-0017,3.966813365738956,16.014326314940615,0.7635249635678241,11.618285980628052,False,False,source_map,GT-0017,False,False
measurement,243.76,HEDEF_5,RADAR_A,RADAR_A-T5311,GT-0004,2.8928613510618217,22.42005684091686,0.5432856897975853,16.265600372879273,False,False,source_map,GT-0004,False,False
measurement,245.46,HEDEF_4,RADAR_A,RADAR_A-T2531,GT-0017,6.904780250707043,22.42005684091686,0.12900376322581358,16.265600372879273,False,False,source_map,GT-0017,False,False
measurement,245.49,HEDEF_1,RADAR_A,RADAR_A-T3974,GT-0052,4.294210131179085,16.014326314940615,6.429816449838146,11.618285980628052,False,False,source_map,GT-0052,False,False
measurement,246.8,HEDEF_2,RADAR_A,RADAR_A-T6019,,,,,,False,False,hungarian,GT-0061,False,False
measurement,246.8,HEDEF_5,RADAR_A,RADAR_A-T5311,GT-0004,4.459403983417686,22.42005684091686,0.015051731997744362,16.265600372879273,False,False,source_map,GT-0004,False,False
measurement,248.06,HEDEF_1,RADAR_A,RADAR_A-T3974,GT-0052,3.15634305585379,22.42005684091686,0.13749342833155126,16.265600372879273,False,False,source_map,GT-0052,False,False
measurement,248.45,HEDEF_1,RADAR_B,RADAR_B-T9371,GT-0012,10.761602898546014,16.014326314940615,0.03784958029708131,11.618285980628052,False,False,source_map,GT-0012,False,False
measurement,248.45,HEDEF_5,RADAR_B,RADAR_B-T2385,GT-0004,2.9621670037288554,22.42005684091686,0.7591332033373656,16.265600372879273,False,False,source_map,GT-0004,False,False
track_deleted,250.33,HEDEF_2,,,,,,,,,,,GT-0005,,
measurement,250.33,HEDEF_1,RADAR_A,RADAR_A-T3974,GT-0052,4.9192254787599135,22.42005684091686,0.004259241857409228,16.265600372879273,False,False,source_map,GT-0052,False,False
measurement,250.33,HEDEF_5,RADAR_A,RADAR_A-T5311,GT-0004,2.9564319426802546,22.42005684091686,0.15231702540649186,16.265600372879273,False,False,source_map,GT-0004,False,False
measurement,250.52,HEDEF_4,RADAR_A,RADAR_A-T4428,,,,,,False,False,hungarian,GT-0017,False,False
measurement,250.68,HEDEF_2,RADAR_A,RADAR_A-T2713,,,,,,False,False,hungarian,GT-0061,False,False
measurement,251.56,HEDEF_3,RADAR_C,RADAR_C-T4387,,,,,,False,False,hungarian,GT-0031,False,False
measurement,251.56,HEDEF_5,RADAR_C,RADAR_C-T7087,GT-0004,29.477699915616512,22.42005684091686,0.4066119301379477,16.265600372879273,True,False,create,GT-0063,True,False
measurement,252.91,HEDEF_2,RADAR_A,RADAR_A-T2713,GT-0061,7.632205426794316,16.014326314940615,1.23648539425398,11.618285980628052,False,False,source_map,GT-0061,False,False
measurement,252.91,HEDEF_5,RADAR_A,RADAR_A-T5311,GT-0004,0.8825689106832888,22.42005684091686,0.4003037737466771,16.265600372879273,False,False,source_map,GT-0004,False,False
measurement,253.16,HEDEF_1,RADAR_A,RADAR_A-T3974,GT-0052,0.9102540698949954,22.42005684091686,2.5564763691591295,16.265600372879273,False,False,source_map,GT-0052,False,False
measurement,253.16,HEDEF_5,RADAR_A,RADAR_A-T5311,GT-0004,19.644070372693186,22.42005684091686,1.4018018429641077,16.265600372879273,False,False,source_map,GT-0004,False,False
measurement,253.5,HEDEF_1,RADAR_B,RADAR_B-T9371,GT-0012,6.91558009171646,16.014326314940615,0.20423371265259851,11.618285980628052,False,False,source_map,GT-0012,False,False
measurement,253.5,HEDEF_5,RADAR_B,RADAR_B-T2385,GT-0004,14.629504873123171,22.42005684091686,1.9427277699671273,16.265600372879273,False,False,source_map,GT-0004,False,False
measurement,254.0,HEDEF_4,RADAR_C,RADAR_C-T6137,GT-0017,1.1281316467192386,16.014326314940615,1.646040776682055,11.618285980628052,False,False,source_map,GT-0017,False,False
measurement,254.22,HEDEF_3,RADAR_A,RADAR_A-T3507,,,,,,False,False,hungarian,GT-0031,False,False
measurement,255.22,HEDEF_2,RADAR_B,RADAR_B-T7602,,,,,,False,False,hungarian,GT-0061,False,False
measurement,255.48,HEDEF_1,RADAR_A,RADAR_A-T3974,GT-0052,0.1772933460315435,16.014326314940615,5.212195123328297,11.618285980628052,False,False,source_map,GT-0052,False,False
measurement,255.48,HEDEF_5,RADAR_A,RADAR_A-T5311,GT-0004,5.146902580019458,22.42005684091686,0.15943448159006654,16.265600372879273,False,False,source_map,GT-0004,False,False
measurement,255.58,HEDEF_1,RADAR_C,RADAR_C-T1114,,,,,,False,False,hungarian,GT-0012,False,False
measurement,255.95,HEDEF_4,RADAR_B,RADAR_B-T4906,,,,,,False,False,hungarian,GT-0017,False,False
measurement,256.23,HEDEF_4,RADAR_A,RADAR_A-T8213,,,,,,False,False,create,GT-0064,True,False
measurement,257.07,HEDEF_3,RADAR_A,RADAR_A-T3507,GT-0031,0.9475447294674341,16.014326314940615,0.21864002041677574,11.618285980628052,False,False,source_map,GT-0031,False,False
measurement,257.76,HEDEF_2,RADAR_B,RADAR_B-T7602,GT-0061,3.9351153191620885,16.014326314940615,3.6149084127298416,11.618285980628052,False,False,source_map,GT-0061,False,False
measurement,257.85,HEDEF_1,RADAR_A,RADAR_A-T3974,GT-0052,6.555901650598752,16.014326314940615,0.9203843434146761,11.618285980628052,False,False,source_map,GT-0052,False,False
measurement,257.85,HEDEF_5,RADAR_A,RADAR_A-T5311,GT-0004,0.8772978121895045,16.014326314940615,1.0817883678672378,11.618285980628052,False,False,source_map,GT-0004,False,False
measurement,258.24,HEDEF_4,RADAR_A,RADAR_A-T8213,GT-0017,20.9544992068426,16.014326314940615,0.5009799291658689,11.618285980628052,True,False,create,GT-0065,True,False
measurement,259.44,HEDEF_3,RADAR_C,RADAR_C-T4387,GT-0031,2.335607309068096,16.014326314940615,0.5576786512483453,11.618285980628052,False,False,source_map,GT-0031,False,False
measurement,259.44,HEDEF_5,RADAR_C,RADAR_C-T7087,GT-0063,7.69222003511981,16.014326314940615,0.04835248327988545,11.618285980628052,False,False,source_map,GT-0063,False,False
measurement,260.08,HEDEF_3,RADAR_A,RADAR_A-T3507,GT-0031,2.7383116230389604,16.014326314940615,0.01066880608851129,11.618285980628052,False,False,source_map,GT-0031,False,False
measurement,260.15,HEDEF_4,RADAR_A,RADAR_A-T8213,GT-0065,13.2472611926863,16.014326314940615,0.22037917293547485,11.618285980628052,False,False,source_map,GT-0065,False,False
measurement,260.28,HEDEF_1,RADAR_A,RADAR_A-T3974,GT-0052,2.0956384208781675,22.42005684091686,7.372101525150977,16.265600372879273,False,False,source_map,GT-0052,False,False
measurement,260.28,HEDEF_5,RADAR_A,RADAR_A-T5311,GT-0004,2.088858704434948,16.014326314940615,0.5279202237268071,11.618285980628052,False,False,source_map,GT-0004,False,False
measurement,261.25,HEDEF_4,RADAR_B,RADAR_B-T4906,GT-0017,10.952362638893769,16.014326314940615,0.32725689957859394,11.618285980628052,False,False,source_map,GT-0017,False,False
measurement,261.25,HEDEF_5,RADAR_B,RADAR_B-T2923,,,,,,False,False,hungarian,GT-0004,False,False
measurement,262.32,HEDEF_4,RADAR_C,RADAR_C-T6137,GT-0017,2.2197683550452663,22.42005684091686,0.014435048668150097,16.265600372879273,False,False,source_map,GT-0017,False,False
measurement,262.57,HEDEF_1,RADAR_A,RADAR_A-T3974,GT-0052,2.021870467799145,16.014326314940615,2.1225615117277745,11.618285980628052,False,False,source_map,GT-0052,False,False
measurement,262.57,HEDEF_5,RADAR_A,RADAR_A-T5311,GT-0004,3.7529284694803358,22.42005684091686,2.2450227725089897,16.265600372879273,False,False,source_map,GT-0004,False,False
measurement,264.49,HEDEF_3,RADAR_A,RADAR_A-T2742,,,,,,False,False,hungarian,GT-0031,False,False
measurement,264.71,HEDEF_1,RADAR_A,RADAR_A-T3974,GT-0052,2.702058063662041,16.014326314940615,0.18067680736805933,11.618285980628052,False,False,source_map,GT-0052,False,False
measurement,264.98,HEDEF_3,RADAR_B,RADAR_B-T4832,,,,,,False,False,create,GT-0066,True,False
measurement,267.14,HEDEF_3,RADAR_C,RADAR_C-T4387,GT-0031,13.358869654980065,16.014326314940615,3.875890457914182,11.618285980628052,False,False,source_map,GT-0031,False,False
measurement,267.59,HEDEF_1,RADAR_A,RADAR_A-T3974,GT-0052,4.327983528653284,22.42005684091686,2.1120716784344418,16.265600372879273,False,False,source_map,GT-0052,False,False
measurement,267.6,HEDEF_4,RADAR_A,RADAR_A-T8783,,,,,,False,False,hungarian,GT-0017,False,False
measurement,267.6,HEDEF_5,RADAR_A,RADAR_A-T1986,,,,,,False,False,hungarian,GT-0004,False,False
measurement,268.07,HEDEF_2,RADAR_C,RADAR_C-T7525,,,,,,False,False,hungarian,GT-0061,False,False
measurement,268.27,HEDEF_1,RADAR_C,RADAR_C-T1114,GT-0012,1.8212773548190673,16.014326314940615,5.528642056836485,11.618285980628052,False,False,source_map,GT-0012,False,False
measurement,268.27,HEDEF_5,RADAR_C,RADAR_C-T7087,GT-0004,3.110140262836525,22.42005684091686,0.5393574497725113,16.265600372879273,False,False,source_map,GT-0004,False,False
measurement,268.7,HEDEF_1,RADAR_B,RADAR_B-T2992,,,,,,False,False,hungarian,GT-0052,False,False
measurement,268.7,HEDEF_5,RADAR_B,RADAR_B-T2923,GT-0004,21.717675671406944,22.42005684091686,0.21495758416078192,16.265600372879273,False,False,source_map,GT-0004,False,False
measurement,268.98,HEDEF_2,RADAR_B,RADAR_B-T2530,,,,,,False,False,hungarian,GT-0061,False,False
measurement,269.07,HEDEF_2,RADAR_A,RADAR_A-T2474,,,,,,False,False,hungarian,GT-0061,False,False
measurement,270.13,HEDEF_1,RADAR_A,RADAR_A-T3974,GT-0052,2.930736898113355,16.014326314940615,2.313544256916022,11.618285980628052,False,False,source_map,GT-0052,False,False
measurement,270.13,HEDEF_5,RADAR_A,RADAR_A-T1986,GT-0004,3.7706245290744786,22.42005684091686,0.4934539392014031,16.265600372879273,False,False,source_map,GT-0004,False,False
measurement,272.02,HEDEF_2,RADAR_A,RADAR_A-T2474,GT-0061,0.35384865386795883,16.014326314940615,0.05147494381580407,11.618285980628052,False,False,source_map,GT-0061,False,False
measurement,272.09,HEDEF_4,RADAR_A,RADAR_A-T2173,,,,,,False,False,hungarian,GT-0017,False,False
measurement,272.55,HEDEF_3,RADAR_A,RADAR_A-T4942,,,,,,False,False,hungarian,GT-0031,False,False
measurement,273.01,HEDEF_1,RADAR_A,RADAR_A-T3974,GT-0052,0.35399938097087236,16.014326314940615,0.3246628455424832,11.618285980628052,False,False,source_map,GT-0052,False,False
measurement,273.01,HEDEF_5,RADAR_A,RADAR_A-T1986,GT-0004,3.3971348829306445,22.42005684091686,0.10218410827754612,16.265600372879273,False,False,source_map,GT-0004,False,False
measurement,274.15,HEDEF_1,RADAR_B,RADAR_B-T2992,GT-0052,0.2080701146816446,16.014326314940615,0.4522520887740658,11.618285980628052,False,False,source_map,GT-0052,False,False
measurement,274.15,HEDEF_5,RADAR_B,RADAR_B-T2923,GT-0004,3.442769247203975,22.42005684091686,0.14859050759392356,16.265600372879273,False,False,source_map,GT-0004,False,False
measurement,274.3,HEDEF_2,RADAR_B,RADAR_B-T2530,GT-0061,3.562055168196465,16.014326314940615,0.8918062843795457,11.618285980628052,False,False,source_map,GT-0061,False,False
measurement,274.51,HEDEF_4,RADAR_A,RADAR_A-T2173,GT-0017,1.5726029066566927,16.014326314940615,0.6758923465069174,11.618285980628052,False,False,source_map,GT-0017,False,False
measurement,274.67,HEDEF_2,RADAR_A,RADAR_A-T2474,GT-0061,7.405797074331205,16.014326314940615,4.211155827260956,11.618285980628052,False,False,source_map,GT-0061,False,False
measurement,274.67,HEDEF_5,RADAR_A,RADAR_A-T1986,GT-0004,11.332370237509618,22.42005684091686,0.9740898582929726,16.265600372879273,False,False,source_map,GT-0004,False,False
measurement,275.58,HEDEF_3,RADAR_A,RADAR_A-T4942,GT-0031,0.04832499903262658,16.014326314940615,0.01393691747964656,11.618285980628052,False,False,source_map,GT-0031,False,False
measurement,276.09,HEDEF_1,RADAR_C,RADAR_C-T1114,GT-0012,1.1090610319079142,16.014326314940615,0.11819514903223784,11.618285980628052,False,False,source_map,GT-0012,False,False
measurement,277.12,HEDEF_4,RADAR_A,RADAR_A-T2173,GT-0017,10.093188797836298,16.014326314940615,0.4875080696253673,11.618285980628052,False,False,source_map,GT-0017,False,False
measurement,277.12,HEDEF_5,RADAR_A,RADAR_A-T1986,GT-0004,0.6558423053634488,22.42005684091686,1.9671427244542936,16.265600372879273,False,False,source_map,GT-0004,False,False
measurement,277.13,HEDEF_2,RADAR_C,RADAR_C-T7525,GT-0061,3.3964780495108213,22.42005684091686,0.460725708321934,16.265600372879273,False,False,source_map,GT-0061,False,False
measurement,277.13,HEDEF_5,RADAR_C,RADAR_C-T7087,GT-0004,31.71919784171828,22.42005684091686,7.139501987261398,16.265600372879273,True,False,create,GT-0067,True,False
measurement,277.97,HEDEF_1,RADAR_A,RADAR_A-T1642,,,,,,False,False,hungarian,GT-0052,False,False
measurement,279.05,HEDEF_1,RADAR_B,RADAR_B-T2992,GT-0052,0.7374227397068763,16.014326314940615,0.7384506200156562,11.618285980628052,False,False,source_map,GT-0052,False,False
measurement,279.05,HEDEF_5,RADAR_B,RADAR_B-T2923,GT-0004,5.6792014743499335,22.42005684091686,7.0459053154856655,16.265600372879273,False,False,source_map,GT-0004,False,False
measurement,279.13,HEDEF_4,RADAR_B,RADAR_B-T6180,,,,,,False,False,hungarian,GT-0017,False,False
measurement,279.27,HEDEF_4,RADAR_A,RADAR_A-T2173,GT-0017,0.3460099450126054,16.014326314940615,1.6210756533939434,11.618285980628052,False,False,source_map,GT-0017,False,False
measurement,279.48,HEDEF_2,RADAR_A,RADAR_A-T3911,,,,,,False,False,hungarian,GT-0061,False,False
measurement,279.48,HEDEF_5,RADAR_A,RADAR_A-T1986,GT-0004,6.523139044995288,22.42005684091686,1.3717706003008001,16.265600372879273,False,False,source_map,GT-0004,False,False
measurement,280.23,HEDEF_1,RADAR_A,RADAR_A-T1642,GT-0052,1.7554276597252425,16.014326314940615,0.2565714981859275,11.618285980628052,False,False,source_map,GT-0052,False,False
measurement,282.29,HEDEF_4,RADAR_A,RADAR_A-T2173,GT-0017,0.1349978320915247,16.014326314940615,2.252206315765663,11.618285980628052,False,False,source_map,GT-0017,False,False
measurement,282.29,HEDEF_5,RADAR_A,RADAR_A-T1986,GT-0004,1.430042221243435,22.42005684091686,1.4851334638708797,16.265600372879273,False,False,source_map,GT-0004,False,False
measurement,283.0,HEDEF_1,RADAR_A,RADAR_A-T1642,GT-0052,1.6502842865152738,16.014326314940615,1.1908161886643145,11.618285980628052,False,False,source_map,GT-0052,False,False
measurement,283.43,HEDEF_3,RADAR_A,RADAR_A-T1644,,,,,,False,False,hungarian,GT-0031,False,False
measurement,283.43,HEDEF_5,RADAR_A,RADAR_A-T1986,GT-0004,1.2399918618929013,22.42005684091686,2.2391596896388015,16.265600372879273,False,False,source_map,GT-0004,False,False
measurement,285.33,HEDEF_1,RADAR_A,RADAR_A-T1642,GT-0052,3.1338273412831823,16.014326314940615,0.20712350563055645,11.618285980628052,False,False,source_map,GT-0052,False,False
measurement,285.69,HEDEF_1,RADAR_B,RADAR_B-T2992,GT-0052,4.297978696734449,22.42005684091686,1.2177690641246488,16.265600372879273,False,False,source_map,GT-0052,False,False
measurement,285.69,HEDEF_5,RADAR_B,RADAR_B-T2923,GT-0004,3.888823685483752,22.42005684091686,2.517552773308398,16.265600372879273,False,False,source_map,GT-0004,False,False
measurement,287.57,HEDEF_2,RADAR_B,RADAR_B-T8403,,,,,,False,False,hungarian,GT-0061,False,False
measurement,287.7,HEDEF_1,RADAR_A,RADAR_A-T1642,GT-0052,1.2215920859252338,16.014326314940615,0.10978298704698637,11.618285980628052,False,False,source_map,GT-0052,False,False
measurement,287.7,HEDEF_5,RADAR_A,RADAR_A-T1986,GT-0004,7.530492059298767,16.014326314940615,0.037539723112844606,11.618285980628052,False,False,source_map,GT-0004,False,False
measurement,287.73,HEDEF_2,RADAR_A,RADAR_A-T8933,,,,,,False,False,hungarian,GT-0061,False,False
measurement,287.86,HEDEF_4,RADAR_A,RADAR_A-T5763,,,,,,False,False,hungarian,GT-0017,False,False
measurement,288.25,HEDEF_2,RADAR_C,RADAR_C-T7525,GT-0061,52.37173790234263,16.014326314940615,0.07606061374405357,11.618285980628052,True,False,create,GT-0068,True,False
measurement,288.25,HEDEF_5,RADAR_C,RADAR_C-T7087,GT-0004,10.872748078146046,22.42005684091686,1.5390728922927717,16.265600372879273,False,False,source_map,GT-0004,False,False
measurement,288.41,HEDEF_4,RADAR_B,RADAR_B-T1307,,,,,,False,False,create,GT-0069,True,False
measurement,288.41,HEDEF_5,RADAR_B,RADAR_B-T2923,GT-0004,9.821301678773226,22.42005684091686,1.8257514814038427,16.265600372879273,False,False,source_map,GT-0004,False,False
measurement,288.55,HEDEF_3,RADAR_A,RADAR_A-T4125,,,,,,False,False,hungarian,GT-0031,False,False
measurement,289.73,HEDEF_2,RADAR_A,RADAR_A-T8933,GT-0061,0.6041992236692906,16.014326314940615,0.8300711840094791,11.618285980628052,False,False,source_map,GT-0061,False,False
measurement,289.73,HEDEF_5,RADAR_A,RADAR_A-T1986,GT-0004,4.57516019051992,22.42005684091686,1.316090934599631,16.265600372879273,False,False,source_map,GT-0004,False,False
measurement,290.34,HEDEF_1,RADAR_A,RADAR_A-T1642,GT-0052,5.9573794662249,16.014326314940615,1.4156024340695383,11.618285980628052,False,False,source_map,GT-0052,False,False
measurement,290.36,HEDEF_2,RADAR_B,RADAR_B-T8403,GT-0061,12.795435101094915,16.014326314940615,2.5185404992625187,11.618285980628052,False,False,source_map,GT-0061,False,False
measurement,290.6,HEDEF_4,RADAR_A,RADAR_A-T5763,GT-0017,1.344011996958838,16.014326314940615,0.6731497716631514,11.618285980628052,False,False,source_map,GT-0017,False,False
measurement,290.68,HEDEF_3,RADAR_A,RADAR_A-T4125,GT-0031,4.83570429538291,16.014326314940615,5.8526456588794,11.618285980628052,False,False,source_map,GT-0031,False,False
measurement,292.02,HEDEF_1,RADAR_A,RADAR_A-T1642,GT-0052,7.613148926405163,22.42005684091686,1.1502069509591921,16.265600372879273,False,False,source_map,GT-0052,False,False
measurement,292.49,HEDEF_2,RADAR_A,RADAR_A-T8933,GT-0061,1.0642780669999221,22.42005684091686,2.6732863721395974,16.265600372879273,False,False,source_map,GT-0061,False,False
measurement,292.52,HEDEF_3,RADAR_C,RADAR_C-T6247,,,,,,False,False,hungarian,GT-0031,False,False
track_deleted,293.34,HEDEF_1,,,,,,,,,,,GT-0012,,
measurement,293.34,HEDEF_3,RADAR_A,RADAR_A-T4125,GT-0031,2.4436072686054753,22.42005684091686,0.13150137700623837,16.265600372879273,False,False,source_map,GT-0031,False,False
measurement,293.44,HEDEF_1,RADAR_A,RADAR_A-T1642,GT-0052,3.127867840265091,22.42005684091686,0.12148019669804529,16.265600372879273,False,False,source_map,GT-0052,False,False
measurement,293.44,HEDEF_5,RADAR_A,RADAR_A-T7602,,,,,,False,False,hungarian,GT-0004,False,False
measurement,293.98,HEDEF_4,RADAR_B,RADAR_B-T1307,GT-0069,28.088541846829497,16.014326314940615,0.28143857712626974,11.618285980628052,True,False,hungarian,GT-0017,False,False
measurement,293.98,HEDEF_5,RADAR_B,RADAR_B-T2923,GT-0004,19.10397984295785,22.42005684091686,1.2428530954858006,16.265600372879273,False,False,source_map,GT-0004,False,False
measurement,294.33,HEDEF_2,RADAR_B,RADAR_B-T8403,GT-0061,3.830927403800241,16.014326314940615,0.6884390878799834,11.618285980628052,False,False,source_map,GT-0061,False,False
measurement,295.01,HEDEF_1,RADAR_B,RADAR_B-T9554,,,,,,False,False,hungarian,GT-0052,False,False
track_deleted,296.64,HEDEF_4,,,,,,,,,,,GT-0069,,
measurement,296.64,HEDEF_1,RADAR_A,RADAR_A-T1642,GT-0052,0.7875304638012369,16.014326314940615,0.3626733742158874,11.618285980628052,False,False,source_map,GT-0052,False,False
measurement,297.0,HEDEF_4,RADAR_B,RADAR_B-T1307,GT-0017,0.7805519049996025,22.42005684091686,3.2670911066381283,16.265600372879273,False,False,source_map,GT-0017,False,False
measurement,297.46,HEDEF_4,RADAR_A,RADAR_A-T2442,,,,,,False,False,hungarian,GT-0017,False,False
measurement,297.46,HEDEF_5,RADAR_A,RADAR_A-T7602,GT-0004,2.1033528912414434,16.014326314940615,0.07147768777140157,11.618285980628052,False,False,source_map,GT-0004,False,False
measurement,297.95,HEDEF_2,RADAR_A,RADAR_A-T2210,,,,,,False,False,hungarian,GT-0061,False,False
measurement,297.96,HEDEF_1,RADAR_C,RADAR_C-T1600,,,,,,False,False,hungarian,GT-0052,False,False
measurement,297.96,HEDEF_5,RADAR_C,RADAR_C-T7087,GT-0004,11.206803116272564,16.014326314940615,1.0163825734672052,11.618285980628052,False,False,source_map,GT-0004,False,False
measurement,298.17,HEDEF_3,RADAR_A,RADAR_A-T2266,,,,,,False,False,hungarian,GT-0031,False,False
measurement,299.27,HEDEF_1,RADAR_A,RADAR_A-T1642,GT-0052,7.991124825330524,22.42005684091686,0.00017162946673828162,16.265600372879273,False,False,source_map,GT-0052,False,False
measurement,299.59,HEDEF_2,RADAR_B,RADAR_B-T8403,GT-0061,0.9420289224047734,16.014326314940615,1.628514386884118,11.618285980628052,False,False,source_map,GT-0061,False,False
measurement,299.59,HEDEF_5,RADAR_B,RADAR_B-T2923,GT-0004,2.3201235502711737,22.42005684091686,2.5080752621752724,16.265600372879273,False,False,source_map,GT-0004,False,False
measurement,299.93,HEDEF_3,RADAR_B,RADAR_B-T7473,,,,,,False,False,hungarian,GT-0031,False,False
measurement,300.32,HEDEF_2,RADAR_A,RADAR_A-T2210,GT-0061,2.2522647770234485,16.014326314940615,7.835243366201924,11.618285980628052,False,False,source_map,GT-0061,False,False
measurement,300.32,HEDEF_5,RADAR_A,RADAR_A-T7602,GT-0004,25.622193947821245,22.42005684091686,4.0538694403483815,16.265600372879273,True,False,create,GT-0070,True,False
measurement,300.82,HEDEF_3,RADAR_A,RADAR_A-T2266,GT-0031,15.07030358060545,16.014326314940615,1.2989917150007635,11.618285980628052,False,False,source_map,GT-0031,False,False
measurement,301.23,HEDEF_1,RADAR_B,RADAR_B-T9554,GT-0052,2.4365250476962523,22.42005684091686,0.05458576054164472,16.265600372879273,False,False,source_map,GT-0052,False,False
measurement,302.11,HEDEF_1,RADAR_A,RADAR_A-T1642,GT-0052,0.30892364083842805,16.014326314940615,0.04179779711869116,11.618285980628052,False,False,source_map,GT-0052,False,False
measurement,302.93,HEDEF_4,RADAR_A,RADAR_A-T2333,,,,,,False,False,hungarian,GT-0017,False,False
measurement,302.95,HEDEF_3,RADAR_A,RADAR_A-T2266,GT-0031,2.5950937798758305,22.42005684091686,0.292811712918866,16.265600372879273,False,False,source_map,GT-0031,False,False
measurement,302.95,HEDEF_5,RADAR_A,RADAR_A-T7602,GT-0004,11.055318561081686,16.014326314940615,0.9027319730335885,11.618285980628052,False,False,source_map,GT-0004,False,False
measurement,303.04,HEDEF_4,RADAR_B,RADAR_B-T1307,GT-0017,10.425154546294323,16.014326314940615,1.1702976477259004,11.618285980628052,False,False,source_map,GT-0017,False,False
measurement,303.92,HEDEF_4,RADAR_C,RADAR_C-T8651,,,,,,False,False,hungarian,GT-0017,False,False
measurement,304.62,HEDEF_3,RADAR_B,RADAR_B-T7473,GT-0031,0.5796557380519968,16.014326314940615,0.5526991642541956,11.618285980628052,False,False,source_map,GT-0031,False,False
measurement,304.68,HEDEF_1,RADAR_A,RADAR_A-T1642,GT-0052,0.17910821173318275,16.014326314940615,0.7856066139596943,11.618285980628052,False,False,source_map,GT-0052,False,False
measurement,305.31,HEDEF_3,RADAR_A,RADAR_A-T2266,GT-0031,1.02118697742603,16.014326314940615,1.7306242308632434,11.618285980628052,False,False,source_map,GT-0031,False,False
measurement,305.64,HEDEF_4,RADAR_A,RADAR_A-T2333,GT-0017,1.9343263323695095,16.014326314940615,0.9414770941016011,11.618285980628052,False,False,source_map,GT-0017,False,False
measurement,305.64,HEDEF_5,RADAR_A,RADAR_A-T7602,GT-0004,0.39836232913452085,16.014326314940615,0.15714754023885757,11.618285980628052,False,False,source_map,GT-0004,False,False
measurement,305.91,HEDEF_2,RADAR_C,RADAR_C-T9659,,,,,,False,False,hungarian,GT-0061,False,False
measurement,305.91,HEDEF_5,RADAR_C,RADAR_C-T7087,GT-0004,9.211255698431225,16.014326314940615,0.7819490081683237,11.618285980628052,False,False,source_map,GT-0004,False,False
measurement,307.16,HEDEF_1,RADAR_B,RADAR_B-T9554,GT-0052,3.303668504637029,16.014326314940615,0.05358550060920459,11.618285980628052,False,False,source_map,GT-0052,False,False
measurement,307.16,HEDEF_5,RADAR_B,RADAR_B-T2923,GT-0004,6.0123712286004185,16.014326314940615,0.0444592173831372,11.618285980628052,False,False,source_map,GT-0004,False,False
measurement,307.26,HEDEF_1,RADAR_A,RADAR_A-T1642,GT-0052,26.877434880893734,22.42005684091686,1.068335965734012,16.265600372879273,True,False,create,GT-0071,True,False
measurement,308.01,STATIC_CLUTTER_terrain,RADAR_A,RADAR_A-SC49344,,,,,,False,False,create,GT-0072,True,False
track_deleted,308.05,STATIC_CLUTTER_terrain,,,,,,,,,,,GT-0072,,
measurement,308.05,HEDEF_3,RADAR_B,RADAR_B-T7473,GT-0031,0.0997219571468317,16.014326314940615,0.20061960334470397,11.618285980628052,False,False,source_map,GT-0031,False,False
measurement,308.18,HEDEF_4,RADAR_A,RADAR_A-T2333,GT-0017,12.428373140226658,16.014326314940615,0.17570330541921023,11.618285980628052,False,False,source_map,GT-0017,False,False
measurement,308.22,HEDEF_3,RADAR_A,RADAR_A-T2266,GT-0031,10.682674828193006,16.014326314940615,6.778947261380154,11.618285980628052,False,False,source_map,GT-0031,False,False
measurement,308.22,HEDEF_5,RADAR_A,RADAR_A-T7602,GT-0004,7.330998332325501,22.42005684091686,0.5171545291886764,16.265600372879273,False,False,source_map,GT-0004,False,False
measurement,309.74,HEDEF_1,RADAR_A,RADAR_A-T1642,GT-0052,6.0965200393328605,22.42005684091686,0.24105457283467452,16.265600372879273,False,False,source_map,GT-0052,False,False
measurement,309.74,HEDEF_5,RADAR_A,RADAR_A-T7602,GT-0004,1.2911253414581874,16.014326314940615,0.04141911321309478,11.618285980628052,False,False,source_map,GT-0004,False,False
measurement,309.95,HEDEF_4,RADAR_B,RADAR_B-T7607,,,,,,False,False,hungarian,GT-0017,False,False
measurement,310.5,HEDEF_2,RADAR_B,RADAR_B-T9040,,,,,,False,False,hungarian,GT-0061,False,False
measurement,311.83,HEDEF_3,RADAR_A,RADAR_A-T2266,GT-0031,0.036658260397251466,16.014326314940615,0.1778647288007487,11.618285980628052,False,False,source_map,GT-0031,False,False
measurement,312.02,HEDEF_4,RADAR_A,RADAR_A-T9079,,,,,,False,False,hungarian,GT-0017,False,False
measurement,312.86,HEDEF_2,RADAR_A,RADAR_A-T3994,,,,,,False,False,hungarian,GT-0061,False,False
measurement,312.86,HEDEF_5,RADAR_A,RADAR_A-T7602,GT-0004,0.46213340373696277,22.42005684091686,0.43989399469260987,16.265600372879273,False,False,source_map,GT-0004,False,False
measurement,312.94,HEDEF_1,RADAR_B,RADAR_B-T9554,GT-0052,1.2769868283431136,22.42005684091686,0.499864786970035,16.265600372879273,False,False,source_map,GT-0052,False,False
measurement,312.94,HEDEF_5,RADAR_B,RADAR_B-T2923,GT-0004,15.831091928451034,22.42005684091686,2.1530233874507396,16.265600372879273,False,False,source_map,GT-0004,False,False
measurement,314.22,HEDEF_4,RADAR_A,RADAR_A-T9079,GT-0017,3.91129411375422,16.014326314940615,7.64875199394951,11.618285980628052,False,False,source_map,GT-0017,False,False
measurement,314.25,HEDEF_1,RADAR_A,RADAR_A-T7808,,,,,,False,False,hungarian,GT-0052,False,False
measurement,315.34,HEDEF_2,RADAR_A,RADAR_A-T3994,GT-0061,1.3813369114421672,16.014326314940615,0.8767408667674441,11.618285980628052,False,False,source_map,GT-0061,False,False
measurement,315.34,HEDEF_5,RADAR_A,RADAR_A-T7602,GT-0004,0.8853125978962468,22.42005684091686,0.44535148930189966,16.265600372879273,False,False,source_map,GT-0004,False,False
measurement,315.7,HEDEF_2,RADAR_C,RADAR_C-T9659,GT-0061,9.969183846802352,16.014326314940615,0.8224723058314894,11.618285980628052,False,False,source_map,GT-0061,False,False
measurement,316.4,HEDEF_3,RADAR_A,RADAR_A-T2353,,,,,,False,False,hungarian,GT-0031,False,False
measurement,316.47,HEDEF_4,RADAR_A,RADAR_A-T9079,GT-0017,4.021528676245444,16.014326314940615,0.19331008882405107,11.618285980628052,False,False,source_map,GT-0017,False,False
measurement,316.62,HEDEF_3,RADAR_B,RADAR_B-T5582,,,,,,False,False,create,GT-0073,True,False
measurement,316.72,HEDEF_1,RADAR_A,RADAR_A-T7808,GT-0052,2.816820201835244,16.014326314940615,0.6055196727050809,11.618285980628052,False,False,source_map,GT-0052,False,False
measurement,316.72,HEDEF_5,RADAR_A,RADAR_A-T7602,GT-0004,6.75429439804091,22.42005684091686,0.09955465155404433,16.265600372879273,False,False,source_map,GT-0004,False,False
measurement,317.74,HEDEF_1,RADAR_B,RADAR_B-T9554,GT-0052,5.731150887071951,16.014326314940615,3.948429448919255,11.618285980628052,False,False,source_map,GT-0052,False,False
measurement,318.46,HEDEF_2,RADAR_A,RADAR_A-T3994,GT-0061,1.658152667314227,16.014326314940615,1.2114564314436151,11.618285980628052,False,False,source_map,GT-0061,False,False
measurement,318.5,HEDEF_4,RADAR_A,RADAR_A-T9079,GT-0017,1.376142301539625,16.014326314940615,0.031096402551163447,11.618285980628052,False,False,source_map,GT-0017,False,False
measurement,318.98,HEDEF_4,RADAR_B,RADAR_B-T5960,,,,,,False,False,hungarian,GT-0017,False,False
measurement,319.07,HEDEF_1,RADAR_A,RADAR_A-T7808,GT-0052,4.0121266336172425,16.014326314940615,0.04231304602726613,11.618285980628052,False,False,source_map,GT-0052,False,False
measurement,319.56,HEDEF_3,RADAR_A,RADAR_A-T2353,GT-0031,0.37349825149544774,16.014326314940615,0.2332546571357647,11.618285980628052,False,False,source_map,GT-0031,False,False
measurement,320.07,HEDEF_4,RADAR_C,RADAR_C-T3116,,,,,,False,False,hungarian,GT-0017,False,False
measurement,320.07,HEDEF_5,RADAR_C,RADAR_C-T7087,GT-0004,2.3319234708869443,22.42005684091686,0.005191105977805004,16.265600372879273,False,False,source_map,GT-0004,False,False
measurement,320.63,HEDEF_4,RADAR_A,RADAR_A-T9079,GT-0017,10.063984330942283,16.014326314940615,0.7306467181340593,11.618285980628052,False,False,source_map,GT-0017,False,False
measurement,320.77,HEDEF_3,RADAR_B,RADAR_B-T5582,GT-0031,0.6632248362728643,16.014326314940615,2.853465197780574,11.618285980628052,False,False,source_map,GT-0031,False,False
measurement,320.81,HEDEF_2,RADAR_A,RADAR_A-T3994,GT-0061,0.784286378378257,16.014326314940615,0.06896017030589746,11.618285980628052,False,False,source_map,GT-0061,False,False
measurement,321.31,HEDEF_2,RADAR_B,RADAR_B-T6602,,,,,,False,False,hungarian,GT-0061,False,False
measurement,321.54,HEDEF_1,RADAR_A,RADAR_A-T7808,GT-0052,3.533212832930128,16.014326314940615,0.0835987572198665,11.618285980628052,False,False,source_map,GT-0052,False,False
measurement,322.28,HEDEF_3,RADAR_A,RADAR_A-T2353,GT-0031,3.6510666796681965,16.014326314940615,1.7796027401530787,11.618285980628052,False,False,source_map,GT-0031,False,False
measurement,322.28,HEDEF_5,RADAR_A,RADAR_A-T4302,,,,,,False,False,hungarian,GT-0004,False,False
measurement,323.25,STATIC_CLUTTER_terrain,RADAR_B,RADAR_B-SC37349,,,,,,False,False,create,GT-0074,True,False
track_deleted,323.44,STATIC_CLUTTER_terrain,,,,,,,,,,,GT-0074,,
measurement,323.44,HEDEF_4,RADAR_A,RADAR_A-T9079,GT-0017,1.8603643775967411,16.014326314940615,1.1550225783354482,11.618285980628052,False,False,source_map,GT-0017,False,False
measurement,323.81,HEDEF_4,RADAR_B,RADAR_B-T5960,GT-0017,4.281639688157758,16.014326314940615,1.6240896088328898,11.618285980628052,False,False,source_map,GT-0017,False,False
measurement,323.84,HEDEF_1,RADAR_A,RADAR_A-T7808,GT-0052,0.5293435776017792,22.42005684091686,0.19477584775604487,16.265600372879273,False,False,source_map,GT-0052,False,False
measurement,323.97,HEDEF_1,RADAR_B,RADAR_B-T9554,GT-0052,6.112298509500666,16.014326314940615,2.1178523493712276,11.618285980628052,False,False,source_map,GT-0052,False,False
measurement,323.97,HEDEF_5,RADAR_B,RADAR_B-T7049,,,,,,False,False,hungarian,GT-0004,False,False
measurement,324.61,HEDEF_1,RADAR_C,RADAR_C-T3336,,,,,,False,False,hungarian,GT-0052,False,False
measurement,325.44,HEDEF_2,RADAR_A,RADAR_A-T2645,,,,,,False,False,hungarian,GT-0061,False,False
measurement,325.44,HEDEF_5,RADAR_A,RADAR_A-T4302,GT-0004,5.935796534483142,22.42005684091686,0.3302369173427155,16.265600372879273,False,False,source_map,GT-0004,False,False
measurement,325.85,HEDEF_4,RADAR_A,RADAR_A-T9079,GT-0017,19.346941399118588,16.014326314940615,0.14581078395396618,11.618285980628052,True,False,create,GT-0075,True,False
measurement,325.94,HEDEF_1,RADAR_A,RADAR_A-T7808,GT-0052,0.8924049048795306,16.014326314940615,2.329357680144302,11.618285980628052,False,False,source_map,GT-0052,False,False
measurement,327.04,STATIC_CLUTTER_terrain,RADAR_A,RADAR_A-SC49344,,,,,,False,False,create,GT-0076,True,False
track_deleted,327.77,STATIC_CLUTTER_terrain,,,,,,,,,,,GT-0076,,
measurement,327.77,HEDEF_3,RADAR_A,RADAR_A-T5584,,,,,,False,False,hungarian,GT-0031,False,False
measurement,327.77,HEDEF_5,RADAR_A,RADAR_A-T4302,GT-0004,1.0647917030785121,22.42005684091686,0.9066247219507668,16.265600372879273,False,False,source_map,GT-0004,False,False
measurement,327.97,HEDEF_2,RADAR_A,RADAR_A-T2645,GT-0061,0.9430639338686995,16.014326314940615,2.8516929679196608,11.618285980628052,False,False,source_map,GT-0061,False,False
measurement,328.54,HEDEF_4,RADAR_A,RADAR_A-T9079,GT-0017,7.0822638420888,16.014326314940615,0.02686992008592651,11.618285980628052,False,False,source_map,GT-0017,False,False
measurement,328.71,HEDEF_1,RADAR_A,RADAR_A-T7808,GT-0052,1.2257210770013607,16.014326314940615,0.5086319544879035,11.618285980628052,False,False,source_map,GT-0052,False,False
measurement,328.77,HEDEF_4,RADAR_B,RADAR_B-T5960,GT-0017,1.5522607519101994,22.42005684091686,5.008082737631958,16.265600372879273,False,False,source_map,GT-0017,False,False
measurement,328.85,HEDEF_4,RADAR_C,RADAR_C-T3116,GT-0017,12.953678286370195,22.42005684091686,0.38814688025160426,16.265600372879273,False,False,source_map,GT-0017,False,False
measurement,328.85,HEDEF_5,RADAR_C,RADAR_C-T7087,GT-0004,5.149072657231072,22.42005684091686,0.14132071604539273,16.265600372879273,False,False,source_map,GT-0004,False,False
measurement,329.05,HEDEF_2,RADAR_B,RADAR_B-T6602,GT-0061,11.731307001822945,16.014326314940615,0.008667251209457535,11.618285980628052,False,False,source_map,GT-0061,False,False
measurement,329.05,HEDEF_5,RADAR_B,RADAR_B-T7049,GT-0004,5.515726653351683,22.42005684091686,0.13749236121565803,16.265600372879273,False,False,source_map,GT-0004,False,False
measurement,330.22,HEDEF_1,RADAR_B,RADAR_B-T9554,GT-0052,3.8357924334250164,16.014326314940615,0.07709193536474633,11.618285980628052,False,False,source_map,GT-0052,False,False
measurement,331.01,HEDEF_1,RADAR_A,RADAR_A-T7808,GT-0052,6.402324846627657,22.42005684091686,0.04326533604037068,16.265600372879273,False,False,source_map,GT-0052,False,False
measurement,331.01,HEDEF_5,RADAR_A,RADAR_A-T4302,GT-0004,0.4847186244916052,22.42005684091686,6.4770609658637,16.265600372879273,False,False,source_map,GT-0004,False,False
measurement,331.09,HEDEF_2,RADAR_A,RADAR_A-T2645,GT-0061,8.036172405614918,22.42005684091686,2.90070910991881,16.265600372879273,False,False,source_map,GT-0061,False,False
measurement,331.13,HEDEF_4,RADAR_A,RADAR_A-T9079,GT-0017,3.7417783377241842,16.014326314940615,0.043096256699635495,11.618285980628052,False,False,source_map,GT-0017,False,False
measurement,333.24,HEDEF_1,RADAR_A,RADAR_A-T7808,GT-0052,0.47674398891358577,16.014326314940615,4.4182314677972,11.618285980628052,False,False,source_map,GT-0052,False,False
measurement,333.24,HEDEF_5,RADAR_A,RADAR_A-T4302,GT-0004,0.9499657729444559,22.42005684091686,0.3445938701452442,16.265600372879273,False,False,source_map,GT-0004,False,False
measurement,333.33,HEDEF_4,RADAR_B,RADAR_B-T5960,GT-0017,12.440137701877038,16.014326314940615,3.6395355448715425,11.618285980628052,False,False,source_map,GT-0017,False,False
measurement,333.33,HEDEF_5,RADAR_B,RADAR_B-T7049,GT-0004,39.04770994021367,22.42005684091686,1.0651487460182645,16.265600372879273,True,False,create,GT-0077,True,False
measurement,333.4,HEDEF_3,RADAR_A,RADAR_A-T7577,,,,,,False,False,hungarian,GT-0031,False,False
measurement,333.78,HEDEF_2,RADAR_A,RADAR_A-T2645,GT-0061,1.5676921568876159,16.014326314940615,0.3510089884779919,11.618285980628052,False,False,source_map,GT-0061,False,False
measurement,333.83,HEDEF_4,RADAR_A,RADAR_A-T9079,GT-0017,10.510475661851542,22.42005684091686,0.03631898381068105,16.265600372879273,False,False,source_map,GT-0017,False,False
measurement,333.83,HEDEF_5,RADAR_A,RADAR_A-T4302,GT-0004,6.7682653092802685,22.42005684091686,0.3978434058620686,16.265600372879273,False,False,source_map,GT-0004,False,False
measurement,335.92,HEDEF_1,RADAR_A,RADAR_A-T7808,GT-0052,1.0858649368720799,16.014326314940615,0.47348724901291345,11.618285980628052,False,False,source_map,GT-0052,False,False
measurement,336.67,HEDEF_2,RADAR_A,RADAR_A-T2645,GT-0061,0.5743578982991017,16.014326314940615,2.113782119626143,11.618285980628052,False,False,source_map,GT-0061,False,False
measurement,336.67,HEDEF_5,RADAR_A,RADAR_A-T4302,GT-0004,0.31210049617386904,22.42005684091686,0.8200350019483995,16.265600372879273,False,False,source_map,GT-0004,False,False
measurement,337.64,HEDEF_2,RADAR_B,RADAR_B-T9217,,,,,,False,False,hungarian,GT-0061,False,False
measurement,338.36,HEDEF_1,RADAR_A,RADAR_A-T7808,GT-0052,3.0207542442366613,16.014326314940615,0.23466668007221078,11.618285980628052,False,False,source_map,GT-0052,False,False
measurement,338.78,HEDEF_2,RADAR_A,RADAR_A-T2645,GT-0061,5.57120427199766,22.42005684091686,0.06274814374902543,16.265600372879273,False,False,source_map,GT-0061,False,False
measurement,338.89,HEDEF_3,RADAR_A,RADAR_A-T8025,,,,,,False,False,hungarian,GT-0031,False,False
measurement,339.12,HEDEF_4,RADAR_A,RADAR_A-T6832,,,,,,False,False,hungarian,GT-0017,False,False
measurement,339.12,HEDEF_5,RADAR_A,RADAR_A-T4302,GT-0004,0.957390019790816,22.42005684091686,2.201690606890434,16.265600372879273,False,False,source_map,GT-0004,False,False
measurement,339.95,HEDEF_1,RADAR_B,RADAR_B-T5732,,,,,,False,False,hungarian,GT-0052,False,False
measurement,339.95,HEDEF_5,RADAR_B,RADAR_B-T7049,GT-0004,0.8931435247464165,22.42005684091686,0.19382016253643294,16.265600372879273,False,False,source_map,GT-0004,False,False
measurement,340.88,HEDEF_3,RADAR_A,RADAR_A-T8025,GT-0031,1.085551241666141,16.014326314940615,0.1280811524879027,11.618285980628052,False,False,source_map,GT-0031,False,False
measurement,341.52,HEDEF_4,RADAR_A,RADAR_A-T6832,GT-0017,14.04006688463164,16.014326314940615,3.019096952829762,11.618285980628052,False,False,source_map,GT-0017,False,False
measurement,341.56,HEDEF_1,RADAR_A,RADAR_A-T7808,GT-0052,1.1096082274679058,22.42005684091686,0.15167622897303942,16.265600372879273,False,False,source_map,GT-0052,False,False
measurement,341.56,HEDEF_5,RADAR_A,RADAR_A-T4302,GT-0004,23.707396595295883,22.42005684091686,2.1846152166949593,16.265600372879273,True,False,create,GT-0078,True,False
measurement,341.61,HEDEF_2,RADAR_C,RADAR_C-T8523,,,,,,False,False,hungarian,GT-0061,False,False
measurement,341.61,HEDEF_5,RADAR_C,RADAR_C-T7087,GT-0004,9.950051070461587,22.42005684091686,0.1430938632797653,16.265600372879273,False,False,source_map,GT-0004,False,False
measurement,342.67,HEDEF_3,RADAR_B,RADAR_B-T7008,,,,,,False,False,hungarian,GT-0031,False,False
measurement,342.67,HEDEF_3,RADAR_C,RADAR_C-T7719,,,,,,False,False,create,GT-0079,True,False
measurement,342.67,HEDEF_5,RADAR_C,RADAR_C-T7087,GT-0004,31.37045549812918,16.014326314940615,2.9530514303239928,11.618285980628052,True,False,create,GT-0080,True,False
measurement,343.62,HEDEF_2,RADAR_B,RADAR_B-T9217,GT-0061,5.5959257115943695,16.014326314940615,2.831074363948149,11.618285980628052,False,False,source_map,GT-0061,False,False
measurement,343.62,HEDEF_2,RADAR_A,RADAR_A-T7305,,,,,,False,False,create,GT-0081,True,False
measurement,343.71,HEDEF_3,RADAR_A,RADAR_A-T8025,GT-0031,1.2103876915141194,22.42005684091686,3.875605649427067,16.265600372879273,False,False,source_map,GT-0031,False,False
measurement,344.03,HEDEF_1,RADAR_A,RADAR_A-T7808,GT-0052,1.950814289677138,16.014326314940615,0.23504058657706167,11.618285980628052,False,False,source_map,GT-0052,False,False
measurement,344.38,HEDEF_1,RADAR_B,RADAR_B-T5732,GT-0052,2.2028087065329336,16.014326314940615,4.036511823069087,11.618285980628052,False,False,source_map,GT-0052,False,False
measurement,344.74,HEDEF_4,RADAR_A,RADAR_A-T6832,GT-0017,2.0532098279664175,16.014326314940615,0.05856683698521464,11.618285980628052,False,False,source_map,GT-0017,False,False
measurement,344.74,HEDEF_5,RADAR_A,RADAR_A-T4302,GT-0004,5.898705820451722,16.014326314940615,0.9231741422898085,11.618285980628052,False,False,source_map,GT-0004,False,False
measurement,345.01,HEDEF_4,RADAR_B,RADAR_B-T3810,,,,,,False,False,hungarian,GT-0017,False,False
measurement,345.01,HEDEF_5,RADAR_B,RADAR_B-T7049,GT-0004,4.407988646630115,22.42005684091686,1.8264801316086126,16.265600372879273,False,False,source_map,GT-0004,False,False
measurement,345.16,HEDEF_4,RADAR_C,RADAR_C-T7910,,,,,,False,False,hungarian,GT-0017,False,False
measurement,345.62,HEDEF_2,RADAR_A,RADAR_A-T7305,GT-0061,1.148384284016494,22.42005684091686,0.8185605135921127,16.265600372879273,False,False,source_map,GT-0061,False,False
measurement,346.42,HEDEF_3,RADAR_A,RADAR_A-T8025,GT-0031,0.28226914860919994,16.014326314940615,0.7878264752524713,11.618285980628052,False,False,source_map,GT-0031,False,False
measurement,346.6,HEDEF_1,RADAR_C,RADAR_C-T9194,,,,,,False,False,hungarian,GT-0052,False,False
measurement,346.66,HEDEF_1,RADAR_A,RADAR_A-T7808,GT-0052,3.5118164964789433,16.014326314940615,0.29374826395795495,11.618285980628052,False,False,source_map,GT-0052,False,False
measurement,346.66,HEDEF_5,RADAR_A,RADAR_A-T4302,GT-0004,1.2092421944513068,16.014326314940615,0.7120316894707632,11.618285980628052,False,False,source_map,GT-0004,False,False
measurement,348.27,HEDEF_3,RADAR_B,RADAR_B-T7008,GT-0031,2.0085943872510907,16.014326314940615,0.984341815432105,11.618285980628052,False,False,source_map,GT-0031,False,False
measurement,348.79,HEDEF_2,RADAR_A,RADAR_A-T7305,GT-0061,1.3740072337774456,16.014326314940615,1.9146771757609495,11.618285980628052,False,False,source_map,GT-0061,False,False
measurement,348.81,HEDEF_1,RADAR_A,RADAR_A-T7808,GT-0052,1.1008939438327108,16.014326314940615,0.20635686424809352,11.618285980628052,False,False,source_map,GT-0052,False,False
measurement,348.93,HEDEF_3,RADAR_A,RADAR_A-T8025,GT-0031,7.7378912046835495,16.014326314940615,0.10275504417830862,11.618285980628052,False,False,source_map,GT-0031,False,False
measurement,348.93,HEDEF_5,RADAR_A,RADAR_A-T4302,GT-0004,0.665724407577708,16.014326314940615,0.109668933510393,11.618285980628052,False,False,source_map,GT-0004,False,False
measurement,349.1,HEDEF_1,RADAR_B,RADAR_B-T5732,GT-0052,4.322379543323216,16.014326314940615,0.8585565569227585,11.618285980628052,False,False,source_map,GT-0052,False,False
measurement,349.64,HEDEF_2,RADAR_B,RADAR_B-T9217,GT-0061,3.544877656520727,16.014326314940615,1.1729101547677807,11.618285980628052,False,False,source_map,GT-0061,False,False
measurement,349.87,HEDEF_4,RADAR_B,RADAR_B-T3810,GT-0017,3.159216780808095,16.014326314940615,0.879716729106854,11.618285980628052,False,False,source_map,GT-0017,False,False
measurement,349.87,HEDEF_5,RADAR_B,RADAR_B-T7049,GT-0004,1.3148921333977723,16.014326314940615,0.11522243618169029,11.618285980628052,False,False,source_map,GT-0004,False,False
measurement,351.25,HEDEF_1,RADAR_A,RADAR_A-T7808,GT-0052,0.6996432979688088,16.014326314940615,0.9775976984555927,11.618285980628052,False,False,source_map,GT-0052,False,False
measurement,351.38,HEDEF_3,RADAR_A,RADAR_A-T8025,GT-0031,4.598539729699498,16.014326314940615,0.5037299885476283,11.618285980628052,False,False,source_map,GT-0031,False,False
measurement,351.53,HEDEF_2,RADAR_A,RADAR_A-T7305,GT-0061,4.445061800946235,16.014326314940615,0.1323696421766934,11.618285980628052,False,False,source_map,GT-0061,False,False
track_deleted,353.24,HEDEF_5,,,,,,,,,,,GT-0080,,
measurement,353.24,HEDEF_4,RADAR_A,RADAR_A-T5353,,,,,,False,False,hungarian,GT-0017,False,False
measurement,353.24,HEDEF_5,RADAR_A,RADAR_A-T4302,GT-0004,1.8043442024725382,16.014326314940615,3.321268280424224,11.618285980628052,False,False,source_map,GT-0004,False,False
measurement,353.53,HEDEF_1,RADAR_A,RADAR_A-T7808,GT-0052,0.35726736228207406,16.014326314940615,0.37023423734412564,11.618285980628052,False,False,source_map,GT-0052,False,False
measurement,353.76,HEDEF_3,RADAR_A,RADAR_A-T8025,GT-0031,2.493975497410979,22.42005684091686,0.25988086572338864,16.265600372879273,False,False,source_map,GT-0031,False,False
measurement,353.76,HEDEF_4,RADAR_C,RADAR_C-T7910,GT-0017,7.317604070200827,16.014326314940615,0.39627897503003207,11.618285980628052,False,False,source_map,GT-0017,False,False
measurement,353.89,HEDEF_1,RADAR_B,RADAR_B-T5732,GT-0052,39.05887320218357,16.014326314940615,2.5664845587243748,11.618285980628052,True,False,create,GT-0082,True,False
measurement,353.92,HEDEF_2,RADAR_A,RADAR_A-T7305,GT-0061,1.7203368835086255,22.42005684091686,0.10875810315809657,16.265600372879273,False,False,source_map,GT-0061,False,False
measurement,354.21,HEDEF_1,RADAR_C,RADAR_C-T9194,GT-0052,3.9019245226343613,16.014326314940615,1.589797419072557,11.618285980628052,False,False,source_map,GT-0052,False,False
measurement,354.21,HEDEF_5,RADAR_C,RADAR_C-T7087,,,,,,False,False,hungarian,GT-0004,False,False
measurement,354.53,HEDEF_4,RADAR_B,RADAR_B-T3810,GT-0017,22.23187974774524,16.014326314940615,0.1076763179325296,11.618285980628052,True,False,create,GT-0083,True,False
measurement,355.21,HEDEF_2,RADAR_B,RADAR_B-T9217,GT-0061,1.6585730060934467,16.014326314940615,0.03771028873070145,11.618285980628052,False,False,source_map,GT-0061,False,False
measurement,355.55,HEDEF_3,RADAR_C,RADAR_C-T7719,GT-0031,11.340946116408734,16.014326314940615,2.7571945999254135,11.618285980628052,False,False,source_map,GT-0031,False,False
measurement,355.55,HEDEF_4,RADAR_A,RADAR_A-T5353,GT-0017,1.3012645244907453,16.014326314940615,1.1686538677665412,11.618285980628052,False,False,source_map,GT-0017,False,False
measurement,355.55,HEDEF_5,RADAR_A,RADAR_A-T4302,GT-0004,8.507234367038993,22.42005684091686,1.1786341616930989,16.265600372879273,False,False,source_map,GT-0004,False,False
measurement,355.55,HEDEF_5,RADAR_C,RADAR_C-T7087,,,,,,False,False,create,GT-0084,True,False
measurement,355.98,HEDEF_1,RADAR_A,RADAR_A-T7808,GT-0052,5.273466142059578,16.014326314940615,0.016195990160014027,11.618285980628052,False,False,source_map,GT-0052,False,False
measurement,356.41,HEDEF_2,RADAR_A,RADAR_A-T7305,GT-0061,0.29383217064109296,16.014326314940615,0.047662411028678776,11.618285980628052,False,False,source_map,GT-0061,False,False
measurement,357.26,HEDEF_4,RADAR_B,RADAR_B-T3810,GT-0017,4.381669014071598,16.014326314940615,0.022646041671695122,11.618285980628052,False,False,source_map,GT-0017,False,False
measurement,357.26,HEDEF_5,RADAR_B,RADAR_B-T7049,GT-0004,3.7988601518909766,22.42005684091686,0.6992160841592222,16.265600372879273,False,False,source_map,GT-0004,False,False
measurement,358.53,HEDEF_1,RADAR_A,RADAR_A-T7808,GT-0052,1.1077284370503064,22.42005684091686,0.1732608441098913,16.265600372879273,False,False,source_map,GT-0052,False,False
measurement,358.53,HEDEF_5,RADAR_A,RADAR_A-T4302,GT-0004,7.668868710334996,16.014326314940615,0.20307055107141697,11.618285980628052,False,False,source_map,GT-0004,False,False
measurement,358.59,HEDEF_2,RADAR_A,RADAR_A-T7305,GT-0061,0.3927642197877137,16.014326314940615,2.710507776959716,11.618285980628052,False,False,source_map,GT-0061,False,False
measurement,358.73,HEDEF_4,RADAR_A,RADAR_A-T5353,GT-0017,1.5739268830414284,16.014326314940615,0.33518839745578743,11.618285980628052,False,False,source_map,GT-0017,False,False
measurement,358.74,HEDEF_3,RADAR_A,RADAR_A-T3318,,,,,,False,False,hungarian,GT-0031,False,False
measurement,359.44,HEDEF_3,RADAR_B,RADAR_B-T6086,,,,,,False,False,hungarian,GT-0031,False,False
measurement,360.43,HEDEF_1,RADAR_B,RADAR_B-T5732,GT-0052,1.0195055810268103,16.014326314940615,0.8149626506571815,11.618285980628052,False,False,source_map,GT-0052,False,False
measurement,360.8,HEDEF_4,RADAR_A,RADAR_A-T5353,GT-0017,2.8104444880903214,16.014326314940615,0.34903851106813094,11.618285980628052,False,False,source_map,GT-0017,False,False
measurement,360.8,HEDEF_5,RADAR_A,RADAR_A-T4302,GT-0004,0.23852537945121843,22.42005684091686,1.0356617247107387,16.265600372879273,False,False,source_map,GT-0004,False,False
measurement,360.88,HEDEF_1,RADAR_A,RADAR_A-T7808,GT-0052,1.7887682363893447,16.014326314940615,2.0555139367285067,11.618285980628052,False,False,source_map,GT-0052,False,False
measurement,360.9,HEDEF_2,RADAR_B,RADAR_B-T9217,GT-0061,1.572954566208979,16.014326314940615,0.05402279341841879,11.618285980628052,False,False,source_map,GT-0061,False,False
measurement,360.9,HEDEF_5,RADAR_B,RADAR_B-T7049,GT-0004,41.107598357256926,22.42005684091686,8.859673692770698,16.265600372879273,True,False,hungarian,GT-0084,False,False
measurement,361.59,HEDEF_2,RADAR_A,RADAR_A-T7305,GT-0061,3.1725228345803957,16.014326314940615,0.09138950514311633,11.618285980628052,False,False,source_map,GT-0061,False,False
measurement,362.92,HEDEF_1,RADAR_B,RADAR_B-T5732,GT-0052,8.528002826343062,16.014326314940615,1.2429390036536105,11.618285980628052,False,False,source_map,GT-0052,False,False
measurement,363.71,HEDEF_4,RADAR_A,RADAR_A-T5353,GT-0017,1.3129171909536412,16.014326314940615,0.8762863106457919,11.618285980628052,False,False,source_map,GT-0017,False,False
measurement,363.71,HEDEF_5,RADAR_A,RADAR_A-T4302,GT-0004,5.52247212396877,16.014326314940615,1.011964527651402,11.618285980628052,False,False,source_map,GT-0004,False,False
measurement,364.27,HEDEF_1,RADAR_A,RADAR_A-T7808,GT-0052,2.8219551634100055,22.42005684091686,2.936741954087591,16.265600372879273,False,False,source_map,GT-0052,False,False
measurement,364.33,HEDEF_4,RADAR_B,RADAR_B-T3810,GT-0017,12.623743812162498,16.014326314940615,2.302702496711559,11.618285980628052,False,False,source_map,GT-0017,False,False
measurement,366.14,HEDEF_2,RADAR_B,RADAR_B-T9217,GT-0061,0.356759989586144,16.014326314940615,0.0012780600968031665,11.618285980628052,False,False,source_map,GT-0061,False,False
measurement,366.14,HEDEF_5,RADAR_B,RADAR_B-T7049,GT-0004,3.513895388486918,22.42005684091686,0.026992665351323667,16.265600372879273,False,False,source_map,GT-0004,False,False
measurement,366.91,HEDEF_1,RADAR_A,RADAR_A-T7808,GT-0052,0.447315286710816,16.014326314940615,0.029408761676041707,11.618285980628052,False,False,source_map,GT-0052,False,False
measurement,366.91,HEDEF_5,RADAR_A,RADAR_A-T4302,GT-0004,2.241309759233756,16.014326314940615,0.9117701445263735,11.618285980628052,False,False,source_map,GT-0004,False,False
measurement,367.11,HEDEF_4,RADAR_A,RADAR_A-T5353,GT-0017,4.369139259393352,16.014326314940615,2.4826475700955455,11.618285980628052,False,False,source_map,GT-0017,False,False
measurement,367.24,HEDEF_3,RADAR_A,RADAR_A-T4108,,,,,,False,False,hungarian,GT-0031,False,False
measurement,369.04,HEDEF_1,RADAR_B,RADAR_B-T5732,GT-0052,5.150708692853671,16.014326314940615,0.9175307873867985,11.618285980628052,False,False,source_map,GT-0052,False,False
measurement,369.55,HEDEF_4,RADAR_A,RADAR_A-T5353,GT-0017,2.3095070769385733,16.014326314940615,0.16306767140670692,11.618285980628052,False,False,source_map,GT-0017,False,False
measurement,369.55,HEDEF_5,RADAR_A,RADAR_A-T4302,GT-0004,1.907039541941298,16.014326314940615,0.4361234445268555,11.618285980628052,False,False,source_map,GT-0004,False,False
measurement,369.82,HEDEF_4,RADAR_B,RADAR_B-T3810,GT-0017,2.3007417862605024,22.42005684091686,0.0780579529020072,16.265600372879273,False,False,source_map,GT-0017,False,False
measurement,369.91,HEDEF_1,RADAR_A,RADAR_A-T7808,GT-0052,5.546825233886711,22.42005684091686,0.8399345425957705,16.265600372879273,False,False,source_map,GT-0052,False,False
measurement,369.91,HEDEF_5,RADAR_A,RADAR_A-T4302,GT-0004,32.515189527570804,22.42005684091686,0.12154499530950498,16.265600372879273,True,False,create,GT-0085,True,False
measurement,370.03,HEDEF_2,RADAR_B,RADAR_B-T9217,GT-0061,0.478240782950122,16.014326314940615,0.5152070434166897,11.618285980628052,False,False,source_map,GT-0061,False,False
measurement,370.03,HEDEF_5,RADAR_B,RADAR_B-T7049,GT-0004,22.133066852957995,22.42005684091686,0.29094477748489334,16.265600372879273,False,False,source_map,GT-0004,False,False
measurement,372.75,HEDEF_1,RADAR_A,RADAR_A-T7808,GT-0052,3.249907709868077,16.014326314940615,1.6649497808279845,11.618285980628052,False,False,source_map,GT-0052,False,False
measurement,373.2,HEDEF_1,RADAR_B,RADAR_B-T5732,GT-0052,5.00632109899529,22.42005684091686,3.209178142335404,16.265600372879273,False,False,source_map,GT-0052,False,False
measurement,373.23,HEDEF_2,RADAR_A,RADAR_A-T9490,,,,,,False,False,hungarian,GT-0061,False,False
measurement,373.85,HEDEF_3,RADAR_A,RADAR_A-T3058,,,,,,False,False,hungarian,GT-0031,False,False
measurement,373.85,HEDEF_5,RADAR_A,RADAR_A-T4302,GT-0004,0.8780215904450959,22.42005684091686,0.07954377198943284,16.265600372879273,False,False,source_map,GT-0004,False,False
measurement,374.1,HEDEF_4,RADAR_A,RADAR_A-T1184,,,,,,False,False,hungarian,GT-0017,False,False
measurement,374.48,HEDEF_1,RADAR_A,RADAR_A-T7808,GT-0052,1.9206528260157492,16.014326314940615,0.29355990728395315,11.618285980628052,False,False,source_map,GT-0052,False,False
measurement,375.74,HEDEF_2,RADAR_A,RADAR_A-T9490,GT-0061,1.5352463452723932,16.014326314940615,1.6411720777911536,11.618285980628052,False,False,source_map,GT-0061,False,False
measurement,375.74,HEDEF_5,RADAR_A,RADAR_A-T4302,GT-0004,1.0247854542001467,16.014326314940615,0.06518058707356023,11.618285980628052,False,False,source_map,GT-0004,False,False
measurement,376.43,HEDEF_1,RADAR_C,RADAR_C-T8705,,,,,,False,False,hungarian,GT-0052,False,False
measurement,376.43,HEDEF_5,RADAR_C,RADAR_C-T5289,,,,,,False,False,hungarian,GT-0004,False,False
measurement,376.76,HEDEF_3,RADAR_B,RADAR_B-T3787,,,,,,False,False,hungarian,GT-0031,False,False
measurement,376.76,HEDEF_5,RADAR_B,RADAR_B-T7049,GT-0004,2.893758777398623,22.42005684091686,0.4699190615207137,16.265600372879273,False,False,source_map,GT-0004,False,False
measurement,376.94,HEDEF_1,RADAR_A,RADAR_A-T7808,GT-0052,4.345545875981082,22.42005684091686,0.5088776737113457,16.265600372879273,False,False,source_map,GT-0052,False,False
measurement,376.99,HEDEF_3,RADAR_A,RADAR_A-T3058,GT-0031,13.046913686087196,16.014326314940615,1.5181436213855053,11.618285980628052,False,False,source_map,GT-0031,False,False
measurement,377.51,HEDEF_1,RADAR_B,RADAR_B-T5732,GT-0052,5.473756763203772,16.014326314940615,0.7224385470885475,11.618285980628052,False,False,source_map,GT-0052,False,False
measurement,378.25,HEDEF_4,RADAR_A,RADAR_A-T1712,,,,,,False,False,hungarian,GT-0017,False,False
measurement,378.29,HEDEF_2,RADAR_A,RADAR_A-T9490,GT-0061,0.34601646312022144,16.014326314940615,0.046797575069874024,11.618285980628052,False,False,source_map,GT-0061,False,False
